d (overnight): queued 12 trade idea(s) for next-morning verification -- nothing submitted yet.
  -> queued SOLV buy (conf 89, stop 87.0, tp 94.0)
  -> queued COHR buy (conf 85, stop 105.5, tp 128.0)
  -> queued BSX buy (conf None, stop 49.01, tp 52.92)
  -> queued INTU buy (conf 82, stop 352.0, tp 390.0)
  -> queued T buy (conf 81, stop 24.8, tp 26.800000000000004)
  -> queued TSLA buy (conf 80, stop 323.73, tp 366.5)
  -> queued SLB buy (conf 80, stop 52.2, tp 57.0)
  -> queued CPRT buy (conf 82, stop 32.5, tp 36.5)
  -> queued DRI buy (conf 88, stop 213.0, tp 229.46)
  -> queued DE buy (conf 85, stop 579.5, tp 673.87)
  -> queued CVX buy (conf 88, stop 189.13, tp 215.0)
  -> queued DASH buy (conf 88, stop 206.73, tp 245.00000000000003)
Dashboard watchlist synced (7 symbols) for news/headlines.
Ending portfolio value: $99,039.83
Trade journal: all: 19 trades, 21% win rate, avg -2.19% | breakout: 1 trades, 0% win rate, avg -8.61% | other: 13 trades, 23% win rate, avg -1.93% | technical: 5 trades, 20% win rate, avg -1.58%
Self-learning: breakout: 1 trades, 0% win rate, avg -8.61% (LOSING) | other: 13 trades, 23% win rate, avg -1.93% (LOSING) | technical: 5 trades, 20% win rate, avg -1.58% (LOSING)
Performance: Total return +0.17% | Max drawdown 0.94% | Daily Sharpe 2.02 | 19 closed trades | Win rate 21% | Avg winner +1.83% | Avg loser -3.26% | Open positions: 4 | Equity $99,039.83
Engine P&L: legacy/unknown: realized $-1,705.68 (19 closed, 21% wins), unrealized $-64.86 (4 open) | Books: legacy: realized $-1,705.68, unrealized $-64.86
Reports: daily realized $+0.00; worst symbols none | weekly realized $-1,705.68; worst symbols HPE:-1286.89; COHR:-471.20; SNDK:-159.07; ANET:-45.31; NOW:-30.35
Shadow report: 2116 shadow candidate(s), 95 rejection group(s)
Timings: account: 0.0s | risk: 1.6s | decide: 11.5s | watchlist: 0.2s | perf: 0.2s

=== Run at 2026-08-22T11:48:23.727597 ===
Build fingerprint: 4f68550affe5
Current time: 2026-08-22 07:48 AM EDT | Market open (per Alpaca): False | Session: CLOSED
Account value: $99,039.83
Cash: $79,250.80 | Holdings (4): {'ERIE': '0.7641 sh (+2.23%)', 'GEHC': '0.6136 sh (+1.25%)', 'MS': '43.8344 sh (-3.06%)', 'MSI': '21.1281 sh (+2.28%)'}
Sector exposure (cached): Technology 10.2%, Financials 9.7%, Health Care 0.0%
Fill reconciliation: {'filled': 0, 'partial': 0, 'rejected': 1}
Open orders (1): MS sell 43.8344
Risk state: peak $99,703.60 | drawdown 0.67% | today -0.00% | halted: False
Market regime: NEUTRAL (position-size multiplier: 100% incl. circuit breaker 100%)
News: fetched 157, 0 new after dedup, 0 ticker(s) matched.
Quant pre-screen: 43/66 candidates passed.
Gemini proposed 2 trade(s) meeting the conviction bar.
Gemini calls used today (all models combined): 133
Market closed (overnight): queued 12 trade idea(s) for next-morning verification -- nothing submitted yet.
  -> queued SOLV buy (conf 89, stop 87.0, tp 94.0)
  -> queued COHR buy (conf 85, stop 105.5, tp 128.0)
  -> queued BSX buy (conf None, stop 49.01, tp 52.92)
  -> queued INTU buy (conf 82, stop 352.0, tp 390.0)
  -> queued T buy (conf 81, stop 24.8, tp 26.800000000000004)
  -> queued TSLA buy (conf 80, stop 323.73, tp 366.5)
  -> queued SLB buy (conf 80, stop 52.2, tp 57.0)
  -> queued CPRT buy (conf 82, stop 32.5, tp 36.5)
  -> queued DRI buy (conf 88, stop 213.0, tp 229.46)
  -> queued DE buy (conf 85, stop 579.5, tp 673.87)
  -> queued CVX buy (conf 88, stop 189.13, tp 215.0)
  -> queued DASH buy (conf 88, stop 206.73, tp 245.00000000000003)
Dashboard watchlist synced (6 symbols) for news/headlines.
Ending portfolio value: $99,039.83
Trade journal: all: 19 trades, 21% win rate, avg -2.19% | breakout: 1 trades, 0% win rate, avg -8.61% | other: 13 trades, 23% win rate, avg -1.93% | technical: 5 trades, 20% win rate, avg -1.58%
Self-learning: breakout: 1 trades, 0% win rate, avg -8.61% (LOSING) | other: 13 trades, 23% win rate, avg -1.93% (LOSING) | technical: 5 trades, 20% win rate, avg -1.58% (LOSING)
Performance: Total return +0.17% | Max drawdown 0.94% | Daily Sharpe 2.02 | 19 closed trades | Win rate 21% | Avg winner +1.83% | Avg loser -3.26% | Open positions: 4 | Equity $99,039.83
Engine P&L: legacy/unknown: realized $-1,705.68 (19 closed, 21% wins), unrealized $-64.86 (4 open) | Books: legacy: realized $-1,705.68, unrealized $-64.86
Reports: daily realized $+0.00; worst symbols none | weekly realized $-1,705.68; worst symbols HPE:-1286.89; COHR:-471.20; SNDK:-159.07; ANET:-45.31; NOW:-30.35
Shadow report: 2116 shadow candidate(s), 95 rejection group(s)
Timings: account: 0.0s | risk: 0.2s | decide: 2.5s | watchlist: 0.0s | perf: 0.0s

=== Run at 2026-08-22T11:50:30.654368 ===
Build fingerprint: 4f68550affe5
Current time: 2026-08-22 07:50 AM EDT | Market open (per Alpaca): False | Session: CLOSED
Account value: $99,039.83
Cash: $79,250.80 | Holdings (4): {'ERIE': '0.7641 sh (+2.23%)', 'GEHC': '0.6136 sh (+1.25%)', 'MS': '43.8344 sh (-3.06%)', 'MSI': '21.1281 sh (+2.28%)'}
Sector exposure (cached): Technology 10.2%, Financials 9.7%, Health Care 0.0%
Fill reconciliation: {'filled': 0, 'partial': 0, 'rejected': 1}
Open orders (1): MS sell 43.8344
Risk state: peak $99,703.60 | drawdown 0.67% | today -0.00% | halted: False
Market regime: NEUTRAL (position-size multiplier: 100% incl. circuit breaker 100%)
News: fetched 157, 0 new after dedup, 0 ticker(s) matched.
Quant pre-screen: 43/66 candidates passed.
Gemini proposed 2 trade(s) meeting the conviction bar.
Gemini calls used today (all models combined): 134
Market closed (overnight): queued 12 trade idea(s) for next-morning verification -- nothing submitted yet.
  -> queued SOLV buy (conf 89, stop 87.0, tp 94.0)
  -> queued COHR buy (conf 85, stop 105.5, tp 128.0)
  -> queued BSX buy (conf None, stop 49.01, tp 52.92)
  -> queued INTU buy (conf 82, stop 352.0, tp 390.0)
  -> queued T buy (conf 81, stop 24.8, tp 26.800000000000004)
  -> queued TSLA buy (conf 80, stop 323.73, tp 366.5)
  -> queued SLB buy (conf 80, stop 52.2, tp 57.0)
  -> queued CPRT buy (conf 82, stop 32.5, tp 36.5)
  -> queued DRI buy (conf 85, stop 213.0, tp 229.46)
  -> queued DE buy (conf 84, stop 625.0, tp 673.87)
  -> queued CVX buy (conf 88, stop 189.13, tp 215.0)
  -> queued DASH buy (conf 88, stop 206.73, tp 245.00000000000003)
Dashboard watchlist synced (6 symbols) for news/headlines.
Ending portfolio value: $99,039.83
Trade journal: all: 19 trades, 21% win rate, avg -2.19% | breakout: 1 trades, 0% win rate, avg -8.61% | other: 13 trades, 23% win rate, avg -1.93% | technical: 5 trades, 20% win rate, avg -1.58%
Self-learning: breakout: 1 trades, 0% win rate, avg -8.61% (LOSING) | other: 13 trades, 23% win rate, avg -1.93% (LOSING) | technical: 5 trades, 20% win rate, avg -1.58% (LOSING)
Performance: Total return +0.17% | Max drawdown 0.94% | Daily Sharpe 2.02 | 19 closed trades | Win rate 21% | Avg winner +1.83% | Avg loser -3.26% | Open positions: 4 | Equity $99,039.83
Engine P&L: legacy/unknown: realized $-1,705.68 (19 closed, 21% wins), unrealized $-64.86 (4 open) | Books: legacy: realized $-1,705.68, unrealized $-64.86
Reports: daily realized $+0.00; worst symbols none | weekly realized $-1,705.68; worst symbols HPE:-1286.89; COHR:-471.20; SNDK:-159.07; ANET:-45.31; NOW:-30.35
Shadow report: 2116 shadow candidate(s), 95 rejection group(s)
Timings: account: 0.0s | risk: 0.3s | decide: 3.2s | watchlist: 0.0s | perf: 0.0s

=== Run at 2026-08-22T11:52:22.851312 ===
Build fingerprint: 4f68550affe5
Current time: 2026-08-22 07:52 AM EDT | Market open (per Alpaca): False | Session: CLOSED
FATAL: could not fetch account snapshot, aborting run. Error: {"message": "service temporary unavailable."}

=== Run at 2026-08-22T11:54:25.801198 ===
Build fingerprint: 4f68550affe5
Current time: 2026-08-22 07:54 AM EDT | Market open (per Alpaca): False | Session: CLOSED
FATAL: could not fetch account snapshot, aborting run. Error: {"message": "service temporary unavailable."}

=== Run at 2026-08-22T11:56:24.519514 ===
Build fingerprint: 4f68550affe5
Current time: 2026-08-22 07:56 AM EDT | Market open (per Alpaca): False | Session: CLOSED
FATAL: could not fetch account snapshot, aborting run. Error: {"message": "service temporary unavailable."}

=== Run at 2026-08-22T11:58:27.470207 ===
Build fingerprint: 4f68550affe5
Current time: 2026-08-22 07:58 AM EDT | Market open (per Alpaca): False | Session: CLOSED
FATAL: could not fetch account snapshot, aborting run. Error: {"message": "service temporary unavailable."}

=== Run at 2026-08-22T12:00:34.019651 ===
Build fingerprint: 4f68550affe5
Current time: 2026-08-22 08:00 AM EDT | Market open (per Alpaca): False | Session: CLOSED
FATAL: could not fetch account snapshot, aborting run. Error: {"message": "service temporary unavailable."}

=== Run at 2026-08-22T12:02:23.031403 ===
Build fingerprint: 4f68550affe5
Current time: 2026-08-22 08:02 AM EDT | Market open (per Alpaca): False | Session: CLOSED
FATAL: could not fetch account snapshot, aborting run. Error: {"message": "service temporary unavailable."}

=== Run at 2026-08-22T12:04:28.162121 ===
Build fingerprint: 4f68550affe5
Current time: 2026-08-22 08:04 AM EDT | Market open (per Alpaca): False | Session: CLOSED
FATAL: could not fetch account snapshot, aborting run. Error: {"message": "service temporary unavailable."}

=== Run at 2026-08-22T12:06:29.784541 ===
Build fingerprint: 4f68550affe5
Current time: 2026-08-22 08:06 AM EDT | Market open (per Alpaca): False | Session: CLOSED
FATAL: could not fetch account snapshot, aborting run. Error: {"message": "service temporary unavailable."}

=== Run at 2026-08-22T12:08:23.763829 ===
Build fingerprint: 4f68550affe5
Current time: 2026-08-22 08:08 AM EDT | Market open (per Alpaca): False | Session: CLOSED
FATAL: could not fetch account snapshot, aborting run. Error: {"message": "service temporary unavailable."}

=== Run at 2026-08-22T12:10:27.357751 ===
Build fingerprint: 4f68550affe5
Current time: 2026-08-22 08:10 AM EDT | Market open (per Alpaca): False | Session: CLOSED
FATAL: could not fetch account snapshot, aborting run. Error: {"message": "service temporary unavailable."}

=== Run at 2026-08-22T12:12:30.061005 ===
Build fingerprint: 4f68550affe5
Current time: 2026-08-22 08:12 AM EDT | Market open (per Alpaca): False | Session: CLOSED
FATAL: could not fetch account snapshot, aborting run. Error: {"message": "service temporary unavailable."}

=== Run at 2026-08-22T12:14:28.246954 ===
Build fingerprint: 4f68550affe5
Current time: 2026-08-22 08:14 AM EDT | Market open (per Alpaca): False | Session: CLOSED
FATAL: could not fetch account snapshot, aborting run. Error: {"message": "service temporary unavailable."}

=== Run at 2026-08-22T12:16:27.258282 ===
Build fingerprint: 4f68550affe5
Current time: 2026-08-22 08:16 AM EDT | Market open (per Alpaca): False | Session: CLOSED
Account value: $99,039.83
Cash: $79,250.80 | Holdings (4): {'ERIE': '0.7641 sh (+2.23%)', 'GEHC': '0.6136 sh (+1.25%)', 'MS': '43.8344 sh (-3.06%)', 'MSI': '21.1281 sh (+2.28%)'}
Sector exposure (cached): Technology 10.2%, Financials 9.7%, Health Care 0.0%
Fill reconciliation: {'filled': 0, 'partial': 0, 'rejected': 1}
Open orders (1): MS sell 43.8344
Risk state: peak $99,703.60 | drawdown 0.67% | today -0.00% | halted: False
Market regime: NEUTRAL (position-size multiplier: 100% incl. circuit breaker 100%)
News: fetched 156, 9 new after dedup, 4 ticker(s) matched.
Quant pre-screen: 15/22 candidates passed.
Gemini proposed 2 trade(s) meeting the conviction bar.
Gemini calls used today (all models combined): 135
Market closed (overnight): queued 12 trade idea(s) for next-morning verification -- nothing submitted yet.
  -> queued SOLV buy (conf 89, stop 87.0, tp 94.0)
  -> queued COHR buy (conf 85, stop 105.5, tp 128.0)
  -> queued BSX buy (conf None, stop 49.01, tp 52.92)
  -> queued INTU buy (conf 82, stop 352.0, tp 390.0)
  -> queued T buy (conf 81, stop 24.8, tp 26.800000000000004)
  -> queued TSLA buy (conf 80, stop 323.73, tp 366.5)
  -> queued SLB buy (conf 80, stop 52.2, tp 57.0)
  -> queued CPRT buy (conf 82, stop 32.5, tp 36.5)
  -> queued DRI buy (conf 85, stop 213.0, tp 229.46)
  -> queued DE buy (conf 80, stop 579.5, tp 654.13)
  -> queued CVX buy (conf 88, stop 189.13, tp 215.0)
  -> queued DASH buy (conf 88, stop 206.73, tp 245.00000000000003)
Dashboard watchlist synced (10 symbols) for news/headlines.
Ending portfolio value: $99,039.83
Trade journal: all: 19 trades, 21% win rate, avg -2.19% | breakout: 1 trades, 0% win rate, avg -8.61% | other: 13 trades, 23% win rate, avg -1.93% | technical: 5 trades, 20% win rate, avg -1.58%
Self-learning: breakout: 1 trades, 0% win rate, avg -8.61% (LOSING) | other: 13 trades, 23% win rate, avg -1.93% (LOSING) | technical: 5 trades, 20% win rate, avg -1.58% (LOSING)
Performance: Total return +0.17% | Max drawdown 0.94% | Daily Sharpe 2.02 | 19 closed trades | Win rate 21% | Avg winner +1.83% | Avg loser -3.26% | Open positions: 4 | Equity $99,039.83
Engine P&L: legacy/unknown: realized $-1,705.68 (19 closed, 21% wins), unrealized $-64.86 (4 open) | Books: legacy: realized $-1,705.68, unrealized $-64.86
Reports: daily realized $+0.00; worst symbols none | weekly realized $-1,705.68; worst symbols HPE:-1286.89; COHR:-471.20; SNDK:-159.07; ANET:-45.31; NOW:-30.35
Shadow report: 2116 shadow candidate(s), 95 rejection group(s)
Timings: account: 0.0s | risk: 1.6s | decide: 15.1s | watchlist: 0.1s | perf: 0.2s

=== Run at 2026-08-22T12:18:27.514212 ===
Build fingerprint: 4f68550affe5
Current time: 2026-08-22 08:18 AM EDT | Market open (per Alpaca): False | Session: CLOSED
Account value: $99,039.83
Cash: $79,250.80 | Holdings (4): {'ERIE': '0.7641 sh (+2.23%)', 'GEHC': '0.6136 sh (+1.25%)', 'MS': '43.8344 sh (-3.06%)', 'MSI': '21.1281 sh (+2.28%)'}
Sector exposure (cached): Technology 10.2%, Financials 9.7%, Health Care 0.0%
Fill reconciliation: {'filled': 0, 'partial': 0, 'rejected': 1}
Open orders (1): MS sell 43.8344
Risk state: peak $99,703.60 | drawdown 0.67% | today -0.00% | halted: False
Market regime: NEUTRAL (position-size multiplier: 100% incl. circuit breaker 100%)
News: fetched 156, 1 new after dedup, 0 ticker(s) matched.
Quant pre-screen: 15/23 candidates passed.
Gemini proposed 2 trade(s) meeting the conviction bar.
Gemini calls used today (all models combined): 136
Market closed (overnight): queued 12 trade idea(s) for next-morning verification -- nothing submitted yet.
  -> queued SOLV buy (conf 89, stop 87.0, tp 94.0)
  -> queued COHR buy (conf 85, stop 105.5, tp 128.0)
  -> queued BSX buy (conf None, stop 49.01, tp 52.92)
  -> queued INTU buy (conf 82, stop 352.0, tp 390.0)
  -> queued T buy (conf 81, stop 24.8, tp 26.800000000000004)
  -> queued TSLA buy (conf 80, stop 323.73, tp 366.5)
  -> queued SLB buy (conf 80, stop 52.2, tp 57.0)
  -> queued CPRT buy (conf 82, stop 32.5, tp 36.5)
  -> queued DRI buy (conf 85, stop 213.0, tp 235.0)
  -> queued DE buy (conf 88, stop 605.0, tp 690.0)
  -> queued CVX buy (conf 88, stop 189.13, tp 215.0)
  -> queued DASH buy (conf 88, stop 206.73, tp 245.00000000000003)
Dashboard watchlist synced (6 symbols) for news/headlines.
Ending portfolio value: $99,039.83
Trade journal: all: 19 trades, 21% win rate, avg -2.19% | breakout: 1 trades, 0% win rate, avg -8.61% | other: 13 trades, 23% win rate, avg -1.93% | technical: 5 trades, 20% win rate, avg -1.58%
Self-learning: breakout: 1 trades, 0% win rate, avg -8.61% (LOSING) | other: 13 trades, 23% win rate, avg -1.93% (LOSING) | technical: 5 trades, 20% win rate, avg -1.58% (LOSING)
Performance: Total return +0.17% | Max drawdown 0.94% | Daily Sharpe 2.02 | 19 closed trades | Win rate 21% | Avg winner +1.83% | Avg loser -3.26% | Open positions: 4 | Equity $99,039.83
Engine P&L: legacy/unknown: realized $-1,705.68 (19 closed, 21% wins), unrealized $-64.86 (4 open) | Books: legacy: realized $-1,705.68, unrealized $-64.86
Reports: daily realized $+0.00; worst symbols none | weekly realized $-1,705.68; worst symbols HPE:-1286.89; COHR:-471.20; SNDK:-159.07; ANET:-45.31; NOW:-30.35
Shadow report: 2116 shadow candidate(s), 95 rejection group(s)
Timings: account: 0.0s | risk: 0.5s | decide: 4.7s | watchlist: 0.0s | perf: 0.0s

=== Run at 2026-08-22T12:19:42.748944 ===
Build fingerprint: 4f68550affe5
Current time: 2026-08-22 08:19 AM EDT | Market open (per Alpaca): False | Session: CLOSED
Account value: $99,039.83
Cash: $79,250.80 | Holdings (4): {'ERIE': '0.7641 sh (+2.23%)', 'GEHC': '0.6136 sh (+1.25%)', 'MS': '43.8344 sh (-3.06%)', 'MSI': '21.1281 sh (+2.28%)'}
Sector exposure (cached): Technology 10.2%, Financials 9.7%, Health Care 0.0%
Fill reconciliation: {'filled': 0, 'partial': 0, 'rejected': 1}
Open orders (1): MS sell 43.8344
Risk state: peak $99,703.60 | drawdown 0.67% | today -0.00% | halted: False
Market regime: NEUTRAL (position-size multiplier: 100% incl. circuit breaker 100%)
News: fetched 156, 1 new after dedup, 0 ticker(s) matched.
Quant pre-screen: 21/35 candidates passed.
Gemini proposed 2 trade(s) meeting the conviction bar.
Gemini calls used today (all models combined): 137
Market closed (overnight): queued 12 trade idea(s) for next-morning verification -- nothing submitted yet.
  -> queued SOLV buy (conf 89, stop 87.0, tp 94.0)
  -> queued COHR buy (conf 85, stop 105.5, tp 128.0)
  -> queued BSX buy (conf None, stop 49.01, tp 52.92)
  -> queued INTU buy (conf 82, stop 352.0, tp 390.0)
  -> queued T buy (conf 81, stop 24.8, tp 26.800000000000004)
  -> queued TSLA buy (conf 80, stop 323.73, tp 366.5)
  -> queued SLB buy (conf 80, stop 52.2, tp 57.0)
  -> queued CPRT buy (conf 82, stop 32.5, tp 36.5)
  -> queued DRI buy (conf 88, stop 213.0, tp 235.00000000000003)
  -> queued DE buy (conf 85, stop 579.5, tp 686.8149999999999)
  -> queued CVX buy (conf 88, stop 189.13, tp 215.0)
  -> queued DASH buy (conf 88, stop 206.73, tp 245.00000000000003)
Dashboard watchlist synced (6 symbols) for news/headlines.
Ending portfolio value: $99,039.83
Trade journal: all: 19 trades, 21% win rate, avg -2.19% | breakout: 1 trades, 0% win rate, avg -8.61% | other: 13 trades, 23% win rate, avg -1.93% | technical: 5 trades, 20% win rate, avg -1.58%
Self-learning: breakout: 1 trades, 0% win rate, avg -8.61% (LOSING) | other: 13 trades, 23% win rate, avg -1.93% (LOSING) | technical: 5 trades, 20% win rate, avg -1.58% (LOSING)
Performance: Total return +0.17% | Max drawdown 0.94% | Daily Sharpe 2.02 | 19 closed trades | Win rate 21% | Avg winner +1.83% | Avg loser -3.26% | Open positions: 4 | Equity $99,039.83
Engine P&L: legacy/unknown: realized $-1,705.68 (19 closed, 21% wins), unrealized $-64.86 (4 open) | Books: legacy: realized $-1,705.68, unrealized $-64.86
Reports: daily realized $+0.00; worst symbols none | weekly realized $-1,705.68; worst symbols HPE:-1286.89; COHR:-471.20; SNDK:-159.07; ANET:-45.31; NOW:-30.35
Shadow report: 2116 shadow candidate(s), 95 rejection group(s)
Timings: account: 0.0s | risk: 0.6s | decide: 5.6s | watchlist: 0.1s | perf: 0.1s

=== Run at 2026-08-22T12:20:32.680751 ===
Build fingerprint: 4f68550affe5
Current time: 2026-08-22 08:20 AM EDT | Market open (per Alpaca): False | Session: CLOSED
Account value: $99,039.83
Cash: $79,250.80 | Holdings (4): {'ERIE': '0.7641 sh (+2.23%)', 'GEHC': '0.6136 sh (+1.25%)', 'MS': '43.8344 sh (-3.06%)', 'MSI': '21.1281 sh (+2.28%)'}
Sector exposure (cached): Technology 10.2%, Financials 9.7%, Health Care 0.0%
Fill reconciliation: {'filled': 0, 'partial': 0, 'rejected': 1}
Open orders (1): MS sell 43.8344
Risk state: peak $99,703.60 | drawdown 0.67% | today -0.00% | halted: False
Market regime: NEUTRAL (position-size multiplier: 100% incl. circuit breaker 100%)
News: fetched 156, 1 new after dedup, 0 ticker(s) matched.
Quant pre-screen: 30/47 candidates passed.
Gemini proposed 2 trade(s) meeting the conviction bar.
Gemini calls used today (all models combined): 138
Market closed (overnight): queued 12 trade idea(s) for next-morning verification -- nothing submitted yet.
  -> queued SOLV buy (conf 89, stop 87.0, tp 94.0)
  -> queued COHR buy (conf 85, stop 105.5, tp 128.0)
  -> queued BSX buy (conf None, stop 49.01, tp 52.92)
  -> queued INTU buy (conf 82, stop 352.0, tp 390.0)
  -> queued T buy (conf 81, stop 24.8, tp 26.800000000000004)
  -> queued TSLA buy (conf 80, stop 323.73, tp 366.5)
  -> queued SLB buy (conf 80, stop 52.2, tp 57.0)
  -> queued CPRT buy (conf 82, stop 32.5, tp 36.5)
  -> queued DRI buy (conf 80, stop 210.0, tp 238.0)
  -> queued DE buy (conf 85, stop 605.0, tp 690.0)
  -> queued CVX buy (conf 88, stop 189.13, tp 215.0)
  -> queued DASH buy (conf 88, stop 206.73, tp 245.00000000000003)
Dashboard watchlist synced (6 symbols) for news/headlines.
Ending portfolio value: $99,039.83
Trade journal: all: 19 trades, 21% win rate, avg -2.19% | breakout: 1 trades, 0% win rate, avg -8.61% | other: 13 trades, 23% win rate, avg -1.93% | technical: 5 trades, 20% win rate, avg -1.58%
Self-learning: breakout: 1 trades, 0% win rate, avg -8.61% (LOSING) | other: 13 trades, 23% win rate, avg -1.93% (LOSING) | technical: 5 trades, 20% win rate, avg -1.58% (LOSING)
Performance: Total return +0.17% | Max drawdown 0.94% | Daily Sharpe 2.02 | 19 closed trades | Win rate 21% | Avg winner +1.83% | Avg loser -3.26% | Open positions: 4 | Equity $99,039.83
Engine P&L: legacy/unknown: realized $-1,705.68 (19 closed, 21% wins), unrealized $-64.86 (4 open) | Books: legacy: realized $-1,705.68, unrealized $-64.86
Reports: daily realized $+0.00; worst symbols none | weekly realized $-1,705.68; worst symbols HPE:-1286.89; COHR:-471.20; SNDK:-159.07; ANET:-45.31; NOW:-30.35
Shadow report: 2116 shadow candidate(s), 95 rejection group(s)
Timings: account: 0.0s | risk: 1.4s | decide: 10.2s | watchlist: 0.1s | perf: 0.1s

=== Run at 2026-08-22T12:22:24.655260 ===
Build fingerprint: 4f68550affe5
Current time: 2026-08-22 08:22 AM EDT | Market open (per Alpaca): False | Session: CLOSED
Account value: $99,039.83
Cash: $79,250.80 | Holdings (4): {'ERIE': '0.7641 sh (+2.23%)', 'GEHC': '0.6136 sh (+1.25%)', 'MS': '43.8344 sh (-3.06%)', 'MSI': '21.1281 sh (+2.28%)'}
Sector exposure (cached): Technology 10.2%, Financials 9.7%, Health Care 0.0%
Fill reconciliation: {'filled': 0, 'partial': 0, 'rejected': 1}
Open orders (1): MS sell 43.8344
Risk state: peak $99,703.60 | drawdown 0.67% | today -0.00% | halted: False
Market regime: NEUTRAL (position-size multiplier: 100% incl. circuit breaker 100%)
News: fetched 156, 0 new after dedup, 0 ticker(s) matched.
Quant pre-screen: 37/59 candidates passed.
Gemini proposed 3 trade(s) meeting the conviction bar.
Gemini calls used today (all models combined): 139
Market closed (overnight): queued 12 trade idea(s) for next-morning verification -- nothing submitted yet.
  -> queued SOLV buy (conf 89, stop 87.0, tp 94.0)
  -> queued COHR buy (conf 85, stop 105.5, tp 128.0)
  -> queued BSX buy (conf None, stop 49.01, tp 52.92)
  -> queued INTU buy (conf 82, stop 352.0, tp 390.0)
  -> queued T buy (conf 81, stop 24.8, tp 26.800000000000004)
  -> queued TSLA buy (conf 80, stop 323.73, tp 366.5)
  -> queued SLB buy (conf 80, stop 52.2, tp 57.0)
  -> queued CPRT buy (conf 82, stop 32.5, tp 36.5)
  -> queued DRI buy (conf 92, stop 213.0, tp 235.0)
  -> queued DE buy (conf 88, stop 579.5, tp 673.87)
  -> queued CVX buy (conf 85, stop 189.13, tp 214.65)
  -> queued DASH buy (conf 88, stop 206.73, tp 245.00000000000003)
Dashboard watchlist synced (7 symbols) for news/headlines.
Ending portfolio value: $99,039.83
Trade journal: all: 19 trades, 21% win rate, avg -2.19% | breakout: 1 trades, 0% win rate, avg -8.61% | other: 13 trades, 23% win rate, avg -1.93% | technical: 5 trades, 20% win rate, avg -1.58%
Self-learning: breakout: 1 trades, 0% win rate, avg -8.61% (LOSING) | other: 13 trades, 23% win rate, avg -1.93% (LOSING) | technical: 5 trades, 20% win rate, avg -1.58% (LOSING)
Performance: Total return +0.17% | Max drawdown 0.94% | Daily Sharpe 2.02 | 19 closed trades | Win rate 21% | Avg winner +1.83% | Avg loser -3.26% | Open positions: 4 | Equity $99,039.83
Engine P&L: legacy/unknown: realized $-1,705.68 (19 closed, 21% wins), unrealized $-64.86 (4 open) | Books: legacy: realized $-1,705.68, unrealized $-64.86
Reports: daily realized $+0.00; worst symbols none | weekly realized $-1,705.68; worst symbols HPE:-1286.89; COHR:-471.20; SNDK:-159.07; ANET:-45.31; NOW:-30.35
Shadow report: 2116 shadow candidate(s), 95 rejection group(s)
Timings: account: 0.0s | risk: 0.8s | decide: 6.3s | watchlist: 0.1s | perf: 0.1s

=== Run at 2026-08-22T12:24:26.164044 ===
Build fingerprint: 4f68550affe5
Current time: 2026-08-22 08:24 AM EDT | Market open (per Alpaca): False | Session: CLOSED
Account value: $99,039.83
Cash: $79,250.80 | Holdings (4): {'ERIE': '0.7641 sh (+2.23%)', 'GEHC': '0.6136 sh (+1.25%)', 'MS': '43.8344 sh (-3.06%)', 'MSI': '21.1281 sh (+2.28%)'}
Sector exposure (cached): Technology 10.2%, Financials 9.7%, Health Care 0.0%
Fill reconciliation: {'filled': 0, 'partial': 0, 'rejected': 1}
Open orders (1): MS sell 43.8344
Risk state: peak $99,703.60 | drawdown 0.67% | today -0.00% | halted: False
Market regime: NEUTRAL (position-size multiplier: 100% incl. circuit breaker 100%)
News: fetched 156, 2 new after dedup, 0 ticker(s) matched.
Quant pre-screen: 43/66 candidates passed.
Gemini proposed 2 trade(s) meeting the conviction bar.
Gemini calls used today (all models combined): 140
Market closed (overnight): queued 12 trade idea(s) for next-morning verification -- nothing submitted yet.
  -> queued SOLV buy (conf 89, stop 87.0, tp 94.0)
  -> queued COHR buy (conf 85, stop 105.5, tp 128.0)
  -> queued BSX buy (conf None, stop 49.01, tp 52.92)
  -> queued INTU buy (conf 82, stop 352.0, tp 390.0)
  -> queued T buy (conf 81, stop 24.8, tp 26.800000000000004)
  -> queued TSLA buy (conf 80, stop 323.73, tp 366.5)
  -> queued SLB buy (conf 80, stop 52.2, tp 57.0)
  -> queued CPRT buy (conf 82, stop 32.5, tp 36.5)
  -> queued DRI buy (conf 88, stop 213.0, tp 229.46)
  -> queued DE buy (conf 85, stop 628.0, tp 673.87)
  -> queued CVX buy (conf 85, stop 189.13, tp 214.65)
  -> queued DASH buy (conf 88, stop 206.73, tp 245.00000000000003)
Dashboard watchlist synced (6 symbols) for news/headlines.
Ending portfolio value: $99,039.83
Trade journal: all: 19 trades, 21% win rate, avg -2.19% | breakout: 1 trades, 0% win rate, avg -8.61% | other: 13 trades, 23% win rate, avg -1.93% | technical: 5 trades, 20% win rate, avg -1.58%
Self-learning: breakout: 1 trades, 0% win rate, avg -8.61% (LOSING) | other: 13 trades, 23% win rate, avg -1.93% (LOSING) | technical: 5 trades, 20% win rate, avg -1.58% (LOSING)
Performance: Total return +0.17% | Max drawdown 0.94% | Daily Sharpe 2.02 | 19 closed trades | Win rate 21% | Avg winner +1.83% | Avg loser -3.26% | Open positions: 4 | Equity $99,039.83
Engine P&L: legacy/unknown: realized $-1,705.68 (19 closed, 21% wins), unrealized $-64.86 (4 open) | Books: legacy: realized $-1,705.68, unrealized $-64.86
Reports: daily realized $+0.00; worst symbols none | weekly realized $-1,705.68; worst symbols HPE:-1286.89; COHR:-471.20; SNDK:-159.07; ANET:-45.31; NOW:-30.35
Shadow report: 2116 shadow candidate(s), 95 rejection group(s)
Timings: account: 0.0s | risk: 1.7s | decide: 8.4s | watchlist: 0.1s | perf: 0.1s

=== Run at 2026-08-22T12:26:24.987355 ===
Build fingerprint: 4f68550affe5
Current time: 2026-08-22 08:26 AM EDT | Market open (per Alpaca): False | Session: CLOSED
Account value: $99,039.83
Cash: $79,250.80 | Holdings (4): {'ERIE': '0.7641 sh (+2.23%)', 'GEHC': '0.6136 sh (+1.25%)', 'MS': '43.8344 sh (-3.06%)', 'MSI': '21.1281 sh (+2.28%)'}
Sector exposure (cached): Technology 10.2%, Financials 9.7%, Health Care 0.0%
Fill reconciliation: {'filled': 0, 'partial': 0, 'rejected': 1}
Open orders (1): MS sell 43.8344
Risk state: peak $99,703.60 | drawdown 0.67% | today -0.00% | halted: False
Market regime: NEUTRAL (position-size multiplier: 100% incl. circuit breaker 100%)
News: fetched 156, 0 new after dedup, 0 ticker(s) matched.
Quant pre-screen: 43/66 candidates passed.
Gemini proposed 3 trade(s) meeting the conviction bar.
Gemini calls used today (all models combined): 141
Market closed (overnight): queued 12 trade idea(s) for next-morning verification -- nothing submitted yet.
  -> queued SOLV buy (conf 89, stop 87.0, tp 94.0)
  -> queued COHR buy (conf 85, stop 105.5, tp 128.0)
  -> queued BSX buy (conf None, stop 49.01, tp 52.92)
  -> queued INTU buy (conf 82, stop 352.0, tp 390.0)
  -> queued T buy (conf 81, stop 24.8, tp 26.800000000000004)
  -> queued TSLA buy (conf 80, stop 323.73, tp 366.5)
  -> queued SLB buy (conf 80, stop 52.2, tp 57.0)
  -> queued CPRT buy (conf 82, stop 32.5, tp 36.5)
  -> queued DRI buy (conf 92, stop 213.0, tp 229.46)
  -> queued DE buy (conf 90, stop 608.49, tp 673.87)
  -> queued CVX buy (conf 88, stop 197.37, tp 214.65)
  -> queued DASH buy (conf 88, stop 206.73, tp 245.00000000000003)
Dashboard watchlist synced (7 symbols) for news/headlines.
Ending portfolio value: $99,039.83
Trade journal: all: 19 trades, 21% win rate, avg -2.19% | breakout: 1 trades, 0% win rate, avg -8.61% | other: 13 trades, 23% win rate, avg -1.93% | technical: 5 trades, 20% win rate, avg -1.58%
Self-learning: breakout: 1 trades, 0% win rate, avg -8.61% (LOSING) | other: 13 trades, 23% win rate, avg -1.93% (LOSING) | technical: 5 trades, 20% win rate, avg -1.58% (LOSING)
Performance: Total return +0.17% | Max drawdown 0.94% | Daily Sharpe 2.02 | 19 closed trades | Win rate 21% | Avg winner +1.83% | Avg loser -3.26% | Open positions: 4 | Equity $99,039.83
Engine P&L: legacy/unknown: realized $-1,705.68 (19 closed, 21% wins), unrealized $-64.86 (4 open) | Books: legacy: realized $-1,705.68, unrealized $-64.86
Reports: daily realized $+0.00; worst symbols none | weekly realized $-1,705.68; worst symbols HPE:-1286.89; COHR:-471.20; SNDK:-159.07; ANET:-45.31; NOW:-30.35
Shadow report: 2116 shadow candidate(s), 95 rejection group(s)
Timings: account: 0.0s | risk: 0.7s | decide: 4.4s | watchlist: 0.1s | perf: 0.1s

=== Run at 2026-08-22T12:28:28.297023 ===
Build fingerprint: 4f68550affe5
Current time: 2026-08-22 08:28 AM EDT | Market open (per Alpaca): False | Session: CLOSED
Account value: $99,039.83
Cash: $79,250.80 | Holdings (4): {'ERIE': '0.7641 sh (+2.23%)', 'GEHC': '0.6136 sh (+1.25%)', 'MS': '43.8344 sh (-3.06%)', 'MSI': '21.1281 sh (+2.28%)'}
Sector exposure (cached): Technology 10.2%, Financials 9.7%, Health Care 0.0%
Fill reconciliation: {'filled': 0, 'partial': 0, 'rejected': 1}
Open orders (1): MS sell 43.8344
Risk state: peak $99,703.60 | drawdown 0.67% | today -0.00% | halted: False
Market regime: NEUTRAL (position-size multiplier: 100% incl. circuit breaker 100%)
News: fetched 156, 0 new after dedup, 0 ticker(s) matched.
Quant pre-screen: 43/66 candidates passed.
Gemini proposed 3 trade(s) meeting the conviction bar.
Gemini calls used today (all models combined): 142
Market closed (overnight): queued 12 trade idea(s) for next-morning verification -- nothing submitted yet.
  -> queued SOLV buy (conf 89, stop 87.0, tp 94.0)
  -> queued COHR buy (conf 85, stop 105.5, tp 128.0)
  -> queued BSX buy (conf None, stop 49.01, tp 52.92)
  -> queued INTU buy (conf 82, stop 352.0, tp 390.0)
  -> queued T buy (conf 81, stop 24.8, tp 26.800000000000004)
  -> queued TSLA buy (conf 80, stop 323.73, tp 366.5)
  -> queued SLB buy (conf 80, stop 52.2, tp 57.0)
  -> queued CPRT buy (conf 82, stop 32.5, tp 36.5)
  -> queued DRI buy (conf 92, stop 213.0, tp 235.00000000000003)
  -> queued DE buy (conf 88, stop 608.49, tp 686.61)
  -> queued CVX buy (conf 85, stop 197.37, tp 217.05)
  -> queued DASH buy (conf 88, stop 206.73, tp 245.00000000000003)
Dashboard watchlist synced (7 symbols) for news/headlines.
Ending portfolio value: $99,039.83
Trade journal: all: 19 trades, 21% win rate, avg -2.19% | breakout: 1 trades, 0% win rate, avg -8.61% | other: 13 trades, 23% win rate, avg -1.93% | technical: 5 trades, 20% win rate, avg -1.58%
Self-learning: breakout: 1 trades, 0% win rate, avg -8.61% (LOSING) | other: 13 trades, 23% win rate, avg -1.93% (LOSING) | technical: 5 trades, 20% win rate, avg -1.58% (LOSING)
Performance: Total return +0.17% | Max drawdown 0.94% | Daily Sharpe 2.02 | 19 closed trades | Win rate 21% | Avg winner +1.83% | Avg loser -3.26% | Open positions: 4 | Equity $99,039.83
Engine P&L: legacy/unknown: realized $-1,705.68 (19 closed, 21% wins), unrealized $-64.86 (4 open) | Books: legacy: realized $-1,705.68, unrealized $-64.86
Reports: daily realized $+0.00; worst symbols none | weekly realized $-1,705.68; worst symbols HPE:-1286.89; COHR:-471.20; SNDK:-159.07; ANET:-45.31; NOW:-30.35
Shadow report: 2116 shadow candidate(s), 95 rejection group(s)
Timings: account: 0.0s | risk: 1.3s | decide: 7.0s | watchlist: 0.1s | perf: 0.1s

=== Run at 2026-08-22T12:30:36.312749 ===
Build fingerprint: 4f68550affe5
Current time: 2026-08-22 08:30 AM EDT | Market open (per Alpaca): False | Session: CLOSED
Account value: $99,039.83
Cash: $79,250.80 | Holdings (4): {'ERIE': '0.7641 sh (+2.23%)', 'GEHC': '0.6136 sh (+1.25%)', 'MS': '43.8344 sh (-3.06%)', 'MSI': '21.1281 sh (+2.28%)'}
Sector exposure (cached): Technology 10.2%, Financials 9.7%, Health Care 0.0%
Fill reconciliation: {'filled': 0, 'partial': 0, 'rejected': 1}
Open orders (1): MS sell 43.8344
Risk state: peak $99,703.60 | drawdown 0.67% | today -0.00% | halted: False
Market regime: NEUTRAL (position-size multiplier: 100% incl. circuit breaker 100%)
News: fetched 156, 2 new after dedup, 0 ticker(s) matched.
Quant pre-screen: 43/66 candidates passed.
Gemini proposed 2 trade(s) meeting the conviction bar.
Gemini calls used today (all models combined): 143
Market closed (overnight): queued 12 trade idea(s) for next-morning verification -- nothing submitted yet.
  -> queued SOLV buy (conf 89, stop 87.0, tp 94.0)
  -> queued COHR buy (conf 85, stop 105.5, tp 128.0)
  -> queued BSX buy (conf None, stop 49.01, tp 52.92)
  -> queued INTU buy (conf 82, stop 352.0, tp 390.0)
  -> queued T buy (conf 81, stop 24.8, tp 26.800000000000004)
  -> queued TSLA buy (conf 80, stop 323.73, tp 366.5)
  -> queued SLB buy (conf 80, stop 52.2, tp 57.0)
  -> queued CPRT buy (conf 82, stop 32.5, tp 36.5)
  -> queued DRI buy (conf 85, stop 213.0, tp 235.0)
  -> queued DE buy (conf 80, stop 605.0, tp 680.0)
  -> queued CVX buy (conf 85, stop 197.37, tp 217.05)
  -> queued DASH buy (conf 88, stop 206.73, tp 245.00000000000003)
Dashboard watchlist synced (6 symbols) for news/headlines.
Ending portfolio value: $99,039.83
Trade journal: all: 19 trades, 21% win rate, avg -2.19% | breakout: 1 trades, 0% win rate, avg -8.61% | other: 13 trades, 23% win rate, avg -1.93% | technical: 5 trades, 20% win rate, avg -1.58%
Self-learning: breakout: 1 trades, 0% win rate, avg -8.61% (LOSING) | other: 13 trades, 23% win rate, avg -1.93% (LOSING) | technical: 5 trades, 20% win rate, avg -1.58% (LOSING)
Performance: Total return +0.17% | Max drawdown 0.94% | Daily Sharpe 2.02 | 19 closed trades | Win rate 21% | Avg winner +1.83% | Avg loser -3.26% | Open positions: 4 | Equity $99,039.83
Engine P&L: legacy/unknown: realized $-1,705.68 (19 closed, 21% wins), unrealized $-64.86 (4 open) | Books: legacy: realized $-1,705.68, unrealized $-64.86
Reports: daily realized $+0.00; worst symbols none | weekly realized $-1,705.68; worst symbols HPE:-1286.89; COHR:-471.20; SNDK:-159.07; ANET:-45.31; NOW:-30.35
Shadow report: 2116 shadow candidate(s), 95 rejection group(s)
Timings: account: 0.0s | risk: 1.8s | decide: 7.5s | watchlist: 0.2s | perf: 0.2s

=== Run at 2026-08-22T12:32:31.404818 ===
Build fingerprint: 4f68550affe5
Current time: 2026-08-22 08:32 AM EDT | Market open (per Alpaca): False | Session: CLOSED
Account value: $99,039.83
Cash: $79,250.80 | Holdings (4): {'ERIE': '0.7641 sh (+2.23%)', 'GEHC': '0.6136 sh (+1.25%)', 'MS': '43.8344 sh (-3.06%)', 'MSI': '21.1281 sh (+2.28%)'}
Sector exposure (cached): Technology 10.2%, Financials 9.7%, Health Care 0.0%
Fill reconciliation: {'filled': 0, 'partial': 0, 'rejected': 1}
Open orders (1): MS sell 43.8344
Risk state: peak $99,703.60 | drawdown 0.67% | today -0.00% | halted: False
Market regime: NEUTRAL (position-size multiplier: 100% incl. circuit breaker 100%)
News: fetched 156, 2 new after dedup, 0 ticker(s) matched.
Quant pre-screen: 43/66 candidates passed.
Gemini proposed 3 trade(s) meeting the conviction bar.
Gemini calls used today (all models combined): 144
Market closed (overnight): queued 12 trade idea(s) for next-morning verification -- nothing submitted yet.
  -> queued SOLV buy (conf 89, stop 87.0, tp 94.0)
  -> queued COHR buy (conf 85, stop 105.5, tp 128.0)
  -> queued BSX buy (conf None, stop 49.01, tp 52.92)
  -> queued INTU buy (conf 82, stop 352.0, tp 390.0)
  -> queued T buy (conf 81, stop 24.8, tp 26.800000000000004)
  -> queued TSLA buy (conf 80, stop 323.73, tp 366.5)
  -> queued SLB buy (conf 80, stop 52.2, tp 57.0)
  -> queued CPRT buy (conf 82, stop 32.5, tp 36.5)
  -> queued DRI buy (conf 82, stop 213.0, tp 232.0)
  -> queued DE buy (conf 85, stop 605.0, tp 690.0)
  -> queued CVX buy (conf 80, stop 195.0, tp 214.0)
  -> queued DASH buy (conf 88, stop 206.73, tp 245.00000000000003)
Dashboard watchlist synced (7 symbols) for news/headlines.
Ending portfolio value: $99,039.83
Trade journal: all: 19 trades, 21% win rate, avg -2.19% | breakout: 1 trades, 0% win rate, avg -8.61% | other: 13 trades, 23% win rate, avg -1.93% | technical: 5 trades, 20% win rate, avg -1.58%
Self-learning: breakout: 1 trades, 0% win rate, avg -8.61% (LOSING) | other: 13 trades, 23% win rate, avg -1.93% (LOSING) | technical: 5 trades, 20% win rate, avg -1.58% (LOSING)
Performance: Total return +0.17% | Max drawdown 0.94% | Daily Sharpe 2.02 | 19 closed trades | Win rate 21% | Avg winner +1.83% | Avg loser -3.26% | Open positions: 4 | Equity $99,039.83
Engine P&L: legacy/unknown: realized $-1,705.68 (19 closed, 21% wins), unrealized $-64.86 (4 open) | Books: legacy: realized $-1,705.68, unrealized $-64.86
Reports: daily realized $+0.00; worst symbols none | weekly realized $-1,705.68; worst symbols HPE:-1286.89; COHR:-471.20; SNDK:-159.07; ANET:-45.31; NOW:-30.35
Shadow report: 2116 shadow candidate(s), 95 rejection group(s)
Timings: account: 0.0s | risk: 1.3s | decide: 7.5s | watchlist: 0.1s | perf: 0.1s

=== Run at 2026-08-22T12:34:29.111066 ===
Build fingerprint: 4f68550affe5
Current time: 2026-08-22 08:34 AM EDT | Market open (per Alpaca): False | Session: CLOSED
Account value: $99,039.83
Cash: $79,250.80 | Holdings (4): {'ERIE': '0.7641 sh (+2.23%)', 'GEHC': '0.6136 sh (+1.25%)', 'MS': '43.8344 sh (-3.06%)', 'MSI': '21.1281 sh (+2.28%)'}
Sector exposure (cached): Technology 10.2%, Financials 9.7%, Health Care 0.0%
Fill reconciliation: {'filled': 0, 'partial': 0, 'rejected': 1}
Open orders (1): MS sell 43.8344
Risk state: peak $99,703.60 | drawdown 0.67% | today -0.00% | halted: False
Market regime: NEUTRAL (position-size multiplier: 100% incl. circuit breaker 100%)
News: fetched 156, 1 new after dedup, 0 ticker(s) matched.
Quant pre-screen: 43/66 candidates passed.
Gemini proposed 2 trade(s) meeting the conviction bar.
Gemini calls used today (all models combined): 145
Market closed (overnight): queued 12 trade idea(s) for next-morning verification -- nothing submitted yet.
  -> queued SOLV buy (conf 89, stop 87.0, tp 94.0)
  -> queued COHR buy (conf 85, stop 105.5, tp 128.0)
  -> queued BSX buy (conf None, stop 49.01, tp 52.92)
  -> queued INTU buy (conf 82, stop 352.0, tp 390.0)
  -> queued T buy (conf 81, stop 24.8, tp 26.800000000000004)
  -> queued TSLA buy (conf 80, stop 323.73, tp 366.5)
  -> queued SLB buy (conf 80, stop 52.2, tp 57.0)
  -> queued CPRT buy (conf 82, stop 32.5, tp 36.5)
  -> queued DRI buy (conf 92, stop 213.0, tp 229.46)
  -> queued DE buy (conf 90, stop 579.5, tp 673.87)
  -> queued CVX buy (conf 80, stop 195.0, tp 214.0)
  -> queued DASH buy (conf 88, stop 206.73, tp 245.00000000000003)
Dashboard watchlist synced (6 symbols) for news/headlines.
Ending portfolio value: $99,039.83
Trade journal: all: 19 trades, 21% win rate, avg -2.19% | breakout: 1 trades, 0% win rate, avg -8.61% | other: 13 trades, 23% win rate, avg -1.93% | technical: 5 trades, 20% win rate, avg -1.58%
Self-learning: breakout: 1 trades, 0% win rate, avg -8.61% (LOSING) | other: 13 trades, 23% win rate, avg -1.93% (LOSING) | technical: 5 trades, 20% win rate, avg -1.58% (LOSING)
Performance: Total return +0.17% | Max drawdown 0.94% | Daily Sharpe 2.02 | 19 closed trades | Win rate 21% | Avg winner +1.83% | Avg loser -3.26% | Open positions: 4 | Equity $99,039.83
Engine P&L: legacy/unknown: realized $-1,705.68 (19 closed, 21% wins), unrealized $-64.86 (4 open) | Books: legacy: realized $-1,705.68, unrealized $-64.86
Reports: daily realized $+0.00; worst symbols none | weekly realized $-1,705.68; worst symbols HPE:-1286.89; COHR:-471.20; SNDK:-159.07; ANET:-45.31; NOW:-30.35
Shadow report: 2116 shadow candidate(s), 95 rejection group(s)
Timings: account: 0.0s | risk: 1.4s | decide: 7.3s | watchlist: 0.1s | perf: 0.1s

=== Run at 2026-08-22T12:36:26.477065 ===
Build fingerprint: 4f68550affe5
Current time: 2026-08-22 08:36 AM EDT | Market open (per Alpaca): False | Session: CLOSED
Account value: $99,039.83
Cash: $79,250.80 | Holdings (4): {'ERIE': '0.7641 sh (+2.23%)', 'GEHC': '0.6136 sh (+1.25%)', 'MS': '43.8344 sh (-3.06%)', 'MSI': '21.1281 sh (+2.28%)'}
Sector exposure (cached): Technology 10.2%, Financials 9.7%, Health Care 0.0%
Fill reconciliation: {'filled': 0, 'partial': 0, 'rejected': 1}
Open orders (1): MS sell 43.8344
Risk state: peak $99,703.60 | drawdown 0.67% | today -0.00% | halted: False
Market regime: NEUTRAL (position-size multiplier: 100% incl. circuit breaker 100%)
News: fetched 156, 2 new after dedup, 0 ticker(s) matched.
Quant pre-screen: 43/66 candidates passed.
Gemini proposed 2 trade(s) meeting the conviction bar.
Gemini calls used today (all models combined): 146
Market closed (overnight): queued 12 trade idea(s) for next-morning verification -- nothing submitted yet.
  -> queued SOLV buy (conf 89, stop 87.0, tp 94.0)
  -> queued COHR buy (conf 85, stop 105.5, tp 128.0)
  -> queued BSX buy (conf None, stop 49.01, tp 52.92)
  -> queued INTU buy (conf 82, stop 352.0, tp 390.0)
  -> queued T buy (conf 81, stop 24.8, tp 26.800000000000004)
  -> queued TSLA buy (conf 80, stop 323.73, tp 366.5)
  -> queued SLB buy (conf 80, stop 52.2, tp 57.0)
  -> queued CPRT buy (conf 82, stop 32.5, tp 36.5)
  -> queued DRI buy (conf 85, stop 213.0, tp 235.0)
  -> queued DE buy (conf 82, stop 628.0, tp 673.8)
  -> queued CVX buy (conf 80, stop 195.0, tp 214.0)
  -> queued DASH buy (conf 88, stop 206.73, tp 245.00000000000003)
Dashboard watchlist synced (6 symbols) for news/headlines.
Ending portfolio value: $99,039.83
Trade journal: all: 19 trades, 21% win rate, avg -2.19% | breakout: 1 trades, 0% win rate, avg -8.61% | other: 13 trades, 23% win rate, avg -1.93% | technical: 5 trades, 20% win rate, avg -1.58%
Self-learning: breakout: 1 trades, 0% win rate, avg -8.61% (LOSING) | other: 13 trades, 23% win rate, avg -1.93% (LOSING) | technical: 5 trades, 20% win rate, avg -1.58% (LOSING)
Performance: Total return +0.17% | Max drawdown 0.94% | Daily Sharpe 2.02 | 19 closed trades | Win rate 21% | Avg winner +1.83% | Avg loser -3.26% | Open positions: 4 | Equity $99,039.83
Engine P&L: legacy/unknown: realized $-1,705.68 (19 closed, 21% wins), unrealized $-64.86 (4 open) | Books: legacy: realized $-1,705.68, unrealized $-64.86
Reports: daily realized $+0.00; worst symbols none | weekly realized $-1,705.68; worst symbols HPE:-1286.89; COHR:-471.20; SNDK:-159.07; ANET:-45.31; NOW:-30.35
Shadow report: 2116 shadow candidate(s), 95 rejection group(s)
Timings: account: 0.0s | risk: 0.4s | decide: 2.7s | watchlist: 0.0s | perf: 0.0s

=== Run at 2026-08-22T12:38:28.029719 ===
Build fingerprint: 4f68550affe5
Current time: 2026-08-22 08:38 AM EDT | Market open (per Alpaca): False | Session: CLOSED
Account value: $99,039.83
Cash: $79,250.80 | Holdings (4): {'ERIE': '0.7641 sh (+2.23%)', 'GEHC': '0.6136 sh (+1.25%)', 'MS': '43.8344 sh (-3.06%)', 'MSI': '21.1281 sh (+2.28%)'}
Sector exposure (cached): Technology 10.2%, Financials 9.7%, Health Care 0.0%
Fill reconciliation: {'filled': 0, 'partial': 0, 'rejected': 1}
Open orders (1): MS sell 43.8344
Risk state: peak $99,703.60 | drawdown 0.67% | today -0.00% | halted: False
Market regime: NEUTRAL (position-size multiplier: 100% incl. circuit breaker 100%)
News: fetched 156, 0 new after dedup, 0 ticker(s) matched.
Quant pre-screen: 43/66 candidates passed.
Gemini proposed 3 trade(s) meeting the conviction bar.
Gemini calls used today (all models combined): 147
Market closed (overnight): queued 12 trade idea(s) for next-morning verification -- nothing submitted yet.
  -> queued SOLV buy (conf 89, stop 87.0, tp 94.0)
  -> queued COHR buy (conf 85, stop 105.5, tp 128.0)
  -> queued BSX buy (conf None, stop 49.01, tp 52.92)
  -> queued INTU buy (conf 82, stop 352.0, tp 390.0)
  -> queued T buy (conf 81, stop 24.8, tp 26.800000000000004)
  -> queued TSLA buy (conf 80, stop 323.73, tp 366.5)
  -> queued SLB buy (conf 80, stop 52.2, tp 57.0)
  -> queued CPRT buy (conf 82, stop 32.5, tp 36.5)
  -> queued DRI buy (conf 85, stop 208.62, tp 234.7)
  -> queued DE buy (conf 88, stop 608.12, tp 686.42)
  -> queued CVX buy (conf 80, stop 195.0, tp 214.0)
  -> queued DASH buy (conf 82, stop 207.26, tp 239.78)
Dashboard watchlist synced (7 symbols) for news/headlines.
Ending portfolio value: $99,039.83
Trade journal: all: 19 trades, 21% win rate, avg -2.19% | breakout: 1 trades, 0% win rate, avg -8.61% | other: 13 trades, 23% win rate, avg -1.93% | technical: 5 trades, 20% win rate, avg -1.58%
Self-learning: breakout: 1 trades, 0% win rate, avg -8.61% (LOSING) | other: 13 trades, 23% win rate, avg -1.93% (LOSING) | technical: 5 trades, 20% win rate, avg -1.58% (LOSING)
Performance: Total return +0.17% | Max drawdown 0.94% | Daily Sharpe 2.02 | 19 closed trades | Win rate 21% | Avg winner +1.83% | Avg loser -3.26% | Open positions: 4 | Equity $99,039.83
Engine P&L: legacy/unknown: realized $-1,705.68 (19 closed, 21% wins), unrealized $-64.86 (4 open) | Books: legacy: realized $-1,705.68, unrealized $-64.86
Reports: daily realized $+0.00; worst symbols none | weekly realized $-1,705.68; worst symbols HPE:-1286.89; COHR:-471.20; SNDK:-159.07; ANET:-45.31; NOW:-30.35
Shadow report: 2116 shadow candidate(s), 95 rejection group(s)
Timings: account: 0.0s | risk: 1.9s | decide: 7.1s | watchlist: 0.1s | perf: 0.2s

=== Run at 2026-08-22T12:40:31.153328 ===
Build fingerprint: 4f68550affe5
Current time: 2026-08-22 08:40 AM EDT | Market open (per Alpaca): False | Session: CLOSED
Account value: $99,039.83
Cash: $79,250.80 | Holdings (4): {'ERIE': '0.7641 sh (+2.23%)', 'GEHC': '0.6136 sh (+1.25%)', 'MS': '43.8344 sh (-3.06%)', 'MSI': '21.1281 sh (+2.28%)'}
Sector exposure (cached): Technology 10.2%, Financials 9.7%, Health Care 0.0%
Fill reconciliation: {'filled': 0, 'partial': 0, 'rejected': 1}
Open orders (1): MS sell 43.8344
Risk state: peak $99,703.60 | drawdown 0.67% | today -0.00% | halted: False
Market regime: NEUTRAL (position-size multiplier: 100% incl. circuit breaker 100%)
News: fetched 156, 0 new after dedup, 0 ticker(s) matched.
Quant pre-screen: 43/66 candidates passed.
Gemini proposed 2 trade(s) meeting the conviction bar.
Gemini calls used today (all models combined): 148
Market closed (overnight): queued 12 trade idea(s) for next-morning verification -- nothing submitted yet.
  -> queued SOLV buy (conf 89, stop 87.0, tp 94.0)
  -> queued COHR buy (conf 85, stop 105.5, tp 128.0)
  -> queued BSX buy (conf None, stop 49.01, tp 52.92)
  -> queued INTU buy (conf 82, stop 352.0, tp 390.0)
  -> queued T buy (conf 81, stop 24.8, tp 26.800000000000004)
  -> queued TSLA buy (conf 80, stop 323.73, tp 366.5)
  -> queued SLB buy (conf 80, stop 52.2, tp 57.0)
  -> queued CPRT buy (conf 82, stop 32.5, tp 36.5)
  -> queued DRI buy (conf 90, stop 213.0, tp 229.46)
  -> queued DE buy (conf 88, stop 579.5, tp 673.87)
  -> queued CVX buy (conf 80, stop 195.0, tp 214.0)
  -> queued DASH buy (conf 82, stop 207.26, tp 239.78)
Dashboard watchlist synced (6 symbols) for news/headlines.
Ending portfolio value: $99,039.83
Trade journal: all: 19 trades, 21% win rate, avg -2.19% | breakout: 1 trades, 0% win rate, avg -8.61% | other: 13 trades, 23% win rate, avg -1.93% | technical: 5 trades, 20% win rate, avg -1.58%
Self-learning: breakout: 1 trades, 0% win rate, avg -8.61% (LOSING) | other: 13 trades, 23% win rate, avg -1.93% (LOSING) | technical: 5 trades, 20% win rate, avg -1.58% (LOSING)
Performance: Total return +0.17% | Max drawdown 0.94% | Daily Sharpe 2.02 | 19 closed trades | Win rate 21% | Avg winner +1.83% | Avg loser -3.26% | Open positions: 4 | Equity $99,039.83
Engine P&L: legacy/unknown: realized $-1,705.68 (19 closed, 21% wins), unrealized $-64.86 (4 open) | Books: legacy: realized $-1,705.68, unrealized $-64.86
Reports: daily realized $+0.00; worst symbols none | weekly realized $-1,705.68; worst symbols HPE:-1286.89; COHR:-471.20; SNDK:-159.07; ANET:-45.31; NOW:-30.35
Shadow report: 2116 shadow candidate(s), 95 rejection group(s)
Timings: account: 0.0s | risk: 0.4s | decide: 3.1s | watchlist: 0.0s | perf: 0.0s

=== Run at 2026-08-22T12:42:23.819410 ===
Build fingerprint: 4f68550affe5
Current time: 2026-08-22 08:42 AM EDT | Market open (per Alpaca): False | Session: CLOSED
Account value: $99,039.83
Cash: $79,250.80 | Holdings (4): {'ERIE': '0.7641 sh (+2.23%)', 'GEHC': '0.6136 sh (+1.25%)', 'MS': '43.8344 sh (-3.06%)', 'MSI': '21.1281 sh (+2.28%)'}
Sector exposure (cached): Technology 10.2%, Financials 9.7%, Health Care 0.0%
Fill reconciliation: {'filled': 0, 'partial': 0, 'rejected': 1}
Open orders (1): MS sell 43.8344
Risk state: peak $99,703.60 | drawdown 0.67% | today -0.00% | halted: False
Market regime: NEUTRAL (position-size multiplier: 100% incl. circuit breaker 100%)
News: fetched 156, 0 new after dedup, 0 ticker(s) matched.
Quant pre-screen: 43/66 candidates passed.
Gemini proposed 3 trade(s) meeting the conviction bar.
Gemini calls used today (all models combined): 149
Market closed (overnight): queued 12 trade idea(s) for next-morning verification -- nothing submitted yet.
  -> queued SOLV buy (conf 89, stop 87.0, tp 94.0)
  -> queued COHR buy (conf 85, stop 105.5, tp 128.0)
  -> queued BSX buy (conf None, stop 49.01, tp 52.92)
  -> queued INTU buy (conf 82, stop 352.0, tp 390.0)
  -> queued T buy (conf 81, stop 24.8, tp 26.800000000000004)
  -> queued TSLA buy (conf 80, stop 323.73, tp 366.5)
  -> queued SLB buy (conf 80, stop 52.2, tp 57.0)
  -> queued CPRT buy (conf 82, stop 32.5, tp 36.5)
  -> queued DRI buy (conf 92, stop 213.0, tp 235.00000000000003)
  -> queued DE buy (conf 90, stop 579.5, tp 670.0)
  -> queued CVX buy (conf 88, stop 189.13, tp 214.65)
  -> queued DASH buy (conf 82, stop 207.26, tp 239.78)
Dashboard watchlist synced (7 symbols) for news/headlines.
Ending portfolio value: $99,039.83
Trade journal: all: 19 trades, 21% win rate, avg -2.19% | breakout: 1 trades, 0% win rate, avg -8.61% | other: 13 trades, 23% win rate, avg -1.93% | technical: 5 trades, 20% win rate, avg -1.58%
Self-learning: breakout: 1 trades, 0% win rate, avg -8.61% (LOSING) | other: 13 trades, 23% win rate, avg -1.93% (LOSING) | technical: 5 trades, 20% win rate, avg -1.58% (LOSING)
Performance: Total return +0.17% | Max drawdown 0.94% | Daily Sharpe 2.02 | 19 closed trades | Win rate 21% | Avg winner +1.83% | Avg loser -3.26% | Open positions: 4 | Equity $99,039.83
Engine P&L: legacy/unknown: realized $-1,705.68 (19 closed, 21% wins), unrealized $-64.86 (4 open) | Books: legacy: realized $-1,705.68, unrealized $-64.86
Reports: daily realized $+0.00; worst symbols none | weekly realized $-1,705.68; worst symbols HPE:-1286.89; COHR:-471.20; SNDK:-159.07; ANET:-45.31; NOW:-30.35
Shadow report: 2116 shadow candidate(s), 95 rejection group(s)
Timings: account: 0.0s | risk: 0.9s | decide: 3.1s | watchlist: 0.0s | perf: 0.0s

=== Run at 2026-08-22T12:44:25.104548 ===
Build fingerprint: 4f68550affe5
Current time: 2026-08-22 08:44 AM EDT | Market open (per Alpaca): False | Session: CLOSED
Account value: $99,039.83
Cash: $79,250.80 | Holdings (4): {'ERIE': '0.7641 sh (+2.23%)', 'GEHC': '0.6136 sh (+1.25%)', 'MS': '43.8344 sh (-3.06%)', 'MSI': '21.1281 sh (+2.28%)'}
Sector exposure (cached): Technology 10.2%, Financials 9.7%, Health Care 0.0%
Fill reconciliation: {'filled': 0, 'partial': 0, 'rejected': 1}
Open orders (1): MS sell 43.8344
Risk state: peak $99,703.60 | drawdown 0.67% | today -0.00% | halted: False
Market regime: NEUTRAL (position-size multiplier: 100% incl. circuit breaker 100%)
News: fetched 156, 0 new after dedup, 0 ticker(s) matched.
Quant pre-screen: 43/66 candidates passed.
Gemini proposed 3 trade(s) meeting the conviction bar.
Gemini calls used today (all models combined): 150
Market closed (overnight): queued 12 trade idea(s) for next-morning verification -- nothing submitted yet.
  -> queued SOLV buy (conf 89, stop 87.0, tp 94.0)
  -> queued COHR buy (conf 85, stop 105.5, tp 128.0)
  -> queued BSX buy (conf None, stop 49.01, tp 52.92)
  -> queued INTU buy (conf 82, stop 352.0, tp 390.0)
  -> queued T buy (conf 81, stop 24.8, tp 26.800000000000004)
  -> queued TSLA buy (conf 80, stop 323.73, tp 366.5)
  -> queued SLB buy (conf 80, stop 52.2, tp 57.0)
  -> queued CPRT buy (conf 82, stop 32.5, tp 36.5)
  -> queued DRI buy (conf 92, stop 213.0, tp 235.0)
  -> queued DE buy (conf 88, stop 628.0, tp 680.0)
  -> queued CVX buy (conf 85, stop 198.0, tp 215.0)
  -> queued DASH buy (conf 82, stop 207.26, tp 239.78)
Dashboard watchlist synced (7 symbols) for news/headlines.
Ending portfolio value: $99,039.83
Trade journal: all: 19 trades, 21% win rate, avg -2.19% | breakout: 1 trades, 0% win rate, avg -8.61% | other: 13 trades, 23% win rate, avg -1.93% | technical: 5 trades, 20% win rate, avg -1.58%
Self-learning: breakout: 1 trades, 0% win rate, avg -8.61% (LOSING) | other: 13 trades, 23% win rate, avg -1.93% (LOSING) | technical: 5 trades, 20% win rate, avg -1.58% (LOSING)
Performance: Total return +0.17% | Max drawdown 0.94% | Daily Sharpe 2.02 | 19 closed trades | Win rate 21% | Avg winner +1.83% | Avg loser -3.26% | Open positions: 4 | Equity $99,039.83
Engine P&L: legacy/unknown: realized $-1,705.68 (19 closed, 21% wins), unrealized $-64.86 (4 open) | Books: legacy: realized $-1,705.68, unrealized $-64.86
Reports: daily realized $+0.00; worst symbols none | weekly realized $-1,705.68; worst symbols HPE:-1286.89; COHR:-471.20; SNDK:-159.07; ANET:-45.31; NOW:-30.35
Shadow report: 2116 shadow candidate(s), 95 rejection group(s)
Timings: account: 0.0s | risk: 0.3s | decide: 2.8s | watchlist: 0.0s | perf: 0.0s

=== Run at 2026-08-22T12:46:25.155703 ===
Build fingerprint: 4f68550affe5
Current time: 2026-08-22 08:46 AM EDT | Market open (per Alpaca): False | Session: CLOSED
Account value: $99,039.83
Cash: $79,250.80 | Holdings (4): {'ERIE': '0.7641 sh (+2.23%)', 'GEHC': '0.6136 sh (+1.25%)', 'MS': '43.8344 sh (-3.06%)', 'MSI': '21.1281 sh (+2.28%)'}
Sector exposure (cached): Technology 10.2%, Financials 9.7%, Health Care 0.0%
Fill reconciliation: {'filled': 0, 'partial': 0, 'rejected': 1}
Open orders (1): MS sell 43.8344
Risk state: peak $99,703.60 | drawdown 0.67% | today -0.00% | halted: False
Market regime: NEUTRAL (position-size multiplier: 100% incl. circuit breaker 100%)
News: fetched 156, 1 new after dedup, 0 ticker(s) matched.
Quant pre-screen: 43/66 candidates passed.
Gemini proposed 3 trade(s) meeting the conviction bar.
Gemini calls used today (all models combined): 151
Market closed (overnight): queued 12 trade idea(s) for next-morning verification -- nothing submitted yet.
  -> queued SOLV buy (conf 89, stop 87.0, tp 94.0)
  -> queued COHR buy (conf 85, stop 105.5, tp 128.0)
  -> queued BSX buy (conf None, stop 49.01, tp 52.92)
  -> queued INTU buy (conf 82, stop 352.0, tp 390.0)
  -> queued T buy (conf 81, stop 24.8, tp 26.800000000000004)
  -> queued TSLA buy (conf 80, stop 323.73, tp 366.5)
  -> queued SLB buy (conf 80, stop 52.2, tp 57.0)
  -> queued CPRT buy (conf 82, stop 32.5, tp 36.5)
  -> queued DRI buy (conf 88, stop 213.0, tp 235.00000000000003)
  -> queued DE buy (conf 85, stop 579.5, tp 680.0)
  -> queued CVX buy (conf 85, stop 198.0, tp 215.0)
  -> queued DASH buy (conf 82, stop 206.73, tp 235.0)
Dashboard watchlist synced (7 symbols) for news/headlines.
Ending portfolio value: $99,039.83
Trade journal: all: 19 trades, 21% win rate, avg -2.19% | breakout: 1 trades, 0% win rate, avg -8.61% | other: 13 trades, 23% win rate, avg -1.93% | technical: 5 trades, 20% win rate, avg -1.58%
Self-learning: breakout: 1 trades, 0% win rate, avg -8.61% (LOSING) | other: 13 trades, 23% win rate, avg -1.93% (LOSING) | technical: 5 trades, 20% win rate, avg -1.58% (LOSING)
Performance: Total return +0.17% | Max drawdown 0.94% | Daily Sharpe 2.02 | 19 closed trades | Win rate 21% | Avg winner +1.83% | Avg loser -3.26% | Open positions: 4 | Equity $99,039.83
Engine P&L: legacy/unknown: realized $-1,705.68 (19 closed, 21% wins), unrealized $-64.86 (4 open) | Books: legacy: realized $-1,705.68, unrealized $-64.86
Reports: daily realized $+0.00; worst symbols none | weekly realized $-1,705.68; worst symbols HPE:-1286.89; COHR:-471.20; SNDK:-159.07; ANET:-45.31; NOW:-30.35
Shadow report: 2116 shadow candidate(s), 95 rejection group(s)
Timings: account: 0.0s | risk: 0.3s | decide: 2.9s | watchlist: 0.0s | perf: 0.0s

=== Run at 2026-08-22T12:48:29.295698 ===
Build fingerprint: 4f68550affe5
Current time: 2026-08-22 08:48 AM EDT | Market open (per Alpaca): False | Session: CLOSED
Account value: $99,039.83
Cash: $79,250.80 | Holdings (4): {'ERIE': '0.7641 sh (+2.23%)', 'GEHC': '0.6136 sh (+1.25%)', 'MS': '43.8344 sh (-3.06%)', 'MSI': '21.1281 sh (+2.28%)'}
Sector exposure (cached): Technology 10.2%, Financials 9.7%, Health Care 0.0%
Fill reconciliation: {'filled': 0, 'partial': 0, 'rejected': 1}
Open orders (1): MS sell 43.8344
Risk state: peak $99,703.60 | drawdown 0.67% | today -0.00% | halted: False
Market regime: NEUTRAL (position-size multiplier: 100% incl. circuit breaker 100%)
News: fetched 156, 3 new after dedup, 1 ticker(s) matched.
Quant pre-screen: 37/55 candidates passed.
Gemini proposed 3 trade(s) meeting the conviction bar.
Gemini calls used today (all models combined): 152
Market closed (overnight): queued 12 trade idea(s) for next-morning verification -- nothing submitted yet.
  -> queued SOLV buy (conf 89, stop 87.0, tp 94.0)
  -> queued COHR buy (conf 85, stop 105.5, tp 128.0)
  -> queued BSX buy (conf None, stop 49.01, tp 52.92)
  -> queued DRI buy (conf 85, stop 213.0, tp 229.46)
  -> queued CVX buy (conf 85, stop 198.0, tp 215.0)
  -> queued INTU buy (conf 82, stop 352.0, tp 390.0)
  -> queued CPRT buy (conf 82, stop 32.5, tp 36.5)
  -> queued DE buy (conf 82, stop 579.5, tp 673.87)
  -> queued DASH buy (conf 82, stop 206.73, tp 235.0)
  -> queued T buy (conf 81, stop 24.8, tp 26.800000000000004)
  -> queued TSLA buy (conf 80, stop 323.73, tp 366.5)
  -> queued SLB buy (conf 80, stop 52.2, tp 57.0)
Dashboard watchlist synced (8 symbols) for news/headlines.
Ending portfolio value: $99,039.83
Trade journal: all: 19 trades, 21% win rate, avg -2.19% | breakout: 1 trades, 0% win rate, avg -8.61% | other: 13 trades, 23% win rate, avg -1.93% | technical: 5 trades, 20% win rate, avg -1.58%
Self-learning: breakout: 1 trades, 0% win rate, avg -8.61% (LOSING) | other: 13 trades, 23% win rate, avg -1.93% (LOSING) | technical: 5 trades, 20% win rate, avg -1.58% (LOSING)
Performance: Total return +0.17% | Max drawdown 0.94% | Daily Sharpe 2.02 | 19 closed trades | Win rate 21% | Avg winner +1.83% | Avg loser -3.26% | Open positions: 4 | Equity $99,039.83
Engine P&L: legacy/unknown: realized $-1,705.68 (19 closed, 21% wins), unrealized $-64.86 (4 open) | Books: legacy: realized $-1,705.68, unrealized $-64.86
Reports: daily realized $+0.00; worst symbols none | weekly realized $-1,705.68; worst symbols HPE:-1286.89; COHR:-471.20; SNDK:-159.07; ANET:-45.31; NOW:-30.35
Shadow report: 2116 shadow candidate(s), 95 rejection group(s)
Timings: account: 0.0s | risk: 1.3s | decide: 10.3s | watchlist: 0.1s | perf: 0.1s

=== Run at 2026-08-22T12:50:28.284854 ===
Build fingerprint: 4f68550affe5
Current time: 2026-08-22 08:50 AM EDT | Market open (per Alpaca): False | Session: CLOSED
Account value: $99,039.83
Cash: $79,250.80 | Holdings (4): {'ERIE': '0.7641 sh (+2.23%)', 'GEHC': '0.6136 sh (+1.25%)', 'MS': '43.8344 sh (-3.06%)', 'MSI': '21.1281 sh (+2.28%)'}
Sector exposure (cached): Technology 10.2%, Financials 9.7%, Health Care 0.0%
Fill reconciliation: {'filled': 0, 'partial': 0, 'rejected': 1}
Open orders (1): MS sell 43.8344
Risk state: peak $99,703.60 | drawdown 0.67% | today -0.00% | halted: False
Market regime: NEUTRAL (position-size multiplier: 100% incl. circuit breaker 100%)
News: fetched 156, 1 new after dedup, 0 ticker(s) matched.
Quant pre-screen: 43/66 candidates passed.
Gemini proposed 2 trade(s) meeting the conviction bar.
Gemini calls used today (all models combined): 153
Market closed (overnight): queued 12 trade idea(s) for next-morning verification -- nothing submitted yet.
  -> queued SOLV buy (conf 89, stop 87.0, tp 94.0)
  -> queued COHR buy (conf 85, stop 105.5, tp 128.0)
  -> queued BSX buy (conf None, stop 49.01, tp 52.92)
  -> queued DRI buy (conf 92, stop 213.0, tp 235.00000000000003)
  -> queued CVX buy (conf 85, stop 198.0, tp 215.0)
  -> queued INTU buy (conf 82, stop 352.0, tp 390.0)
  -> queued CPRT buy (conf 82, stop 32.5, tp 36.5)
  -> queued DE buy (conf 90, stop 579.5, tp 680.0)
  -> queued DASH buy (conf 82, stop 206.73, tp 235.0)
  -> queued T buy (conf 81, stop 24.8, tp 26.800000000000004)
  -> queued TSLA buy (conf 80, stop 323.73, tp 366.5)
  -> queued SLB buy (conf 80, stop 52.2, tp 57.0)
Dashboard watchlist synced (6 symbols) for news/headlines.
Ending portfolio value: $99,039.83
Trade journal: all: 19 trades, 21% win rate, avg -2.19% | breakout: 1 trades, 0% win rate, avg -8.61% | other: 13 trades, 23% win rate, avg -1.93% | technical: 5 trades, 20% win rate, avg -1.58%
Self-learning: breakout: 1 trades, 0% win rate, avg -8.61% (LOSING) | other: 13 trades, 23% win rate, avg -1.93% (LOSING) | technical: 5 trades, 20% win rate, avg -1.58% (LOSING)
Performance: Total return +0.17% | Max drawdown 0.94% | Daily Sharpe 2.02 | 19 closed trades | Win rate 21% | Avg winner +1.83% | Avg loser -3.26% | Open positions: 4 | Equity $99,039.83
Engine P&L: legacy/unknown: realized $-1,705.68 (19 closed, 21% wins), unrealized $-64.86 (4 open) | Books: legacy: realized $-1,705.68, unrealized $-64.86
Reports: daily realized $+0.00; worst symbols none | weekly realized $-1,705.68; worst symbols HPE:-1286.89; COHR:-471.20; SNDK:-159.07; ANET:-45.31; NOW:-30.35
Shadow report: 2116 shadow candidate(s), 95 rejection group(s)
Timings: account: 0.0s | risk: 0.7s | decide: 3.2s | watchlist: 0.0s | perf: 0.1s

=== Run at 2026-08-22T12:52:26.164822 ===
Build fingerprint: 4f68550affe5
Current time: 2026-08-22 08:52 AM EDT | Market open (per Alpaca): False | Session: CLOSED
Account value: $99,039.83
Cash: $79,250.80 | Holdings (4): {'ERIE': '0.7641 sh (+2.23%)', 'GEHC': '0.6136 sh (+1.25%)', 'MS': '43.8344 sh (-3.06%)', 'MSI': '21.1281 sh (+2.28%)'}
Sector exposure (cached): Technology 10.2%, Financials 9.7%, Health Care 0.0%
Fill reconciliation: {'filled': 0, 'partial': 0, 'rejected': 1}
Open orders (1): MS sell 43.8344
Risk state: peak $99,703.60 | drawdown 0.67% | today -0.00% | halted: False
Market regime: NEUTRAL (position-size multiplier: 100% incl. circuit breaker 100%)
News: fetched 156, 1 new after dedup, 0 ticker(s) matched.
Quant pre-screen: 43/66 candidates passed.
Gemini proposed 2 trade(s) meeting the conviction bar.
Gemini calls used today (all models combined): 154
Market closed (overnight): queued 12 trade idea(s) for next-morning verification -- nothing submitted yet.
  -> queued SOLV buy (conf 89, stop 87.0, tp 94.0)
  -> queued COHR buy (conf 85, stop 105.5, tp 128.0)
  -> queued BSX buy (conf None, stop 49.01, tp 52.92)
  -> queued DRI buy (conf 92, stop 213.0, tp 229.46)
  -> queued CVX buy (conf 85, stop 198.0, tp 215.0)
  -> queued INTU buy (conf 82, stop 352.0, tp 390.0)
  -> queued CPRT buy (conf 82, stop 32.5, tp 36.5)
  -> queued DE buy (conf 90, stop 579.5, tp 673.87)
  -> queued DASH buy (conf 82, stop 206.73, tp 235.0)
  -> queued T buy (conf 81, stop 24.8, tp 26.800000000000004)
  -> queued TSLA buy (conf 80, stop 323.73, tp 366.5)
  -> queued SLB buy (conf 80, stop 52.2, tp 57.0)
Dashboard watchlist synced (6 symbols) for news/headlines.
Ending portfolio value: $99,039.83
Trade journal: all: 19 trades, 21% win rate, avg -2.19% | breakout: 1 trades, 0% win rate, avg -8.61% | other: 13 trades, 23% win rate, avg -1.93% | technical: 5 trades, 20% win rate, avg -1.58%
Self-learning: breakout: 1 trades, 0% win rate, avg -8.61% (LOSING) | other: 13 trades, 23% win rate, avg -1.93% (LOSING) | technical: 5 trades, 20% win rate, avg -1.58% (LOSING)
Performance: Total return +0.17% | Max drawdown 0.94% | Daily Sharpe 2.02 | 19 closed trades | Win rate 21% | Avg winner +1.83% | Avg loser -3.26% | Open positions: 4 | Equity $99,039.83
Engine P&L: legacy/unknown: realized $-1,705.68 (19 closed, 21% wins), unrealized $-64.86 (4 open) | Books: legacy: realized $-1,705.68, unrealized $-64.86
Reports: daily realized $+0.00; worst symbols none | weekly realized $-1,705.68; worst symbols HPE:-1286.89; COHR:-471.20; SNDK:-159.07; ANET:-45.31; NOW:-30.35
Shadow report: 2116 shadow candidate(s), 95 rejection group(s)
Timings: account: 0.0s | risk: 1.7s | decide: 7.1s | watchlist: 0.1s | perf: 0.2s

=== Run at 2026-08-22T12:54:25.019368 ===
Build fingerprint: 4f68550affe5
Current time: 2026-08-22 08:54 AM EDT | Market open (per Alpaca): False | Session: CLOSED
Account value: $99,039.83
Cash: $79,250.80 | Holdings (4): {'ERIE': '0.7641 sh (+2.23%)', 'GEHC': '0.6136 sh (+1.25%)', 'MS': '43.8344 sh (-3.06%)', 'MSI': '21.1281 sh (+2.28%)'}
Sector exposure (cached): Technology 10.2%, Financials 9.7%, Health Care 0.0%
Fill reconciliation: {'filled': 0, 'partial': 0, 'rejected': 1}
Open orders (1): MS sell 43.8344
Risk state: peak $99,703.60 | drawdown 0.67% | today -0.00% | halted: False
Market regime: NEUTRAL (position-size multiplier: 100% incl. circuit breaker 100%)
News: fetched 156, 0 new after dedup, 0 ticker(s) matched.
Quant pre-screen: 43/66 candidates passed.
Gemini proposed 3 trade(s) meeting the conviction bar.
Gemini calls used today (all models combined): 155
Market closed (overnight): queued 12 trade idea(s) for next-morning verification -- nothing submitted yet.
  -> queued SOLV buy (conf 89, stop 87.0, tp 94.0)
  -> queued COHR buy (conf 85, stop 105.5, tp 128.0)
  -> queued BSX buy (conf None, stop 49.01, tp 52.92)
  -> queued DRI buy (conf 85, stop 213.0, tp 232.00000000000003)
  -> queued CVX buy (conf 80, stop 189.13, tp 214.65)
  -> queued INTU buy (conf 82, stop 352.0, tp 390.0)
  -> queued CPRT buy (conf 82, stop 32.5, tp 36.5)
  -> queued DE buy (conf 82, stop 579.5, tp 673.87)
  -> queued DASH buy (conf 82, stop 206.73, tp 235.0)
  -> queued T buy (conf 81, stop 24.8, tp 26.800000000000004)
  -> queued TSLA buy (conf 80, stop 323.73, tp 366.5)
  -> queued SLB buy (conf 80, stop 52.2, tp 57.0)
Dashboard watchlist synced (7 symbols) for news/headlines.
Ending portfolio value: $99,039.83
Trade journal: all: 19 trades, 21% win rate, avg -2.19% | breakout: 1 trades, 0% win rate, avg -8.61% | other: 13 trades, 23% win rate, avg -1.93% | technical: 5 trades, 20% win rate, avg -1.58%
Self-learning: breakout: 1 trades, 0% win rate, avg -8.61% (LOSING) | other: 13 trades, 23% win rate, avg -1.93% (LOSING) | technical: 5 trades, 20% win rate, avg -1.58% (LOSING)
Performance: Total return +0.17% | Max drawdown 0.94% | Daily Sharpe 2.02 | 19 closed trades | Win rate 21% | Avg winner +1.83% | Avg loser -3.26% | Open positions: 4 | Equity $99,039.83
Engine P&L: legacy/unknown: realized $-1,705.68 (19 closed, 21% wins), unrealized $-64.86 (4 open) | Books: legacy: realized $-1,705.68, unrealized $-64.86
Reports: daily realized $+0.00; worst symbols none | weekly realized $-1,705.68; worst symbols HPE:-1286.89; COHR:-471.20; SNDK:-159.07; ANET:-45.31; NOW:-30.35
Shadow report: 2116 shadow candidate(s), 95 rejection group(s)
Timings: account: 0.0s | risk: 0.2s | decide: 3.0s | watchlist: 0.0s | perf: 0.0s

=== Run at 2026-08-22T12:56:30.085083 ===
Build fingerprint: 4f68550affe5
Current time: 2026-08-22 08:56 AM EDT | Market open (per Alpaca): False | Session: CLOSED
Account value: $99,039.83
Cash: $79,250.80 | Holdings (4): {'ERIE': '0.7641 sh (+2.23%)', 'GEHC': '0.6136 sh (+1.25%)', 'MS': '43.8344 sh (-3.06%)', 'MSI': '21.1281 sh (+2.28%)'}
Sector exposure (cached): Technology 10.2%, Financials 9.7%, Health Care 0.0%
Fill reconciliation: {'filled': 0, 'partial': 0, 'rejected': 1}
Open orders (1): MS sell 43.8344
Risk state: peak $99,703.60 | drawdown 0.67% | today -0.00% | halted: False
Market regime: NEUTRAL (position-size multiplier: 100% incl. circuit breaker 100%)
News: fetched 156, 0 new after dedup, 0 ticker(s) matched.
Quant pre-screen: 43/66 candidates passed.
Technical fallback (Gemini throttled/unavailable) proposed 8 trade(s) meeting the conviction bar.
Technical fallback cap omitted 20 weaker idea(s) this run.
Gemini calls used today (all models combined): 155
Market closed (overnight): queued 12 trade idea(s) for next-morning verification -- nothing submitted yet.
  -> queued SOLV buy (conf 89, stop 87.0, tp 94.0)
  -> queued COHR buy (conf 85, stop 105.5, tp 128.0)
  -> queued BSX buy (conf None, stop 49.01, tp 52.92)
  -> queued INTU buy (conf 82, stop 352.0, tp 390.0)
  -> queued CPRT buy (conf 82, stop 32.5, tp 36.5)
  -> queued T buy (conf 81, stop 24.8, tp 26.800000000000004)
  -> queued TSLA buy (conf 80, stop 323.73, tp 366.5)
  -> queued SLB buy (conf 80, stop 52.2, tp 57.0)
  -> queued DRI buy (conf None, stop 212.995, tp 229.46)
  -> queued DE buy (conf None, stop 579.5, tp 654.135)
  -> queued CVX buy (conf None, stop 189.13, tp 208.91)
  -> queued DASH buy (conf None, stop 206.73, tp 225.9)
Run budget reserve reached -- skipping dashboard watchlist sync.
Run budget reserve reached -- skipping performance snapshot.
Trade journal: all: 19 trades, 21% win rate, avg -2.19% | breakout: 1 trades, 0% win rate, avg -8.61% | other: 13 trades, 23% win rate, avg -1.93% | technical: 5 trades, 20% win rate, avg -1.58%
Self-learning: breakout: 1 trades, 0% win rate, avg -8.61% (LOSING) | other: 13 trades, 23% win rate, avg -1.93% (LOSING) | technical: 5 trades, 20% win rate, avg -1.58% (LOSING)
Performance: Total return +0.17% | Max drawdown 0.94% | Daily Sharpe 2.02 | 19 closed trades | Win rate 21% | Avg winner +1.83% | Avg loser -3.26% | Open positions: 4 | Equity $99,039.83
Engine P&L: legacy/unknown: realized $-1,705.68 (19 closed, 21% wins), unrealized $-64.86 (4 open) | Books: legacy: realized $-1,705.68, unrealized $-64.86
Reports: daily realized $+0.00; worst symbols none | weekly realized $-1,705.68; worst symbols HPE:-1286.89; COHR:-471.20; SNDK:-159.07; ANET:-45.31; NOW:-30.35
Shadow report: 2116 shadow candidate(s), 95 rejection group(s)
Timings: account: 0.0s | risk: 1.6s | decide: 23.0s | watchlist: 0.0s | perf: 0.0s

=== Run at 2026-08-22T12:58:24.658568 ===
Build fingerprint: 4f68550affe5
Current time: 2026-08-22 08:58 AM EDT | Market open (per Alpaca): False | Session: CLOSED
Account value: $99,039.83
Cash: $79,250.80 | Holdings (4): {'ERIE': '0.7641 sh (+2.23%)', 'GEHC': '0.6136 sh (+1.25%)', 'MS': '43.8344 sh (-3.06%)', 'MSI': '21.1281 sh (+2.28%)'}
Sector exposure (cached): Technology 10.2%, Financials 9.7%, Health Care 0.0%
Fill reconciliation: {'filled': 0, 'partial': 0, 'rejected': 1}
Open orders (1): MS sell 43.8344
Risk state: peak $99,703.60 | drawdown 0.67% | today -0.00% | halted: False
Market regime: NEUTRAL (position-size multiplier: 100% incl. circuit breaker 100%)
News: fetched 156, 0 new after dedup, 0 ticker(s) matched.
Quant pre-screen: 43/66 candidates passed.
Gemini proposed 2 trade(s) meeting the conviction bar.
Gemini calls used today (all models combined): 156
Market closed (overnight): queued 12 trade idea(s) for next-morning verification -- nothing submitted yet.
  -> queued SOLV buy (conf 89, stop 87.0, tp 94.0)
  -> queued COHR buy (conf 85, stop 105.5, tp 128.0)
  -> queued BSX buy (conf None, stop 49.01, tp 52.92)
  -> queued INTU buy (conf 82, stop 352.0, tp 390.0)
  -> queued CPRT buy (conf 82, stop 32.5, tp 36.5)
  -> queued T buy (conf 81, stop 24.8, tp 26.800000000000004)
  -> queued TSLA buy (conf 80, stop 323.73, tp 366.5)
  -> queued SLB buy (conf 80, stop 52.2, tp 57.0)
  -> queued DRI buy (conf 88, stop 213.0, tp 229.46)
  -> queued DE buy (conf 85, stop 579.5, tp 673.87)
  -> queued CVX buy (conf None, stop 189.13, tp 208.91)
  -> queued DASH buy (conf None, stop 206.73, tp 225.9)
Dashboard watchlist synced (6 symbols) for news/headlines.
Ending portfolio value: $99,039.83
Trade journal: all: 19 trades, 21% win rate, avg -2.19% | breakout: 1 trades, 0% win rate, avg -8.61% | other: 13 trades, 23% win rate, avg -1.93% | technical: 5 trades, 20% win rate, avg -1.58%
Self-learning: breakout: 1 trades, 0% win rate, avg -8.61% (LOSING) | other: 13 trades, 23% win rate, avg -1.93% (LOSING) | technical: 5 trades, 20% win rate, avg -1.58% (LOSING)
Performance: Total return +0.17% | Max drawdown 0.94% | Daily Sharpe 2.02 | 19 closed trades | Win rate 21% | Avg winner +1.83% | Avg loser -3.26% | Open positions: 4 | Equity $99,039.83
Engine P&L: legacy/unknown: realized $-1,705.68 (19 closed, 21% wins), unrealized $-64.86 (4 open) | Books: legacy: realized $-1,705.68, unrealized $-64.86
Reports: daily realized $+0.00; worst symbols none | weekly realized $-1,705.68; worst symbols HPE:-1286.89; COHR:-471.20; SNDK:-159.07; ANET:-45.31; NOW:-30.35
Shadow report: 2116 shadow candidate(s), 95 rejection group(s)
Timings: account: 0.0s | risk: 0.3s | decide: 3.2s | watchlist: 0.0s | perf: 0.0s

=== Run at 2026-08-22T13:00:36.726504 ===
Build fingerprint: 4f68550affe5
Current time: 2026-08-22 09:00 AM EDT | Market open (per Alpaca): False | Session: CLOSED
Account value: $99,039.83
Cash: $79,250.80 | Holdings (4): {'ERIE': '0.7641 sh (+2.23%)', 'GEHC': '0.6136 sh (+1.25%)', 'MS': '43.8344 sh (-3.06%)', 'MSI': '21.1281 sh (+2.28%)'}
Sector exposure (cached): Technology 10.2%, Financials 9.7%, Health Care 0.0%
Fill reconciliation: {'filled': 0, 'partial': 0, 'rejected': 1}
Open orders (1): MS sell 43.8344
Risk state: peak $99,703.60 | drawdown 0.67% | today -0.00% | halted: False
Market regime: NEUTRAL (position-size multiplier: 100% incl. circuit breaker 100%)
News: fetched 156, 2 new after dedup, 0 ticker(s) matched.
Quant pre-screen: 12/18 candidates passed.
Gemini proposed 2 trade(s) meeting the conviction bar.
Gemini calls used today (all models combined): 157
Market closed (overnight): queued 12 trade idea(s) for next-morning verification -- nothing submitted yet.
  -> queued SOLV buy (conf 89, stop 87.0, tp 94.0)
  -> queued COHR buy (conf 85, stop 105.5, tp 128.0)
  -> queued BSX buy (conf None, stop 49.01, tp 52.92)
  -> queued INTU buy (conf 82, stop 352.0, tp 390.0)
  -> queued CPRT buy (conf 82, stop 32.5, tp 36.5)
  -> queued T buy (conf 81, stop 24.8, tp 26.800000000000004)
  -> queued TSLA buy (conf 80, stop 323.73, tp 366.5)
  -> queued SLB buy (conf 80, stop 52.2, tp 57.0)
  -> queued DRI buy (conf 82, stop 213.0, tp 235.0)
  -> queued DE buy (conf 85, stop 625.0, tp 685.0000000000001)
  -> queued CVX buy (conf None, stop 189.13, tp 208.91)
  -> queued DASH buy (conf None, stop 206.73, tp 225.9)
Dashboard watchlist synced (6 symbols) for news/headlines.
Ending portfolio value: $99,039.83
Trade journal: all: 19 trades, 21% win rate, avg -2.19% | breakout: 1 trades, 0% win rate, avg -8.61% | other: 13 trades, 23% win rate, avg -1.93% | technical: 5 trades, 20% win rate, avg -1.58%
Self-learning: breakout: 1 trades, 0% win rate, avg -8.61% (LOSING) | other: 13 trades, 23% win rate, avg -1.93% (LOSING) | technical: 5 trades, 20% win rate, avg -1.58% (LOSING)
Performance: Total return +0.17% | Max drawdown 0.94% | Daily Sharpe 2.02 | 19 closed trades | Win rate 21% | Avg winner +1.83% | Avg loser -3.26% | Open positions: 4 | Equity $99,039.83
Engine P&L: legacy/unknown: realized $-1,705.68 (19 closed, 21% wins), unrealized $-64.86 (4 open) | Books: legacy: realized $-1,705.68, unrealized $-64.86
Reports: daily realized $+0.00; worst symbols none | weekly realized $-1,705.68; worst symbols HPE:-1286.89; COHR:-471.20; SNDK:-159.07; ANET:-45.31; NOW:-30.35
Shadow report: 2116 shadow candidate(s), 95 rejection group(s)
Timings: account: 0.0s | risk: 0.8s | decide: 5.6s | watchlist: 0.0s | perf: 0.1s

=== Run at 2026-08-22T13:02:28.426023 ===
Build fingerprint: 4f68550affe5
Current time: 2026-08-22 09:02 AM EDT | Market open (per Alpaca): False | Session: CLOSED
Account value: $99,039.83
Cash: $79,250.80 | Holdings (4): {'ERIE': '0.7641 sh (+2.23%)', 'GEHC': '0.6136 sh (+1.25%)', 'MS': '43.8344 sh (-3.06%)', 'MSI': '21.1281 sh (+2.28%)'}
Sector exposure (cached): Technology 10.2%, Financials 9.7%, Health Care 0.0%
Fill reconciliation: {'filled': 0, 'partial': 0, 'rejected': 1}
Open orders (1): MS sell 43.8344
Risk state: peak $99,703.60 | drawdown 0.67% | today -0.00% | halted: False
Market regime: NEUTRAL (position-size multiplier: 100% incl. circuit breaker 100%)
News: fetched 156, 1 new after dedup, 0 ticker(s) matched.
Quant pre-screen: 6/12 candidates passed.
Gemini proposed 0 trade(s) meeting the conviction bar.
Gemini calls used today (all models combined): 158
Market closed (overnight): no trade ideas queued this run.
Dashboard watchlist synced (4 symbols) for news/headlines.
Ending portfolio value: $99,039.83
Trade journal: all: 19 trades, 21% win rate, avg -2.19% | breakout: 1 trades, 0% win rate, avg -8.61% | other: 13 trades, 23% win rate, avg -1.93% | technical: 5 trades, 20% win rate, avg -1.58%
Self-learning: breakout: 1 trades, 0% win rate, avg -8.61% (LOSING) | other: 13 trades, 23% win rate, avg -1.93% (LOSING) | technical: 5 trades, 20% win rate, avg -1.58% (LOSING)
Performance: Total return +0.17% | Max drawdown 0.94% | Daily Sharpe 2.02 | 19 closed trades | Win rate 21% | Avg winner +1.83% | Avg loser -3.26% | Open positions: 4 | Equity $99,039.83
Engine P&L: legacy/unknown: realized $-1,705.68 (19 closed, 21% wins), unrealized $-64.86 (4 open) | Books: legacy: realized $-1,705.68, unrealized $-64.86
Reports: daily realized $+0.00; worst symbols none | weekly realized $-1,705.68; worst symbols HPE:-1286.89; COHR:-471.20; SNDK:-159.07; ANET:-45.31; NOW:-30.35
Shadow report: 2116 shadow candidate(s), 95 rejection group(s)
Timings: account: 0.0s | risk: 0.7s | decide: 15.8s | watchlist: 0.1s | perf: 0.1s

=== Run at 2026-08-22T13:04:23.732127 ===
Build fingerprint: 4f68550affe5
Current time: 2026-08-22 09:04 AM EDT | Market open (per Alpaca): False | Session: CLOSED
Account value: $99,039.83
Cash: $79,250.80 | Holdings (4): {'ERIE': '0.7641 sh (+2.23%)', 'GEHC': '0.6136 sh (+1.25%)', 'MS': '43.8344 sh (-3.06%)', 'MSI': '21.1281 sh (+2.28%)'}
Sector exposure (cached): Technology 10.2%, Financials 9.7%, Health Care 0.0%
Fill reconciliation: {'filled': 0, 'partial': 0, 'rejected': 1}
Open orders (1): MS sell 43.8344
Risk state: peak $99,703.60 | drawdown 0.67% | today -0.00% | halted: False
Market regime: NEUTRAL (position-size multiplier: 100% incl. circuit breaker 100%)
News: fetched 156, 0 new after dedup, 0 ticker(s) matched.
Quant pre-screen: 19/30 candidates passed.
Technical fallback (Gemini throttled/unavailable) proposed 8 trade(s) meeting the conviction bar.
Technical fallback cap omitted 6 weaker idea(s) this run.
Gemini calls used today (all models combined): 158
Market closed (overnight): queued 12 trade idea(s) for next-morning verification -- nothing submitted yet.
  -> queued SOLV buy (conf 89, stop 87.0, tp 94.0)
  -> queued COHR buy (conf 85, stop 105.5, tp 128.0)
  -> queued BSX buy (conf None, stop 49.01, tp 52.92)
  -> queued INTU buy (conf 82, stop 352.0, tp 390.0)
  -> queued T buy (conf 81, stop 24.8, tp 26.800000000000004)
  -> queued TSLA buy (conf 80, stop 323.73, tp 366.5)
  -> queued SLB buy (conf 80, stop 52.2, tp 57.0)
  -> queued DRI buy (conf None, stop 212.995, tp 229.46)
  -> queued DE buy (conf None, stop 579.5, tp 654.135)
  -> queued CPRT buy (conf None, stop 28.68, tp 34.625)
  -> queued CVX buy (conf None, stop 189.13, tp 208.91)
  -> queued DASH buy (conf None, stop 206.73, tp 225.9)
Dashboard watchlist synced (11 symbols) for news/headlines.
Ending portfolio value: $99,039.83
Trade journal: all: 19 trades, 21% win rate, avg -2.19% | breakout: 1 trades, 0% win rate, avg -8.61% | other: 13 trades, 23% win rate, avg -1.93% | technical: 5 trades, 20% win rate, avg -1.58%
Self-learning: breakout: 1 trades, 0% win rate, avg -8.61% (LOSING) | other: 13 trades, 23% win rate, avg -1.93% (LOSING) | technical: 5 trades, 20% win rate, avg -1.58% (LOSING)
Performance: Total return +0.17% | Max drawdown 0.94% | Daily Sharpe 2.02 | 19 closed trades | Win rate 21% | Avg winner +1.83% | Avg loser -3.26% | Open positions: 4 | Equity $99,039.83
Engine P&L: legacy/unknown: realized $-1,705.68 (19 closed, 21% wins), unrealized $-64.86 (4 open) | Books: legacy: realized $-1,705.68, unrealized $-64.86
Reports: daily realized $+0.00; worst symbols none | weekly realized $-1,705.68; worst symbols HPE:-1286.89; COHR:-471.20; SNDK:-159.07; ANET:-45.31; NOW:-30.35
Shadow report: 2116 shadow candidate(s), 95 rejection group(s)
Timings: account: 0.0s | risk: 0.3s | decide: 22.4s | watchlist: 0.0s | perf: 0.0s

=== Run at 2026-08-22T13:06:24.900162 ===
Build fingerprint: 4f68550affe5
Current time: 2026-08-22 09:06 AM EDT | Market open (per Alpaca): False | Session: CLOSED
Account value: $99,039.83
Cash: $79,250.80 | Holdings (4): {'ERIE': '0.7641 sh (+2.23%)', 'GEHC': '0.6136 sh (+1.25%)', 'MS': '43.8344 sh (-3.06%)', 'MSI': '21.1281 sh (+2.28%)'}
Sector exposure (cached): Technology 10.2%, Financials 9.7%, Health Care 0.0%
Fill reconciliation: {'filled': 0, 'partial': 0, 'rejected': 1}
Open orders (1): MS sell 43.8344
Risk state: peak $99,703.60 | drawdown 0.67% | today -0.00% | halted: False
Market regime: NEUTRAL (position-size multiplier: 100% incl. circuit breaker 100%)
News: fetched 156, 1 new after dedup, 0 ticker(s) matched.
Quant pre-screen: 27/42 candidates passed.
Gemini proposed 2 trade(s) meeting the conviction bar.
Gemini calls used today (all models combined): 159
Market closed (overnight): queued 12 trade idea(s) for next-morning verification -- nothing submitted yet.
  -> queued SOLV buy (conf 89, stop 87.0, tp 94.0)
  -> queued COHR buy (conf 85, stop 105.5, tp 128.0)
  -> queued BSX buy (conf None, stop 49.01, tp 52.92)
  -> queued INTU buy (conf 82, stop 352.0, tp 390.0)
  -> queued T buy (conf 81, stop 24.8, tp 26.800000000000004)
  -> queued TSLA buy (conf 80, stop 323.73, tp 366.5)
  -> queued SLB buy (conf 80, stop 52.2, tp 57.0)
  -> queued DRI buy (conf 85, stop 213.0, tp 235.0)
  -> queued DE buy (conf 88, stop 605.0, tp 690.0)
  -> queued CPRT buy (conf None, stop 28.68, tp 34.625)
  -> queued CVX buy (conf None, stop 189.13, tp 208.91)
  -> queued DASH buy (conf None, stop 206.73, tp 225.9)
Dashboard watchlist synced (6 symbols) for news/headlines.
Ending portfolio value: $99,039.83
Trade journal: all: 19 trades, 21% win rate, avg -2.19% | breakout: 1 trades, 0% win rate, avg -8.61% | other: 13 trades, 23% win rate, avg -1.93% | technical: 5 trades, 20% win rate, avg -1.58%
Self-learning: breakout: 1 trades, 0% win rate, avg -8.61% (LOSING) | other: 13 trades, 23% win rate, avg -1.93% (LOSING) | technical: 5 trades, 20% win rate, avg -1.58% (LOSING)
Performance: Total return +0.17% | Max drawdown 0.94% | Daily Sharpe 2.02 | 19 closed trades | Win rate 21% | Avg winner +1.83% | Avg loser -3.26% | Open positions: 4 | Equity $99,039.83
Engine P&L: legacy/unknown: realized $-1,705.68 (19 closed, 21% wins), unrealized $-64.86 (4 open) | Books: legacy: realized $-1,705.68, unrealized $-64.86
Reports: daily realized $+0.00; worst symbols none | weekly realized $-1,705.68; worst symbols HPE:-1286.89; COHR:-471.20; SNDK:-159.07; ANET:-45.31; NOW:-30.35
Shadow report: 2116 shadow candidate(s), 95 rejection group(s)
Timings: account: 0.0s | risk: 0.7s | decide: 20.6s | watchlist: 0.1s | perf: 0.1s

=== Run at 2026-08-22T13:08:27.837996 ===
Build fingerprint: 4f68550affe5
Current time: 2026-08-22 09:08 AM EDT | Market open (per Alpaca): False | Session: CLOSED
Account value: $99,039.83
Cash: $79,250.80 | Holdings (4): {'ERIE': '0.7641 sh (+2.23%)', 'GEHC': '0.6136 sh (+1.25%)', 'MS': '43.8344 sh (-3.06%)', 'MSI': '21.1281 sh (+2.28%)'}
Sector exposure (cached): Technology 10.2%, Financials 9.7%, Health Care 0.0%
Fill reconciliation: {'filled': 0, 'partial': 0, 'rejected': 1}
Open orders (1): MS sell 43.8344
Risk state: peak $99,703.60 | drawdown 0.67% | today -0.00% | halted: False
Market regime: NEUTRAL (position-size multiplier: 100% incl. circuit breaker 100%)
News: fetched 156, 0 new after dedup, 0 ticker(s) matched.
Quant pre-screen: 33/54 candidates passed.
Technical fallback (Gemini throttled/unavailable) proposed 8 trade(s) meeting the conviction bar.
Technical fallback cap omitted 13 weaker idea(s) this run.
Gemini calls used today (all models combined): 159
Market closed (overnight): queued 12 trade idea(s) for next-morning verification -- nothing submitted yet.
  -> queued SOLV buy (conf 89, stop 87.0, tp 94.0)
  -> queued COHR buy (conf 85, stop 105.5, tp 128.0)
  -> queued BSX buy (conf None, stop 49.01, tp 52.92)
  -> queued INTU buy (conf 82, stop 352.0, tp 390.0)
  -> queued T buy (conf 81, stop 24.8, tp 26.800000000000004)
  -> queued TSLA buy (conf 80, stop 323.73, tp 366.5)
  -> queued SLB buy (conf 80, stop 52.2, tp 57.0)
  -> queued DRI buy (conf None, stop 212.995, tp 229.46)
  -> queued DE buy (conf None, stop 579.5, tp 654.135)
  -> queued CPRT buy (conf None, stop 28.68, tp 34.625)
  -> queued CVX buy (conf None, stop 189.13, tp 208.91)
  -> queued DASH buy (conf None, stop 206.73, tp 225.9)
Run budget reserve reached -- skipping dashboard watchlist sync.
Run budget reserve reached -- skipping performance snapshot.
Trade journal: all: 19 trades, 21% win rate, avg -2.19% | breakout: 1 trades, 0% win rate, avg -8.61% | other: 13 trades, 23% win rate, avg -1.93% | technical: 5 trades, 20% win rate, avg -1.58%
Self-learning: breakout: 1 trades, 0% win rate, avg -8.61% (LOSING) | other: 13 trades, 23% win rate, avg -1.93% (LOSING) | technical: 5 trades, 20% win rate, avg -1.58% (LOSING)
Performance: Total return +0.17% | Max drawdown 0.94% | Daily Sharpe 2.02 | 19 closed trades | Win rate 21% | Avg winner +1.83% | Avg loser -3.26% | Open positions: 4 | Equity $99,039.83
Engine P&L: legacy/unknown: realized $-1,705.68 (19 closed, 21% wins), unrealized $-64.86 (4 open) | Books: legacy: realized $-1,705.68, unrealized $-64.86
Reports: daily realized $+0.00; worst symbols none | weekly realized $-1,705.68; worst symbols HPE:-1286.89; COHR:-471.20; SNDK:-159.07; ANET:-45.31; NOW:-30.35
Shadow report: 2116 shadow candidate(s), 95 rejection group(s)
Timings: account: 0.0s | risk: 1.4s | decide: 23.3s | watchlist: 0.0s | perf: 0.0s

=== Run at 2026-08-22T13:10:35.267962 ===
Build fingerprint: 4f68550affe5
Current time: 2026-08-22 09:10 AM EDT | Market open (per Alpaca): False | Session: CLOSED
Account value: $99,039.83
Cash: $79,250.80 | Holdings (4): {'ERIE': '0.7641 sh (+2.23%)', 'GEHC': '0.6136 sh (+1.25%)', 'MS': '43.8344 sh (-3.06%)', 'MSI': '21.1281 sh (+2.28%)'}
Sector exposure (cached): Technology 10.2%, Financials 9.7%, Health Care 0.0%
Fill reconciliation: {'filled': 0, 'partial': 0, 'rejected': 1}
Open orders (1): MS sell 43.8344
Risk state: peak $99,703.60 | drawdown 0.67% | today -0.00% | halted: False
Market regime: NEUTRAL (position-size multiplier: 100% incl. circuit breaker 100%)
News: fetched 156, 0 new after dedup, 0 ticker(s) matched.
Quant pre-screen: 42/66 candidates passed.
Gemini proposed 2 trade(s) meeting the conviction bar.
Gemini calls used today (all models combined): 160
Market closed (overnight): queued 12 trade idea(s) for next-morning verification -- nothing submitted yet.
  -> queued SOLV buy (conf 89, stop 87.0, tp 94.0)
  -> queued COHR buy (conf 85, stop 105.5, tp 128.0)
  -> queued BSX buy (conf None, stop 49.01, tp 52.92)
  -> queued INTU buy (conf 82, stop 352.0, tp 390.0)
  -> queued T buy (conf 81, stop 24.8, tp 26.800000000000004)
  -> queued TSLA buy (conf 80, stop 323.73, tp 366.5)
  -> queued SLB buy (conf 80, stop 52.2, tp 57.0)
  -> queued DRI buy (conf 88, stop 213.0, tp 235.0)
  -> queued DE buy (conf 85, stop 579.5, tp 673.0)
  -> queued CPRT buy (conf None, stop 28.68, tp 34.625)
  -> queued CVX buy (conf None, stop 189.13, tp 208.91)
  -> queued DASH buy (conf None, stop 206.73, tp 225.9)
Dashboard watchlist synced (6 symbols) for news/headlines.
Ending portfolio value: $99,039.83
Trade journal: all: 19 trades, 21% win rate, avg -2.19% | breakout: 1 trades, 0% win rate, avg -8.61% | other: 13 trades, 23% win rate, avg -1.93% | technical: 5 trades, 20% win rate, avg -1.58%
Self-learning: breakout: 1 trades, 0% win rate, avg -8.61% (LOSING) | other: 13 trades, 23% win rate, avg -1.93% (LOSING) | technical: 5 trades, 20% win rate, avg -1.58% (LOSING)
Performance: Total return +0.17% | Max drawdown 0.94% | Daily Sharpe 2.02 | 19 closed trades | Win rate 21% | Avg winner +1.83% | Avg loser -3.26% | Open positions: 4 | Equity $99,039.83
Engine P&L: legacy/unknown: realized $-1,705.68 (19 closed, 21% wins), unrealized $-64.86 (4 open) | Books: legacy: realized $-1,705.68, unrealized $-64.86
Reports: daily realized $+0.00; worst symbols none | weekly realized $-1,705.68; worst symbols HPE:-1286.89; COHR:-471.20; SNDK:-159.07; ANET:-45.31; NOW:-30.35
Shadow report: 2116 shadow candidate(s), 95 rejection group(s)
Timings: account: 0.0s | risk: 1.5s | decide: 10.5s | watchlist: 0.1s | perf: 0.2s

=== Run at 2026-08-22T13:12:24.926787 ===
Build fingerprint: 4f68550affe5
Current time: 2026-08-22 09:12 AM EDT | Market open (per Alpaca): False | Session: CLOSED
Account value: $99,039.83
Cash: $79,250.80 | Holdings (4): {'ERIE': '0.7641 sh (+2.23%)', 'GEHC': '0.6136 sh (+1.25%)', 'MS': '43.8344 sh (-3.06%)', 'MSI': '21.1281 sh (+2.28%)'}
Sector exposure (cached): Technology 10.2%, Financials 9.7%, Health Care 0.0%
Fill reconciliation: {'filled': 0, 'partial': 0, 'rejected': 1}
Open orders (1): MS sell 43.8344
Risk state: peak $99,703.60 | drawdown 0.67% | today -0.00% | halted: False
Market regime: NEUTRAL (position-size multiplier: 100% incl. circuit breaker 100%)
News: fetched 156, 3 new after dedup, 0 ticker(s) matched.
Quant pre-screen: 42/66 candidates passed.
Gemini proposed 2 trade(s) meeting the conviction bar.
Gemini calls used today (all models combined): 161
Market closed (overnight): queued 12 trade idea(s) for next-morning verification -- nothing submitted yet.
  -> queued SOLV buy (conf 89, stop 87.0, tp 94.0)
  -> queued COHR buy (conf 85, stop 105.5, tp 128.0)
  -> queued BSX buy (conf None, stop 49.01, tp 52.92)
  -> queued INTU buy (conf 82, stop 352.0, tp 390.0)
  -> queued T buy (conf 81, stop 24.8, tp 26.800000000000004)
  -> queued TSLA buy (conf 80, stop 323.73, tp 366.5)
  -> queued SLB buy (conf 80, stop 52.2, tp 57.0)
  -> queued DRI buy (conf 92, stop 213.0, tp 235.00000000000003)
  -> queued DE buy (conf 90, stop 579.5, tp 673.8700000000001)
  -> queued CPRT buy (conf None, stop 28.68, tp 34.625)
  -> queued CVX buy (conf None, stop 189.13, tp 208.91)
  -> queued DASH buy (conf None, stop 206.73, tp 225.9)
Dashboard watchlist synced (6 symbols) for news/headlines.
Ending portfolio value: $99,039.83
Trade journal: all: 19 trades, 21% win rate, avg -2.19% | breakout: 1 trades, 0% win rate, avg -8.61% | other: 13 trades, 23% win rate, avg -1.93% | technical: 5 trades, 20% win rate, avg -1.58%
Self-learning: breakout: 1 trades, 0% win rate, avg -8.61% (LOSING) | other: 13 trades, 23% win rate, avg -1.93% (LOSING) | technical: 5 trades, 20% win rate, avg -1.58% (LOSING)
Performance: Total return +0.17% | Max drawdown 0.94% | Daily Sharpe 2.02 | 19 closed trades | Win rate 21% | Avg winner +1.83% | Avg loser -3.26% | Open positions: 4 | Equity $99,039.83
Engine P&L: legacy/unknown: realized $-1,705.68 (19 closed, 21% wins), unrealized $-64.86 (4 open) | Books: legacy: realized $-1,705.68, unrealized $-64.86
Reports: daily realized $+0.00; worst symbols none | weekly realized $-1,705.68; worst symbols HPE:-1286.89; COHR:-471.20; SNDK:-159.07; ANET:-45.31; NOW:-30.35
Shadow report: 2116 shadow candidate(s), 95 rejection group(s)
Timings: account: 0.0s | risk: 1.1s | decide: 6.1s | watchlist: 0.1s | perf: 0.1s

=== Run at 2026-08-22T13:14:24.058586 ===
Build fingerprint: 4f68550affe5
Current time: 2026-08-22 09:14 AM EDT | Market open (per Alpaca): False | Session: CLOSED
Account value: $99,039.83
Cash: $79,250.80 | Holdings (4): {'ERIE': '0.7641 sh (+2.23%)', 'GEHC': '0.6136 sh (+1.25%)', 'MS': '43.8344 sh (-3.06%)', 'MSI': '21.1281 sh (+2.28%)'}
Sector exposure (cached): Technology 10.2%, Financials 9.7%, Health Care 0.0%
Fill reconciliation: {'filled': 0, 'partial': 0, 'rejected': 1}
Open orders (1): MS sell 43.8344
Risk state: peak $99,703.60 | drawdown 0.67% | today -0.00% | halted: False
Market regime: NEUTRAL (position-size multiplier: 100% incl. circuit breaker 100%)
News: fetched 156, 2 new after dedup, 0 ticker(s) matched.
Quant pre-screen: 42/66 candidates passed.
Gemini proposed 3 trade(s) meeting the conviction bar.
Gemini calls used today (all models combined): 162
Market closed (overnight): queued 12 trade idea(s) for next-morning verification -- nothing submitted yet.
  -> queued SOLV buy (conf 89, stop 87.0, tp 94.0)
  -> queued COHR buy (conf 85, stop 105.5, tp 128.0)
  -> queued BSX buy (conf None, stop 49.01, tp 52.92)
  -> queued INTU buy (conf 82, stop 352.0, tp 390.0)
  -> queued T buy (conf 81, stop 24.8, tp 26.800000000000004)
  -> queued TSLA buy (conf 80, stop 323.73, tp 366.5)
  -> queued SLB buy (conf 80, stop 52.2, tp 57.0)
  -> queued DRI buy (conf 92, stop 213.0, tp 235.00000000000003)
  -> queued DE buy (conf 90, stop 579.5, tp 673.87)
  -> queued CPRT buy (conf None, stop 28.68, tp 34.625)
  -> queued CVX buy (conf 88, stop 189.13, tp 214.65)
  -> queued DASH buy (conf None, stop 206.73, tp 225.9)
Dashboard watchlist synced (7 symbols) for news/headlines.
Ending portfolio value: $99,039.83
Trade journal: all: 19 trades, 21% win rate, avg -2.19% | breakout: 1 trades, 0% win rate, avg -8.61% | other: 13 trades, 23% win rate, avg -1.93% | technical: 5 trades, 20% win rate, avg -1.58%
Self-learning: breakout: 1 trades, 0% win rate, avg -8.61% (LOSING) | other: 13 trades, 23% win rate, avg -1.93% (LOSING) | technical: 5 trades, 20% win rate, avg -1.58% (LOSING)
Performance: Total return +0.17% | Max drawdown 0.94% | Daily Sharpe 2.02 | 19 closed trades | Win rate 21% | Avg winner +1.83% | Avg loser -3.26% | Open positions: 4 | Equity $99,039.83
Engine P&L: legacy/unknown: realized $-1,705.68 (19 closed, 21% wins), unrealized $-64.86 (4 open) | Books: legacy: realized $-1,705.68, unrealized $-64.86
Reports: daily realized $+0.00; worst symbols none | weekly realized $-1,705.68; worst symbols HPE:-1286.89; COHR:-471.20; SNDK:-159.07; ANET:-45.31; NOW:-30.35
Shadow report: 2116 shadow candidate(s), 95 rejection group(s)
Timings: account: 0.0s | risk: 0.6s | decide: 7.4s | watchlist: 0.0s | perf: 0.0s

=== Run at 2026-08-22T13:16:25.205668 ===
Build fingerprint: 4f68550affe5
Current time: 2026-08-22 09:16 AM EDT | Market open (per Alpaca): False | Session: CLOSED
Account value: $99,039.83
Cash: $79,250.80 | Holdings (4): {'ERIE': '0.7641 sh (+2.23%)', 'GEHC': '0.6136 sh (+1.25%)', 'MS': '43.8344 sh (-3.06%)', 'MSI': '21.1281 sh (+2.28%)'}
Sector exposure (cached): Technology 10.2%, Financials 9.7%, Health Care 0.0%
Fill reconciliation: {'filled': 0, 'partial': 0, 'rejected': 1}
Open orders (1): MS sell 43.8344
Risk state: peak $99,703.60 | drawdown 0.67% | today -0.00% | halted: False
Market regime: NEUTRAL (position-size multiplier: 100% incl. circuit breaker 100%)
News: fetched 118, 0 new after dedup, 0 ticker(s) matched.
Quant pre-screen: 42/66 candidates passed.
Gemini proposed 2 trade(s) meeting the conviction bar.
Gemini calls used today (all models combined): 163
Market closed (overnight): queued 12 trade idea(s) for next-morning verification -- nothing submitted yet.
  -> queued SOLV buy (conf 89, stop 87.0, tp 94.0)
  -> queued COHR buy (conf 85, stop 105.5, tp 128.0)
  -> queued BSX buy (conf None, stop 49.01, tp 52.92)
  -> queued INTU buy (conf 82, stop 352.0, tp 390.0)
  -> queued T buy (conf 81, stop 24.8, tp 26.800000000000004)
  -> queued TSLA buy (conf 80, stop 323.73, tp 366.5)
  -> queued SLB buy (conf 80, stop 52.2, tp 57.0)
  -> queued DRI buy (conf 85, stop 213.0, tp 229.46)
  -> queued DE buy (conf 82, stop 625.0, tp 670.0)
  -> queued CPRT buy (conf None, stop 28.68, tp 34.625)
  -> queued CVX buy (conf 88, stop 189.13, tp 214.65)
  -> queued DASH buy (conf None, stop 206.73, tp 225.9)
Dashboard watchlist synced (6 symbols) for news/headlines.
Ending portfolio value: $99,039.83
Trade journal: all: 19 trades, 21% win rate, avg -2.19% | breakout: 1 trades, 0% win rate, avg -8.61% | other: 13 trades, 23% win rate, avg -1.93% | technical: 5 trades, 20% win rate, avg -1.58%
Self-learning: breakout: 1 trades, 0% win rate, avg -8.61% (LOSING) | other: 13 trades, 23% win rate, avg -1.93% (LOSING) | technical: 5 trades, 20% win rate, avg -1.58% (LOSING)
Performance: Total return +0.17% | Max drawdown 0.94% | Daily Sharpe 2.02 | 19 closed trades | Win rate 21% | Avg winner +1.83% | Avg loser -3.26% | Open positions: 4 | Equity $99,039.83
Engine P&L: legacy/unknown: realized $-1,705.68 (19 closed, 21% wins), unrealized $-64.86 (4 open) | Books: legacy: realized $-1,705.68, unrealized $-64.86
Reports: daily realized $+0.00; worst symbols none | weekly realized $-1,705.68; worst symbols HPE:-1286.89; COHR:-471.20; SNDK:-159.07; ANET:-45.31; NOW:-30.35
Shadow report: 2116 shadow candidate(s), 95 rejection group(s)
Timings: account: 0.0s | risk: 0.2s | decide: 8.3s | watchlist: 0.0s | perf: 0.0s

=== Run at 2026-08-22T13:18:28.215656 ===
Build fingerprint: 4f68550affe5
Current time: 2026-08-22 09:18 AM EDT | Market open (per Alpaca): False | Session: CLOSED
Account value: $99,039.83
Cash: $79,250.80 | Holdings (4): {'ERIE': '0.7641 sh (+2.23%)', 'GEHC': '0.6136 sh (+1.25%)', 'MS': '43.8344 sh (-3.06%)', 'MSI': '21.1281 sh (+2.28%)'}
Sector exposure (cached): Technology 10.2%, Financials 9.7%, Health Care 0.0%
Fill reconciliation: {'filled': 0, 'partial': 0, 'rejected': 1}
Open orders (1): MS sell 43.8344
Risk state: peak $99,703.60 | drawdown 0.67% | today -0.00% | halted: False
Market regime: NEUTRAL (position-size multiplier: 100% incl. circuit breaker 100%)
News: fetched 156, 2 new after dedup, 3 ticker(s) matched.
Quant pre-screen: 17/24 candidates passed.
Gemini proposed 3 trade(s) meeting the conviction bar.
Gemini calls used today (all models combined): 164
Market closed (overnight): queued 12 trade idea(s) for next-morning verification -- nothing submitted yet.
  -> queued SOLV buy (conf 89, stop 87.0, tp 94.0)
  -> queued CVX buy (conf 88, stop 189.13, tp 214.65)
  -> queued COHR buy (conf 85, stop 105.5, tp 128.0)
  -> queued BSX buy (conf None, stop 49.01, tp 52.92)
  -> queued DRI buy (conf 85, stop 213.0, tp 235.00000000000003)
  -> queued INTU buy (conf 82, stop 352.0, tp 390.0)
  -> queued DE buy (conf 82, stop 579.5, tp 670.0)
  -> queued T buy (conf 81, stop 24.8, tp 26.800000000000004)
  -> queued TSLA buy (conf 80, stop 323.73, tp 366.5)
  -> queued SLB buy (conf 80, stop 52.2, tp 57.0)
  -> queued NWS buy (conf 80, stop 32.26, tp 36.5)
  -> queued CPRT buy (conf None, stop 28.68, tp 34.625)
Dashboard watchlist synced (10 symbols) for news/headlines.
Ending portfolio value: $99,039.83
Trade journal: all: 19 trades, 21% win rate, avg -2.19% | breakout: 1 trades, 0% win rate, avg -8.61% | other: 13 trades, 23% win rate, avg -1.93% | technical: 5 trades, 20% win rate, avg -1.58%
Self-learning: breakout: 1 trades, 0% win rate, avg -8.61% (LOSING) | other: 13 trades, 23% win rate, avg -1.93% (LOSING) | technical: 5 trades, 20% win rate, avg -1.58% (LOSING)
Performance: Total return +0.17% | Max drawdown 0.94% | Daily Sharpe 2.02 | 19 closed trades | Win rate 21% | Avg winner +1.83% | Avg loser -3.26% | Open positions: 4 | Equity $99,039.83
Engine P&L: legacy/unknown: realized $-1,705.68 (19 closed, 21% wins), unrealized $-64.86 (4 open) | Books: legacy: realized $-1,705.68, unrealized $-64.86
Reports: daily realized $+0.00; worst symbols none | weekly realized $-1,705.68; worst symbols HPE:-1286.89; COHR:-471.20; SNDK:-159.07; ANET:-45.31; NOW:-30.35
Shadow report: 2116 shadow candidate(s), 95 rejection group(s)
Timings: account: 0.0s | risk: 1.4s | decide: 11.9s | watchlist: 0.1s | perf: 0.1s

=== Run at 2026-08-22T13:20:28.800677 ===
Build fingerprint: 4f68550affe5
Current time: 2026-08-22 09:20 AM EDT | Market open (per Alpaca): False | Session: CLOSED
Account value: $99,039.83
Cash: $79,250.80 | Holdings (4): {'ERIE': '0.7641 sh (+2.23%)', 'GEHC': '0.6136 sh (+1.25%)', 'MS': '43.8344 sh (-3.06%)', 'MSI': '21.1281 sh (+2.28%)'}
Sector exposure (cached): Technology 10.2%, Financials 9.7%, Health Care 0.0%
Fill reconciliation: {'filled': 0, 'partial': 0, 'rejected': 1}
Open orders (1): MS sell 43.8344
Risk state: peak $99,703.60 | drawdown 0.67% | today -0.00% | halted: False
Market regime: NEUTRAL (position-size multiplier: 100% incl. circuit breaker 100%)
News: fetched 156, 2 new after dedup, 0 ticker(s) matched.
Quant pre-screen: 42/66 candidates passed.
Gemini proposed 2 trade(s) meeting the conviction bar.
Gemini calls used today (all models combined): 165
Market closed (overnight): queued 12 trade idea(s) for next-morning verification -- nothing submitted yet.
  -> queued SOLV buy (conf 89, stop 87.0, tp 94.0)
  -> queued CVX buy (conf 88, stop 189.13, tp 214.65)
  -> queued COHR buy (conf 85, stop 105.5, tp 128.0)
  -> queued BSX buy (conf None, stop 49.01, tp 52.92)
  -> queued DRI buy (conf 88, stop 213.0, tp 229.46)
  -> queued INTU buy (conf 82, stop 352.0, tp 390.0)
  -> queued DE buy (conf 85, stop 579.5, tp 673.87)
  -> queued T buy (conf 81, stop 24.8, tp 26.800000000000004)
  -> queued TSLA buy (conf 80, stop 323.73, tp 366.5)
  -> queued SLB buy (conf 80, stop 52.2, tp 57.0)
  -> queued NWS buy (conf 80, stop 32.26, tp 36.5)
  -> queued CPRT buy (conf None, stop 28.68, tp 34.625)
Dashboard watchlist synced (6 symbols) for news/headlines.
Ending portfolio value: $99,039.83
Trade journal: all: 19 trades, 21% win rate, avg -2.19% | breakout: 1 trades, 0% win rate, avg -8.61% | other: 13 trades, 23% win rate, avg -1.93% | technical: 5 trades, 20% win rate, avg -1.58%
Self-learning: breakout: 1 trades, 0% win rate, avg -8.61% (LOSING) | other: 13 trades, 23% win rate, avg -1.93% (LOSING) | technical: 5 trades, 20% win rate, avg -1.58% (LOSING)
Performance: Total return +0.17% | Max drawdown 0.94% | Daily Sharpe 2.02 | 19 closed trades | Win rate 21% | Avg winner +1.83% | Avg loser -3.26% | Open positions: 4 | Equity $99,039.83
Engine P&L: legacy/unknown: realized $-1,705.68 (19 closed, 21% wins), unrealized $-64.86 (4 open) | Books: legacy: realized $-1,705.68, unrealized $-64.86
Reports: daily realized $+0.00; worst symbols none | weekly realized $-1,705.68; worst symbols HPE:-1286.89; COHR:-471.20; SNDK:-159.07; ANET:-45.31; NOW:-30.35
Shadow report: 2116 shadow candidate(s), 95 rejection group(s)
Timings: account: 0.0s | risk: 0.3s | decide: 2.3s | watchlist: 0.0s | perf: 0.0s

=== Run at 2026-08-22T13:22:28.120830 ===
Build fingerprint: 4f68550affe5
Current time: 2026-08-22 09:22 AM EDT | Market open (per Alpaca): False | Session: CLOSED
Account value: $99,039.83
Cash: $79,250.80 | Holdings (4): {'ERIE': '0.7641 sh (+2.23%)', 'GEHC': '0.6136 sh (+1.25%)', 'MS': '43.8344 sh (-3.06%)', 'MSI': '21.1281 sh (+2.28%)'}
Sector exposure (cached): Technology 10.2%, Financials 9.7%, Health Care 0.0%
Fill reconciliation: {'filled': 0, 'partial': 0, 'rejected': 1}
Open orders (1): MS sell 43.8344
Risk state: peak $99,703.60 | drawdown 0.67% | today -0.00% | halted: False
Market regime: NEUTRAL (position-size multiplier: 100% incl. circuit breaker 100%)
News: fetched 156, 0 new after dedup, 0 ticker(s) matched.
Quant pre-screen: 42/66 candidates passed.
Gemini proposed 1 trade(s) meeting the conviction bar.
Gemini calls used today (all models combined): 166
Market closed (overnight): queued 12 trade idea(s) for next-morning verification -- nothing submitted yet.
  -> queued SOLV buy (conf 89, stop 87.0, tp 94.0)
  -> queued CVX buy (conf 88, stop 189.13, tp 214.65)
  -> queued COHR buy (conf 85, stop 105.5, tp 128.0)
  -> queued BSX buy (conf None, stop 49.01, tp 52.92)
  -> queued DRI buy (conf 85, stop 213.0, tp 229.46)
  -> queued INTU buy (conf 82, stop 352.0, tp 390.0)
  -> queued DE buy (conf 85, stop 579.5, tp 673.87)
  -> queued T buy (conf 81, stop 24.8, tp 26.800000000000004)
  -> queued TSLA buy (conf 80, stop 323.73, tp 366.5)
  -> queued SLB buy (conf 80, stop 52.2, tp 57.0)
  -> queued NWS buy (conf 80, stop 32.26, tp 36.5)
  -> queued CPRT buy (conf None, stop 28.68, tp 34.625)
Dashboard watchlist synced (5 symbols) for news/headlines.
Ending portfolio value: $99,039.83
Trade journal: all: 19 trades, 21% win rate, avg -2.19% | breakout: 1 trades, 0% win rate, avg -8.61% | other: 13 trades, 23% win rate, avg -1.93% | technical: 5 trades, 20% win rate, avg -1.58%
Self-learning: breakout: 1 trades, 0% win rate, avg -8.61% (LOSING) | other: 13 trades, 23% win rate, avg -1.93% (LOSING) | technical: 5 trades, 20% win rate, avg -1.58% (LOSING)
Performance: Total return +0.17% | Max drawdown 0.94% | Daily Sharpe 2.02 | 19 closed trades | Win rate 21% | Avg winner +1.83% | Avg loser -3.26% | Open positions: 4 | Equity $99,039.83
Engine P&L: legacy/unknown: realized $-1,705.68 (19 closed, 21% wins), unrealized $-64.86 (4 open) | Books: legacy: realized $-1,705.68, unrealized $-64.86
Reports: daily realized $+0.00; worst symbols none | weekly realized $-1,705.68; worst symbols HPE:-1286.89; COHR:-471.20; SNDK:-159.07; ANET:-45.31; NOW:-30.35
Shadow report: 2116 shadow candidate(s), 95 rejection group(s)
Timings: account: 0.0s | risk: 1.6s | decide: 7.2s | watchlist: 0.1s | perf: 0.2s

=== Run at 2026-08-22T13:24:59.130179 ===
=== Run at 2026-08-22T13:24:28.624460 ===
Build fingerprint: 4f68550affe5
Current time: 2026-08-22 09:24 AM EDT | Market open (per Alpaca): False | Session: CLOSED
Account value: $99,039.83
Cash: $79,250.80 | Holdings (4): {'ERIE': '0.7641 sh (+2.23%)', 'GEHC': '0.6136 sh (+1.25%)', 'MS': '43.8344 sh (-3.06%)', 'MSI': '21.1281 sh (+2.28%)'}
Sector exposure (cached): Technology 10.2%, Financials 9.7%, Health Care 0.0%
Fill reconciliation: {'filled': 0, 'partial': 0, 'rejected': 1}
Open orders (1): MS sell 43.8344
Risk state: peak $99,703.60 | drawdown 0.67% | today -0.00% | halted: False
Market regime: NEUTRAL (position-size multiplier: 100% incl. circuit breaker 100%)
News: fetched 156, 1 new after dedup, 0 ticker(s) matched.
Quant pre-screen: 42/66 candidates passed.
Gemini proposed 2 trade(s) meeting the conviction bar.
News: fetched 156, 0 new after dedup, 0 ticker(s) matched.
Quant pre-screen: 42/66 candidates passed.
Gemini proposed 1 trade(s) meeting the conviction bar.
Gemini calls used today (all models combined): 167
Market closed (overnight): queued 12 trade idea(s) for next-morning verification -- nothing submitted yet.
  -> queued SOLV buy (conf 89, stop 87.0, tp 94.0)
  -> queued CVX buy (conf 88, stop 189.13, tp 214.65)
  -> queued COHR buy (conf 85, stop 105.5, tp 128.0)
  -> queued BSX buy (conf None, stop 49.01, tp 52.92)
  -> queued DRI buy (conf 88, stop 213.0, tp 235.00000000000003)
  -> queued DRI buy (conf 85, stop 213.0, tp None)
  -> queued INTU buy (conf 82, stop 352.0, tp 390.0)
  -> queued DE buy (conf 85, stop 579.5, tp 673.87)
  -> queued T buy (conf 81, stop 24.8, tp 26.800000000000004)
  -> queued TSLA buy (conf 80, stop 323.73, tp 366.5)
  -> queued SLB buy (conf 80, stop 52.2, tp 57.0)
  -> queued NWS buy (conf 80, stop 32.26, tp 36.5)
  -> queued CPRT buy (conf None, stop 28.68, tp 34.625)
Dashboard watchlist synced (6 symbols) for news/headlines.
Dashboard watchlist synced (5 symbols) for news/headlines.
Ending portfolio value: $99,039.83
Trade journal: all: 19 trades, 21% win rate, avg -2.19% | breakout: 1 trades, 0% win rate, avg -8.61% | other: 13 trades, 23% win rate, avg -1.93% | technical: 5 trades, 20% win rate, avg -1.58%
Self-learning: breakout: 1 trades, 0% win rate, avg -8.61% (LOSING) | other: 13 trades, 23% win rate, avg -1.93% (LOSING) | technical: 5 trades, 20% win rate, avg -1.58% (LOSING)
Performance: Total return +0.17% | Max drawdown 0.94% | Daily Sharpe 2.02 | 19 closed trades | Win rate 21% | Avg winner +1.83% | Avg loser -3.26% | Open positions: 4 | Equity $99,039.83
Engine P&L: legacy/unknown: realized $-1,705.68 (19 closed, 21% wins), unrealized $-64.86 (4 open) | Books: legacy: realized $-1,705.68, unrealized $-64.86
Reports: daily realized $+0.00; worst symbols none | weekly realized $-1,705.68; worst symbols HPE:-1286.89; COHR:-471.20; SNDK:-159.07; ANET:-45.31; NOW:-30.35
Shadow report: 2116 shadow candidate(s), 95 rejection group(s)
Timings: account: 0.0s | risk: 0.8s | decide: 4.2s | watchlist: 0.1s | perf: 0.1s
Timings: account: 0.0s | risk: 0.4s | decide: 8.0s | watchlist: 0.0s | perf: 0.0s

=== Run at 2026-08-22T13:26:23.060629 ===
Build fingerprint: 4f68550affe5
Current time: 2026-08-22 09:26 AM EDT | Market open (per Alpaca): False | Session: CLOSED
Account value: $99,039.83
Cash: $79,250.80 | Holdings (4): {'ERIE': '0.7641 sh (+2.23%)', 'GEHC': '0.6136 sh (+1.25%)', 'MS': '43.8344 sh (-3.06%)', 'MSI': '21.1281 sh (+2.28%)'}
Sector exposure (cached): Technology 10.2%, Financials 9.7%, Health Care 0.0%
Fill reconciliation: {'filled': 0, 'partial': 0, 'rejected': 1}
Open orders (1): MS sell 43.8344
Risk state: peak $99,703.60 | drawdown 0.67% | today -0.00% | halted: False
Market regime: NEUTRAL (position-size multiplier: 100% incl. circuit breaker 100%)
News: fetched 156, 0 new after dedup, 0 ticker(s) matched.
Quant pre-screen: 42/66 candidates passed.
Gemini proposed 2 trade(s) meeting the conviction bar.
Gemini calls used today (all models combined): 168
Market closed (overnight): queued 12 trade idea(s) for next-morning verification -- nothing submitted yet.
  -> queued SOLV buy (conf 89, stop 87.0, tp 94.0)
  -> queued CVX buy (conf 88, stop 189.13, tp 214.65)
  -> queued COHR buy (conf 85, stop 105.5, tp 128.0)
  -> queued BSX buy (conf None, stop 49.01, tp 52.92)
  -> queued DRI buy (conf 92, stop 213.0, tp 229.46)
  -> queued INTU buy (conf 82, stop 352.0, tp 390.0)
  -> queued DE buy (conf 90, stop 579.5, tp 654.13)
  -> queued T buy (conf 81, stop 24.8, tp 26.800000000000004)
  -> queued TSLA buy (conf 80, stop 323.73, tp 366.5)
  -> queued SLB buy (conf 80, stop 52.2, tp 57.0)
  -> queued NWS buy (conf 80, stop 32.26, tp 36.5)
  -> queued CPRT buy (conf None, stop 28.68, tp 34.625)
Dashboard watchlist synced (6 symbols) for news/headlines.
Ending portfolio value: $99,039.83
Trade journal: all: 19 trades, 21% win rate, avg -2.19% | breakout: 1 trades, 0% win rate, avg -8.61% | other: 13 trades, 23% win rate, avg -1.93% | technical: 5 trades, 20% win rate, avg -1.58%
Self-learning: breakout: 1 trades, 0% win rate, avg -8.61% (LOSING) | other: 13 trades, 23% win rate, avg -1.93% (LOSING) | technical: 5 trades, 20% win rate, avg -1.58% (LOSING)
Performance: Total return +0.17% | Max drawdown 0.94% | Daily Sharpe 2.02 | 19 closed trades | Win rate 21% | Avg winner +1.83% | Avg loser -3.26% | Open positions: 4 | Equity $99,039.83
Engine P&L: legacy/unknown: realized $-1,705.68 (19 closed, 21% wins), unrealized $-64.86 (4 open) | Books: legacy: realized $-1,705.68, unrealized $-64.86
Reports: daily realized $+0.00; worst symbols none | weekly realized $-1,705.68; worst symbols HPE:-1286.89; COHR:-471.20; SNDK:-159.07; ANET:-45.31; NOW:-30.35
Shadow report: 2116 shadow candidate(s), 95 rejection group(s)
Timings: account: 0.0s | risk: 1.1s | decide: 5.4s | watchlist: 0.1s | perf: 0.1s

=== Run at 2026-08-22T13:28:29.381592 ===
Build fingerprint: 4f68550affe5
Current time: 2026-08-22 09:28 AM EDT | Market open (per Alpaca): False | Session: CLOSED
Account value: $99,039.83
Cash: $79,250.80 | Holdings (4): {'ERIE': '0.7641 sh (+2.23%)', 'GEHC': '0.6136 sh (+1.25%)', 'MS': '43.8344 sh (-3.06%)', 'MSI': '21.1281 sh (+2.28%)'}
Sector exposure (cached): Technology 10.2%, Financials 9.7%, Health Care 0.0%
Fill reconciliation: {'filled': 0, 'partial': 0, 'rejected': 1}
Open orders (1): MS sell 43.8344
Risk state: peak $99,703.60 | drawdown 0.67% | today -0.00% | halted: False
Market regime: NEUTRAL (position-size multiplier: 100% incl. circuit breaker 100%)
News: fetched 156, 2 new after dedup, 0 ticker(s) matched.
Quant pre-screen: 42/66 candidates passed.
Gemini proposed 2 trade(s) meeting the conviction bar.
Gemini calls used today (all models combined): 169
Market closed (overnight): queued 12 trade idea(s) for next-morning verification -- nothing submitted yet.
  -> queued SOLV buy (conf 89, stop 87.0, tp 94.0)
  -> queued CVX buy (conf 88, stop 189.13, tp 214.65)
  -> queued COHR buy (conf 85, stop 105.5, tp 128.0)
  -> queued BSX buy (conf None, stop 49.01, tp 52.92)
  -> queued DRI buy (conf 88, stop 213.0, tp 235.00000000000003)
  -> queued INTU buy (conf 82, stop 352.0, tp 390.0)
  -> queued DE buy (conf 85, stop 579.5, tp 690.0)
  -> queued T buy (conf 81, stop 24.8, tp 26.800000000000004)
  -> queued TSLA buy (conf 80, stop 323.73, tp 366.5)
  -> queued SLB buy (conf 80, stop 52.2, tp 57.0)
  -> queued NWS buy (conf 80, stop 32.26, tp 36.5)
  -> queued CPRT buy (conf None, stop 28.68, tp 34.625)
Dashboard watchlist synced (6 symbols) for news/headlines.
Ending portfolio value: $99,039.83
Trade journal: all: 19 trades, 21% win rate, avg -2.19% | breakout: 1 trades, 0% win rate, avg -8.61% | other: 13 trades, 23% win rate, avg -1.93% | technical: 5 trades, 20% win rate, avg -1.58%
Self-learning: breakout: 1 trades, 0% win rate, avg -8.61% (LOSING) | other: 13 trades, 23% win rate, avg -1.93% (LOSING) | technical: 5 trades, 20% win rate, avg -1.58% (LOSING)
Performance: Total return +0.17% | Max drawdown 0.94% | Daily Sharpe 2.02 | 19 closed trades | Win rate 21% | Avg winner +1.83% | Avg loser -3.26% | Open positions: 4 | Equity $99,039.83
Engine P&L: legacy/unknown: realized $-1,705.68 (19 closed, 21% wins), unrealized $-64.86 (4 open) | Books: legacy: realized $-1,705.68, unrealized $-64.86
Reports: daily realized $+0.00; worst symbols none | weekly realized $-1,705.68; worst symbols HPE:-1286.89; COHR:-471.20; SNDK:-159.07; ANET:-45.31; NOW:-30.35
Shadow report: 2116 shadow candidate(s), 95 rejection group(s)
Timings: account: 0.0s | risk: 1.5s | decide: 6.6s | watchlist: 0.1s | perf: 0.2s

=== Run at 2026-08-22T13:30:31.204310 ===
Build fingerprint: 4f68550affe5
Current time: 2026-08-22 09:30 AM EDT | Market open (per Alpaca): False | Session: CLOSED
Account value: $99,039.83
Cash: $79,250.80 | Holdings (4): {'ERIE': '0.7641 sh (+2.23%)', 'GEHC': '0.6136 sh (+1.25%)', 'MS': '43.8344 sh (-3.06%)', 'MSI': '21.1281 sh (+2.28%)'}
Sector exposure (cached): Technology 10.2%, Financials 9.7%, Health Care 0.0%
Fill reconciliation: {'filled': 0, 'partial': 0, 'rejected': 1}
Open orders (1): MS sell 43.8344
Risk state: peak $99,703.60 | drawdown 0.67% | today -0.00% | halted: False
Market regime: NEUTRAL (position-size multiplier: 100% incl. circuit breaker 100%)
News: fetched 156, 1 new after dedup, 0 ticker(s) matched.
Quant pre-screen: 42/66 candidates passed.
Gemini proposed 2 trade(s) meeting the conviction bar.
Gemini calls used today (all models combined): 170
Market closed (overnight): queued 12 trade idea(s) for next-morning verification -- nothing submitted yet.
  -> queued SOLV buy (conf 89, stop 87.0, tp 94.0)
  -> queued CVX buy (conf 80, stop 189.13, tp 214.65)
  -> queued COHR buy (conf 85, stop 105.5, tp 128.0)
  -> queued BSX buy (conf None, stop 49.01, tp 52.92)
  -> queued DRI buy (conf 85, stop 213.0, tp 229.46)
  -> queued INTU buy (conf 82, stop 352.0, tp 390.0)
  -> queued DE buy (conf 85, stop 579.5, tp 690.0)
  -> queued T buy (conf 81, stop 24.8, tp 26.800000000000004)
  -> queued TSLA buy (conf 80, stop 323.73, tp 366.5)
  -> queued SLB buy (conf 80, stop 52.2, tp 57.0)
  -> queued NWS buy (conf 80, stop 32.26, tp 36.5)
  -> queued CPRT buy (conf None, stop 28.68, tp 34.625)
Dashboard watchlist synced (6 symbols) for news/headlines.
Ending portfolio value: $99,039.83
Trade journal: all: 19 trades, 21% win rate, avg -2.19% | breakout: 1 trades, 0% win rate, avg -8.61% | other: 13 trades, 23% win rate, avg -1.93% | technical: 5 trades, 20% win rate, avg -1.58%
Self-learning: breakout: 1 trades, 0% win rate, avg -8.61% (LOSING) | other: 13 trades, 23% win rate, avg -1.93% (LOSING) | technical: 5 trades, 20% win rate, avg -1.58% (LOSING)
Performance: Total return +0.17% | Max drawdown 0.94% | Daily Sharpe 2.02 | 19 closed trades | Win rate 21% | Avg winner +1.83% | Avg loser -3.26% | Open positions: 4 | Equity $99,039.83
Engine P&L: legacy/unknown: realized $-1,705.68 (19 closed, 21% wins), unrealized $-64.86 (4 open) | Books: legacy: realized $-1,705.68, unrealized $-64.86
Reports: daily realized $+0.00; worst symbols none | weekly realized $-1,705.68; worst symbols HPE:-1286.89; COHR:-471.20; SNDK:-159.07; ANET:-45.31; NOW:-30.35
Shadow report: 2116 shadow candidate(s), 95 rejection group(s)
Timings: account: 0.0s | risk: 0.7s | decide: 12.2s | watchlist: 0.0s | perf: 0.0s

=== Run at 2026-08-22T13:32:19.995522 ===
Build fingerprint: 4f68550affe5
Current time: 2026-08-22 09:32 AM EDT | Market open (per Alpaca): False | Session: CLOSED
Account value: $99,039.83
Cash: $79,250.80 | Holdings (4): {'ERIE': '0.7641 sh (+2.23%)', 'GEHC': '0.6136 sh (+1.25%)', 'MS': '43.8344 sh (-3.06%)', 'MSI': '21.1281 sh (+2.28%)'}
Sector exposure (cached): Technology 10.2%, Financials 9.7%, Health Care 0.0%
Fill reconciliation: {'filled': 0, 'partial': 0, 'rejected': 1}
Open orders (1): MS sell 43.8344
Risk state: peak $99,703.60 | drawdown 0.67% | today -0.00% | halted: False
Stagnation/holding-time exits: 1
  -> {"timestamp": "2026-08-22T13:32:21.266387", "ticker": "ERIE", "action": "sell", "qty": 0.7641, "conviction": 10, "engine": "legacy/unknown", "size_multiplier": 1.0, "order_id": "c973e7e0-c988-4eff-8af9-12d7ed1363b4", "order_status": "OrderStatus.ACCEPTED", "stop_loss": null, "take_profit": null, "reasoning": "Maximum holding time: 120.0h >= 120.0h", "status": "submitted", "trigger": "max_holding_time"}
Market regime: NEUTRAL (position-size multiplier: 100% incl. circuit breaker 100%)
News: fetched 156, 0 new after dedup, 0 ticker(s) matched.
Quant pre-screen: 42/66 candidates passed.
Gemini proposed 2 trade(s) meeting the conviction bar.
Gemini calls used today (all models combined): 171
Market closed (overnight): queued 12 trade idea(s) for next-morning verification -- nothing submitted yet.
  -> queued SOLV buy (conf 89, stop 87.0, tp 94.0)
  -> queued CVX buy (conf 80, stop 189.13, tp 214.65)
  -> queued COHR buy (conf 85, stop 105.5, tp 128.0)
  -> queued BSX buy (conf None, stop 49.01, tp 52.92)
  -> queued DRI buy (conf 88, stop 213.0, tp 235.00000000000003)
  -> queued INTU buy (conf 82, stop 352.0, tp 390.0)
  -> queued DE buy (conf 85, stop 625.0, tp 680.0)
  -> queued T buy (conf 81, stop 24.8, tp 26.800000000000004)
  -> queued TSLA buy (conf 80, stop 323.73, tp 366.5)
  -> queued SLB buy (conf 80, stop 52.2, tp 57.0)
  -> queued NWS buy (conf 80, stop 32.26, tp 36.5)
  -> queued CPRT buy (conf None, stop 28.68, tp 34.625)
Dashboard watchlist synced (6 symbols) for news/headlines.
Ending portfolio value: $99,039.83
Trade journal: all: 19 trades, 21% win rate, avg -2.19% | breakout: 1 trades, 0% win rate, avg -8.61% | other: 13 trades, 23% win rate, avg -1.93% | technical: 5 trades, 20% win rate, avg -1.58%
Self-learning: breakout: 1 trades, 0% win rate, avg -8.61% (LOSING) | other: 13 trades, 23% win rate, avg -1.93% (LOSING) | technical: 5 trades, 20% win rate, avg -1.58% (LOSING)
Performance: Total return +0.17% | Max drawdown 0.94% | Daily Sharpe 2.02 | 19 closed trades | Win rate 21% | Avg winner +1.83% | Avg loser -3.26% | Open positions: 4 | Equity $99,039.83
Engine P&L: legacy/unknown: realized $-1,705.68 (19 closed, 21% wins), unrealized $-64.86 (4 open) | Books: legacy: realized $-1,705.68, unrealized $-64.86
Reports: daily realized $+0.00; worst symbols none | weekly realized $-1,705.68; worst symbols HPE:-1286.89; COHR:-471.20; SNDK:-159.07; ANET:-45.31; NOW:-30.35
Shadow report: 2116 shadow candidate(s), 95 rejection group(s)
Timings: account: 0.0s | risk: 1.0s | decide: 5.4s | watchlist: 0.1s | perf: 0.1s

=== Run at 2026-08-22T13:34:27.195479 ===
Build fingerprint: 4f68550affe5
Current time: 2026-08-22 09:34 AM EDT | Market open (per Alpaca): False | Session: CLOSED
Account value: $99,039.83
Cash: $79,250.80 | Holdings (4): {'ERIE': '0.7641 sh (+2.23%)', 'GEHC': '0.6136 sh (+1.25%)', 'MS': '43.8344 sh (-3.06%)', 'MSI': '21.1281 sh (+2.28%)'}
Sector exposure (cached): Technology 10.2%, Financials 9.7%, Health Care 0.0%
Fill reconciliation: {'filled': 0, 'partial': 0, 'rejected': 1}
Open orders (2): ERIE sell 0.7641, MS sell 43.8344
Risk state: peak $99,703.60 | drawdown 0.67% | today -0.00% | halted: False
Market regime: NEUTRAL (position-size multiplier: 100% incl. circuit breaker 100%)
News: fetched 56, 0 new after dedup, 0 ticker(s) matched.
Quant pre-screen: 42/66 candidates passed.
Gemini proposed 3 trade(s) meeting the conviction bar.
Gemini calls used today (all models combined): 172
Market closed (overnight): queued 12 trade idea(s) for next-morning verification -- nothing submitted yet.
  -> queued SOLV buy (conf 89, stop 87.0, tp 94.0)
  -> queued CVX buy (conf 85, stop 189.13, tp 215.0)
  -> queued COHR buy (conf 85, stop 105.5, tp 128.0)
  -> queued BSX buy (conf None, stop 49.01, tp 52.92)
  -> queued DRI buy (conf 90, stop 213.0, tp 235.00000000000003)
  -> queued INTU buy (conf 82, stop 352.0, tp 390.0)
  -> queued DE buy (conf 88, stop 579.5, tp 680.0)
  -> queued T buy (conf 81, stop 24.8, tp 26.800000000000004)
  -> queued TSLA buy (conf 80, stop 323.73, tp 366.5)
  -> queued SLB buy (conf 80, stop 52.2, tp 57.0)
  -> queued NWS buy (conf 80, stop 32.26, tp 36.5)
  -> queued CPRT buy (conf None, stop 28.68, tp 34.625)
Dashboard watchlist synced (7 symbols) for news/headlines.
Ending portfolio value: $99,039.83
Trade journal: all: 19 trades, 21% win rate, avg -2.19% | breakout: 1 trades, 0% win rate, avg -8.61% | other: 13 trades, 23% win rate, avg -1.93% | technical: 5 trades, 20% win rate, avg -1.58%
Self-learning: breakout: 1 trades, 0% win rate, avg -8.61% (LOSING) | other: 13 trades, 23% win rate, avg -1.93% (LOSING) | technical: 5 trades, 20% win rate, avg -1.58% (LOSING)
Performance: Total return +0.17% | Max drawdown 0.94% | Daily Sharpe 2.02 | 19 closed trades | Win rate 21% | Avg winner +1.83% | Avg loser -3.26% | Open positions: 4 | Equity $99,039.83
Engine P&L: legacy/unknown: realized $-1,705.68 (19 closed, 21% wins), unrealized $-64.86 (4 open) | Books: legacy: realized $-1,705.68, unrealized $-64.86
Reports: daily realized $+0.00; worst symbols none | weekly realized $-1,705.68; worst symbols HPE:-1286.89; COHR:-471.20; SNDK:-159.07; ANET:-45.31; NOW:-30.35
Shadow report: 2116 shadow candidate(s), 95 rejection group(s)
Timings: account: 0.0s | risk: 0.3s | decide: 2.9s | watchlist: 0.0s | perf: 0.0s

=== Run at 2026-08-22T13:36:24.297900 ===
Build fingerprint: 4f68550affe5
Current time: 2026-08-22 09:36 AM EDT | Market open (per Alpaca): False | Session: CLOSED
Account value: $99,039.83
Cash: $79,250.80 | Holdings (4): {'ERIE': '0.7641 sh (+2.23%)', 'GEHC': '0.6136 sh (+1.25%)', 'MS': '43.8344 sh (-3.06%)', 'MSI': '21.1281 sh (+2.28%)'}
Sector exposure (cached): Technology 10.2%, Financials 9.7%, Health Care 0.0%
Fill reconciliation: {'filled': 0, 'partial': 0, 'rejected': 1}
Open orders (2): ERIE sell 0.7641, MS sell 43.8344
Risk state: peak $99,703.60 | drawdown 0.67% | today -0.00% | halted: False
Market regime: NEUTRAL (position-size multiplier: 100% incl. circuit breaker 100%)
News: fetched 156, 2 new after dedup, 0 ticker(s) matched.
Quant pre-screen: 42/66 candidates passed.
Gemini proposed 2 trade(s) meeting the conviction bar.
Gemini calls used today (all models combined): 173
Market closed (overnight): queued 12 trade idea(s) for next-morning verification -- nothing submitted yet.
  -> queued SOLV buy (conf 89, stop 87.0, tp 94.0)
  -> queued CVX buy (conf 85, stop 189.13, tp 215.0)
  -> queued COHR buy (conf 85, stop 105.5, tp 128.0)
  -> queued BSX buy (conf None, stop 49.01, tp 52.92)
  -> queued DRI buy (conf 85, stop 213.0, tp 235.0)
  -> queued INTU buy (conf 82, stop 352.0, tp 390.0)
  -> queued DE buy (conf 84, stop 625.0, tp 673.87)
  -> queued T buy (conf 81, stop 24.8, tp 26.800000000000004)
  -> queued TSLA buy (conf 80, stop 323.73, tp 366.5)
  -> queued SLB buy (conf 80, stop 52.2, tp 57.0)
  -> queued NWS buy (conf 80, stop 32.26, tp 36.5)
  -> queued CPRT buy (conf None, stop 28.68, tp 34.625)
Dashboard watchlist synced (6 symbols) for news/headlines.
Ending portfolio value: $99,039.83
Trade journal: all: 19 trades, 21% win rate, avg -2.19% | breakout: 1 trades, 0% win rate, avg -8.61% | other: 13 trades, 23% win rate, avg -1.93% | technical: 5 trades, 20% win rate, avg -1.58%
Self-learning: breakout: 1 trades, 0% win rate, avg -8.61% (LOSING) | other: 13 trades, 23% win rate, avg -1.93% (LOSING) | technical: 5 trades, 20% win rate, avg -1.58% (LOSING)
Performance: Total return +0.17% | Max drawdown 0.94% | Daily Sharpe 2.02 | 19 closed trades | Win rate 21% | Avg winner +1.83% | Avg loser -3.26% | Open positions: 4 | Equity $99,039.83
Engine P&L: legacy/unknown: realized $-1,705.68 (19 closed, 21% wins), unrealized $-64.86 (4 open) | Books: legacy: realized $-1,705.68, unrealized $-64.86
Reports: daily realized $+0.00; worst symbols none | weekly realized $-1,705.68; worst symbols HPE:-1286.89; COHR:-471.20; SNDK:-159.07; ANET:-45.31; NOW:-30.35
Shadow report: 2116 shadow candidate(s), 95 rejection group(s)
Timings: account: 0.0s | risk: 0.4s | decide: 3.6s | watchlist: 0.0s | perf: 0.1s

=== Run at 2026-08-22T13:38:24.459981 ===
Build fingerprint: 4f68550affe5
Current time: 2026-08-22 09:38 AM EDT | Market open (per Alpaca): False | Session: CLOSED
Account value: $99,039.83
Cash: $79,250.80 | Holdings (4): {'ERIE': '0.7641 sh (+2.23%)', 'GEHC': '0.6136 sh (+1.25%)', 'MS': '43.8344 sh (-3.06%)', 'MSI': '21.1281 sh (+2.28%)'}
Sector exposure (cached): Technology 10.2%, Financials 9.7%, Health Care 0.0%
Fill reconciliation: {'filled': 0, 'partial': 0, 'rejected': 1}
Open orders (2): ERIE sell 0.7641, MS sell 43.8344
Risk state: peak $99,703.60 | drawdown 0.67% | today -0.00% | halted: False
Market regime: NEUTRAL (position-size multiplier: 100% incl. circuit breaker 100%)
News: fetched 156, 2 new after dedup, 0 ticker(s) matched.
Quant pre-screen: 42/66 candidates passed.
Gemini proposed 3 trade(s) meeting the conviction bar.
Gemini calls used today (all models combined): 174
Market closed (overnight): queued 12 trade idea(s) for next-morning verification -- nothing submitted yet.
  -> queued SOLV buy (conf 89, stop 87.0, tp 94.0)
  -> queued CVX buy (conf 82, stop 195.0, tp 218.0)
  -> queued COHR buy (conf 85, stop 105.5, tp 128.0)
  -> queued BSX buy (conf None, stop 49.01, tp 52.92)
  -> queued DRI buy (conf 88, stop 213.0, tp 235.0)
  -> queued INTU buy (conf 82, stop 352.0, tp 390.0)
  -> queued DE buy (conf 85, stop 625.0, tp 680.0)
  -> queued T buy (conf 81, stop 24.8, tp 26.800000000000004)
  -> queued TSLA buy (conf 80, stop 323.73, tp 366.5)
  -> queued SLB buy (conf 80, stop 52.2, tp 57.0)
  -> queued NWS buy (conf 80, stop 32.26, tp 36.5)
  -> queued CPRT buy (conf None, stop 28.68, tp 34.625)
Dashboard watchlist synced (7 symbols) for news/headlines.
Ending portfolio value: $99,039.83
Trade journal: all: 19 trades, 21% win rate, avg -2.19% | breakout: 1 trades, 0% win rate, avg -8.61% | other: 13 trades, 23% win rate, avg -1.93% | technical: 5 trades, 20% win rate, avg -1.58%
Self-learning: breakout: 1 trades, 0% win rate, avg -8.61% (LOSING) | other: 13 trades, 23% win rate, avg -1.93% (LOSING) | technical: 5 trades, 20% win rate, avg -1.58% (LOSING)
Performance: Total return +0.17% | Max drawdown 0.94% | Daily Sharpe 2.02 | 19 closed trades | Win rate 21% | Avg winner +1.83% | Avg loser -3.26% | Open positions: 4 | Equity $99,039.83
Engine P&L: legacy/unknown: realized $-1,705.68 (19 closed, 21% wins), unrealized $-64.86 (4 open) | Books: legacy: realized $-1,705.68, unrealized $-64.86
Reports: daily realized $+0.00; worst symbols none | weekly realized $-1,705.68; worst symbols HPE:-1286.89; COHR:-471.20; SNDK:-159.07; ANET:-45.31; NOW:-30.35
Shadow report: 2116 shadow candidate(s), 95 rejection group(s)
Timings: account: 0.0s | risk: 0.5s | decide: 3.9s | watchlist: 0.1s | perf: 0.1s

=== Run at 2026-08-22T13:40:29.726130 ===
Build fingerprint: 4f68550affe5
Current time: 2026-08-22 09:40 AM EDT | Market open (per Alpaca): False | Session: CLOSED
Account value: $99,039.83
Cash: $79,250.80 | Holdings (4): {'ERIE': '0.7641 sh (+2.23%)', 'GEHC': '0.6136 sh (+1.25%)', 'MS': '43.8344 sh (-3.06%)', 'MSI': '21.1281 sh (+2.28%)'}
Sector exposure (cached): Technology 10.2%, Financials 9.7%, Health Care 0.0%
Fill reconciliation: {'filled': 0, 'partial': 0, 'rejected': 1}
Open orders (2): ERIE sell 0.7641, MS sell 43.8344
Risk state: peak $99,703.60 | drawdown 0.67% | today -0.00% | halted: False
Market regime: NEUTRAL (position-size multiplier: 100% incl. circuit breaker 100%)
News: fetched 156, 1 new after dedup, 0 ticker(s) matched.
Quant pre-screen: 42/66 candidates passed.
Gemini proposed 3 trade(s) meeting the conviction bar.
Gemini calls used today (all models combined): 175
Market closed (overnight): queued 12 trade idea(s) for next-morning verification -- nothing submitted yet.
  -> queued SOLV buy (conf 89, stop 87.0, tp 94.0)
  -> queued CVX buy (conf 80, stop 194.5, tp 218.0)
  -> queued COHR buy (conf 85, stop 105.5, tp 128.0)
  -> queued BSX buy (conf None, stop 49.01, tp 52.92)
  -> queued DRI buy (conf 82, stop 208.5, tp 236.00000000000003)
  -> queued INTU buy (conf 82, stop 352.0, tp 390.0)
  -> queued DE buy (conf 85, stop 605.5, tp 690.0000000000001)
  -> queued T buy (conf 81, stop 24.8, tp 26.800000000000004)
  -> queued TSLA buy (conf 80, stop 323.73, tp 366.5)
  -> queued SLB buy (conf 80, stop 52.2, tp 57.0)
  -> queued NWS buy (conf 80, stop 32.26, tp 36.5)
  -> queued CPRT buy (conf None, stop 28.68, tp 34.625)
Dashboard watchlist synced (7 symbols) for news/headlines.
Ending portfolio value: $99,039.83
Trade journal: all: 19 trades, 21% win rate, avg -2.19% | breakout: 1 trades, 0% win rate, avg -8.61% | other: 13 trades, 23% win rate, avg -1.93% | technical: 5 trades, 20% win rate, avg -1.58%
Self-learning: breakout: 1 trades, 0% win rate, avg -8.61% (LOSING) | other: 13 trades, 23% win rate, avg -1.93% (LOSING) | technical: 5 trades, 20% win rate, avg -1.58% (LOSING)
Performance: Total return +0.17% | Max drawdown 0.94% | Daily Sharpe 2.02 | 19 closed trades | Win rate 21% | Avg winner +1.83% | Avg loser -3.26% | Open positions: 4 | Equity $99,039.83
Engine P&L: legacy/unknown: realized $-1,705.68 (19 closed, 21% wins), unrealized $-64.86 (4 open) | Books: legacy: realized $-1,705.68, unrealized $-64.86
Reports: daily realized $+0.00; worst symbols none | weekly realized $-1,705.68; worst symbols HPE:-1286.89; COHR:-471.20; SNDK:-159.07; ANET:-45.31; NOW:-30.35
Shadow report: 2116 shadow candidate(s), 95 rejection group(s)
Timings: account: 0.0s | risk: 1.0s | decide: 7.3s | watchlist: 0.1s | perf: 0.1s

=== Run at 2026-08-22T13:42:23.435382 ===
Build fingerprint: 4f68550affe5
Current time: 2026-08-22 09:42 AM EDT | Market open (per Alpaca): False | Session: CLOSED
Account value: $99,039.83
Cash: $79,250.80 | Holdings (4): {'ERIE': '0.7641 sh (+2.23%)', 'GEHC': '0.6136 sh (+1.25%)', 'MS': '43.8344 sh (-3.06%)', 'MSI': '21.1281 sh (+2.28%)'}
Sector exposure (cached): Technology 10.2%, Financials 9.7%, Health Care 0.0%
Fill reconciliation: {'filled': 0, 'partial': 0, 'rejected': 1}
Open orders (2): ERIE sell 0.7641, MS sell 43.8344
Risk state: peak $99,703.60 | drawdown 0.67% | today -0.00% | halted: False
Market regime: NEUTRAL (position-size multiplier: 100% incl. circuit breaker 100%)
News: fetched 156, 0 new after dedup, 0 ticker(s) matched.
Quant pre-screen: 42/66 candidates passed.
Gemini proposed 2 trade(s) meeting the conviction bar.
Gemini calls used today (all models combined): 176
Market closed (overnight): queued 11 trade idea(s) for next-morning verification -- nothing submitted yet.
  -> queued SOLV buy (conf 89, stop 87.0, tp 94.0)
  -> queued CVX buy (conf 80, stop 194.5, tp 218.0)
  -> queued COHR buy (conf 85, stop 105.5, tp 128.0)
  -> queued BSX buy (conf None, stop 49.01, tp 52.92)
  -> queued DRI buy (conf 85, stop 213.0, tp 229.46)
  -> queued INTU buy (conf 82, stop 352.0, tp 390.0)
  -> queued DE buy (conf 82, stop 579.5, tp 673.87)
  -> queued T buy (conf 81, stop 24.8, tp 26.800000000000004)
  -> queued TSLA buy (conf 80, stop 323.73, tp 366.5)
  -> queued NWS buy (conf 80, stop 32.26, tp 36.5)
  -> queued CPRT buy (conf None, stop 28.68, tp 34.625)
Dashboard watchlist synced (6 symbols) for news/headlines.
Ending portfolio value: $99,039.83
Trade journal: all: 19 trades, 21% win rate, avg -2.19% | breakout: 1 trades, 0% win rate, avg -8.61% | other: 13 trades, 23% win rate, avg -1.93% | technical: 5 trades, 20% win rate, avg -1.58%
Self-learning: breakout: 1 trades, 0% win rate, avg -8.61% (LOSING) | other: 13 trades, 23% win rate, avg -1.93% (LOSING) | technical: 5 trades, 20% win rate, avg -1.58% (LOSING)
Performance: Total return +0.17% | Max drawdown 0.94% | Daily Sharpe 2.02 | 19 closed trades | Win rate 21% | Avg winner +1.83% | Avg loser -3.26% | Open positions: 4 | Equity $99,039.83
Engine P&L: legacy/unknown: realized $-1,705.68 (19 closed, 21% wins), unrealized $-64.86 (4 open) | Books: legacy: realized $-1,705.68, unrealized $-64.86
Reports: daily realized $+0.00; worst symbols none | weekly realized $-1,705.68; worst symbols HPE:-1286.89; COHR:-471.20; SNDK:-159.07; ANET:-45.31; NOW:-30.35
Shadow report: 2116 shadow candidate(s), 95 rejection group(s)
Timings: account: 0.0s | risk: 0.3s | decide: 4.2s | watchlist: 0.0s | perf: 0.0s

=== Run at 2026-08-22T13:44:24.080381 ===
Build fingerprint: 4f68550affe5
Current time: 2026-08-22 09:44 AM EDT | Market open (per Alpaca): False | Session: CLOSED
Account value: $99,039.83
Cash: $79,250.80 | Holdings (4): {'ERIE': '0.7641 sh (+2.23%)', 'GEHC': '0.6136 sh (+1.25%)', 'MS': '43.8344 sh (-3.06%)', 'MSI': '21.1281 sh (+2.28%)'}
Sector exposure (cached): Technology 10.2%, Financials 9.7%, Health Care 0.0%
Fill reconciliation: {'filled': 0, 'partial': 0, 'rejected': 1}
Open orders (2): ERIE sell 0.7641, MS sell 43.8344
Risk state: peak $99,703.60 | drawdown 0.67% | today -0.00% | halted: False
Market regime: NEUTRAL (position-size multiplier: 100% incl. circuit breaker 100%)
News: fetched 156, 2 new after dedup, 0 ticker(s) matched.
Quant pre-screen: 42/66 candidates passed.
Gemini proposed 3 trade(s) meeting the conviction bar.
Gemini calls used today (all models combined): 177
Market closed (overnight): queued 11 trade idea(s) for next-morning verification -- nothing submitted yet.
  -> queued SOLV buy (conf 89, stop 87.0, tp 94.0)
  -> queued CVX buy (conf 88, stop 189.13, tp 214.65)
  -> queued COHR buy (conf 85, stop 105.5, tp 128.0)
  -> queued BSX buy (conf None, stop 49.01, tp 52.92)
  -> queued DRI buy (conf 92, stop 213.0, tp 235.00000000000003)
  -> queued INTU buy (conf 82, stop 352.0, tp 390.0)
  -> queued DE buy (conf 90, stop 579.5, tp 673.87)
  -> queued T buy (conf 81, stop 24.8, tp 26.800000000000004)
  -> queued TSLA buy (conf 80, stop 323.73, tp 366.5)
  -> queued NWS buy (conf 80, stop 32.26, tp 36.5)
  -> queued CPRT buy (conf None, stop 28.68, tp 34.625)
Dashboard watchlist synced (7 symbols) for news/headlines.
Ending portfolio value: $99,039.83
Trade journal: all: 19 trades, 21% win rate, avg -2.19% | breakout: 1 trades, 0% win rate, avg -8.61% | other: 13 trades, 23% win rate, avg -1.93% | technical: 5 trades, 20% win rate, avg -1.58%
Self-learning: breakout: 1 trades, 0% win rate, avg -8.61% (LOSING) | other: 13 trades, 23% win rate, avg -1.93% (LOSING) | technical: 5 trades, 20% win rate, avg -1.58% (LOSING)
Performance: Total return +0.17% | Max drawdown 0.94% | Daily Sharpe 2.02 | 19 closed trades | Win rate 21% | Avg winner +1.83% | Avg loser -3.26% | Open positions: 4 | Equity $99,039.83
Engine P&L: legacy/unknown: realized $-1,705.68 (19 closed, 21% wins), unrealized $-64.86 (4 open) | Books: legacy: realized $-1,705.68, unrealized $-64.86
Reports: daily realized $+0.00; worst symbols none | weekly realized $-1,705.68; worst symbols HPE:-1286.89; COHR:-471.20; SNDK:-159.07; ANET:-45.31; NOW:-30.35
Shadow report: 2116 shadow candidate(s), 95 rejection group(s)
Timings: account: 0.0s | risk: 0.2s | decide: 3.5s | watchlist: 0.0s | perf: 0.0s

=== Run at 2026-08-22T13:46:27.491676 ===
Build fingerprint: 4f68550affe5
Current time: 2026-08-22 09:46 AM EDT | Market open (per Alpaca): False | Session: CLOSED
Account value: $99,039.83
Cash: $79,250.80 | Holdings (4): {'ERIE': '0.7641 sh (+2.23%)', 'GEHC': '0.6136 sh (+1.25%)', 'MS': '43.8344 sh (-3.06%)', 'MSI': '21.1281 sh (+2.28%)'}
Sector exposure (cached): Technology 10.2%, Financials 9.7%, Health Care 0.0%
Fill reconciliation: {'filled': 0, 'partial': 0, 'rejected': 1}
Open orders (2): ERIE sell 0.7641, MS sell 43.8344
Risk state: peak $99,703.60 | drawdown 0.67% | today -0.00% | halted: False
Market regime: NEUTRAL (position-size multiplier: 100% incl. circuit breaker 100%)
News: fetched 156, 1 new after dedup, 0 ticker(s) matched.
Quant pre-screen: 42/66 candidates passed.
Gemini proposed 3 trade(s) meeting the conviction bar.
Gemini calls used today (all models combined): 178
Market closed (overnight): queued 11 trade idea(s) for next-morning verification -- nothing submitted yet.
  -> queued SOLV buy (conf 89, stop 87.0, tp 94.0)
  -> queued CVX buy (conf 82, stop 195.0, tp 218.0)
  -> queued COHR buy (conf 85, stop 105.5, tp 128.0)
  -> queued BSX buy (conf None, stop 49.01, tp 52.92)
  -> queued DRI buy (conf 88, stop 213.0, tp 235.0)
  -> queued INTU buy (conf 82, stop 352.0, tp 390.0)
  -> queued DE buy (conf 85, stop 620.0, tp 680.0)
  -> queued T buy (conf 81, stop 24.8, tp 26.800000000000004)
  -> queued TSLA buy (conf 80, stop 323.73, tp 366.5)
  -> queued NWS buy (conf 80, stop 32.26, tp 36.5)
  -> queued CPRT buy (conf None, stop 28.68, tp 34.625)
Dashboard watchlist synced (7 symbols) for news/headlines.
Ending portfolio value: $99,039.83
Trade journal: all: 19 trades, 21% win rate, avg -2.19% | breakout: 1 trades, 0% win rate, avg -8.61% | other: 13 trades, 23% win rate, avg -1.93% | technical: 5 trades, 20% win rate, avg -1.58%
Self-learning: breakout: 1 trades, 0% win rate, avg -8.61% (LOSING) | other: 13 trades, 23% win rate, avg -1.93% (LOSING) | technical: 5 trades, 20% win rate, avg -1.58% (LOSING)
Performance: Total return +0.17% | Max drawdown 0.94% | Daily Sharpe 2.02 | 19 closed trades | Win rate 21% | Avg winner +1.83% | Avg loser -3.26% | Open positions: 4 | Equity $99,039.83
Engine P&L: legacy/unknown: realized $-1,705.68 (19 closed, 21% wins), unrealized $-64.86 (4 open) | Books: legacy: realized $-1,705.68, unrealized $-64.86
Reports: daily realized $+0.00; worst symbols none | weekly realized $-1,705.68; worst symbols HPE:-1286.89; COHR:-471.20; SNDK:-159.07; ANET:-45.31; NOW:-30.35
Shadow report: 2116 shadow candidate(s), 95 rejection group(s)
Timings: account: 0.0s | risk: 0.5s | decide: 4.7s | watchlist: 0.1s | perf: 0.1s

=== Run at 2026-08-22T13:48:26.599787 ===
Build fingerprint: 4f68550affe5
Current time: 2026-08-22 09:48 AM EDT | Market open (per Alpaca): False | Session: CLOSED
Account value: $99,039.83
Cash: $79,250.80 | Holdings (4): {'ERIE': '0.7641 sh (+2.23%)', 'GEHC': '0.6136 sh (+1.25%)', 'MS': '43.8344 sh (-3.06%)', 'MSI': '21.1281 sh (+2.28%)'}
Sector exposure (cached): Technology 10.2%, Financials 9.7%, Health Care 0.0%
Fill reconciliation: {'filled': 0, 'partial': 0, 'rejected': 1}
Open orders (2): ERIE sell 0.7641, MS sell 43.8344
Risk state: peak $99,703.60 | drawdown 0.67% | today -0.00% | halted: False
Market regime: NEUTRAL (position-size multiplier: 100% incl. circuit breaker 100%)
News: fetched 156, 0 new after dedup, 0 ticker(s) matched.
Quant pre-screen: 42/66 candidates passed.
Gemini proposed 3 trade(s) meeting the conviction bar.
Gemini calls used today (all models combined): 179
Market closed (overnight): queued 11 trade idea(s) for next-morning verification -- nothing submitted yet.
  -> queued SOLV buy (conf 89, stop 87.0, tp 94.0)
  -> queued CVX buy (conf 80, stop 198.0, tp 214.65)
  -> queued COHR buy (conf 85, stop 105.5, tp 128.0)
  -> queued BSX buy (conf None, stop 49.01, tp 52.92)
  -> queued DRI buy (conf 85, stop 213.0, tp 235.0)
  -> queued INTU buy (conf 82, stop 352.0, tp 390.0)
  -> queued DE buy (conf 82, stop 625.0, tp 673.87)
  -> queued T buy (conf 81, stop 24.8, tp 26.800000000000004)
  -> queued TSLA buy (conf 80, stop 323.73, tp 366.5)
  -> queued NWS buy (conf 80, stop 32.26, tp 36.5)
  -> queued CPRT buy (conf None, stop 28.68, tp 34.625)
Dashboard watchlist synced (7 symbols) for news/headlines.
Ending portfolio value: $99,039.83
Trade journal: all: 19 trades, 21% win rate, avg -2.19% | breakout: 1 trades, 0% win rate, avg -8.61% | other: 13 trades, 23% win rate, avg -1.93% | technical: 5 trades, 20% win rate, avg -1.58%
Self-learning: breakout: 1 trades, 0% win rate, avg -8.61% (LOSING) | other: 13 trades, 23% win rate, avg -1.93% (LOSING) | technical: 5 trades, 20% win rate, avg -1.58% (LOSING)
Performance: Total return +0.17% | Max drawdown 0.94% | Daily Sharpe 2.02 | 19 closed trades | Win rate 21% | Avg winner +1.83% | Avg loser -3.26% | Open positions: 4 | Equity $99,039.83
Engine P&L: legacy/unknown: realized $-1,705.68 (19 closed, 21% wins), unrealized $-64.86 (4 open) | Books: legacy: realized $-1,705.68, unrealized $-64.86
Reports: daily realized $+0.00; worst symbols none | weekly realized $-1,705.68; worst symbols HPE:-1286.89; COHR:-471.20; SNDK:-159.07; ANET:-45.31; NOW:-30.35
Shadow report: 2116 shadow candidate(s), 95 rejection group(s)
Timings: account: 0.0s | risk: 0.3s | decide: 9.2s | watchlist: 0.0s | perf: 0.0s

=== Run at 2026-08-22T13:50:26.195629 ===
Build fingerprint: 4f68550affe5
Current time: 2026-08-22 09:50 AM EDT | Market open (per Alpaca): False | Session: CLOSED
Account value: $99,039.83
Cash: $79,250.80 | Holdings (4): {'ERIE': '0.7641 sh (+2.23%)', 'GEHC': '0.6136 sh (+1.25%)', 'MS': '43.8344 sh (-3.06%)', 'MSI': '21.1281 sh (+2.28%)'}
Sector exposure (cached): Technology 10.2%, Financials 9.7%, Health Care 0.0%
Fill reconciliation: {'filled': 0, 'partial': 0, 'rejected': 1}
Open orders (2): ERIE sell 0.7641, MS sell 43.8344
Risk state: peak $99,703.60 | drawdown 0.67% | today -0.00% | halted: False
Market regime: NEUTRAL (position-size multiplier: 100% incl. circuit breaker 100%)
News: fetched 156, 2 new after dedup, 0 ticker(s) matched.
Quant pre-screen: 42/66 candidates passed.
Gemini proposed 3 trade(s) meeting the conviction bar.
Gemini calls used today (all models combined): 180
Market closed (overnight): queued 12 trade idea(s) for next-morning verification -- nothing submitted yet.
  -> queued SOLV buy (conf 89, stop 87.0, tp 94.0)
  -> queued CVX buy (conf 80, stop 198.0, tp 214.65)
  -> queued COHR buy (conf 85, stop 105.5, tp 128.0)
  -> queued BSX buy (conf None, stop 49.01, tp 52.92)
  -> queued DRI buy (conf 85, stop 213.0, tp 229.46)
  -> queued INTU buy (conf 82, stop 352.0, tp 390.0)
  -> queued DE buy (conf 82, stop 579.5, tp 673.87)
  -> queued T buy (conf 81, stop 24.8, tp 26.800000000000004)
  -> queued TSLA buy (conf 80, stop 323.73, tp 366.5)
  -> queued NWS buy (conf 80, stop 32.26, tp 36.5)
  -> queued CPRT buy (conf None, stop 28.68, tp 34.625)
  -> queued DASH buy (conf 80, stop 206.73, tp 235.0)
Dashboard watchlist synced (7 symbols) for news/headlines.
Ending portfolio value: $99,039.83
Trade journal: all: 19 trades, 21% win rate, avg -2.19% | breakout: 1 trades, 0% win rate, avg -8.61% | other: 13 trades, 23% win rate, avg -1.93% | technical: 5 trades, 20% win rate, avg -1.58%
Self-learning: breakout: 1 trades, 0% win rate, avg -8.61% (LOSING) | other: 13 trades, 23% win rate, avg -1.93% (LOSING) | technical: 5 trades, 20% win rate, avg -1.58% (LOSING)
Performance: Total return +0.17% | Max drawdown 0.94% | Daily Sharpe 2.02 | 19 closed trades | Win rate 21% | Avg winner +1.83% | Avg loser -3.26% | Open positions: 4 | Equity $99,039.83
Engine P&L: legacy/unknown: realized $-1,705.68 (19 closed, 21% wins), unrealized $-64.86 (4 open) | Books: legacy: realized $-1,705.68, unrealized $-64.86
Reports: daily realized $+0.00; worst symbols none | weekly realized $-1,705.68; worst symbols HPE:-1286.89; COHR:-471.20; SNDK:-159.07; ANET:-45.31; NOW:-30.35
Shadow report: 2116 shadow candidate(s), 95 rejection group(s)
Timings: account: 0.0s | risk: 1.1s | decide: 7.2s | watchlist: 0.1s | perf: 0.1s

=== Run at 2026-08-22T13:52:25.349605 ===
Build fingerprint: 4f68550affe5
Current time: 2026-08-22 09:52 AM EDT | Market open (per Alpaca): False | Session: CLOSED
Account value: $99,039.83
Cash: $79,250.80 | Holdings (4): {'ERIE': '0.7641 sh (+2.23%)', 'GEHC': '0.6136 sh (+1.25%)', 'MS': '43.8344 sh (-3.06%)', 'MSI': '21.1281 sh (+2.28%)'}
Sector exposure (cached): Technology 10.2%, Financials 9.7%, Health Care 0.0%
Fill reconciliation: {'filled': 0, 'partial': 0, 'rejected': 1}
Open orders (2): ERIE sell 0.7641, MS sell 43.8344
Risk state: peak $99,703.60 | drawdown 0.67% | today -0.00% | halted: False
Market regime: NEUTRAL (position-size multiplier: 100% incl. circuit breaker 100%)
News: fetched 118, 1 new after dedup, 0 ticker(s) matched.
Quant pre-screen: 42/66 candidates passed.
Gemini proposed 3 trade(s) meeting the conviction bar.
Gemini calls used today (all models combined): 181
Market closed (overnight): queued 12 trade idea(s) for next-morning verification -- nothing submitted yet.
  -> queued SOLV buy (conf 89, stop 87.0, tp 94.0)
  -> queued CVX buy (conf 80, stop 198.0, tp 214.65)
  -> queued COHR buy (conf 85, stop 105.5, tp 128.0)
  -> queued BSX buy (conf None, stop 49.01, tp 52.92)
  -> queued DRI buy (conf 88, stop 213.0, tp 235.00000000000003)
  -> queued INTU buy (conf 82, stop 352.0, tp 390.0)
  -> queued DE buy (conf 85, stop 579.5, tp 680.0)
  -> queued T buy (conf 81, stop 24.8, tp 26.800000000000004)
  -> queued TSLA buy (conf 80, stop 323.73, tp 366.5)
  -> queued NWS buy (conf 80, stop 32.26, tp 36.5)
  -> queued CPRT buy (conf None, stop 28.68, tp 34.625)
  -> queued DASH buy (conf 82, stop 206.73, tp 238.0)
Dashboard watchlist synced (7 symbols) for news/headlines.
Ending portfolio value: $99,039.83
Trade journal: all: 19 trades, 21% win rate, avg -2.19% | breakout: 1 trades, 0% win rate, avg -8.61% | other: 13 trades, 23% win rate, avg -1.93% | technical: 5 trades, 20% win rate, avg -1.58%
Self-learning: breakout: 1 trades, 0% win rate, avg -8.61% (LOSING) | other: 13 trades, 23% win rate, avg -1.93% (LOSING) | technical: 5 trades, 20% win rate, avg -1.58% (LOSING)
Performance: Total return +0.17% | Max drawdown 0.94% | Daily Sharpe 2.02 | 19 closed trades | Win rate 21% | Avg winner +1.83% | Avg loser -3.26% | Open positions: 4 | Equity $99,039.83
Engine P&L: legacy/unknown: realized $-1,705.68 (19 closed, 21% wins), unrealized $-64.86 (4 open) | Books: legacy: realized $-1,705.68, unrealized $-64.86
Reports: daily realized $+0.00; worst symbols none | weekly realized $-1,705.68; worst symbols HPE:-1286.89; COHR:-471.20; SNDK:-159.07; ANET:-45.31; NOW:-30.35
Shadow report: 2116 shadow candidate(s), 95 rejection group(s)
Timings: account: 0.0s | risk: 0.8s | decide: 12.7s | watchlist: 0.1s | perf: 0.1s

=== Run at 2026-08-22T13:54:27.496485 ===
Build fingerprint: 4f68550affe5
Current time: 2026-08-22 09:54 AM EDT | Market open (per Alpaca): False | Session: CLOSED
Account value: $99,039.83
Cash: $79,250.80 | Holdings (4): {'ERIE': '0.7641 sh (+2.23%)', 'GEHC': '0.6136 sh (+1.25%)', 'MS': '43.8344 sh (-3.06%)', 'MSI': '21.1281 sh (+2.28%)'}
Sector exposure (cached): Technology 10.2%, Financials 9.7%, Health Care 0.0%
Fill reconciliation: {'filled': 0, 'partial': 0, 'rejected': 1}
Open orders (2): ERIE sell 0.7641, MS sell 43.8344
Risk state: peak $99,703.60 | drawdown 0.67% | today -0.00% | halted: False
Market regime: NEUTRAL (position-size multiplier: 100% incl. circuit breaker 100%)
News: fetched 156, 1 new after dedup, 0 ticker(s) matched.
Quant pre-screen: 42/66 candidates passed.
Gemini proposed 2 trade(s) meeting the conviction bar.
Gemini calls used today (all models combined): 182
Market closed (overnight): queued 12 trade idea(s) for next-morning verification -- nothing submitted yet.
  -> queued SOLV buy (conf 89, stop 87.0, tp 94.0)
  -> queued CVX buy (conf 80, stop 198.0, tp 214.65)
  -> queued COHR buy (conf 85, stop 105.5, tp 128.0)
  -> queued BSX buy (conf None, stop 49.01, tp 52.92)
  -> queued DRI buy (conf 88, stop 213.0, tp 235.00000000000003)
  -> queued INTU buy (conf 82, stop 352.0, tp 390.0)
  -> queued DE buy (conf 85, stop 579.5, tp 690.0)
  -> queued T buy (conf 81, stop 24.8, tp 26.800000000000004)
  -> queued TSLA buy (conf 80, stop 323.73, tp 366.5)
  -> queued NWS buy (conf 80, stop 32.26, tp 36.5)
  -> queued CPRT buy (conf None, stop 28.68, tp 34.625)
  -> queued DASH buy (conf 82, stop 206.73, tp 238.0)
Dashboard watchlist synced (6 symbols) for news/headlines.
Ending portfolio value: $99,039.83
Trade journal: all: 19 trades, 21% win rate, avg -2.19% | breakout: 1 trades, 0% win rate, avg -8.61% | other: 13 trades, 23% win rate, avg -1.93% | technical: 5 trades, 20% win rate, avg -1.58%
Self-learning: breakout: 1 trades, 0% win rate, avg -8.61% (LOSING) | other: 13 trades, 23% win rate, avg -1.93% (LOSING) | technical: 5 trades, 20% win rate, avg -1.58% (LOSING)
Performance: Total return +0.17% | Max drawdown 0.94% | Daily Sharpe 2.02 | 19 closed trades | Win rate 21% | Avg winner +1.83% | Avg loser -3.26% | Open positions: 4 | Equity $99,039.83
Engine P&L: legacy/unknown: realized $-1,705.68 (19 closed, 21% wins), unrealized $-64.86 (4 open) | Books: legacy: realized $-1,705.68, unrealized $-64.86
Reports: daily realized $+0.00; worst symbols none | weekly realized $-1,705.68; worst symbols HPE:-1286.89; COHR:-471.20; SNDK:-159.07; ANET:-45.31; NOW:-30.35
Shadow report: 2116 shadow candidate(s), 95 rejection group(s)
Timings: account: 0.0s | risk: 0.2s | decide: 2.8s | watchlist: 0.0s | perf: 0.0s

=== Run at 2026-08-22T13:56:24.958016 ===
Build fingerprint: 4f68550affe5
Current time: 2026-08-22 09:56 AM EDT | Market open (per Alpaca): False | Session: CLOSED
Account value: $99,039.83
Cash: $79,250.80 | Holdings (4): {'ERIE': '0.7641 sh (+2.23%)', 'GEHC': '0.6136 sh (+1.25%)', 'MS': '43.8344 sh (-3.06%)', 'MSI': '21.1281 sh (+2.28%)'}
Sector exposure (cached): Technology 10.2%, Financials 9.7%, Health Care 0.0%
Fill reconciliation: {'filled': 0, 'partial': 0, 'rejected': 1}
Open orders (2): ERIE sell 0.7641, MS sell 43.8344
Risk state: peak $99,703.60 | drawdown 0.67% | today -0.00% | halted: False
Market regime: NEUTRAL (position-size multiplier: 100% incl. circuit breaker 100%)
News: fetched 156, 0 new after dedup, 0 ticker(s) matched.
Quant pre-screen: 42/66 candidates passed.
Gemini proposed 3 trade(s) meeting the conviction bar.
Gemini calls used today (all models combined): 183
Market closed (overnight): queued 12 trade idea(s) for next-morning verification -- nothing submitted yet.
  -> queued SOLV buy (conf 89, stop 87.0, tp 94.0)
  -> queued CVX buy (conf 80, stop 189.13, tp 214.65)
  -> queued COHR buy (conf 85, stop 105.5, tp 128.0)
  -> queued BSX buy (conf None, stop 49.01, tp 52.92)
  -> queued DRI buy (conf 85, stop 213.0, tp 229.46)
  -> queued INTU buy (conf 82, stop 352.0, tp 390.0)
  -> queued DE buy (conf 82, stop 579.5, tp 673.87)
  -> queued T buy (conf 81, stop 24.8, tp 26.800000000000004)
  -> queued TSLA buy (conf 80, stop 323.73, tp 366.5)
  -> queued NWS buy (conf 80, stop 32.26, tp 36.5)
  -> queued CPRT buy (conf None, stop 28.68, tp 34.625)
  -> queued DASH buy (conf 82, stop 206.73, tp 238.0)
Dashboard watchlist synced (7 symbols) for news/headlines.
Ending portfolio value: $99,039.83
Trade journal: all: 19 trades, 21% win rate, avg -2.19% | breakout: 1 trades, 0% win rate, avg -8.61% | other: 13 trades, 23% win rate, avg -1.93% | technical: 5 trades, 20% win rate, avg -1.58%
Self-learning: breakout: 1 trades, 0% win rate, avg -8.61% (LOSING) | other: 13 trades, 23% win rate, avg -1.93% (LOSING) | technical: 5 trades, 20% win rate, avg -1.58% (LOSING)
Performance: Total return +0.17% | Max drawdown 0.94% | Daily Sharpe 2.02 | 19 closed trades | Win rate 21% | Avg winner +1.83% | Avg loser -3.26% | Open positions: 4 | Equity $99,039.83
Engine P&L: legacy/unknown: realized $-1,705.68 (19 closed, 21% wins), unrealized $-64.86 (4 open) | Books: legacy: realized $-1,705.68, unrealized $-64.86
Reports: daily realized $+0.00; worst symbols none | weekly realized $-1,705.68; worst symbols HPE:-1286.89; COHR:-471.20; SNDK:-159.07; ANET:-45.31; NOW:-30.35
Shadow report: 2116 shadow candidate(s), 95 rejection group(s)
Timings: account: 0.0s | risk: 0.4s | decide: 3.7s | watchlist: 0.1s | perf: 0.1s

=== Run at 2026-08-22T13:58:27.405253 ===
Build fingerprint: 4f68550affe5
Current time: 2026-08-22 09:58 AM EDT | Market open (per Alpaca): False | Session: CLOSED
Account value: $99,039.83
Cash: $79,250.80 | Holdings (4): {'ERIE': '0.7641 sh (+2.23%)', 'GEHC': '0.6136 sh (+1.25%)', 'MS': '43.8344 sh (-3.06%)', 'MSI': '21.1281 sh (+2.28%)'}
Sector exposure (cached): Technology 10.2%, Financials 9.7%, Health Care 0.0%
Fill reconciliation: {'filled': 0, 'partial': 0, 'rejected': 1}
Open orders (2): ERIE sell 0.7641, MS sell 43.8344
Risk state: peak $99,703.60 | drawdown 0.67% | today -0.00% | halted: False
Market regime: NEUTRAL (position-size multiplier: 100% incl. circuit breaker 100%)
News: fetched 156, 0 new after dedup, 0 ticker(s) matched.
Quant pre-screen: 42/66 candidates passed.
Gemini proposed 3 trade(s) meeting the conviction bar.
Gemini calls used today (all models combined): 184
Market closed (overnight): queued 12 trade idea(s) for next-morning verification -- nothing submitted yet.
  -> queued SOLV buy (conf 89, stop 87.0, tp 94.0)
  -> queued CVX buy (conf 80, stop 189.13, tp 214.65)
  -> queued COHR buy (conf 85, stop 105.5, tp 128.0)
  -> queued BSX buy (conf None, stop 49.01, tp 52.92)
  -> queued DRI buy (conf 85, stop 213.0, tp 235.00000000000003)
  -> queued INTU buy (conf 82, stop 352.0, tp 390.0)
  -> queued DE buy (conf 82, stop 579.5, tp 673.87)
  -> queued T buy (conf 81, stop 24.8, tp 26.800000000000004)
  -> queued TSLA buy (conf 80, stop 323.73, tp 366.5)
  -> queued NWS buy (conf 80, stop 32.26, tp 36.5)
  -> queued CPRT buy (conf 78, stop 28.68, tp 36.5)
  -> queued DASH buy (conf 82, stop 206.73, tp 238.0)
Dashboard watchlist synced (7 symbols) for news/headlines.
Ending portfolio value: $99,039.83
Trade journal: all: 19 trades, 21% win rate, avg -2.19% | breakout: 1 trades, 0% win rate, avg -8.61% | other: 13 trades, 23% win rate, avg -1.93% | technical: 5 trades, 20% win rate, avg -1.58%
Self-learning: breakout: 1 trades, 0% win rate, avg -8.61% (LOSING) | other: 13 trades, 23% win rate, avg -1.93% (LOSING) | technical: 5 trades, 20% win rate, avg -1.58% (LOSING)
Performance: Total return +0.17% | Max drawdown 0.94% | Daily Sharpe 2.02 | 19 closed trades | Win rate 21% | Avg winner +1.83% | Avg loser -3.26% | Open positions: 4 | Equity $99,039.83
Engine P&L: legacy/unknown: realized $-1,705.68 (19 closed, 21% wins), unrealized $-64.86 (4 open) | Books: legacy: realized $-1,705.68, unrealized $-64.86
Reports: daily realized $+0.00; worst symbols none | weekly realized $-1,705.68; worst symbols HPE:-1286.89; COHR:-471.20; SNDK:-159.07; ANET:-45.31; NOW:-30.35
Shadow report: 2116 shadow candidate(s), 95 rejection group(s)
Timings: account: 0.0s | risk: 1.0s | decide: 6.9s | watchlist: 0.1s | perf: 0.1s

=== Run at 2026-08-22T14:00:37.759915 ===
Build fingerprint: 4f68550affe5
Current time: 2026-08-22 10:00 AM EDT | Market open (per Alpaca): False | Session: CLOSED
Account value: $99,039.83
Cash: $79,250.80 | Holdings (4): {'ERIE': '0.7641 sh (+2.23%)', 'GEHC': '0.6136 sh (+1.25%)', 'MS': '43.8344 sh (-3.06%)', 'MSI': '21.1281 sh (+2.28%)'}
Sector exposure (cached): Technology 10.2%, Financials 9.7%, Health Care 0.0%
Fill reconciliation: {'filled': 0, 'partial': 0, 'rejected': 1}
Open orders (2): ERIE sell 0.7641, MS sell 43.8344
Risk state: peak $99,703.60 | drawdown 0.67% | today -0.00% | halted: False
Market regime: NEUTRAL (position-size multiplier: 100% incl. circuit breaker 100%)
News: fetched 156, 1 new after dedup, 0 ticker(s) matched.
Quant pre-screen: 11/18 candidates passed.
Technical fallback (Gemini throttled/unavailable) proposed 8 trade(s) meeting the conviction bar.
Technical fallback cap omitted 1 weaker idea(s) this run.
Gemini calls used today (all models combined): 184
Market closed (overnight): queued 12 trade idea(s) for next-morning verification -- nothing submitted yet.
  -> queued SOLV buy (conf 89, stop 87.0, tp 94.0)
  -> queued COHR buy (conf 85, stop 105.5, tp 128.0)
  -> queued BSX buy (conf None, stop 49.01, tp 52.92)
  -> queued INTU buy (conf 82, stop 352.0, tp 390.0)
  -> queued DASH buy (conf 82, stop 206.73, tp 238.0)
  -> queued CVX buy (conf 80, stop 189.13, tp 214.65)
  -> queued TSLA buy (conf 80, stop 323.73, tp 366.5)
  -> queued NWS buy (conf 80, stop 32.26, tp 36.5)
  -> queued DRI buy (conf None, stop 212.995, tp 229.46)
  -> queued DE buy (conf None, stop 579.5, tp 654.135)
  -> queued CPRT buy (conf None, stop 28.68, tp 34.625)
  -> queued MSI buy (conf None, stop 457.185, tp 486.25)
Run budget reserve reached -- skipping dashboard watchlist sync.
Run budget reserve reached -- skipping performance snapshot.
Trade journal: all: 19 trades, 21% win rate, avg -2.19% | breakout: 1 trades, 0% win rate, avg -8.61% | other: 13 trades, 23% win rate, avg -1.93% | technical: 5 trades, 20% win rate, avg -1.58%
Self-learning: breakout: 1 trades, 0% win rate, avg -8.61% (LOSING) | other: 13 trades, 23% win rate, avg -1.93% (LOSING) | technical: 5 trades, 20% win rate, avg -1.58% (LOSING)
Performance: Total return +0.17% | Max drawdown 0.94% | Daily Sharpe 2.02 | 19 closed trades | Win rate 21% | Avg winner +1.83% | Avg loser -3.26% | Open positions: 4 | Equity $99,039.83
Engine P&L: legacy/unknown: realized $-1,705.68 (19 closed, 21% wins), unrealized $-64.86 (4 open) | Books: legacy: realized $-1,705.68, unrealized $-64.86
Reports: daily realized $+0.00; worst symbols none | weekly realized $-1,705.68; worst symbols HPE:-1286.89; COHR:-471.20; SNDK:-159.07; ANET:-45.31; NOW:-30.35
Shadow report: 2116 shadow candidate(s), 95 rejection group(s)
Timings: account: 0.0s | risk: 1.1s | decide: 23.1s | watchlist: 0.0s | perf: 0.0s

=== Run at 2026-08-22T14:02:31.679660 ===
Build fingerprint: 4f68550affe5
Current time: 2026-08-22 10:02 AM EDT | Market open (per Alpaca): False | Session: CLOSED
Account value: $99,039.83
Cash: $79,250.80 | Holdings (4): {'ERIE': '0.7641 sh (+2.23%)', 'GEHC': '0.6136 sh (+1.25%)', 'MS': '43.8344 sh (-3.06%)', 'MSI': '21.1281 sh (+2.28%)'}
Sector exposure (cached): Technology 10.2%, Financials 9.7%, Health Care 0.0%
Fill reconciliation: {'filled': 0, 'partial': 0, 'rejected': 1}
Open orders (2): ERIE sell 0.7641, MS sell 43.8344
Risk state: peak $99,703.60 | drawdown 0.67% | today -0.00% | halted: False
Market regime: NEUTRAL (position-size multiplier: 100% incl. circuit breaker 100%)
News: fetched 156, 1 new after dedup, 0 ticker(s) matched.
Quant pre-screen: 19/30 candidates passed.
Gemini proposed 3 trade(s) meeting the conviction bar.
Gemini calls used today (all models combined): 185
Market closed (overnight): queued 12 trade idea(s) for next-morning verification -- nothing submitted yet.
  -> queued SOLV buy (conf 89, stop 87.0, tp 94.0)
  -> queued COHR buy (conf 85, stop 105.5, tp 128.0)
  -> queued BSX buy (conf None, stop 49.01, tp 52.92)
  -> queued INTU buy (conf 82, stop 352.0, tp 390.0)
  -> queued DASH buy (conf 82, stop 206.73, tp 238.0)
  -> queued CVX buy (conf 82, stop 189.13, tp 214.65)
  -> queued TSLA buy (conf 80, stop 323.73, tp 366.5)
  -> queued NWS buy (conf 80, stop 32.26, tp 36.5)
  -> queued DRI buy (conf 88, stop 213.0, tp 229.46)
  -> queued DE buy (conf 85, stop 579.5, tp 673.87)
  -> queued CPRT buy (conf None, stop 28.68, tp 34.625)
  -> queued MSI buy (conf None, stop 457.185, tp 486.25)
Dashboard watchlist synced (7 symbols) for news/headlines.
Ending portfolio value: $99,039.83
Trade journal: all: 19 trades, 21% win rate, avg -2.19% | breakout: 1 trades, 0% win rate, avg -8.61% | other: 13 trades, 23% win rate, avg -1.93% | technical: 5 trades, 20% win rate, avg -1.58%
Self-learning: breakout: 1 trades, 0% win rate, avg -8.61% (LOSING) | other: 13 trades, 23% win rate, avg -1.93% (LOSING) | technical: 5 trades, 20% win rate, avg -1.58% (LOSING)
Performance: Total return +0.17% | Max drawdown 0.94% | Daily Sharpe 2.02 | 19 closed trades | Win rate 21% | Avg winner +1.83% | Avg loser -3.26% | Open positions: 4 | Equity $99,039.83
Engine P&L: legacy/unknown: realized $-1,705.68 (19 closed, 21% wins), unrealized $-64.86 (4 open) | Books: legacy: realized $-1,705.68, unrealized $-64.86
Reports: daily realized $+0.00; worst symbols none | weekly realized $-1,705.68; worst symbols HPE:-1286.89; COHR:-471.20; SNDK:-159.07; ANET:-45.31; NOW:-30.35
Shadow report: 2116 shadow candidate(s), 95 rejection group(s)
Timings: account: 0.0s | risk: 1.2s | decide: 10.6s | watchlist: 0.1s | perf: 0.2s

=== Run at 2026-08-22T14:04:26.796134 ===
Build fingerprint: 4f68550affe5
Current time: 2026-08-22 10:04 AM EDT | Market open (per Alpaca): False | Session: CLOSED
Account value: $99,039.83
Cash: $79,250.80 | Holdings (4): {'ERIE': '0.7641 sh (+2.23%)', 'GEHC': '0.6136 sh (+1.25%)', 'MS': '43.8344 sh (-3.06%)', 'MSI': '21.1281 sh (+2.28%)'}
Sector exposure (cached): Technology 10.2%, Financials 9.7%, Health Care 0.0%
Fill reconciliation: {'filled': 0, 'partial': 0, 'rejected': 1}
Open orders (2): ERIE sell 0.7641, MS sell 43.8344
Risk state: peak $99,703.60 | drawdown 0.67% | today -0.00% | halted: False
Market regime: NEUTRAL (position-size multiplier: 100% incl. circuit breaker 100%)
News: fetched 156, 0 new after dedup, 0 ticker(s) matched.
Quant pre-screen: 26/42 candidates passed.
Gemini proposed 3 trade(s) meeting the conviction bar.
Gemini calls used today (all models combined): 186
Market closed (overnight): queued 12 trade idea(s) for next-morning verification -- nothing submitted yet.
  -> queued SOLV buy (conf 89, stop 87.0, tp 94.0)
  -> queued COHR buy (conf 85, stop 105.5, tp 128.0)
  -> queued BSX buy (conf None, stop 49.01, tp 52.92)
  -> queued INTU buy (conf 82, stop 352.0, tp 390.0)
  -> queued DASH buy (conf 82, stop 206.73, tp 235.0)
  -> queued CVX buy (conf 82, stop 189.13, tp 214.65)
  -> queued TSLA buy (conf 80, stop 323.73, tp 366.5)
  -> queued NWS buy (conf 80, stop 32.26, tp 36.5)
  -> queued DRI buy (conf 85, stop 213.0, tp 235.0)
  -> queued DE buy (conf 88, stop 605.0, tp 685.0000000000001)
  -> queued CPRT buy (conf None, stop 28.68, tp 34.625)
  -> queued MSI buy (conf None, stop 457.185, tp 486.25)
Dashboard watchlist synced (7 symbols) for news/headlines.
Ending portfolio value: $99,039.83
Trade journal: all: 19 trades, 21% win rate, avg -2.19% | breakout: 1 trades, 0% win rate, avg -8.61% | other: 13 trades, 23% win rate, avg -1.93% | technical: 5 trades, 20% win rate, avg -1.58%
Self-learning: breakout: 1 trades, 0% win rate, avg -8.61% (LOSING) | other: 13 trades, 23% win rate, avg -1.93% (LOSING) | technical: 5 trades, 20% win rate, avg -1.58% (LOSING)
Performance: Total return +0.17% | Max drawdown 0.94% | Daily Sharpe 2.02 | 19 closed trades | Win rate 21% | Avg winner +1.83% | Avg loser -3.26% | Open positions: 4 | Equity $99,039.83
Engine P&L: legacy/unknown: realized $-1,705.68 (19 closed, 21% wins), unrealized $-64.86 (4 open) | Books: legacy: realized $-1,705.68, unrealized $-64.86
Reports: daily realized $+0.00; worst symbols none | weekly realized $-1,705.68; worst symbols HPE:-1286.89; COHR:-471.20; SNDK:-159.07; ANET:-45.31; NOW:-30.35
Shadow report: 2116 shadow candidate(s), 95 rejection group(s)
Timings: account: 0.0s | risk: 1.2s | decide: 10.9s | watchlist: 0.1s | perf: 0.2s

=== Run at 2026-08-22T14:06:27.285302 ===
Build fingerprint: 4f68550affe5
Current time: 2026-08-22 10:06 AM EDT | Market open (per Alpaca): False | Session: CLOSED
Account value: $99,039.83
Cash: $79,250.80 | Holdings (4): {'ERIE': '0.7641 sh (+2.23%)', 'GEHC': '0.6136 sh (+1.25%)', 'MS': '43.8344 sh (-3.06%)', 'MSI': '21.1281 sh (+2.28%)'}
Sector exposure (cached): Technology 10.2%, Financials 9.7%, Health Care 0.0%
Fill reconciliation: {'filled': 0, 'partial': 0, 'rejected': 1}
Open orders (2): ERIE sell 0.7641, MS sell 43.8344
Risk state: peak $99,703.60 | drawdown 0.67% | today -0.00% | halted: False
Market regime: NEUTRAL (position-size multiplier: 100% incl. circuit breaker 100%)
News: fetched 157, 2 new after dedup, 0 ticker(s) matched.
Quant pre-screen: 32/54 candidates passed.
Gemini proposed 2 trade(s) meeting the conviction bar.
Gemini calls used today (all models combined): 187
Market closed (overnight): queued 12 trade idea(s) for next-morning verification -- nothing submitted yet.
  -> queued SOLV buy (conf 89, stop 87.0, tp 94.0)
  -> queued COHR buy (conf 85, stop 105.5, tp 128.0)
  -> queued BSX buy (conf None, stop 49.01, tp 52.92)
  -> queued INTU buy (conf 82, stop 352.0, tp 390.0)
  -> queued DASH buy (conf 82, stop 206.73, tp 235.0)
  -> queued CVX buy (conf 85, stop 189.13, tp 215.14)
  -> queued TSLA buy (conf 80, stop 323.73, tp 366.5)
  -> queued NWS buy (conf 80, stop 32.26, tp 36.5)
  -> queued DRI buy (conf 88, stop 213.0, tp 232.50000000000003)
  -> queued DE buy (conf 88, stop 605.0, tp 685.0000000000001)
  -> queued CPRT buy (conf None, stop 28.68, tp 34.625)
  -> queued MSI buy (conf None, stop 457.185, tp 486.25)
Dashboard watchlist synced (6 symbols) for news/headlines.
Ending portfolio value: $99,039.83
Trade journal: all: 19 trades, 21% win rate, avg -2.19% | breakout: 1 trades, 0% win rate, avg -8.61% | other: 13 trades, 23% win rate, avg -1.93% | technical: 5 trades, 20% win rate, avg -1.58%
Self-learning: breakout: 1 trades, 0% win rate, avg -8.61% (LOSING) | other: 13 trades, 23% win rate, avg -1.93% (LOSING) | technical: 5 trades, 20% win rate, avg -1.58% (LOSING)
Performance: Total return +0.17% | Max drawdown 0.94% | Daily Sharpe 2.02 | 19 closed trades | Win rate 21% | Avg winner +1.83% | Avg loser -3.26% | Open positions: 4 | Equity $99,039.83
Engine P&L: legacy/unknown: realized $-1,705.68 (19 closed, 21% wins), unrealized $-64.86 (4 open) | Books: legacy: realized $-1,705.68, unrealized $-64.86
Reports: daily realized $+0.00; worst symbols none | weekly realized $-1,705.68; worst symbols HPE:-1286.89; COHR:-471.20; SNDK:-159.07; ANET:-45.31; NOW:-30.35
Shadow report: 2116 shadow candidate(s), 95 rejection group(s)
Timings: account: 0.0s | risk: 0.7s | decide: 5.4s | watchlist: 0.1s | perf: 0.1s

=== Run at 2026-08-22T14:08:25.470445 ===
Build fingerprint: 4f68550affe5
Current time: 2026-08-22 10:08 AM EDT | Market open (per Alpaca): False | Session: CLOSED
Account value: $99,039.83
Cash: $79,250.80 | Holdings (4): {'ERIE': '0.7641 sh (+2.23%)', 'GEHC': '0.6136 sh (+1.25%)', 'MS': '43.8344 sh (-3.06%)', 'MSI': '21.1281 sh (+2.28%)'}
Sector exposure (cached): Technology 10.2%, Financials 9.7%, Health Care 0.0%
Fill reconciliation: {'filled': 0, 'partial': 0, 'rejected': 1}
Open orders (2): ERIE sell 0.7641, MS sell 43.8344
Risk state: peak $99,703.60 | drawdown 0.67% | today -0.00% | halted: False
Market regime: NEUTRAL (position-size multiplier: 100% incl. circuit breaker 100%)
News: fetched 157, 0 new after dedup, 0 ticker(s) matched.
Quant pre-screen: 42/66 candidates passed.
Gemini proposed 2 trade(s) meeting the conviction bar.
Gemini calls used today (all models combined): 188
Market closed (overnight): queued 12 trade idea(s) for next-morning verification -- nothing submitted yet.
  -> queued SOLV buy (conf 89, stop 87.0, tp 94.0)
  -> queued COHR buy (conf 85, stop 105.5, tp 128.0)
  -> queued BSX buy (conf None, stop 49.01, tp 52.92)
  -> queued INTU buy (conf 82, stop 352.0, tp 390.0)
  -> queued DASH buy (conf 82, stop 206.73, tp 235.0)
  -> queued CVX buy (conf 85, stop 189.13, tp 215.14)
  -> queued TSLA buy (conf 80, stop 323.73, tp 366.5)
  -> queued NWS buy (conf 80, stop 32.26, tp 36.5)
  -> queued DRI buy (conf 85, stop 213.0, tp 235.0)
  -> queued DE buy (conf 88, stop 625.0, tp 685.0)
  -> queued CPRT buy (conf None, stop 28.68, tp 34.625)
  -> queued MSI buy (conf None, stop 457.185, tp 486.25)
Dashboard watchlist synced (6 symbols) for news/headlines.
Ending portfolio value: $99,039.83
Trade journal: all: 19 trades, 21% win rate, avg -2.19% | breakout: 1 trades, 0% win rate, avg -8.61% | other: 13 trades, 23% win rate, avg -1.93% | technical: 5 trades, 20% win rate, avg -1.58%
Self-learning: breakout: 1 trades, 0% win rate, avg -8.61% (LOSING) | other: 13 trades, 23% win rate, avg -1.93% (LOSING) | technical: 5 trades, 20% win rate, avg -1.58% (LOSING)
Performance: Total return +0.17% | Max drawdown 0.94% | Daily Sharpe 2.02 | 19 closed trades | Win rate 21% | Avg winner +1.83% | Avg loser -3.26% | Open positions: 4 | Equity $99,039.83
Engine P&L: legacy/unknown: realized $-1,705.68 (19 closed, 21% wins), unrealized $-64.86 (4 open) | Books: legacy: realized $-1,705.68, unrealized $-64.86
Reports: daily realized $+0.00; worst symbols none | weekly realized $-1,705.68; worst symbols HPE:-1286.89; COHR:-471.20; SNDK:-159.07; ANET:-45.31; NOW:-30.35
Shadow report: 2116 shadow candidate(s), 95 rejection group(s)
Timings: account: 0.0s | risk: 0.8s | decide: 18.7s | watchlist: 0.1s | perf: 0.1s

=== Run at 2026-08-22T14:10:32.715567 ===
Build fingerprint: 4f68550affe5
Current time: 2026-08-22 10:10 AM EDT | Market open (per Alpaca): False | Session: CLOSED
Account value: $99,039.83
Cash: $79,250.80 | Holdings (4): {'ERIE': '0.7641 sh (+2.23%)', 'GEHC': '0.6136 sh (+1.25%)', 'MS': '43.8344 sh (-3.06%)', 'MSI': '21.1281 sh (+2.28%)'}
Sector exposure (cached): Technology 10.2%, Financials 9.7%, Health Care 0.0%
Fill reconciliation: {'filled': 0, 'partial': 0, 'rejected': 1}
Open orders (2): ERIE sell 0.7641, MS sell 43.8344
Risk state: peak $99,703.60 | drawdown 0.67% | today -0.00% | halted: False
Market regime: NEUTRAL (position-size multiplier: 100% incl. circuit breaker 100%)
News: fetched 157, 2 new after dedup, 0 ticker(s) matched.
Quant pre-screen: 42/66 candidates passed.
Gemini proposed 2 trade(s) meeting the conviction bar.
Gemini calls used today (all models combined): 189
Market closed (overnight): queued 12 trade idea(s) for next-morning verification -- nothing submitted yet.
  -> queued SOLV buy (conf 89, stop 87.0, tp 94.0)
  -> queued COHR buy (conf 85, stop 105.5, tp 128.0)
  -> queued BSX buy (conf None, stop 49.01, tp 52.92)
  -> queued INTU buy (conf 82, stop 352.0, tp 390.0)
  -> queued DASH buy (conf 82, stop 206.73, tp 235.0)
  -> queued CVX buy (conf 85, stop 189.13, tp 215.14)
  -> queued TSLA buy (conf 80, stop 323.73, tp 366.5)
  -> queued NWS buy (conf 80, stop 32.26, tp 36.5)
  -> queued DRI buy (conf 85, stop 213.0, tp 229.46)
  -> queued DE buy (conf 82, stop 579.5, tp 673.87)
  -> queued CPRT buy (conf None, stop 28.68, tp 34.625)
  -> queued MSI buy (conf None, stop 457.185, tp 486.25)
Dashboard watchlist synced (6 symbols) for news/headlines.
Ending portfolio value: $99,039.83
Trade journal: all: 19 trades, 21% win rate, avg -2.19% | breakout: 1 trades, 0% win rate, avg -8.61% | other: 13 trades, 23% win rate, avg -1.93% | technical: 5 trades, 20% win rate, avg -1.58%
Self-learning: breakout: 1 trades, 0% win rate, avg -8.61% (LOSING) | other: 13 trades, 23% win rate, avg -1.93% (LOSING) | technical: 5 trades, 20% win rate, avg -1.58% (LOSING)
Performance: Total return +0.17% | Max drawdown 0.94% | Daily Sharpe 2.02 | 19 closed trades | Win rate 21% | Avg winner +1.83% | Avg loser -3.26% | Open positions: 4 | Equity $99,039.83
Engine P&L: legacy/unknown: realized $-1,705.68 (19 closed, 21% wins), unrealized $-64.86 (4 open) | Books: legacy: realized $-1,705.68, unrealized $-64.86
Reports: daily realized $+0.00; worst symbols none | weekly realized $-1,705.68; worst symbols HPE:-1286.89; COHR:-471.20; SNDK:-159.07; ANET:-45.31; NOW:-30.35
Shadow report: 2116 shadow candidate(s), 95 rejection group(s)
Timings: account: 0.0s | risk: 0.3s | decide: 2.9s | watchlist: 0.0s | perf: 0.0s

=== Run at 2026-08-22T14:12:51.226118 ===
=== Run at 2026-08-22T14:12:23.766306 ===
Build fingerprint: 4f68550affe5
Current time: 2026-08-22 10:12 AM EDT | Market open (per Alpaca): False | Session: CLOSED
Account value: $99,039.83
Cash: $79,250.80 | Holdings (4): {'ERIE': '0.7641 sh (+2.23%)', 'GEHC': '0.6136 sh (+1.25%)', 'MS': '43.8344 sh (-3.06%)', 'MSI': '21.1281 sh (+2.28%)'}
Sector exposure (cached): Technology 10.2%, Financials 9.7%, Health Care 0.0%
Fill reconciliation: {'filled': 0, 'partial': 0, 'rejected': 1}
Open orders (2): ERIE sell 0.7641, MS sell 43.8344
Risk state: peak $99,703.60 | drawdown 0.67% | today -0.00% | halted: False
Market regime: NEUTRAL (position-size multiplier: 100% incl. circuit breaker 100%)
News: fetched 157, 1 new after dedup, 0 ticker(s) matched.
Quant pre-screen: 42/66 candidates passed.
Gemini proposed 2 trade(s) meeting the conviction bar.
Gemini calls used today (all models combined): 190
Market closed (overnight): queued 12 trade idea(s) for next-morning verification -- nothing submitted yet.
  -> queued SOLV buy (conf 89, stop 87.0, tp 94.0)
  -> queued COHR buy (conf 85, stop 105.5, tp 128.0)
  -> queued BSX buy (conf None, stop 49.01, tp 52.92)
  -> queued INTU buy (conf 82, stop 352.0, tp 390.0)
  -> queued DASH buy (conf 82, stop 206.73, tp 235.0)
  -> queued CVX buy (conf 85, stop 189.13, tp 215.14)
  -> queued TSLA buy (conf 80, stop 323.73, tp 366.5)
  -> queued NWS buy (conf 80, stop 32.26, tp 36.5)
  -> queued DRI buy (conf 85, stop 213.0, tp 235.00000000000003)
  -> queued DE buy (conf 82, stop 579.5, tp 690.0000000000001)
  -> queued CVX buy (conf 80, stop 189.13, tp 214.65)
  -> queued TSLA buy (conf 80, stop 323.73, tp 366.5)
  -> queued NWS buy (conf 80, stop 32.26, tp 36.5)
  -> queued DRI buy (conf 85, stop 213.0, tp 229.46)
  -> queued DE buy (conf 85, stop 579.5, tp 673.87)
  -> queued CPRT buy (conf None, stop 28.68, tp 34.625)
  -> queued MSI buy (conf None, stop 457.185, tp 486.25)
Dashboard watchlist synced (6 symbols) for news/headlines.
Ending portfolio value: $99,039.83
Trade journal: all: 19 trades, 21% win rate, avg -2.19% | breakout: 1 trades, 0% win rate, avg -8.61% | other: 13 trades, 23% win rate, avg -1.93% | technical: 5 trades, 20% win rate, avg -1.58%
Self-learning: breakout: 1 trades, 0% win rate, avg -8.61% (LOSING) | other: 13 trades, 23% win rate, avg -1.93% (LOSING) | technical: 5 trades, 20% win rate, avg -1.58% (LOSING)
Performance: Total return +0.17% | Max drawdown 0.94% | Daily Sharpe 2.02 | 19 closed trades | Win rate 21% | Avg winner +1.83% | Avg loser -3.26% | Open positions: 4 | Equity $99,039.83
Engine P&L: legacy/unknown: realized $-1,705.68 (19 closed, 21% wins), unrealized $-64.86 (4 open) | Books: legacy: realized $-1,705.68, unrealized $-64.86
Reports: daily realized $+0.00; worst symbols none | weekly realized $-1,705.68; worst symbols HPE:-1286.89; COHR:-471.20; SNDK:-159.07; ANET:-45.31; NOW:-30.35
Shadow report: 2116 shadow candidate(s), 95 rejection group(s)
Timings: account: 0.0s | risk: 1.3s | decide: 7.4s | watchlist: 0.1s | perf: 0.2s
Timings: account: 0.0s | risk: 0.2s | decide: 2.9s | watchlist: 0.0s | perf: 0.0s

=== Run at 2026-08-22T14:14:29.107089 ===
Build fingerprint: 4f68550affe5
Current time: 2026-08-22 10:14 AM EDT | Market open (per Alpaca): False | Session: CLOSED
Account value: $99,039.83
Cash: $79,250.80 | Holdings (4): {'ERIE': '0.7641 sh (+2.23%)', 'GEHC': '0.6136 sh (+1.25%)', 'MS': '43.8344 sh (-3.06%)', 'MSI': '21.1281 sh (+2.28%)'}
Sector exposure (cached): Technology 10.2%, Financials 9.7%, Health Care 0.0%
Fill reconciliation: {'filled': 0, 'partial': 0, 'rejected': 1}
Open orders (2): ERIE sell 0.7641, MS sell 43.8344
Risk state: peak $99,703.60 | drawdown 0.67% | today -0.00% | halted: False
Market regime: NEUTRAL (position-size multiplier: 100% incl. circuit breaker 100%)
News: fetched 157, 3 new after dedup, 0 ticker(s) matched.
Quant pre-screen: 42/66 candidates passed.
Gemini proposed 2 trade(s) meeting the conviction bar.
Gemini calls used today (all models combined): 191
Market closed (overnight): queued 12 trade idea(s) for next-morning verification -- nothing submitted yet.
  -> queued SOLV buy (conf 89, stop 87.0, tp 94.0)
  -> queued COHR buy (conf 85, stop 105.5, tp 128.0)
  -> queued BSX buy (conf None, stop 49.01, tp 52.92)
  -> queued INTU buy (conf 82, stop 352.0, tp 390.0)
  -> queued DASH buy (conf 82, stop 206.73, tp 235.0)
  -> queued CVX buy (conf 85, stop 189.13, tp 215.14)
  -> queued TSLA buy (conf 80, stop 323.73, tp 366.5)
  -> queued NWS buy (conf 80, stop 32.26, tp 36.5)
  -> queued DRI buy (conf 85, stop 213.0, tp 229.46)
  -> queued DE buy (conf 82, stop 579.5, tp 673.87)
  -> queued CPRT buy (conf None, stop 28.68, tp 34.625)
  -> queued MSI buy (conf None, stop 457.185, tp 486.25)
Dashboard watchlist synced (6 symbols) for news/headlines.
Ending portfolio value: $99,039.83
Trade journal: all: 19 trades, 21% win rate, avg -2.19% | breakout: 1 trades, 0% win rate, avg -8.61% | other: 13 trades, 23% win rate, avg -1.93% | technical: 5 trades, 20% win rate, avg -1.58%
Self-learning: breakout: 1 trades, 0% win rate, avg -8.61% (LOSING) | other: 13 trades, 23% win rate, avg -1.93% (LOSING) | technical: 5 trades, 20% win rate, avg -1.58% (LOSING)
Performance: Total return +0.17% | Max drawdown 0.94% | Daily Sharpe 2.02 | 19 closed trades | Win rate 21% | Avg winner +1.83% | Avg loser -3.26% | Open positions: 4 | Equity $99,039.83
Engine P&L: legacy/unknown: realized $-1,705.68 (19 closed, 21% wins), unrealized $-64.86 (4 open) | Books: legacy: realized $-1,705.68, unrealized $-64.86
Reports: daily realized $+0.00; worst symbols none | weekly realized $-1,705.68; worst symbols HPE:-1286.89; COHR:-471.20; SNDK:-159.07; ANET:-45.31; NOW:-30.35
Shadow report: 2116 shadow candidate(s), 95 rejection group(s)
Timings: account: 0.0s | risk: 1.3s | decide: 7.8s | watchlist: 0.2s | perf: 0.2s

=== Run at 2026-08-22T14:16:24.956044 ===
Build fingerprint: 4f68550affe5
Current time: 2026-08-22 10:16 AM EDT | Market open (per Alpaca): False | Session: CLOSED
Account value: $99,039.83
Cash: $79,250.80 | Holdings (4): {'ERIE': '0.7641 sh (+2.23%)', 'GEHC': '0.6136 sh (+1.25%)', 'MS': '43.8344 sh (-3.06%)', 'MSI': '21.1281 sh (+2.28%)'}
Sector exposure (cached): Technology 10.2%, Financials 9.7%, Health Care 0.0%
Fill reconciliation: {'filled': 0, 'partial': 0, 'rejected': 1}
Open orders (2): ERIE sell 0.7641, MS sell 43.8344
Risk state: peak $99,703.60 | drawdown 0.67% | today -0.00% | halted: False
Market regime: NEUTRAL (position-size multiplier: 100% incl. circuit breaker 100%)
News: fetched 157, 2 new after dedup, 0 ticker(s) matched.
Quant pre-screen: 42/66 candidates passed.
Gemini proposed 3 trade(s) meeting the conviction bar.
Gemini calls used today (all models combined): 192
Market closed (overnight): queued 12 trade idea(s) for next-morning verification -- nothing submitted yet.
  -> queued SOLV buy (conf 89, stop 87.0, tp 94.0)
  -> queued COHR buy (conf 85, stop 105.5, tp 128.0)
  -> queued BSX buy (conf None, stop 49.01, tp 52.92)
  -> queued INTU buy (conf 82, stop 352.0, tp 390.0)
  -> queued DASH buy (conf 82, stop 206.73, tp 235.0)
  -> queued CVX buy (conf 85, stop 189.13, tp 215.14)
  -> queued TSLA buy (conf 80, stop 323.73, tp 366.5)
  -> queued NWS buy (conf 80, stop 32.26, tp 36.5)
  -> queued DRI buy (conf 91, stop 213.0, tp 235.0)
  -> queued DE buy (conf 88, stop 605.0, tp 690.0)
  -> queued CPRT buy (conf 85, stop 31.5, tp 37.0)
  -> queued MSI buy (conf None, stop 457.185, tp 486.25)
Dashboard watchlist synced (7 symbols) for news/headlines.
Ending portfolio value: $99,039.83
Trade journal: all: 19 trades, 21% win rate, avg -2.19% | breakout: 1 trades, 0% win rate, avg -8.61% | other: 13 trades, 23% win rate, avg -1.93% | technical: 5 trades, 20% win rate, avg -1.58%
Self-learning: breakout: 1 trades, 0% win rate, avg -8.61% (LOSING) | other: 13 trades, 23% win rate, avg -1.93% (LOSING) | technical: 5 trades, 20% win rate, avg -1.58% (LOSING)
Performance: Total return +0.17% | Max drawdown 0.94% | Daily Sharpe 2.02 | 19 closed trades | Win rate 21% | Avg winner +1.83% | Avg loser -3.26% | Open positions: 4 | Equity $99,039.83
Engine P&L: legacy/unknown: realized $-1,705.68 (19 closed, 21% wins), unrealized $-64.86 (4 open) | Books: legacy: realized $-1,705.68, unrealized $-64.86
Reports: daily realized $+0.00; worst symbols none | weekly realized $-1,705.68; worst symbols HPE:-1286.89; COHR:-471.20; SNDK:-159.07; ANET:-45.31; NOW:-30.35
Shadow report: 2116 shadow candidate(s), 95 rejection group(s)
Timings: account: 0.0s | risk: 0.6s | decide: 5.0s | watchlist: 0.1s | perf: 0.1s

=== Run at 2026-08-22T14:18:30.984527 ===
Build fingerprint: 4f68550affe5
Current time: 2026-08-22 10:18 AM EDT | Market open (per Alpaca): False | Session: CLOSED
Account value: $99,039.83
Cash: $79,250.80 | Holdings (4): {'ERIE': '0.7641 sh (+2.23%)', 'GEHC': '0.6136 sh (+1.25%)', 'MS': '43.8344 sh (-3.06%)', 'MSI': '21.1281 sh (+2.28%)'}
Sector exposure (cached): Technology 10.2%, Financials 9.7%, Health Care 0.0%
Fill reconciliation: {'filled': 0, 'partial': 0, 'rejected': 1}
Open orders (2): ERIE sell 0.7641, MS sell 43.8344
Risk state: peak $99,703.60 | drawdown 0.67% | today -0.00% | halted: False
Market regime: NEUTRAL (position-size multiplier: 100% incl. circuit breaker 100%)
News: fetched 157, 1 new after dedup, 0 ticker(s) matched.
Quant pre-screen: 42/66 candidates passed.
Gemini proposed 2 trade(s) meeting the conviction bar.
Gemini calls used today (all models combined): 193
Market closed (overnight): queued 12 trade idea(s) for next-morning verification -- nothing submitted yet.
  -> queued SOLV buy (conf 89, stop 87.0, tp 94.0)
  -> queued COHR buy (conf 85, stop 105.5, tp 128.0)
  -> queued BSX buy (conf None, stop 49.01, tp 52.92)
  -> queued INTU buy (conf 82, stop 352.0, tp 390.0)
  -> queued DASH buy (conf 82, stop 206.73, tp 235.0)
  -> queued CVX buy (conf 85, stop 189.13, tp 215.14)
  -> queued TSLA buy (conf 80, stop 323.73, tp 366.5)
  -> queued NWS buy (conf 80, stop 32.26, tp 36.5)
  -> queued DRI buy (conf 88, stop 213.0, tp 235.0)
  -> queued DE buy (conf 85, stop 625.0, tp 680.0)
  -> queued CPRT buy (conf 85, stop 31.5, tp 37.0)
  -> queued MSI buy (conf None, stop 457.185, tp 486.25)
Dashboard watchlist synced (6 symbols) for news/headlines.
Ending portfolio value: $99,039.83
Trade journal: all: 19 trades, 21% win rate, avg -2.19% | breakout: 1 trades, 0% win rate, avg -8.61% | other: 13 trades, 23% win rate, avg -1.93% | technical: 5 trades, 20% win rate, avg -1.58%
Self-learning: breakout: 1 trades, 0% win rate, avg -8.61% (LOSING) | other: 13 trades, 23% win rate, avg -1.93% (LOSING) | technical: 5 trades, 20% win rate, avg -1.58% (LOSING)
Performance: Total return +0.17% | Max drawdown 0.94% | Daily Sharpe 2.02 | 19 closed trades | Win rate 21% | Avg winner +1.83% | Avg loser -3.26% | Open positions: 4 | Equity $99,039.83
Engine P&L: legacy/unknown: realized $-1,705.68 (19 closed, 21% wins), unrealized $-64.86 (4 open) | Books: legacy: realized $-1,705.68, unrealized $-64.86
Reports: daily realized $+0.00; worst symbols none | weekly realized $-1,705.68; worst symbols HPE:-1286.89; COHR:-471.20; SNDK:-159.07; ANET:-45.31; NOW:-30.35
Shadow report: 2116 shadow candidate(s), 95 rejection group(s)
Timings: account: 0.0s | risk: 1.3s | decide: 7.5s | watchlist: 0.2s | perf: 0.2s

=== Run at 2026-08-22T14:20:31.264485 ===
Build fingerprint: 4f68550affe5
Current time: 2026-08-22 10:20 AM EDT | Market open (per Alpaca): False | Session: CLOSED
Account value: $99,039.83
Cash: $79,250.80 | Holdings (4): {'ERIE': '0.7641 sh (+2.23%)', 'GEHC': '0.6136 sh (+1.25%)', 'MS': '43.8344 sh (-3.06%)', 'MSI': '21.1281 sh (+2.28%)'}
Sector exposure (cached): Technology 10.2%, Financials 9.7%, Health Care 0.0%
Fill reconciliation: {'filled': 0, 'partial': 0, 'rejected': 1}
Open orders (2): ERIE sell 0.7641, MS sell 43.8344
Risk state: peak $99,703.60 | drawdown 0.67% | today -0.00% | halted: False
Market regime: NEUTRAL (position-size multiplier: 100% incl. circuit breaker 100%)
News: fetched 157, 0 new after dedup, 0 ticker(s) matched.
Quant pre-screen: 42/66 candidates passed.
Gemini proposed 2 trade(s) meeting the conviction bar.
Gemini calls used today (all models combined): 194
Market closed (overnight): queued 12 trade idea(s) for next-morning verification -- nothing submitted yet.
  -> queued SOLV buy (conf 89, stop 87.0, tp 94.0)
  -> queued COHR buy (conf 85, stop 105.5, tp 128.0)
  -> queued BSX buy (conf None, stop 49.01, tp 52.92)
  -> queued INTU buy (conf 82, stop 352.0, tp 390.0)
  -> queued DASH buy (conf 82, stop 206.73, tp 235.0)
  -> queued CVX buy (conf 80, stop 192.0, tp 218.0)
  -> queued TSLA buy (conf 80, stop 323.73, tp 366.5)
  -> queued NWS buy (conf 80, stop 32.26, tp 36.5)
  -> queued DRI buy (conf 88, stop 213.0, tp 235.0)
  -> queued DE buy (conf 85, stop 605.0, tp 685.0000000000001)
  -> queued CPRT buy (conf 85, stop 31.5, tp 37.0)
  -> queued MSI buy (conf None, stop 457.185, tp 486.25)
Dashboard watchlist synced (6 symbols) for news/headlines.
Ending portfolio value: $99,039.83
Trade journal: all: 19 trades, 21% win rate, avg -2.19% | breakout: 1 trades, 0% win rate, avg -8.61% | other: 13 trades, 23% win rate, avg -1.93% | technical: 5 trades, 20% win rate, avg -1.58%
Self-learning: breakout: 1 trades, 0% win rate, avg -8.61% (LOSING) | other: 13 trades, 23% win rate, avg -1.93% (LOSING) | technical: 5 trades, 20% win rate, avg -1.58% (LOSING)
Performance: Total return +0.17% | Max drawdown 0.94% | Daily Sharpe 2.02 | 19 closed trades | Win rate 21% | Avg winner +1.83% | Avg loser -3.26% | Open positions: 4 | Equity $99,039.83
Engine P&L: legacy/unknown: realized $-1,705.68 (19 closed, 21% wins), unrealized $-64.86 (4 open) | Books: legacy: realized $-1,705.68, unrealized $-64.86
Reports: daily realized $+0.00; worst symbols none | weekly realized $-1,705.68; worst symbols HPE:-1286.89; COHR:-471.20; SNDK:-159.07; ANET:-45.31; NOW:-30.35
Shadow report: 2116 shadow candidate(s), 95 rejection group(s)
Timings: account: 0.0s | risk: 0.7s | decide: 6.0s | watchlist: 0.1s | perf: 0.1s

=== Run at 2026-08-22T14:22:29.903186 ===
Build fingerprint: 4f68550affe5
Current time: 2026-08-22 10:22 AM EDT | Market open (per Alpaca): False | Session: CLOSED
Account value: $99,039.83
Cash: $79,250.80 | Holdings (4): {'ERIE': '0.7641 sh (+2.23%)', 'GEHC': '0.6136 sh (+1.25%)', 'MS': '43.8344 sh (-3.06%)', 'MSI': '21.1281 sh (+2.28%)'}
Sector exposure (cached): Technology 10.2%, Financials 9.7%, Health Care 0.0%
Fill reconciliation: {'filled': 0, 'partial': 0, 'rejected': 1}
Open orders (2): ERIE sell 0.7641, MS sell 43.8344
Risk state: peak $99,703.60 | drawdown 0.67% | today -0.00% | halted: False
Market regime: NEUTRAL (position-size multiplier: 100% incl. circuit breaker 100%)
News: fetched 157, 0 new after dedup, 0 ticker(s) matched.
Quant pre-screen: 42/66 candidates passed.
Gemini proposed 2 trade(s) meeting the conviction bar.
Gemini calls used today (all models combined): 195
Market closed (overnight): queued 11 trade idea(s) for next-morning verification -- nothing submitted yet.
  -> queued SOLV buy (conf 89, stop 87.0, tp 94.0)
  -> queued COHR buy (conf 85, stop 105.5, tp 128.0)
  -> queued BSX buy (conf None, stop 49.01, tp 52.92)
  -> queued INTU buy (conf 82, stop 352.0, tp 390.0)
  -> queued DASH buy (conf 82, stop 206.73, tp 235.0)
  -> queued CVX buy (conf 80, stop 192.0, tp 218.0)
  -> queued NWS buy (conf 80, stop 32.26, tp 36.5)
  -> queued DRI buy (conf 85, stop 213.0, tp 229.46)
  -> queued DE buy (conf 80, stop 579.5, tp 673.87)
  -> queued CPRT buy (conf 85, stop 31.5, tp 37.0)
  -> queued MSI buy (conf None, stop 457.185, tp 486.25)
Dashboard watchlist synced (6 symbols) for news/headlines.
Ending portfolio value: $99,039.83
Trade journal: all: 19 trades, 21% win rate, avg -2.19% | breakout: 1 trades, 0% win rate, avg -8.61% | other: 13 trades, 23% win rate, avg -1.93% | technical: 5 trades, 20% win rate, avg -1.58%
Self-learning: breakout: 1 trades, 0% win rate, avg -8.61% (LOSING) | other: 13 trades, 23% win rate, avg -1.93% (LOSING) | technical: 5 trades, 20% win rate, avg -1.58% (LOSING)
Performance: Total return +0.17% | Max drawdown 0.94% | Daily Sharpe 2.02 | 19 closed trades | Win rate 21% | Avg winner +1.83% | Avg loser -3.26% | Open positions: 4 | Equity $99,039.83
Engine P&L: legacy/unknown: realized $-1,705.68 (19 closed, 21% wins), unrealized $-64.86 (4 open) | Books: legacy: realized $-1,705.68, unrealized $-64.86
Reports: daily realized $+0.00; worst symbols none | weekly realized $-1,705.68; worst symbols HPE:-1286.89; COHR:-471.20; SNDK:-159.07; ANET:-45.31; NOW:-30.35
Shadow report: 2116 shadow candidate(s), 95 rejection group(s)
Timings: account: 0.0s | risk: 1.3s | decide: 8.1s | watchlist: 0.1s | perf: 0.2s

=== Run at 2026-08-22T14:24:24.626864 ===
Build fingerprint: 4f68550affe5
Current time: 2026-08-22 10:24 AM EDT | Market open (per Alpaca): False | Session: CLOSED
Account value: $99,039.83
Cash: $79,250.80 | Holdings (4): {'ERIE': '0.7641 sh (+2.23%)', 'GEHC': '0.6136 sh (+1.25%)', 'MS': '43.8344 sh (-3.06%)', 'MSI': '21.1281 sh (+2.28%)'}
Sector exposure (cached): Technology 10.2%, Financials 9.7%, Health Care 0.0%
Fill reconciliation: {'filled': 0, 'partial': 0, 'rejected': 1}
Open orders (2): ERIE sell 0.7641, MS sell 43.8344
Risk state: peak $99,703.60 | drawdown 0.67% | today -0.00% | halted: False
Market regime: NEUTRAL (position-size multiplier: 100% incl. circuit breaker 100%)
News: fetched 119, 0 new after dedup, 0 ticker(s) matched.
Quant pre-screen: 42/66 candidates passed.
Gemini proposed 3 trade(s) meeting the conviction bar.
Gemini calls used today (all models combined): 196
Market closed (overnight): queued 11 trade idea(s) for next-morning verification -- nothing submitted yet.
  -> queued SOLV buy (conf 89, stop 87.0, tp 94.0)
  -> queued COHR buy (conf 85, stop 105.5, tp 128.0)
  -> queued BSX buy (conf None, stop 49.01, tp 52.92)
  -> queued INTU buy (conf 82, stop 352.0, tp 390.0)
  -> queued DASH buy (conf 82, stop 206.73, tp 235.0)
  -> queued CVX buy (conf 82, stop 189.13, tp 215.0)
  -> queued NWS buy (conf 80, stop 32.26, tp 36.5)
  -> queued DRI buy (conf 88, stop 213.0, tp 235.00000000000003)
  -> queued DE buy (conf 85, stop 579.5, tp 680.0)
  -> queued CPRT buy (conf 85, stop 31.5, tp 37.0)
  -> queued MSI buy (conf None, stop 457.185, tp 486.25)
Dashboard watchlist synced (7 symbols) for news/headlines.
Ending portfolio value: $99,039.83
Trade journal: all: 19 trades, 21% win rate, avg -2.19% | breakout: 1 trades, 0% win rate, avg -8.61% | other: 13 trades, 23% win rate, avg -1.93% | technical: 5 trades, 20% win rate, avg -1.58%
Self-learning: breakout: 1 trades, 0% win rate, avg -8.61% (LOSING) | other: 13 trades, 23% win rate, avg -1.93% (LOSING) | technical: 5 trades, 20% win rate, avg -1.58% (LOSING)
Performance: Total return +0.17% | Max drawdown 0.94% | Daily Sharpe 2.02 | 19 closed trades | Win rate 21% | Avg winner +1.83% | Avg loser -3.26% | Open positions: 4 | Equity $99,039.83
Engine P&L: legacy/unknown: realized $-1,705.68 (19 closed, 21% wins), unrealized $-64.86 (4 open) | Books: legacy: realized $-1,705.68, unrealized $-64.86
Reports: daily realized $+0.00; worst symbols none | weekly realized $-1,705.68; worst symbols HPE:-1286.89; COHR:-471.20; SNDK:-159.07; ANET:-45.31; NOW:-30.35
Shadow report: 2116 shadow candidate(s), 95 rejection group(s)
Timings: account: 0.0s | risk: 0.3s | decide: 11.0s | watchlist: 0.0s | perf: 0.0s

=== Run at 2026-08-22T14:26:24.932058 ===
Build fingerprint: 4f68550affe5
Current time: 2026-08-22 10:26 AM EDT | Market open (per Alpaca): False | Session: CLOSED
Account value: $99,039.83
Cash: $79,250.80 | Holdings (4): {'ERIE': '0.7641 sh (+2.23%)', 'GEHC': '0.6136 sh (+1.25%)', 'MS': '43.8344 sh (-3.06%)', 'MSI': '21.1281 sh (+2.28%)'}
Sector exposure (cached): Technology 10.2%, Financials 9.7%, Health Care 0.0%
Fill reconciliation: {'filled': 0, 'partial': 0, 'rejected': 1}
Open orders (2): ERIE sell 0.7641, MS sell 43.8344
Risk state: peak $99,703.60 | drawdown 0.67% | today -0.00% | halted: False
Market regime: NEUTRAL (position-size multiplier: 100% incl. circuit breaker 100%)
News: fetched 157, 1 new after dedup, 0 ticker(s) matched.
Quant pre-screen: 42/66 candidates passed.
Gemini proposed 3 trade(s) meeting the conviction bar.
Gemini calls used today (all models combined): 197
Market closed (overnight): queued 11 trade idea(s) for next-morning verification -- nothing submitted yet.
  -> queued SOLV buy (conf 89, stop 87.0, tp 94.0)
  -> queued COHR buy (conf 85, stop 105.5, tp 128.0)
  -> queued BSX buy (conf None, stop 49.01, tp 52.92)
  -> queued INTU buy (conf 82, stop 352.0, tp 390.0)
  -> queued DASH buy (conf 82, stop 206.73, tp 235.0)
  -> queued CVX buy (conf 80, stop 198.0, tp 214.65)
  -> queued NWS buy (conf 80, stop 32.26, tp 36.5)
  -> queued DRI buy (conf 85, stop 213.0, tp 232.5)
  -> queued DE buy (conf 82, stop 625.0, tp 673.87)
  -> queued CPRT buy (conf 85, stop 31.5, tp 37.0)
  -> queued MSI buy (conf None, stop 457.185, tp 486.25)
Dashboard watchlist synced (7 symbols) for news/headlines.
Ending portfolio value: $99,039.83
Trade journal: all: 19 trades, 21% win rate, avg -2.19% | breakout: 1 trades, 0% win rate, avg -8.61% | other: 13 trades, 23% win rate, avg -1.93% | technical: 5 trades, 20% win rate, avg -1.58%
Self-learning: breakout: 1 trades, 0% win rate, avg -8.61% (LOSING) | other: 13 trades, 23% win rate, avg -1.93% (LOSING) | technical: 5 trades, 20% win rate, avg -1.58% (LOSING)
Performance: Total return +0.17% | Max drawdown 0.94% | Daily Sharpe 2.02 | 19 closed trades | Win rate 21% | Avg winner +1.83% | Avg loser -3.26% | Open positions: 4 | Equity $99,039.83
Engine P&L: legacy/unknown: realized $-1,705.68 (19 closed, 21% wins), unrealized $-64.86 (4 open) | Books: legacy: realized $-1,705.68, unrealized $-64.86
Reports: daily realized $+0.00; worst symbols none | weekly realized $-1,705.68; worst symbols HPE:-1286.89; COHR:-471.20; SNDK:-159.07; ANET:-45.31; NOW:-30.35
Shadow report: 2116 shadow candidate(s), 95 rejection group(s)
Timings: account: 0.0s | risk: 0.7s | decide: 7.8s | watchlist: 0.1s | perf: 0.1s

=== Run at 2026-08-22T14:28:33.973863 ===
Build fingerprint: 4f68550affe5
Current time: 2026-08-22 10:28 AM EDT | Market open (per Alpaca): False | Session: CLOSED
Account value: $99,039.83
Cash: $79,250.80 | Holdings (4): {'ERIE': '0.7641 sh (+2.23%)', 'GEHC': '0.6136 sh (+1.25%)', 'MS': '43.8344 sh (-3.06%)', 'MSI': '21.1281 sh (+2.28%)'}
Sector exposure (cached): Technology 10.2%, Financials 9.7%, Health Care 0.0%
Fill reconciliation: {'filled': 0, 'partial': 0, 'rejected': 1}
Open orders (2): ERIE sell 0.7641, MS sell 43.8344
Risk state: peak $99,703.60 | drawdown 0.67% | today -0.00% | halted: False
Market regime: NEUTRAL (position-size multiplier: 100% incl. circuit breaker 100%)
News: fetched 157, 1 new after dedup, 0 ticker(s) matched.
Quant pre-screen: 42/66 candidates passed.
Gemini proposed 2 trade(s) meeting the conviction bar.
Gemini calls used today (all models combined): 198
Market closed (overnight): queued 11 trade idea(s) for next-morning verification -- nothing submitted yet.
  -> queued SOLV buy (conf 89, stop 87.0, tp 94.0)
  -> queued COHR buy (conf 85, stop 105.5, tp 128.0)
  -> queued BSX buy (conf None, stop 49.01, tp 52.92)
  -> queued INTU buy (conf 82, stop 352.0, tp 390.0)
  -> queued DASH buy (conf 82, stop 206.73, tp 235.0)
  -> queued CVX buy (conf 80, stop 198.0, tp 214.65)
  -> queued NWS buy (conf 80, stop 32.26, tp 36.5)
  -> queued DRI buy (conf 88, stop 213.0, tp 235.0)
  -> queued DE buy (conf 85, stop 579.5, tp 673.8)
  -> queued CPRT buy (conf 85, stop 31.5, tp 37.0)
  -> queued MSI buy (conf None, stop 457.185, tp 486.25)
Dashboard watchlist synced (6 symbols) for news/headlines.
Ending portfolio value: $99,039.83
Trade journal: all: 19 trades, 21% win rate, avg -2.19% | breakout: 1 trades, 0% win rate, avg -8.61% | other: 13 trades, 23% win rate, avg -1.93% | technical: 5 trades, 20% win rate, avg -1.58%
Self-learning: breakout: 1 trades, 0% win rate, avg -8.61% (LOSING) | other: 13 trades, 23% win rate, avg -1.93% (LOSING) | technical: 5 trades, 20% win rate, avg -1.58% (LOSING)
Performance: Total return +0.17% | Max drawdown 0.94% | Daily Sharpe 2.02 | 19 closed trades | Win rate 21% | Avg winner +1.83% | Avg loser -3.26% | Open positions: 4 | Equity $99,039.83
Engine P&L: legacy/unknown: realized $-1,705.68 (19 closed, 21% wins), unrealized $-64.86 (4 open) | Books: legacy: realized $-1,705.68, unrealized $-64.86
Reports: daily realized $+0.00; worst symbols none | weekly realized $-1,705.68; worst symbols HPE:-1286.89; COHR:-471.20; SNDK:-159.07; ANET:-45.31; NOW:-30.35
Shadow report: 2116 shadow candidate(s), 95 rejection group(s)
Timings: account: 0.0s | risk: 0.6s | decide: 5.6s | watchlist: 0.1s | perf: 0.1s

=== Run at 2026-08-22T14:30:35.478625 ===
Build fingerprint: 4f68550affe5
Current time: 2026-08-22 10:30 AM EDT | Market open (per Alpaca): False | Session: CLOSED
Account value: $99,039.83
Cash: $79,250.80 | Holdings (4): {'ERIE': '0.7641 sh (+2.23%)', 'GEHC': '0.6136 sh (+1.25%)', 'MS': '43.8344 sh (-3.06%)', 'MSI': '21.1281 sh (+2.28%)'}
Sector exposure (cached): Technology 10.2%, Financials 9.7%, Health Care 0.0%
Fill reconciliation: {'filled': 0, 'partial': 0, 'rejected': 1}
Open orders (2): ERIE sell 0.7641, MS sell 43.8344
Risk state: peak $99,703.60 | drawdown 0.67% | today -0.00% | halted: False
Market regime: NEUTRAL (position-size multiplier: 100% incl. circuit breaker 100%)
News: fetched 157, 1 new after dedup, 0 ticker(s) matched.
Quant pre-screen: 42/66 candidates passed.
Gemini proposed 3 trade(s) meeting the conviction bar.
Gemini calls used today (all models combined): 199
Market closed (overnight): queued 11 trade idea(s) for next-morning verification -- nothing submitted yet.
  -> queued SOLV buy (conf 89, stop 87.0, tp 94.0)
  -> queued COHR buy (conf 85, stop 105.5, tp 128.0)
  -> queued BSX buy (conf None, stop 49.01, tp 52.92)
  -> queued INTU buy (conf 82, stop 352.0, tp 390.0)
  -> queued DASH buy (conf 82, stop 206.73, tp 235.0)
  -> queued CVX buy (conf 88, stop 195.0, tp 218.0)
  -> queued NWS buy (conf 80, stop 32.26, tp 36.5)
  -> queued DRI buy (conf 92, stop 213.0, tp 235.0)
  -> queued DE buy (conf 90, stop 625.0, tp 675.0)
  -> queued CPRT buy (conf 85, stop 31.5, tp 37.0)
  -> queued MSI buy (conf None, stop 457.185, tp 486.25)
Dashboard watchlist synced (7 symbols) for news/headlines.
Ending portfolio value: $99,039.83
Trade journal: all: 19 trades, 21% win rate, avg -2.19% | breakout: 1 trades, 0% win rate, avg -8.61% | other: 13 trades, 23% win rate, avg -1.93% | technical: 5 trades, 20% win rate, avg -1.58%
Self-learning: breakout: 1 trades, 0% win rate, avg -8.61% (LOSING) | other: 13 trades, 23% win rate, avg -1.93% (LOSING) | technical: 5 trades, 20% win rate, avg -1.58% (LOSING)
Performance: Total return +0.17% | Max drawdown 0.94% | Daily Sharpe 2.02 | 19 closed trades | Win rate 21% | Avg winner +1.83% | Avg loser -3.26% | Open positions: 4 | Equity $99,039.83
Engine P&L: legacy/unknown: realized $-1,705.68 (19 closed, 21% wins), unrealized $-64.86 (4 open) | Books: legacy: realized $-1,705.68, unrealized $-64.86
Reports: daily realized $+0.00; worst symbols none | weekly realized $-1,705.68; worst symbols HPE:-1286.89; COHR:-471.20; SNDK:-159.07; ANET:-45.31; NOW:-30.35
Shadow report: 2116 shadow candidate(s), 95 rejection group(s)
Timings: account: 0.0s | risk: 1.1s | decide: 8.7s | watchlist: 0.1s | perf: 0.1s

=== Run at 2026-08-22T14:32:27.673922 ===
Build fingerprint: 4f68550affe5
Current time: 2026-08-22 10:32 AM EDT | Market open (per Alpaca): False | Session: CLOSED
Account value: $99,039.83
Cash: $79,250.80 | Holdings (4): {'ERIE': '0.7641 sh (+2.23%)', 'GEHC': '0.6136 sh (+1.25%)', 'MS': '43.8344 sh (-3.06%)', 'MSI': '21.1281 sh (+2.28%)'}
Sector exposure (cached): Technology 10.2%, Financials 9.7%, Health Care 0.0%
Fill reconciliation: {'filled': 0, 'partial': 0, 'rejected': 1}
Open orders (2): ERIE sell 0.7641, MS sell 43.8344
Risk state: peak $99,703.60 | drawdown 0.67% | today -0.00% | halted: False
Market regime: NEUTRAL (position-size multiplier: 100% incl. circuit breaker 100%)
News: fetched 157, 1 new after dedup, 0 ticker(s) matched.
Quant pre-screen: 42/66 candidates passed.
Gemini proposed 2 trade(s) meeting the conviction bar.
Gemini calls used today (all models combined): 200
Market closed (overnight): queued 11 trade idea(s) for next-morning verification -- nothing submitted yet.
  -> queued SOLV buy (conf 89, stop 87.0, tp 94.0)
  -> queued COHR buy (conf 85, stop 105.5, tp 128.0)
  -> queued BSX buy (conf None, stop 49.01, tp 52.92)
  -> queued INTU buy (conf 82, stop 352.0, tp 390.0)
  -> queued DASH buy (conf 82, stop 206.73, tp 235.0)
  -> queued CVX buy (conf 88, stop 195.0, tp 218.0)
  -> queued NWS buy (conf 80, stop 32.26, tp 36.5)
  -> queued DRI buy (conf 82, stop 213.0, tp 235.0)
  -> queued DE buy (conf 85, stop None, tp None)
  -> queued CPRT buy (conf 85, stop 31.5, tp 37.0)
  -> queued MSI buy (conf None, stop 457.185, tp 486.25)
Dashboard watchlist synced (6 symbols) for news/headlines.
Ending portfolio value: $99,039.83
Trade journal: all: 19 trades, 21% win rate, avg -2.19% | breakout: 1 trades, 0% win rate, avg -8.61% | other: 13 trades, 23% win rate, avg -1.93% | technical: 5 trades, 20% win rate, avg -1.58%
Self-learning: breakout: 1 trades, 0% win rate, avg -8.61% (LOSING) | other: 13 trades, 23% win rate, avg -1.93% (LOSING) | technical: 5 trades, 20% win rate, avg -1.58% (LOSING)
Performance: Total return +0.17% | Max drawdown 0.94% | Daily Sharpe 2.02 | 19 closed trades | Win rate 21% | Avg winner +1.83% | Avg loser -3.26% | Open positions: 4 | Equity $99,039.83
Engine P&L: legacy/unknown: realized $-1,705.68 (19 closed, 21% wins), unrealized $-64.86 (4 open) | Books: legacy: realized $-1,705.68, unrealized $-64.86
Reports: daily realized $+0.00; worst symbols none | weekly realized $-1,705.68; worst symbols HPE:-1286.89; COHR:-471.20; SNDK:-159.07; ANET:-45.31; NOW:-30.35
Shadow report: 2116 shadow candidate(s), 95 rejection group(s)
Timings: account: 0.0s | risk: 1.3s | decide: 7.6s | watchlist: 0.2s | perf: 0.2s

=== Run at 2026-08-22T14:34:27.859120 ===
Build fingerprint: 4f68550affe5
Current time: 2026-08-22 10:34 AM EDT | Market open (per Alpaca): False | Session: CLOSED
Account value: $99,039.83
Cash: $79,250.80 | Holdings (4): {'ERIE': '0.7641 sh (+2.23%)', 'GEHC': '0.6136 sh (+1.25%)', 'MS': '43.8344 sh (-3.06%)', 'MSI': '21.1281 sh (+2.28%)'}
Sector exposure (cached): Technology 10.2%, Financials 9.7%, Health Care 0.0%
Fill reconciliation: {'filled': 0, 'partial': 0, 'rejected': 1}
Open orders (2): ERIE sell 0.7641, MS sell 43.8344
Risk state: peak $99,703.60 | drawdown 0.67% | today -0.00% | halted: False
Market regime: NEUTRAL (position-size multiplier: 100% incl. circuit breaker 100%)
News: fetched 157, 0 new after dedup, 0 ticker(s) matched.
Quant pre-screen: 42/66 candidates passed.
Technical fallback (Gemini throttled/unavailable) proposed 8 trade(s) meeting the conviction bar.
Technical fallback cap omitted 19 weaker idea(s) this run.
Gemini calls used today (all models combined): 200
Market closed (overnight): queued 12 trade idea(s) for next-morning verification -- nothing submitted yet.
  -> queued SOLV buy (conf 89, stop 87.0, tp 94.0)
  -> queued COHR buy (conf 85, stop 105.5, tp 128.0)
  -> queued BSX buy (conf None, stop 49.01, tp 52.92)
  -> queued CPRT buy (conf 85, stop 31.5, tp 37.0)
  -> queued INTU buy (conf 82, stop 352.0, tp 390.0)
  -> queued NWS buy (conf 80, stop 32.26, tp 36.5)
  -> queued DRI buy (conf None, stop 212.995, tp 229.46)
  -> queued DE buy (conf None, stop 579.5, tp 654.135)
  -> queued DASH buy (conf None, stop 206.73, tp 225.9)
  -> queued CVX buy (conf None, stop 189.13, tp 208.91)
  -> queued MSI buy (conf None, stop 457.185, tp 486.25)
  -> queued DVN buy (conf None, stop 43.65, tp 49.72)
Dashboard watchlist synced (11 symbols) for news/headlines.
Ending portfolio value: $99,039.83
Trade journal: all: 19 trades, 21% win rate, avg -2.19% | breakout: 1 trades, 0% win rate, avg -8.61% | other: 13 trades, 23% win rate, avg -1.93% | technical: 5 trades, 20% win rate, avg -1.58%
Self-learning: breakout: 1 trades, 0% win rate, avg -8.61% (LOSING) | other: 13 trades, 23% win rate, avg -1.93% (LOSING) | technical: 5 trades, 20% win rate, avg -1.58% (LOSING)
Performance: Total return +0.17% | Max drawdown 0.94% | Daily Sharpe 2.02 | 19 closed trades | Win rate 21% | Avg winner +1.83% | Avg loser -3.26% | Open positions: 4 | Equity $99,039.83
Engine P&L: legacy/unknown: realized $-1,705.68 (19 closed, 21% wins), unrealized $-64.86 (4 open) | Books: legacy: realized $-1,705.68, unrealized $-64.86
Reports: daily realized $+0.00; worst symbols none | weekly realized $-1,705.68; worst symbols HPE:-1286.89; COHR:-471.20; SNDK:-159.07; ANET:-45.31; NOW:-30.35
Shadow report: 2116 shadow candidate(s), 95 rejection group(s)
Timings: account: 0.0s | risk: 0.7s | decide: 23.4s | watchlist: 0.1s | perf: 0.1s

=== Run at 2026-08-22T14:36:28.068354 ===
Build fingerprint: 4f68550affe5
Current time: 2026-08-22 10:36 AM EDT | Market open (per Alpaca): False | Session: CLOSED
Account value: $99,039.83
Cash: $79,250.80 | Holdings (4): {'ERIE': '0.7641 sh (+2.23%)', 'GEHC': '0.6136 sh (+1.25%)', 'MS': '43.8344 sh (-3.06%)', 'MSI': '21.1281 sh (+2.28%)'}
Sector exposure (cached): Technology 10.2%, Financials 9.7%, Health Care 0.0%
Fill reconciliation: {'filled': 0, 'partial': 0, 'rejected': 1}
Open orders (2): ERIE sell 0.7641, MS sell 43.8344
Risk state: peak $99,703.60 | drawdown 0.67% | today -0.00% | halted: False
Market regime: NEUTRAL (position-size multiplier: 100% incl. circuit breaker 100%)
News: fetched 157, 1 new after dedup, 0 ticker(s) matched.
Quant pre-screen: 42/66 candidates passed.
Gemini proposed 2 trade(s) meeting the conviction bar.
Gemini calls used today (all models combined): 201
Market closed (overnight): queued 12 trade idea(s) for next-morning verification -- nothing submitted yet.
  -> queued SOLV buy (conf 89, stop 87.0, tp 94.0)
  -> queued COHR buy (conf 85, stop 105.5, tp 128.0)
  -> queued BSX buy (conf None, stop 49.01, tp 52.92)
  -> queued CPRT buy (conf 85, stop 31.5, tp 37.0)
  -> queued INTU buy (conf 82, stop 352.0, tp 390.0)
  -> queued NWS buy (conf 80, stop 32.26, tp 36.5)
  -> queued DRI buy (conf 88, stop 213.0, tp 235.00000000000003)
  -> queued DE buy (conf 85, stop 625.0, tp 680.0)
  -> queued DASH buy (conf None, stop 206.73, tp 225.9)
  -> queued CVX buy (conf None, stop 189.13, tp 208.91)
  -> queued MSI buy (conf None, stop 457.185, tp 486.25)
  -> queued DVN buy (conf None, stop 43.65, tp 49.72)
Dashboard watchlist synced (6 symbols) for news/headlines.
Ending portfolio value: $99,039.83
Trade journal: all: 19 trades, 21% win rate, avg -2.19% | breakout: 1 trades, 0% win rate, avg -8.61% | other: 13 trades, 23% win rate, avg -1.93% | technical: 5 trades, 20% win rate, avg -1.58%
Self-learning: breakout: 1 trades, 0% win rate, avg -8.61% (LOSING) | other: 13 trades, 23% win rate, avg -1.93% (LOSING) | technical: 5 trades, 20% win rate, avg -1.58% (LOSING)
Performance: Total return +0.17% | Max drawdown 0.94% | Daily Sharpe 2.02 | 19 closed trades | Win rate 21% | Avg winner +1.83% | Avg loser -3.26% | Open positions: 4 | Equity $99,039.83
Engine P&L: legacy/unknown: realized $-1,705.68 (19 closed, 21% wins), unrealized $-64.86 (4 open) | Books: legacy: realized $-1,705.68, unrealized $-64.86
Reports: daily realized $+0.00; worst symbols none | weekly realized $-1,705.68; worst symbols HPE:-1286.89; COHR:-471.20; SNDK:-159.07; ANET:-45.31; NOW:-30.35
Shadow report: 2116 shadow candidate(s), 95 rejection group(s)
Timings: account: 0.0s | risk: 1.0s | decide: 7.6s | watchlist: 0.1s | perf: 0.3s

=== Run at 2026-08-22T14:38:29.123430 ===
Build fingerprint: 4f68550affe5
Current time: 2026-08-22 10:38 AM EDT | Market open (per Alpaca): False | Session: CLOSED
Account value: $99,039.83
Cash: $79,250.80 | Holdings (4): {'ERIE': '0.7641 sh (+2.23%)', 'GEHC': '0.6136 sh (+1.25%)', 'MS': '43.8344 sh (-3.06%)', 'MSI': '21.1281 sh (+2.28%)'}
Sector exposure (cached): Technology 10.2%, Financials 9.7%, Health Care 0.0%
Fill reconciliation: {'filled': 0, 'partial': 0, 'rejected': 1}
Open orders (2): ERIE sell 0.7641, MS sell 43.8344
Risk state: peak $99,703.60 | drawdown 0.67% | today -0.00% | halted: False
Market regime: NEUTRAL (position-size multiplier: 100% incl. circuit breaker 100%)
News: fetched 157, 1 new after dedup, 2 ticker(s) matched.
Quant pre-screen: 18/25 candidates passed.
Technical fallback (Gemini throttled/unavailable) proposed 8 trade(s) meeting the conviction bar.
Technical fallback cap omitted 6 weaker idea(s) this run.
Gemini calls used today (all models combined): 201
Market closed (overnight): queued 12 trade idea(s) for next-morning verification -- nothing submitted yet.
  -> queued SOLV buy (conf 89, stop 87.0, tp 94.0)
  -> queued COHR buy (conf 85, stop 105.5, tp 128.0)
  -> queued BSX buy (conf None, stop 49.01, tp 52.92)
  -> queued INTU buy (conf 82, stop 352.0, tp 390.0)
  -> queued NWS buy (conf 80, stop 32.26, tp 36.5)
  -> queued DRI buy (conf None, stop 212.995, tp 229.46)
  -> queued DE buy (conf None, stop 579.5, tp 654.135)
  -> queued FDX buy (conf None, stop 317.065, tp 341.42)
  -> queued CPRT buy (conf None, stop 28.68, tp 34.625)
  -> queued DASH buy (conf None, stop 206.73, tp 225.9)
  -> queued CVX buy (conf None, stop 189.13, tp 208.91)
  -> queued MSI buy (conf None, stop 457.185, tp 486.25)
Run budget reserve reached -- skipping dashboard watchlist sync.
Run budget reserve reached -- skipping performance snapshot.
Trade journal: all: 19 trades, 21% win rate, avg -2.19% | breakout: 1 trades, 0% win rate, avg -8.61% | other: 13 trades, 23% win rate, avg -1.93% | technical: 5 trades, 20% win rate, avg -1.58%
Self-learning: breakout: 1 trades, 0% win rate, avg -8.61% (LOSING) | other: 13 trades, 23% win rate, avg -1.93% (LOSING) | technical: 5 trades, 20% win rate, avg -1.58% (LOSING)
Performance: Total return +0.17% | Max drawdown 0.94% | Daily Sharpe 2.02 | 19 closed trades | Win rate 21% | Avg winner +1.83% | Avg loser -3.26% | Open positions: 4 | Equity $99,039.83
Engine P&L: legacy/unknown: realized $-1,705.68 (19 closed, 21% wins), unrealized $-64.86 (4 open) | Books: legacy: realized $-1,705.68, unrealized $-64.86
Reports: daily realized $+0.00; worst symbols none | weekly realized $-1,705.68; worst symbols HPE:-1286.89; COHR:-471.20; SNDK:-159.07; ANET:-45.31; NOW:-30.35
Shadow report: 2116 shadow candidate(s), 95 rejection group(s)
Timings: account: 0.0s | risk: 1.9s | decide: 22.6s | watchlist: 0.0s | perf: 0.0s

=== Run at 2026-08-22T14:40:35.461291 ===
Build fingerprint: 4f68550affe5
Current time: 2026-08-22 10:40 AM EDT | Market open (per Alpaca): False | Session: CLOSED
Account value: $99,039.83
Cash: $79,250.80 | Holdings (4): {'ERIE': '0.7641 sh (+2.23%)', 'GEHC': '0.6136 sh (+1.25%)', 'MS': '43.8344 sh (-3.06%)', 'MSI': '21.1281 sh (+2.28%)'}
Sector exposure (cached): Technology 10.2%, Financials 9.7%, Health Care 0.0%
Fill reconciliation: {'filled': 0, 'partial': 0, 'rejected': 1}
Open orders (2): ERIE sell 0.7641, MS sell 43.8344
Risk state: peak $99,703.60 | drawdown 0.67% | today -0.00% | halted: False
Market regime: NEUTRAL (position-size multiplier: 100% incl. circuit breaker 100%)
News: fetched 157, 0 new after dedup, 0 ticker(s) matched.
Quant pre-screen: 42/66 candidates passed.
Technical fallback (Gemini throttled/unavailable) proposed 8 trade(s) meeting the conviction bar.
Technical fallback cap omitted 19 weaker idea(s) this run.
Gemini calls used today (all models combined): 201
Market closed (overnight): queued 12 trade idea(s) for next-morning verification -- nothing submitted yet.
  -> queued SOLV buy (conf 89, stop 87.0, tp 94.0)
  -> queued COHR buy (conf 85, stop 105.5, tp 128.0)
  -> queued BSX buy (conf None, stop 49.01, tp 52.92)
  -> queued INTU buy (conf 82, stop 352.0, tp 390.0)
  -> queued NWS buy (conf 80, stop 32.26, tp 36.5)
  -> queued DRI buy (conf None, stop 212.995, tp 229.46)
  -> queued DE buy (conf None, stop 579.5, tp 654.135)
  -> queued FDX buy (conf None, stop 317.065, tp 341.42)
  -> queued CPRT buy (conf None, stop 28.68, tp 34.625)
  -> queued DASH buy (conf None, stop 206.73, tp 225.9)
  -> queued CVX buy (conf None, stop 189.13, tp 208.91)
  -> queued MSI buy (conf None, stop 457.185, tp 486.25)
Dashboard watchlist synced (11 symbols) for news/headlines.
Ending portfolio value: $99,039.83
Trade journal: all: 19 trades, 21% win rate, avg -2.19% | breakout: 1 trades, 0% win rate, avg -8.61% | other: 13 trades, 23% win rate, avg -1.93% | technical: 5 trades, 20% win rate, avg -1.58%
Self-learning: breakout: 1 trades, 0% win rate, avg -8.61% (LOSING) | other: 13 trades, 23% win rate, avg -1.93% (LOSING) | technical: 5 trades, 20% win rate, avg -1.58% (LOSING)
Performance: Total return +0.17% | Max drawdown 0.94% | Daily Sharpe 2.02 | 19 closed trades | Win rate 21% | Avg winner +1.83% | Avg loser -3.26% | Open positions: 4 | Equity $99,039.83
Engine P&L: legacy/unknown: realized $-1,705.68 (19 closed, 21% wins), unrealized $-64.86 (4 open) | Books: legacy: realized $-1,705.68, unrealized $-64.86
Reports: daily realized $+0.00; worst symbols none | weekly realized $-1,705.68; worst symbols HPE:-1286.89; COHR:-471.20; SNDK:-159.07; ANET:-45.31; NOW:-30.35
Shadow report: 2116 shadow candidate(s), 95 rejection group(s)
Timings: account: 0.0s | risk: 0.5s | decide: 22.9s | watchlist: 0.1s | perf: 0.1s

=== Run at 2026-08-22T14:42:23.756886 ===
Build fingerprint: 4f68550affe5
Current time: 2026-08-22 10:42 AM EDT | Market open (per Alpaca): False | Session: CLOSED
Account value: $99,039.83
Cash: $79,250.80 | Holdings (4): {'ERIE': '0.7641 sh (+2.23%)', 'GEHC': '0.6136 sh (+1.25%)', 'MS': '43.8344 sh (-3.06%)', 'MSI': '21.1281 sh (+2.28%)'}
Sector exposure (cached): Technology 10.2%, Financials 9.7%, Health Care 0.0%
Fill reconciliation: {'filled': 0, 'partial': 0, 'rejected': 1}
Open orders (2): ERIE sell 0.7641, MS sell 43.8344
Risk state: peak $99,703.60 | drawdown 0.67% | today -0.00% | halted: False
Market regime: NEUTRAL (position-size multiplier: 100% incl. circuit breaker 100%)
News: fetched 157, 1 new after dedup, 2 ticker(s) matched.
Quant pre-screen: 22/36 candidates passed.
Gemini proposed 2 trade(s) meeting the conviction bar.
Gemini calls used today (all models combined): 202
Market closed (overnight): queued 12 trade idea(s) for next-morning verification -- nothing submitted yet.
  -> queued SOLV buy (conf 89, stop 87.0, tp 94.0)
  -> queued COHR buy (conf 85, stop 105.5, tp 128.0)
  -> queued BSX buy (conf None, stop 49.01, tp 52.92)
  -> queued INTU buy (conf 82, stop 352.0, tp 390.0)
  -> queued NWS buy (conf 80, stop 32.26, tp 36.5)
  -> queued DRI buy (conf 90, stop 213.0, tp 229.46)
  -> queued DE buy (conf 88, stop 579.5, tp 673.87)
  -> queued FDX buy (conf None, stop 317.065, tp 341.42)
  -> queued CPRT buy (conf None, stop 28.68, tp 34.625)
  -> queued DASH buy (conf None, stop 206.73, tp 225.9)
  -> queued CVX buy (conf None, stop 189.13, tp 208.91)
  -> queued MSI buy (conf None, stop 457.185, tp 486.25)
Dashboard watchlist synced (8 symbols) for news/headlines.
Ending portfolio value: $99,039.83
Trade journal: all: 19 trades, 21% win rate, avg -2.19% | breakout: 1 trades, 0% win rate, avg -8.61% | other: 13 trades, 23% win rate, avg -1.93% | technical: 5 trades, 20% win rate, avg -1.58%
Self-learning: breakout: 1 trades, 0% win rate, avg -8.61% (LOSING) | other: 13 trades, 23% win rate, avg -1.93% (LOSING) | technical: 5 trades, 20% win rate, avg -1.58% (LOSING)
Performance: Total return +0.17% | Max drawdown 0.94% | Daily Sharpe 2.02 | 19 closed trades | Win rate 21% | Avg winner +1.83% | Avg loser -3.26% | Open positions: 4 | Equity $99,039.83
Engine P&L: legacy/unknown: realized $-1,705.68 (19 closed, 21% wins), unrealized $-64.86 (4 open) | Books: legacy: realized $-1,705.68, unrealized $-64.86
Reports: daily realized $+0.00; worst symbols none | weekly realized $-1,705.68; worst symbols HPE:-1286.89; COHR:-471.20; SNDK:-159.07; ANET:-45.31; NOW:-30.35
Shadow report: 2116 shadow candidate(s), 95 rejection group(s)
Timings: account: 0.0s | risk: 0.2s | decide: 3.5s | watchlist: 0.0s | perf: 0.0s

=== Run at 2026-08-22T14:44:28.150944 ===
Build fingerprint: 4f68550affe5
Current time: 2026-08-22 10:44 AM EDT | Market open (per Alpaca): False | Session: CLOSED
Account value: $99,039.83
Cash: $79,250.80 | Holdings (4): {'ERIE': '0.7641 sh (+2.23%)', 'GEHC': '0.6136 sh (+1.25%)', 'MS': '43.8344 sh (-3.06%)', 'MSI': '21.1281 sh (+2.28%)'}
Sector exposure (cached): Technology 10.2%, Financials 9.7%, Health Care 0.0%
Fill reconciliation: {'filled': 0, 'partial': 0, 'rejected': 1}
Open orders (2): ERIE sell 0.7641, MS sell 43.8344
Risk state: peak $99,703.60 | drawdown 0.67% | today -0.00% | halted: False
Market regime: NEUTRAL (position-size multiplier: 100% incl. circuit breaker 100%)
News: fetched 157, 0 new after dedup, 0 ticker(s) matched.
Quant pre-screen: 42/66 candidates passed.
Gemini proposed 3 trade(s) meeting the conviction bar.
Gemini calls used today (all models combined): 203
Market closed (overnight): queued 12 trade idea(s) for next-morning verification -- nothing submitted yet.
  -> queued SOLV buy (conf 89, stop 87.0, tp 94.0)
  -> queued COHR buy (conf 85, stop 105.5, tp 128.0)
  -> queued BSX buy (conf None, stop 49.01, tp 52.92)
  -> queued INTU buy (conf 82, stop 352.0, tp 390.0)
  -> queued NWS buy (conf 80, stop 32.26, tp 36.5)
  -> queued DRI buy (conf 85, stop 213.0, tp 229.46)
  -> queued DE buy (conf 88, stop 579.5, tp 673.8700000000001)
  -> queued FDX buy (conf None, stop 317.065, tp 341.42)
  -> queued CPRT buy (conf None, stop 28.68, tp 34.625)
  -> queued DASH buy (conf 82, stop 206.73, tp 284.95)
  -> queued CVX buy (conf None, stop 189.13, tp 208.91)
  -> queued MSI buy (conf None, stop 457.185, tp 486.25)
Dashboard watchlist synced (7 symbols) for news/headlines.
Ending portfolio value: $99,039.83
Trade journal: all: 19 trades, 21% win rate, avg -2.19% | breakout: 1 trades, 0% win rate, avg -8.61% | other: 13 trades, 23% win rate, avg -1.93% | technical: 5 trades, 20% win rate, avg -1.58%
Self-learning: breakout: 1 trades, 0% win rate, avg -8.61% (LOSING) | other: 13 trades, 23% win rate, avg -1.93% (LOSING) | technical: 5 trades, 20% win rate, avg -1.58% (LOSING)
Performance: Total return +0.17% | Max drawdown 0.94% | Daily Sharpe 2.02 | 19 closed trades | Win rate 21% | Avg winner +1.83% | Avg loser -3.26% | Open positions: 4 | Equity $99,039.83
Engine P&L: legacy/unknown: realized $-1,705.68 (19 closed, 21% wins), unrealized $-64.86 (4 open) | Books: legacy: realized $-1,705.68, unrealized $-64.86
Reports: daily realized $+0.00; worst symbols none | weekly realized $-1,705.68; worst symbols HPE:-1286.89; COHR:-471.20; SNDK:-159.07; ANET:-45.31; NOW:-30.35
Shadow report: 2116 shadow candidate(s), 95 rejection group(s)
Timings: account: 0.0s | risk: 1.3s | decide: 7.9s | watchlist: 0.1s | perf: 0.2s

=== Run at 2026-08-22T14:46:28.869729 ===
Build fingerprint: 4f68550affe5
Current time: 2026-08-22 10:46 AM EDT | Market open (per Alpaca): False | Session: CLOSED
Account value: $99,039.83
Cash: $79,250.80 | Holdings (4): {'ERIE': '0.7641 sh (+2.23%)', 'GEHC': '0.6136 sh (+1.25%)', 'MS': '43.8344 sh (-3.06%)', 'MSI': '21.1281 sh (+2.28%)'}
Sector exposure (cached): Technology 10.2%, Financials 9.7%, Health Care 0.0%
Fill reconciliation: {'filled': 0, 'partial': 0, 'rejected': 1}
Open orders (2): ERIE sell 0.7641, MS sell 43.8344
Risk state: peak $99,703.60 | drawdown 0.67% | today -0.00% | halted: False
Market regime: NEUTRAL (position-size multiplier: 100% incl. circuit breaker 100%)
News: fetched 157, 2 new after dedup, 0 ticker(s) matched.
Quant pre-screen: 42/66 candidates passed.
Gemini proposed 2 trade(s) meeting the conviction bar.
Gemini calls used today (all models combined): 204
Market closed (overnight): queued 12 trade idea(s) for next-morning verification -- nothing submitted yet.
  -> queued SOLV buy (conf 89, stop 87.0, tp 94.0)
  -> queued COHR buy (conf 85, stop 105.5, tp 128.0)
  -> queued BSX buy (conf None, stop 49.01, tp 52.92)
  -> queued INTU buy (conf 82, stop 352.0, tp 390.0)
  -> queued NWS buy (conf 80, stop 32.26, tp 36.5)
  -> queued DRI buy (conf 80, stop 213.0, tp 235.0)
  -> queued DE buy (conf 85, stop 625.0, tp 680.0)
  -> queued FDX buy (conf None, stop 317.065, tp 341.42)
  -> queued CPRT buy (conf None, stop 28.68, tp 34.625)
  -> queued DASH buy (conf 82, stop 206.73, tp 284.95)
  -> queued CVX buy (conf None, stop 189.13, tp 208.91)
  -> queued MSI buy (conf None, stop 457.185, tp 486.25)
Dashboard watchlist synced (6 symbols) for news/headlines.
Ending portfolio value: $99,039.83
Trade journal: all: 19 trades, 21% win rate, avg -2.19% | breakout: 1 trades, 0% win rate, avg -8.61% | other: 13 trades, 23% win rate, avg -1.93% | technical: 5 trades, 20% win rate, avg -1.58%
Self-learning: breakout: 1 trades, 0% win rate, avg -8.61% (LOSING) | other: 13 trades, 23% win rate, avg -1.93% (LOSING) | technical: 5 trades, 20% win rate, avg -1.58% (LOSING)
Performance: Total return +0.17% | Max drawdown 0.94% | Daily Sharpe 2.02 | 19 closed trades | Win rate 21% | Avg winner +1.83% | Avg loser -3.26% | Open positions: 4 | Equity $99,039.83
Engine P&L: legacy/unknown: realized $-1,705.68 (19 closed, 21% wins), unrealized $-64.86 (4 open) | Books: legacy: realized $-1,705.68, unrealized $-64.86
Reports: daily realized $+0.00; worst symbols none | weekly realized $-1,705.68; worst symbols HPE:-1286.89; COHR:-471.20; SNDK:-159.07; ANET:-45.31; NOW:-30.35
Shadow report: 2116 shadow candidate(s), 95 rejection group(s)
Timings: account: 0.0s | risk: 0.4s | decide: 4.1s | watchlist: 0.0s | perf: 0.1s

=== Run at 2026-08-22T14:48:26.138462 ===
Build fingerprint: 4f68550affe5
Current time: 2026-08-22 10:48 AM EDT | Market open (per Alpaca): False | Session: CLOSED
Account value: $99,039.83
Cash: $79,250.80 | Holdings (4): {'ERIE': '0.7641 sh (+2.23%)', 'GEHC': '0.6136 sh (+1.25%)', 'MS': '43.8344 sh (-3.06%)', 'MSI': '21.1281 sh (+2.28%)'}
Sector exposure (cached): Technology 10.2%, Financials 9.7%, Health Care 0.0%
Fill reconciliation: {'filled': 0, 'partial': 0, 'rejected': 1}
Open orders (2): ERIE sell 0.7641, MS sell 43.8344
Risk state: peak $99,703.60 | drawdown 0.67% | today -0.00% | halted: False
Market regime: NEUTRAL (position-size multiplier: 100% incl. circuit breaker 100%)
News: fetched 157, 0 new after dedup, 0 ticker(s) matched.
Quant pre-screen: 42/66 candidates passed.
Gemini proposed 3 trade(s) meeting the conviction bar.
Gemini calls used today (all models combined): 205
Market closed (overnight): queued 12 trade idea(s) for next-morning verification -- nothing submitted yet.
  -> queued SOLV buy (conf 89, stop 87.0, tp 94.0)
  -> queued COHR buy (conf 85, stop 105.5, tp 128.0)
  -> queued BSX buy (conf None, stop 49.01, tp 52.92)
  -> queued INTU buy (conf 82, stop 352.0, tp 390.0)
  -> queued NWS buy (conf 80, stop 32.26, tp 36.5)
  -> queued DRI buy (conf 85, stop 213.0, tp 235.0)
  -> queued DE buy (conf 84, stop 579.5, tp 673.87)
  -> queued FDX buy (conf None, stop 317.065, tp 341.42)
  -> queued CPRT buy (conf None, stop 28.68, tp 34.625)
  -> queued DASH buy (conf 82, stop 206.73, tp 284.95)
  -> queued CVX buy (conf 82, stop 189.13, tp 214.65)
  -> queued MSI buy (conf None, stop 457.185, tp 486.25)
Dashboard watchlist synced (7 symbols) for news/headlines.
Ending portfolio value: $99,039.83
Trade journal: all: 19 trades, 21% win rate, avg -2.19% | breakout: 1 trades, 0% win rate, avg -8.61% | other: 13 trades, 23% win rate, avg -1.93% | technical: 5 trades, 20% win rate, avg -1.58%
Self-learning: breakout: 1 trades, 0% win rate, avg -8.61% (LOSING) | other: 13 trades, 23% win rate, avg -1.93% (LOSING) | technical: 5 trades, 20% win rate, avg -1.58% (LOSING)
Performance: Total return +0.17% | Max drawdown 0.94% | Daily Sharpe 2.02 | 19 closed trades | Win rate 21% | Avg winner +1.83% | Avg loser -3.26% | Open positions: 4 | Equity $99,039.83
Engine P&L: legacy/unknown: realized $-1,705.68 (19 closed, 21% wins), unrealized $-64.86 (4 open) | Books: legacy: realized $-1,705.68, unrealized $-64.86
Reports: daily realized $+0.00; worst symbols none | weekly realized $-1,705.68; worst symbols HPE:-1286.89; COHR:-471.20; SNDK:-159.07; ANET:-45.31; NOW:-30.35
Shadow report: 2116 shadow candidate(s), 95 rejection group(s)
Timings: account: 0.0s | risk: 0.4s | decide: 4.1s | watchlist: 0.1s | perf: 0.1s

=== Run at 2026-08-22T14:50:32.803803 ===
Build fingerprint: 4f68550affe5
Current time: 2026-08-22 10:50 AM EDT | Market open (per Alpaca): False | Session: CLOSED
Account value: $99,039.83
Cash: $79,250.80 | Holdings (4): {'ERIE': '0.7641 sh (+2.23%)', 'GEHC': '0.6136 sh (+1.25%)', 'MS': '43.8344 sh (-3.06%)', 'MSI': '21.1281 sh (+2.28%)'}
Sector exposure (cached): Technology 10.2%, Financials 9.7%, Health Care 0.0%
Fill reconciliation: {'filled': 0, 'partial': 0, 'rejected': 1}
Open orders (2): ERIE sell 0.7641, MS sell 43.8344
Risk state: peak $99,703.60 | drawdown 0.67% | today -0.00% | halted: False
Market regime: NEUTRAL (position-size multiplier: 100% incl. circuit breaker 100%)
News: fetched 157, 0 new after dedup, 0 ticker(s) matched.
Quant pre-screen: 42/66 candidates passed.
Gemini proposed 2 trade(s) meeting the conviction bar.
Gemini calls used today (all models combined): 206
Market closed (overnight): queued 12 trade idea(s) for next-morning verification -- nothing submitted yet.
  -> queued SOLV buy (conf 89, stop 87.0, tp 94.0)
  -> queued COHR buy (conf 85, stop 105.5, tp 128.0)
  -> queued BSX buy (conf None, stop 49.01, tp 52.92)
  -> queued INTU buy (conf 82, stop 352.0, tp 390.0)
  -> queued NWS buy (conf 80, stop 32.26, tp 36.5)
  -> queued DRI buy (conf 85, stop 213.0, tp 229.46)
  -> queued DE buy (conf 84, stop 579.5, tp 673.87)
  -> queued FDX buy (conf None, stop 317.065, tp 341.42)
  -> queued CPRT buy (conf None, stop 28.68, tp 34.625)
  -> queued DASH buy (conf 82, stop 206.73, tp 284.95)
  -> queued CVX buy (conf 82, stop 189.13, tp 208.91)
  -> queued MSI buy (conf None, stop 457.185, tp 486.25)
Dashboard watchlist synced (6 symbols) for news/headlines.
Ending portfolio value: $99,039.83
Trade journal: all: 19 trades, 21% win rate, avg -2.19% | breakout: 1 trades, 0% win rate, avg -8.61% | other: 13 trades, 23% win rate, avg -1.93% | technical: 5 trades, 20% win rate, avg -1.58%
Self-learning: breakout: 1 trades, 0% win rate, avg -8.61% (LOSING) | other: 13 trades, 23% win rate, avg -1.93% (LOSING) | technical: 5 trades, 20% win rate, avg -1.58% (LOSING)
Performance: Total return +0.17% | Max drawdown 0.94% | Daily Sharpe 2.02 | 19 closed trades | Win rate 21% | Avg winner +1.83% | Avg loser -3.26% | Open positions: 4 | Equity $99,039.83
Engine P&L: legacy/unknown: realized $-1,705.68 (19 closed, 21% wins), unrealized $-64.86 (4 open) | Books: legacy: realized $-1,705.68, unrealized $-64.86
Reports: daily realized $+0.00; worst symbols none | weekly realized $-1,705.68; worst symbols HPE:-1286.89; COHR:-471.20; SNDK:-159.07; ANET:-45.31; NOW:-30.35
Shadow report: 2116 shadow candidate(s), 95 rejection group(s)
Timings: account: 0.0s | risk: 0.6s | decide: 6.1s | watchlist: 0.1s | perf: 0.1s

=== Run at 2026-08-22T14:52:24.850013 ===
Build fingerprint: 4f68550affe5
Current time: 2026-08-22 10:52 AM EDT | Market open (per Alpaca): False | Session: CLOSED
Account value: $99,039.83
Cash: $79,250.80 | Holdings (4): {'ERIE': '0.7641 sh (+2.23%)', 'GEHC': '0.6136 sh (+1.25%)', 'MS': '43.8344 sh (-3.06%)', 'MSI': '21.1281 sh (+2.28%)'}
Sector exposure (cached): Technology 10.2%, Financials 9.7%, Health Care 0.0%
Fill reconciliation: {'filled': 0, 'partial': 0, 'rejected': 1}
Open orders (2): ERIE sell 0.7641, MS sell 43.8344
Risk state: peak $99,703.60 | drawdown 0.67% | today -0.00% | halted: False
Market regime: NEUTRAL (position-size multiplier: 100% incl. circuit breaker 100%)
News: fetched 157, 0 new after dedup, 0 ticker(s) matched.
Quant pre-screen: 42/66 candidates passed.
Gemini proposed 2 trade(s) meeting the conviction bar.
Gemini calls used today (all models combined): 207
Market closed (overnight): queued 12 trade idea(s) for next-morning verification -- nothing submitted yet.
  -> queued SOLV buy (conf 89, stop 87.0, tp 94.0)
  -> queued COHR buy (conf 85, stop 105.5, tp 128.0)
  -> queued BSX buy (conf None, stop 49.01, tp 52.92)
  -> queued INTU buy (conf 82, stop 352.0, tp 390.0)
  -> queued NWS buy (conf 80, stop 32.26, tp 36.5)
  -> queued DRI buy (conf 82, stop 208.5, tp 234.0)
  -> queued DE buy (conf 85, stop 609.12, tp 686.0)
  -> queued FDX buy (conf None, stop 317.065, tp 341.42)
  -> queued CPRT buy (conf None, stop 28.68, tp 34.625)
  -> queued DASH buy (conf 82, stop 206.73, tp 284.95)
  -> queued CVX buy (conf 82, stop 189.13, tp 208.91)
  -> queued MSI buy (conf None, stop 457.185, tp 486.25)
Dashboard watchlist synced (6 symbols) for news/headlines.
Ending portfolio value: $99,039.83
Trade journal: all: 19 trades, 21% win rate, avg -2.19% | breakout: 1 trades, 0% win rate, avg -8.61% | other: 13 trades, 23% win rate, avg -1.93% | technical: 5 trades, 20% win rate, avg -1.58%
Self-learning: breakout: 1 trades, 0% win rate, avg -8.61% (LOSING) | other: 13 trades, 23% win rate, avg -1.93% (LOSING) | technical: 5 trades, 20% win rate, avg -1.58% (LOSING)
Performance: Total return +0.17% | Max drawdown 0.94% | Daily Sharpe 2.02 | 19 closed trades | Win rate 21% | Avg winner +1.83% | Avg loser -3.26% | Open positions: 4 | Equity $99,039.83
Engine P&L: legacy/unknown: realized $-1,705.68 (19 closed, 21% wins), unrealized $-64.86 (4 open) | Books: legacy: realized $-1,705.68, unrealized $-64.86
Reports: daily realized $+0.00; worst symbols none | weekly realized $-1,705.68; worst symbols HPE:-1286.89; COHR:-471.20; SNDK:-159.07; ANET:-45.31; NOW:-30.35
Shadow report: 2116 shadow candidate(s), 95 rejection group(s)
Timings: account: 0.0s | risk: 1.1s | decide: 14.2s | watchlist: 0.1s | perf: 0.1s

=== Run at 2026-08-22T14:54:27.051363 ===
Build fingerprint: 4f68550affe5
Current time: 2026-08-22 10:54 AM EDT | Market open (per Alpaca): False | Session: CLOSED
Account value: $99,039.83
Cash: $79,250.80 | Holdings (4): {'ERIE': '0.7641 sh (+2.23%)', 'GEHC': '0.6136 sh (+1.25%)', 'MS': '43.8344 sh (-3.06%)', 'MSI': '21.1281 sh (+2.28%)'}
Sector exposure (cached): Technology 10.2%, Financials 9.7%, Health Care 0.0%
Fill reconciliation: {'filled': 0, 'partial': 0, 'rejected': 1}
Open orders (2): ERIE sell 0.7641, MS sell 43.8344
Risk state: peak $99,703.60 | drawdown 0.67% | today -0.00% | halted: False
Market regime: NEUTRAL (position-size multiplier: 100% incl. circuit breaker 100%)
News: fetched 157, 0 new after dedup, 0 ticker(s) matched.
Quant pre-screen: 42/66 candidates passed.
Technical fallback (Gemini throttled/unavailable) proposed 8 trade(s) meeting the conviction bar.
Technical fallback cap omitted 19 weaker idea(s) this run.
Gemini calls used today (all models combined): 207
Market closed (overnight): queued 12 trade idea(s) for next-morning verification -- nothing submitted yet.
  -> queued SOLV buy (conf 89, stop 87.0, tp 94.0)
  -> queued COHR buy (conf 85, stop 105.5, tp 128.0)
  -> queued BSX buy (conf None, stop 49.01, tp 52.92)
  -> queued INTU buy (conf 82, stop 352.0, tp 390.0)
  -> queued NWS buy (conf 80, stop 32.26, tp 36.5)
  -> queued DRI buy (conf None, stop 212.995, tp 229.46)
  -> queued DE buy (conf None, stop 579.5, tp 654.135)
  -> queued FDX buy (conf None, stop 317.065, tp 341.42)
  -> queued CPRT buy (conf None, stop 28.68, tp 34.625)
  -> queued DASH buy (conf None, stop 206.73, tp 225.9)
  -> queued CVX buy (conf None, stop 189.13, tp 208.91)
  -> queued MSI buy (conf None, stop 457.185, tp 486.25)
Run budget reserve reached -- skipping dashboard watchlist sync.
Run budget reserve reached -- skipping performance snapshot.
Trade journal: all: 19 trades, 21% win rate, avg -2.19% | breakout: 1 trades, 0% win rate, avg -8.61% | other: 13 trades, 23% win rate, avg -1.93% | technical: 5 trades, 20% win rate, avg -1.58%
Self-learning: breakout: 1 trades, 0% win rate, avg -8.61% (LOSING) | other: 13 trades, 23% win rate, avg -1.93% (LOSING) | technical: 5 trades, 20% win rate, avg -1.58% (LOSING)
Performance: Total return +0.17% | Max drawdown 0.94% | Daily Sharpe 2.02 | 19 closed trades | Win rate 21% | Avg winner +1.83% | Avg loser -3.26% | Open positions: 4 | Equity $99,039.83
Engine P&L: legacy/unknown: realized $-1,705.68 (19 closed, 21% wins), unrealized $-64.86 (4 open) | Books: legacy: realized $-1,705.68, unrealized $-64.86
Reports: daily realized $+0.00; worst symbols none | weekly realized $-1,705.68; worst symbols HPE:-1286.89; COHR:-471.20; SNDK:-159.07; ANET:-45.31; NOW:-30.35
Shadow report: 2116 shadow candidate(s), 95 rejection group(s)
Timings: account: 0.0s | risk: 1.0s | decide: 23.6s | watchlist: 0.0s | perf: 0.0s

=== Run at 2026-08-22T14:56:28.930514 ===
Build fingerprint: 4f68550affe5
Current time: 2026-08-22 10:56 AM EDT | Market open (per Alpaca): False | Session: CLOSED
Account value: $99,039.83
Cash: $79,250.80 | Holdings (4): {'ERIE': '0.7641 sh (+2.23%)', 'GEHC': '0.6136 sh (+1.25%)', 'MS': '43.8344 sh (-3.06%)', 'MSI': '21.1281 sh (+2.28%)'}
Sector exposure (cached): Technology 10.2%, Financials 9.7%, Health Care 0.0%
Fill reconciliation: {'filled': 0, 'partial': 0, 'rejected': 1}
Open orders (2): ERIE sell 0.7641, MS sell 43.8344
Risk state: peak $99,703.60 | drawdown 0.67% | today -0.00% | halted: False
Market regime: NEUTRAL (position-size multiplier: 100% incl. circuit breaker 100%)
News: fetched 157, 2 new after dedup, 0 ticker(s) matched.
Quant pre-screen: 42/66 candidates passed.
Technical fallback (Gemini throttled/unavailable) proposed 8 trade(s) meeting the conviction bar.
Technical fallback cap omitted 19 weaker idea(s) this run.
Gemini calls used today (all models combined): 207
Market closed (overnight): queued 12 trade idea(s) for next-morning verification -- nothing submitted yet.
  -> queued SOLV buy (conf 89, stop 87.0, tp 94.0)
  -> queued COHR buy (conf 85, stop 105.5, tp 128.0)
  -> queued BSX buy (conf None, stop 49.01, tp 52.92)
  -> queued INTU buy (conf 82, stop 352.0, tp 390.0)
  -> queued NWS buy (conf 80, stop 32.26, tp 36.5)
  -> queued DRI buy (conf None, stop 212.995, tp 229.46)
  -> queued DE buy (conf None, stop 579.5, tp 654.135)
  -> queued FDX buy (conf None, stop 317.065, tp 341.42)
  -> queued CPRT buy (conf None, stop 28.68, tp 34.625)
  -> queued DASH buy (conf None, stop 206.73, tp 225.9)
  -> queued CVX buy (conf None, stop 189.13, tp 208.91)
  -> queued MSI buy (conf None, stop 457.185, tp 486.25)
Run budget reserve reached -- skipping dashboard watchlist sync.
Run budget reserve reached -- skipping performance snapshot.
Trade journal: all: 19 trades, 21% win rate, avg -2.19% | breakout: 1 trades, 0% win rate, avg -8.61% | other: 13 trades, 23% win rate, avg -1.93% | technical: 5 trades, 20% win rate, avg -1.58%
Self-learning: breakout: 1 trades, 0% win rate, avg -8.61% (LOSING) | other: 13 trades, 23% win rate, avg -1.93% (LOSING) | technical: 5 trades, 20% win rate, avg -1.58% (LOSING)
Performance: Total return +0.17% | Max drawdown 0.94% | Daily Sharpe 2.02 | 19 closed trades | Win rate 21% | Avg winner +1.83% | Avg loser -3.26% | Open positions: 4 | Equity $99,039.83
Engine P&L: legacy/unknown: realized $-1,705.68 (19 closed, 21% wins), unrealized $-64.86 (4 open) | Books: legacy: realized $-1,705.68, unrealized $-64.86
Reports: daily realized $+0.00; worst symbols none | weekly realized $-1,705.68; worst symbols HPE:-1286.89; COHR:-471.20; SNDK:-159.07; ANET:-45.31; NOW:-30.35
Shadow report: 2116 shadow candidate(s), 95 rejection group(s)
Timings: account: 0.0s | risk: 1.0s | decide: 23.7s | watchlist: 0.0s | perf: 0.0s

=== Run at 2026-08-22T14:58:28.003764 ===
Build fingerprint: 4f68550affe5
Current time: 2026-08-22 10:58 AM EDT | Market open (per Alpaca): False | Session: CLOSED
Account value: $99,039.83
Cash: $79,250.80 | Holdings (4): {'ERIE': '0.7641 sh (+2.23%)', 'GEHC': '0.6136 sh (+1.25%)', 'MS': '43.8344 sh (-3.06%)', 'MSI': '21.1281 sh (+2.28%)'}
Sector exposure (cached): Technology 10.2%, Financials 9.7%, Health Care 0.0%
Fill reconciliation: {'filled': 0, 'partial': 0, 'rejected': 1}
Open orders (2): ERIE sell 0.7641, MS sell 43.8344
Risk state: peak $99,703.60 | drawdown 0.67% | today -0.00% | halted: False
Market regime: NEUTRAL (position-size multiplier: 100% incl. circuit breaker 100%)
News: fetched 157, 0 new after dedup, 0 ticker(s) matched.
Quant pre-screen: 42/66 candidates passed.
Gemini proposed 2 trade(s) meeting the conviction bar.
Gemini calls used today (all models combined): 208
Market closed (overnight): queued 12 trade idea(s) for next-morning verification -- nothing submitted yet.
  -> queued SOLV buy (conf 89, stop 87.0, tp 94.0)
  -> queued COHR buy (conf 85, stop 105.5, tp 128.0)
  -> queued BSX buy (conf None, stop 49.01, tp 52.92)
  -> queued INTU buy (conf 82, stop 352.0, tp 390.0)
  -> queued NWS buy (conf 80, stop 32.26, tp 36.5)
  -> queued DRI buy (conf 90, stop 213.0, tp 229.46)
  -> queued DE buy (conf 88, stop 625.0, tp 673.87)
  -> queued FDX buy (conf None, stop 317.065, tp 341.42)
  -> queued CPRT buy (conf None, stop 28.68, tp 34.625)
  -> queued DASH buy (conf None, stop 206.73, tp 225.9)
  -> queued CVX buy (conf None, stop 189.13, tp 208.91)
  -> queued MSI buy (conf None, stop 457.185, tp 486.25)
Dashboard watchlist synced (6 symbols) for news/headlines.
Ending portfolio value: $99,039.83
Trade journal: all: 19 trades, 21% win rate, avg -2.19% | breakout: 1 trades, 0% win rate, avg -8.61% | other: 13 trades, 23% win rate, avg -1.93% | technical: 5 trades, 20% win rate, avg -1.58%
Self-learning: breakout: 1 trades, 0% win rate, avg -8.61% (LOSING) | other: 13 trades, 23% win rate, avg -1.93% (LOSING) | technical: 5 trades, 20% win rate, avg -1.58% (LOSING)
Performance: Total return +0.17% | Max drawdown 0.94% | Daily Sharpe 2.02 | 19 closed trades | Win rate 21% | Avg winner +1.83% | Avg loser -3.26% | Open positions: 4 | Equity $99,039.83
Engine P&L: legacy/unknown: realized $-1,705.68 (19 closed, 21% wins), unrealized $-64.86 (4 open) | Books: legacy: realized $-1,705.68, unrealized $-64.86
Reports: daily realized $+0.00; worst symbols none | weekly realized $-1,705.68; worst symbols HPE:-1286.89; COHR:-471.20; SNDK:-159.07; ANET:-45.31; NOW:-30.35
Shadow report: 2116 shadow candidate(s), 95 rejection group(s)
Timings: account: 0.0s | risk: 1.2s | decide: 7.4s | watchlist: 0.1s | perf: 0.2s

=== Run at 2026-08-22T15:00:35.201017 ===
Build fingerprint: 4f68550affe5
Current time: 2026-08-22 11:00 AM EDT | Market open (per Alpaca): False | Session: CLOSED
Account value: $99,039.83
Cash: $79,250.80 | Holdings (4): {'ERIE': '0.7641 sh (+2.23%)', 'GEHC': '0.6136 sh (+1.25%)', 'MS': '43.8344 sh (-3.06%)', 'MSI': '21.1281 sh (+2.28%)'}
Sector exposure (cached): Technology 10.2%, Financials 9.7%, Health Care 0.0%
Fill reconciliation: {'filled': 0, 'partial': 0, 'rejected': 1}
Open orders (2): ERIE sell 0.7641, MS sell 43.8344
Risk state: peak $99,703.60 | drawdown 0.67% | today -0.00% | halted: False
Market regime: NEUTRAL (position-size multiplier: 100% incl. circuit breaker 100%)
News: fetched 157, 1 new after dedup, 0 ticker(s) matched.
Quant pre-screen: 11/18 candidates passed.
Technical fallback (Gemini throttled/unavailable) proposed 8 trade(s) meeting the conviction bar.
Technical fallback cap omitted 2 weaker idea(s) this run.
Gemini calls used today (all models combined): 208
Market closed (overnight): queued 12 trade idea(s) for next-morning verification -- nothing submitted yet.
  -> queued SOLV buy (conf 89, stop 87.0, tp 94.0)
  -> queued COHR buy (conf 85, stop 105.5, tp 128.0)
  -> queued BSX buy (conf None, stop 49.01, tp 52.92)
  -> queued INTU buy (conf 82, stop 352.0, tp 390.0)
  -> queued NWS buy (conf 80, stop 32.26, tp 36.5)
  -> queued DRI buy (conf None, stop 212.995, tp 229.46)
  -> queued DE buy (conf None, stop 579.5, tp 654.135)
  -> queued FDX buy (conf None, stop 317.065, tp 341.42)
  -> queued CPRT buy (conf None, stop 28.68, tp 34.625)
  -> queued DASH buy (conf None, stop 206.73, tp 225.9)
  -> queued CVX buy (conf None, stop 189.13, tp 208.91)
  -> queued MSI buy (conf None, stop 457.185, tp 486.25)
Run budget reserve reached -- skipping dashboard watchlist sync.
Run budget reserve reached -- skipping performance snapshot.
Trade journal: all: 19 trades, 21% win rate, avg -2.19% | breakout: 1 trades, 0% win rate, avg -8.61% | other: 13 trades, 23% win rate, avg -1.93% | technical: 5 trades, 20% win rate, avg -1.58%
Self-learning: breakout: 1 trades, 0% win rate, avg -8.61% (LOSING) | other: 13 trades, 23% win rate, avg -1.93% (LOSING) | technical: 5 trades, 20% win rate, avg -1.58% (LOSING)
Performance: Total return +0.17% | Max drawdown 0.94% | Daily Sharpe 2.02 | 19 closed trades | Win rate 21% | Avg winner +1.83% | Avg loser -3.26% | Open positions: 4 | Equity $99,039.83
Engine P&L: legacy/unknown: realized $-1,705.68 (19 closed, 21% wins), unrealized $-64.86 (4 open) | Books: legacy: realized $-1,705.68, unrealized $-64.86
Reports: daily realized $+0.00; worst symbols none | weekly realized $-1,705.68; worst symbols HPE:-1286.89; COHR:-471.20; SNDK:-159.07; ANET:-45.31; NOW:-30.35
Shadow report: 2116 shadow candidate(s), 95 rejection group(s)
Timings: account: 0.0s | risk: 1.1s | decide: 23.6s | watchlist: 0.0s | perf: 0.0s

=== Run at 2026-08-22T15:02:30.038327 ===
Build fingerprint: 4f68550affe5
Current time: 2026-08-22 11:02 AM EDT | Market open (per Alpaca): False | Session: CLOSED
Account value: $99,039.83
Cash: $79,250.80 | Holdings (4): {'ERIE': '0.7641 sh (+2.23%)', 'GEHC': '0.6136 sh (+1.25%)', 'MS': '43.8344 sh (-3.06%)', 'MSI': '21.1281 sh (+2.28%)'}
Sector exposure (cached): Technology 10.2%, Financials 9.7%, Health Care 0.0%
Fill reconciliation: {'filled': 0, 'partial': 0, 'rejected': 1}
Open orders (2): ERIE sell 0.7641, MS sell 43.8344
Risk state: peak $99,703.60 | drawdown 0.67% | today -0.00% | halted: False
Market regime: NEUTRAL (position-size multiplier: 100% incl. circuit breaker 100%)
News: fetched 157, 0 new after dedup, 0 ticker(s) matched.
Quant pre-screen: 18/30 candidates passed.
Gemini proposed 2 trade(s) meeting the conviction bar.
Gemini calls used today (all models combined): 209
Market closed (overnight): queued 12 trade idea(s) for next-morning verification -- nothing submitted yet.
  -> queued SOLV buy (conf 89, stop 87.0, tp 94.0)
  -> queued COHR buy (conf 85, stop 105.5, tp 128.0)
  -> queued BSX buy (conf None, stop 49.01, tp 52.92)
  -> queued INTU buy (conf 82, stop 352.0, tp 390.0)
  -> queued NWS buy (conf 80, stop 32.26, tp 36.5)
  -> queued DRI buy (conf 85, stop 213.0, tp 235.00000000000003)
  -> queued DE buy (conf 82, stop 579.5, tp 690.0)
  -> queued FDX buy (conf None, stop 317.065, tp 341.42)
  -> queued CPRT buy (conf None, stop 28.68, tp 34.625)
  -> queued DASH buy (conf None, stop 206.73, tp 225.9)
  -> queued CVX buy (conf None, stop 189.13, tp 208.91)
  -> queued MSI buy (conf None, stop 457.185, tp 486.25)
Dashboard watchlist synced (6 symbols) for news/headlines.
Ending portfolio value: $99,039.83
Trade journal: all: 19 trades, 21% win rate, avg -2.19% | breakout: 1 trades, 0% win rate, avg -8.61% | other: 13 trades, 23% win rate, avg -1.93% | technical: 5 trades, 20% win rate, avg -1.58%
Self-learning: breakout: 1 trades, 0% win rate, avg -8.61% (LOSING) | other: 13 trades, 23% win rate, avg -1.93% (LOSING) | technical: 5 trades, 20% win rate, avg -1.58% (LOSING)
Performance: Total return +0.17% | Max drawdown 0.94% | Daily Sharpe 2.02 | 19 closed trades | Win rate 21% | Avg winner +1.83% | Avg loser -3.26% | Open positions: 4 | Equity $99,039.83
Engine P&L: legacy/unknown: realized $-1,705.68 (19 closed, 21% wins), unrealized $-64.86 (4 open) | Books: legacy: realized $-1,705.68, unrealized $-64.86
Reports: daily realized $+0.00; worst symbols none | weekly realized $-1,705.68; worst symbols HPE:-1286.89; COHR:-471.20; SNDK:-159.07; ANET:-45.31; NOW:-30.35
Shadow report: 2116 shadow candidate(s), 95 rejection group(s)
Timings: account: 0.0s | risk: 1.3s | decide: 11.0s | watchlist: 0.2s | perf: 0.2s

=== Run at 2026-08-22T15:04:24.270488 ===
Build fingerprint: 4f68550affe5
Current time: 2026-08-22 11:04 AM EDT | Market open (per Alpaca): False | Session: CLOSED
Account value: $99,039.83
Cash: $79,250.80 | Holdings (4): {'ERIE': '0.7641 sh (+2.23%)', 'GEHC': '0.6136 sh (+1.25%)', 'MS': '43.8344 sh (-3.06%)', 'MSI': '21.1281 sh (+2.28%)'}
Sector exposure (cached): Technology 10.2%, Financials 9.7%, Health Care 0.0%
Fill reconciliation: {'filled': 0, 'partial': 0, 'rejected': 1}
Open orders (2): ERIE sell 0.7641, MS sell 43.8344
Risk state: peak $99,703.60 | drawdown 0.67% | today -0.00% | halted: False
Market regime: NEUTRAL (position-size multiplier: 100% incl. circuit breaker 100%)
News: fetched 157, 0 new after dedup, 0 ticker(s) matched.
Quant pre-screen: 26/42 candidates passed.
Gemini proposed 2 trade(s) meeting the conviction bar.
Gemini calls used today (all models combined): 210
Market closed (overnight): queued 12 trade idea(s) for next-morning verification -- nothing submitted yet.
  -> queued SOLV buy (conf 89, stop 87.0, tp 94.0)
  -> queued COHR buy (conf 85, stop 105.5, tp 128.0)
  -> queued BSX buy (conf None, stop 49.01, tp 52.92)
  -> queued INTU buy (conf 82, stop 352.0, tp 390.0)
  -> queued NWS buy (conf 80, stop 32.26, tp 36.5)
  -> queued DRI buy (conf 88, stop 213.0, tp 235.00000000000003)
  -> queued DE buy (conf 82, stop 579.5, tp 690.0)
  -> queued FDX buy (conf None, stop 317.065, tp 341.42)
  -> queued CPRT buy (conf None, stop 28.68, tp 34.625)
  -> queued DASH buy (conf None, stop 206.73, tp 225.9)
  -> queued CVX buy (conf 85, stop 189.13, tp 215.00000000000003)
  -> queued MSI buy (conf None, stop 457.185, tp 486.25)
Dashboard watchlist synced (6 symbols) for news/headlines.
Ending portfolio value: $99,039.83
Trade journal: all: 19 trades, 21% win rate, avg -2.19% | breakout: 1 trades, 0% win rate, avg -8.61% | other: 13 trades, 23% win rate, avg -1.93% | technical: 5 trades, 20% win rate, avg -1.58%
Self-learning: breakout: 1 trades, 0% win rate, avg -8.61% (LOSING) | other: 13 trades, 23% win rate, avg -1.93% (LOSING) | technical: 5 trades, 20% win rate, avg -1.58% (LOSING)
Performance: Total return +0.17% | Max drawdown 0.94% | Daily Sharpe 2.02 | 19 closed trades | Win rate 21% | Avg winner +1.83% | Avg loser -3.26% | Open positions: 4 | Equity $99,039.83
Engine P&L: legacy/unknown: realized $-1,705.68 (19 closed, 21% wins), unrealized $-64.86 (4 open) | Books: legacy: realized $-1,705.68, unrealized $-64.86
Reports: daily realized $+0.00; worst symbols none | weekly realized $-1,705.68; worst symbols HPE:-1286.89; COHR:-471.20; SNDK:-159.07; ANET:-45.31; NOW:-30.35
Shadow report: 2116 shadow candidate(s), 95 rejection group(s)
Timings: account: 0.0s | risk: 0.2s | decide: 4.4s | watchlist: 0.0s | perf: 0.0s

=== Run at 2026-08-22T15:06:26.252846 ===
Build fingerprint: 4f68550affe5
Current time: 2026-08-22 11:06 AM EDT | Market open (per Alpaca): False | Session: CLOSED
Account value: $99,039.83
Cash: $79,250.80 | Holdings (4): {'ERIE': '0.7641 sh (+2.23%)', 'GEHC': '0.6136 sh (+1.25%)', 'MS': '43.8344 sh (-3.06%)', 'MSI': '21.1281 sh (+2.28%)'}
Sector exposure (cached): Technology 10.2%, Financials 9.7%, Health Care 0.0%
Fill reconciliation: {'filled': 0, 'partial': 0, 'rejected': 1}
Open orders (2): ERIE sell 0.7641, MS sell 43.8344
Risk state: peak $99,703.60 | drawdown 0.67% | today -0.00% | halted: False
Market regime: NEUTRAL (position-size multiplier: 100% incl. circuit breaker 100%)
News: fetched 157, 5 new after dedup, 0 ticker(s) matched.
Quant pre-screen: 32/54 candidates passed.
Gemini proposed 2 trade(s) meeting the conviction bar.
Gemini calls used today (all models combined): 211
Market closed (overnight): queued 12 trade idea(s) for next-morning verification -- nothing submitted yet.
  -> queued SOLV buy (conf 89, stop 87.0, tp 94.0)
  -> queued COHR buy (conf 85, stop 105.5, tp 128.0)
  -> queued BSX buy (conf None, stop 49.01, tp 52.92)
  -> queued INTU buy (conf 82, stop 352.0, tp 390.0)
  -> queued NWS buy (conf 80, stop 32.26, tp 36.5)
  -> queued DRI buy (conf 85, stop 211.0, tp 235.0)
  -> queued DE buy (conf 88, stop 605.0, tp 690.0)
  -> queued FDX buy (conf None, stop 317.065, tp 341.42)
  -> queued CPRT buy (conf None, stop 28.68, tp 34.625)
  -> queued DASH buy (conf None, stop 206.73, tp 225.9)
  -> queued CVX buy (conf 85, stop 189.13, tp 215.00000000000003)
  -> queued MSI buy (conf None, stop 457.185, tp 486.25)
Dashboard watchlist synced (6 symbols) for news/headlines.
Ending portfolio value: $99,039.83
Trade journal: all: 19 trades, 21% win rate, avg -2.19% | breakout: 1 trades, 0% win rate, avg -8.61% | other: 13 trades, 23% win rate, avg -1.93% | technical: 5 trades, 20% win rate, avg -1.58%
Self-learning: breakout: 1 trades, 0% win rate, avg -8.61% (LOSING) | other: 13 trades, 23% win rate, avg -1.93% (LOSING) | technical: 5 trades, 20% win rate, avg -1.58% (LOSING)
Performance: Total return +0.17% | Max drawdown 0.94% | Daily Sharpe 2.02 | 19 closed trades | Win rate 21% | Avg winner +1.83% | Avg loser -3.26% | Open positions: 4 | Equity $99,039.83
Engine P&L: legacy/unknown: realized $-1,705.68 (19 closed, 21% wins), unrealized $-64.86 (4 open) | Books: legacy: realized $-1,705.68, unrealized $-64.86
Reports: daily realized $+0.00; worst symbols none | weekly realized $-1,705.68; worst symbols HPE:-1286.89; COHR:-471.20; SNDK:-159.07; ANET:-45.31; NOW:-30.35
Shadow report: 2116 shadow candidate(s), 95 rejection group(s)
Timings: account: 0.0s | risk: 1.1s | decide: 10.4s | watchlist: 0.1s | perf: 0.1s

=== Run at 2026-08-22T15:08:23.874036 ===
Build fingerprint: 4f68550affe5
Current time: 2026-08-22 11:08 AM EDT | Market open (per Alpaca): False | Session: CLOSED
Account value: $99,039.83
Cash: $79,250.80 | Holdings (4): {'ERIE': '0.7641 sh (+2.23%)', 'GEHC': '0.6136 sh (+1.25%)', 'MS': '43.8344 sh (-3.06%)', 'MSI': '21.1281 sh (+2.28%)'}
Sector exposure (cached): Technology 10.2%, Financials 9.7%, Health Care 0.0%
Fill reconciliation: {'filled': 0, 'partial': 0, 'rejected': 1}
Open orders (2): ERIE sell 0.7641, MS sell 43.8344
Risk state: peak $99,703.60 | drawdown 0.67% | today -0.00% | halted: False
Market regime: NEUTRAL (position-size multiplier: 100% incl. circuit breaker 100%)
News: fetched 157, 1 new after dedup, 0 ticker(s) matched.
Quant pre-screen: 42/66 candidates passed.
Gemini proposed 2 trade(s) meeting the conviction bar.
Gemini calls used today (all models combined): 212
Market closed (overnight): queued 12 trade idea(s) for next-morning verification -- nothing submitted yet.
  -> queued SOLV buy (conf 89, stop 87.0, tp 94.0)
  -> queued COHR buy (conf 85, stop 105.5, tp 128.0)
  -> queued BSX buy (conf None, stop 49.01, tp 52.92)
  -> queued INTU buy (conf 82, stop 352.0, tp 390.0)
  -> queued NWS buy (conf 80, stop 32.26, tp 36.5)
  -> queued DRI buy (conf 90, stop 213.0, tp 229.46)
  -> queued DE buy (conf 88, stop 605.0, tp 690.0)
  -> queued FDX buy (conf None, stop 317.065, tp 341.42)
  -> queued CPRT buy (conf 84, stop 32.0, tp 35.5)
  -> queued DASH buy (conf None, stop 206.73, tp 225.9)
  -> queued CVX buy (conf 85, stop 189.13, tp 215.00000000000003)
  -> queued MSI buy (conf None, stop 457.185, tp 486.25)
Dashboard watchlist synced (6 symbols) for news/headlines.
Ending portfolio value: $99,039.83
Trade journal: all: 19 trades, 21% win rate, avg -2.19% | breakout: 1 trades, 0% win rate, avg -8.61% | other: 13 trades, 23% win rate, avg -1.93% | technical: 5 trades, 20% win rate, avg -1.58%
Self-learning: breakout: 1 trades, 0% win rate, avg -8.61% (LOSING) | other: 13 trades, 23% win rate, avg -1.93% (LOSING) | technical: 5 trades, 20% win rate, avg -1.58% (LOSING)
Performance: Total return +0.17% | Max drawdown 0.94% | Daily Sharpe 2.02 | 19 closed trades | Win rate 21% | Avg winner +1.83% | Avg loser -3.26% | Open positions: 4 | Equity $99,039.83
Engine P&L: legacy/unknown: realized $-1,705.68 (19 closed, 21% wins), unrealized $-64.86 (4 open) | Books: legacy: realized $-1,705.68, unrealized $-64.86
Reports: daily realized $+0.00; worst symbols none | weekly realized $-1,705.68; worst symbols HPE:-1286.89; COHR:-471.20; SNDK:-159.07; ANET:-45.31; NOW:-30.35
Shadow report: 2116 shadow candidate(s), 95 rejection group(s)
Timings: account: 0.0s | risk: 0.2s | decide: 3.4s | watchlist: 0.0s | perf: 0.0s

=== Run at 2026-08-22T15:10:33.026177 ===
Build fingerprint: 4f68550affe5
Current time: 2026-08-22 11:10 AM EDT | Market open (per Alpaca): False | Session: CLOSED
Account value: $99,039.83
Cash: $79,250.80 | Holdings (4): {'ERIE': '0.7641 sh (+2.23%)', 'GEHC': '0.6136 sh (+1.25%)', 'MS': '43.8344 sh (-3.06%)', 'MSI': '21.1281 sh (+2.28%)'}
Sector exposure (cached): Technology 10.2%, Financials 9.7%, Health Care 0.0%
Fill reconciliation: {'filled': 0, 'partial': 0, 'rejected': 1}
Open orders (2): ERIE sell 0.7641, MS sell 43.8344
Risk state: peak $99,703.60 | drawdown 0.67% | today -0.00% | halted: False
Market regime: NEUTRAL (position-size multiplier: 100% incl. circuit breaker 100%)
News: fetched 157, 0 new after dedup, 0 ticker(s) matched.
Quant pre-screen: 42/66 candidates passed.
Gemini proposed 2 trade(s) meeting the conviction bar.
Gemini calls used today (all models combined): 213
Market closed (overnight): queued 12 trade idea(s) for next-morning verification -- nothing submitted yet.
  -> queued SOLV buy (conf 89, stop 87.0, tp 94.0)
  -> queued COHR buy (conf 85, stop 105.5, tp 128.0)
  -> queued BSX buy (conf None, stop 49.01, tp 52.92)
  -> queued INTU buy (conf 82, stop 352.0, tp 390.0)
  -> queued NWS buy (conf 80, stop 32.26, tp 36.5)
  -> queued DRI buy (conf 88, stop 213.0, tp 229.46)
  -> queued DE buy (conf 85, stop 579.5, tp 654.13)
  -> queued FDX buy (conf None, stop 317.065, tp 341.42)
  -> queued CPRT buy (conf 84, stop 32.0, tp 35.5)
  -> queued DASH buy (conf None, stop 206.73, tp 225.9)
  -> queued CVX buy (conf 85, stop 189.13, tp 215.00000000000003)
  -> queued MSI buy (conf None, stop 457.185, tp 486.25)
Dashboard watchlist synced (6 symbols) for news/headlines.
Ending portfolio value: $99,039.83
Trade journal: all: 19 trades, 21% win rate, avg -2.19% | breakout: 1 trades, 0% win rate, avg -8.61% | other: 13 trades, 23% win rate, avg -1.93% | technical: 5 trades, 20% win rate, avg -1.58%
Self-learning: breakout: 1 trades, 0% win rate, avg -8.61% (LOSING) | other: 13 trades, 23% win rate, avg -1.93% (LOSING) | technical: 5 trades, 20% win rate, avg -1.58% (LOSING)
Performance: Total return +0.17% | Max drawdown 0.94% | Daily Sharpe 2.02 | 19 closed trades | Win rate 21% | Avg winner +1.83% | Avg loser -3.26% | Open positions: 4 | Equity $99,039.83
Engine P&L: legacy/unknown: realized $-1,705.68 (19 closed, 21% wins), unrealized $-64.86 (4 open) | Books: legacy: realized $-1,705.68, unrealized $-64.86
Reports: daily realized $+0.00; worst symbols none | weekly realized $-1,705.68; worst symbols HPE:-1286.89; COHR:-471.20; SNDK:-159.07; ANET:-45.31; NOW:-30.35
Shadow report: 2116 shadow candidate(s), 95 rejection group(s)
Timings: account: 0.0s | risk: 1.3s | decide: 7.8s | watchlist: 0.1s | perf: 0.2s

=== Run at 2026-08-22T15:11:33.789917 ===
Build fingerprint: 4f68550affe5
Current time: 2026-08-22 11:11 AM EDT | Market open (per Alpaca): False | Session: CLOSED
Account value: $99,039.83
Cash: $79,250.80 | Holdings (4): {'ERIE': '0.7641 sh (+2.23%)', 'GEHC': '0.6136 sh (+1.25%)', 'MS': '43.8344 sh (-3.06%)', 'MSI': '21.1281 sh (+2.28%)'}
Sector exposure (cached): Technology 10.2%, Financials 9.7%, Health Care 0.0%
Fill reconciliation: {'filled': 0, 'partial': 0, 'rejected': 1}
Open orders (2): ERIE sell 0.7641, MS sell 43.8344
Risk state: peak $99,703.60 | drawdown 0.67% | today -0.00% | halted: False
Market regime: NEUTRAL (position-size multiplier: 100% incl. circuit breaker 100%)
News: fetched 157, 0 new after dedup, 0 ticker(s) matched.
Quant pre-screen: 42/66 candidates passed.
Gemini proposed 2 trade(s) meeting the conviction bar.
Gemini calls used today (all models combined): 214
Market closed (overnight): queued 12 trade idea(s) for next-morning verification -- nothing submitted yet.
  -> queued SOLV buy (conf 89, stop 87.0, tp 94.0)
  -> queued COHR buy (conf 85, stop 105.5, tp 128.0)
  -> queued BSX buy (conf None, stop 49.01, tp 52.92)
  -> queued INTU buy (conf 82, stop 352.0, tp 390.0)
  -> queued NWS buy (conf 80, stop 32.26, tp 36.5)
  -> queued DRI buy (conf 88, stop 213.0, tp 235.00000000000003)
  -> queued DE buy (conf 85, stop 579.5, tp 654.13)
  -> queued FDX buy (conf None, stop 317.065, tp 341.42)
  -> queued CPRT buy (conf 84, stop 32.0, tp 35.5)
  -> queued DASH buy (conf None, stop 206.73, tp 225.9)
  -> queued CVX buy (conf 85, stop 189.13, tp 215.0)
  -> queued MSI buy (conf None, stop 457.185, tp 486.25)
Dashboard watchlist synced (6 symbols) for news/headlines.
Ending portfolio value: $99,039.83
Trade journal: all: 19 trades, 21% win rate, avg -2.19% | breakout: 1 trades, 0% win rate, avg -8.61% | other: 13 trades, 23% win rate, avg -1.93% | technical: 5 trades, 20% win rate, avg -1.58%
Self-learning: breakout: 1 trades, 0% win rate, avg -8.61% (LOSING) | other: 13 trades, 23% win rate, avg -1.93% (LOSING) | technical: 5 trades, 20% win rate, avg -1.58% (LOSING)
Performance: Total return +0.17% | Max drawdown 0.94% | Daily Sharpe 2.02 | 19 closed trades | Win rate 21% | Avg winner +1.83% | Avg loser -3.26% | Open positions: 4 | Equity $99,039.83
Engine P&L: legacy/unknown: realized $-1,705.68 (19 closed, 21% wins), unrealized $-64.86 (4 open) | Books: legacy: realized $-1,705.68, unrealized $-64.86
Reports: daily realized $+0.00; worst symbols none | weekly realized $-1,705.68; worst symbols HPE:-1286.89; COHR:-471.20; SNDK:-159.07; ANET:-45.31; NOW:-30.35
Shadow report: 2116 shadow candidate(s), 95 rejection group(s)
Timings: account: 0.0s | risk: 1.2s | decide: 7.3s | watchlist: 0.1s | perf: 0.2s

=== Run at 2026-08-22T15:12:28.476365 ===
Build fingerprint: 4f68550affe5
Current time: 2026-08-22 11:12 AM EDT | Market open (per Alpaca): False | Session: CLOSED
Account value: $99,039.83
Cash: $79,250.80 | Holdings (4): {'ERIE': '0.7641 sh (+2.23%)', 'GEHC': '0.6136 sh (+1.25%)', 'MS': '43.8344 sh (-3.06%)', 'MSI': '21.1281 sh (+2.28%)'}
Sector exposure (cached): Technology 10.2%, Financials 9.7%, Health Care 0.0%
Fill reconciliation: {'filled': 0, 'partial': 0, 'rejected': 1}
Open orders (2): ERIE sell 0.7641, MS sell 43.8344
Risk state: peak $99,703.60 | drawdown 0.67% | today -0.00% | halted: False
Market regime: NEUTRAL (position-size multiplier: 100% incl. circuit breaker 100%)
News: fetched 157, 0 new after dedup, 0 ticker(s) matched.
Quant pre-screen: 42/66 candidates passed.
Gemini proposed 2 trade(s) meeting the conviction bar.
Gemini calls used today (all models combined): 215
Market closed (overnight): queued 12 trade idea(s) for next-morning verification -- nothing submitted yet.
  -> queued SOLV buy (conf 89, stop 87.0, tp 94.0)
  -> queued COHR buy (conf 85, stop 105.5, tp 128.0)
  -> queued BSX buy (conf None, stop 49.01, tp 52.92)
  -> queued INTU buy (conf 82, stop 352.0, tp 390.0)
  -> queued NWS buy (conf 80, stop 32.26, tp 36.5)
  -> queued DRI buy (conf 85, stop 213.0, tp 235.00000000000003)
  -> queued DE buy (conf 85, stop 579.5, tp 654.13)
  -> queued FDX buy (conf None, stop 317.065, tp 341.42)
  -> queued CPRT buy (conf 84, stop 32.0, tp 35.5)
  -> queued DASH buy (conf None, stop 206.73, tp 225.9)
  -> queued CVX buy (conf 82, stop 189.13, tp 220.0)
  -> queued MSI buy (conf None, stop 457.185, tp 486.25)
Dashboard watchlist synced (6 symbols) for news/headlines.
Ending portfolio value: $99,039.83
Trade journal: all: 19 trades, 21% win rate, avg -2.19% | breakout: 1 trades, 0% win rate, avg -8.61% | other: 13 trades, 23% win rate, avg -1.93% | technical: 5 trades, 20% win rate, avg -1.58%
Self-learning: breakout: 1 trades, 0% win rate, avg -8.61% (LOSING) | other: 13 trades, 23% win rate, avg -1.93% (LOSING) | technical: 5 trades, 20% win rate, avg -1.58% (LOSING)
Performance: Total return +0.17% | Max drawdown 0.94% | Daily Sharpe 2.02 | 19 closed trades | Win rate 21% | Avg winner +1.83% | Avg loser -3.26% | Open positions: 4 | Equity $99,039.83
Engine P&L: legacy/unknown: realized $-1,705.68 (19 closed, 21% wins), unrealized $-64.86 (4 open) | Books: legacy: realized $-1,705.68, unrealized $-64.86
Reports: daily realized $+0.00; worst symbols none | weekly realized $-1,705.68; worst symbols HPE:-1286.89; COHR:-471.20; SNDK:-159.07; ANET:-45.31; NOW:-30.35
Shadow report: 2116 shadow candidate(s), 95 rejection group(s)
Timings: account: 0.0s | risk: 0.7s | decide: 5.6s | watchlist: 0.1s | perf: 0.1s

=== Run at 2026-08-22T15:14:26.679957 ===
Build fingerprint: 4f68550affe5
Current time: 2026-08-22 11:14 AM EDT | Market open (per Alpaca): False | Session: CLOSED
Account value: $99,039.83
Cash: $79,250.80 | Holdings (4): {'ERIE': '0.7641 sh (+2.23%)', 'GEHC': '0.6136 sh (+1.25%)', 'MS': '43.8344 sh (-3.06%)', 'MSI': '21.1281 sh (+2.28%)'}
Sector exposure (cached): Technology 10.2%, Financials 9.7%, Health Care 0.0%
Fill reconciliation: {'filled': 0, 'partial': 0, 'rejected': 1}
Open orders (2): ERIE sell 0.7641, MS sell 43.8344
Risk state: peak $99,703.60 | drawdown 0.67% | today -0.00% | halted: False
Market regime: NEUTRAL (position-size multiplier: 100% incl. circuit breaker 100%)
News: fetched 157, 0 new after dedup, 0 ticker(s) matched.
Quant pre-screen: 42/66 candidates passed.
Gemini proposed 2 trade(s) meeting the conviction bar.
Gemini calls used today (all models combined): 216
Market closed (overnight): queued 12 trade idea(s) for next-morning verification -- nothing submitted yet.
  -> queued SOLV buy (conf 89, stop 87.0, tp 94.0)
  -> queued COHR buy (conf 85, stop 105.5, tp 128.0)
  -> queued BSX buy (conf None, stop 49.01, tp 52.92)
  -> queued INTU buy (conf 82, stop 352.0, tp 390.0)
  -> queued NWS buy (conf 80, stop 32.26, tp 36.5)
  -> queued DRI buy (conf 85, stop 213.0, tp 235.0)
  -> queued DE buy (conf 82, stop 625.0, tp 675.0)
  -> queued FDX buy (conf None, stop 317.065, tp 341.42)
  -> queued CPRT buy (conf 84, stop 32.0, tp 35.5)
  -> queued DASH buy (conf None, stop 206.73, tp 225.9)
  -> queued CVX buy (conf 82, stop 189.13, tp 220.0)
  -> queued MSI buy (conf None, stop 457.185, tp 486.25)
Dashboard watchlist synced (6 symbols) for news/headlines.
Ending portfolio value: $99,039.83
Trade journal: all: 19 trades, 21% win rate, avg -2.19% | breakout: 1 trades, 0% win rate, avg -8.61% | other: 13 trades, 23% win rate, avg -1.93% | technical: 5 trades, 20% win rate, avg -1.58%
Self-learning: breakout: 1 trades, 0% win rate, avg -8.61% (LOSING) | other: 13 trades, 23% win rate, avg -1.93% (LOSING) | technical: 5 trades, 20% win rate, avg -1.58% (LOSING)
Performance: Total return +0.17% | Max drawdown 0.94% | Daily Sharpe 2.02 | 19 closed trades | Win rate 21% | Avg winner +1.83% | Avg loser -3.26% | Open positions: 4 | Equity $99,039.83
Engine P&L: legacy/unknown: realized $-1,705.68 (19 closed, 21% wins), unrealized $-64.86 (4 open) | Books: legacy: realized $-1,705.68, unrealized $-64.86
Reports: daily realized $+0.00; worst symbols none | weekly realized $-1,705.68; worst symbols HPE:-1286.89; COHR:-471.20; SNDK:-159.07; ANET:-45.31; NOW:-30.35
Shadow report: 2116 shadow candidate(s), 95 rejection group(s)
Timings: account: 0.0s | risk: 1.3s | decide: 7.8s | watchlist: 0.1s | perf: 0.2s

=== Run at 2026-08-22T15:16:23.817264 ===
Build fingerprint: 4f68550affe5
Current time: 2026-08-22 11:16 AM EDT | Market open (per Alpaca): False | Session: CLOSED
Account value: $99,039.83
Cash: $79,250.80 | Holdings (4): {'ERIE': '0.7641 sh (+2.23%)', 'GEHC': '0.6136 sh (+1.25%)', 'MS': '43.8344 sh (-3.06%)', 'MSI': '21.1281 sh (+2.28%)'}
Sector exposure (cached): Technology 10.2%, Financials 9.7%, Health Care 0.0%
Fill reconciliation: {'filled': 0, 'partial': 0, 'rejected': 1}
Open orders (2): ERIE sell 0.7641, MS sell 43.8344
Risk state: peak $99,703.60 | drawdown 0.67% | today -0.00% | halted: False
Market regime: NEUTRAL (position-size multiplier: 100% incl. circuit breaker 100%)
News: fetched 157, 1 new after dedup, 0 ticker(s) matched.
Quant pre-screen: 42/66 candidates passed.
Gemini proposed 2 trade(s) meeting the conviction bar.
Gemini calls used today (all models combined): 217
Market closed (overnight): queued 12 trade idea(s) for next-morning verification -- nothing submitted yet.
  -> queued SOLV buy (conf 89, stop 87.0, tp 94.0)
  -> queued COHR buy (conf 85, stop 105.5, tp 128.0)
  -> queued BSX buy (conf None, stop 49.01, tp 52.92)
  -> queued INTU buy (conf 82, stop 352.0, tp 390.0)
  -> queued NWS buy (conf 80, stop 32.26, tp 36.5)
  -> queued DRI buy (conf 88, stop 213.0, tp 235.00000000000003)
  -> queued DE buy (conf 85, stop 579.5, tp 673.87)
  -> queued FDX buy (conf None, stop 317.065, tp 341.42)
  -> queued CPRT buy (conf 84, stop 32.0, tp 35.5)
  -> queued DASH buy (conf None, stop 206.73, tp 225.9)
  -> queued CVX buy (conf 82, stop 189.13, tp 220.0)
  -> queued MSI buy (conf None, stop 457.185, tp 486.25)
Dashboard watchlist synced (6 symbols) for news/headlines.
Ending portfolio value: $99,039.83
Trade journal: all: 19 trades, 21% win rate, avg -2.19% | breakout: 1 trades, 0% win rate, avg -8.61% | other: 13 trades, 23% win rate, avg -1.93% | technical: 5 trades, 20% win rate, avg -1.58%
Self-learning: breakout: 1 trades, 0% win rate, avg -8.61% (LOSING) | other: 13 trades, 23% win rate, avg -1.93% (LOSING) | technical: 5 trades, 20% win rate, avg -1.58% (LOSING)
Performance: Total return +0.17% | Max drawdown 0.94% | Daily Sharpe 2.02 | 19 closed trades | Win rate 21% | Avg winner +1.83% | Avg loser -3.26% | Open positions: 4 | Equity $99,039.83
Engine P&L: legacy/unknown: realized $-1,705.68 (19 closed, 21% wins), unrealized $-64.86 (4 open) | Books: legacy: realized $-1,705.68, unrealized $-64.86
Reports: daily realized $+0.00; worst symbols none | weekly realized $-1,705.68; worst symbols HPE:-1286.89; COHR:-471.20; SNDK:-159.07; ANET:-45.31; NOW:-30.35
Shadow report: 2116 shadow candidate(s), 95 rejection group(s)
Timings: account: 0.0s | risk: 0.2s | decide: 3.0s | watchlist: 0.0s | perf: 0.0s

=== Run at 2026-08-22T15:18:29.275884 ===
Build fingerprint: 4f68550affe5
Current time: 2026-08-22 11:18 AM EDT | Market open (per Alpaca): False | Session: CLOSED
Account value: $99,039.83
Cash: $79,250.80 | Holdings (4): {'ERIE': '0.7641 sh (+2.23%)', 'GEHC': '0.6136 sh (+1.25%)', 'MS': '43.8344 sh (-3.06%)', 'MSI': '21.1281 sh (+2.28%)'}
Sector exposure (cached): Technology 10.2%, Financials 9.7%, Health Care 0.0%
Fill reconciliation: {'filled': 0, 'partial': 0, 'rejected': 1}
Open orders (2): ERIE sell 0.7641, MS sell 43.8344
Risk state: peak $99,703.60 | drawdown 0.67% | today -0.00% | halted: False
Market regime: NEUTRAL (position-size multiplier: 100% incl. circuit breaker 100%)
News: fetched 157, 1 new after dedup, 0 ticker(s) matched.
Quant pre-screen: 42/66 candidates passed.
Gemini proposed 3 trade(s) meeting the conviction bar.
Gemini calls used today (all models combined): 218
Market closed (overnight): queued 12 trade idea(s) for next-morning verification -- nothing submitted yet.
  -> queued SOLV buy (conf 89, stop 87.0, tp 94.0)
  -> queued COHR buy (conf 85, stop 105.5, tp 128.0)
  -> queued BSX buy (conf None, stop 49.01, tp 52.92)
  -> queued INTU buy (conf 82, stop 352.0, tp 390.0)
  -> queued NWS buy (conf 80, stop 32.26, tp 36.5)
  -> queued DRI buy (conf 88, stop 213.0, tp 229.46)
  -> queued DE buy (conf 85, stop 579.5, tp 673.87)
  -> queued FDX buy (conf None, stop 317.065, tp 341.42)
  -> queued CPRT buy (conf 84, stop 32.0, tp 35.5)
  -> queued DASH buy (conf None, stop 206.73, tp 225.9)
  -> queued CVX buy (conf 82, stop 189.13, tp 214.65)
  -> queued MSI buy (conf None, stop 457.185, tp 486.25)
Dashboard watchlist synced (7 symbols) for news/headlines.
Ending portfolio value: $99,039.83
Trade journal: all: 19 trades, 21% win rate, avg -2.19% | breakout: 1 trades, 0% win rate, avg -8.61% | other: 13 trades, 23% win rate, avg -1.93% | technical: 5 trades, 20% win rate, avg -1.58%
Self-learning: breakout: 1 trades, 0% win rate, avg -8.61% (LOSING) | other: 13 trades, 23% win rate, avg -1.93% (LOSING) | technical: 5 trades, 20% win rate, avg -1.58% (LOSING)
Performance: Total return +0.17% | Max drawdown 0.94% | Daily Sharpe 2.02 | 19 closed trades | Win rate 21% | Avg winner +1.83% | Avg loser -3.26% | Open positions: 4 | Equity $99,039.83
Engine P&L: legacy/unknown: realized $-1,705.68 (19 closed, 21% wins), unrealized $-64.86 (4 open) | Books: legacy: realized $-1,705.68, unrealized $-64.86
Reports: daily realized $+0.00; worst symbols none | weekly realized $-1,705.68; worst symbols HPE:-1286.89; COHR:-471.20; SNDK:-159.07; ANET:-45.31; NOW:-30.35
Shadow report: 2116 shadow candidate(s), 95 rejection group(s)
Timings: account: 0.0s | risk: 1.3s | decide: 7.1s | watchlist: 0.1s | perf: 0.2s

=== Run at 2026-08-22T15:20:29.482456 ===
Build fingerprint: 4f68550affe5
Current time: 2026-08-22 11:20 AM EDT | Market open (per Alpaca): False | Session: CLOSED
Account value: $99,039.83
Cash: $79,250.80 | Holdings (4): {'ERIE': '0.7641 sh (+2.23%)', 'GEHC': '0.6136 sh (+1.25%)', 'MS': '43.8344 sh (-3.06%)', 'MSI': '21.1281 sh (+2.28%)'}
Sector exposure (cached): Technology 10.2%, Financials 9.7%, Health Care 0.0%
Fill reconciliation: {'filled': 0, 'partial': 0, 'rejected': 1}
Open orders (2): ERIE sell 0.7641, MS sell 43.8344
Risk state: peak $99,703.60 | drawdown 0.67% | today -0.00% | halted: False
Market regime: NEUTRAL (position-size multiplier: 100% incl. circuit breaker 100%)
News: fetched 157, 0 new after dedup, 0 ticker(s) matched.
Quant pre-screen: 42/66 candidates passed.
Gemini proposed 2 trade(s) meeting the conviction bar.
Gemini calls used today (all models combined): 219
Market closed (overnight): queued 12 trade idea(s) for next-morning verification -- nothing submitted yet.
  -> queued SOLV buy (conf 89, stop 87.0, tp 94.0)
  -> queued COHR buy (conf 85, stop 105.5, tp 128.0)
  -> queued BSX buy (conf None, stop 49.01, tp 52.92)
  -> queued INTU buy (conf 82, stop 352.0, tp 390.0)
  -> queued NWS buy (conf 80, stop 32.26, tp 36.5)
  -> queued DRI buy (conf 85, stop 213.0, tp 235.0)
  -> queued DE buy (conf 82, stop 625.0, tp 670.0)
  -> queued FDX buy (conf None, stop 317.065, tp 341.42)
  -> queued CPRT buy (conf 84, stop 32.0, tp 35.5)
  -> queued DASH buy (conf None, stop 206.73, tp 225.9)
  -> queued CVX buy (conf 82, stop 189.13, tp 214.65)
  -> queued MSI buy (conf None, stop 457.185, tp 486.25)
Dashboard watchlist synced (6 symbols) for news/headlines.
Ending portfolio value: $99,039.83
Trade journal: all: 19 trades, 21% win rate, avg -2.19% | breakout: 1 trades, 0% win rate, avg -8.61% | other: 13 trades, 23% win rate, avg -1.93% | technical: 5 trades, 20% win rate, avg -1.58%
Self-learning: breakout: 1 trades, 0% win rate, avg -8.61% (LOSING) | other: 13 trades, 23% win rate, avg -1.93% (LOSING) | technical: 5 trades, 20% win rate, avg -1.58% (LOSING)
Performance: Total return +0.17% | Max drawdown 0.94% | Daily Sharpe 2.02 | 19 closed trades | Win rate 21% | Avg winner +1.83% | Avg loser -3.26% | Open positions: 4 | Equity $99,039.83
Engine P&L: legacy/unknown: realized $-1,705.68 (19 closed, 21% wins), unrealized $-64.86 (4 open) | Books: legacy: realized $-1,705.68, unrealized $-64.86
Reports: daily realized $+0.00; worst symbols none | weekly realized $-1,705.68; worst symbols HPE:-1286.89; COHR:-471.20; SNDK:-159.07; ANET:-45.31; NOW:-30.35
Shadow report: 2116 shadow candidate(s), 95 rejection group(s)
Timings: account: 0.0s | risk: 1.0s | decide: 4.3s | watchlist: 0.0s | perf: 0.1s

=== Run at 2026-08-22T15:22:27.921848 ===
Build fingerprint: 4f68550affe5
Current time: 2026-08-22 11:22 AM EDT | Market open (per Alpaca): False | Session: CLOSED
Account value: $99,039.83
Cash: $79,250.80 | Holdings (4): {'ERIE': '0.7641 sh (+2.23%)', 'GEHC': '0.6136 sh (+1.25%)', 'MS': '43.8344 sh (-3.06%)', 'MSI': '21.1281 sh (+2.28%)'}
Sector exposure (cached): Technology 10.2%, Financials 9.7%, Health Care 0.0%
Fill reconciliation: {'filled': 0, 'partial': 0, 'rejected': 1}
Open orders (2): ERIE sell 0.7641, MS sell 43.8344
Risk state: peak $99,703.60 | drawdown 0.67% | today -0.00% | halted: False
Market regime: NEUTRAL (position-size multiplier: 100% incl. circuit breaker 100%)
News: fetched 157, 0 new after dedup, 0 ticker(s) matched.
Quant pre-screen: 42/66 candidates passed.
Gemini proposed 3 trade(s) meeting the conviction bar.
Gemini calls used today (all models combined): 220
Market closed (overnight): queued 12 trade idea(s) for next-morning verification -- nothing submitted yet.
  -> queued SOLV buy (conf 89, stop 87.0, tp 94.0)
  -> queued COHR buy (conf 85, stop 105.5, tp 128.0)
  -> queued BSX buy (conf None, stop 49.01, tp 52.92)
  -> queued INTU buy (conf 82, stop 352.0, tp 390.0)
  -> queued NWS buy (conf 80, stop 32.26, tp 36.5)
  -> queued DRI buy (conf 82, stop 213.0, tp 235.0)
  -> queued DE buy (conf 85, stop 625.0, tp 670.0)
  -> queued FDX buy (conf None, stop 317.065, tp 341.42)
  -> queued CPRT buy (conf 84, stop 32.0, tp 35.5)
  -> queued DASH buy (conf None, stop 206.73, tp 225.9)
  -> queued CVX buy (conf 78, stop 198.0, tp 214.0)
  -> queued MSI buy (conf None, stop 457.185, tp 486.25)
Dashboard watchlist synced (7 symbols) for news/headlines.
Ending portfolio value: $99,039.83
Trade journal: all: 19 trades, 21% win rate, avg -2.19% | breakout: 1 trades, 0% win rate, avg -8.61% | other: 13 trades, 23% win rate, avg -1.93% | technical: 5 trades, 20% win rate, avg -1.58%
Self-learning: breakout: 1 trades, 0% win rate, avg -8.61% (LOSING) | other: 13 trades, 23% win rate, avg -1.93% (LOSING) | technical: 5 trades, 20% win rate, avg -1.58% (LOSING)
Performance: Total return +0.17% | Max drawdown 0.94% | Daily Sharpe 2.02 | 19 closed trades | Win rate 21% | Avg winner +1.83% | Avg loser -3.26% | Open positions: 4 | Equity $99,039.83
Engine P&L: legacy/unknown: realized $-1,705.68 (19 closed, 21% wins), unrealized $-64.86 (4 open) | Books: legacy: realized $-1,705.68, unrealized $-64.86
Reports: daily realized $+0.00; worst symbols none | weekly realized $-1,705.68; worst symbols HPE:-1286.89; COHR:-471.20; SNDK:-159.07; ANET:-45.31; NOW:-30.35
Shadow report: 2116 shadow candidate(s), 95 rejection group(s)
Timings: account: 0.0s | risk: 1.5s | decide: 8.4s | watchlist: 0.1s | perf: 0.2s

=== Run at 2026-08-22T15:24:26.966169 ===
Build fingerprint: 4f68550affe5
Current time: 2026-08-22 11:24 AM EDT | Market open (per Alpaca): False | Session: CLOSED
Account value: $99,039.83
Cash: $79,250.80 | Holdings (4): {'ERIE': '0.7641 sh (+2.23%)', 'GEHC': '0.6136 sh (+1.25%)', 'MS': '43.8344 sh (-3.06%)', 'MSI': '21.1281 sh (+2.28%)'}
Sector exposure (cached): Technology 10.2%, Financials 9.7%, Health Care 0.0%
Fill reconciliation: {'filled': 0, 'partial': 0, 'rejected': 1}
Open orders (2): ERIE sell 0.7641, MS sell 43.8344
Risk state: peak $99,703.60 | drawdown 0.67% | today -0.00% | halted: False
Market regime: NEUTRAL (position-size multiplier: 100% incl. circuit breaker 100%)
News: fetched 157, 1 new after dedup, 0 ticker(s) matched.
Quant pre-screen: 42/66 candidates passed.
Gemini proposed 3 trade(s) meeting the conviction bar.
Gemini calls used today (all models combined): 221
Market closed (overnight): queued 12 trade idea(s) for next-morning verification -- nothing submitted yet.
  -> queued SOLV buy (conf 89, stop 87.0, tp 94.0)
  -> queued COHR buy (conf 85, stop 105.5, tp 128.0)
  -> queued BSX buy (conf None, stop 49.01, tp 52.92)
  -> queued INTU buy (conf 82, stop 352.0, tp 390.0)
  -> queued NWS buy (conf 80, stop 32.26, tp 36.5)
  -> queued DRI buy (conf 88, stop 213.0, tp 235.0)
  -> queued DE buy (conf 85, stop 625.0, tp 680.0)
  -> queued FDX buy (conf None, stop 317.065, tp 341.42)
  -> queued CPRT buy (conf 84, stop 32.0, tp 35.5)
  -> queued DASH buy (conf None, stop 206.73, tp 225.9)
  -> queued CVX buy (conf 82, stop 195.0, tp 218.0)
  -> queued MSI buy (conf None, stop 457.185, tp 486.25)
Dashboard watchlist synced (7 symbols) for news/headlines.
Ending portfolio value: $99,039.83
Trade journal: all: 19 trades, 21% win rate, avg -2.19% | breakout: 1 trades, 0% win rate, avg -8.61% | other: 13 trades, 23% win rate, avg -1.93% | technical: 5 trades, 20% win rate, avg -1.58%
Self-learning: breakout: 1 trades, 0% win rate, avg -8.61% (LOSING) | other: 13 trades, 23% win rate, avg -1.93% (LOSING) | technical: 5 trades, 20% win rate, avg -1.58% (LOSING)
Performance: Total return +0.17% | Max drawdown 0.94% | Daily Sharpe 2.02 | 19 closed trades | Win rate 21% | Avg winner +1.83% | Avg loser -3.26% | Open positions: 4 | Equity $99,039.83
Engine P&L: legacy/unknown: realized $-1,705.68 (19 closed, 21% wins), unrealized $-64.86 (4 open) | Books: legacy: realized $-1,705.68, unrealized $-64.86
Reports: daily realized $+0.00; worst symbols none | weekly realized $-1,705.68; worst symbols HPE:-1286.89; COHR:-471.20; SNDK:-159.07; ANET:-45.31; NOW:-30.35
Shadow report: 2116 shadow candidate(s), 95 rejection group(s)
Timings: account: 0.0s | risk: 0.6s | decide: 3.2s | watchlist: 0.0s | perf: 0.0s

=== Run at 2026-08-22T15:26:28.538854 ===
Build fingerprint: 4f68550affe5
Current time: 2026-08-22 11:26 AM EDT | Market open (per Alpaca): False | Session: CLOSED
Account value: $99,039.83
Cash: $79,250.80 | Holdings (4): {'ERIE': '0.7641 sh (+2.23%)', 'GEHC': '0.6136 sh (+1.25%)', 'MS': '43.8344 sh (-3.06%)', 'MSI': '21.1281 sh (+2.28%)'}
Sector exposure (cached): Technology 10.2%, Financials 9.7%, Health Care 0.0%
Fill reconciliation: {'filled': 0, 'partial': 0, 'rejected': 1}
Open orders (2): ERIE sell 0.7641, MS sell 43.8344
Risk state: peak $99,703.60 | drawdown 0.67% | today -0.00% | halted: False
Market regime: NEUTRAL (position-size multiplier: 100% incl. circuit breaker 100%)
News: fetched 157, 0 new after dedup, 0 ticker(s) matched.
Quant pre-screen: 42/66 candidates passed.
Gemini proposed 2 trade(s) meeting the conviction bar.
Gemini calls used today (all models combined): 222
Market closed (overnight): queued 12 trade idea(s) for next-morning verification -- nothing submitted yet.
  -> queued SOLV buy (conf 89, stop 87.0, tp 94.0)
  -> queued COHR buy (conf 85, stop 105.5, tp 128.0)
  -> queued BSX buy (conf None, stop 49.01, tp 52.92)
  -> queued INTU buy (conf 82, stop 352.0, tp 390.0)
  -> queued NWS buy (conf 80, stop 32.26, tp 36.5)
  -> queued DRI buy (conf 88, stop 213.0, tp 235.0)
  -> queued DE buy (conf 85, stop 605.0, tp 685.0)
  -> queued FDX buy (conf None, stop 317.065, tp 341.42)
  -> queued CPRT buy (conf 84, stop 32.0, tp 35.5)
  -> queued DASH buy (conf None, stop 206.73, tp 225.9)
  -> queued CVX buy (conf 82, stop 195.0, tp 218.0)
  -> queued MSI buy (conf None, stop 457.185, tp 486.25)
Dashboard watchlist synced (6 symbols) for news/headlines.
Ending portfolio value: $99,039.83
Trade journal: all: 19 trades, 21% win rate, avg -2.19% | breakout: 1 trades, 0% win rate, avg -8.61% | other: 13 trades, 23% win rate, avg -1.93% | technical: 5 trades, 20% win rate, avg -1.58%
Self-learning: breakout: 1 trades, 0% win rate, avg -8.61% (LOSING) | other: 13 trades, 23% win rate, avg -1.93% (LOSING) | technical: 5 trades, 20% win rate, avg -1.58% (LOSING)
Performance: Total return +0.17% | Max drawdown 0.94% | Daily Sharpe 2.02 | 19 closed trades | Win rate 21% | Avg winner +1.83% | Avg loser -3.26% | Open positions: 4 | Equity $99,039.83
Engine P&L: legacy/unknown: realized $-1,705.68 (19 closed, 21% wins), unrealized $-64.86 (4 open) | Books: legacy: realized $-1,705.68, unrealized $-64.86
Reports: daily realized $+0.00; worst symbols none | weekly realized $-1,705.68; worst symbols HPE:-1286.89; COHR:-471.20; SNDK:-159.07; ANET:-45.31; NOW:-30.35
Shadow report: 2116 shadow candidate(s), 95 rejection group(s)
Timings: account: 0.0s | risk: 1.2s | decide: 7.0s | watchlist: 0.1s | perf: 0.2s

=== Run at 2026-08-22T15:28:26.352635 ===
Build fingerprint: 4f68550affe5
Current time: 2026-08-22 11:28 AM EDT | Market open (per Alpaca): False | Session: CLOSED
Account value: $99,039.83
Cash: $79,250.80 | Holdings (4): {'ERIE': '0.7641 sh (+2.23%)', 'GEHC': '0.6136 sh (+1.25%)', 'MS': '43.8344 sh (-3.06%)', 'MSI': '21.1281 sh (+2.28%)'}
Sector exposure (cached): Technology 10.2%, Financials 9.7%, Health Care 0.0%
Fill reconciliation: {'filled': 0, 'partial': 0, 'rejected': 1}
Open orders (2): ERIE sell 0.7641, MS sell 43.8344
Risk state: peak $99,703.60 | drawdown 0.67% | today -0.00% | halted: False
Market regime: NEUTRAL (position-size multiplier: 100% incl. circuit breaker 100%)
News: fetched 157, 0 new after dedup, 0 ticker(s) matched.
Quant pre-screen: 42/66 candidates passed.
Gemini proposed 3 trade(s) meeting the conviction bar.
Gemini calls used today (all models combined): 223
Market closed (overnight): queued 12 trade idea(s) for next-morning verification -- nothing submitted yet.
  -> queued SOLV buy (conf 89, stop 87.0, tp 94.0)
  -> queued COHR buy (conf 85, stop 105.5, tp 128.0)
  -> queued BSX buy (conf None, stop 49.01, tp 52.92)
  -> queued INTU buy (conf 82, stop 352.0, tp 390.0)
  -> queued NWS buy (conf 80, stop 32.26, tp 36.5)
  -> queued DRI buy (conf 88, stop 213.0, tp 235.0)
  -> queued DE buy (conf 85, stop 625.0, tp 673.87)
  -> queued FDX buy (conf None, stop 317.065, tp 341.42)
  -> queued CPRT buy (conf 84, stop 32.0, tp 35.5)
  -> queued DASH buy (conf 84, stop 206.73, tp 240.0)
  -> queued CVX buy (conf 82, stop 195.0, tp 218.0)
  -> queued MSI buy (conf None, stop 457.185, tp 486.25)
Dashboard watchlist synced (7 symbols) for news/headlines.
Ending portfolio value: $99,039.83
Trade journal: all: 19 trades, 21% win rate, avg -2.19% | breakout: 1 trades, 0% win rate, avg -8.61% | other: 13 trades, 23% win rate, avg -1.93% | technical: 5 trades, 20% win rate, avg -1.58%
Self-learning: breakout: 1 trades, 0% win rate, avg -8.61% (LOSING) | other: 13 trades, 23% win rate, avg -1.93% (LOSING) | technical: 5 trades, 20% win rate, avg -1.58% (LOSING)
Performance: Total return +0.17% | Max drawdown 0.94% | Daily Sharpe 2.02 | 19 closed trades | Win rate 21% | Avg winner +1.83% | Avg loser -3.26% | Open positions: 4 | Equity $99,039.83
Engine P&L: legacy/unknown: realized $-1,705.68 (19 closed, 21% wins), unrealized $-64.86 (4 open) | Books: legacy: realized $-1,705.68, unrealized $-64.86
Reports: daily realized $+0.00; worst symbols none | weekly realized $-1,705.68; worst symbols HPE:-1286.89; COHR:-471.20; SNDK:-159.07; ANET:-45.31; NOW:-30.35
Shadow report: 2116 shadow candidate(s), 95 rejection group(s)
Timings: account: 0.0s | risk: 1.0s | decide: 7.1s | watchlist: 0.1s | perf: 0.1s

=== Run at 2026-08-22T15:30:31.967127 ===
Build fingerprint: 4f68550affe5
Current time: 2026-08-22 11:30 AM EDT | Market open (per Alpaca): False | Session: CLOSED
Account value: $99,039.83
Cash: $79,250.80 | Holdings (4): {'ERIE': '0.7641 sh (+2.23%)', 'GEHC': '0.6136 sh (+1.25%)', 'MS': '43.8344 sh (-3.06%)', 'MSI': '21.1281 sh (+2.28%)'}
Sector exposure (cached): Technology 10.2%, Financials 9.7%, Health Care 0.0%
Fill reconciliation: {'filled': 0, 'partial': 0, 'rejected': 1}
Open orders (2): ERIE sell 0.7641, MS sell 43.8344
Risk state: peak $99,703.60 | drawdown 0.67% | today -0.00% | halted: False
Market regime: NEUTRAL (position-size multiplier: 100% incl. circuit breaker 100%)
News: fetched 157, 0 new after dedup, 0 ticker(s) matched.
Quant pre-screen: 42/66 candidates passed.
Gemini proposed 3 trade(s) meeting the conviction bar.
Gemini calls used today (all models combined): 224
Market closed (overnight): queued 12 trade idea(s) for next-morning verification -- nothing submitted yet.
  -> queued SOLV buy (conf 89, stop 87.0, tp 94.0)
  -> queued COHR buy (conf 85, stop 105.5, tp 128.0)
  -> queued BSX buy (conf None, stop 49.01, tp 52.92)
  -> queued INTU buy (conf 82, stop 352.0, tp 390.0)
  -> queued NWS buy (conf 80, stop 32.26, tp 36.5)
  -> queued DRI buy (conf 88, stop 213.0, tp 232.0)
  -> queued DE buy (conf 85, stop 625.0, tp 673.87)
  -> queued FDX buy (conf None, stop 317.065, tp 341.42)
  -> queued CPRT buy (conf 84, stop 32.0, tp 35.5)
  -> queued DASH buy (conf 84, stop 206.73, tp 240.0)
  -> queued CVX buy (conf 82, stop 198.0, tp 214.65)
  -> queued MSI buy (conf None, stop 457.185, tp 486.25)
Dashboard watchlist synced (7 symbols) for news/headlines.
Ending portfolio value: $99,039.83
Trade journal: all: 19 trades, 21% win rate, avg -2.19% | breakout: 1 trades, 0% win rate, avg -8.61% | other: 13 trades, 23% win rate, avg -1.93% | technical: 5 trades, 20% win rate, avg -1.58%
Self-learning: breakout: 1 trades, 0% win rate, avg -8.61% (LOSING) | other: 13 trades, 23% win rate, avg -1.93% (LOSING) | technical: 5 trades, 20% win rate, avg -1.58% (LOSING)
Performance: Total return +0.17% | Max drawdown 0.94% | Daily Sharpe 2.02 | 19 closed trades | Win rate 21% | Avg winner +1.83% | Avg loser -3.26% | Open positions: 4 | Equity $99,039.83
Engine P&L: legacy/unknown: realized $-1,705.68 (19 closed, 21% wins), unrealized $-64.86 (4 open) | Books: legacy: realized $-1,705.68, unrealized $-64.86
Reports: daily realized $+0.00; worst symbols none | weekly realized $-1,705.68; worst symbols HPE:-1286.89; COHR:-471.20; SNDK:-159.07; ANET:-45.31; NOW:-30.35
Shadow report: 2116 shadow candidate(s), 95 rejection group(s)
Timings: account: 0.0s | risk: 0.3s | decide: 3.4s | watchlist: 0.0s | perf: 0.0s

=== Run at 2026-08-22T15:32:27.579192 ===
Build fingerprint: 4f68550affe5
Current time: 2026-08-22 11:32 AM EDT | Market open (per Alpaca): False | Session: CLOSED
Account value: $99,039.83
Cash: $79,250.80 | Holdings (4): {'ERIE': '0.7641 sh (+2.23%)', 'GEHC': '0.6136 sh (+1.25%)', 'MS': '43.8344 sh (-3.06%)', 'MSI': '21.1281 sh (+2.28%)'}
Sector exposure (cached): Technology 10.2%, Financials 9.7%, Health Care 0.0%
Fill reconciliation: {'filled': 0, 'partial': 0, 'rejected': 1}
Open orders (2): ERIE sell 0.7641, MS sell 43.8344
Risk state: peak $99,703.60 | drawdown 0.67% | today -0.00% | halted: False
Market regime: NEUTRAL (position-size multiplier: 100% incl. circuit breaker 100%)
News: fetched 157, 0 new after dedup, 0 ticker(s) matched.
Quant pre-screen: 42/66 candidates passed.
Gemini proposed 3 trade(s) meeting the conviction bar.
Gemini calls used today (all models combined): 225
Market closed (overnight): queued 12 trade idea(s) for next-morning verification -- nothing submitted yet.
  -> queued SOLV buy (conf 89, stop 87.0, tp 94.0)
  -> queued COHR buy (conf 85, stop 105.5, tp 128.0)
  -> queued BSX buy (conf None, stop 49.01, tp 52.92)
  -> queued INTU buy (conf 82, stop 352.0, tp 390.0)
  -> queued NWS buy (conf 80, stop 32.26, tp 36.5)
  -> queued DRI buy (conf 90, stop 213.0, tp 229.46)
  -> queued DE buy (conf 88, stop 625.0, tp 673.87)
  -> queued FDX buy (conf None, stop 317.065, tp 341.42)
  -> queued CPRT buy (conf 84, stop 32.5, tp 35.8)
  -> queued DASH buy (conf 84, stop 206.73, tp 240.0)
  -> queued CVX buy (conf 82, stop 198.0, tp 214.65)
  -> queued MSI buy (conf None, stop 457.185, tp 486.25)
Dashboard watchlist synced (7 symbols) for news/headlines.
Ending portfolio value: $99,039.83
Trade journal: all: 19 trades, 21% win rate, avg -2.19% | breakout: 1 trades, 0% win rate, avg -8.61% | other: 13 trades, 23% win rate, avg -1.93% | technical: 5 trades, 20% win rate, avg -1.58%
Self-learning: breakout: 1 trades, 0% win rate, avg -8.61% (LOSING) | other: 13 trades, 23% win rate, avg -1.93% (LOSING) | technical: 5 trades, 20% win rate, avg -1.58% (LOSING)
Performance: Total return +0.17% | Max drawdown 0.94% | Daily Sharpe 2.02 | 19 closed trades | Win rate 21% | Avg winner +1.83% | Avg loser -3.26% | Open positions: 4 | Equity $99,039.83
Engine P&L: legacy/unknown: realized $-1,705.68 (19 closed, 21% wins), unrealized $-64.86 (4 open) | Books: legacy: realized $-1,705.68, unrealized $-64.86
Reports: daily realized $+0.00; worst symbols none | weekly realized $-1,705.68; worst symbols HPE:-1286.89; COHR:-471.20; SNDK:-159.07; ANET:-45.31; NOW:-30.35
Shadow report: 2116 shadow candidate(s), 95 rejection group(s)
Timings: account: 0.0s | risk: 1.2s | decide: 7.2s | watchlist: 0.1s | perf: 0.2s

=== Run at 2026-08-22T15:34:27.328327 ===
Build fingerprint: 4f68550affe5
Current time: 2026-08-22 11:34 AM EDT | Market open (per Alpaca): False | Session: CLOSED
Account value: $99,039.83
Cash: $79,250.80 | Holdings (4): {'ERIE': '0.7641 sh (+2.23%)', 'GEHC': '0.6136 sh (+1.25%)', 'MS': '43.8344 sh (-3.06%)', 'MSI': '21.1281 sh (+2.28%)'}
Sector exposure (cached): Technology 10.2%, Financials 9.7%, Health Care 0.0%
Fill reconciliation: {'filled': 0, 'partial': 0, 'rejected': 1}
Open orders (2): ERIE sell 0.7641, MS sell 43.8344
Risk state: peak $99,703.60 | drawdown 0.67% | today -0.00% | halted: False
Market regime: NEUTRAL (position-size multiplier: 100% incl. circuit breaker 100%)
News: fetched 157, 1 new after dedup, 0 ticker(s) matched.
Quant pre-screen: 42/66 candidates passed.
Gemini proposed 2 trade(s) meeting the conviction bar.
Gemini calls used today (all models combined): 226
Market closed (overnight): queued 12 trade idea(s) for next-morning verification -- nothing submitted yet.
  -> queued SOLV buy (conf 89, stop 87.0, tp 94.0)
  -> queued COHR buy (conf 85, stop 105.5, tp 128.0)
  -> queued BSX buy (conf None, stop 49.01, tp 52.92)
  -> queued INTU buy (conf 82, stop 352.0, tp 390.0)
  -> queued NWS buy (conf 80, stop 32.26, tp 36.5)
  -> queued DRI buy (conf 85, stop 213.0, tp 235.00000000000003)
  -> queued DE buy (conf 88, stop 625.0, tp 673.87)
  -> queued FDX buy (conf None, stop 317.065, tp 341.42)
  -> queued CPRT buy (conf 80, stop 31.57, tp 36.05)
  -> queued DASH buy (conf 84, stop 206.73, tp 240.0)
  -> queued CVX buy (conf 82, stop 198.0, tp 214.65)
  -> queued MSI buy (conf None, stop 457.185, tp 486.25)
Dashboard watchlist synced (6 symbols) for news/headlines.
Ending portfolio value: $99,039.83
Trade journal: all: 19 trades, 21% win rate, avg -2.19% | breakout: 1 trades, 0% win rate, avg -8.61% | other: 13 trades, 23% win rate, avg -1.93% | technical: 5 trades, 20% win rate, avg -1.58%
Self-learning: breakout: 1 trades, 0% win rate, avg -8.61% (LOSING) | other: 13 trades, 23% win rate, avg -1.93% (LOSING) | technical: 5 trades, 20% win rate, avg -1.58% (LOSING)
Performance: Total return +0.17% | Max drawdown 0.94% | Daily Sharpe 2.02 | 19 closed trades | Win rate 21% | Avg winner +1.83% | Avg loser -3.26% | Open positions: 4 | Equity $99,039.83
Engine P&L: legacy/unknown: realized $-1,705.68 (19 closed, 21% wins), unrealized $-64.86 (4 open) | Books: legacy: realized $-1,705.68, unrealized $-64.86
Reports: daily realized $+0.00; worst symbols none | weekly realized $-1,705.68; worst symbols HPE:-1286.89; COHR:-471.20; SNDK:-159.07; ANET:-45.31; NOW:-30.35
Shadow report: 2116 shadow candidate(s), 95 rejection group(s)
Timings: account: 0.0s | risk: 1.0s | decide: 7.1s | watchlist: 0.1s | perf: 0.1s

=== Run at 2026-08-22T15:36:27.063126 ===
Build fingerprint: 4f68550affe5
Current time: 2026-08-22 11:36 AM EDT | Market open (per Alpaca): False | Session: CLOSED
Account value: $99,039.83
Cash: $79,250.80 | Holdings (4): {'ERIE': '0.7641 sh (+2.23%)', 'GEHC': '0.6136 sh (+1.25%)', 'MS': '43.8344 sh (-3.06%)', 'MSI': '21.1281 sh (+2.28%)'}
Sector exposure (cached): Technology 10.2%, Financials 9.7%, Health Care 0.0%
Fill reconciliation: {'filled': 0, 'partial': 0, 'rejected': 1}
Open orders (2): ERIE sell 0.7641, MS sell 43.8344
Risk state: peak $99,703.60 | drawdown 0.67% | today -0.00% | halted: False
Market regime: NEUTRAL (position-size multiplier: 100% incl. circuit breaker 100%)
News: fetched 157, 0 new after dedup, 0 ticker(s) matched.
Quant pre-screen: 42/66 candidates passed.
Gemini proposed 2 trade(s) meeting the conviction bar.
Gemini calls used today (all models combined): 227
Market closed (overnight): queued 12 trade idea(s) for next-morning verification -- nothing submitted yet.
  -> queued SOLV buy (conf 89, stop 87.0, tp 94.0)
  -> queued COHR buy (conf 85, stop 105.5, tp 128.0)
  -> queued BSX buy (conf None, stop 49.01, tp 52.92)
  -> queued INTU buy (conf 82, stop 352.0, tp 390.0)
  -> queued NWS buy (conf 80, stop 32.26, tp 36.5)
  -> queued DRI buy (conf 82, stop 213.0, tp 229.4)
  -> queued DE buy (conf 85, stop 625.0, tp 670.0)
  -> queued FDX buy (conf None, stop 317.065, tp 341.42)
  -> queued CPRT buy (conf 80, stop 31.57, tp 36.05)
  -> queued DASH buy (conf 84, stop 206.73, tp 240.0)
  -> queued CVX buy (conf 82, stop 198.0, tp 214.65)
  -> queued MSI buy (conf None, stop 457.185, tp 486.25)
Dashboard watchlist synced (6 symbols) for news/headlines.
Ending portfolio value: $99,039.83
Trade journal: all: 19 trades, 21% win rate, avg -2.19% | breakout: 1 trades, 0% win rate, avg -8.61% | other: 13 trades, 23% win rate, avg -1.93% | technical: 5 trades, 20% win rate, avg -1.58%
Self-learning: breakout: 1 trades, 0% win rate, avg -8.61% (LOSING) | other: 13 trades, 23% win rate, avg -1.93% (LOSING) | technical: 5 trades, 20% win rate, avg -1.58% (LOSING)
Performance: Total return +0.17% | Max drawdown 0.94% | Daily Sharpe 2.02 | 19 closed trades | Win rate 21% | Avg winner +1.83% | Avg loser -3.26% | Open positions: 4 | Equity $99,039.83
Engine P&L: legacy/unknown: realized $-1,705.68 (19 closed, 21% wins), unrealized $-64.86 (4 open) | Books: legacy: realized $-1,705.68, unrealized $-64.86
Reports: daily realized $+0.00; worst symbols none | weekly realized $-1,705.68; worst symbols HPE:-1286.89; COHR:-471.20; SNDK:-159.07; ANET:-45.31; NOW:-30.35
Shadow report: 2116 shadow candidate(s), 95 rejection group(s)
Timings: account: 0.0s | risk: 0.6s | decide: 3.8s | watchlist: 0.1s | perf: 0.1s

=== Run at 2026-08-22T15:38:27.533293 ===
Build fingerprint: 4f68550affe5
Current time: 2026-08-22 11:38 AM EDT | Market open (per Alpaca): False | Session: CLOSED
Account value: $99,039.83
Cash: $79,250.80 | Holdings (4): {'ERIE': '0.7641 sh (+2.23%)', 'GEHC': '0.6136 sh (+1.25%)', 'MS': '43.8344 sh (-3.06%)', 'MSI': '21.1281 sh (+2.28%)'}
Sector exposure (cached): Technology 10.2%, Financials 9.7%, Health Care 0.0%
Fill reconciliation: {'filled': 0, 'partial': 0, 'rejected': 1}
Open orders (2): ERIE sell 0.7641, MS sell 43.8344
Risk state: peak $99,703.60 | drawdown 0.67% | today -0.00% | halted: False
Market regime: NEUTRAL (position-size multiplier: 100% incl. circuit breaker 100%)
News: fetched 157, 3 new after dedup, 0 ticker(s) matched.
Quant pre-screen: 42/66 candidates passed.
Gemini proposed 3 trade(s) meeting the conviction bar.
Gemini calls used today (all models combined): 228
Market closed (overnight): queued 12 trade idea(s) for next-morning verification -- nothing submitted yet.
  -> queued SOLV buy (conf 89, stop 87.0, tp 94.0)
  -> queued COHR buy (conf 85, stop 105.5, tp 128.0)
  -> queued BSX buy (conf None, stop 49.01, tp 52.92)
  -> queued INTU buy (conf 82, stop 352.0, tp 390.0)
  -> queued NWS buy (conf 80, stop 32.26, tp 36.5)
  -> queued DRI buy (conf 88, stop 213.0, tp 235.0)
  -> queued DE buy (conf 85, stop 625.0, tp 670.0)
  -> queued FDX buy (conf None, stop 317.065, tp 341.42)
  -> queued CPRT buy (conf 80, stop 31.57, tp 36.05)
  -> queued DASH buy (conf 82, stop 210.0, tp 240.0)
  -> queued CVX buy (conf 84, stop 195.0, tp 218.0)
  -> queued MSI buy (conf None, stop 457.185, tp 486.25)
Dashboard watchlist synced (7 symbols) for news/headlines.
Ending portfolio value: $99,039.83
Trade journal: all: 19 trades, 21% win rate, avg -2.19% | breakout: 1 trades, 0% win rate, avg -8.61% | other: 13 trades, 23% win rate, avg -1.93% | technical: 5 trades, 20% win rate, avg -1.58%
Self-learning: breakout: 1 trades, 0% win rate, avg -8.61% (LOSING) | other: 13 trades, 23% win rate, avg -1.93% (LOSING) | technical: 5 trades, 20% win rate, avg -1.58% (LOSING)
Performance: Total return +0.17% | Max drawdown 0.94% | Daily Sharpe 2.02 | 19 closed trades | Win rate 21% | Avg winner +1.83% | Avg loser -3.26% | Open positions: 4 | Equity $99,039.83
Engine P&L: legacy/unknown: realized $-1,705.68 (19 closed, 21% wins), unrealized $-64.86 (4 open) | Books: legacy: realized $-1,705.68, unrealized $-64.86
Reports: daily realized $+0.00; worst symbols none | weekly realized $-1,705.68; worst symbols HPE:-1286.89; COHR:-471.20; SNDK:-159.07; ANET:-45.31; NOW:-30.35
Shadow report: 2116 shadow candidate(s), 95 rejection group(s)
Timings: account: 0.0s | risk: 1.0s | decide: 7.4s | watchlist: 0.1s | perf: 0.1s

=== Run at 2026-08-22T15:40:30.122121 ===
Build fingerprint: 4f68550affe5
Current time: 2026-08-22 11:40 AM EDT | Market open (per Alpaca): False | Session: CLOSED
Account value: $99,039.83
Cash: $79,250.80 | Holdings (4): {'ERIE': '0.7641 sh (+2.23%)', 'GEHC': '0.6136 sh (+1.25%)', 'MS': '43.8344 sh (-3.06%)', 'MSI': '21.1281 sh (+2.28%)'}
Sector exposure (cached): Technology 10.2%, Financials 9.7%, Health Care 0.0%
Fill reconciliation: {'filled': 0, 'partial': 0, 'rejected': 1}
Open orders (2): ERIE sell 0.7641, MS sell 43.8344
Risk state: peak $99,703.60 | drawdown 0.67% | today -0.00% | halted: False
Market regime: NEUTRAL (position-size multiplier: 100% incl. circuit breaker 100%)
News: fetched 157, 0 new after dedup, 0 ticker(s) matched.
Quant pre-screen: 42/66 candidates passed.
Gemini proposed 2 trade(s) meeting the conviction bar.
Gemini calls used today (all models combined): 229
Market closed (overnight): queued 12 trade idea(s) for next-morning verification -- nothing submitted yet.
  -> queued SOLV buy (conf 89, stop 87.0, tp 94.0)
  -> queued COHR buy (conf 85, stop 105.5, tp 128.0)
  -> queued BSX buy (conf None, stop 49.01, tp 52.92)
  -> queued INTU buy (conf 82, stop 352.0, tp 390.0)
  -> queued NWS buy (conf 80, stop 32.26, tp 36.5)
  -> queued DRI buy (conf 85, stop 213.0, tp 235.0)
  -> queued DE buy (conf 82, stop 625.0, tp 680.0)
  -> queued FDX buy (conf None, stop 317.065, tp 341.42)
  -> queued CPRT buy (conf 80, stop 31.57, tp 36.05)
  -> queued DASH buy (conf 82, stop 210.0, tp 240.0)
  -> queued CVX buy (conf 84, stop 195.0, tp 218.0)
  -> queued MSI buy (conf None, stop 457.185, tp 486.25)
Dashboard watchlist synced (6 symbols) for news/headlines.
Ending portfolio value: $99,039.83
Trade journal: all: 19 trades, 21% win rate, avg -2.19% | breakout: 1 trades, 0% win rate, avg -8.61% | other: 13 trades, 23% win rate, avg -1.93% | technical: 5 trades, 20% win rate, avg -1.58%
Self-learning: breakout: 1 trades, 0% win rate, avg -8.61% (LOSING) | other: 13 trades, 23% win rate, avg -1.93% (LOSING) | technical: 5 trades, 20% win rate, avg -1.58% (LOSING)
Performance: Total return +0.17% | Max drawdown 0.94% | Daily Sharpe 2.02 | 19 closed trades | Win rate 21% | Avg winner +1.83% | Avg loser -3.26% | Open positions: 4 | Equity $99,039.83
Engine P&L: legacy/unknown: realized $-1,705.68 (19 closed, 21% wins), unrealized $-64.86 (4 open) | Books: legacy: realized $-1,705.68, unrealized $-64.86
Reports: daily realized $+0.00; worst symbols none | weekly realized $-1,705.68; worst symbols HPE:-1286.89; COHR:-471.20; SNDK:-159.07; ANET:-45.31; NOW:-30.35
Shadow report: 2116 shadow candidate(s), 95 rejection group(s)
Timings: account: 0.0s | risk: 0.7s | decide: 5.1s | watchlist: 0.1s | perf: 0.1s

=== Run at 2026-08-22T15:42:23.186490 ===
Build fingerprint: 4f68550affe5
Current time: 2026-08-22 11:42 AM EDT | Market open (per Alpaca): False | Session: CLOSED
Account value: $99,039.83
Cash: $79,250.80 | Holdings (4): {'ERIE': '0.7641 sh (+2.23%)', 'GEHC': '0.6136 sh (+1.25%)', 'MS': '43.8344 sh (-3.06%)', 'MSI': '21.1281 sh (+2.28%)'}
Sector exposure (cached): Technology 10.2%, Financials 9.7%, Health Care 0.0%
Fill reconciliation: {'filled': 0, 'partial': 0, 'rejected': 1}
Open orders (2): ERIE sell 0.7641, MS sell 43.8344
Risk state: peak $99,703.60 | drawdown 0.67% | today -0.00% | halted: False
Market regime: NEUTRAL (position-size multiplier: 100% incl. circuit breaker 100%)
News: fetched 157, 1 new after dedup, 0 ticker(s) matched.
Quant pre-screen: 42/66 candidates passed.
Gemini proposed 2 trade(s) meeting the conviction bar.
Gemini calls used today (all models combined): 230
Market closed (overnight): queued 12 trade idea(s) for next-morning verification -- nothing submitted yet.
  -> queued SOLV buy (conf 89, stop 87.0, tp 94.0)
  -> queued COHR buy (conf 85, stop 105.5, tp 128.0)
  -> queued BSX buy (conf None, stop 49.01, tp 52.92)
  -> queued INTU buy (conf 82, stop 352.0, tp 390.0)
  -> queued NWS buy (conf 80, stop 32.26, tp 36.5)
  -> queued DRI buy (conf 88, stop 213.0, tp 235.00000000000003)
  -> queued DE buy (conf 85, stop 579.5, tp 685.0000000000001)
  -> queued FDX buy (conf None, stop 317.065, tp 341.42)
  -> queued CPRT buy (conf 80, stop 31.57, tp 36.05)
  -> queued DASH buy (conf 82, stop 210.0, tp 240.0)
  -> queued CVX buy (conf 84, stop 195.0, tp 218.0)
  -> queued MSI buy (conf None, stop 457.185, tp 486.25)
Dashboard watchlist synced (6 symbols) for news/headlines.
Ending portfolio value: $99,039.83
Trade journal: all: 19 trades, 21% win rate, avg -2.19% | breakout: 1 trades, 0% win rate, avg -8.61% | other: 13 trades, 23% win rate, avg -1.93% | technical: 5 trades, 20% win rate, avg -1.58%
Self-learning: breakout: 1 trades, 0% win rate, avg -8.61% (LOSING) | other: 13 trades, 23% win rate, avg -1.93% (LOSING) | technical: 5 trades, 20% win rate, avg -1.58% (LOSING)
Performance: Total return +0.17% | Max drawdown 0.94% | Daily Sharpe 2.02 | 19 closed trades | Win rate 21% | Avg winner +1.83% | Avg loser -3.26% | Open positions: 4 | Equity $99,039.83
Engine P&L: legacy/unknown: realized $-1,705.68 (19 closed, 21% wins), unrealized $-64.86 (4 open) | Books: legacy: realized $-1,705.68, unrealized $-64.86
Reports: daily realized $+0.00; worst symbols none | weekly realized $-1,705.68; worst symbols HPE:-1286.89; COHR:-471.20; SNDK:-159.07; ANET:-45.31; NOW:-30.35
Shadow report: 2116 shadow candidate(s), 95 rejection group(s)
Timings: account: 0.0s | risk: 0.5s | decide: 2.8s | watchlist: 0.0s | perf: 0.0s

=== Run at 2026-08-22T15:44:26.906093 ===
Build fingerprint: 4f68550affe5
Current time: 2026-08-22 11:44 AM EDT | Market open (per Alpaca): False | Session: CLOSED
Account value: $99,039.83
Cash: $79,250.80 | Holdings (4): {'ERIE': '0.7641 sh (+2.23%)', 'GEHC': '0.6136 sh (+1.25%)', 'MS': '43.8344 sh (-3.06%)', 'MSI': '21.1281 sh (+2.28%)'}
Sector exposure (cached): Technology 10.2%, Financials 9.7%, Health Care 0.0%
Fill reconciliation: {'filled': 0, 'partial': 0, 'rejected': 1}
Open orders (2): ERIE sell 0.7641, MS sell 43.8344
Risk state: peak $99,703.60 | drawdown 0.67% | today -0.00% | halted: False
Market regime: NEUTRAL (position-size multiplier: 100% incl. circuit breaker 100%)
News: fetched 157, 1 new after dedup, 0 ticker(s) matched.
Quant pre-screen: 42/66 candidates passed.
Gemini proposed 2 trade(s) meeting the conviction bar.
Gemini calls used today (all models combined): 231
Market closed (overnight): queued 12 trade idea(s) for next-morning verification -- nothing submitted yet.
  -> queued SOLV buy (conf 89, stop 87.0, tp 94.0)
  -> queued COHR buy (conf 85, stop 105.5, tp 128.0)
  -> queued BSX buy (conf None, stop 49.01, tp 52.92)
  -> queued INTU buy (conf 82, stop 352.0, tp 390.0)
  -> queued NWS buy (conf 80, stop 32.26, tp 36.5)
  -> queued DRI buy (conf 85, stop 213.0, tp 229.46)
  -> queued DE buy (conf 85, stop 579.5, tp 685.0000000000001)
  -> queued FDX buy (conf None, stop 317.065, tp 341.42)
  -> queued CPRT buy (conf 80, stop 31.57, tp 36.05)
  -> queued DASH buy (conf 82, stop 210.0, tp 240.0)
  -> queued CVX buy (conf 82, stop 189.13, tp 214.65)
  -> queued MSI buy (conf None, stop 457.185, tp 486.25)
Dashboard watchlist synced (6 symbols) for news/headlines.
Ending portfolio value: $99,039.83
Trade journal: all: 19 trades, 21% win rate, avg -2.19% | breakout: 1 trades, 0% win rate, avg -8.61% | other: 13 trades, 23% win rate, avg -1.93% | technical: 5 trades, 20% win rate, avg -1.58%
Self-learning: breakout: 1 trades, 0% win rate, avg -8.61% (LOSING) | other: 13 trades, 23% win rate, avg -1.93% (LOSING) | technical: 5 trades, 20% win rate, avg -1.58% (LOSING)
Performance: Total return +0.17% | Max drawdown 0.94% | Daily Sharpe 2.02 | 19 closed trades | Win rate 21% | Avg winner +1.83% | Avg loser -3.26% | Open positions: 4 | Equity $99,039.83
Engine P&L: legacy/unknown: realized $-1,705.68 (19 closed, 21% wins), unrealized $-64.86 (4 open) | Books: legacy: realized $-1,705.68, unrealized $-64.86
Reports: daily realized $+0.00; worst symbols none | weekly realized $-1,705.68; worst symbols HPE:-1286.89; COHR:-471.20; SNDK:-159.07; ANET:-45.31; NOW:-30.35
Shadow report: 2116 shadow candidate(s), 95 rejection group(s)
Timings: account: 0.0s | risk: 0.8s | decide: 6.2s | watchlist: 0.1s | perf: 0.1s

=== Run at 2026-08-22T15:46:23.652223 ===
Build fingerprint: 4f68550affe5
Current time: 2026-08-22 11:46 AM EDT | Market open (per Alpaca): False | Session: CLOSED
Account value: $99,039.83
Cash: $79,250.80 | Holdings (4): {'ERIE': '0.7641 sh (+2.23%)', 'GEHC': '0.6136 sh (+1.25%)', 'MS': '43.8344 sh (-3.06%)', 'MSI': '21.1281 sh (+2.28%)'}
Sector exposure (cached): Technology 10.2%, Financials 9.7%, Health Care 0.0%
Fill reconciliation: {'filled': 0, 'partial': 0, 'rejected': 1}
Open orders (2): ERIE sell 0.7641, MS sell 43.8344
Risk state: peak $99,703.60 | drawdown 0.67% | today -0.00% | halted: False
Market regime: NEUTRAL (position-size multiplier: 100% incl. circuit breaker 100%)
News: fetched 157, 0 new after dedup, 0 ticker(s) matched.
Quant pre-screen: 42/66 candidates passed.
Gemini proposed 2 trade(s) meeting the conviction bar.
Gemini calls used today (all models combined): 232
Market closed (overnight): queued 12 trade idea(s) for next-morning verification -- nothing submitted yet.
  -> queued SOLV buy (conf 89, stop 87.0, tp 94.0)
  -> queued COHR buy (conf 85, stop 105.5, tp 128.0)
  -> queued BSX buy (conf None, stop 49.01, tp 52.92)
  -> queued INTU buy (conf 82, stop 352.0, tp 390.0)
  -> queued NWS buy (conf 80, stop 32.26, tp 36.5)
  -> queued DRI buy (conf 85, stop 213.0, tp 235.00000000000003)
  -> queued DE buy (conf 82, stop 579.5, tp 680.0)
  -> queued FDX buy (conf None, stop 317.065, tp 341.42)
  -> queued CPRT buy (conf 80, stop 31.57, tp 36.05)
  -> queued DASH buy (conf 82, stop 210.0, tp 240.0)
  -> queued CVX buy (conf 82, stop 189.13, tp 214.65)
  -> queued MSI buy (conf None, stop 457.185, tp 486.25)
Dashboard watchlist synced (6 symbols) for news/headlines.
Ending portfolio value: $99,039.83
Trade journal: all: 19 trades, 21% win rate, avg -2.19% | breakout: 1 trades, 0% win rate, avg -8.61% | other: 13 trades, 23% win rate, avg -1.93% | technical: 5 trades, 20% win rate, avg -1.58%
Self-learning: breakout: 1 trades, 0% win rate, avg -8.61% (LOSING) | other: 13 trades, 23% win rate, avg -1.93% (LOSING) | technical: 5 trades, 20% win rate, avg -1.58% (LOSING)
Performance: Total return +0.17% | Max drawdown 0.94% | Daily Sharpe 2.02 | 19 closed trades | Win rate 21% | Avg winner +1.83% | Avg loser -3.26% | Open positions: 4 | Equity $99,039.83
Engine P&L: legacy/unknown: realized $-1,705.68 (19 closed, 21% wins), unrealized $-64.86 (4 open) | Books: legacy: realized $-1,705.68, unrealized $-64.86
Reports: daily realized $+0.00; worst symbols none | weekly realized $-1,705.68; worst symbols HPE:-1286.89; COHR:-471.20; SNDK:-159.07; ANET:-45.31; NOW:-30.35
Shadow report: 2116 shadow candidate(s), 95 rejection group(s)
Timings: account: 0.0s | risk: 0.2s | decide: 3.0s | watchlist: 0.0s | perf: 0.0s

=== Run at 2026-08-22T15:48:23.420735 ===
Build fingerprint: 4f68550affe5
Current time: 2026-08-22 11:48 AM EDT | Market open (per Alpaca): False | Session: CLOSED
Account value: $99,039.83
Cash: $79,250.80 | Holdings (4): {'ERIE': '0.7641 sh (+2.23%)', 'GEHC': '0.6136 sh (+1.25%)', 'MS': '43.8344 sh (-3.06%)', 'MSI': '21.1281 sh (+2.28%)'}
Sector exposure (cached): Technology 10.2%, Financials 9.7%, Health Care 0.0%
Fill reconciliation: {'filled': 0, 'partial': 0, 'rejected': 1}
Open orders (2): ERIE sell 0.7641, MS sell 43.8344
Risk state: peak $99,703.60 | drawdown 0.67% | today -0.00% | halted: False
Market regime: NEUTRAL (position-size multiplier: 100% incl. circuit breaker 100%)
News: fetched 157, 0 new after dedup, 0 ticker(s) matched.
Quant pre-screen: 42/66 candidates passed.
Gemini proposed 2 trade(s) meeting the conviction bar.
Gemini calls used today (all models combined): 233
Market closed (overnight): queued 12 trade idea(s) for next-morning verification -- nothing submitted yet.
  -> queued SOLV buy (conf 89, stop 87.0, tp 94.0)
  -> queued COHR buy (conf 85, stop 105.5, tp 128.0)
  -> queued BSX buy (conf None, stop 49.01, tp 52.92)
  -> queued INTU buy (conf 82, stop 352.0, tp 390.0)
  -> queued NWS buy (conf 80, stop 32.26, tp 36.5)
  -> queued DRI buy (conf 80, stop 213.0, tp 235.0)
  -> queued DE buy (conf 85, stop 625.0, tp 680.0)
  -> queued FDX buy (conf None, stop 317.065, tp 341.42)
  -> queued CPRT buy (conf 80, stop 31.57, tp 36.05)
  -> queued DASH buy (conf 82, stop 210.0, tp 240.0)
  -> queued CVX buy (conf 82, stop 189.13, tp 214.65)
  -> queued MSI buy (conf None, stop 457.185, tp 486.25)
Dashboard watchlist synced (6 symbols) for news/headlines.
Ending portfolio value: $99,039.83
Trade journal: all: 19 trades, 21% win rate, avg -2.19% | breakout: 1 trades, 0% win rate, avg -8.61% | other: 13 trades, 23% win rate, avg -1.93% | technical: 5 trades, 20% win rate, avg -1.58%
Self-learning: breakout: 1 trades, 0% win rate, avg -8.61% (LOSING) | other: 13 trades, 23% win rate, avg -1.93% (LOSING) | technical: 5 trades, 20% win rate, avg -1.58% (LOSING)
Performance: Total return +0.17% | Max drawdown 0.94% | Daily Sharpe 2.02 | 19 closed trades | Win rate 21% | Avg winner +1.83% | Avg loser -3.26% | Open positions: 4 | Equity $99,039.83
Engine P&L: legacy/unknown: realized $-1,705.68 (19 closed, 21% wins), unrealized $-64.86 (4 open) | Books: legacy: realized $-1,705.68, unrealized $-64.86
Reports: daily realized $+0.00; worst symbols none | weekly realized $-1,705.68; worst symbols HPE:-1286.89; COHR:-471.20; SNDK:-159.07; ANET:-45.31; NOW:-30.35
Shadow report: 2116 shadow candidate(s), 95 rejection group(s)
Timings: account: 0.0s | risk: 0.2s | decide: 3.2s | watchlist: 0.0s | perf: 0.0s

=== Run at 2026-08-22T15:50:31.289431 ===
Build fingerprint: 4f68550affe5
Current time: 2026-08-22 11:50 AM EDT | Market open (per Alpaca): False | Session: CLOSED
Account value: $99,039.83
Cash: $79,250.80 | Holdings (4): {'ERIE': '0.7641 sh (+2.23%)', 'GEHC': '0.6136 sh (+1.25%)', 'MS': '43.8344 sh (-3.06%)', 'MSI': '21.1281 sh (+2.28%)'}
Sector exposure (cached): Technology 10.2%, Financials 9.7%, Health Care 0.0%
Fill reconciliation: {'filled': 0, 'partial': 0, 'rejected': 1}
Open orders (2): ERIE sell 0.7641, MS sell 43.8344
Risk state: peak $99,703.60 | drawdown 0.67% | today -0.00% | halted: False
Market regime: NEUTRAL (position-size multiplier: 100% incl. circuit breaker 100%)
News: fetched 157, 1 new after dedup, 0 ticker(s) matched.
Quant pre-screen: 42/66 candidates passed.
Gemini proposed 2 trade(s) meeting the conviction bar.
Gemini calls used today (all models combined): 234
Market closed (overnight): queued 12 trade idea(s) for next-morning verification -- nothing submitted yet.
  -> queued SOLV buy (conf 89, stop 87.0, tp 94.0)
  -> queued COHR buy (conf 85, stop 105.5, tp 128.0)
  -> queued BSX buy (conf None, stop 49.01, tp 52.92)
  -> queued INTU buy (conf 82, stop 352.0, tp 390.0)
  -> queued NWS buy (conf 80, stop 32.26, tp 36.5)
  -> queued DRI buy (conf 88, stop 213.0, tp 235.0)
  -> queued DE buy (conf 85, stop 625.0, tp 680.0)
  -> queued FDX buy (conf None, stop 317.065, tp 341.42)
  -> queued CPRT buy (conf 82, stop 32.5, tp 36.5)
  -> queued DASH buy (conf 82, stop 210.0, tp 240.0)
  -> queued CVX buy (conf 82, stop 189.13, tp 214.65)
  -> queued MSI buy (conf None, stop 457.185, tp 486.25)
Dashboard watchlist synced (6 symbols) for news/headlines.
Ending portfolio value: $99,039.83
Trade journal: all: 19 trades, 21% win rate, avg -2.19% | breakout: 1 trades, 0% win rate, avg -8.61% | other: 13 trades, 23% win rate, avg -1.93% | technical: 5 trades, 20% win rate, avg -1.58%
Self-learning: breakout: 1 trades, 0% win rate, avg -8.61% (LOSING) | other: 13 trades, 23% win rate, avg -1.93% (LOSING) | technical: 5 trades, 20% win rate, avg -1.58% (LOSING)
Performance: Total return +0.17% | Max drawdown 0.94% | Daily Sharpe 2.02 | 19 closed trades | Win rate 21% | Avg winner +1.83% | Avg loser -3.26% | Open positions: 4 | Equity $99,039.83
Engine P&L: legacy/unknown: realized $-1,705.68 (19 closed, 21% wins), unrealized $-64.86 (4 open) | Books: legacy: realized $-1,705.68, unrealized $-64.86
Reports: daily realized $+0.00; worst symbols none | weekly realized $-1,705.68; worst symbols HPE:-1286.89; COHR:-471.20; SNDK:-159.07; ANET:-45.31; NOW:-30.35
Shadow report: 2116 shadow candidate(s), 95 rejection group(s)
Timings: account: 0.0s | risk: 0.2s | decide: 3.1s | watchlist: 0.0s | perf: 0.0s

=== Run at 2026-08-22T15:52:24.907913 ===
Build fingerprint: 4f68550affe5
Current time: 2026-08-22 11:52 AM EDT | Market open (per Alpaca): False | Session: CLOSED
Account value: $99,039.83
Cash: $79,250.80 | Holdings (4): {'ERIE': '0.7641 sh (+2.23%)', 'GEHC': '0.6136 sh (+1.25%)', 'MS': '43.8344 sh (-3.06%)', 'MSI': '21.1281 sh (+2.28%)'}
Sector exposure (cached): Technology 10.2%, Financials 9.7%, Health Care 0.0%
Fill reconciliation: {'filled': 0, 'partial': 0, 'rejected': 1}
Open orders (2): ERIE sell 0.7641, MS sell 43.8344
Risk state: peak $99,703.60 | drawdown 0.67% | today -0.00% | halted: False
Market regime: NEUTRAL (position-size multiplier: 100% incl. circuit breaker 100%)
News: fetched 157, 1 new after dedup, 0 ticker(s) matched.
Quant pre-screen: 42/66 candidates passed.
Gemini proposed 2 trade(s) meeting the conviction bar.
Gemini calls used today (all models combined): 235
Market closed (overnight): queued 12 trade idea(s) for next-morning verification -- nothing submitted yet.
  -> queued SOLV buy (conf 89, stop 87.0, tp 94.0)
  -> queued COHR buy (conf 85, stop 105.5, tp 128.0)
  -> queued BSX buy (conf None, stop 49.01, tp 52.92)
  -> queued INTU buy (conf 82, stop 352.0, tp 390.0)
  -> queued NWS buy (conf 80, stop 32.26, tp 36.5)
  -> queued DRI buy (conf 82, stop 213.0, tp 232.0)
  -> queued DE buy (conf 85, stop 625.0, tp 670.0)
  -> queued FDX buy (conf None, stop 317.065, tp 341.42)
  -> queued CPRT buy (conf 82, stop 32.5, tp 36.5)
  -> queued DASH buy (conf 82, stop 210.0, tp 240.0)
  -> queued CVX buy (conf 82, stop 189.13, tp 214.65)
  -> queued MSI buy (conf None, stop 457.185, tp 486.25)
Dashboard watchlist synced (6 symbols) for news/headlines.
Ending portfolio value: $99,039.83
Trade journal: all: 19 trades, 21% win rate, avg -2.19% | breakout: 1 trades, 0% win rate, avg -8.61% | other: 13 trades, 23% win rate, avg -1.93% | technical: 5 trades, 20% win rate, avg -1.58%
Self-learning: breakout: 1 trades, 0% win rate, avg -8.61% (LOSING) | other: 13 trades, 23% win rate, avg -1.93% (LOSING) | technical: 5 trades, 20% win rate, avg -1.58% (LOSING)
Performance: Total return +0.17% | Max drawdown 0.94% | Daily Sharpe 2.02 | 19 closed trades | Win rate 21% | Avg winner +1.83% | Avg loser -3.26% | Open positions: 4 | Equity $99,039.83
Engine P&L: legacy/unknown: realized $-1,705.68 (19 closed, 21% wins), unrealized $-64.86 (4 open) | Books: legacy: realized $-1,705.68, unrealized $-64.86
Reports: daily realized $+0.00; worst symbols none | weekly realized $-1,705.68; worst symbols HPE:-1286.89; COHR:-471.20; SNDK:-159.07; ANET:-45.31; NOW:-30.35
Shadow report: 2116 shadow candidate(s), 95 rejection group(s)
Timings: account: 0.0s | risk: 1.1s | decide: 7.1s | watchlist: 0.1s | perf: 0.1s

=== Run at 2026-08-22T15:54:24.379377 ===
Build fingerprint: 4f68550affe5
Current time: 2026-08-22 11:54 AM EDT | Market open (per Alpaca): False | Session: CLOSED
Account value: $99,039.83
Cash: $79,250.80 | Holdings (4): {'ERIE': '0.7641 sh (+2.23%)', 'GEHC': '0.6136 sh (+1.25%)', 'MS': '43.8344 sh (-3.06%)', 'MSI': '21.1281 sh (+2.28%)'}
Sector exposure (cached): Technology 10.2%, Financials 9.7%, Health Care 0.0%
Fill reconciliation: {'filled': 0, 'partial': 0, 'rejected': 1}
Open orders (2): ERIE sell 0.7641, MS sell 43.8344
Risk state: peak $99,703.60 | drawdown 0.67% | today -0.00% | halted: False
Market regime: NEUTRAL (position-size multiplier: 100% incl. circuit breaker 100%)
News: fetched 157, 0 new after dedup, 0 ticker(s) matched.
Quant pre-screen: 42/66 candidates passed.
Gemini proposed 3 trade(s) meeting the conviction bar.
Gemini calls used today (all models combined): 236
Market closed (overnight): queued 12 trade idea(s) for next-morning verification -- nothing submitted yet.
  -> queued SOLV buy (conf 89, stop 87.0, tp 94.0)
  -> queued COHR buy (conf 85, stop 105.5, tp 128.0)
  -> queued BSX buy (conf None, stop 49.01, tp 52.92)
  -> queued INTU buy (conf 82, stop 352.0, tp 390.0)
  -> queued NWS buy (conf 80, stop 32.26, tp 36.5)
  -> queued DRI buy (conf 88, stop 213.0, tp 229.46)
  -> queued DE buy (conf 85, stop 579.5, tp 673.87)
  -> queued FDX buy (conf None, stop 317.065, tp 341.42)
  -> queued CPRT buy (conf 82, stop 32.5, tp 36.5)
  -> queued DASH buy (conf 82, stop 206.73, tp 225.9)
  -> queued CVX buy (conf 82, stop 189.13, tp 214.65)
  -> queued MSI buy (conf None, stop 457.185, tp 486.25)
Dashboard watchlist synced (7 symbols) for news/headlines.
Ending portfolio value: $99,039.83
Trade journal: all: 19 trades, 21% win rate, avg -2.19% | breakout: 1 trades, 0% win rate, avg -8.61% | other: 13 trades, 23% win rate, avg -1.93% | technical: 5 trades, 20% win rate, avg -1.58%
Self-learning: breakout: 1 trades, 0% win rate, avg -8.61% (LOSING) | other: 13 trades, 23% win rate, avg -1.93% (LOSING) | technical: 5 trades, 20% win rate, avg -1.58% (LOSING)
Performance: Total return +0.17% | Max drawdown 0.94% | Daily Sharpe 2.02 | 19 closed trades | Win rate 21% | Avg winner +1.83% | Avg loser -3.26% | Open positions: 4 | Equity $99,039.83
Engine P&L: legacy/unknown: realized $-1,705.68 (19 closed, 21% wins), unrealized $-64.86 (4 open) | Books: legacy: realized $-1,705.68, unrealized $-64.86
Reports: daily realized $+0.00; worst symbols none | weekly realized $-1,705.68; worst symbols HPE:-1286.89; COHR:-471.20; SNDK:-159.07; ANET:-45.31; NOW:-30.35
Shadow report: 2116 shadow candidate(s), 95 rejection group(s)
Timings: account: 0.0s | risk: 1.1s | decide: 7.2s | watchlist: 0.1s | perf: 0.1s

=== Run at 2026-08-22T15:56:28.374059 ===
Build fingerprint: 4f68550affe5
Current time: 2026-08-22 11:56 AM EDT | Market open (per Alpaca): False | Session: CLOSED
Account value: $99,039.83
Cash: $79,250.80 | Holdings (4): {'ERIE': '0.7641 sh (+2.23%)', 'GEHC': '0.6136 sh (+1.25%)', 'MS': '43.8344 sh (-3.06%)', 'MSI': '21.1281 sh (+2.28%)'}
Sector exposure (cached): Technology 10.2%, Financials 9.7%, Health Care 0.0%
Fill reconciliation: {'filled': 0, 'partial': 0, 'rejected': 1}
Open orders (2): ERIE sell 0.7641, MS sell 43.8344
Risk state: peak $99,703.60 | drawdown 0.67% | today -0.00% | halted: False
Market regime: NEUTRAL (position-size multiplier: 100% incl. circuit breaker 100%)
News: fetched 157, 0 new after dedup, 0 ticker(s) matched.
Quant pre-screen: 42/66 candidates passed.
Gemini proposed 2 trade(s) meeting the conviction bar.
Gemini calls used today (all models combined): 237
Market closed (overnight): queued 12 trade idea(s) for next-morning verification -- nothing submitted yet.
  -> queued SOLV buy (conf 89, stop 87.0, tp 94.0)
  -> queued COHR buy (conf 85, stop 105.5, tp 128.0)
  -> queued BSX buy (conf None, stop 49.01, tp 52.92)
  -> queued INTU buy (conf 82, stop 352.0, tp 390.0)
  -> queued NWS buy (conf 80, stop 32.26, tp 36.5)
  -> queued DRI buy (conf 88, stop 213.0, tp 235.00000000000003)
  -> queued DE buy (conf 85, stop 579.5, tp 680.0)
  -> queued FDX buy (conf None, stop 317.065, tp 341.42)
  -> queued CPRT buy (conf 82, stop 32.5, tp 36.5)
  -> queued DASH buy (conf 82, stop 206.73, tp 225.9)
  -> queued CVX buy (conf 82, stop 189.13, tp 214.65)
  -> queued MSI buy (conf None, stop 457.185, tp 486.25)
Dashboard watchlist synced (6 symbols) for news/headlines.
Ending portfolio value: $99,039.83
Trade journal: all: 19 trades, 21% win rate, avg -2.19% | breakout: 1 trades, 0% win rate, avg -8.61% | other: 13 trades, 23% win rate, avg -1.93% | technical: 5 trades, 20% win rate, avg -1.58%
Self-learning: breakout: 1 trades, 0% win rate, avg -8.61% (LOSING) | other: 13 trades, 23% win rate, avg -1.93% (LOSING) | technical: 5 trades, 20% win rate, avg -1.58% (LOSING)
Performance: Total return +0.17% | Max drawdown 0.94% | Daily Sharpe 2.02 | 19 closed trades | Win rate 21% | Avg winner +1.83% | Avg loser -3.26% | Open positions: 4 | Equity $99,039.83
Engine P&L: legacy/unknown: realized $-1,705.68 (19 closed, 21% wins), unrealized $-64.86 (4 open) | Books: legacy: realized $-1,705.68, unrealized $-64.86
Reports: daily realized $+0.00; worst symbols none | weekly realized $-1,705.68; worst symbols HPE:-1286.89; COHR:-471.20; SNDK:-159.07; ANET:-45.31; NOW:-30.35
Shadow report: 2116 shadow candidate(s), 95 rejection group(s)
Timings: account: 0.0s | risk: 1.4s | decide: 7.4s | watchlist: 0.1s | perf: 0.1s

=== Run at 2026-08-22T15:58:28.326747 ===
Build fingerprint: 4f68550affe5
Current time: 2026-08-22 11:58 AM EDT | Market open (per Alpaca): False | Session: CLOSED
Account value: $99,039.83
Cash: $79,250.80 | Holdings (4): {'ERIE': '0.7641 sh (+2.23%)', 'GEHC': '0.6136 sh (+1.25%)', 'MS': '43.8344 sh (-3.06%)', 'MSI': '21.1281 sh (+2.28%)'}
Sector exposure (cached): Technology 10.2%, Financials 9.7%, Health Care 0.0%
Fill reconciliation: {'filled': 0, 'partial': 0, 'rejected': 1}
Open orders (2): ERIE sell 0.7641, MS sell 43.8344
Risk state: peak $99,703.60 | drawdown 0.67% | today -0.00% | halted: False
Market regime: NEUTRAL (position-size multiplier: 100% incl. circuit breaker 100%)
News: fetched 157, 0 new after dedup, 0 ticker(s) matched.
Quant pre-screen: 42/66 candidates passed.
Technical fallback (Gemini throttled/unavailable) proposed 8 trade(s) meeting the conviction bar.
Technical fallback cap omitted 19 weaker idea(s) this run.
Gemini calls used today (all models combined): 237
Market closed (overnight): queued 12 trade idea(s) for next-morning verification -- nothing submitted yet.
  -> queued SOLV buy (conf 89, stop 87.0, tp 94.0)
  -> queued COHR buy (conf 85, stop 105.5, tp 128.0)
  -> queued BSX buy (conf None, stop 49.01, tp 52.92)
  -> queued INTU buy (conf 82, stop 352.0, tp 390.0)
  -> queued CPRT buy (conf 82, stop 32.5, tp 36.5)
  -> queued NWS buy (conf 80, stop 32.26, tp 36.5)
  -> queued DRI buy (conf None, stop 212.995, tp 229.46)
  -> queued DE buy (conf None, stop 579.5, tp 654.135)
  -> queued FDX buy (conf None, stop 317.065, tp 341.42)
  -> queued DASH buy (conf None, stop 206.73, tp 225.9)
  -> queued CVX buy (conf None, stop 189.13, tp 208.91)
  -> queued MSI buy (conf None, stop 457.185, tp 486.25)
Dashboard watchlist synced (11 symbols) for news/headlines.
Ending portfolio value: $99,039.83
Trade journal: all: 19 trades, 21% win rate, avg -2.19% | breakout: 1 trades, 0% win rate, avg -8.61% | other: 13 trades, 23% win rate, avg -1.93% | technical: 5 trades, 20% win rate, avg -1.58%
Self-learning: breakout: 1 trades, 0% win rate, avg -8.61% (LOSING) | other: 13 trades, 23% win rate, avg -1.93% (LOSING) | technical: 5 trades, 20% win rate, avg -1.58% (LOSING)
Performance: Total return +0.17% | Max drawdown 0.94% | Daily Sharpe 2.02 | 19 closed trades | Win rate 21% | Avg winner +1.83% | Avg loser -3.26% | Open positions: 4 | Equity $99,039.83
Engine P&L: legacy/unknown: realized $-1,705.68 (19 closed, 21% wins), unrealized $-64.86 (4 open) | Books: legacy: realized $-1,705.68, unrealized $-64.86
Reports: daily realized $+0.00; worst symbols none | weekly realized $-1,705.68; worst symbols HPE:-1286.89; COHR:-471.20; SNDK:-159.07; ANET:-45.31; NOW:-30.35
Shadow report: 2116 shadow candidate(s), 95 rejection group(s)
Timings: account: 0.0s | risk: 0.2s | decide: 22.2s | watchlist: 0.0s | perf: 0.0s

=== Run at 2026-08-22T16:00:31.605676 ===
Build fingerprint: 4f68550affe5
Current time: 2026-08-22 12:00 PM EDT | Market open (per Alpaca): False | Session: CLOSED
Account value: $99,039.83
Cash: $79,250.80 | Holdings (4): {'ERIE': '0.7641 sh (+2.23%)', 'GEHC': '0.6136 sh (+1.25%)', 'MS': '43.8344 sh (-3.06%)', 'MSI': '21.1281 sh (+2.28%)'}
Sector exposure (cached): Technology 10.2%, Financials 9.7%, Health Care 0.0%
Fill reconciliation: {'filled': 0, 'partial': 0, 'rejected': 1}
Open orders (2): ERIE sell 0.7641, MS sell 43.8344
Risk state: peak $99,703.60 | drawdown 0.67% | today -0.00% | halted: False
Market regime: NEUTRAL (position-size multiplier: 100% incl. circuit breaker 100%)
News: fetched 157, 1 new after dedup, 0 ticker(s) matched.
Quant pre-screen: 11/18 candidates passed.
Gemini proposed 2 trade(s) meeting the conviction bar.
Gemini calls used today (all models combined): 238
Market closed (overnight): queued 12 trade idea(s) for next-morning verification -- nothing submitted yet.
  -> queued SOLV buy (conf 89, stop 87.0, tp 94.0)
  -> queued COHR buy (conf 85, stop 105.5, tp 128.0)
  -> queued BSX buy (conf None, stop 49.01, tp 52.92)
  -> queued INTU buy (conf 82, stop 352.0, tp 390.0)
  -> queued CPRT buy (conf 82, stop 32.5, tp 36.5)
  -> queued NWS buy (conf 80, stop 32.26, tp 36.5)
  -> queued DRI buy (conf 80, stop 213.0, tp 229.46)
  -> queued DE buy (conf 85, stop 625.0, tp 670.0)
  -> queued FDX buy (conf None, stop 317.065, tp 341.42)
  -> queued DASH buy (conf None, stop 206.73, tp 225.9)
  -> queued CVX buy (conf None, stop 189.13, tp 208.91)
  -> queued MSI buy (conf None, stop 457.185, tp 486.25)
Dashboard watchlist synced (6 symbols) for news/headlines.
Ending portfolio value: $99,039.83
Trade journal: all: 19 trades, 21% win rate, avg -2.19% | breakout: 1 trades, 0% win rate, avg -8.61% | other: 13 trades, 23% win rate, avg -1.93% | technical: 5 trades, 20% win rate, avg -1.58%
Self-learning: breakout: 1 trades, 0% win rate, avg -8.61% (LOSING) | other: 13 trades, 23% win rate, avg -1.93% (LOSING) | technical: 5 trades, 20% win rate, avg -1.58% (LOSING)
Performance: Total return +0.17% | Max drawdown 0.94% | Daily Sharpe 2.02 | 19 closed trades | Win rate 21% | Avg winner +1.83% | Avg loser -3.26% | Open positions: 4 | Equity $99,039.83
Engine P&L: legacy/unknown: realized $-1,705.68 (19 closed, 21% wins), unrealized $-64.86 (4 open) | Books: legacy: realized $-1,705.68, unrealized $-64.86
Reports: daily realized $+0.00; worst symbols none | weekly realized $-1,705.68; worst symbols HPE:-1286.89; COHR:-471.20; SNDK:-159.07; ANET:-45.31; NOW:-30.35
Shadow report: 2116 shadow candidate(s), 95 rejection group(s)
Timings: account: 0.0s | risk: 1.5s | decide: 11.3s | watchlist: 0.1s | perf: 0.1s

=== Run at 2026-08-22T16:02:25.489768 ===
Build fingerprint: 4f68550affe5
Current time: 2026-08-22 12:02 PM EDT | Market open (per Alpaca): False | Session: CLOSED
Account value: $99,039.83
Cash: $79,250.80 | Holdings (4): {'ERIE': '0.7641 sh (+2.23%)', 'GEHC': '0.6136 sh (+1.25%)', 'MS': '43.8344 sh (-3.06%)', 'MSI': '21.1281 sh (+2.28%)'}
Sector exposure (cached): Technology 10.2%, Financials 9.7%, Health Care 0.0%
Fill reconciliation: {'filled': 0, 'partial': 0, 'rejected': 1}
Open orders (2): ERIE sell 0.7641, MS sell 43.8344
Risk state: peak $99,703.60 | drawdown 0.67% | today -0.00% | halted: False
Market regime: NEUTRAL (position-size multiplier: 100% incl. circuit breaker 100%)
News: fetched 157, 2 new after dedup, 0 ticker(s) matched.
Quant pre-screen: 17/30 candidates passed.
Gemini proposed 3 trade(s) meeting the conviction bar.
Gemini calls used today (all models combined): 239
Market closed (overnight): queued 12 trade idea(s) for next-morning verification -- nothing submitted yet.
  -> queued SOLV buy (conf 89, stop 87.0, tp 94.0)
  -> queued COHR buy (conf 85, stop 105.5, tp 128.0)
  -> queued BSX buy (conf None, stop 49.01, tp 52.92)
  -> queued INTU buy (conf 82, stop 352.0, tp 390.0)
  -> queued CPRT buy (conf 82, stop 32.5, tp 36.5)
  -> queued NWS buy (conf 80, stop 32.26, tp 36.5)
  -> queued DRI buy (conf 85, stop 213.0, tp 229.46)
  -> queued DE buy (conf 80, stop 579.5, tp 673.87)
  -> queued FDX buy (conf None, stop 317.065, tp 341.42)
  -> queued DASH buy (conf None, stop 206.73, tp 225.9)
  -> queued CVX buy (conf 82, stop 189.13, tp 214.65)
  -> queued MSI buy (conf None, stop 457.185, tp 486.25)
Dashboard watchlist synced (7 symbols) for news/headlines.
Ending portfolio value: $99,039.83
Trade journal: all: 19 trades, 21% win rate, avg -2.19% | breakout: 1 trades, 0% win rate, avg -8.61% | other: 13 trades, 23% win rate, avg -1.93% | technical: 5 trades, 20% win rate, avg -1.58%
Self-learning: breakout: 1 trades, 0% win rate, avg -8.61% (LOSING) | other: 13 trades, 23% win rate, avg -1.93% (LOSING) | technical: 5 trades, 20% win rate, avg -1.58% (LOSING)
Performance: Total return +0.17% | Max drawdown 0.94% | Daily Sharpe 2.02 | 19 closed trades | Win rate 21% | Avg winner +1.83% | Avg loser -3.26% | Open positions: 4 | Equity $99,039.83
Engine P&L: legacy/unknown: realized $-1,705.68 (19 closed, 21% wins), unrealized $-64.86 (4 open) | Books: legacy: realized $-1,705.68, unrealized $-64.86
Reports: daily realized $+0.00; worst symbols none | weekly realized $-1,705.68; worst symbols HPE:-1286.89; COHR:-471.20; SNDK:-159.07; ANET:-45.31; NOW:-30.35
Shadow report: 2116 shadow candidate(s), 95 rejection group(s)
Timings: account: 0.0s | risk: 1.0s | decide: 10.6s | watchlist: 0.1s | perf: 0.1s

=== Run at 2026-08-22T16:04:27.359930 ===
Build fingerprint: 4f68550affe5
Current time: 2026-08-22 12:04 PM EDT | Market open (per Alpaca): False | Session: CLOSED
Account value: $99,039.83
Cash: $79,250.80 | Holdings (4): {'ERIE': '0.7641 sh (+2.23%)', 'GEHC': '0.6136 sh (+1.25%)', 'MS': '43.8344 sh (-3.06%)', 'MSI': '21.1281 sh (+2.28%)'}
Sector exposure (cached): Technology 10.2%, Financials 9.7%, Health Care 0.0%
Fill reconciliation: {'filled': 0, 'partial': 0, 'rejected': 1}
Open orders (2): ERIE sell 0.7641, MS sell 43.8344
Risk state: peak $99,703.60 | drawdown 0.67% | today -0.00% | halted: False
Market regime: NEUTRAL (position-size multiplier: 100% incl. circuit breaker 100%)
News: fetched 157, 0 new after dedup, 0 ticker(s) matched.
Quant pre-screen: 26/42 candidates passed.
Gemini proposed 1 trade(s) meeting the conviction bar.
Gemini calls used today (all models combined): 240
Market closed (overnight): queued 12 trade idea(s) for next-morning verification -- nothing submitted yet.
  -> queued SOLV buy (conf 89, stop 87.0, tp 94.0)
  -> queued COHR buy (conf 85, stop 105.5, tp 128.0)
  -> queued BSX buy (conf None, stop 49.01, tp 52.92)
  -> queued INTU buy (conf 82, stop 352.0, tp 390.0)
  -> queued CPRT buy (conf 82, stop 32.5, tp 36.5)
  -> queued NWS buy (conf 80, stop 32.26, tp 36.5)
  -> queued DRI buy (conf 85, stop 213.0, tp 229.46)
  -> queued DE buy (conf 80, stop 579.5, tp 673.87)
  -> queued FDX buy (conf None, stop 317.065, tp 341.42)
  -> queued DASH buy (conf None, stop 206.73, tp 225.9)
  -> queued CVX buy (conf 82, stop 189.13, tp 214.65)
  -> queued MSI buy (conf None, stop 457.185, tp 486.25)
Dashboard watchlist synced (5 symbols) for news/headlines.
Ending portfolio value: $99,039.83
Trade journal: all: 19 trades, 21% win rate, avg -2.19% | breakout: 1 trades, 0% win rate, avg -8.61% | other: 13 trades, 23% win rate, avg -1.93% | technical: 5 trades, 20% win rate, avg -1.58%
Self-learning: breakout: 1 trades, 0% win rate, avg -8.61% (LOSING) | other: 13 trades, 23% win rate, avg -1.93% (LOSING) | technical: 5 trades, 20% win rate, avg -1.58% (LOSING)
Performance: Total return +0.17% | Max drawdown 0.94% | Daily Sharpe 2.02 | 19 closed trades | Win rate 21% | Avg winner +1.83% | Avg loser -3.26% | Open positions: 4 | Equity $99,039.83
Engine P&L: legacy/unknown: realized $-1,705.68 (19 closed, 21% wins), unrealized $-64.86 (4 open) | Books: legacy: realized $-1,705.68, unrealized $-64.86
Reports: daily realized $+0.00; worst symbols none | weekly realized $-1,705.68; worst symbols HPE:-1286.89; COHR:-471.20; SNDK:-159.07; ANET:-45.31; NOW:-30.35
Shadow report: 2116 shadow candidate(s), 95 rejection group(s)
Timings: account: 0.0s | risk: 1.2s | decide: 10.1s | watchlist: 0.1s | perf: 0.2s

=== Run at 2026-08-22T16:06:27.248446 ===
Build fingerprint: 4f68550affe5
Current time: 2026-08-22 12:06 PM EDT | Market open (per Alpaca): False | Session: CLOSED
Account value: $99,039.83
Cash: $79,250.80 | Holdings (4): {'ERIE': '0.7641 sh (+2.23%)', 'GEHC': '0.6136 sh (+1.25%)', 'MS': '43.8344 sh (-3.06%)', 'MSI': '21.1281 sh (+2.28%)'}
Sector exposure (cached): Technology 10.2%, Financials 9.7%, Health Care 0.0%
Fill reconciliation: {'filled': 0, 'partial': 0, 'rejected': 1}
Open orders (2): ERIE sell 0.7641, MS sell 43.8344
Risk state: peak $99,703.60 | drawdown 0.67% | today -0.00% | halted: False
Market regime: NEUTRAL (position-size multiplier: 100% incl. circuit breaker 100%)
News: fetched 157, 0 new after dedup, 0 ticker(s) matched.
Quant pre-screen: 32/54 candidates passed.
Gemini proposed 3 trade(s) meeting the conviction bar.
Gemini calls used today (all models combined): 241
Market closed (overnight): queued 12 trade idea(s) for next-morning verification -- nothing submitted yet.
  -> queued SOLV buy (conf 89, stop 87.0, tp 94.0)
  -> queued COHR buy (conf 85, stop 105.5, tp 128.0)
  -> queued BSX buy (conf None, stop 49.01, tp 52.92)
  -> queued INTU buy (conf 82, stop 352.0, tp 390.0)
  -> queued CPRT buy (conf 82, stop 32.5, tp 36.5)
  -> queued NWS buy (conf 80, stop 32.26, tp 36.5)
  -> queued DRI buy (conf 85, stop 213.0, tp 229.46)
  -> queued DE buy (conf 88, stop 579.5, tp 673.8700000000001)
  -> queued FDX buy (conf None, stop 317.065, tp 341.42)
  -> queued DASH buy (conf None, stop 206.73, tp 225.9)
  -> queued CVX buy (conf 82, stop 189.13, tp 214.65)
  -> queued MSI buy (conf None, stop 457.185, tp 486.25)
Dashboard watchlist synced (7 symbols) for news/headlines.
Ending portfolio value: $99,039.83
Trade journal: all: 19 trades, 21% win rate, avg -2.19% | breakout: 1 trades, 0% win rate, avg -8.61% | other: 13 trades, 23% win rate, avg -1.93% | technical: 5 trades, 20% win rate, avg -1.58%
Self-learning: breakout: 1 trades, 0% win rate, avg -8.61% (LOSING) | other: 13 trades, 23% win rate, avg -1.93% (LOSING) | technical: 5 trades, 20% win rate, avg -1.58% (LOSING)
Performance: Total return +0.17% | Max drawdown 0.94% | Daily Sharpe 2.02 | 19 closed trades | Win rate 21% | Avg winner +1.83% | Avg loser -3.26% | Open positions: 4 | Equity $99,039.83
Engine P&L: legacy/unknown: realized $-1,705.68 (19 closed, 21% wins), unrealized $-64.86 (4 open) | Books: legacy: realized $-1,705.68, unrealized $-64.86
Reports: daily realized $+0.00; worst symbols none | weekly realized $-1,705.68; worst symbols HPE:-1286.89; COHR:-471.20; SNDK:-159.07; ANET:-45.31; NOW:-30.35
Shadow report: 2116 shadow candidate(s), 95 rejection group(s)
Timings: account: 0.0s | risk: 1.0s | decide: 10.8s | watchlist: 0.1s | perf: 0.1s

=== Run at 2026-08-22T16:08:28.164799 ===
Build fingerprint: 4f68550affe5
Current time: 2026-08-22 12:08 PM EDT | Market open (per Alpaca): False | Session: CLOSED
Account value: $99,039.83
Cash: $79,250.80 | Holdings (4): {'ERIE': '0.7641 sh (+2.23%)', 'GEHC': '0.6136 sh (+1.25%)', 'MS': '43.8344 sh (-3.06%)', 'MSI': '21.1281 sh (+2.28%)'}
Sector exposure (cached): Technology 10.2%, Financials 9.7%, Health Care 0.0%
Fill reconciliation: {'filled': 0, 'partial': 0, 'rejected': 1}
Open orders (2): ERIE sell 0.7641, MS sell 43.8344
Risk state: peak $99,703.60 | drawdown 0.67% | today -0.00% | halted: False
Market regime: NEUTRAL (position-size multiplier: 100% incl. circuit breaker 100%)
News: fetched 157, 0 new after dedup, 0 ticker(s) matched.
Quant pre-screen: 41/66 candidates passed.
Gemini proposed 3 trade(s) meeting the conviction bar.
Gemini calls used today (all models combined): 242
Market closed (overnight): queued 12 trade idea(s) for next-morning verification -- nothing submitted yet.
  -> queued SOLV buy (conf 89, stop 87.0, tp 94.0)
  -> queued COHR buy (conf 85, stop 105.5, tp 128.0)
  -> queued BSX buy (conf None, stop 49.01, tp 52.92)
  -> queued INTU buy (conf 82, stop 352.0, tp 390.0)
  -> queued CPRT buy (conf 82, stop 32.5, tp 36.5)
  -> queued NWS buy (conf 80, stop 32.26, tp 36.5)
  -> queued DRI buy (conf 90, stop 213.0, tp 235.0)
  -> queued DE buy (conf 88, stop 579.5, tp 670.0)
  -> queued FDX buy (conf None, stop 317.065, tp 341.42)
  -> queued DASH buy (conf None, stop 206.73, tp 225.9)
  -> queued CVX buy (conf 85, stop 189.13, tp 214.65)
  -> queued MSI buy (conf None, stop 457.185, tp 486.25)
Dashboard watchlist synced (7 symbols) for news/headlines.
Ending portfolio value: $99,039.83
Trade journal: all: 19 trades, 21% win rate, avg -2.19% | breakout: 1 trades, 0% win rate, avg -8.61% | other: 13 trades, 23% win rate, avg -1.93% | technical: 5 trades, 20% win rate, avg -1.58%
Self-learning: breakout: 1 trades, 0% win rate, avg -8.61% (LOSING) | other: 13 trades, 23% win rate, avg -1.93% (LOSING) | technical: 5 trades, 20% win rate, avg -1.58% (LOSING)
Performance: Total return +0.17% | Max drawdown 0.94% | Daily Sharpe 2.02 | 19 closed trades | Win rate 21% | Avg winner +1.83% | Avg loser -3.26% | Open positions: 4 | Equity $99,039.83
Engine P&L: legacy/unknown: realized $-1,705.68 (19 closed, 21% wins), unrealized $-64.86 (4 open) | Books: legacy: realized $-1,705.68, unrealized $-64.86
Reports: daily realized $+0.00; worst symbols none | weekly realized $-1,705.68; worst symbols HPE:-1286.89; COHR:-471.20; SNDK:-159.07; ANET:-45.31; NOW:-30.35
Shadow report: 2116 shadow candidate(s), 95 rejection group(s)
Timings: account: 0.0s | risk: 1.2s | decide: 10.8s | watchlist: 0.1s | perf: 0.2s

=== Run at 2026-08-22T16:10:26.364632 ===
Build fingerprint: 4f68550affe5
Current time: 2026-08-22 12:10 PM EDT | Market open (per Alpaca): False | Session: CLOSED
Account value: $99,039.83
Cash: $79,250.80 | Holdings (4): {'ERIE': '0.7641 sh (+2.23%)', 'GEHC': '0.6136 sh (+1.25%)', 'MS': '43.8344 sh (-3.06%)', 'MSI': '21.1281 sh (+2.28%)'}
Sector exposure (cached): Technology 10.2%, Financials 9.7%, Health Care 0.0%
Fill reconciliation: {'filled': 0, 'partial': 0, 'rejected': 1}
Open orders (2): ERIE sell 0.7641, MS sell 43.8344
Risk state: peak $99,703.60 | drawdown 0.67% | today -0.00% | halted: False
Market regime: NEUTRAL (position-size multiplier: 100% incl. circuit breaker 100%)
News: fetched 157, 0 new after dedup, 0 ticker(s) matched.
Quant pre-screen: 41/66 candidates passed.
Gemini proposed 2 trade(s) meeting the conviction bar.
Gemini calls used today (all models combined): 243
Market closed (overnight): queued 12 trade idea(s) for next-morning verification -- nothing submitted yet.
  -> queued SOLV buy (conf 89, stop 87.0, tp 94.0)
  -> queued COHR buy (conf 85, stop 105.5, tp 128.0)
  -> queued BSX buy (conf None, stop 49.01, tp 52.92)
  -> queued INTU buy (conf 82, stop 352.0, tp 390.0)
  -> queued CPRT buy (conf 82, stop 32.5, tp 36.5)
  -> queued NWS buy (conf 80, stop 32.26, tp 36.5)
  -> queued DRI buy (conf 90, stop 213.0, tp 229.46)
  -> queued DE buy (conf 88, stop 579.5, tp 673.87)
  -> queued FDX buy (conf None, stop 317.065, tp 341.42)
  -> queued DASH buy (conf None, stop 206.73, tp 225.9)
  -> queued CVX buy (conf 85, stop 189.13, tp 214.65)
  -> queued MSI buy (conf None, stop 457.185, tp 486.25)
Dashboard watchlist synced (6 symbols) for news/headlines.
Ending portfolio value: $99,039.83
Trade journal: all: 19 trades, 21% win rate, avg -2.19% | breakout: 1 trades, 0% win rate, avg -8.61% | other: 13 trades, 23% win rate, avg -1.93% | technical: 5 trades, 20% win rate, avg -1.58%
Self-learning: breakout: 1 trades, 0% win rate, avg -8.61% (LOSING) | other: 13 trades, 23% win rate, avg -1.93% (LOSING) | technical: 5 trades, 20% win rate, avg -1.58% (LOSING)
Performance: Total return +0.17% | Max drawdown 0.94% | Daily Sharpe 2.02 | 19 closed trades | Win rate 21% | Avg winner +1.83% | Avg loser -3.26% | Open positions: 4 | Equity $99,039.83
Engine P&L: legacy/unknown: realized $-1,705.68 (19 closed, 21% wins), unrealized $-64.86 (4 open) | Books: legacy: realized $-1,705.68, unrealized $-64.86
Reports: daily realized $+0.00; worst symbols none | weekly realized $-1,705.68; worst symbols HPE:-1286.89; COHR:-471.20; SNDK:-159.07; ANET:-45.31; NOW:-30.35
Shadow report: 2116 shadow candidate(s), 95 rejection group(s)
Timings: account: 0.0s | risk: 0.8s | decide: 5.7s | watchlist: 0.1s | perf: 0.1s

=== Run at 2026-08-22T16:13:03.779961 ===
Build fingerprint: 4f68550affe5
Current time: 2026-08-22 12:13 PM EDT | Market open (per Alpaca): False | Session: CLOSED
=== Run at 2026-08-22T16:12:23.595975 ===
Build fingerprint: 4f68550affe5
Current time: 2026-08-22 12:12 PM EDT | Market open (per Alpaca): False | Session: CLOSED
Account value: $99,039.83
Cash: $79,250.80 | Holdings (4): {'ERIE': '0.7641 sh (+2.23%)', 'GEHC': '0.6136 sh (+1.25%)', 'MS': '43.8344 sh (-3.06%)', 'MSI': '21.1281 sh (+2.28%)'}
Sector exposure (cached): Technology 10.2%, Financials 9.7%, Health Care 0.0%
Fill reconciliation: {'filled': 0, 'partial': 0, 'rejected': 1}
Open orders (2): ERIE sell 0.7641, MS sell 43.8344
Risk state: peak $99,703.60 | drawdown 0.67% | today -0.00% | halted: False
Market regime: NEUTRAL (position-size multiplier: 100% incl. circuit breaker 100%)
News: fetched 157, 2 new after dedup, 0 ticker(s) matched.
Quant pre-screen: 41/66 candidates passed.
Gemini proposed 2 trade(s) meeting the conviction bar.
Gemini proposed 3 trade(s) meeting the conviction bar.
Gemini calls used today (all models combined): 244
Market closed (overnight): queued 12 trade idea(s) for next-morning verification -- nothing submitted yet.
  -> queued SOLV buy (conf 89, stop 87.0, tp 94.0)
  -> queued COHR buy (conf 85, stop 105.5, tp 128.0)
  -> queued BSX buy (conf None, stop 49.01, tp 52.92)
  -> queued INTU buy (conf 82, stop 352.0, tp 390.0)
  -> queued CPRT buy (conf 82, stop 32.5, tp 36.5)
  -> queued NWS buy (conf 80, stop 32.26, tp 36.5)
  -> queued DRI buy (conf 88, stop 213.0, tp 235.00000000000003)
  -> queued DE buy (conf 85, stop 625.0, tp 680.0)
  -> queued FDX buy (conf None, stop 317.065, tp 341.42)
  -> queued DASH buy (conf None, stop 206.73, tp 225.9)
  -> queued CVX buy (conf 85, stop 189.13, tp 214.65)
  -> queued MSI buy (conf None, stop 457.185, tp 486.25)
Dashboard watchlist synced (6 symbols) for news/headlines.
  -> queued DRI buy (conf 85, stop 213.0, tp 229.46)
  -> queued DE buy (conf 82, stop 579.5, tp 673.87)
  -> queued FDX buy (conf None, stop 317.065, tp 341.42)
  -> queued DASH buy (conf None, stop 206.73, tp 225.9)
  -> queued CVX buy (conf 80, stop 189.13, tp 214.65)
  -> queued MSI buy (conf None, stop 457.185, tp 486.25)
Dashboard watchlist synced (7 symbols) for news/headlines.
Ending portfolio value: $99,039.83
Trade journal: all: 19 trades, 21% win rate, avg -2.19% | breakout: 1 trades, 0% win rate, avg -8.61% | other: 13 trades, 23% win rate, avg -1.93% | technical: 5 trades, 20% win rate, avg -1.58%
Self-learning: breakout: 1 trades, 0% win rate, avg -8.61% (LOSING) | other: 13 trades, 23% win rate, avg -1.93% (LOSING) | technical: 5 trades, 20% win rate, avg -1.58% (LOSING)
Performance: Total return +0.17% | Max drawdown 0.94% | Daily Sharpe 2.02 | 19 closed trades | Win rate 21% | Avg winner +1.83% | Avg loser -3.26% | Open positions: 4 | Equity $99,039.83
Engine P&L: legacy/unknown: realized $-1,705.68 (19 closed, 21% wins), unrealized $-64.86 (4 open) | Books: legacy: realized $-1,705.68, unrealized $-64.86
Reports: daily realized $+0.00; worst symbols none | weekly realized $-1,705.68; worst symbols HPE:-1286.89; COHR:-471.20; SNDK:-159.07; ANET:-45.31; NOW:-30.35
Shadow report: 2116 shadow candidate(s), 95 rejection group(s)
Timings: account: 0.0s | risk: 1.3s | decide: 7.8s | watchlist: 0.1s | perf: 0.2s
Timings: account: 0.0s | risk: 1.0s | decide: 9.2s | watchlist: 0.1s | perf: 0.3s

=== Run at 2026-08-22T16:14:29.715710 ===
Build fingerprint: 4f68550affe5
Current time: 2026-08-22 12:14 PM EDT | Market open (per Alpaca): False | Session: CLOSED
Account value: $99,039.83
Cash: $79,250.80 | Holdings (4): {'ERIE': '0.7641 sh (+2.23%)', 'GEHC': '0.6136 sh (+1.25%)', 'MS': '43.8344 sh (-3.06%)', 'MSI': '21.1281 sh (+2.28%)'}
Sector exposure (cached): Technology 10.2%, Financials 9.7%, Health Care 0.0%
Fill reconciliation: {'filled': 0, 'partial': 0, 'rejected': 1}
Open orders (2): ERIE sell 0.7641, MS sell 43.8344
Risk state: peak $99,703.60 | drawdown 0.67% | today -0.00% | halted: False
Market regime: NEUTRAL (position-size multiplier: 100% incl. circuit breaker 100%)
News: fetched 157, 0 new after dedup, 0 ticker(s) matched.
Quant pre-screen: 41/66 candidates passed.
Gemini proposed 2 trade(s) meeting the conviction bar.
Gemini calls used today (all models combined): 245
Market closed (overnight): queued 12 trade idea(s) for next-morning verification -- nothing submitted yet.
  -> queued SOLV buy (conf 89, stop 87.0, tp 94.0)
  -> queued COHR buy (conf 85, stop 105.5, tp 128.0)
  -> queued BSX buy (conf None, stop 49.01, tp 52.92)
  -> queued INTU buy (conf 82, stop 352.0, tp 390.0)
  -> queued CPRT buy (conf 82, stop 32.5, tp 36.5)
  -> queued NWS buy (conf 80, stop 32.26, tp 36.5)
  -> queued DRI buy (conf 85, stop 213.0, tp 229.46)
  -> queued DE buy (conf 82, stop 628.12, tp 673.87)
  -> queued FDX buy (conf None, stop 317.065, tp 341.42)
  -> queued DASH buy (conf None, stop 206.73, tp 225.9)
  -> queued CVX buy (conf 85, stop 189.13, tp 214.65)
  -> queued MSI buy (conf None, stop 457.185, tp 486.25)
Dashboard watchlist synced (6 symbols) for news/headlines.
Ending portfolio value: $99,039.83
Trade journal: all: 19 trades, 21% win rate, avg -2.19% | breakout: 1 trades, 0% win rate, avg -8.61% | other: 13 trades, 23% win rate, avg -1.93% | technical: 5 trades, 20% win rate, avg -1.58%
Self-learning: breakout: 1 trades, 0% win rate, avg -8.61% (LOSING) | other: 13 trades, 23% win rate, avg -1.93% (LOSING) | technical: 5 trades, 20% win rate, avg -1.58% (LOSING)
Performance: Total return +0.17% | Max drawdown 0.94% | Daily Sharpe 2.02 | 19 closed trades | Win rate 21% | Avg winner +1.83% | Avg loser -3.26% | Open positions: 4 | Equity $99,039.83
Engine P&L: legacy/unknown: realized $-1,705.68 (19 closed, 21% wins), unrealized $-64.86 (4 open) | Books: legacy: realized $-1,705.68, unrealized $-64.86
Reports: daily realized $+0.00; worst symbols none | weekly realized $-1,705.68; worst symbols HPE:-1286.89; COHR:-471.20; SNDK:-159.07; ANET:-45.31; NOW:-30.35
Shadow report: 2116 shadow candidate(s), 95 rejection group(s)
Timings: account: 0.0s | risk: 0.7s | decide: 5.4s | watchlist: 0.1s | perf: 0.3s

=== Run at 2026-08-22T16:16:28.523446 ===
Build fingerprint: 4f68550affe5
Current time: 2026-08-22 12:16 PM EDT | Market open (per Alpaca): False | Session: CLOSED
Account value: $99,039.83
Cash: $79,250.80 | Holdings (4): {'ERIE': '0.7641 sh (+2.23%)', 'GEHC': '0.6136 sh (+1.25%)', 'MS': '43.8344 sh (-3.06%)', 'MSI': '21.1281 sh (+2.28%)'}
Sector exposure (cached): Technology 10.2%, Financials 9.7%, Health Care 0.0%
Fill reconciliation: {'filled': 0, 'partial': 0, 'rejected': 1}
Open orders (2): ERIE sell 0.7641, MS sell 43.8344
Risk state: peak $99,703.60 | drawdown 0.67% | today -0.00% | halted: False
Market regime: NEUTRAL (position-size multiplier: 100% incl. circuit breaker 100%)
News: fetched 157, 2 new after dedup, 0 ticker(s) matched.
Quant pre-screen: 41/66 candidates passed.
Gemini proposed 3 trade(s) meeting the conviction bar.
Gemini calls used today (all models combined): 246
Market closed (overnight): queued 12 trade idea(s) for next-morning verification -- nothing submitted yet.
  -> queued SOLV buy (conf 89, stop 87.0, tp 94.0)
  -> queued COHR buy (conf 85, stop 105.5, tp 128.0)
  -> queued BSX buy (conf None, stop 49.01, tp 52.92)
  -> queued INTU buy (conf 82, stop 352.0, tp 390.0)
  -> queued CPRT buy (conf 82, stop 32.5, tp 36.5)
  -> queued NWS buy (conf 80, stop 32.26, tp 36.5)
  -> queued DRI buy (conf 85, stop 213.0, tp 229.46)
  -> queued DE buy (conf 88, stop 625.0, tp 673.87)
  -> queued FDX buy (conf None, stop 317.065, tp 341.42)
  -> queued DASH buy (conf 82, stop 206.73, tp 225.9)
  -> queued CVX buy (conf 85, stop 189.13, tp 214.65)
  -> queued MSI buy (conf None, stop 457.185, tp 486.25)
Dashboard watchlist synced (7 symbols) for news/headlines.
Ending portfolio value: $99,039.83
Trade journal: all: 19 trades, 21% win rate, avg -2.19% | breakout: 1 trades, 0% win rate, avg -8.61% | other: 13 trades, 23% win rate, avg -1.93% | technical: 5 trades, 20% win rate, avg -1.58%
Self-learning: breakout: 1 trades, 0% win rate, avg -8.61% (LOSING) | other: 13 trades, 23% win rate, avg -1.93% (LOSING) | technical: 5 trades, 20% win rate, avg -1.58% (LOSING)
Performance: Total return +0.17% | Max drawdown 0.94% | Daily Sharpe 2.02 | 19 closed trades | Win rate 21% | Avg winner +1.83% | Avg loser -3.26% | Open positions: 4 | Equity $99,039.83
Engine P&L: legacy/unknown: realized $-1,705.68 (19 closed, 21% wins), unrealized $-64.86 (4 open) | Books: legacy: realized $-1,705.68, unrealized $-64.86
Reports: daily realized $+0.00; worst symbols none | weekly realized $-1,705.68; worst symbols HPE:-1286.89; COHR:-471.20; SNDK:-159.07; ANET:-45.31; NOW:-30.35
Shadow report: 2116 shadow candidate(s), 95 rejection group(s)
Timings: account: 0.0s | risk: 1.2s | decide: 7.2s | watchlist: 0.1s | perf: 0.2s

=== Run at 2026-08-22T16:18:26.517018 ===
Build fingerprint: 4f68550affe5
Current time: 2026-08-22 12:18 PM EDT | Market open (per Alpaca): False | Session: CLOSED
Account value: $99,039.83
Cash: $79,250.80 | Holdings (4): {'ERIE': '0.7641 sh (+2.23%)', 'GEHC': '0.6136 sh (+1.25%)', 'MS': '43.8344 sh (-3.06%)', 'MSI': '21.1281 sh (+2.28%)'}
Sector exposure (cached): Technology 10.2%, Financials 9.7%, Health Care 0.0%
Fill reconciliation: {'filled': 0, 'partial': 0, 'rejected': 1}
Open orders (2): ERIE sell 0.7641, MS sell 43.8344
Risk state: peak $99,703.60 | drawdown 0.67% | today -0.00% | halted: False
Market regime: NEUTRAL (position-size multiplier: 100% incl. circuit breaker 100%)
News: fetched 157, 0 new after dedup, 0 ticker(s) matched.
Quant pre-screen: 41/66 candidates passed.
Gemini proposed 2 trade(s) meeting the conviction bar.
Gemini calls used today (all models combined): 247
Market closed (overnight): queued 12 trade idea(s) for next-morning verification -- nothing submitted yet.
  -> queued SOLV buy (conf 89, stop 87.0, tp 94.0)
  -> queued COHR buy (conf 85, stop 105.5, tp 128.0)
  -> queued BSX buy (conf None, stop 49.01, tp 52.92)
  -> queued INTU buy (conf 82, stop 352.0, tp 390.0)
  -> queued CPRT buy (conf 82, stop 32.5, tp 36.5)
  -> queued NWS buy (conf 80, stop 32.26, tp 36.5)
  -> queued DRI buy (conf 88, stop 213.0, tp 229.46)
  -> queued DE buy (conf 85, stop 579.5, tp 673.87)
  -> queued FDX buy (conf None, stop 317.065, tp 341.42)
  -> queued DASH buy (conf 82, stop 206.73, tp 225.9)
  -> queued CVX buy (conf 85, stop 189.13, tp 214.65)
  -> queued MSI buy (conf None, stop 457.185, tp 486.25)
Dashboard watchlist synced (6 symbols) for news/headlines.
Ending portfolio value: $99,039.83
Trade journal: all: 19 trades, 21% win rate, avg -2.19% | breakout: 1 trades, 0% win rate, avg -8.61% | other: 13 trades, 23% win rate, avg -1.93% | technical: 5 trades, 20% win rate, avg -1.58%
Self-learning: breakout: 1 trades, 0% win rate, avg -8.61% (LOSING) | other: 13 trades, 23% win rate, avg -1.93% (LOSING) | technical: 5 trades, 20% win rate, avg -1.58% (LOSING)
Performance: Total return +0.17% | Max drawdown 0.94% | Daily Sharpe 2.02 | 19 closed trades | Win rate 21% | Avg winner +1.83% | Avg loser -3.26% | Open positions: 4 | Equity $99,039.83
Engine P&L: legacy/unknown: realized $-1,705.68 (19 closed, 21% wins), unrealized $-64.86 (4 open) | Books: legacy: realized $-1,705.68, unrealized $-64.86
Reports: daily realized $+0.00; worst symbols none | weekly realized $-1,705.68; worst symbols HPE:-1286.89; COHR:-471.20; SNDK:-159.07; ANET:-45.31; NOW:-30.35
Shadow report: 2116 shadow candidate(s), 95 rejection group(s)
Timings: account: 0.0s | risk: 0.4s | decide: 3.9s | watchlist: 0.1s | perf: 0.1s

=== Run at 2026-08-22T16:20:36.557595 ===
Build fingerprint: 4f68550affe5
Current time: 2026-08-22 12:20 PM EDT | Market open (per Alpaca): False | Session: CLOSED
Account value: $99,039.83
Cash: $79,250.80 | Holdings (4): {'ERIE': '0.7641 sh (+2.23%)', 'GEHC': '0.6136 sh (+1.25%)', 'MS': '43.8344 sh (-3.06%)', 'MSI': '21.1281 sh (+2.28%)'}
Sector exposure (cached): Technology 10.2%, Financials 9.7%, Health Care 0.0%
Fill reconciliation: {'filled': 0, 'partial': 0, 'rejected': 1}
Open orders (2): ERIE sell 0.7641, MS sell 43.8344
Risk state: peak $99,703.60 | drawdown 0.67% | today -0.00% | halted: False
Market regime: NEUTRAL (position-size multiplier: 100% incl. circuit breaker 100%)
News: fetched 157, 0 new after dedup, 0 ticker(s) matched.
Quant pre-screen: 41/66 candidates passed.
Gemini proposed 2 trade(s) meeting the conviction bar.
Gemini calls used today (all models combined): 248
Market closed (overnight): queued 12 trade idea(s) for next-morning verification -- nothing submitted yet.
  -> queued SOLV buy (conf 89, stop 87.0, tp 94.0)
  -> queued COHR buy (conf 85, stop 105.5, tp 128.0)
  -> queued BSX buy (conf None, stop 49.01, tp 52.92)
  -> queued INTU buy (conf 82, stop 352.0, tp 390.0)
  -> queued CPRT buy (conf 82, stop 32.5, tp 36.5)
  -> queued NWS buy (conf 80, stop 32.26, tp 36.5)
  -> queued DRI buy (conf 85, stop 213.0, tp 229.46)
  -> queued DE buy (conf 84, stop 579.5, tp 673.87)
  -> queued FDX buy (conf None, stop 317.065, tp 341.42)
  -> queued DASH buy (conf 82, stop 206.73, tp 225.9)
  -> queued CVX buy (conf 85, stop 189.13, tp 214.65)
  -> queued MSI buy (conf None, stop 457.185, tp 486.25)
Dashboard watchlist synced (6 symbols) for news/headlines.
Ending portfolio value: $99,039.83
Trade journal: all: 19 trades, 21% win rate, avg -2.19% | breakout: 1 trades, 0% win rate, avg -8.61% | other: 13 trades, 23% win rate, avg -1.93% | technical: 5 trades, 20% win rate, avg -1.58%
Self-learning: breakout: 1 trades, 0% win rate, avg -8.61% (LOSING) | other: 13 trades, 23% win rate, avg -1.93% (LOSING) | technical: 5 trades, 20% win rate, avg -1.58% (LOSING)
Performance: Total return +0.17% | Max drawdown 0.94% | Daily Sharpe 2.02 | 19 closed trades | Win rate 21% | Avg winner +1.83% | Avg loser -3.26% | Open positions: 4 | Equity $99,039.83
Engine P&L: legacy/unknown: realized $-1,705.68 (19 closed, 21% wins), unrealized $-64.86 (4 open) | Books: legacy: realized $-1,705.68, unrealized $-64.86
Reports: daily realized $+0.00; worst symbols none | weekly realized $-1,705.68; worst symbols HPE:-1286.89; COHR:-471.20; SNDK:-159.07; ANET:-45.31; NOW:-30.35
Shadow report: 2116 shadow candidate(s), 95 rejection group(s)
Timings: account: 0.0s | risk: 0.8s | decide: 5.8s | watchlist: 0.1s | perf: 0.1s

=== Run at 2026-08-22T16:22:25.097751 ===
Build fingerprint: 4f68550affe5
Current time: 2026-08-22 12:22 PM EDT | Market open (per Alpaca): False | Session: CLOSED
Account value: $99,039.83
Cash: $79,250.80 | Holdings (4): {'ERIE': '0.7641 sh (+2.23%)', 'GEHC': '0.6136 sh (+1.25%)', 'MS': '43.8344 sh (-3.06%)', 'MSI': '21.1281 sh (+2.28%)'}
Sector exposure (cached): Technology 10.2%, Financials 9.7%, Health Care 0.0%
Fill reconciliation: {'filled': 0, 'partial': 0, 'rejected': 1}
Open orders (2): ERIE sell 0.7641, MS sell 43.8344
Risk state: peak $99,703.60 | drawdown 0.67% | today -0.00% | halted: False
Market regime: NEUTRAL (position-size multiplier: 100% incl. circuit breaker 100%)
News: fetched 157, 0 new after dedup, 0 ticker(s) matched.
Quant pre-screen: 41/66 candidates passed.
Gemini proposed 3 trade(s) meeting the conviction bar.
Gemini calls used today (all models combined): 249
Market closed (overnight): queued 12 trade idea(s) for next-morning verification -- nothing submitted yet.
  -> queued SOLV buy (conf 89, stop 87.0, tp 94.0)
  -> queued COHR buy (conf 85, stop 105.5, tp 128.0)
  -> queued BSX buy (conf None, stop 49.01, tp 52.92)
  -> queued INTU buy (conf 82, stop 352.0, tp 390.0)
  -> queued CPRT buy (conf 82, stop 32.5, tp 36.5)
  -> queued NWS buy (conf 80, stop 32.26, tp 36.5)
  -> queued DRI buy (conf 85, stop 213.0, tp 229.46)
  -> queued DE buy (conf 84, stop 579.5, tp 673.87)
  -> queued FDX buy (conf None, stop 317.065, tp 341.42)
  -> queued DASH buy (conf 80, stop 210.0, tp 240.0)
  -> queued CVX buy (conf 82, stop 195.0, tp 214.65)
  -> queued MSI buy (conf None, stop 457.185, tp 486.25)
Dashboard watchlist synced (7 symbols) for news/headlines.
Ending portfolio value: $99,039.83
Trade journal: all: 19 trades, 21% win rate, avg -2.19% | breakout: 1 trades, 0% win rate, avg -8.61% | other: 13 trades, 23% win rate, avg -1.93% | technical: 5 trades, 20% win rate, avg -1.58%
Self-learning: breakout: 1 trades, 0% win rate, avg -8.61% (LOSING) | other: 13 trades, 23% win rate, avg -1.93% (LOSING) | technical: 5 trades, 20% win rate, avg -1.58% (LOSING)
Performance: Total return +0.17% | Max drawdown 0.94% | Daily Sharpe 2.02 | 19 closed trades | Win rate 21% | Avg winner +1.83% | Avg loser -3.26% | Open positions: 4 | Equity $99,039.83
Engine P&L: legacy/unknown: realized $-1,705.68 (19 closed, 21% wins), unrealized $-64.86 (4 open) | Books: legacy: realized $-1,705.68, unrealized $-64.86
Reports: daily realized $+0.00; worst symbols none | weekly realized $-1,705.68; worst symbols HPE:-1286.89; COHR:-471.20; SNDK:-159.07; ANET:-45.31; NOW:-30.35
Shadow report: 2116 shadow candidate(s), 95 rejection group(s)
Timings: account: 0.0s | risk: 1.1s | decide: 5.4s | watchlist: 0.1s | perf: 0.1s

=== Run at 2026-08-22T16:24:27.372543 ===
Build fingerprint: 4f68550affe5
Current time: 2026-08-22 12:24 PM EDT | Market open (per Alpaca): False | Session: CLOSED
Account value: $99,039.83
Cash: $79,250.80 | Holdings (4): {'ERIE': '0.7641 sh (+2.23%)', 'GEHC': '0.6136 sh (+1.25%)', 'MS': '43.8344 sh (-3.06%)', 'MSI': '21.1281 sh (+2.28%)'}
Sector exposure (cached): Technology 10.2%, Financials 9.7%, Health Care 0.0%
Fill reconciliation: {'filled': 0, 'partial': 0, 'rejected': 1}
Open orders (2): ERIE sell 0.7641, MS sell 43.8344
Risk state: peak $99,703.60 | drawdown 0.67% | today -0.00% | halted: False
Market regime: NEUTRAL (position-size multiplier: 100% incl. circuit breaker 100%)
News: fetched 157, 1 new after dedup, 1 ticker(s) matched.
Quant pre-screen: 36/54 candidates passed.
Gemini proposed 3 trade(s) meeting the conviction bar.
Gemini calls used today (all models combined): 250
Market closed (overnight): queued 12 trade idea(s) for next-morning verification -- nothing submitted yet.
  -> queued SOLV buy (conf 89, stop 87.0, tp 94.0)
  -> queued DE buy (conf 88, stop 625.0, tp 685.0)
  -> queued COHR buy (conf 85, stop 105.5, tp 128.0)
  -> queued BSX buy (conf None, stop 49.01, tp 52.92)
  -> queued DRI buy (conf 85, stop 213.0, tp 235.0)
  -> queued INTU buy (conf 82, stop 352.0, tp 390.0)
  -> queued CPRT buy (conf 82, stop 32.5, tp 36.5)
  -> queued CVX buy (conf 82, stop 195.0, tp 214.65)
  -> queued EXE buy (conf 82, stop 92.66, tp 102.0)
  -> queued NWS buy (conf 80, stop 32.26, tp 36.5)
  -> queued DASH buy (conf 80, stop 210.0, tp 240.0)
  -> queued FDX buy (conf None, stop 317.065, tp 341.42)
Dashboard watchlist synced (8 symbols) for news/headlines.
Ending portfolio value: $99,039.83
Trade journal: all: 19 trades, 21% win rate, avg -2.19% | breakout: 1 trades, 0% win rate, avg -8.61% | other: 13 trades, 23% win rate, avg -1.93% | technical: 5 trades, 20% win rate, avg -1.58%
Self-learning: breakout: 1 trades, 0% win rate, avg -8.61% (LOSING) | other: 13 trades, 23% win rate, avg -1.93% (LOSING) | technical: 5 trades, 20% win rate, avg -1.58% (LOSING)
Performance: Total return +0.17% | Max drawdown 0.94% | Daily Sharpe 2.02 | 19 closed trades | Win rate 21% | Avg winner +1.83% | Avg loser -3.26% | Open positions: 4 | Equity $99,039.83
Engine P&L: legacy/unknown: realized $-1,705.68 (19 closed, 21% wins), unrealized $-64.86 (4 open) | Books: legacy: realized $-1,705.68, unrealized $-64.86
Reports: daily realized $+0.00; worst symbols none | weekly realized $-1,705.68; worst symbols HPE:-1286.89; COHR:-471.20; SNDK:-159.07; ANET:-45.31; NOW:-30.35
Shadow report: 2116 shadow candidate(s), 95 rejection group(s)
Timings: account: 0.0s | risk: 1.1s | decide: 12.0s | watchlist: 0.1s | perf: 0.1s

=== Run at 2026-08-22T16:26:24.199625 ===
Build fingerprint: 4f68550affe5
Current time: 2026-08-22 12:26 PM EDT | Market open (per Alpaca): False | Session: CLOSED
Account value: $99,039.83
Cash: $79,250.80 | Holdings (4): {'ERIE': '0.7641 sh (+2.23%)', 'GEHC': '0.6136 sh (+1.25%)', 'MS': '43.8344 sh (-3.06%)', 'MSI': '21.1281 sh (+2.28%)'}
Sector exposure (cached): Technology 10.2%, Financials 9.7%, Health Care 0.0%
Fill reconciliation: {'filled': 0, 'partial': 0, 'rejected': 1}
Open orders (2): ERIE sell 0.7641, MS sell 43.8344
Risk state: peak $99,703.60 | drawdown 0.67% | today -0.00% | halted: False
Market regime: NEUTRAL (position-size multiplier: 100% incl. circuit breaker 100%)
News: fetched 157, 0 new after dedup, 0 ticker(s) matched.
Quant pre-screen: 41/66 candidates passed.
Gemini proposed 3 trade(s) meeting the conviction bar.
Gemini calls used today (all models combined): 251
Market closed (overnight): queued 12 trade idea(s) for next-morning verification -- nothing submitted yet.
  -> queued SOLV buy (conf 89, stop 87.0, tp 94.0)
  -> queued DE buy (conf 90, stop 579.5, tp 673.87)
  -> queued COHR buy (conf 85, stop 105.5, tp 128.0)
  -> queued BSX buy (conf None, stop 49.01, tp 52.92)
  -> queued DRI buy (conf 92, stop 213.0, tp 235.0)
  -> queued INTU buy (conf 82, stop 352.0, tp 390.0)
  -> queued CPRT buy (conf 82, stop 32.5, tp 36.5)
  -> queued CVX buy (conf 88, stop 189.13, tp 214.65)
  -> queued EXE buy (conf 82, stop 92.66, tp 102.0)
  -> queued NWS buy (conf 80, stop 32.26, tp 36.5)
  -> queued DASH buy (conf 80, stop 210.0, tp 240.0)
  -> queued FDX buy (conf None, stop 317.065, tp 341.42)
Dashboard watchlist synced (7 symbols) for news/headlines.
Ending portfolio value: $99,039.83
Trade journal: all: 19 trades, 21% win rate, avg -2.19% | breakout: 1 trades, 0% win rate, avg -8.61% | other: 13 trades, 23% win rate, avg -1.93% | technical: 5 trades, 20% win rate, avg -1.58%
Self-learning: breakout: 1 trades, 0% win rate, avg -8.61% (LOSING) | other: 13 trades, 23% win rate, avg -1.93% (LOSING) | technical: 5 trades, 20% win rate, avg -1.58% (LOSING)
Performance: Total return +0.17% | Max drawdown 0.94% | Daily Sharpe 2.02 | 19 closed trades | Win rate 21% | Avg winner +1.83% | Avg loser -3.26% | Open positions: 4 | Equity $99,039.83
Engine P&L: legacy/unknown: realized $-1,705.68 (19 closed, 21% wins), unrealized $-64.86 (4 open) | Books: legacy: realized $-1,705.68, unrealized $-64.86
Reports: daily realized $+0.00; worst symbols none | weekly realized $-1,705.68; worst symbols HPE:-1286.89; COHR:-471.20; SNDK:-159.07; ANET:-45.31; NOW:-30.35
Shadow report: 2116 shadow candidate(s), 95 rejection group(s)
Timings: account: 0.0s | risk: 0.2s | decide: 2.9s | watchlist: 0.0s | perf: 0.0s

=== Run at 2026-08-22T16:28:28.625059 ===
Build fingerprint: 4f68550affe5
Current time: 2026-08-22 12:28 PM EDT | Market open (per Alpaca): False | Session: CLOSED
Account value: $99,039.83
Cash: $79,250.80 | Holdings (4): {'ERIE': '0.7641 sh (+2.23%)', 'GEHC': '0.6136 sh (+1.25%)', 'MS': '43.8344 sh (-3.06%)', 'MSI': '21.1281 sh (+2.28%)'}
Sector exposure (cached): Technology 10.2%, Financials 9.7%, Health Care 0.0%
Fill reconciliation: {'filled': 0, 'partial': 0, 'rejected': 1}
Open orders (2): ERIE sell 0.7641, MS sell 43.8344
Risk state: peak $99,703.60 | drawdown 0.67% | today -0.00% | halted: False
Market regime: NEUTRAL (position-size multiplier: 100% incl. circuit breaker 100%)
News: fetched 157, 0 new after dedup, 0 ticker(s) matched.
Quant pre-screen: 41/66 candidates passed.
Gemini proposed 2 trade(s) meeting the conviction bar.
Gemini calls used today (all models combined): 252
Market closed (overnight): queued 12 trade idea(s) for next-morning verification -- nothing submitted yet.
  -> queued SOLV buy (conf 89, stop 87.0, tp 94.0)
  -> queued DE buy (conf 85, stop 625.0, tp 680.0)
  -> queued COHR buy (conf 85, stop 105.5, tp 128.0)
  -> queued BSX buy (conf None, stop 49.01, tp 52.92)
  -> queued DRI buy (conf 80, stop 213.0, tp 235.0)
  -> queued INTU buy (conf 82, stop 352.0, tp 390.0)
  -> queued CPRT buy (conf 82, stop 32.5, tp 36.5)
  -> queued CVX buy (conf 88, stop 189.13, tp 214.65)
  -> queued EXE buy (conf 82, stop 92.66, tp 102.0)
  -> queued NWS buy (conf 80, stop 32.26, tp 36.5)
  -> queued DASH buy (conf 80, stop 210.0, tp 240.0)
  -> queued FDX buy (conf None, stop 317.065, tp 341.42)
Dashboard watchlist synced (6 symbols) for news/headlines.
Ending portfolio value: $99,039.83
Trade journal: all: 19 trades, 21% win rate, avg -2.19% | breakout: 1 trades, 0% win rate, avg -8.61% | other: 13 trades, 23% win rate, avg -1.93% | technical: 5 trades, 20% win rate, avg -1.58%
Self-learning: breakout: 1 trades, 0% win rate, avg -8.61% (LOSING) | other: 13 trades, 23% win rate, avg -1.93% (LOSING) | technical: 5 trades, 20% win rate, avg -1.58% (LOSING)
Performance: Total return +0.17% | Max drawdown 0.94% | Daily Sharpe 2.02 | 19 closed trades | Win rate 21% | Avg winner +1.83% | Avg loser -3.26% | Open positions: 4 | Equity $99,039.83
Engine P&L: legacy/unknown: realized $-1,705.68 (19 closed, 21% wins), unrealized $-64.86 (4 open) | Books: legacy: realized $-1,705.68, unrealized $-64.86
Reports: daily realized $+0.00; worst symbols none | weekly realized $-1,705.68; worst symbols HPE:-1286.89; COHR:-471.20; SNDK:-159.07; ANET:-45.31; NOW:-30.35
Shadow report: 2116 shadow candidate(s), 95 rejection group(s)
Timings: account: 0.0s | risk: 0.8s | decide: 5.0s | watchlist: 0.1s | perf: 0.1s

=== Run at 2026-08-22T16:30:31.064139 ===
Build fingerprint: 4f68550affe5
Current time: 2026-08-22 12:30 PM EDT | Market open (per Alpaca): False | Session: CLOSED
Account value: $99,039.83
Cash: $79,250.80 | Holdings (4): {'ERIE': '0.7641 sh (+2.23%)', 'GEHC': '0.6136 sh (+1.25%)', 'MS': '43.8344 sh (-3.06%)', 'MSI': '21.1281 sh (+2.28%)'}
Sector exposure (cached): Technology 10.2%, Financials 9.7%, Health Care 0.0%
Fill reconciliation: {'filled': 0, 'partial': 0, 'rejected': 1}
Open orders (2): ERIE sell 0.7641, MS sell 43.8344
Risk state: peak $99,703.60 | drawdown 0.67% | today -0.00% | halted: False
Market regime: NEUTRAL (position-size multiplier: 100% incl. circuit breaker 100%)
News: fetched 157, 2 new after dedup, 0 ticker(s) matched.
Quant pre-screen: 41/66 candidates passed.
Gemini proposed 3 trade(s) meeting the conviction bar.
Gemini calls used today (all models combined): 253
Market closed (overnight): queued 12 trade idea(s) for next-morning verification -- nothing submitted yet.
  -> queued SOLV buy (conf 89, stop 87.0, tp 94.0)
  -> queued DE buy (conf 82, stop 579.5, tp 673.87)
  -> queued COHR buy (conf 85, stop 105.5, tp 128.0)
  -> queued BSX buy (conf None, stop 49.01, tp 52.92)
  -> queued DRI buy (conf 85, stop 213.0, tp 232.5)
  -> queued INTU buy (conf 82, stop 352.0, tp 390.0)
  -> queued CPRT buy (conf 82, stop 32.5, tp 36.5)
  -> queued CVX buy (conf 88, stop 189.13, tp 214.65)
  -> queued EXE buy (conf 82, stop 92.66, tp 102.0)
  -> queued NWS buy (conf 80, stop 32.26, tp 36.5)
  -> queued DASH buy (conf 80, stop 206.73, tp 235.0)
  -> queued FDX buy (conf None, stop 317.065, tp 341.42)
Dashboard watchlist synced (7 symbols) for news/headlines.
Ending portfolio value: $99,039.83
Trade journal: all: 19 trades, 21% win rate, avg -2.19% | breakout: 1 trades, 0% win rate, avg -8.61% | other: 13 trades, 23% win rate, avg -1.93% | technical: 5 trades, 20% win rate, avg -1.58%
Self-learning: breakout: 1 trades, 0% win rate, avg -8.61% (LOSING) | other: 13 trades, 23% win rate, avg -1.93% (LOSING) | technical: 5 trades, 20% win rate, avg -1.58% (LOSING)
Performance: Total return +0.17% | Max drawdown 0.94% | Daily Sharpe 2.02 | 19 closed trades | Win rate 21% | Avg winner +1.83% | Avg loser -3.26% | Open positions: 4 | Equity $99,039.83
Engine P&L: legacy/unknown: realized $-1,705.68 (19 closed, 21% wins), unrealized $-64.86 (4 open) | Books: legacy: realized $-1,705.68, unrealized $-64.86
Reports: daily realized $+0.00; worst symbols none | weekly realized $-1,705.68; worst symbols HPE:-1286.89; COHR:-471.20; SNDK:-159.07; ANET:-45.31; NOW:-30.35
Shadow report: 2116 shadow candidate(s), 95 rejection group(s)
Timings: account: 0.0s | risk: 3.6s | decide: 3.0s | watchlist: 0.0s | perf: 0.0s

=== Run at 2026-08-22T16:32:23.470966 ===
Build fingerprint: 4f68550affe5
Current time: 2026-08-22 12:32 PM EDT | Market open (per Alpaca): False | Session: CLOSED
Account value: $99,039.83
Cash: $79,250.80 | Holdings (4): {'ERIE': '0.7641 sh (+2.23%)', 'GEHC': '0.6136 sh (+1.25%)', 'MS': '43.8344 sh (-3.06%)', 'MSI': '21.1281 sh (+2.28%)'}
Sector exposure (cached): Technology 10.2%, Financials 9.7%, Health Care 0.0%
Fill reconciliation: {'filled': 0, 'partial': 0, 'rejected': 1}
Open orders (2): ERIE sell 0.7641, MS sell 43.8344
Risk state: peak $99,703.60 | drawdown 0.67% | today -0.00% | halted: False
Market regime: NEUTRAL (position-size multiplier: 100% incl. circuit breaker 100%)
News: fetched 157, 0 new after dedup, 0 ticker(s) matched.
Quant pre-screen: 41/66 candidates passed.
Gemini proposed 3 trade(s) meeting the conviction bar.
Gemini calls used today (all models combined): 254
Market closed (overnight): queued 12 trade idea(s) for next-morning verification -- nothing submitted yet.
  -> queued SOLV buy (conf 89, stop 87.0, tp 94.0)
  -> queued DE buy (conf 85, stop 625.0, tp 673.87)
  -> queued COHR buy (conf 85, stop 105.5, tp 128.0)
  -> queued BSX buy (conf None, stop 49.01, tp 52.92)
  -> queued DRI buy (conf 88, stop 213.0, tp 235.0)
  -> queued INTU buy (conf 82, stop 352.0, tp 390.0)
  -> queued CPRT buy (conf 82, stop 32.5, tp 36.5)
  -> queued CVX buy (conf 82, stop 195.0, tp 214.65)
  -> queued EXE buy (conf 82, stop 92.66, tp 102.0)
  -> queued NWS buy (conf 80, stop 32.26, tp 36.5)
  -> queued DASH buy (conf 80, stop 206.73, tp 235.0)
  -> queued FDX buy (conf None, stop 317.065, tp 341.42)
Dashboard watchlist synced (7 symbols) for news/headlines.
Ending portfolio value: $99,039.83
Trade journal: all: 19 trades, 21% win rate, avg -2.19% | breakout: 1 trades, 0% win rate, avg -8.61% | other: 13 trades, 23% win rate, avg -1.93% | technical: 5 trades, 20% win rate, avg -1.58%
Self-learning: breakout: 1 trades, 0% win rate, avg -8.61% (LOSING) | other: 13 trades, 23% win rate, avg -1.93% (LOSING) | technical: 5 trades, 20% win rate, avg -1.58% (LOSING)
Performance: Total return +0.17% | Max drawdown 0.94% | Daily Sharpe 2.02 | 19 closed trades | Win rate 21% | Avg winner +1.83% | Avg loser -3.26% | Open positions: 4 | Equity $99,039.83
Engine P&L: legacy/unknown: realized $-1,705.68 (19 closed, 21% wins), unrealized $-64.86 (4 open) | Books: legacy: realized $-1,705.68, unrealized $-64.86
Reports: daily realized $+0.00; worst symbols none | weekly realized $-1,705.68; worst symbols HPE:-1286.89; COHR:-471.20; SNDK:-159.07; ANET:-45.31; NOW:-30.35
Shadow report: 2116 shadow candidate(s), 95 rejection group(s)
Timings: account: 0.0s | risk: 0.2s | decide: 6.8s | watchlist: 0.0s | perf: 0.0s

=== Run at 2026-08-22T16:34:25.299427 ===
Build fingerprint: 4f68550affe5
Current time: 2026-08-22 12:34 PM EDT | Market open (per Alpaca): False | Session: CLOSED
Account value: $99,039.83
Cash: $79,250.80 | Holdings (4): {'ERIE': '0.7641 sh (+2.23%)', 'GEHC': '0.6136 sh (+1.25%)', 'MS': '43.8344 sh (-3.06%)', 'MSI': '21.1281 sh (+2.28%)'}
Sector exposure (cached): Technology 10.2%, Financials 9.7%, Health Care 0.0%
Fill reconciliation: {'filled': 0, 'partial': 0, 'rejected': 1}
Open orders (2): ERIE sell 0.7641, MS sell 43.8344
Risk state: peak $99,703.60 | drawdown 0.67% | today -0.00% | halted: False
Market regime: NEUTRAL (position-size multiplier: 100% incl. circuit breaker 100%)
News: fetched 157, 0 new after dedup, 0 ticker(s) matched.
Quant pre-screen: 41/66 candidates passed.
Gemini proposed 2 trade(s) meeting the conviction bar.
Gemini calls used today (all models combined): 255
Market closed (overnight): queued 12 trade idea(s) for next-morning verification -- nothing submitted yet.
  -> queued SOLV buy (conf 89, stop 87.0, tp 94.0)
  -> queued DE buy (conf 85, stop 625.0, tp 673.87)
  -> queued COHR buy (conf 85, stop 105.5, tp 128.0)
  -> queued BSX buy (conf None, stop 49.01, tp 52.92)
  -> queued DRI buy (conf 88, stop 213.0, tp 229.46)
  -> queued INTU buy (conf 82, stop 352.0, tp 390.0)
  -> queued CPRT buy (conf 82, stop 32.5, tp 36.5)
  -> queued CVX buy (conf 85, stop 189.13, tp 208.91)
  -> queued EXE buy (conf 82, stop 92.66, tp 102.0)
  -> queued NWS buy (conf 80, stop 32.26, tp 36.5)
  -> queued DASH buy (conf 80, stop 206.73, tp 235.0)
  -> queued FDX buy (conf None, stop 317.065, tp 341.42)
Dashboard watchlist synced (6 symbols) for news/headlines.
Ending portfolio value: $99,039.83
Trade journal: all: 19 trades, 21% win rate, avg -2.19% | breakout: 1 trades, 0% win rate, avg -8.61% | other: 13 trades, 23% win rate, avg -1.93% | technical: 5 trades, 20% win rate, avg -1.58%
Self-learning: breakout: 1 trades, 0% win rate, avg -8.61% (LOSING) | other: 13 trades, 23% win rate, avg -1.93% (LOSING) | technical: 5 trades, 20% win rate, avg -1.58% (LOSING)
Performance: Total return +0.17% | Max drawdown 0.94% | Daily Sharpe 2.02 | 19 closed trades | Win rate 21% | Avg winner +1.83% | Avg loser -3.26% | Open positions: 4 | Equity $99,039.83
Engine P&L: legacy/unknown: realized $-1,705.68 (19 closed, 21% wins), unrealized $-64.86 (4 open) | Books: legacy: realized $-1,705.68, unrealized $-64.86
Reports: daily realized $+0.00; worst symbols none | weekly realized $-1,705.68; worst symbols HPE:-1286.89; COHR:-471.20; SNDK:-159.07; ANET:-45.31; NOW:-30.35
Shadow report: 2116 shadow candidate(s), 95 rejection group(s)
Timings: account: 0.0s | risk: 1.0s | decide: 9.4s | watchlist: 0.1s | perf: 0.1s

=== Run at 2026-08-22T16:36:23.788782 ===
Build fingerprint: 4f68550affe5
Current time: 2026-08-22 12:36 PM EDT | Market open (per Alpaca): False | Session: CLOSED
Account value: $99,039.83
Cash: $79,250.80 | Holdings (4): {'ERIE': '0.7641 sh (+2.23%)', 'GEHC': '0.6136 sh (+1.25%)', 'MS': '43.8344 sh (-3.06%)', 'MSI': '21.1281 sh (+2.28%)'}
Sector exposure (cached): Technology 10.2%, Financials 9.7%, Health Care 0.0%
Fill reconciliation: {'filled': 0, 'partial': 0, 'rejected': 1}
Open orders (2): ERIE sell 0.7641, MS sell 43.8344
Risk state: peak $99,703.60 | drawdown 0.67% | today -0.00% | halted: False
Market regime: NEUTRAL (position-size multiplier: 100% incl. circuit breaker 100%)
News: fetched 157, 2 new after dedup, 0 ticker(s) matched.
Quant pre-screen: 41/66 candidates passed.
Gemini proposed 3 trade(s) meeting the conviction bar.
Gemini calls used today (all models combined): 256
Market closed (overnight): queued 12 trade idea(s) for next-morning verification -- nothing submitted yet.
  -> queued SOLV buy (conf 89, stop 87.0, tp 94.0)
  -> queued DE buy (conf 85, stop 579.5, tp 673.87)
  -> queued COHR buy (conf 85, stop 105.5, tp 128.0)
  -> queued BSX buy (conf None, stop 49.01, tp 52.92)
  -> queued DRI buy (conf 88, stop 213.0, tp 229.46)
  -> queued INTU buy (conf 82, stop 352.0, tp 390.0)
  -> queued CPRT buy (conf 82, stop 32.5, tp 36.5)
  -> queued CVX buy (conf 85, stop 189.13, tp 208.91)
  -> queued EXE buy (conf 82, stop 92.66, tp 102.0)
  -> queued NWS buy (conf 80, stop 32.26, tp 36.5)
  -> queued DASH buy (conf 84, stop 206.73, tp 284.95)
  -> queued FDX buy (conf None, stop 317.065, tp 341.42)
Dashboard watchlist synced (7 symbols) for news/headlines.
Ending portfolio value: $99,039.83
Trade journal: all: 19 trades, 21% win rate, avg -2.19% | breakout: 1 trades, 0% win rate, avg -8.61% | other: 13 trades, 23% win rate, avg -1.93% | technical: 5 trades, 20% win rate, avg -1.58%
Self-learning: breakout: 1 trades, 0% win rate, avg -8.61% (LOSING) | other: 13 trades, 23% win rate, avg -1.93% (LOSING) | technical: 5 trades, 20% win rate, avg -1.58% (LOSING)
Performance: Total return +0.17% | Max drawdown 0.94% | Daily Sharpe 2.02 | 19 closed trades | Win rate 21% | Avg winner +1.83% | Avg loser -3.26% | Open positions: 4 | Equity $99,039.83
Engine P&L: legacy/unknown: realized $-1,705.68 (19 closed, 21% wins), unrealized $-64.86 (4 open) | Books: legacy: realized $-1,705.68, unrealized $-64.86
Reports: daily realized $+0.00; worst symbols none | weekly realized $-1,705.68; worst symbols HPE:-1286.89; COHR:-471.20; SNDK:-159.07; ANET:-45.31; NOW:-30.35
Shadow report: 2116 shadow candidate(s), 95 rejection group(s)
Timings: account: 0.0s | risk: 0.8s | decide: 5.9s | watchlist: 0.1s | perf: 0.1s

=== Run at 2026-08-22T16:38:26.575045 ===
Build fingerprint: 4f68550affe5
Current time: 2026-08-22 12:38 PM EDT | Market open (per Alpaca): False | Session: CLOSED
Account value: $99,039.83
Cash: $79,250.80 | Holdings (4): {'ERIE': '0.7641 sh (+2.23%)', 'GEHC': '0.6136 sh (+1.25%)', 'MS': '43.8344 sh (-3.06%)', 'MSI': '21.1281 sh (+2.28%)'}
Sector exposure (cached): Technology 10.2%, Financials 9.7%, Health Care 0.0%
Fill reconciliation: {'filled': 0, 'partial': 0, 'rejected': 1}
Open orders (2): ERIE sell 0.7641, MS sell 43.8344
Risk state: peak $99,703.60 | drawdown 0.67% | today -0.00% | halted: False
Market regime: NEUTRAL (position-size multiplier: 100% incl. circuit breaker 100%)
News: fetched 157, 0 new after dedup, 0 ticker(s) matched.
Quant pre-screen: 41/66 candidates passed.
Gemini proposed 2 trade(s) meeting the conviction bar.
Gemini calls used today (all models combined): 257
Market closed (overnight): queued 12 trade idea(s) for next-morning verification -- nothing submitted yet.
  -> queued SOLV buy (conf 89, stop 87.0, tp 94.0)
  -> queued DE buy (conf 85, stop 625.0, tp 673.87)
  -> queued COHR buy (conf 85, stop 105.5, tp 128.0)
  -> queued BSX buy (conf None, stop 49.01, tp 52.92)
  -> queued DRI buy (conf 88, stop 213.0, tp 235.0)
  -> queued INTU buy (conf 82, stop 352.0, tp 390.0)
  -> queued CPRT buy (conf 82, stop 32.5, tp 36.5)
  -> queued CVX buy (conf 85, stop 189.13, tp 208.91)
  -> queued EXE buy (conf 82, stop 92.66, tp 102.0)
  -> queued NWS buy (conf 80, stop 32.26, tp 36.5)
  -> queued DASH buy (conf 84, stop 206.73, tp 284.95)
  -> queued FDX buy (conf None, stop 317.065, tp 341.42)
Dashboard watchlist synced (6 symbols) for news/headlines.
Ending portfolio value: $99,039.83
Trade journal: all: 19 trades, 21% win rate, avg -2.19% | breakout: 1 trades, 0% win rate, avg -8.61% | other: 13 trades, 23% win rate, avg -1.93% | technical: 5 trades, 20% win rate, avg -1.58%
Self-learning: breakout: 1 trades, 0% win rate, avg -8.61% (LOSING) | other: 13 trades, 23% win rate, avg -1.93% (LOSING) | technical: 5 trades, 20% win rate, avg -1.58% (LOSING)
Performance: Total return +0.17% | Max drawdown 0.94% | Daily Sharpe 2.02 | 19 closed trades | Win rate 21% | Avg winner +1.83% | Avg loser -3.26% | Open positions: 4 | Equity $99,039.83
Engine P&L: legacy/unknown: realized $-1,705.68 (19 closed, 21% wins), unrealized $-64.86 (4 open) | Books: legacy: realized $-1,705.68, unrealized $-64.86
Reports: daily realized $+0.00; worst symbols none | weekly realized $-1,705.68; worst symbols HPE:-1286.89; COHR:-471.20; SNDK:-159.07; ANET:-45.31; NOW:-30.35
Shadow report: 2116 shadow candidate(s), 95 rejection group(s)
Timings: account: 0.0s | risk: 0.2s | decide: 2.8s | watchlist: 0.0s | perf: 0.0s

=== Run at 2026-08-22T16:40:27.512314 ===
Build fingerprint: 4f68550affe5
Current time: 2026-08-22 12:40 PM EDT | Market open (per Alpaca): False | Session: CLOSED
Account value: $99,039.83
Cash: $79,250.80 | Holdings (4): {'ERIE': '0.7641 sh (+2.23%)', 'GEHC': '0.6136 sh (+1.25%)', 'MS': '43.8344 sh (-3.06%)', 'MSI': '21.1281 sh (+2.28%)'}
Sector exposure (cached): Technology 10.2%, Financials 9.7%, Health Care 0.0%
Fill reconciliation: {'filled': 0, 'partial': 0, 'rejected': 1}
Open orders (2): ERIE sell 0.7641, MS sell 43.8344
Risk state: peak $99,703.60 | drawdown 0.67% | today -0.00% | halted: False
Market regime: NEUTRAL (position-size multiplier: 100% incl. circuit breaker 100%)
News: fetched 157, 0 new after dedup, 0 ticker(s) matched.
Quant pre-screen: 41/66 candidates passed.
Gemini proposed 2 trade(s) meeting the conviction bar.
Gemini calls used today (all models combined): 258
Market closed (overnight): queued 12 trade idea(s) for next-morning verification -- nothing submitted yet.
  -> queued SOLV buy (conf 89, stop 87.0, tp 94.0)
  -> queued DE buy (conf 85, stop 628.12, tp 686.6150000000001)
  -> queued COHR buy (conf 85, stop 105.5, tp 128.0)
  -> queued BSX buy (conf None, stop 49.01, tp 52.92)
  -> queued DRI buy (conf 88, stop 213.0, tp 235.00000000000003)
  -> queued INTU buy (conf 82, stop 352.0, tp 390.0)
  -> queued CPRT buy (conf 82, stop 32.5, tp 36.5)
  -> queued CVX buy (conf 85, stop 189.13, tp 208.91)
  -> queued EXE buy (conf 82, stop 92.66, tp 102.0)
  -> queued NWS buy (conf 80, stop 32.26, tp 36.5)
  -> queued DASH buy (conf 84, stop 206.73, tp 284.95)
  -> queued FDX buy (conf None, stop 317.065, tp 341.42)
Dashboard watchlist synced (6 symbols) for news/headlines.
Ending portfolio value: $99,039.83
Trade journal: all: 19 trades, 21% win rate, avg -2.19% | breakout: 1 trades, 0% win rate, avg -8.61% | other: 13 trades, 23% win rate, avg -1.93% | technical: 5 trades, 20% win rate, avg -1.58%
Self-learning: breakout: 1 trades, 0% win rate, avg -8.61% (LOSING) | other: 13 trades, 23% win rate, avg -1.93% (LOSING) | technical: 5 trades, 20% win rate, avg -1.58% (LOSING)
Performance: Total return +0.17% | Max drawdown 0.94% | Daily Sharpe 2.02 | 19 closed trades | Win rate 21% | Avg winner +1.83% | Avg loser -3.26% | Open positions: 4 | Equity $99,039.83
Engine P&L: legacy/unknown: realized $-1,705.68 (19 closed, 21% wins), unrealized $-64.86 (4 open) | Books: legacy: realized $-1,705.68, unrealized $-64.86
Reports: daily realized $+0.00; worst symbols none | weekly realized $-1,705.68; worst symbols HPE:-1286.89; COHR:-471.20; SNDK:-159.07; ANET:-45.31; NOW:-30.35
Shadow report: 2116 shadow candidate(s), 95 rejection group(s)
Timings: account: 0.0s | risk: 0.2s | decide: 4.9s | watchlist: 0.0s | perf: 0.0s

=== Run at 2026-08-22T16:42:24.055556 ===
Build fingerprint: 4f68550affe5
Current time: 2026-08-22 12:42 PM EDT | Market open (per Alpaca): False | Session: CLOSED
Account value: $99,039.83
Cash: $79,250.80 | Holdings (4): {'ERIE': '0.7641 sh (+2.23%)', 'GEHC': '0.6136 sh (+1.25%)', 'MS': '43.8344 sh (-3.06%)', 'MSI': '21.1281 sh (+2.28%)'}
Sector exposure (cached): Technology 10.2%, Financials 9.7%, Health Care 0.0%
Fill reconciliation: {'filled': 0, 'partial': 0, 'rejected': 1}
Open orders (2): ERIE sell 0.7641, MS sell 43.8344
Risk state: peak $99,703.60 | drawdown 0.67% | today -0.00% | halted: False
Market regime: NEUTRAL (position-size multiplier: 100% incl. circuit breaker 100%)
News: fetched 157, 1 new after dedup, 0 ticker(s) matched.
Quant pre-screen: 41/66 candidates passed.
Technical fallback (Gemini throttled/unavailable) proposed 8 trade(s) meeting the conviction bar.
Technical fallback cap omitted 18 weaker idea(s) this run.
Gemini calls used today (all models combined): 258
Market closed (overnight): queued 12 trade idea(s) for next-morning verification -- nothing submitted yet.
  -> queued SOLV buy (conf 89, stop 87.0, tp 94.0)
  -> queued COHR buy (conf 85, stop 105.5, tp 128.0)
  -> queued BSX buy (conf None, stop 49.01, tp 52.92)
  -> queued INTU buy (conf 82, stop 352.0, tp 390.0)
  -> queued EXE buy (conf 82, stop 92.66, tp 102.0)
  -> queued NWS buy (conf 80, stop 32.26, tp 36.5)
  -> queued DE buy (conf None, stop 579.5, tp 654.135)
  -> queued DRI buy (conf None, stop 212.995, tp 229.46)
  -> queued FDX buy (conf None, stop 317.065, tp 341.42)
  -> queued CPRT buy (conf None, stop 28.68, tp 34.625)
  -> queued CVX buy (conf None, stop 189.13, tp 208.91)
  -> queued DASH buy (conf None, stop 206.73, tp 225.9)
Run budget reserve reached -- skipping dashboard watchlist sync.
Run budget reserve reached -- skipping performance snapshot.
Trade journal: all: 19 trades, 21% win rate, avg -2.19% | breakout: 1 trades, 0% win rate, avg -8.61% | other: 13 trades, 23% win rate, avg -1.93% | technical: 5 trades, 20% win rate, avg -1.58%
Self-learning: breakout: 1 trades, 0% win rate, avg -8.61% (LOSING) | other: 13 trades, 23% win rate, avg -1.93% (LOSING) | technical: 5 trades, 20% win rate, avg -1.58% (LOSING)
Performance: Total return +0.17% | Max drawdown 0.94% | Daily Sharpe 2.02 | 19 closed trades | Win rate 21% | Avg winner +1.83% | Avg loser -3.26% | Open positions: 4 | Equity $99,039.83
Engine P&L: legacy/unknown: realized $-1,705.68 (19 closed, 21% wins), unrealized $-64.86 (4 open) | Books: legacy: realized $-1,705.68, unrealized $-64.86
Reports: daily realized $+0.00; worst symbols none | weekly realized $-1,705.68; worst symbols HPE:-1286.89; COHR:-471.20; SNDK:-159.07; ANET:-45.31; NOW:-30.35
Shadow report: 2116 shadow candidate(s), 95 rejection group(s)
Timings: account: 0.0s | risk: 1.3s | decide: 23.4s | watchlist: 0.0s | perf: 0.0s

=== Run at 2026-08-22T16:44:24.216611 ===
Build fingerprint: 4f68550affe5
Current time: 2026-08-22 12:44 PM EDT | Market open (per Alpaca): False | Session: CLOSED
Account value: $99,039.83
Cash: $79,250.80 | Holdings (4): {'ERIE': '0.7641 sh (+2.23%)', 'GEHC': '0.6136 sh (+1.25%)', 'MS': '43.8344 sh (-3.06%)', 'MSI': '21.1281 sh (+2.28%)'}
Sector exposure (cached): Technology 10.2%, Financials 9.7%, Health Care 0.0%
Fill reconciliation: {'filled': 0, 'partial': 0, 'rejected': 1}
Open orders (2): ERIE sell 0.7641, MS sell 43.8344
Risk state: peak $99,703.60 | drawdown 0.67% | today -0.00% | halted: False
Market regime: NEUTRAL (position-size multiplier: 100% incl. circuit breaker 100%)
News: fetched 157, 0 new after dedup, 0 ticker(s) matched.
Quant pre-screen: 41/66 candidates passed.
Gemini proposed 2 trade(s) meeting the conviction bar.
Gemini calls used today (all models combined): 259
Market closed (overnight): queued 12 trade idea(s) for next-morning verification -- nothing submitted yet.
  -> queued SOLV buy (conf 89, stop 87.0, tp 94.0)
  -> queued COHR buy (conf 85, stop 105.5, tp 128.0)
  -> queued BSX buy (conf None, stop 49.01, tp 52.92)
  -> queued INTU buy (conf 82, stop 352.0, tp 390.0)
  -> queued EXE buy (conf 82, stop 92.66, tp 102.0)
  -> queued NWS buy (conf 80, stop 32.26, tp 36.5)
  -> queued DE buy (conf 85, stop 579.5, tp 673.87)
  -> queued DRI buy (conf 88, stop 213.0, tp 229.46)
  -> queued FDX buy (conf None, stop 317.065, tp 341.42)
  -> queued CPRT buy (conf None, stop 28.68, tp 34.625)
  -> queued CVX buy (conf None, stop 189.13, tp 208.91)
  -> queued DASH buy (conf None, stop 206.73, tp 225.9)
Dashboard watchlist synced (6 symbols) for news/headlines.
Ending portfolio value: $99,039.83
Trade journal: all: 19 trades, 21% win rate, avg -2.19% | breakout: 1 trades, 0% win rate, avg -8.61% | other: 13 trades, 23% win rate, avg -1.93% | technical: 5 trades, 20% win rate, avg -1.58%
Self-learning: breakout: 1 trades, 0% win rate, avg -8.61% (LOSING) | other: 13 trades, 23% win rate, avg -1.93% (LOSING) | technical: 5 trades, 20% win rate, avg -1.58% (LOSING)
Performance: Total return +0.17% | Max drawdown 0.94% | Daily Sharpe 2.02 | 19 closed trades | Win rate 21% | Avg winner +1.83% | Avg loser -3.26% | Open positions: 4 | Equity $99,039.83
Engine P&L: legacy/unknown: realized $-1,705.68 (19 closed, 21% wins), unrealized $-64.86 (4 open) | Books: legacy: realized $-1,705.68, unrealized $-64.86
Reports: daily realized $+0.00; worst symbols none | weekly realized $-1,705.68; worst symbols HPE:-1286.89; COHR:-471.20; SNDK:-159.07; ANET:-45.31; NOW:-30.35
Shadow report: 2116 shadow candidate(s), 95 rejection group(s)
Timings: account: 0.0s | risk: 0.7s | decide: 5.5s | watchlist: 0.1s | perf: 0.1s

=== Run at 2026-08-22T16:46:25.360478 ===
Build fingerprint: 4f68550affe5
Current time: 2026-08-22 12:46 PM EDT | Market open (per Alpaca): False | Session: CLOSED
Account value: $99,039.83
Cash: $79,250.80 | Holdings (4): {'ERIE': '0.7641 sh (+2.23%)', 'GEHC': '0.6136 sh (+1.25%)', 'MS': '43.8344 sh (-3.06%)', 'MSI': '21.1281 sh (+2.28%)'}
Sector exposure (cached): Technology 10.2%, Financials 9.7%, Health Care 0.0%
Fill reconciliation: {'filled': 0, 'partial': 0, 'rejected': 1}
Open orders (2): ERIE sell 0.7641, MS sell 43.8344
Risk state: peak $99,703.60 | drawdown 0.67% | today -0.00% | halted: False
Market regime: NEUTRAL (position-size multiplier: 100% incl. circuit breaker 100%)
News: fetched 157, 0 new after dedup, 0 ticker(s) matched.
Quant pre-screen: 41/66 candidates passed.
Gemini proposed 2 trade(s) meeting the conviction bar.
Gemini calls used today (all models combined): 260
Market closed (overnight): queued 12 trade idea(s) for next-morning verification -- nothing submitted yet.
  -> queued SOLV buy (conf 89, stop 87.0, tp 94.0)
  -> queued COHR buy (conf 85, stop 105.5, tp 128.0)
  -> queued BSX buy (conf None, stop 49.01, tp 52.92)
  -> queued INTU buy (conf 82, stop 352.0, tp 390.0)
  -> queued EXE buy (conf 82, stop 92.66, tp 102.0)
  -> queued NWS buy (conf 80, stop 32.26, tp 36.5)
  -> queued DE buy (conf 82, stop 579.5, tp 680.0)
  -> queued DRI buy (conf 85, stop 213.0, tp 235.00000000000003)
  -> queued FDX buy (conf None, stop 317.065, tp 341.42)
  -> queued CPRT buy (conf None, stop 28.68, tp 34.625)
  -> queued CVX buy (conf None, stop 189.13, tp 208.91)
  -> queued DASH buy (conf None, stop 206.73, tp 225.9)
Dashboard watchlist synced (6 symbols) for news/headlines.
Ending portfolio value: $99,039.83
Trade journal: all: 19 trades, 21% win rate, avg -2.19% | breakout: 1 trades, 0% win rate, avg -8.61% | other: 13 trades, 23% win rate, avg -1.93% | technical: 5 trades, 20% win rate, avg -1.58%
Self-learning: breakout: 1 trades, 0% win rate, avg -8.61% (LOSING) | other: 13 trades, 23% win rate, avg -1.93% (LOSING) | technical: 5 trades, 20% win rate, avg -1.58% (LOSING)
Performance: Total return +0.17% | Max drawdown 0.94% | Daily Sharpe 2.02 | 19 closed trades | Win rate 21% | Avg winner +1.83% | Avg loser -3.26% | Open positions: 4 | Equity $99,039.83
Engine P&L: legacy/unknown: realized $-1,705.68 (19 closed, 21% wins), unrealized $-64.86 (4 open) | Books: legacy: realized $-1,705.68, unrealized $-64.86
Reports: daily realized $+0.00; worst symbols none | weekly realized $-1,705.68; worst symbols HPE:-1286.89; COHR:-471.20; SNDK:-159.07; ANET:-45.31; NOW:-30.35
Shadow report: 2116 shadow candidate(s), 95 rejection group(s)
Timings: account: 0.0s | risk: 0.5s | decide: 4.2s | watchlist: 0.1s | perf: 0.1s

=== Run at 2026-08-22T16:48:22.991846 ===
Build fingerprint: 4f68550affe5
Current time: 2026-08-22 12:48 PM EDT | Market open (per Alpaca): False | Session: CLOSED
Account value: $99,039.83
Cash: $79,250.80 | Holdings (4): {'ERIE': '0.7641 sh (+2.23%)', 'GEHC': '0.6136 sh (+1.25%)', 'MS': '43.8344 sh (-3.06%)', 'MSI': '21.1281 sh (+2.28%)'}
Sector exposure (cached): Technology 10.2%, Financials 9.7%, Health Care 0.0%
Fill reconciliation: {'filled': 0, 'partial': 0, 'rejected': 1}
Open orders (2): ERIE sell 0.7641, MS sell 43.8344
Risk state: peak $99,703.60 | drawdown 0.67% | today -0.00% | halted: False
Market regime: NEUTRAL (position-size multiplier: 100% incl. circuit breaker 100%)
News: fetched 157, 0 new after dedup, 0 ticker(s) matched.
Quant pre-screen: 41/66 candidates passed.
Gemini proposed 2 trade(s) meeting the conviction bar.
Gemini calls used today (all models combined): 261
Market closed (overnight): queued 12 trade idea(s) for next-morning verification -- nothing submitted yet.
  -> queued SOLV buy (conf 89, stop 87.0, tp 94.0)
  -> queued COHR buy (conf 85, stop 105.5, tp 128.0)
  -> queued BSX buy (conf None, stop 49.01, tp 52.92)
  -> queued INTU buy (conf 82, stop 352.0, tp 390.0)
  -> queued EXE buy (conf 82, stop 92.66, tp 102.0)
  -> queued NWS buy (conf 80, stop 32.26, tp 36.5)
  -> queued DE buy (conf 85, stop 625.0, tp 670.0)
  -> queued DRI buy (conf 82, stop 213.0, tp 229.46)
  -> queued FDX buy (conf None, stop 317.065, tp 341.42)
  -> queued CPRT buy (conf None, stop 28.68, tp 34.625)
  -> queued CVX buy (conf None, stop 189.13, tp 208.91)
  -> queued DASH buy (conf None, stop 206.73, tp 225.9)
Dashboard watchlist synced (6 symbols) for news/headlines.
Ending portfolio value: $99,039.83
Trade journal: all: 19 trades, 21% win rate, avg -2.19% | breakout: 1 trades, 0% win rate, avg -8.61% | other: 13 trades, 23% win rate, avg -1.93% | technical: 5 trades, 20% win rate, avg -1.58%
Self-learning: breakout: 1 trades, 0% win rate, avg -8.61% (LOSING) | other: 13 trades, 23% win rate, avg -1.93% (LOSING) | technical: 5 trades, 20% win rate, avg -1.58% (LOSING)
Performance: Total return +0.17% | Max drawdown 0.94% | Daily Sharpe 2.02 | 19 closed trades | Win rate 21% | Avg winner +1.83% | Avg loser -3.26% | Open positions: 4 | Equity $99,039.83
Engine P&L: legacy/unknown: realized $-1,705.68 (19 closed, 21% wins), unrealized $-64.86 (4 open) | Books: legacy: realized $-1,705.68, unrealized $-64.86
Reports: daily realized $+0.00; worst symbols none | weekly realized $-1,705.68; worst symbols HPE:-1286.89; COHR:-471.20; SNDK:-159.07; ANET:-45.31; NOW:-30.35
Shadow report: 2116 shadow candidate(s), 95 rejection group(s)
Timings: account: 0.0s | risk: 0.2s | decide: 2.6s | watchlist: 0.0s | perf: 0.0s

=== Run at 2026-08-22T16:50:29.711219 ===
Build fingerprint: 4f68550affe5
Current time: 2026-08-22 12:50 PM EDT | Market open (per Alpaca): False | Session: CLOSED
Account value: $99,039.83
Cash: $79,250.80 | Holdings (4): {'ERIE': '0.7641 sh (+2.23%)', 'GEHC': '0.6136 sh (+1.25%)', 'MS': '43.8344 sh (-3.06%)', 'MSI': '21.1281 sh (+2.28%)'}
Sector exposure (cached): Technology 10.2%, Financials 9.7%, Health Care 0.0%
Fill reconciliation: {'filled': 0, 'partial': 0, 'rejected': 1}
Open orders (2): ERIE sell 0.7641, MS sell 43.8344
Risk state: peak $99,703.60 | drawdown 0.67% | today -0.00% | halted: False
Market regime: NEUTRAL (position-size multiplier: 100% incl. circuit breaker 100%)
News: fetched 157, 1 new after dedup, 0 ticker(s) matched.
Quant pre-screen: 41/66 candidates passed.
Gemini proposed 2 trade(s) meeting the conviction bar.
Gemini calls used today (all models combined): 262
Market closed (overnight): queued 12 trade idea(s) for next-morning verification -- nothing submitted yet.
  -> queued SOLV buy (conf 89, stop 87.0, tp 94.0)
  -> queued COHR buy (conf 85, stop 105.5, tp 128.0)
  -> queued BSX buy (conf None, stop 49.01, tp 52.92)
  -> queued INTU buy (conf 82, stop 352.0, tp 390.0)
  -> queued EXE buy (conf 82, stop 92.66, tp 102.0)
  -> queued NWS buy (conf 80, stop 32.26, tp 36.5)
  -> queued DE buy (conf 90, stop 579.5, tp 690.0000000000001)
  -> queued DRI buy (conf 92, stop 213.0, tp 235.00000000000003)
  -> queued FDX buy (conf None, stop 317.065, tp 341.42)
  -> queued CPRT buy (conf None, stop 28.68, tp 34.625)
  -> queued CVX buy (conf None, stop 189.13, tp 208.91)
  -> queued DASH buy (conf None, stop 206.73, tp 225.9)
Dashboard watchlist synced (6 symbols) for news/headlines.
Ending portfolio value: $99,039.83
Trade journal: all: 19 trades, 21% win rate, avg -2.19% | breakout: 1 trades, 0% win rate, avg -8.61% | other: 13 trades, 23% win rate, avg -1.93% | technical: 5 trades, 20% win rate, avg -1.58%
Self-learning: breakout: 1 trades, 0% win rate, avg -8.61% (LOSING) | other: 13 trades, 23% win rate, avg -1.93% (LOSING) | technical: 5 trades, 20% win rate, avg -1.58% (LOSING)
Performance: Total return +0.17% | Max drawdown 0.94% | Daily Sharpe 2.02 | 19 closed trades | Win rate 21% | Avg winner +1.83% | Avg loser -3.26% | Open positions: 4 | Equity $99,039.83
Engine P&L: legacy/unknown: realized $-1,705.68 (19 closed, 21% wins), unrealized $-64.86 (4 open) | Books: legacy: realized $-1,705.68, unrealized $-64.86
Reports: daily realized $+0.00; worst symbols none | weekly realized $-1,705.68; worst symbols HPE:-1286.89; COHR:-471.20; SNDK:-159.07; ANET:-45.31; NOW:-30.35
Shadow report: 2116 shadow candidate(s), 95 rejection group(s)
Timings: account: 0.0s | risk: 1.2s | decide: 7.6s | watchlist: 0.1s | perf: 0.1s

=== Run at 2026-08-22T16:52:28.115115 ===
Build fingerprint: 4f68550affe5
Current time: 2026-08-22 12:52 PM EDT | Market open (per Alpaca): False | Session: CLOSED
Account value: $99,039.83
Cash: $79,250.80 | Holdings (4): {'ERIE': '0.7641 sh (+2.23%)', 'GEHC': '0.6136 sh (+1.25%)', 'MS': '43.8344 sh (-3.06%)', 'MSI': '21.1281 sh (+2.28%)'}
Sector exposure (cached): Technology 10.2%, Financials 9.7%, Health Care 0.0%
Fill reconciliation: {'filled': 0, 'partial': 0, 'rejected': 1}
Open orders (2): ERIE sell 0.7641, MS sell 43.8344
Risk state: peak $99,703.60 | drawdown 0.67% | today -0.00% | halted: False
Market regime: NEUTRAL (position-size multiplier: 100% incl. circuit breaker 100%)
News: fetched 157, 0 new after dedup, 0 ticker(s) matched.
Quant pre-screen: 41/66 candidates passed.
Technical fallback (Gemini throttled/unavailable) proposed 8 trade(s) meeting the conviction bar.
Technical fallback cap omitted 18 weaker idea(s) this run.
Gemini calls used today (all models combined): 262
Market closed (overnight): queued 12 trade idea(s) for next-morning verification -- nothing submitted yet.
  -> queued SOLV buy (conf 89, stop 87.0, tp 94.0)
  -> queued COHR buy (conf 85, stop 105.5, tp 128.0)
  -> queued BSX buy (conf None, stop 49.01, tp 52.92)
  -> queued INTU buy (conf 82, stop 352.0, tp 390.0)
  -> queued EXE buy (conf 82, stop 92.66, tp 102.0)
  -> queued NWS buy (conf 80, stop 32.26, tp 36.5)
  -> queued DE buy (conf None, stop 579.5, tp 654.135)
  -> queued DRI buy (conf None, stop 212.995, tp 229.46)
  -> queued FDX buy (conf None, stop 317.065, tp 341.42)
  -> queued CPRT buy (conf None, stop 28.68, tp 34.625)
  -> queued CVX buy (conf None, stop 189.13, tp 208.91)
  -> queued DASH buy (conf None, stop 206.73, tp 225.9)
Run budget reserve reached -- skipping dashboard watchlist sync.
Run budget reserve reached -- skipping performance snapshot.
Trade journal: all: 19 trades, 21% win rate, avg -2.19% | breakout: 1 trades, 0% win rate, avg -8.61% | other: 13 trades, 23% win rate, avg -1.93% | technical: 5 trades, 20% win rate, avg -1.58%
Self-learning: breakout: 1 trades, 0% win rate, avg -8.61% (LOSING) | other: 13 trades, 23% win rate, avg -1.93% (LOSING) | technical: 5 trades, 20% win rate, avg -1.58% (LOSING)
Performance: Total return +0.17% | Max drawdown 0.94% | Daily Sharpe 2.02 | 19 closed trades | Win rate 21% | Avg winner +1.83% | Avg loser -3.26% | Open positions: 4 | Equity $99,039.83
Engine P&L: legacy/unknown: realized $-1,705.68 (19 closed, 21% wins), unrealized $-64.86 (4 open) | Books: legacy: realized $-1,705.68, unrealized $-64.86
Reports: daily realized $+0.00; worst symbols none | weekly realized $-1,705.68; worst symbols HPE:-1286.89; COHR:-471.20; SNDK:-159.07; ANET:-45.31; NOW:-30.35
Shadow report: 2116 shadow candidate(s), 95 rejection group(s)
Timings: account: 0.0s | risk: 1.2s | decide: 23.2s | watchlist: 0.0s | perf: 0.0s

=== Run at 2026-08-22T16:54:23.817404 ===
Build fingerprint: 4f68550affe5
Current time: 2026-08-22 12:54 PM EDT | Market open (per Alpaca): False | Session: CLOSED
Account value: $99,039.83
Cash: $79,250.80 | Holdings (4): {'ERIE': '0.7641 sh (+2.23%)', 'GEHC': '0.6136 sh (+1.25%)', 'MS': '43.8344 sh (-3.06%)', 'MSI': '21.1281 sh (+2.28%)'}
Sector exposure (cached): Technology 10.2%, Financials 9.7%, Health Care 0.0%
Fill reconciliation: {'filled': 0, 'partial': 0, 'rejected': 1}
Open orders (2): ERIE sell 0.7641, MS sell 43.8344
Risk state: peak $99,703.60 | drawdown 0.67% | today -0.00% | halted: False
Market regime: NEUTRAL (position-size multiplier: 100% incl. circuit breaker 100%)
News: fetched 157, 0 new after dedup, 0 ticker(s) matched.
Quant pre-screen: 41/66 candidates passed.
Gemini proposed 3 trade(s) meeting the conviction bar.
Gemini calls used today (all models combined): 263
Market closed (overnight): queued 12 trade idea(s) for next-morning verification -- nothing submitted yet.
  -> queued SOLV buy (conf 89, stop 87.0, tp 94.0)
  -> queued COHR buy (conf 85, stop 105.5, tp 128.0)
  -> queued BSX buy (conf None, stop 49.01, tp 52.92)
  -> queued INTU buy (conf 82, stop 352.0, tp 390.0)
  -> queued EXE buy (conf 82, stop 92.66, tp 102.0)
  -> queued NWS buy (conf 80, stop 32.26, tp 36.5)
  -> queued DE buy (conf 88, stop 608.435, tp 686.6150000000001)
  -> queued DRI buy (conf 90, stop 213.0, tp 235.00000000000003)
  -> queued FDX buy (conf None, stop 317.065, tp 341.42)
  -> queued CPRT buy (conf None, stop 28.68, tp 34.625)
  -> queued CVX buy (conf None, stop 189.13, tp 208.91)
  -> queued DASH buy (conf 85, stop 208.265, tp 238.775)
Dashboard watchlist synced (7 symbols) for news/headlines.
Ending portfolio value: $99,039.83
Trade journal: all: 19 trades, 21% win rate, avg -2.19% | breakout: 1 trades, 0% win rate, avg -8.61% | other: 13 trades, 23% win rate, avg -1.93% | technical: 5 trades, 20% win rate, avg -1.58%
Self-learning: breakout: 1 trades, 0% win rate, avg -8.61% (LOSING) | other: 13 trades, 23% win rate, avg -1.93% (LOSING) | technical: 5 trades, 20% win rate, avg -1.58% (LOSING)
Performance: Total return +0.17% | Max drawdown 0.94% | Daily Sharpe 2.02 | 19 closed trades | Win rate 21% | Avg winner +1.83% | Avg loser -3.26% | Open positions: 4 | Equity $99,039.83
Engine P&L: legacy/unknown: realized $-1,705.68 (19 closed, 21% wins), unrealized $-64.86 (4 open) | Books: legacy: realized $-1,705.68, unrealized $-64.86
Reports: daily realized $+0.00; worst symbols none | weekly realized $-1,705.68; worst symbols HPE:-1286.89; COHR:-471.20; SNDK:-159.07; ANET:-45.31; NOW:-30.35
Shadow report: 2116 shadow candidate(s), 95 rejection group(s)
Timings: account: 0.0s | risk: 0.2s | decide: 2.8s | watchlist: 0.0s | perf: 0.0s

=== Run at 2026-08-22T16:56:23.949743 ===
Build fingerprint: 4f68550affe5
Current time: 2026-08-22 12:56 PM EDT | Market open (per Alpaca): False | Session: CLOSED
Account value: $99,039.83
Cash: $79,250.80 | Holdings (4): {'ERIE': '0.7641 sh (+2.23%)', 'GEHC': '0.6136 sh (+1.25%)', 'MS': '43.8344 sh (-3.06%)', 'MSI': '21.1281 sh (+2.28%)'}
Sector exposure (cached): Technology 10.2%, Financials 9.7%, Health Care 0.0%
Fill reconciliation: {'filled': 0, 'partial': 0, 'rejected': 1}
Open orders (2): ERIE sell 0.7641, MS sell 43.8344
Risk state: peak $99,703.60 | drawdown 0.67% | today -0.00% | halted: False
Market regime: NEUTRAL (position-size multiplier: 100% incl. circuit breaker 100%)
News: fetched 157, 1 new after dedup, 0 ticker(s) matched.
Quant pre-screen: 41/66 candidates passed.
Gemini proposed 2 trade(s) meeting the conviction bar.
Gemini calls used today (all models combined): 264
Market closed (overnight): queued 12 trade idea(s) for next-morning verification -- nothing submitted yet.
  -> queued SOLV buy (conf 89, stop 87.0, tp 94.0)
  -> queued COHR buy (conf 85, stop 105.5, tp 128.0)
  -> queued BSX buy (conf None, stop 49.01, tp 52.92)
  -> queued INTU buy (conf 82, stop 352.0, tp 390.0)
  -> queued EXE buy (conf 82, stop 92.66, tp 102.0)
  -> queued NWS buy (conf 80, stop 32.26, tp 36.5)
  -> queued DE buy (conf 85, stop None, tp None)
  -> queued DRI buy (conf 80, stop 213.0, tp 229.46)
  -> queued FDX buy (conf None, stop 317.065, tp 341.42)
  -> queued CPRT buy (conf None, stop 28.68, tp 34.625)
  -> queued CVX buy (conf None, stop 189.13, tp 208.91)
  -> queued DASH buy (conf 85, stop 208.265, tp 238.775)
Dashboard watchlist synced (6 symbols) for news/headlines.
Ending portfolio value: $99,039.83
Trade journal: all: 19 trades, 21% win rate, avg -2.19% | breakout: 1 trades, 0% win rate, avg -8.61% | other: 13 trades, 23% win rate, avg -1.93% | technical: 5 trades, 20% win rate, avg -1.58%
Self-learning: breakout: 1 trades, 0% win rate, avg -8.61% (LOSING) | other: 13 trades, 23% win rate, avg -1.93% (LOSING) | technical: 5 trades, 20% win rate, avg -1.58% (LOSING)
Performance: Total return +0.17% | Max drawdown 0.94% | Daily Sharpe 2.02 | 19 closed trades | Win rate 21% | Avg winner +1.83% | Avg loser -3.26% | Open positions: 4 | Equity $99,039.83
Engine P&L: legacy/unknown: realized $-1,705.68 (19 closed, 21% wins), unrealized $-64.86 (4 open) | Books: legacy: realized $-1,705.68, unrealized $-64.86
Reports: daily realized $+0.00; worst symbols none | weekly realized $-1,705.68; worst symbols HPE:-1286.89; COHR:-471.20; SNDK:-159.07; ANET:-45.31; NOW:-30.35
Shadow report: 2116 shadow candidate(s), 95 rejection group(s)
Timings: account: 0.0s | risk: 0.3s | decide: 3.4s | watchlist: 0.0s | perf: 0.0s

=== Run at 2026-08-22T16:58:26.042239 ===
Build fingerprint: 4f68550affe5
Current time: 2026-08-22 12:58 PM EDT | Market open (per Alpaca): False | Session: CLOSED
Account value: $99,039.83
Cash: $79,250.80 | Holdings (4): {'ERIE': '0.7641 sh (+2.23%)', 'GEHC': '0.6136 sh (+1.25%)', 'MS': '43.8344 sh (-3.06%)', 'MSI': '21.1281 sh (+2.28%)'}
Sector exposure (cached): Technology 10.2%, Financials 9.7%, Health Care 0.0%
Fill reconciliation: {'filled': 0, 'partial': 0, 'rejected': 1}
Open orders (2): ERIE sell 0.7641, MS sell 43.8344
Risk state: peak $99,703.60 | drawdown 0.67% | today -0.00% | halted: False
Market regime: NEUTRAL (position-size multiplier: 100% incl. circuit breaker 100%)
News: fetched 157, 1 new after dedup, 0 ticker(s) matched.
Quant pre-screen: 41/66 candidates passed.
Gemini proposed 3 trade(s) meeting the conviction bar.
Gemini calls used today (all models combined): 265
Market closed (overnight): queued 12 trade idea(s) for next-morning verification -- nothing submitted yet.
  -> queued SOLV buy (conf 89, stop 87.0, tp 94.0)
  -> queued COHR buy (conf 85, stop 105.5, tp 128.0)
  -> queued BSX buy (conf None, stop 49.01, tp 52.92)
  -> queued INTU buy (conf 82, stop 352.0, tp 390.0)
  -> queued EXE buy (conf 82, stop 92.66, tp 102.0)
  -> queued NWS buy (conf 80, stop 32.26, tp 36.5)
  -> queued DE buy (conf 88, stop 625.0, tp 675.0)
  -> queued DRI buy (conf 92, stop 213.0, tp 235.0)
  -> queued FDX buy (conf None, stop 317.065, tp 341.42)
  -> queued CPRT buy (conf None, stop 28.68, tp 34.625)
  -> queued CVX buy (conf None, stop 189.13, tp 208.91)
  -> queued DASH buy (conf 85, stop 210.0, tp 240.0)
Dashboard watchlist synced (7 symbols) for news/headlines.
Ending portfolio value: $99,039.83
Trade journal: all: 19 trades, 21% win rate, avg -2.19% | breakout: 1 trades, 0% win rate, avg -8.61% | other: 13 trades, 23% win rate, avg -1.93% | technical: 5 trades, 20% win rate, avg -1.58%
Self-learning: breakout: 1 trades, 0% win rate, avg -8.61% (LOSING) | other: 13 trades, 23% win rate, avg -1.93% (LOSING) | technical: 5 trades, 20% win rate, avg -1.58% (LOSING)
Performance: Total return +0.17% | Max drawdown 0.94% | Daily Sharpe 2.02 | 19 closed trades | Win rate 21% | Avg winner +1.83% | Avg loser -3.26% | Open positions: 4 | Equity $99,039.83
Engine P&L: legacy/unknown: realized $-1,705.68 (19 closed, 21% wins), unrealized $-64.86 (4 open) | Books: legacy: realized $-1,705.68, unrealized $-64.86
Reports: daily realized $+0.00; worst symbols none | weekly realized $-1,705.68; worst symbols HPE:-1286.89; COHR:-471.20; SNDK:-159.07; ANET:-45.31; NOW:-30.35
Shadow report: 2116 shadow candidate(s), 95 rejection group(s)
Timings: account: 0.0s | risk: 1.3s | decide: 16.6s | watchlist: 0.2s | perf: 0.2s

=== Run at 2026-08-22T17:00:34.213340 ===
Build fingerprint: 4f68550affe5
Current time: 2026-08-22 01:00 PM EDT | Market open (per Alpaca): False | Session: CLOSED
Account value: $99,039.83
Cash: $79,250.80 | Holdings (4): {'ERIE': '0.7641 sh (+2.23%)', 'GEHC': '0.6136 sh (+1.25%)', 'MS': '43.8344 sh (-3.06%)', 'MSI': '21.1281 sh (+2.28%)'}
Sector exposure (cached): Technology 10.2%, Financials 9.7%, Health Care 0.0%
Fill reconciliation: {'filled': 0, 'partial': 0, 'rejected': 1}
Open orders (2): ERIE sell 0.7641, MS sell 43.8344
Risk state: peak $99,703.60 | drawdown 0.67% | today -0.00% | halted: False
Market regime: NEUTRAL (position-size multiplier: 100% incl. circuit breaker 100%)
News: fetched 157, 1 new after dedup, 0 ticker(s) matched.
Quant pre-screen: 11/18 candidates passed.
Gemini proposed 2 trade(s) meeting the conviction bar.
Gemini calls used today (all models combined): 266
Market closed (overnight): queued 12 trade idea(s) for next-morning verification -- nothing submitted yet.
  -> queued SOLV buy (conf 89, stop 87.0, tp 94.0)
  -> queued COHR buy (conf 85, stop 105.5, tp 128.0)
  -> queued BSX buy (conf None, stop 49.01, tp 52.92)
  -> queued INTU buy (conf 82, stop 352.0, tp 390.0)
  -> queued EXE buy (conf 82, stop 92.66, tp 102.0)
  -> queued NWS buy (conf 80, stop 32.26, tp 36.5)
  -> queued DE buy (conf 85, stop 579.5, tp 673.87)
  -> queued DRI buy (conf 88, stop 213.0, tp 229.46)
  -> queued FDX buy (conf None, stop 317.065, tp 341.42)
  -> queued CPRT buy (conf None, stop 28.68, tp 34.625)
  -> queued CVX buy (conf None, stop 189.13, tp 208.91)
  -> queued DASH buy (conf 85, stop 210.0, tp 240.0)
Dashboard watchlist synced (6 symbols) for news/headlines.
Ending portfolio value: $99,039.83
Trade journal: all: 19 trades, 21% win rate, avg -2.19% | breakout: 1 trades, 0% win rate, avg -8.61% | other: 13 trades, 23% win rate, avg -1.93% | technical: 5 trades, 20% win rate, avg -1.58%
Self-learning: breakout: 1 trades, 0% win rate, avg -8.61% (LOSING) | other: 13 trades, 23% win rate, avg -1.93% (LOSING) | technical: 5 trades, 20% win rate, avg -1.58% (LOSING)
Performance: Total return +0.17% | Max drawdown 0.94% | Daily Sharpe 2.02 | 19 closed trades | Win rate 21% | Avg winner +1.83% | Avg loser -3.26% | Open positions: 4 | Equity $99,039.83
Engine P&L: legacy/unknown: realized $-1,705.68 (19 closed, 21% wins), unrealized $-64.86 (4 open) | Books: legacy: realized $-1,705.68, unrealized $-64.86
Reports: daily realized $+0.00; worst symbols none | weekly realized $-1,705.68; worst symbols HPE:-1286.89; COHR:-471.20; SNDK:-159.07; ANET:-45.31; NOW:-30.35
Shadow report: 2116 shadow candidate(s), 95 rejection group(s)
Timings: account: 0.0s | risk: 0.2s | decide: 3.7s | watchlist: 0.1s | perf: 0.0s

=== Run at 2026-08-22T17:02:27.812063 ===
Build fingerprint: 4f68550affe5
Current time: 2026-08-22 01:02 PM EDT | Market open (per Alpaca): False | Session: CLOSED
Account value: $99,039.83
Cash: $79,250.80 | Holdings (4): {'ERIE': '0.7641 sh (+2.23%)', 'GEHC': '0.6136 sh (+1.25%)', 'MS': '43.8344 sh (-3.06%)', 'MSI': '21.1281 sh (+2.28%)'}
Sector exposure (cached): Technology 10.2%, Financials 9.7%, Health Care 0.0%
Fill reconciliation: {'filled': 0, 'partial': 0, 'rejected': 1}
Open orders (2): ERIE sell 0.7641, MS sell 43.8344
Risk state: peak $99,703.60 | drawdown 0.67% | today -0.00% | halted: False
Market regime: NEUTRAL (position-size multiplier: 100% incl. circuit breaker 100%)
News: fetched 157, 1 new after dedup, 0 ticker(s) matched.
Quant pre-screen: 17/30 candidates passed.
Gemini proposed 2 trade(s) meeting the conviction bar.
Gemini calls used today (all models combined): 267
Market closed (overnight): queued 12 trade idea(s) for next-morning verification -- nothing submitted yet.
  -> queued SOLV buy (conf 89, stop 87.0, tp 94.0)
  -> queued COHR buy (conf 85, stop 105.5, tp 128.0)
  -> queued BSX buy (conf None, stop 49.01, tp 52.92)
  -> queued INTU buy (conf 82, stop 352.0, tp 390.0)
  -> queued EXE buy (conf 82, stop 92.66, tp 102.0)
  -> queued NWS buy (conf 80, stop 32.26, tp 36.5)
  -> queued DE buy (conf 85, stop 605.0, tp 690.0)
  -> queued DRI buy (conf 82, stop 211.0, tp 235.0)
  -> queued FDX buy (conf None, stop 317.065, tp 341.42)
  -> queued CPRT buy (conf None, stop 28.68, tp 34.625)
  -> queued CVX buy (conf None, stop 189.13, tp 208.91)
  -> queued DASH buy (conf 85, stop 210.0, tp 240.0)
Dashboard watchlist synced (6 symbols) for news/headlines.
Ending portfolio value: $99,039.83
Trade journal: all: 19 trades, 21% win rate, avg -2.19% | breakout: 1 trades, 0% win rate, avg -8.61% | other: 13 trades, 23% win rate, avg -1.93% | technical: 5 trades, 20% win rate, avg -1.58%
Self-learning: breakout: 1 trades, 0% win rate, avg -8.61% (LOSING) | other: 13 trades, 23% win rate, avg -1.93% (LOSING) | technical: 5 trades, 20% win rate, avg -1.58% (LOSING)
Performance: Total return +0.17% | Max drawdown 0.94% | Daily Sharpe 2.02 | 19 closed trades | Win rate 21% | Avg winner +1.83% | Avg loser -3.26% | Open positions: 4 | Equity $99,039.83
Engine P&L: legacy/unknown: realized $-1,705.68 (19 closed, 21% wins), unrealized $-64.86 (4 open) | Books: legacy: realized $-1,705.68, unrealized $-64.86
Reports: daily realized $+0.00; worst symbols none | weekly realized $-1,705.68; worst symbols HPE:-1286.89; COHR:-471.20; SNDK:-159.07; ANET:-45.31; NOW:-30.35
Shadow report: 2116 shadow candidate(s), 95 rejection group(s)
Timings: account: 0.0s | risk: 1.0s | decide: 10.5s | watchlist: 0.1s | perf: 0.1s

=== Run at 2026-08-22T17:04:24.633078 ===
Build fingerprint: 4f68550affe5
Current time: 2026-08-22 01:04 PM EDT | Market open (per Alpaca): False | Session: CLOSED
Account value: $99,039.83
Cash: $79,250.80 | Holdings (4): {'ERIE': '0.7641 sh (+2.23%)', 'GEHC': '0.6136 sh (+1.25%)', 'MS': '43.8344 sh (-3.06%)', 'MSI': '21.1281 sh (+2.28%)'}
Sector exposure (cached): Technology 10.2%, Financials 9.7%, Health Care 0.0%
Fill reconciliation: {'filled': 0, 'partial': 0, 'rejected': 1}
Open orders (2): ERIE sell 0.7641, MS sell 43.8344
Risk state: peak $99,703.60 | drawdown 0.67% | today -0.00% | halted: False
Market regime: NEUTRAL (position-size multiplier: 100% incl. circuit breaker 100%)
News: fetched 157, 5 new after dedup, 1 ticker(s) matched.
Quant pre-screen: 15/24 candidates passed.
Technical fallback (Gemini throttled/unavailable) proposed 8 trade(s) meeting the conviction bar.
Technical fallback cap omitted 2 weaker idea(s) this run.
Gemini calls used today (all models combined): 267
Market closed (overnight): queued 12 trade idea(s) for next-morning verification -- nothing submitted yet.
  -> queued SOLV buy (conf 89, stop 87.0, tp 94.0)
  -> queued COHR buy (conf 85, stop 105.5, tp 128.0)
  -> queued BSX buy (conf None, stop 49.01, tp 52.92)
  -> queued DASH buy (conf 85, stop 210.0, tp 240.0)
  -> queued INTU buy (conf 82, stop 352.0, tp 390.0)
  -> queued EXE buy (conf 82, stop 92.66, tp 102.0)
  -> queued NWS buy (conf 80, stop 32.26, tp 36.5)
  -> queued DE buy (conf None, stop 579.5, tp 654.135)
  -> queued DRI buy (conf None, stop 212.995, tp 229.46)
  -> queued FDX buy (conf None, stop 317.065, tp 341.42)
  -> queued CPRT buy (conf None, stop 28.68, tp 34.625)
  -> queued CVX buy (conf None, stop 189.13, tp 208.91)
Run budget reserve reached -- skipping dashboard watchlist sync.
Run budget reserve reached -- skipping performance snapshot.
Trade journal: all: 19 trades, 21% win rate, avg -2.19% | breakout: 1 trades, 0% win rate, avg -8.61% | other: 13 trades, 23% win rate, avg -1.93% | technical: 5 trades, 20% win rate, avg -1.58%
Self-learning: breakout: 1 trades, 0% win rate, avg -8.61% (LOSING) | other: 13 trades, 23% win rate, avg -1.93% (LOSING) | technical: 5 trades, 20% win rate, avg -1.58% (LOSING)
Performance: Total return +0.17% | Max drawdown 0.94% | Daily Sharpe 2.02 | 19 closed trades | Win rate 21% | Avg winner +1.83% | Avg loser -3.26% | Open positions: 4 | Equity $99,039.83
Engine P&L: legacy/unknown: realized $-1,705.68 (19 closed, 21% wins), unrealized $-64.86 (4 open) | Books: legacy: realized $-1,705.68, unrealized $-64.86
Reports: daily realized $+0.00; worst symbols none | weekly realized $-1,705.68; worst symbols HPE:-1286.89; COHR:-471.20; SNDK:-159.07; ANET:-45.31; NOW:-30.35
Shadow report: 2116 shadow candidate(s), 95 rejection group(s)
Timings: account: 0.0s | risk: 1.1s | decide: 23.5s | watchlist: 0.0s | perf: 0.0s

=== Run at 2026-08-22T17:06:25.310910 ===
Build fingerprint: 4f68550affe5
Current time: 2026-08-22 01:06 PM EDT | Market open (per Alpaca): False | Session: CLOSED
Account value: $99,039.83
Cash: $79,250.80 | Holdings (4): {'ERIE': '0.7641 sh (+2.23%)', 'GEHC': '0.6136 sh (+1.25%)', 'MS': '43.8344 sh (-3.06%)', 'MSI': '21.1281 sh (+2.28%)'}
Sector exposure (cached): Technology 10.2%, Financials 9.7%, Health Care 0.0%
Fill reconciliation: {'filled': 0, 'partial': 0, 'rejected': 1}
Open orders (2): ERIE sell 0.7641, MS sell 43.8344
Risk state: peak $99,703.60 | drawdown 0.67% | today -0.00% | halted: False
Market regime: NEUTRAL (position-size multiplier: 100% incl. circuit breaker 100%)
News: fetched 157, 0 new after dedup, 0 ticker(s) matched.
Quant pre-screen: 33/54 candidates passed.
Gemini proposed 3 trade(s) meeting the conviction bar.
Gemini calls used today (all models combined): 268
Market closed (overnight): queued 12 trade idea(s) for next-morning verification -- nothing submitted yet.
  -> queued SOLV buy (conf 89, stop 87.0, tp 94.0)
  -> queued COHR buy (conf 85, stop 105.5, tp 128.0)
  -> queued BSX buy (conf None, stop 49.01, tp 52.92)
  -> queued DASH buy (conf 80, stop 206.73, tp 225.9)
  -> queued INTU buy (conf 82, stop 352.0, tp 390.0)
  -> queued EXE buy (conf 82, stop 92.66, tp 102.0)
  -> queued NWS buy (conf 80, stop 32.26, tp 36.5)
  -> queued DE buy (conf 82, stop 579.5, tp 673.87)
  -> queued DRI buy (conf 85, stop 213.0, tp 229.46)
  -> queued FDX buy (conf None, stop 317.065, tp 341.42)
  -> queued CPRT buy (conf None, stop 28.68, tp 34.625)
  -> queued CVX buy (conf None, stop 189.13, tp 208.91)
Dashboard watchlist synced (7 symbols) for news/headlines.
Ending portfolio value: $99,039.83
Trade journal: all: 19 trades, 21% win rate, avg -2.19% | breakout: 1 trades, 0% win rate, avg -8.61% | other: 13 trades, 23% win rate, avg -1.93% | technical: 5 trades, 20% win rate, avg -1.58%
Self-learning: breakout: 1 trades, 0% win rate, avg -8.61% (LOSING) | other: 13 trades, 23% win rate, avg -1.93% (LOSING) | technical: 5 trades, 20% win rate, avg -1.58% (LOSING)
Performance: Total return +0.17% | Max drawdown 0.94% | Daily Sharpe 2.02 | 19 closed trades | Win rate 21% | Avg winner +1.83% | Avg loser -3.26% | Open positions: 4 | Equity $99,039.83
Engine P&L: legacy/unknown: realized $-1,705.68 (19 closed, 21% wins), unrealized $-64.86 (4 open) | Books: legacy: realized $-1,705.68, unrealized $-64.86
Reports: daily realized $+0.00; worst symbols none | weekly realized $-1,705.68; worst symbols HPE:-1286.89; COHR:-471.20; SNDK:-159.07; ANET:-45.31; NOW:-30.35
Shadow report: 2116 shadow candidate(s), 95 rejection group(s)
Timings: account: 0.0s | risk: 0.2s | decide: 3.8s | watchlist: 0.0s | perf: 0.1s

=== Run at 2026-08-22T17:08:28.334659 ===
Build fingerprint: 4f68550affe5
Current time: 2026-08-22 01:08 PM EDT | Market open (per Alpaca): False | Session: CLOSED
Account value: $99,039.83
Cash: $79,250.80 | Holdings (4): {'ERIE': '0.7641 sh (+2.23%)', 'GEHC': '0.6136 sh (+1.25%)', 'MS': '43.8344 sh (-3.06%)', 'MSI': '21.1281 sh (+2.28%)'}
Sector exposure (cached): Technology 10.2%, Financials 9.7%, Health Care 0.0%
Fill reconciliation: {'filled': 0, 'partial': 0, 'rejected': 1}
Open orders (2): ERIE sell 0.7641, MS sell 43.8344
Risk state: peak $99,703.60 | drawdown 0.67% | today -0.00% | halted: False
Market regime: NEUTRAL (position-size multiplier: 100% incl. circuit breaker 100%)
News: fetched 157, 0 new after dedup, 0 ticker(s) matched.
Quant pre-screen: 41/66 candidates passed.
Gemini proposed 3 trade(s) meeting the conviction bar.
Gemini calls used today (all models combined): 269
Market closed (overnight): queued 12 trade idea(s) for next-morning verification -- nothing submitted yet.
  -> queued SOLV buy (conf 89, stop 87.0, tp 94.0)
  -> queued DRI buy (conf 88, stop 213.0, tp 229.46)
  -> queued COHR buy (conf 85, stop 105.5, tp 128.0)
  -> queued BSX buy (conf None, stop 49.01, tp 52.92)
  -> queued DE buy (conf 85, stop 579.5, tp 673.87)
  -> queued EQIX buy (conf 84, stop 1030.91, tp 1106.76)
  -> queued INTU buy (conf 82, stop 352.0, tp 390.0)
  -> queued EXE buy (conf 82, stop 92.66, tp 102.0)
  -> queued DASH buy (conf 80, stop 206.73, tp 225.9)
  -> queued NWS buy (conf 80, stop 32.26, tp 36.5)
  -> queued FDX buy (conf None, stop 317.065, tp 341.42)
  -> queued CPRT buy (conf None, stop 28.68, tp 34.625)
Dashboard watchlist synced (7 symbols) for news/headlines.
Ending portfolio value: $99,039.83
Trade journal: all: 19 trades, 21% win rate, avg -2.19% | breakout: 1 trades, 0% win rate, avg -8.61% | other: 13 trades, 23% win rate, avg -1.93% | technical: 5 trades, 20% win rate, avg -1.58%
Self-learning: breakout: 1 trades, 0% win rate, avg -8.61% (LOSING) | other: 13 trades, 23% win rate, avg -1.93% (LOSING) | technical: 5 trades, 20% win rate, avg -1.58% (LOSING)
Performance: Total return +0.17% | Max drawdown 0.94% | Daily Sharpe 2.02 | 19 closed trades | Win rate 21% | Avg winner +1.83% | Avg loser -3.26% | Open positions: 4 | Equity $99,039.83
Engine P&L: legacy/unknown: realized $-1,705.68 (19 closed, 21% wins), unrealized $-64.86 (4 open) | Books: legacy: realized $-1,705.68, unrealized $-64.86
Reports: daily realized $+0.00; worst symbols none | weekly realized $-1,705.68; worst symbols HPE:-1286.89; COHR:-471.20; SNDK:-159.07; ANET:-45.31; NOW:-30.35
Shadow report: 2116 shadow candidate(s), 95 rejection group(s)
Timings: account: 0.0s | risk: 1.2s | decide: 11.0s | watchlist: 0.1s | perf: 0.2s

=== Run at 2026-08-22T17:10:30.776560 ===
Build fingerprint: 4f68550affe5
Current time: 2026-08-22 01:10 PM EDT | Market open (per Alpaca): False | Session: CLOSED
Account value: $99,039.83
Cash: $79,250.80 | Holdings (4): {'ERIE': '0.7641 sh (+2.23%)', 'GEHC': '0.6136 sh (+1.25%)', 'MS': '43.8344 sh (-3.06%)', 'MSI': '21.1281 sh (+2.28%)'}
Sector exposure (cached): Technology 10.2%, Financials 9.7%, Health Care 0.0%
Fill reconciliation: {'filled': 0, 'partial': 0, 'rejected': 1}
Open orders (2): ERIE sell 0.7641, MS sell 43.8344
Risk state: peak $99,703.60 | drawdown 0.67% | today -0.00% | halted: False
Market regime: NEUTRAL (position-size multiplier: 100% incl. circuit breaker 100%)
News: fetched 158, 2 new after dedup, 0 ticker(s) matched.
Quant pre-screen: 41/66 candidates passed.
Gemini proposed 3 trade(s) meeting the conviction bar.
Gemini calls used today (all models combined): 270
Market closed (overnight): queued 12 trade idea(s) for next-morning verification -- nothing submitted yet.
  -> queued SOLV buy (conf 89, stop 87.0, tp 94.0)
  -> queued DRI buy (conf 88, stop 213.0, tp 235.00000000000003)
  -> queued COHR buy (conf 85, stop 105.5, tp 128.0)
  -> queued BSX buy (conf None, stop 49.01, tp 52.92)
  -> queued DE buy (conf 85, stop 579.5, tp 690.0000000000001)
  -> queued EQIX buy (conf 84, stop 1030.91, tp 1106.76)
  -> queued INTU buy (conf 82, stop 352.0, tp 390.0)
  -> queued EXE buy (conf 82, stop 92.66, tp 102.0)
  -> queued CVX buy (conf 82, stop 189.13, tp 218.00000000000003)
  -> queued DASH buy (conf 80, stop 206.73, tp 225.9)
  -> queued NWS buy (conf 80, stop 32.26, tp 36.5)
  -> queued FDX buy (conf None, stop 317.065, tp 341.42)
Dashboard watchlist synced (7 symbols) for news/headlines.
Ending portfolio value: $99,039.83
Trade journal: all: 19 trades, 21% win rate, avg -2.19% | breakout: 1 trades, 0% win rate, avg -8.61% | other: 13 trades, 23% win rate, avg -1.93% | technical: 5 trades, 20% win rate, avg -1.58%
Self-learning: breakout: 1 trades, 0% win rate, avg -8.61% (LOSING) | other: 13 trades, 23% win rate, avg -1.93% (LOSING) | technical: 5 trades, 20% win rate, avg -1.58% (LOSING)
Performance: Total return +0.17% | Max drawdown 0.94% | Daily Sharpe 2.02 | 19 closed trades | Win rate 21% | Avg winner +1.83% | Avg loser -3.26% | Open positions: 4 | Equity $99,039.83
Engine P&L: legacy/unknown: realized $-1,705.68 (19 closed, 21% wins), unrealized $-64.86 (4 open) | Books: legacy: realized $-1,705.68, unrealized $-64.86
Reports: daily realized $+0.00; worst symbols none | weekly realized $-1,705.68; worst symbols HPE:-1286.89; COHR:-471.20; SNDK:-159.07; ANET:-45.31; NOW:-30.35
Shadow report: 2116 shadow candidate(s), 95 rejection group(s)
Timings: account: 0.0s | risk: 0.3s | decide: 3.2s | watchlist: 0.0s | perf: 0.0s

=== Run at 2026-08-22T17:12:53.332020 ===
=== Run at 2026-08-22T17:12:16.940423 ===
Build fingerprint: 4f68550affe5
Current time: 2026-08-22 01:12 PM EDT | Market open (per Alpaca): False | Session: CLOSED
Account value: $99,039.83
Cash: $79,250.80 | Holdings (4): {'ERIE': '0.7641 sh (+2.23%)', 'GEHC': '0.6136 sh (+1.25%)', 'MS': '43.8344 sh (-3.06%)', 'MSI': '21.1281 sh (+2.28%)'}
Sector exposure (cached): Technology 10.2%, Financials 9.7%, Health Care 0.0%
Fill reconciliation: {'filled': 0, 'partial': 0, 'rejected': 1}
Open orders (2): ERIE sell 0.7641, MS sell 43.8344
Risk state: peak $99,703.60 | drawdown 0.67% | today -0.00% | halted: False
Market regime: NEUTRAL (position-size multiplier: 100% incl. circuit breaker 100%)
News: fetched 158, 0 new after dedup, 0 ticker(s) matched.
Quant pre-screen: 41/66 candidates passed.
Gemini proposed 3 trade(s) meeting the conviction bar.
Gemini calls used today (all models combined): 271
Market closed (overnight): queued 12 trade idea(s) for next-morning verification -- nothing submitted yet.
  -> queued SOLV buy (conf 89, stop 87.0, tp 94.0)
  -> queued DRI buy (conf 90, stop 213.0, tp 229.46)
  -> queued COHR buy (conf 85, stop 105.5, tp 128.0)
  -> queued BSX buy (conf None, stop 49.01, tp 52.92)
  -> queued DE buy (conf 92, stop 579.5, tp 673.87)
  -> queued EQIX buy (conf 84, stop 1030.91, tp 1106.76)
  -> queued INTU buy (conf 82, stop 352.0, tp 390.0)
  -> queued EXE buy (conf 82, stop 92.66, tp 102.0)
  -> queued CVX buy (conf 88, stop 189.13, tp 214.65)
  -> queued DASH buy (conf 80, stop 206.73, tp 225.9)
  -> queued NWS buy (conf 80, stop 32.26, tp 36.5)
  -> queued FDX buy (conf None, stop 317.065, tp 341.42)
Dashboard watchlist synced (7 symbols) for news/headlines.
Gemini proposed 2 trade(s) meeting the conviction bar.
Gemini calls used today (all models combined): 271
Market closed (overnight): queued 12 trade idea(s) for next-morning verification -- nothing submitted yet.
  -> queued SOLV buy (conf 89, stop 87.0, tp 94.0)
  -> queued DRI buy (conf 92, stop 213.0, tp 229.46)
  -> queued COHR buy (conf 85, stop 105.5, tp 128.0)
  -> queued BSX buy (conf None, stop 49.01, tp 52.92)
  -> queued DE buy (conf 88, stop 579.5, tp 673.87)
  -> queued EQIX buy (conf 84, stop 1030.91, tp 1106.76)
  -> queued INTU buy (conf 82, stop 352.0, tp 390.0)
  -> queued EXE buy (conf 82, stop 92.66, tp 102.0)
  -> queued CVX buy (conf 82, stop 189.13, tp 218.00000000000003)
  -> queued DASH buy (conf 80, stop 206.73, tp 225.9)
  -> queued NWS buy (conf 80, stop 32.26, tp 36.5)
  -> queued FDX buy (conf None, stop 317.065, tp 341.42)
Dashboard watchlist synced (6 symbols) for news/headlines.
Ending portfolio value: $99,039.83
Trade journal: all: 19 trades, 21% win rate, avg -2.19% | breakout: 1 trades, 0% win rate, avg -8.61% | other: 13 trades, 23% win rate, avg -1.93% | technical: 5 trades, 20% win rate, avg -1.58%
Self-learning: breakout: 1 trades, 0% win rate, avg -8.61% (LOSING) | other: 13 trades, 23% win rate, avg -1.93% (LOSING) | technical: 5 trades, 20% win rate, avg -1.58% (LOSING)
Performance: Total return +0.17% | Max drawdown 0.94% | Daily Sharpe 2.02 | 19 closed trades | Win rate 21% | Avg winner +1.83% | Avg loser -3.26% | Open positions: 4 | Equity $99,039.83
Engine P&L: legacy/unknown: realized $-1,705.68 (19 closed, 21% wins), unrealized $-64.86 (4 open) | Books: legacy: realized $-1,705.68, unrealized $-64.86
Reports: daily realized $+0.00; worst symbols none | weekly realized $-1,705.68; worst symbols HPE:-1286.89; COHR:-471.20; SNDK:-159.07; ANET:-45.31; NOW:-30.35
Shadow report: 2116 shadow candidate(s), 95 rejection group(s)
Timings: account: 0.0s | risk: 1.2s | decide: 11.4s | watchlist: 0.1s | perf: 0.2s
Timings: account: 0.0s | risk: 1.2s | decide: 7.1s | watchlist: 0.1s | perf: 0.2s

=== Run at 2026-08-22T17:14:23.089654 ===
Build fingerprint: 4f68550affe5
Current time: 2026-08-22 01:14 PM EDT | Market open (per Alpaca): False | Session: CLOSED
Account value: $99,039.83
Cash: $79,250.80 | Holdings (4): {'ERIE': '0.7641 sh (+2.23%)', 'GEHC': '0.6136 sh (+1.25%)', 'MS': '43.8344 sh (-3.06%)', 'MSI': '21.1281 sh (+2.28%)'}
Sector exposure (cached): Technology 10.2%, Financials 9.7%, Health Care 0.0%
Fill reconciliation: {'filled': 0, 'partial': 0, 'rejected': 1}
Open orders (2): ERIE sell 0.7641, MS sell 43.8344
Risk state: peak $99,703.60 | drawdown 0.67% | today -0.00% | halted: False
Market regime: NEUTRAL (position-size multiplier: 100% incl. circuit breaker 100%)
News: fetched 158, 0 new after dedup, 0 ticker(s) matched.
Quant pre-screen: 41/66 candidates passed.
Gemini proposed 2 trade(s) meeting the conviction bar.
Gemini calls used today (all models combined): 272
Market closed (overnight): queued 12 trade idea(s) for next-morning verification -- nothing submitted yet.
  -> queued SOLV buy (conf 89, stop 87.0, tp 94.0)
  -> queued DRI buy (conf 82, stop 213.0, tp 229.46)
  -> queued COHR buy (conf 85, stop 105.5, tp 128.0)
  -> queued BSX buy (conf None, stop 49.01, tp 52.92)
  -> queued DE buy (conf 85, stop 625.0, tp 670.0)
  -> queued EQIX buy (conf 84, stop 1030.91, tp 1106.76)
  -> queued INTU buy (conf 82, stop 352.0, tp 390.0)
  -> queued EXE buy (conf 82, stop 92.66, tp 102.0)
  -> queued CVX buy (conf 88, stop 189.13, tp 214.65)
  -> queued DASH buy (conf 80, stop 206.73, tp 225.9)
  -> queued NWS buy (conf 80, stop 32.26, tp 36.5)
  -> queued FDX buy (conf None, stop 317.065, tp 341.42)
Dashboard watchlist synced (6 symbols) for news/headlines.
Ending portfolio value: $99,039.83
Trade journal: all: 19 trades, 21% win rate, avg -2.19% | breakout: 1 trades, 0% win rate, avg -8.61% | other: 13 trades, 23% win rate, avg -1.93% | technical: 5 trades, 20% win rate, avg -1.58%
Self-learning: breakout: 1 trades, 0% win rate, avg -8.61% (LOSING) | other: 13 trades, 23% win rate, avg -1.93% (LOSING) | technical: 5 trades, 20% win rate, avg -1.58% (LOSING)
Performance: Total return +0.17% | Max drawdown 0.94% | Daily Sharpe 2.02 | 19 closed trades | Win rate 21% | Avg winner +1.83% | Avg loser -3.26% | Open positions: 4 | Equity $99,039.83
Engine P&L: legacy/unknown: realized $-1,705.68 (19 closed, 21% wins), unrealized $-64.86 (4 open) | Books: legacy: realized $-1,705.68, unrealized $-64.86
Reports: daily realized $+0.00; worst symbols none | weekly realized $-1,705.68; worst symbols HPE:-1286.89; COHR:-471.20; SNDK:-159.07; ANET:-45.31; NOW:-30.35
Shadow report: 2116 shadow candidate(s), 95 rejection group(s)
Timings: account: 0.0s | risk: 0.3s | decide: 2.6s | watchlist: 0.0s | perf: 0.0s

=== Run at 2026-08-22T17:16:26.853996 ===
Build fingerprint: 4f68550affe5
Current time: 2026-08-22 01:16 PM EDT | Market open (per Alpaca): False | Session: CLOSED
Account value: $99,039.83
Cash: $79,250.80 | Holdings (4): {'ERIE': '0.7641 sh (+2.23%)', 'GEHC': '0.6136 sh (+1.25%)', 'MS': '43.8344 sh (-3.06%)', 'MSI': '21.1281 sh (+2.28%)'}
Sector exposure (cached): Technology 10.2%, Financials 9.7%, Health Care 0.0%
Fill reconciliation: {'filled': 0, 'partial': 0, 'rejected': 1}
Open orders (2): ERIE sell 0.7641, MS sell 43.8344
Risk state: peak $99,703.60 | drawdown 0.67% | today -0.00% | halted: False
Market regime: NEUTRAL (position-size multiplier: 100% incl. circuit breaker 100%)
News: fetched 158, 1 new after dedup, 0 ticker(s) matched.
Quant pre-screen: 41/66 candidates passed.
Gemini proposed 3 trade(s) meeting the conviction bar.
Gemini calls used today (all models combined): 273
Market closed (overnight): queued 12 trade idea(s) for next-morning verification -- nothing submitted yet.
  -> queued SOLV buy (conf 89, stop 87.0, tp 94.0)
  -> queued DRI buy (conf 82, stop 211.0, tp 235.0)
  -> queued COHR buy (conf 85, stop 105.5, tp 128.0)
  -> queued BSX buy (conf None, stop 49.01, tp 52.92)
  -> queued DE buy (conf 85, stop 605.0, tp 685.0)
  -> queued EQIX buy (conf 84, stop 1030.91, tp 1106.76)
  -> queued INTU buy (conf 82, stop 352.0, tp 390.0)
  -> queued EXE buy (conf 82, stop 92.66, tp 102.0)
  -> queued CVX buy (conf 80, stop 196.5, tp 218.0)
  -> queued DASH buy (conf 80, stop 206.73, tp 225.9)
  -> queued NWS buy (conf 80, stop 32.26, tp 36.5)
  -> queued FDX buy (conf None, stop 317.065, tp 341.42)
Dashboard watchlist synced (7 symbols) for news/headlines.
Ending portfolio value: $99,039.83
Trade journal: all: 19 trades, 21% win rate, avg -2.19% | breakout: 1 trades, 0% win rate, avg -8.61% | other: 13 trades, 23% win rate, avg -1.93% | technical: 5 trades, 20% win rate, avg -1.58%
Self-learning: breakout: 1 trades, 0% win rate, avg -8.61% (LOSING) | other: 13 trades, 23% win rate, avg -1.93% (LOSING) | technical: 5 trades, 20% win rate, avg -1.58% (LOSING)
Performance: Total return +0.17% | Max drawdown 0.94% | Daily Sharpe 2.02 | 19 closed trades | Win rate 21% | Avg winner +1.83% | Avg loser -3.26% | Open positions: 4 | Equity $99,039.83
Engine P&L: legacy/unknown: realized $-1,705.68 (19 closed, 21% wins), unrealized $-64.86 (4 open) | Books: legacy: realized $-1,705.68, unrealized $-64.86
Reports: daily realized $+0.00; worst symbols none | weekly realized $-1,705.68; worst symbols HPE:-1286.89; COHR:-471.20; SNDK:-159.07; ANET:-45.31; NOW:-30.35
Shadow report: 2116 shadow candidate(s), 95 rejection group(s)
Timings: account: 0.0s | risk: 1.3s | decide: 8.1s | watchlist: 0.2s | perf: 0.2s

=== Run at 2026-08-22T17:18:27.265349 ===
Build fingerprint: 4f68550affe5
Current time: 2026-08-22 01:18 PM EDT | Market open (per Alpaca): False | Session: CLOSED
Account value: $99,039.83
Cash: $79,250.80 | Holdings (4): {'ERIE': '0.7641 sh (+2.23%)', 'GEHC': '0.6136 sh (+1.25%)', 'MS': '43.8344 sh (-3.06%)', 'MSI': '21.1281 sh (+2.28%)'}
Sector exposure (cached): Technology 10.2%, Financials 9.7%, Health Care 0.0%
Fill reconciliation: {'filled': 0, 'partial': 0, 'rejected': 1}
Open orders (2): ERIE sell 0.7641, MS sell 43.8344
Risk state: peak $99,703.60 | drawdown 0.67% | today -0.00% | halted: False
Market regime: NEUTRAL (position-size multiplier: 100% incl. circuit breaker 100%)
News: fetched 158, 0 new after dedup, 0 ticker(s) matched.
Quant pre-screen: 41/66 candidates passed.
Gemini proposed 1 trade(s) meeting the conviction bar.
Gemini calls used today (all models combined): 274
Market closed (overnight): queued 12 trade idea(s) for next-morning verification -- nothing submitted yet.
  -> queued SOLV buy (conf 89, stop 87.0, tp 94.0)
  -> queued DRI buy (conf 85, stop 213.0, tp 232.5)
  -> queued COHR buy (conf 85, stop 105.5, tp 128.0)
  -> queued BSX buy (conf None, stop 49.01, tp 52.92)
  -> queued DE buy (conf 85, stop 605.0, tp 685.0)
  -> queued EQIX buy (conf 84, stop 1030.91, tp 1106.76)
  -> queued INTU buy (conf 82, stop 352.0, tp 390.0)
  -> queued EXE buy (conf 82, stop 92.66, tp 102.0)
  -> queued CVX buy (conf 80, stop 196.5, tp 218.0)
  -> queued DASH buy (conf 80, stop 206.73, tp 225.9)
  -> queued NWS buy (conf 80, stop 32.26, tp 36.5)
  -> queued FDX buy (conf None, stop 317.065, tp 341.42)
Dashboard watchlist synced (5 symbols) for news/headlines.
Ending portfolio value: $99,039.83
Trade journal: all: 19 trades, 21% win rate, avg -2.19% | breakout: 1 trades, 0% win rate, avg -8.61% | other: 13 trades, 23% win rate, avg -1.93% | technical: 5 trades, 20% win rate, avg -1.58%
Self-learning: breakout: 1 trades, 0% win rate, avg -8.61% (LOSING) | other: 13 trades, 23% win rate, avg -1.93% (LOSING) | technical: 5 trades, 20% win rate, avg -1.58% (LOSING)
Performance: Total return +0.17% | Max drawdown 0.94% | Daily Sharpe 2.02 | 19 closed trades | Win rate 21% | Avg winner +1.83% | Avg loser -3.26% | Open positions: 4 | Equity $99,039.83
Engine P&L: legacy/unknown: realized $-1,705.68 (19 closed, 21% wins), unrealized $-64.86 (4 open) | Books: legacy: realized $-1,705.68, unrealized $-64.86
Reports: daily realized $+0.00; worst symbols none | weekly realized $-1,705.68; worst symbols HPE:-1286.89; COHR:-471.20; SNDK:-159.07; ANET:-45.31; NOW:-30.35
Shadow report: 2116 shadow candidate(s), 95 rejection group(s)
Timings: account: 0.0s | risk: 0.4s | decide: 4.9s | watchlist: 0.0s | perf: 0.0s

=== Run at 2026-08-22T17:20:29.915703 ===
Build fingerprint: 4f68550affe5
Current time: 2026-08-22 01:20 PM EDT | Market open (per Alpaca): False | Session: CLOSED
Account value: $99,039.83
Cash: $79,250.80 | Holdings (4): {'ERIE': '0.7641 sh (+2.23%)', 'GEHC': '0.6136 sh (+1.25%)', 'MS': '43.8344 sh (-3.06%)', 'MSI': '21.1281 sh (+2.28%)'}
Sector exposure (cached): Technology 10.2%, Financials 9.7%, Health Care 0.0%
Fill reconciliation: {'filled': 0, 'partial': 0, 'rejected': 1}
Open orders (2): ERIE sell 0.7641, MS sell 43.8344
Risk state: peak $99,703.60 | drawdown 0.67% | today -0.00% | halted: False
Market regime: NEUTRAL (position-size multiplier: 100% incl. circuit breaker 100%)
News: fetched 158, 1 new after dedup, 2 ticker(s) matched.
Quant pre-screen: 15/24 candidates passed.
Gemini proposed 2 trade(s) meeting the conviction bar.
Gemini calls used today (all models combined): 275
Market closed (overnight): queued 12 trade idea(s) for next-morning verification -- nothing submitted yet.
  -> queued SOLV buy (conf 89, stop 87.0, tp 94.0)
  -> queued DRI buy (conf 85, stop 213.0, tp 235.00000000000003)
  -> queued COHR buy (conf 85, stop 105.5, tp 128.0)
  -> queued BSX buy (conf None, stop 49.01, tp 52.92)
  -> queued DE buy (conf 82, stop 579.5, tp 680.0)
  -> queued EQIX buy (conf 84, stop 1030.91, tp 1106.76)
  -> queued INTU buy (conf 82, stop 352.0, tp 390.0)
  -> queued EXE buy (conf 82, stop 92.66, tp 102.0)
  -> queued CVX buy (conf 80, stop 196.5, tp 218.0)
  -> queued DASH buy (conf 80, stop 206.73, tp 225.9)
  -> queued NWS buy (conf 80, stop 32.26, tp 36.5)
  -> queued FDX buy (conf None, stop 317.065, tp 341.42)
Dashboard watchlist synced (8 symbols) for news/headlines.
Ending portfolio value: $99,039.83
Trade journal: all: 19 trades, 21% win rate, avg -2.19% | breakout: 1 trades, 0% win rate, avg -8.61% | other: 13 trades, 23% win rate, avg -1.93% | technical: 5 trades, 20% win rate, avg -1.58%
Self-learning: breakout: 1 trades, 0% win rate, avg -8.61% (LOSING) | other: 13 trades, 23% win rate, avg -1.93% (LOSING) | technical: 5 trades, 20% win rate, avg -1.58% (LOSING)
Performance: Total return +0.17% | Max drawdown 0.94% | Daily Sharpe 2.02 | 19 closed trades | Win rate 21% | Avg winner +1.83% | Avg loser -3.26% | Open positions: 4 | Equity $99,039.83
Engine P&L: legacy/unknown: realized $-1,705.68 (19 closed, 21% wins), unrealized $-64.86 (4 open) | Books: legacy: realized $-1,705.68, unrealized $-64.86
Reports: daily realized $+0.00; worst symbols none | weekly realized $-1,705.68; worst symbols HPE:-1286.89; COHR:-471.20; SNDK:-159.07; ANET:-45.31; NOW:-30.35
Shadow report: 2116 shadow candidate(s), 95 rejection group(s)
Timings: account: 0.0s | risk: 1.1s | decide: 10.9s | watchlist: 0.1s | perf: 0.1s

=== Run at 2026-08-22T17:22:24.815170 ===
Build fingerprint: 4f68550affe5
Current time: 2026-08-22 01:22 PM EDT | Market open (per Alpaca): False | Session: CLOSED
Account value: $99,039.83
Cash: $79,250.80 | Holdings (4): {'ERIE': '0.7641 sh (+2.23%)', 'GEHC': '0.6136 sh (+1.25%)', 'MS': '43.8344 sh (-3.06%)', 'MSI': '21.1281 sh (+2.28%)'}
Sector exposure (cached): Technology 10.2%, Financials 9.7%, Health Care 0.0%
Fill reconciliation: {'filled': 0, 'partial': 0, 'rejected': 1}
Open orders (2): ERIE sell 0.7641, MS sell 43.8344
Risk state: peak $99,703.60 | drawdown 0.67% | today -0.00% | halted: False
Market regime: NEUTRAL (position-size multiplier: 100% incl. circuit breaker 100%)
News: fetched 158, 0 new after dedup, 0 ticker(s) matched.
Quant pre-screen: 41/66 candidates passed.
Gemini proposed 3 trade(s) meeting the conviction bar.
Gemini calls used today (all models combined): 276
Market closed (overnight): queued 12 trade idea(s) for next-morning verification -- nothing submitted yet.
  -> queued SOLV buy (conf 89, stop 87.0, tp 94.0)
  -> queued DRI buy (conf 82, stop 208.5, tp 235.0)
  -> queued COHR buy (conf 85, stop 105.5, tp 128.0)
  -> queued BSX buy (conf None, stop 49.01, tp 52.92)
  -> queued DE buy (conf 85, stop 605.5, tp 690.0000000000001)
  -> queued EQIX buy (conf 84, stop 1030.91, tp 1106.76)
  -> queued INTU buy (conf 82, stop 352.0, tp 390.0)
  -> queued EXE buy (conf 82, stop 92.66, tp 102.0)
  -> queued CVX buy (conf 80, stop 196.5, tp 218.0)
  -> queued DASH buy (conf 80, stop 210.0, tp 240.0)
  -> queued NWS buy (conf 80, stop 32.26, tp 36.5)
  -> queued FDX buy (conf None, stop 317.065, tp 341.42)
Dashboard watchlist synced (7 symbols) for news/headlines.
Ending portfolio value: $99,039.83
Trade journal: all: 19 trades, 21% win rate, avg -2.19% | breakout: 1 trades, 0% win rate, avg -8.61% | other: 13 trades, 23% win rate, avg -1.93% | technical: 5 trades, 20% win rate, avg -1.58%
Self-learning: breakout: 1 trades, 0% win rate, avg -8.61% (LOSING) | other: 13 trades, 23% win rate, avg -1.93% (LOSING) | technical: 5 trades, 20% win rate, avg -1.58% (LOSING)
Performance: Total return +0.17% | Max drawdown 0.94% | Daily Sharpe 2.02 | 19 closed trades | Win rate 21% | Avg winner +1.83% | Avg loser -3.26% | Open positions: 4 | Equity $99,039.83
Engine P&L: legacy/unknown: realized $-1,705.68 (19 closed, 21% wins), unrealized $-64.86 (4 open) | Books: legacy: realized $-1,705.68, unrealized $-64.86
Reports: daily realized $+0.00; worst symbols none | weekly realized $-1,705.68; worst symbols HPE:-1286.89; COHR:-471.20; SNDK:-159.07; ANET:-45.31; NOW:-30.35
Shadow report: 2116 shadow candidate(s), 95 rejection group(s)
Timings: account: 0.0s | risk: 0.8s | decide: 7.0s | watchlist: 0.1s | perf: 0.1s

=== Run at 2026-08-22T17:24:25.510271 ===
Build fingerprint: 4f68550affe5
Current time: 2026-08-22 01:24 PM EDT | Market open (per Alpaca): False | Session: CLOSED
Account value: $99,039.83
Cash: $79,250.80 | Holdings (4): {'ERIE': '0.7641 sh (+2.23%)', 'GEHC': '0.6136 sh (+1.25%)', 'MS': '43.8344 sh (-3.06%)', 'MSI': '21.1281 sh (+2.28%)'}
Sector exposure (cached): Technology 10.2%, Financials 9.7%, Health Care 0.0%
Fill reconciliation: {'filled': 0, 'partial': 0, 'rejected': 1}
Open orders (2): ERIE sell 0.7641, MS sell 43.8344
Risk state: peak $99,703.60 | drawdown 0.67% | today -0.00% | halted: False
Market regime: NEUTRAL (position-size multiplier: 100% incl. circuit breaker 100%)
News: fetched 158, 0 new after dedup, 0 ticker(s) matched.
Quant pre-screen: 41/66 candidates passed.
Gemini proposed 2 trade(s) meeting the conviction bar.
Gemini calls used today (all models combined): 277
Market closed (overnight): queued 12 trade idea(s) for next-morning verification -- nothing submitted yet.
  -> queued SOLV buy (conf 89, stop 87.0, tp 94.0)
  -> queued DRI buy (conf 88, stop 213.0, tp 235.00000000000003)
  -> queued COHR buy (conf 85, stop 105.5, tp 128.0)
  -> queued BSX buy (conf None, stop 49.01, tp 52.92)
  -> queued DE buy (conf 85, stop 579.5, tp 687.4199999999998)
  -> queued EQIX buy (conf 84, stop 1030.91, tp 1106.76)
  -> queued INTU buy (conf 82, stop 352.0, tp 390.0)
  -> queued EXE buy (conf 82, stop 92.66, tp 102.0)
  -> queued CVX buy (conf 80, stop 196.5, tp 218.0)
  -> queued DASH buy (conf 80, stop 210.0, tp 240.0)
  -> queued NWS buy (conf 80, stop 32.26, tp 36.5)
  -> queued FDX buy (conf None, stop 317.065, tp 341.42)
Dashboard watchlist synced (6 symbols) for news/headlines.
Ending portfolio value: $99,039.83
Trade journal: all: 19 trades, 21% win rate, avg -2.19% | breakout: 1 trades, 0% win rate, avg -8.61% | other: 13 trades, 23% win rate, avg -1.93% | technical: 5 trades, 20% win rate, avg -1.58%
Self-learning: breakout: 1 trades, 0% win rate, avg -8.61% (LOSING) | other: 13 trades, 23% win rate, avg -1.93% (LOSING) | technical: 5 trades, 20% win rate, avg -1.58% (LOSING)
Performance: Total return +0.17% | Max drawdown 0.94% | Daily Sharpe 2.02 | 19 closed trades | Win rate 21% | Avg winner +1.83% | Avg loser -3.26% | Open positions: 4 | Equity $99,039.83
Engine P&L: legacy/unknown: realized $-1,705.68 (19 closed, 21% wins), unrealized $-64.86 (4 open) | Books: legacy: realized $-1,705.68, unrealized $-64.86
Reports: daily realized $+0.00; worst symbols none | weekly realized $-1,705.68; worst symbols HPE:-1286.89; COHR:-471.20; SNDK:-159.07; ANET:-45.31; NOW:-30.35
Shadow report: 2116 shadow candidate(s), 95 rejection group(s)
Timings: account: 0.0s | risk: 0.2s | decide: 3.2s | watchlist: 0.0s | perf: 0.0s

=== Run at 2026-08-22T17:26:24.037027 ===
Build fingerprint: 4f68550affe5
Current time: 2026-08-22 01:26 PM EDT | Market open (per Alpaca): False | Session: CLOSED
Account value: $99,039.83
Cash: $79,250.80 | Holdings (4): {'ERIE': '0.7641 sh (+2.23%)', 'GEHC': '0.6136 sh (+1.25%)', 'MS': '43.8344 sh (-3.06%)', 'MSI': '21.1281 sh (+2.28%)'}
Sector exposure (cached): Technology 10.2%, Financials 9.7%, Health Care 0.0%
Fill reconciliation: {'filled': 0, 'partial': 0, 'rejected': 1}
Open orders (2): ERIE sell 0.7641, MS sell 43.8344
Risk state: peak $99,703.60 | drawdown 0.67% | today -0.00% | halted: False
Market regime: NEUTRAL (position-size multiplier: 100% incl. circuit breaker 100%)
News: fetched 158, 1 new after dedup, 0 ticker(s) matched.
Quant pre-screen: 41/66 candidates passed.
Gemini proposed 3 trade(s) meeting the conviction bar.
Gemini calls used today (all models combined): 278
Market closed (overnight): queued 12 trade idea(s) for next-morning verification -- nothing submitted yet.
  -> queued SOLV buy (conf 89, stop 87.0, tp 94.0)
  -> queued DRI buy (conf 88, stop 213.0, tp 229.46)
  -> queued COHR buy (conf 85, stop 105.5, tp 128.0)
  -> queued BSX buy (conf None, stop 49.01, tp 52.92)
  -> queued DE buy (conf 85, stop 579.5, tp 673.87)
  -> queued EQIX buy (conf 84, stop 1030.91, tp 1106.76)
  -> queued INTU buy (conf 82, stop 352.0, tp 390.0)
  -> queued EXE buy (conf 82, stop 92.66, tp 102.0)
  -> queued CVX buy (conf 82, stop 189.13, tp 214.65)
  -> queued DASH buy (conf 80, stop 210.0, tp 240.0)
  -> queued NWS buy (conf 80, stop 32.26, tp 36.5)
  -> queued FDX buy (conf None, stop 317.065, tp 341.42)
Dashboard watchlist synced (7 symbols) for news/headlines.
Ending portfolio value: $99,039.83
Trade journal: all: 19 trades, 21% win rate, avg -2.19% | breakout: 1 trades, 0% win rate, avg -8.61% | other: 13 trades, 23% win rate, avg -1.93% | technical: 5 trades, 20% win rate, avg -1.58%
Self-learning: breakout: 1 trades, 0% win rate, avg -8.61% (LOSING) | other: 13 trades, 23% win rate, avg -1.93% (LOSING) | technical: 5 trades, 20% win rate, avg -1.58% (LOSING)
Performance: Total return +0.17% | Max drawdown 0.94% | Daily Sharpe 2.02 | 19 closed trades | Win rate 21% | Avg winner +1.83% | Avg loser -3.26% | Open positions: 4 | Equity $99,039.83
Engine P&L: legacy/unknown: realized $-1,705.68 (19 closed, 21% wins), unrealized $-64.86 (4 open) | Books: legacy: realized $-1,705.68, unrealized $-64.86
Reports: daily realized $+0.00; worst symbols none | weekly realized $-1,705.68; worst symbols HPE:-1286.89; COHR:-471.20; SNDK:-159.07; ANET:-45.31; NOW:-30.35
Shadow report: 2116 shadow candidate(s), 95 rejection group(s)
Timings: account: 0.0s | risk: 0.8s | decide: 7.0s | watchlist: 0.1s | perf: 0.1s

=== Run at 2026-08-22T17:28:25.510393 ===
Build fingerprint: 4f68550affe5
Current time: 2026-08-22 01:28 PM EDT | Market open (per Alpaca): False | Session: CLOSED
Account value: $99,039.83
Cash: $79,250.80 | Holdings (4): {'ERIE': '0.7641 sh (+2.23%)', 'GEHC': '0.6136 sh (+1.25%)', 'MS': '43.8344 sh (-3.06%)', 'MSI': '21.1281 sh (+2.28%)'}
Sector exposure (cached): Technology 10.2%, Financials 9.7%, Health Care 0.0%
Fill reconciliation: {'filled': 0, 'partial': 0, 'rejected': 1}
Open orders (2): ERIE sell 0.7641, MS sell 43.8344
Risk state: peak $99,703.60 | drawdown 0.67% | today -0.00% | halted: False
Market regime: NEUTRAL (position-size multiplier: 100% incl. circuit breaker 100%)
News: fetched 158, 0 new after dedup, 0 ticker(s) matched.
Quant pre-screen: 41/66 candidates passed.
Gemini proposed 2 trade(s) meeting the conviction bar.
Gemini calls used today (all models combined): 279
Market closed (overnight): queued 12 trade idea(s) for next-morning verification -- nothing submitted yet.
  -> queued SOLV buy (conf 89, stop 87.0, tp 94.0)
  -> queued DRI buy (conf 88, stop 213.0, tp 229.46)
  -> queued COHR buy (conf 85, stop 105.5, tp 128.0)
  -> queued BSX buy (conf None, stop 49.01, tp 52.92)
  -> queued DE buy (conf 85, stop 579.5, tp 673.87)
  -> queued EQIX buy (conf 84, stop 1030.91, tp 1106.76)
  -> queued INTU buy (conf 82, stop 352.0, tp 390.0)
  -> queued EXE buy (conf 82, stop 92.66, tp 102.0)
  -> queued CVX buy (conf 82, stop 189.13, tp 214.65)
  -> queued DASH buy (conf 80, stop 210.0, tp 240.0)
  -> queued NWS buy (conf 80, stop 32.26, tp 36.5)
  -> queued FDX buy (conf None, stop 317.065, tp 341.42)
Dashboard watchlist synced (6 symbols) for news/headlines.
Ending portfolio value: $99,039.83
Trade journal: all: 19 trades, 21% win rate, avg -2.19% | breakout: 1 trades, 0% win rate, avg -8.61% | other: 13 trades, 23% win rate, avg -1.93% | technical: 5 trades, 20% win rate, avg -1.58%
Self-learning: breakout: 1 trades, 0% win rate, avg -8.61% (LOSING) | other: 13 trades, 23% win rate, avg -1.93% (LOSING) | technical: 5 trades, 20% win rate, avg -1.58% (LOSING)
Performance: Total return +0.17% | Max drawdown 0.94% | Daily Sharpe 2.02 | 19 closed trades | Win rate 21% | Avg winner +1.83% | Avg loser -3.26% | Open positions: 4 | Equity $99,039.83
Engine P&L: legacy/unknown: realized $-1,705.68 (19 closed, 21% wins), unrealized $-64.86 (4 open) | Books: legacy: realized $-1,705.68, unrealized $-64.86
Reports: daily realized $+0.00; worst symbols none | weekly realized $-1,705.68; worst symbols HPE:-1286.89; COHR:-471.20; SNDK:-159.07; ANET:-45.31; NOW:-30.35
Shadow report: 2116 shadow candidate(s), 95 rejection group(s)
Timings: account: 0.0s | risk: 1.0s | decide: 7.3s | watchlist: 0.1s | perf: 0.1s

=== Run at 2026-08-22T17:30:29.639535 ===
Build fingerprint: 4f68550affe5
Current time: 2026-08-22 01:30 PM EDT | Market open (per Alpaca): False | Session: CLOSED
Account value: $99,039.83
Cash: $79,250.80 | Holdings (4): {'ERIE': '0.7641 sh (+2.23%)', 'GEHC': '0.6136 sh (+1.25%)', 'MS': '43.8344 sh (-3.06%)', 'MSI': '21.1281 sh (+2.28%)'}
Sector exposure (cached): Technology 10.2%, Financials 9.7%, Health Care 0.0%
Fill reconciliation: {'filled': 0, 'partial': 0, 'rejected': 1}
Open orders (2): ERIE sell 0.7641, MS sell 43.8344
Risk state: peak $99,703.60 | drawdown 0.67% | today -0.00% | halted: False
Market regime: NEUTRAL (position-size multiplier: 100% incl. circuit breaker 100%)
News: fetched 158, 1 new after dedup, 0 ticker(s) matched.
Quant pre-screen: 41/66 candidates passed.
Gemini proposed 2 trade(s) meeting the conviction bar.
Gemini calls used today (all models combined): 280
Market closed (overnight): queued 12 trade idea(s) for next-morning verification -- nothing submitted yet.
  -> queued SOLV buy (conf 89, stop 87.0, tp 94.0)
  -> queued DRI buy (conf 85, stop 213.0, tp 229.46)
  -> queued COHR buy (conf 85, stop 105.5, tp 128.0)
  -> queued BSX buy (conf None, stop 49.01, tp 52.92)
  -> queued DE buy (conf 85, stop 579.5, tp 673.87)
  -> queued EQIX buy (conf 84, stop 1030.91, tp 1106.76)
  -> queued INTU buy (conf 82, stop 352.0, tp 390.0)
  -> queued EXE buy (conf 82, stop 92.66, tp 102.0)
  -> queued CVX buy (conf 82, stop 189.13, tp 214.65)
  -> queued DASH buy (conf 80, stop 210.0, tp 240.0)
  -> queued NWS buy (conf 80, stop 32.26, tp 36.5)
  -> queued FDX buy (conf None, stop 317.065, tp 341.42)
Dashboard watchlist synced (6 symbols) for news/headlines.
Ending portfolio value: $99,039.83
Trade journal: all: 19 trades, 21% win rate, avg -2.19% | breakout: 1 trades, 0% win rate, avg -8.61% | other: 13 trades, 23% win rate, avg -1.93% | technical: 5 trades, 20% win rate, avg -1.58%
Self-learning: breakout: 1 trades, 0% win rate, avg -8.61% (LOSING) | other: 13 trades, 23% win rate, avg -1.93% (LOSING) | technical: 5 trades, 20% win rate, avg -1.58% (LOSING)
Performance: Total return +0.17% | Max drawdown 0.94% | Daily Sharpe 2.02 | 19 closed trades | Win rate 21% | Avg winner +1.83% | Avg loser -3.26% | Open positions: 4 | Equity $99,039.83
Engine P&L: legacy/unknown: realized $-1,705.68 (19 closed, 21% wins), unrealized $-64.86 (4 open) | Books: legacy: realized $-1,705.68, unrealized $-64.86
Reports: daily realized $+0.00; worst symbols none | weekly realized $-1,705.68; worst symbols HPE:-1286.89; COHR:-471.20; SNDK:-159.07; ANET:-45.31; NOW:-30.35
Shadow report: 2116 shadow candidate(s), 95 rejection group(s)
Timings: account: 0.0s | risk: 0.3s | decide: 2.8s | watchlist: 0.0s | perf: 0.0s

=== Run at 2026-08-22T17:32:24.263243 ===
Build fingerprint: 4f68550affe5
Current time: 2026-08-22 01:32 PM EDT | Market open (per Alpaca): False | Session: CLOSED
Account value: $99,039.83
Cash: $79,250.80 | Holdings (4): {'ERIE': '0.7641 sh (+2.23%)', 'GEHC': '0.6136 sh (+1.25%)', 'MS': '43.8344 sh (-3.06%)', 'MSI': '21.1281 sh (+2.28%)'}
Sector exposure (cached): Technology 10.2%, Financials 9.7%, Health Care 0.0%
Fill reconciliation: {'filled': 0, 'partial': 0, 'rejected': 1}
Open orders (2): ERIE sell 0.7641, MS sell 43.8344
Risk state: peak $99,703.60 | drawdown 0.67% | today -0.00% | halted: False
Market regime: NEUTRAL (position-size multiplier: 100% incl. circuit breaker 100%)
News: fetched 158, 0 new after dedup, 0 ticker(s) matched.
Quant pre-screen: 41/66 candidates passed.
Technical fallback (Gemini throttled/unavailable) proposed 8 trade(s) meeting the conviction bar.
Technical fallback cap omitted 18 weaker idea(s) this run.
Gemini calls used today (all models combined): 280
Market closed (overnight): queued 12 trade idea(s) for next-morning verification -- nothing submitted yet.
  -> queued SOLV buy (conf 89, stop 87.0, tp 94.0)
  -> queued COHR buy (conf 85, stop 105.5, tp 128.0)
  -> queued BSX buy (conf None, stop 49.01, tp 52.92)
  -> queued INTU buy (conf 82, stop 352.0, tp 390.0)
  -> queued EXE buy (conf 82, stop 92.66, tp 102.0)
  -> queued NWS buy (conf 80, stop 32.26, tp 36.5)
  -> queued DRI buy (conf None, stop 212.995, tp 229.46)
  -> queued DE buy (conf None, stop 579.5, tp 654.135)
  -> queued FDX buy (conf None, stop 317.065, tp 341.42)
  -> queued EQIX buy (conf None, stop 1030.91, tp 1106.76)
  -> queued CVX buy (conf None, stop 189.13, tp 208.91)
  -> queued DASH buy (conf None, stop 206.73, tp 225.9)
Dashboard watchlist synced (11 symbols) for news/headlines.
Ending portfolio value: $99,039.83
Trade journal: all: 19 trades, 21% win rate, avg -2.19% | breakout: 1 trades, 0% win rate, avg -8.61% | other: 13 trades, 23% win rate, avg -1.93% | technical: 5 trades, 20% win rate, avg -1.58%
Self-learning: breakout: 1 trades, 0% win rate, avg -8.61% (LOSING) | other: 13 trades, 23% win rate, avg -1.93% (LOSING) | technical: 5 trades, 20% win rate, avg -1.58% (LOSING)
Performance: Total return +0.17% | Max drawdown 0.94% | Daily Sharpe 2.02 | 19 closed trades | Win rate 21% | Avg winner +1.83% | Avg loser -3.26% | Open positions: 4 | Equity $99,039.83
Engine P&L: legacy/unknown: realized $-1,705.68 (19 closed, 21% wins), unrealized $-64.86 (4 open) | Books: legacy: realized $-1,705.68, unrealized $-64.86
Reports: daily realized $+0.00; worst symbols none | weekly realized $-1,705.68; worst symbols HPE:-1286.89; COHR:-471.20; SNDK:-159.07; ANET:-45.31; NOW:-30.35
Shadow report: 2116 shadow candidate(s), 95 rejection group(s)
Timings: account: 0.0s | risk: 0.4s | decide: 22.8s | watchlist: 0.1s | perf: 0.1s

=== Run at 2026-08-22T17:34:25.255789 ===
Build fingerprint: 4f68550affe5
Current time: 2026-08-22 01:34 PM EDT | Market open (per Alpaca): False | Session: CLOSED
Account value: $99,039.83
Cash: $79,250.80 | Holdings (4): {'ERIE': '0.7641 sh (+2.23%)', 'GEHC': '0.6136 sh (+1.25%)', 'MS': '43.8344 sh (-3.06%)', 'MSI': '21.1281 sh (+2.28%)'}
Sector exposure (cached): Technology 10.2%, Financials 9.7%, Health Care 0.0%
Fill reconciliation: {'filled': 0, 'partial': 0, 'rejected': 1}
Open orders (2): ERIE sell 0.7641, MS sell 43.8344
Risk state: peak $99,703.60 | drawdown 0.67% | today -0.00% | halted: False
Market regime: NEUTRAL (position-size multiplier: 100% incl. circuit breaker 100%)
News: fetched 158, 1 new after dedup, 0 ticker(s) matched.
Quant pre-screen: 41/66 candidates passed.
Gemini proposed 2 trade(s) meeting the conviction bar.
Gemini calls used today (all models combined): 281
Market closed (overnight): queued 12 trade idea(s) for next-morning verification -- nothing submitted yet.
  -> queued SOLV buy (conf 89, stop 87.0, tp 94.0)
  -> queued COHR buy (conf 85, stop 105.5, tp 128.0)
  -> queued BSX buy (conf None, stop 49.01, tp 52.92)
  -> queued INTU buy (conf 82, stop 352.0, tp 390.0)
  -> queued EXE buy (conf 82, stop 92.66, tp 102.0)
  -> queued NWS buy (conf 80, stop 32.26, tp 36.5)
  -> queued DRI buy (conf 80, stop 210.0, tp 235.0)
  -> queued DE buy (conf 85, stop 605.0, tp 695.0)
  -> queued FDX buy (conf None, stop 317.065, tp 341.42)
  -> queued EQIX buy (conf None, stop 1030.91, tp 1106.76)
  -> queued CVX buy (conf None, stop 189.13, tp 208.91)
  -> queued DASH buy (conf None, stop 206.73, tp 225.9)
Dashboard watchlist synced (6 symbols) for news/headlines.
Ending portfolio value: $99,039.83
Trade journal: all: 19 trades, 21% win rate, avg -2.19% | breakout: 1 trades, 0% win rate, avg -8.61% | other: 13 trades, 23% win rate, avg -1.93% | technical: 5 trades, 20% win rate, avg -1.58%
Self-learning: breakout: 1 trades, 0% win rate, avg -8.61% (LOSING) | other: 13 trades, 23% win rate, avg -1.93% (LOSING) | technical: 5 trades, 20% win rate, avg -1.58% (LOSING)
Performance: Total return +0.17% | Max drawdown 0.94% | Daily Sharpe 2.02 | 19 closed trades | Win rate 21% | Avg winner +1.83% | Avg loser -3.26% | Open positions: 4 | Equity $99,039.83
Engine P&L: legacy/unknown: realized $-1,705.68 (19 closed, 21% wins), unrealized $-64.86 (4 open) | Books: legacy: realized $-1,705.68, unrealized $-64.86
Reports: daily realized $+0.00; worst symbols none | weekly realized $-1,705.68; worst symbols HPE:-1286.89; COHR:-471.20; SNDK:-159.07; ANET:-45.31; NOW:-30.35
Shadow report: 2116 shadow candidate(s), 95 rejection group(s)
Timings: account: 0.0s | risk: 0.2s | decide: 15.2s | watchlist: 0.0s | perf: 0.0s

=== Run at 2026-08-22T17:36:23.426877 ===
Build fingerprint: 4f68550affe5
Current time: 2026-08-22 01:36 PM EDT | Market open (per Alpaca): False | Session: CLOSED
Account value: $99,039.83
Cash: $79,250.80 | Holdings (4): {'ERIE': '0.7641 sh (+2.23%)', 'GEHC': '0.6136 sh (+1.25%)', 'MS': '43.8344 sh (-3.06%)', 'MSI': '21.1281 sh (+2.28%)'}
Sector exposure (cached): Technology 10.2%, Financials 9.7%, Health Care 0.0%
Fill reconciliation: {'filled': 0, 'partial': 0, 'rejected': 1}
Open orders (2): ERIE sell 0.7641, MS sell 43.8344
Risk state: peak $99,703.60 | drawdown 0.67% | today -0.00% | halted: False
Market regime: NEUTRAL (position-size multiplier: 100% incl. circuit breaker 100%)
News: fetched 158, 0 new after dedup, 0 ticker(s) matched.
Quant pre-screen: 41/66 candidates passed.
Technical fallback (Gemini throttled/unavailable) proposed 8 trade(s) meeting the conviction bar.
Technical fallback cap omitted 18 weaker idea(s) this run.
Gemini calls used today (all models combined): 281
Market closed (overnight): queued 12 trade idea(s) for next-morning verification -- nothing submitted yet.
  -> queued SOLV buy (conf 89, stop 87.0, tp 94.0)
  -> queued COHR buy (conf 85, stop 105.5, tp 128.0)
  -> queued BSX buy (conf None, stop 49.01, tp 52.92)
  -> queued INTU buy (conf 82, stop 352.0, tp 390.0)
  -> queued EXE buy (conf 82, stop 92.66, tp 102.0)
  -> queued NWS buy (conf 80, stop 32.26, tp 36.5)
  -> queued DRI buy (conf None, stop 212.995, tp 229.46)
  -> queued DE buy (conf None, stop 579.5, tp 654.135)
  -> queued FDX buy (conf None, stop 317.065, tp 341.42)
  -> queued EQIX buy (conf None, stop 1030.91, tp 1106.76)
  -> queued CVX buy (conf None, stop 189.13, tp 208.91)
  -> queued DASH buy (conf None, stop 206.73, tp 225.9)
Run budget reserve reached -- skipping dashboard watchlist sync.
Run budget reserve reached -- skipping performance snapshot.
Trade journal: all: 19 trades, 21% win rate, avg -2.19% | breakout: 1 trades, 0% win rate, avg -8.61% | other: 13 trades, 23% win rate, avg -1.93% | technical: 5 trades, 20% win rate, avg -1.58%
Self-learning: breakout: 1 trades, 0% win rate, avg -8.61% (LOSING) | other: 13 trades, 23% win rate, avg -1.93% (LOSING) | technical: 5 trades, 20% win rate, avg -1.58% (LOSING)
Performance: Total return +0.17% | Max drawdown 0.94% | Daily Sharpe 2.02 | 19 closed trades | Win rate 21% | Avg winner +1.83% | Avg loser -3.26% | Open positions: 4 | Equity $99,039.83
Engine P&L: legacy/unknown: realized $-1,705.68 (19 closed, 21% wins), unrealized $-64.86 (4 open) | Books: legacy: realized $-1,705.68, unrealized $-64.86
Reports: daily realized $+0.00; worst symbols none | weekly realized $-1,705.68; worst symbols HPE:-1286.89; COHR:-471.20; SNDK:-159.07; ANET:-45.31; NOW:-30.35
Shadow report: 2116 shadow candidate(s), 95 rejection group(s)
Timings: account: 0.0s | risk: 0.5s | decide: 24.1s | watchlist: 0.0s | perf: 0.0s

=== Run at 2026-08-22T17:38:28.094699 ===
Build fingerprint: 4f68550affe5
Current time: 2026-08-22 01:38 PM EDT | Market open (per Alpaca): False | Session: CLOSED
Account value: $99,039.83
Cash: $79,250.80 | Holdings (4): {'ERIE': '0.7641 sh (+2.23%)', 'GEHC': '0.6136 sh (+1.25%)', 'MS': '43.8344 sh (-3.06%)', 'MSI': '21.1281 sh (+2.28%)'}
Sector exposure (cached): Technology 10.2%, Financials 9.7%, Health Care 0.0%
Fill reconciliation: {'filled': 0, 'partial': 0, 'rejected': 1}
Open orders (2): ERIE sell 0.7641, MS sell 43.8344
Risk state: peak $99,703.60 | drawdown 0.67% | today -0.00% | halted: False
Market regime: NEUTRAL (position-size multiplier: 100% incl. circuit breaker 100%)
News: fetched 158, 0 new after dedup, 0 ticker(s) matched.
Quant pre-screen: 41/66 candidates passed.
Gemini proposed 2 trade(s) meeting the conviction bar.
Gemini calls used today (all models combined): 282
Market closed (overnight): queued 12 trade idea(s) for next-morning verification -- nothing submitted yet.
  -> queued SOLV buy (conf 89, stop 87.0, tp 94.0)
  -> queued COHR buy (conf 85, stop 105.5, tp 128.0)
  -> queued BSX buy (conf None, stop 49.01, tp 52.92)
  -> queued INTU buy (conf 82, stop 352.0, tp 390.0)
  -> queued EXE buy (conf 82, stop 92.66, tp 102.0)
  -> queued NWS buy (conf 80, stop 32.26, tp 36.5)
  -> queued DRI buy (conf 92, stop 213.0, tp 229.46)
  -> queued DE buy (conf 90, stop 579.5, tp 673.87)
  -> queued FDX buy (conf None, stop 317.065, tp 341.42)
  -> queued EQIX buy (conf None, stop 1030.91, tp 1106.76)
  -> queued CVX buy (conf None, stop 189.13, tp 208.91)
  -> queued DASH buy (conf None, stop 206.73, tp 225.9)
Dashboard watchlist synced (6 symbols) for news/headlines.
Ending portfolio value: $99,039.83
Trade journal: all: 19 trades, 21% win rate, avg -2.19% | breakout: 1 trades, 0% win rate, avg -8.61% | other: 13 trades, 23% win rate, avg -1.93% | technical: 5 trades, 20% win rate, avg -1.58%
Self-learning: breakout: 1 trades, 0% win rate, avg -8.61% (LOSING) | other: 13 trades, 23% win rate, avg -1.93% (LOSING) | technical: 5 trades, 20% win rate, avg -1.58% (LOSING)
Performance: Total return +0.17% | Max drawdown 0.94% | Daily Sharpe 2.02 | 19 closed trades | Win rate 21% | Avg winner +1.83% | Avg loser -3.26% | Open positions: 4 | Equity $99,039.83
Engine P&L: legacy/unknown: realized $-1,705.68 (19 closed, 21% wins), unrealized $-64.86 (4 open) | Books: legacy: realized $-1,705.68, unrealized $-64.86
Reports: daily realized $+0.00; worst symbols none | weekly realized $-1,705.68; worst symbols HPE:-1286.89; COHR:-471.20; SNDK:-159.07; ANET:-45.31; NOW:-30.35
Shadow report: 2116 shadow candidate(s), 95 rejection group(s)
Timings: account: 0.0s | risk: 0.4s | decide: 3.8s | watchlist: 0.0s | perf: 0.1s

=== Run at 2026-08-22T17:40:29.556322 ===
Build fingerprint: 4f68550affe5
Current time: 2026-08-22 01:40 PM EDT | Market open (per Alpaca): False | Session: CLOSED
Account value: $99,039.83
Cash: $79,250.80 | Holdings (4): {'ERIE': '0.7641 sh (+2.23%)', 'GEHC': '0.6136 sh (+1.25%)', 'MS': '43.8344 sh (-3.06%)', 'MSI': '21.1281 sh (+2.28%)'}
Sector exposure (cached): Technology 10.2%, Financials 9.7%, Health Care 0.0%
Fill reconciliation: {'filled': 0, 'partial': 0, 'rejected': 1}
Open orders (2): ERIE sell 0.7641, MS sell 43.8344
Risk state: peak $99,703.60 | drawdown 0.67% | today -0.00% | halted: False
Market regime: NEUTRAL (position-size multiplier: 100% incl. circuit breaker 100%)
News: fetched 158, 0 new after dedup, 0 ticker(s) matched.
Quant pre-screen: 41/66 candidates passed.
Technical fallback (Gemini throttled/unavailable) proposed 8 trade(s) meeting the conviction bar.
Technical fallback cap omitted 18 weaker idea(s) this run.
Gemini calls used today (all models combined): 282
Market closed (overnight): queued 12 trade idea(s) for next-morning verification -- nothing submitted yet.
  -> queued SOLV buy (conf 89, stop 87.0, tp 94.0)
  -> queued COHR buy (conf 85, stop 105.5, tp 128.0)
  -> queued BSX buy (conf None, stop 49.01, tp 52.92)
  -> queued INTU buy (conf 82, stop 352.0, tp 390.0)
  -> queued EXE buy (conf 82, stop 92.66, tp 102.0)
  -> queued NWS buy (conf 80, stop 32.26, tp 36.5)
  -> queued DRI buy (conf None, stop 212.995, tp 229.46)
  -> queued DE buy (conf None, stop 579.5, tp 654.135)
  -> queued FDX buy (conf None, stop 317.065, tp 341.42)
  -> queued EQIX buy (conf None, stop 1030.91, tp 1106.76)
  -> queued CVX buy (conf None, stop 189.13, tp 208.91)
  -> queued DASH buy (conf None, stop 206.73, tp 225.9)
Run budget reserve reached -- skipping dashboard watchlist sync.
Run budget reserve reached -- skipping performance snapshot.
Trade journal: all: 19 trades, 21% win rate, avg -2.19% | breakout: 1 trades, 0% win rate, avg -8.61% | other: 13 trades, 23% win rate, avg -1.93% | technical: 5 trades, 20% win rate, avg -1.58%
Self-learning: breakout: 1 trades, 0% win rate, avg -8.61% (LOSING) | other: 13 trades, 23% win rate, avg -1.93% (LOSING) | technical: 5 trades, 20% win rate, avg -1.58% (LOSING)
Performance: Total return +0.17% | Max drawdown 0.94% | Daily Sharpe 2.02 | 19 closed trades | Win rate 21% | Avg winner +1.83% | Avg loser -3.26% | Open positions: 4 | Equity $99,039.83
Engine P&L: legacy/unknown: realized $-1,705.68 (19 closed, 21% wins), unrealized $-64.86 (4 open) | Books: legacy: realized $-1,705.68, unrealized $-64.86
Reports: daily realized $+0.00; worst symbols none | weekly realized $-1,705.68; worst symbols HPE:-1286.89; COHR:-471.20; SNDK:-159.07; ANET:-45.31; NOW:-30.35
Shadow report: 2116 shadow candidate(s), 95 rejection group(s)
Timings: account: 0.0s | risk: 1.2s | decide: 23.5s | watchlist: 0.0s | perf: 0.0s

=== Run at 2026-08-22T17:42:23.937557 ===
Build fingerprint: 4f68550affe5
Current time: 2026-08-22 01:42 PM EDT | Market open (per Alpaca): False | Session: CLOSED
Account value: $99,039.83
Cash: $79,250.80 | Holdings (4): {'ERIE': '0.7641 sh (+2.23%)', 'GEHC': '0.6136 sh (+1.25%)', 'MS': '43.8344 sh (-3.06%)', 'MSI': '21.1281 sh (+2.28%)'}
Sector exposure (cached): Technology 10.2%, Financials 9.7%, Health Care 0.0%
Fill reconciliation: {'filled': 0, 'partial': 0, 'rejected': 1}
Open orders (2): ERIE sell 0.7641, MS sell 43.8344
Risk state: peak $99,703.60 | drawdown 0.67% | today -0.00% | halted: False
Market regime: NEUTRAL (position-size multiplier: 100% incl. circuit breaker 100%)
News: fetched 158, 0 new after dedup, 0 ticker(s) matched.
Quant pre-screen: 41/66 candidates passed.
Gemini proposed 3 trade(s) meeting the conviction bar.
Gemini calls used today (all models combined): 283
Market closed (overnight): queued 12 trade idea(s) for next-morning verification -- nothing submitted yet.
  -> queued SOLV buy (conf 89, stop 87.0, tp 94.0)
  -> queued COHR buy (conf 85, stop 105.5, tp 128.0)
  -> queued BSX buy (conf None, stop 49.01, tp 52.92)
  -> queued INTU buy (conf 82, stop 352.0, tp 390.0)
  -> queued EXE buy (conf 82, stop 92.66, tp 102.0)
  -> queued NWS buy (conf 80, stop 32.26, tp 36.5)
  -> queued DRI buy (conf 85, stop 213.0, tp 235.00000000000003)
  -> queued DE buy (conf 82, stop 579.5, tp 687.415)
  -> queued FDX buy (conf None, stop 317.065, tp 341.42)
  -> queued EQIX buy (conf None, stop 1030.91, tp 1106.76)
  -> queued CVX buy (conf 80, stop 189.13, tp 217.5226)
  -> queued DASH buy (conf None, stop 206.73, tp 225.9)
Dashboard watchlist synced (7 symbols) for news/headlines.
Ending portfolio value: $99,039.83
Trade journal: all: 19 trades, 21% win rate, avg -2.19% | breakout: 1 trades, 0% win rate, avg -8.61% | other: 13 trades, 23% win rate, avg -1.93% | technical: 5 trades, 20% win rate, avg -1.58%
Self-learning: breakout: 1 trades, 0% win rate, avg -8.61% (LOSING) | other: 13 trades, 23% win rate, avg -1.93% (LOSING) | technical: 5 trades, 20% win rate, avg -1.58% (LOSING)
Performance: Total return +0.17% | Max drawdown 0.94% | Daily Sharpe 2.02 | 19 closed trades | Win rate 21% | Avg winner +1.83% | Avg loser -3.26% | Open positions: 4 | Equity $99,039.83
Engine P&L: legacy/unknown: realized $-1,705.68 (19 closed, 21% wins), unrealized $-64.86 (4 open) | Books: legacy: realized $-1,705.68, unrealized $-64.86
Reports: daily realized $+0.00; worst symbols none | weekly realized $-1,705.68; worst symbols HPE:-1286.89; COHR:-471.20; SNDK:-159.07; ANET:-45.31; NOW:-30.35
Shadow report: 2116 shadow candidate(s), 95 rejection group(s)
Timings: account: 0.0s | risk: 1.6s | decide: 9.1s | watchlist: 0.1s | perf: 0.2s

=== Run at 2026-08-22T17:44:25.656195 ===
Build fingerprint: 4f68550affe5
Current time: 2026-08-22 01:44 PM EDT | Market open (per Alpaca): False | Session: CLOSED
Account value: $99,039.83
Cash: $79,250.80 | Holdings (4): {'ERIE': '0.7641 sh (+2.23%)', 'GEHC': '0.6136 sh (+1.25%)', 'MS': '43.8344 sh (-3.06%)', 'MSI': '21.1281 sh (+2.28%)'}
Sector exposure (cached): Technology 10.2%, Financials 9.7%, Health Care 0.0%
Fill reconciliation: {'filled': 0, 'partial': 0, 'rejected': 1}
Open orders (2): ERIE sell 0.7641, MS sell 43.8344
Risk state: peak $99,703.60 | drawdown 0.67% | today -0.00% | halted: False
Market regime: NEUTRAL (position-size multiplier: 100% incl. circuit breaker 100%)
News: fetched 158, 0 new after dedup, 0 ticker(s) matched.
Quant pre-screen: 41/66 candidates passed.
Gemini proposed 2 trade(s) meeting the conviction bar.
Gemini calls used today (all models combined): 284
Market closed (overnight): queued 12 trade idea(s) for next-morning verification -- nothing submitted yet.
  -> queued SOLV buy (conf 89, stop 87.0, tp 94.0)
  -> queued COHR buy (conf 85, stop 105.5, tp 128.0)
  -> queued BSX buy (conf None, stop 49.01, tp 52.92)
  -> queued INTU buy (conf 82, stop 352.0, tp 390.0)
  -> queued EXE buy (conf 82, stop 92.66, tp 102.0)
  -> queued NWS buy (conf 80, stop 32.26, tp 36.5)
  -> queued DRI buy (conf 85, stop 213.0, tp 229.46)
  -> queued DE buy (conf 82, stop 579.5, tp 673.87)
  -> queued FDX buy (conf None, stop 317.065, tp 341.42)
  -> queued EQIX buy (conf None, stop 1030.91, tp 1106.76)
  -> queued CVX buy (conf 80, stop 189.13, tp 217.5226)
  -> queued DASH buy (conf None, stop 206.73, tp 225.9)
Dashboard watchlist synced (6 symbols) for news/headlines.
Ending portfolio value: $99,039.83
Trade journal: all: 19 trades, 21% win rate, avg -2.19% | breakout: 1 trades, 0% win rate, avg -8.61% | other: 13 trades, 23% win rate, avg -1.93% | technical: 5 trades, 20% win rate, avg -1.58%
Self-learning: breakout: 1 trades, 0% win rate, avg -8.61% (LOSING) | other: 13 trades, 23% win rate, avg -1.93% (LOSING) | technical: 5 trades, 20% win rate, avg -1.58% (LOSING)
Performance: Total return +0.17% | Max drawdown 0.94% | Daily Sharpe 2.02 | 19 closed trades | Win rate 21% | Avg winner +1.83% | Avg loser -3.26% | Open positions: 4 | Equity $99,039.83
Engine P&L: legacy/unknown: realized $-1,705.68 (19 closed, 21% wins), unrealized $-64.86 (4 open) | Books: legacy: realized $-1,705.68, unrealized $-64.86
Reports: daily realized $+0.00; worst symbols none | weekly realized $-1,705.68; worst symbols HPE:-1286.89; COHR:-471.20; SNDK:-159.07; ANET:-45.31; NOW:-30.35
Shadow report: 2116 shadow candidate(s), 95 rejection group(s)
Timings: account: 0.0s | risk: 1.1s | decide: 5.9s | watchlist: 0.1s | perf: 0.1s

=== Run at 2026-08-22T17:46:29.887660 ===
Build fingerprint: 4f68550affe5
Current time: 2026-08-22 01:46 PM EDT | Market open (per Alpaca): False | Session: CLOSED
Account value: $99,039.83
Cash: $79,250.80 | Holdings (4): {'ERIE': '0.7641 sh (+2.23%)', 'GEHC': '0.6136 sh (+1.25%)', 'MS': '43.8344 sh (-3.06%)', 'MSI': '21.1281 sh (+2.28%)'}
Sector exposure (cached): Technology 10.2%, Financials 9.7%, Health Care 0.0%
Fill reconciliation: {'filled': 0, 'partial': 0, 'rejected': 1}
Open orders (2): ERIE sell 0.7641, MS sell 43.8344
Risk state: peak $99,703.60 | drawdown 0.67% | today -0.00% | halted: False
Market regime: NEUTRAL (position-size multiplier: 100% incl. circuit breaker 100%)
News: fetched 158, 0 new after dedup, 0 ticker(s) matched.
Quant pre-screen: 41/66 candidates passed.
Gemini proposed 2 trade(s) meeting the conviction bar.
Gemini calls used today (all models combined): 285
Market closed (overnight): queued 12 trade idea(s) for next-morning verification -- nothing submitted yet.
  -> queued SOLV buy (conf 89, stop 87.0, tp 94.0)
  -> queued COHR buy (conf 85, stop 105.5, tp 128.0)
  -> queued BSX buy (conf None, stop 49.01, tp 52.92)
  -> queued INTU buy (conf 82, stop 352.0, tp 390.0)
  -> queued EXE buy (conf 82, stop 92.66, tp 102.0)
  -> queued NWS buy (conf 80, stop 32.26, tp 36.5)
  -> queued DRI buy (conf 85, stop 213.0, tp 232.00000000000003)
  -> queued DE buy (conf 82, stop 579.5, tp 673.8700000000001)
  -> queued FDX buy (conf None, stop 317.065, tp 341.42)
  -> queued EQIX buy (conf None, stop 1030.91, tp 1106.76)
  -> queued CVX buy (conf 80, stop 189.13, tp 217.5226)
  -> queued DASH buy (conf None, stop 206.73, tp 225.9)
Dashboard watchlist synced (6 symbols) for news/headlines.
Ending portfolio value: $99,039.83
Trade journal: all: 19 trades, 21% win rate, avg -2.19% | breakout: 1 trades, 0% win rate, avg -8.61% | other: 13 trades, 23% win rate, avg -1.93% | technical: 5 trades, 20% win rate, avg -1.58%
Self-learning: breakout: 1 trades, 0% win rate, avg -8.61% (LOSING) | other: 13 trades, 23% win rate, avg -1.93% (LOSING) | technical: 5 trades, 20% win rate, avg -1.58% (LOSING)
Performance: Total return +0.17% | Max drawdown 0.94% | Daily Sharpe 2.02 | 19 closed trades | Win rate 21% | Avg winner +1.83% | Avg loser -3.26% | Open positions: 4 | Equity $99,039.83
Engine P&L: legacy/unknown: realized $-1,705.68 (19 closed, 21% wins), unrealized $-64.86 (4 open) | Books: legacy: realized $-1,705.68, unrealized $-64.86
Reports: daily realized $+0.00; worst symbols none | weekly realized $-1,705.68; worst symbols HPE:-1286.89; COHR:-471.20; SNDK:-159.07; ANET:-45.31; NOW:-30.35
Shadow report: 2116 shadow candidate(s), 95 rejection group(s)
Timings: account: 0.0s | risk: 1.1s | decide: 5.6s | watchlist: 0.1s | perf: 0.1s

=== Run at 2026-08-22T17:48:24.018716 ===
Build fingerprint: 4f68550affe5
Current time: 2026-08-22 01:48 PM EDT | Market open (per Alpaca): False | Session: CLOSED
Account value: $99,039.83
Cash: $79,250.80 | Holdings (4): {'ERIE': '0.7641 sh (+2.23%)', 'GEHC': '0.6136 sh (+1.25%)', 'MS': '43.8344 sh (-3.06%)', 'MSI': '21.1281 sh (+2.28%)'}
Sector exposure (cached): Technology 10.2%, Financials 9.7%, Health Care 0.0%
Fill reconciliation: {'filled': 0, 'partial': 0, 'rejected': 1}
Open orders (2): ERIE sell 0.7641, MS sell 43.8344
Risk state: peak $99,703.60 | drawdown 0.67% | today -0.00% | halted: False
Market regime: NEUTRAL (position-size multiplier: 100% incl. circuit breaker 100%)
News: fetched 158, 0 new after dedup, 0 ticker(s) matched.
Quant pre-screen: 41/66 candidates passed.
Gemini proposed 2 trade(s) meeting the conviction bar.
Gemini calls used today (all models combined): 286
Market closed (overnight): queued 12 trade idea(s) for next-morning verification -- nothing submitted yet.
  -> queued SOLV buy (conf 89, stop 87.0, tp 94.0)
  -> queued COHR buy (conf 85, stop 105.5, tp 128.0)
  -> queued BSX buy (conf None, stop 49.01, tp 52.92)
  -> queued INTU buy (conf 82, stop 352.0, tp 390.0)
  -> queued EXE buy (conf 82, stop 92.66, tp 102.0)
  -> queued NWS buy (conf 80, stop 32.26, tp 36.5)
  -> queued DRI buy (conf 85, stop 213.0, tp 235.0)
  -> queued DE buy (conf 82, stop 625.0, tp 685.0)
  -> queued FDX buy (conf None, stop 317.065, tp 341.42)
  -> queued EQIX buy (conf None, stop 1030.91, tp 1106.76)
  -> queued CVX buy (conf 80, stop 189.13, tp 217.5226)
  -> queued DASH buy (conf None, stop 206.73, tp 225.9)
Dashboard watchlist synced (6 symbols) for news/headlines.
Ending portfolio value: $99,039.83
Trade journal: all: 19 trades, 21% win rate, avg -2.19% | breakout: 1 trades, 0% win rate, avg -8.61% | other: 13 trades, 23% win rate, avg -1.93% | technical: 5 trades, 20% win rate, avg -1.58%
Self-learning: breakout: 1 trades, 0% win rate, avg -8.61% (LOSING) | other: 13 trades, 23% win rate, avg -1.93% (LOSING) | technical: 5 trades, 20% win rate, avg -1.58% (LOSING)
Performance: Total return +0.17% | Max drawdown 0.94% | Daily Sharpe 2.02 | 19 closed trades | Win rate 21% | Avg winner +1.83% | Avg loser -3.26% | Open positions: 4 | Equity $99,039.83
Engine P&L: legacy/unknown: realized $-1,705.68 (19 closed, 21% wins), unrealized $-64.86 (4 open) | Books: legacy: realized $-1,705.68, unrealized $-64.86
Reports: daily realized $+0.00; worst symbols none | weekly realized $-1,705.68; worst symbols HPE:-1286.89; COHR:-471.20; SNDK:-159.07; ANET:-45.31; NOW:-30.35
Shadow report: 2116 shadow candidate(s), 95 rejection group(s)
Timings: account: 0.0s | risk: 0.3s | decide: 2.7s | watchlist: 0.0s | perf: 0.0s

=== Run at 2026-08-22T17:50:30.384775 ===
Build fingerprint: 4f68550affe5
Current time: 2026-08-22 01:50 PM EDT | Market open (per Alpaca): False | Session: CLOSED
Account value: $99,039.83
Cash: $79,250.80 | Holdings (4): {'ERIE': '0.7641 sh (+2.23%)', 'GEHC': '0.6136 sh (+1.25%)', 'MS': '43.8344 sh (-3.06%)', 'MSI': '21.1281 sh (+2.28%)'}
Sector exposure (cached): Technology 10.2%, Financials 9.7%, Health Care 0.0%
Fill reconciliation: {'filled': 0, 'partial': 0, 'rejected': 1}
Open orders (2): ERIE sell 0.7641, MS sell 43.8344
Risk state: peak $99,703.60 | drawdown 0.67% | today -0.00% | halted: False
Market regime: NEUTRAL (position-size multiplier: 100% incl. circuit breaker 100%)
News: fetched 158, 1 new after dedup, 0 ticker(s) matched.
Quant pre-screen: 41/66 candidates passed.
Gemini proposed 3 trade(s) meeting the conviction bar.
Gemini calls used today (all models combined): 287
Market closed (overnight): queued 12 trade idea(s) for next-morning verification -- nothing submitted yet.
  -> queued SOLV buy (conf 89, stop 87.0, tp 94.0)
  -> queued DRI buy (conf 88, stop 213.0, tp 235.0)
  -> queued COHR buy (conf 85, stop 105.5, tp 128.0)
  -> queued BSX buy (conf None, stop 49.01, tp 52.92)
  -> queued DE buy (conf 85, stop 625.0, tp 673.87)
  -> queued INTU buy (conf 82, stop 352.0, tp 390.0)
  -> queued EXE buy (conf 82, stop 92.66, tp 102.0)
  -> queued EQT buy (conf 82, stop 51.9, tp 56.5)
  -> queued NWS buy (conf 80, stop 32.26, tp 36.5)
  -> queued CVX buy (conf 80, stop 189.13, tp 217.5226)
  -> queued FDX buy (conf None, stop 317.065, tp 341.42)
  -> queued EQIX buy (conf None, stop 1030.91, tp 1106.76)
Dashboard watchlist synced (7 symbols) for news/headlines.
Ending portfolio value: $99,039.83
Trade journal: all: 19 trades, 21% win rate, avg -2.19% | breakout: 1 trades, 0% win rate, avg -8.61% | other: 13 trades, 23% win rate, avg -1.93% | technical: 5 trades, 20% win rate, avg -1.58%
Self-learning: breakout: 1 trades, 0% win rate, avg -8.61% (LOSING) | other: 13 trades, 23% win rate, avg -1.93% (LOSING) | technical: 5 trades, 20% win rate, avg -1.58% (LOSING)
Performance: Total return +0.17% | Max drawdown 0.94% | Daily Sharpe 2.02 | 19 closed trades | Win rate 21% | Avg winner +1.83% | Avg loser -3.26% | Open positions: 4 | Equity $99,039.83
Engine P&L: legacy/unknown: realized $-1,705.68 (19 closed, 21% wins), unrealized $-64.86 (4 open) | Books: legacy: realized $-1,705.68, unrealized $-64.86
Reports: daily realized $+0.00; worst symbols none | weekly realized $-1,705.68; worst symbols HPE:-1286.89; COHR:-471.20; SNDK:-159.07; ANET:-45.31; NOW:-30.35
Shadow report: 2116 shadow candidate(s), 95 rejection group(s)
Timings: account: 0.0s | risk: 0.9s | decide: 7.4s | watchlist: 0.1s | perf: 0.1s

=== Run at 2026-08-22T17:52:29.745809 ===
Build fingerprint: 4f68550affe5
Current time: 2026-08-22 01:52 PM EDT | Market open (per Alpaca): False | Session: CLOSED
Account value: $99,039.83
Cash: $79,250.80 | Holdings (4): {'ERIE': '0.7641 sh (+2.23%)', 'GEHC': '0.6136 sh (+1.25%)', 'MS': '43.8344 sh (-3.06%)', 'MSI': '21.1281 sh (+2.28%)'}
Sector exposure (cached): Technology 10.2%, Financials 9.7%, Health Care 0.0%
Fill reconciliation: {'filled': 0, 'partial': 0, 'rejected': 1}
Open orders (2): ERIE sell 0.7641, MS sell 43.8344
Risk state: peak $99,703.60 | drawdown 0.67% | today -0.00% | halted: False
Market regime: NEUTRAL (position-size multiplier: 100% incl. circuit breaker 100%)
News: fetched 158, 0 new after dedup, 0 ticker(s) matched.
Quant pre-screen: 41/66 candidates passed.
Technical fallback (Gemini throttled/unavailable) proposed 8 trade(s) meeting the conviction bar.
Technical fallback cap omitted 18 weaker idea(s) this run.
Gemini calls used today (all models combined): 287
Market closed (overnight): queued 12 trade idea(s) for next-morning verification -- nothing submitted yet.
  -> queued SOLV buy (conf 89, stop 87.0, tp 94.0)
  -> queued COHR buy (conf 85, stop 105.5, tp 128.0)
  -> queued BSX buy (conf None, stop 49.01, tp 52.92)
  -> queued INTU buy (conf 82, stop 352.0, tp 390.0)
  -> queued EXE buy (conf 82, stop 92.66, tp 102.0)
  -> queued EQT buy (conf 82, stop 51.9, tp 56.5)
  -> queued NWS buy (conf 80, stop 32.26, tp 36.5)
  -> queued DRI buy (conf None, stop 212.995, tp 229.46)
  -> queued DE buy (conf None, stop 579.5, tp 654.135)
  -> queued FDX buy (conf None, stop 317.065, tp 341.42)
  -> queued CVX buy (conf None, stop 189.13, tp 208.91)
  -> queued EQIX buy (conf None, stop 1030.91, tp 1106.76)
Run budget reserve reached -- skipping dashboard watchlist sync.
Run budget reserve reached -- skipping performance snapshot.
Trade journal: all: 19 trades, 21% win rate, avg -2.19% | breakout: 1 trades, 0% win rate, avg -8.61% | other: 13 trades, 23% win rate, avg -1.93% | technical: 5 trades, 20% win rate, avg -1.58%
Self-learning: breakout: 1 trades, 0% win rate, avg -8.61% (LOSING) | other: 13 trades, 23% win rate, avg -1.93% (LOSING) | technical: 5 trades, 20% win rate, avg -1.58% (LOSING)
Performance: Total return +0.17% | Max drawdown 0.94% | Daily Sharpe 2.02 | 19 closed trades | Win rate 21% | Avg winner +1.83% | Avg loser -3.26% | Open positions: 4 | Equity $99,039.83
Engine P&L: legacy/unknown: realized $-1,705.68 (19 closed, 21% wins), unrealized $-64.86 (4 open) | Books: legacy: realized $-1,705.68, unrealized $-64.86
Reports: daily realized $+0.00; worst symbols none | weekly realized $-1,705.68; worst symbols HPE:-1286.89; COHR:-471.20; SNDK:-159.07; ANET:-45.31; NOW:-30.35
Shadow report: 2116 shadow candidate(s), 95 rejection group(s)
Timings: account: 0.0s | risk: 1.3s | decide: 23.3s | watchlist: 0.0s | perf: 0.0s

=== Run at 2026-08-22T17:54:22.250417 ===
Build fingerprint: 4f68550affe5
Current time: 2026-08-22 01:54 PM EDT | Market open (per Alpaca): False | Session: CLOSED
Account value: $99,039.83
Cash: $79,250.80 | Holdings (4): {'ERIE': '0.7641 sh (+2.23%)', 'GEHC': '0.6136 sh (+1.25%)', 'MS': '43.8344 sh (-3.06%)', 'MSI': '21.1281 sh (+2.28%)'}
Sector exposure (cached): Technology 10.2%, Financials 9.7%, Health Care 0.0%
Fill reconciliation: {'filled': 0, 'partial': 0, 'rejected': 1}
Open orders (2): ERIE sell 0.7641, MS sell 43.8344
Risk state: peak $99,703.60 | drawdown 0.67% | today -0.00% | halted: False
Market regime: NEUTRAL (position-size multiplier: 100% incl. circuit breaker 100%)
News: fetched 158, 0 new after dedup, 0 ticker(s) matched.
Quant pre-screen: 41/66 candidates passed.
Gemini proposed 3 trade(s) meeting the conviction bar.
Gemini calls used today (all models combined): 288
Market closed (overnight): queued 12 trade idea(s) for next-morning verification -- nothing submitted yet.
  -> queued SOLV buy (conf 89, stop 87.0, tp 94.0)
  -> queued COHR buy (conf 85, stop 105.5, tp 128.0)
  -> queued BSX buy (conf None, stop 49.01, tp 52.92)
  -> queued INTU buy (conf 82, stop 352.0, tp 390.0)
  -> queued EXE buy (conf 82, stop 92.66, tp 102.0)
  -> queued EQT buy (conf 82, stop 51.9, tp 56.5)
  -> queued NWS buy (conf 80, stop 32.26, tp 36.5)
  -> queued DRI buy (conf 85, stop 213.0, tp 235.00000000000003)
  -> queued DE buy (conf 84, stop 579.5, tp 687.0)
  -> queued FDX buy (conf None, stop 317.065, tp 341.42)
  -> queued CVX buy (conf 82, stop 189.13, tp 213.0)
  -> queued EQIX buy (conf None, stop 1030.91, tp 1106.76)
Dashboard watchlist synced (7 symbols) for news/headlines.
Ending portfolio value: $99,039.83
Trade journal: all: 19 trades, 21% win rate, avg -2.19% | breakout: 1 trades, 0% win rate, avg -8.61% | other: 13 trades, 23% win rate, avg -1.93% | technical: 5 trades, 20% win rate, avg -1.58%
Self-learning: breakout: 1 trades, 0% win rate, avg -8.61% (LOSING) | other: 13 trades, 23% win rate, avg -1.93% (LOSING) | technical: 5 trades, 20% win rate, avg -1.58% (LOSING)
Performance: Total return +0.17% | Max drawdown 0.94% | Daily Sharpe 2.02 | 19 closed trades | Win rate 21% | Avg winner +1.83% | Avg loser -3.26% | Open positions: 4 | Equity $99,039.83
Engine P&L: legacy/unknown: realized $-1,705.68 (19 closed, 21% wins), unrealized $-64.86 (4 open) | Books: legacy: realized $-1,705.68, unrealized $-64.86
Reports: daily realized $+0.00; worst symbols none | weekly realized $-1,705.68; worst symbols HPE:-1286.89; COHR:-471.20; SNDK:-159.07; ANET:-45.31; NOW:-30.35
Shadow report: 2116 shadow candidate(s), 95 rejection group(s)
Timings: account: 0.0s | risk: 0.6s | decide: 5.1s | watchlist: 0.1s | perf: 0.1s

=== Run at 2026-08-22T17:56:24.306110 ===
Build fingerprint: 4f68550affe5
Current time: 2026-08-22 01:56 PM EDT | Market open (per Alpaca): False | Session: CLOSED
Account value: $99,039.83
Cash: $79,250.80 | Holdings (4): {'ERIE': '0.7641 sh (+2.23%)', 'GEHC': '0.6136 sh (+1.25%)', 'MS': '43.8344 sh (-3.06%)', 'MSI': '21.1281 sh (+2.28%)'}
Sector exposure (cached): Technology 10.2%, Financials 9.7%, Health Care 0.0%
Fill reconciliation: {'filled': 0, 'partial': 0, 'rejected': 1}
Open orders (2): ERIE sell 0.7641, MS sell 43.8344
Risk state: peak $99,703.60 | drawdown 0.67% | today -0.00% | halted: False
Market regime: NEUTRAL (position-size multiplier: 100% incl. circuit breaker 100%)
News: fetched 158, 0 new after dedup, 0 ticker(s) matched.
Quant pre-screen: 41/66 candidates passed.
Gemini proposed 3 trade(s) meeting the conviction bar.
Gemini calls used today (all models combined): 289
Market closed (overnight): queued 12 trade idea(s) for next-morning verification -- nothing submitted yet.
  -> queued SOLV buy (conf 89, stop 87.0, tp 94.0)
  -> queued COHR buy (conf 85, stop 105.5, tp 128.0)
  -> queued BSX buy (conf None, stop 49.01, tp 52.92)
  -> queued INTU buy (conf 82, stop 352.0, tp 390.0)
  -> queued EXE buy (conf 82, stop 92.66, tp 102.0)
  -> queued EQT buy (conf 81, stop 51.9, tp 57.00000000000001)
  -> queued NWS buy (conf 80, stop 32.26, tp 36.5)
  -> queued DRI buy (conf 85, stop 213.0, tp 235.00000000000003)
  -> queued DE buy (conf 88, stop 620.0, tp 673.87)
  -> queued FDX buy (conf None, stop 317.065, tp 341.42)
  -> queued CVX buy (conf 82, stop 189.13, tp 213.0)
  -> queued EQIX buy (conf None, stop 1030.91, tp 1106.76)
Dashboard watchlist synced (7 symbols) for news/headlines.
Ending portfolio value: $99,039.83
Trade journal: all: 19 trades, 21% win rate, avg -2.19% | breakout: 1 trades, 0% win rate, avg -8.61% | other: 13 trades, 23% win rate, avg -1.93% | technical: 5 trades, 20% win rate, avg -1.58%
Self-learning: breakout: 1 trades, 0% win rate, avg -8.61% (LOSING) | other: 13 trades, 23% win rate, avg -1.93% (LOSING) | technical: 5 trades, 20% win rate, avg -1.58% (LOSING)
Performance: Total return +0.17% | Max drawdown 0.94% | Daily Sharpe 2.02 | 19 closed trades | Win rate 21% | Avg winner +1.83% | Avg loser -3.26% | Open positions: 4 | Equity $99,039.83
Engine P&L: legacy/unknown: realized $-1,705.68 (19 closed, 21% wins), unrealized $-64.86 (4 open) | Books: legacy: realized $-1,705.68, unrealized $-64.86
Reports: daily realized $+0.00; worst symbols none | weekly realized $-1,705.68; worst symbols HPE:-1286.89; COHR:-471.20; SNDK:-159.07; ANET:-45.31; NOW:-30.35
Shadow report: 2116 shadow candidate(s), 95 rejection group(s)
Timings: account: 0.0s | risk: 0.4s | decide: 4.0s | watchlist: 0.1s | perf: 0.1s

=== Run at 2026-08-22T17:58:26.033254 ===
Build fingerprint: 4f68550affe5
Current time: 2026-08-22 01:58 PM EDT | Market open (per Alpaca): False | Session: CLOSED
Account value: $99,039.83
Cash: $79,250.80 | Holdings (4): {'ERIE': '0.7641 sh (+2.23%)', 'GEHC': '0.6136 sh (+1.25%)', 'MS': '43.8344 sh (-3.06%)', 'MSI': '21.1281 sh (+2.28%)'}
Sector exposure (cached): Technology 10.2%, Financials 9.7%, Health Care 0.0%
Fill reconciliation: {'filled': 0, 'partial': 0, 'rejected': 1}
Open orders (2): ERIE sell 0.7641, MS sell 43.8344
Risk state: peak $99,703.60 | drawdown 0.67% | today -0.00% | halted: False
Market regime: NEUTRAL (position-size multiplier: 100% incl. circuit breaker 100%)
News: fetched 158, 1 new after dedup, 0 ticker(s) matched.
Quant pre-screen: 41/66 candidates passed.
Technical fallback (Gemini throttled/unavailable) proposed 8 trade(s) meeting the conviction bar.
Technical fallback cap omitted 18 weaker idea(s) this run.
Gemini calls used today (all models combined): 289
Market closed (overnight): queued 12 trade idea(s) for next-morning verification -- nothing submitted yet.
  -> queued SOLV buy (conf 89, stop 87.0, tp 94.0)
  -> queued COHR buy (conf 85, stop 105.5, tp 128.0)
  -> queued BSX buy (conf None, stop 49.01, tp 52.92)
  -> queued INTU buy (conf 82, stop 352.0, tp 390.0)
  -> queued EXE buy (conf 82, stop 92.66, tp 102.0)
  -> queued EQT buy (conf 81, stop 51.9, tp 57.00000000000001)
  -> queued NWS buy (conf 80, stop 32.26, tp 36.5)
  -> queued DRI buy (conf None, stop 212.995, tp 229.46)
  -> queued DE buy (conf None, stop 579.5, tp 654.135)
  -> queued FDX buy (conf None, stop 317.065, tp 341.42)
  -> queued CVX buy (conf None, stop 189.13, tp 208.91)
  -> queued EQIX buy (conf None, stop 1030.91, tp 1106.76)
Run budget reserve reached -- skipping dashboard watchlist sync.
Run budget reserve reached -- skipping performance snapshot.
Trade journal: all: 19 trades, 21% win rate, avg -2.19% | breakout: 1 trades, 0% win rate, avg -8.61% | other: 13 trades, 23% win rate, avg -1.93% | technical: 5 trades, 20% win rate, avg -1.58%
Self-learning: breakout: 1 trades, 0% win rate, avg -8.61% (LOSING) | other: 13 trades, 23% win rate, avg -1.93% (LOSING) | technical: 5 trades, 20% win rate, avg -1.58% (LOSING)
Performance: Total return +0.17% | Max drawdown 0.94% | Daily Sharpe 2.02 | 19 closed trades | Win rate 21% | Avg winner +1.83% | Avg loser -3.26% | Open positions: 4 | Equity $99,039.83
Engine P&L: legacy/unknown: realized $-1,705.68 (19 closed, 21% wins), unrealized $-64.86 (4 open) | Books: legacy: realized $-1,705.68, unrealized $-64.86
Reports: daily realized $+0.00; worst symbols none | weekly realized $-1,705.68; worst symbols HPE:-1286.89; COHR:-471.20; SNDK:-159.07; ANET:-45.31; NOW:-30.35
Shadow report: 2116 shadow candidate(s), 95 rejection group(s)
Timings: account: 0.0s | risk: 1.0s | decide: 23.6s | watchlist: 0.0s | perf: 0.0s

=== Run at 2026-08-22T18:00:34.502936 ===
Build fingerprint: 4f68550affe5
Current time: 2026-08-22 02:00 PM EDT | Market open (per Alpaca): False | Session: CLOSED
Account value: $99,039.83
Cash: $79,250.80 | Holdings (4): {'ERIE': '0.7641 sh (+2.23%)', 'GEHC': '0.6136 sh (+1.25%)', 'MS': '43.8344 sh (-3.06%)', 'MSI': '21.1281 sh (+2.28%)'}
Sector exposure (cached): Technology 10.2%, Financials 9.7%, Health Care 0.0%
Fill reconciliation: {'filled': 0, 'partial': 0, 'rejected': 1}
Open orders (2): ERIE sell 0.7641, MS sell 43.8344
Risk state: peak $99,703.60 | drawdown 0.67% | today -0.00% | halted: False
Market regime: NEUTRAL (position-size multiplier: 100% incl. circuit breaker 100%)
News: fetched 158, 1 new after dedup, 0 ticker(s) matched.
Quant pre-screen: 12/18 candidates passed.
Technical fallback (Gemini throttled/unavailable) proposed 8 trade(s) meeting the conviction bar.
Technical fallback cap omitted 2 weaker idea(s) this run.
Gemini calls used today (all models combined): 289
Market closed (overnight): queued 12 trade idea(s) for next-morning verification -- nothing submitted yet.
  -> queued SOLV buy (conf 89, stop 87.0, tp 94.0)
  -> queued COHR buy (conf 85, stop 105.5, tp 128.0)
  -> queued BSX buy (conf None, stop 49.01, tp 52.92)
  -> queued INTU buy (conf 82, stop 352.0, tp 390.0)
  -> queued EXE buy (conf 82, stop 92.66, tp 102.0)
  -> queued EQT buy (conf 81, stop 51.9, tp 57.00000000000001)
  -> queued NWS buy (conf 80, stop 32.26, tp 36.5)
  -> queued DRI buy (conf None, stop 212.995, tp 229.46)
  -> queued DE buy (conf None, stop 579.5, tp 654.135)
  -> queued FDX buy (conf None, stop 317.065, tp 341.42)
  -> queued CVX buy (conf None, stop 189.13, tp 208.91)
  -> queued EQIX buy (conf None, stop 1030.91, tp 1106.76)
Run budget reserve reached -- skipping dashboard watchlist sync.
Run budget reserve reached -- skipping performance snapshot.
Trade journal: all: 19 trades, 21% win rate, avg -2.19% | breakout: 1 trades, 0% win rate, avg -8.61% | other: 13 trades, 23% win rate, avg -1.93% | technical: 5 trades, 20% win rate, avg -1.58%
Self-learning: breakout: 1 trades, 0% win rate, avg -8.61% (LOSING) | other: 13 trades, 23% win rate, avg -1.93% (LOSING) | technical: 5 trades, 20% win rate, avg -1.58% (LOSING)
Performance: Total return +0.17% | Max drawdown 0.94% | Daily Sharpe 2.02 | 19 closed trades | Win rate 21% | Avg winner +1.83% | Avg loser -3.26% | Open positions: 4 | Equity $99,039.83
Engine P&L: legacy/unknown: realized $-1,705.68 (19 closed, 21% wins), unrealized $-64.86 (4 open) | Books: legacy: realized $-1,705.68, unrealized $-64.86
Reports: daily realized $+0.00; worst symbols none | weekly realized $-1,705.68; worst symbols HPE:-1286.89; COHR:-471.20; SNDK:-159.07; ANET:-45.31; NOW:-30.35
Shadow report: 2116 shadow candidate(s), 95 rejection group(s)
Timings: account: 0.0s | risk: 1.2s | decide: 23.3s | watchlist: 0.0s | perf: 0.0s

=== Run at 2026-08-22T18:02:25.809706 ===
Build fingerprint: 4f68550affe5
Current time: 2026-08-22 02:02 PM EDT | Market open (per Alpaca): False | Session: CLOSED
Account value: $99,039.83
Cash: $79,250.80 | Holdings (4): {'ERIE': '0.7641 sh (+2.23%)', 'GEHC': '0.6136 sh (+1.25%)', 'MS': '43.8344 sh (-3.06%)', 'MSI': '21.1281 sh (+2.28%)'}
Sector exposure (cached): Technology 10.2%, Financials 9.7%, Health Care 0.0%
Fill reconciliation: {'filled': 0, 'partial': 0, 'rejected': 1}
Open orders (2): ERIE sell 0.7641, MS sell 43.8344
Risk state: peak $99,703.60 | drawdown 0.67% | today -0.00% | halted: False
Market regime: NEUTRAL (position-size multiplier: 100% incl. circuit breaker 100%)
News: fetched 158, 3 new after dedup, 0 ticker(s) matched.
Quant pre-screen: 18/30 candidates passed.
Technical fallback (Gemini throttled/unavailable) proposed 8 trade(s) meeting the conviction bar.
Technical fallback cap omitted 5 weaker idea(s) this run.
Gemini calls used today (all models combined): 289
Market closed (overnight): queued 12 trade idea(s) for next-morning verification -- nothing submitted yet.
  -> queued SOLV buy (conf 89, stop 87.0, tp 94.0)
  -> queued COHR buy (conf 85, stop 105.5, tp 128.0)
  -> queued BSX buy (conf None, stop 49.01, tp 52.92)
  -> queued INTU buy (conf 82, stop 352.0, tp 390.0)
  -> queued EXE buy (conf 82, stop 92.66, tp 102.0)
  -> queued EQT buy (conf 81, stop 51.9, tp 57.00000000000001)
  -> queued NWS buy (conf 80, stop 32.26, tp 36.5)
  -> queued DRI buy (conf None, stop 212.995, tp 229.46)
  -> queued DE buy (conf None, stop 579.5, tp 654.135)
  -> queued FDX buy (conf None, stop 317.065, tp 341.42)
  -> queued CVX buy (conf None, stop 189.13, tp 208.91)
  -> queued EQIX buy (conf None, stop 1030.91, tp 1106.76)
Run budget reserve reached -- skipping dashboard watchlist sync.
Run budget reserve reached -- skipping performance snapshot.
Trade journal: all: 19 trades, 21% win rate, avg -2.19% | breakout: 1 trades, 0% win rate, avg -8.61% | other: 13 trades, 23% win rate, avg -1.93% | technical: 5 trades, 20% win rate, avg -1.58%
Self-learning: breakout: 1 trades, 0% win rate, avg -8.61% (LOSING) | other: 13 trades, 23% win rate, avg -1.93% (LOSING) | technical: 5 trades, 20% win rate, avg -1.58% (LOSING)
Performance: Total return +0.17% | Max drawdown 0.94% | Daily Sharpe 2.02 | 19 closed trades | Win rate 21% | Avg winner +1.83% | Avg loser -3.26% | Open positions: 4 | Equity $99,039.83
Engine P&L: legacy/unknown: realized $-1,705.68 (19 closed, 21% wins), unrealized $-64.86 (4 open) | Books: legacy: realized $-1,705.68, unrealized $-64.86
Reports: daily realized $+0.00; worst symbols none | weekly realized $-1,705.68; worst symbols HPE:-1286.89; COHR:-471.20; SNDK:-159.07; ANET:-45.31; NOW:-30.35
Shadow report: 2116 shadow candidate(s), 95 rejection group(s)
Timings: account: 0.0s | risk: 1.0s | decide: 23.7s | watchlist: 0.0s | perf: 0.0s

=== Run at 2026-08-22T18:04:30.690743 ===
Build fingerprint: 4f68550affe5
Current time: 2026-08-22 02:04 PM EDT | Market open (per Alpaca): False | Session: CLOSED
Account value: $99,039.83
Cash: $79,250.80 | Holdings (4): {'ERIE': '0.7641 sh (+2.23%)', 'GEHC': '0.6136 sh (+1.25%)', 'MS': '43.8344 sh (-3.06%)', 'MSI': '21.1281 sh (+2.28%)'}
Sector exposure (cached): Technology 10.2%, Financials 9.7%, Health Care 0.0%
Fill reconciliation: {'filled': 0, 'partial': 0, 'rejected': 1}
Open orders (2): ERIE sell 0.7641, MS sell 43.8344
Risk state: peak $99,703.60 | drawdown 0.67% | today -0.00% | halted: False
Market regime: NEUTRAL (position-size multiplier: 100% incl. circuit breaker 100%)
News: fetched 158, 0 new after dedup, 0 ticker(s) matched.
Quant pre-screen: 26/42 candidates passed.
Gemini proposed 3 trade(s) meeting the conviction bar.
Gemini calls used today (all models combined): 290
Market closed (overnight): queued 12 trade idea(s) for next-morning verification -- nothing submitted yet.
  -> queued DRI buy (conf 90, stop 213.0, tp 235.0)
  -> queued MSI buy (conf 90, stop 457.19, tp 495.0)
  -> queued SOLV buy (conf 89, stop 87.0, tp 94.0)
  -> queued DE buy (conf 88, stop 579.5, tp 673.87)
  -> queued COHR buy (conf 85, stop 105.5, tp 128.0)
  -> queued BSX buy (conf None, stop 49.01, tp 52.92)
  -> queued INTU buy (conf 82, stop 352.0, tp 390.0)
  -> queued EXE buy (conf 82, stop 92.66, tp 102.0)
  -> queued EQT buy (conf 81, stop 51.9, tp 57.00000000000001)
  -> queued NWS buy (conf 80, stop 32.26, tp 36.5)
  -> queued FDX buy (conf None, stop 317.065, tp 341.42)
  -> queued CVX buy (conf None, stop 189.13, tp 208.91)
Dashboard watchlist synced (6 symbols) for news/headlines.
Ending portfolio value: $99,039.83
Trade journal: all: 19 trades, 21% win rate, avg -2.19% | breakout: 1 trades, 0% win rate, avg -8.61% | other: 13 trades, 23% win rate, avg -1.93% | technical: 5 trades, 20% win rate, avg -1.58%
Self-learning: breakout: 1 trades, 0% win rate, avg -8.61% (LOSING) | other: 13 trades, 23% win rate, avg -1.93% (LOSING) | technical: 5 trades, 20% win rate, avg -1.58% (LOSING)
Performance: Total return +0.17% | Max drawdown 0.94% | Daily Sharpe 2.02 | 19 closed trades | Win rate 21% | Avg winner +1.83% | Avg loser -3.26% | Open positions: 4 | Equity $99,039.83
Engine P&L: legacy/unknown: realized $-1,705.68 (19 closed, 21% wins), unrealized $-64.86 (4 open) | Books: legacy: realized $-1,705.68, unrealized $-64.86
Reports: daily realized $+0.00; worst symbols none | weekly realized $-1,705.68; worst symbols HPE:-1286.89; COHR:-471.20; SNDK:-159.07; ANET:-45.31; NOW:-30.35
Shadow report: 2116 shadow candidate(s), 95 rejection group(s)
Timings: account: 0.0s | risk: 1.2s | decide: 10.5s | watchlist: 0.1s | perf: 0.2s

=== Run at 2026-08-22T18:06:29.389521 ===
Build fingerprint: 4f68550affe5
Current time: 2026-08-22 02:06 PM EDT | Market open (per Alpaca): False | Session: CLOSED
Account value: $99,039.83
Cash: $79,250.80 | Holdings (4): {'ERIE': '0.7641 sh (+2.23%)', 'GEHC': '0.6136 sh (+1.25%)', 'MS': '43.8344 sh (-3.06%)', 'MSI': '21.1281 sh (+2.28%)'}
Sector exposure (cached): Technology 10.2%, Financials 9.7%, Health Care 0.0%
Fill reconciliation: {'filled': 0, 'partial': 0, 'rejected': 1}
Open orders (2): ERIE sell 0.7641, MS sell 43.8344
Risk state: peak $99,703.60 | drawdown 0.67% | today -0.00% | halted: False
Market regime: NEUTRAL (position-size multiplier: 100% incl. circuit breaker 100%)
News: fetched 158, 0 new after dedup, 0 ticker(s) matched.
Quant pre-screen: 34/54 candidates passed.
Gemini proposed 2 trade(s) meeting the conviction bar.
Gemini calls used today (all models combined): 291
Market closed (overnight): queued 11 trade idea(s) for next-morning verification -- nothing submitted yet.
  -> queued DRI buy (conf 88, stop 213.0, tp 235.00000000000003)
  -> queued MSI buy (conf 90, stop 457.19, tp 495.0)
  -> queued DE buy (conf 85, stop 579.5, tp 673.87)
  -> queued COHR buy (conf 85, stop 105.5, tp 128.0)
  -> queued BSX buy (conf None, stop 49.01, tp 52.92)
  -> queued INTU buy (conf 82, stop 352.0, tp 390.0)
  -> queued EXE buy (conf 82, stop 92.66, tp 102.0)
  -> queued EQT buy (conf 81, stop 51.9, tp 57.00000000000001)
  -> queued NWS buy (conf 80, stop 32.26, tp 36.5)
  -> queued FDX buy (conf None, stop 317.065, tp 341.42)
  -> queued CVX buy (conf None, stop 189.13, tp 208.91)
Dashboard watchlist synced (6 symbols) for news/headlines.
Ending portfolio value: $99,039.83
Trade journal: all: 19 trades, 21% win rate, avg -2.19% | breakout: 1 trades, 0% win rate, avg -8.61% | other: 13 trades, 23% win rate, avg -1.93% | technical: 5 trades, 20% win rate, avg -1.58%
Self-learning: breakout: 1 trades, 0% win rate, avg -8.61% (LOSING) | other: 13 trades, 23% win rate, avg -1.93% (LOSING) | technical: 5 trades, 20% win rate, avg -1.58% (LOSING)
Performance: Total return +0.17% | Max drawdown 0.94% | Daily Sharpe 2.02 | 19 closed trades | Win rate 21% | Avg winner +1.83% | Avg loser -3.26% | Open positions: 4 | Equity $99,039.83
Engine P&L: legacy/unknown: realized $-1,705.68 (19 closed, 21% wins), unrealized $-64.86 (4 open) | Books: legacy: realized $-1,705.68, unrealized $-64.86
Reports: daily realized $+0.00; worst symbols none | weekly realized $-1,705.68; worst symbols HPE:-1286.89; COHR:-471.20; SNDK:-159.07; ANET:-45.31; NOW:-30.35
Shadow report: 2116 shadow candidate(s), 95 rejection group(s)
Timings: account: 0.0s | risk: 0.2s | decide: 4.0s | watchlist: 0.0s | perf: 0.0s

=== Run at 2026-08-22T18:08:26.806747 ===
Build fingerprint: 4f68550affe5
Current time: 2026-08-22 02:08 PM EDT | Market open (per Alpaca): False | Session: CLOSED
Account value: $99,039.83
Cash: $79,250.80 | Holdings (4): {'ERIE': '0.7641 sh (+2.23%)', 'GEHC': '0.6136 sh (+1.25%)', 'MS': '43.8344 sh (-3.06%)', 'MSI': '21.1281 sh (+2.28%)'}
Sector exposure (cached): Technology 10.2%, Financials 9.7%, Health Care 0.0%
Fill reconciliation: {'filled': 0, 'partial': 0, 'rejected': 1}
Open orders (2): ERIE sell 0.7641, MS sell 43.8344
Risk state: peak $99,703.60 | drawdown 0.67% | today -0.00% | halted: False
Market regime: NEUTRAL (position-size multiplier: 100% incl. circuit breaker 100%)
News: fetched 158, 1 new after dedup, 0 ticker(s) matched.
Quant pre-screen: 42/66 candidates passed.
Gemini proposed 3 trade(s) meeting the conviction bar.
Gemini calls used today (all models combined): 292
Market closed (overnight): queued 11 trade idea(s) for next-morning verification -- nothing submitted yet.
  -> queued DRI buy (conf 85, stop 213.0, tp 235.0)
  -> queued MSI buy (conf 90, stop 457.19, tp 495.0)
  -> queued DE buy (conf 88, stop 605.0, tp 690.0)
  -> queued COHR buy (conf 85, stop 105.5, tp 128.0)
  -> queued BSX buy (conf None, stop 49.01, tp 52.92)
  -> queued INTU buy (conf 82, stop 352.0, tp 390.0)
  -> queued EXE buy (conf 82, stop 92.66, tp 102.0)
  -> queued EQT buy (conf 81, stop 51.9, tp 57.00000000000001)
  -> queued NWS buy (conf 80, stop 32.26, tp 36.5)
  -> queued FDX buy (conf None, stop 317.065, tp 341.42)
  -> queued CVX buy (conf 82, stop 195.0, tp 218.0)
Dashboard watchlist synced (7 symbols) for news/headlines.
Ending portfolio value: $99,039.83
Trade journal: all: 19 trades, 21% win rate, avg -2.19% | breakout: 1 trades, 0% win rate, avg -8.61% | other: 13 trades, 23% win rate, avg -1.93% | technical: 5 trades, 20% win rate, avg -1.58%
Self-learning: breakout: 1 trades, 0% win rate, avg -8.61% (LOSING) | other: 13 trades, 23% win rate, avg -1.93% (LOSING) | technical: 5 trades, 20% win rate, avg -1.58% (LOSING)
Performance: Total return +0.17% | Max drawdown 0.94% | Daily Sharpe 2.02 | 19 closed trades | Win rate 21% | Avg winner +1.83% | Avg loser -3.26% | Open positions: 4 | Equity $99,039.83
Engine P&L: legacy/unknown: realized $-1,705.68 (19 closed, 21% wins), unrealized $-64.86 (4 open) | Books: legacy: realized $-1,705.68, unrealized $-64.86
Reports: daily realized $+0.00; worst symbols none | weekly realized $-1,705.68; worst symbols HPE:-1286.89; COHR:-471.20; SNDK:-159.07; ANET:-45.31; NOW:-30.35
Shadow report: 2116 shadow candidate(s), 95 rejection group(s)
Timings: account: 0.0s | risk: 1.2s | decide: 10.7s | watchlist: 0.1s | perf: 0.2s

=== Run at 2026-08-22T18:10:34.765871 ===
Build fingerprint: 4f68550affe5
Current time: 2026-08-22 02:10 PM EDT | Market open (per Alpaca): False | Session: CLOSED
Account value: $99,039.83
Cash: $79,250.80 | Holdings (4): {'ERIE': '0.7641 sh (+2.23%)', 'GEHC': '0.6136 sh (+1.25%)', 'MS': '43.8344 sh (-3.06%)', 'MSI': '21.1281 sh (+2.28%)'}
Sector exposure (cached): Technology 10.2%, Financials 9.7%, Health Care 0.0%
Fill reconciliation: {'filled': 0, 'partial': 0, 'rejected': 1}
Open orders (2): ERIE sell 0.7641, MS sell 43.8344
Risk state: peak $99,703.60 | drawdown 0.67% | today -0.00% | halted: False
Market regime: NEUTRAL (position-size multiplier: 100% incl. circuit breaker 100%)
News: fetched 158, 0 new after dedup, 0 ticker(s) matched.
Quant pre-screen: 42/66 candidates passed.
Gemini proposed 2 trade(s) meeting the conviction bar.
Gemini calls used today (all models combined): 293
Market closed (overnight): queued 11 trade idea(s) for next-morning verification -- nothing submitted yet.
  -> queued DRI buy (conf 85, stop 213.0, tp 235.00000000000003)
  -> queued MSI buy (conf 90, stop 457.19, tp 495.0)
  -> queued DE buy (conf 82, stop 579.5, tp 680.0)
  -> queued COHR buy (conf 85, stop 105.5, tp 128.0)
  -> queued BSX buy (conf None, stop 49.01, tp 52.92)
  -> queued INTU buy (conf 82, stop 352.0, tp 390.0)
  -> queued EXE buy (conf 82, stop 92.66, tp 102.0)
  -> queued EQT buy (conf 81, stop 51.9, tp 57.00000000000001)
  -> queued NWS buy (conf 80, stop 32.26, tp 36.5)
  -> queued FDX buy (conf None, stop 317.065, tp 341.42)
  -> queued CVX buy (conf 82, stop 195.0, tp 218.0)
Dashboard watchlist synced (6 symbols) for news/headlines.
Ending portfolio value: $99,039.83
Trade journal: all: 19 trades, 21% win rate, avg -2.19% | breakout: 1 trades, 0% win rate, avg -8.61% | other: 13 trades, 23% win rate, avg -1.93% | technical: 5 trades, 20% win rate, avg -1.58%
Self-learning: breakout: 1 trades, 0% win rate, avg -8.61% (LOSING) | other: 13 trades, 23% win rate, avg -1.93% (LOSING) | technical: 5 trades, 20% win rate, avg -1.58% (LOSING)
Performance: Total return +0.17% | Max drawdown 0.94% | Daily Sharpe 2.02 | 19 closed trades | Win rate 21% | Avg winner +1.83% | Avg loser -3.26% | Open positions: 4 | Equity $99,039.83
Engine P&L: legacy/unknown: realized $-1,705.68 (19 closed, 21% wins), unrealized $-64.86 (4 open) | Books: legacy: realized $-1,705.68, unrealized $-64.86
Reports: daily realized $+0.00; worst symbols none | weekly realized $-1,705.68; worst symbols HPE:-1286.89; COHR:-471.20; SNDK:-159.07; ANET:-45.31; NOW:-30.35
Shadow report: 2116 shadow candidate(s), 95 rejection group(s)
Timings: account: 0.0s | risk: 1.3s | decide: 7.7s | watchlist: 0.1s | perf: 0.2s

=== Run at 2026-08-22T18:12:26.458772 ===
Build fingerprint: 4f68550affe5
Current time: 2026-08-22 02:12 PM EDT | Market open (per Alpaca): False | Session: CLOSED
Account value: $99,039.83
Cash: $79,250.80 | Holdings (4): {'ERIE': '0.7641 sh (+2.23%)', 'GEHC': '0.6136 sh (+1.25%)', 'MS': '43.8344 sh (-3.06%)', 'MSI': '21.1281 sh (+2.28%)'}
Sector exposure (cached): Technology 10.2%, Financials 9.7%, Health Care 0.0%
Fill reconciliation: {'filled': 0, 'partial': 0, 'rejected': 1}
Open orders (2): ERIE sell 0.7641, MS sell 43.8344
Risk state: peak $99,703.60 | drawdown 0.67% | today -0.00% | halted: False
Market regime: NEUTRAL (position-size multiplier: 100% incl. circuit breaker 100%)
News: fetched 158, 1 new after dedup, 0 ticker(s) matched.
Quant pre-screen: 42/66 candidates passed.
Gemini proposed 3 trade(s) meeting the conviction bar.
Gemini calls used today (all models combined): 294
Market closed (overnight): queued 11 trade idea(s) for next-morning verification -- nothing submitted yet.
  -> queued DRI buy (conf 88, stop 213.0, tp 232.00000000000003)
  -> queued MSI buy (conf 90, stop 457.19, tp 495.0)
  -> queued DE buy (conf 85, stop 628.12, tp 686.2199999999999)
  -> queued COHR buy (conf 85, stop 105.5, tp 128.0)
  -> queued BSX buy (conf None, stop 49.01, tp 52.92)
  -> queued INTU buy (conf 82, stop 352.0, tp 390.0)
  -> queued EXE buy (conf 82, stop 92.66, tp 102.0)
  -> queued EQT buy (conf 81, stop 51.9, tp 57.00000000000001)
  -> queued NWS buy (conf 80, stop 32.26, tp 36.5)
  -> queued FDX buy (conf None, stop 317.065, tp 341.42)
  -> queued CVX buy (conf 82, stop 199.37, tp 217.52)
Dashboard watchlist synced (7 symbols) for news/headlines.
Ending portfolio value: $99,039.83
Trade journal: all: 19 trades, 21% win rate, avg -2.19% | breakout: 1 trades, 0% win rate, avg -8.61% | other: 13 trades, 23% win rate, avg -1.93% | technical: 5 trades, 20% win rate, avg -1.58%
Self-learning: breakout: 1 trades, 0% win rate, avg -8.61% (LOSING) | other: 13 trades, 23% win rate, avg -1.93% (LOSING) | technical: 5 trades, 20% win rate, avg -1.58% (LOSING)
Performance: Total return +0.17% | Max drawdown 0.94% | Daily Sharpe 2.02 | 19 closed trades | Win rate 21% | Avg winner +1.83% | Avg loser -3.26% | Open positions: 4 | Equity $99,039.83
Engine P&L: legacy/unknown: realized $-1,705.68 (19 closed, 21% wins), unrealized $-64.86 (4 open) | Books: legacy: realized $-1,705.68, unrealized $-64.86
Reports: daily realized $+0.00; worst symbols none | weekly realized $-1,705.68; worst symbols HPE:-1286.89; COHR:-471.20; SNDK:-159.07; ANET:-45.31; NOW:-30.35
Shadow report: 2116 shadow candidate(s), 95 rejection group(s)
Timings: account: 0.0s | risk: 0.2s | decide: 7.6s | watchlist: 0.0s | perf: 0.0s

=== Run at 2026-08-22T18:14:28.950059 ===
Build fingerprint: 4f68550affe5
Current time: 2026-08-22 02:14 PM EDT | Market open (per Alpaca): False | Session: CLOSED
Account value: $99,039.83
Cash: $79,250.80 | Holdings (4): {'ERIE': '0.7641 sh (+2.23%)', 'GEHC': '0.6136 sh (+1.25%)', 'MS': '43.8344 sh (-3.06%)', 'MSI': '21.1281 sh (+2.28%)'}
Sector exposure (cached): Technology 10.2%, Financials 9.7%, Health Care 0.0%
Fill reconciliation: {'filled': 0, 'partial': 0, 'rejected': 1}
Open orders (2): ERIE sell 0.7641, MS sell 43.8344
Risk state: peak $99,703.60 | drawdown 0.67% | today -0.00% | halted: False
Market regime: NEUTRAL (position-size multiplier: 100% incl. circuit breaker 100%)
News: fetched 158, 1 new after dedup, 0 ticker(s) matched.
Quant pre-screen: 42/66 candidates passed.
Gemini proposed 2 trade(s) meeting the conviction bar.
Gemini calls used today (all models combined): 295
Market closed (overnight): queued 11 trade idea(s) for next-morning verification -- nothing submitted yet.
  -> queued DRI buy (conf 88, stop 213.0, tp 229.46)
  -> queued MSI buy (conf 90, stop 457.19, tp 495.0)
  -> queued DE buy (conf 85, stop 579.5, tp 673.87)
  -> queued COHR buy (conf 85, stop 105.5, tp 128.0)
  -> queued BSX buy (conf None, stop 49.01, tp 52.92)
  -> queued INTU buy (conf 82, stop 352.0, tp 390.0)
  -> queued EXE buy (conf 82, stop 92.66, tp 102.0)
  -> queued EQT buy (conf 81, stop 51.9, tp 57.00000000000001)
  -> queued NWS buy (conf 80, stop 32.26, tp 36.5)
  -> queued FDX buy (conf None, stop 317.065, tp 341.42)
  -> queued CVX buy (conf 82, stop 199.37, tp 217.52)
Dashboard watchlist synced (6 symbols) for news/headlines.
Ending portfolio value: $99,039.83
Trade journal: all: 19 trades, 21% win rate, avg -2.19% | breakout: 1 trades, 0% win rate, avg -8.61% | other: 13 trades, 23% win rate, avg -1.93% | technical: 5 trades, 20% win rate, avg -1.58%
Self-learning: breakout: 1 trades, 0% win rate, avg -8.61% (LOSING) | other: 13 trades, 23% win rate, avg -1.93% (LOSING) | technical: 5 trades, 20% win rate, avg -1.58% (LOSING)
Performance: Total return +0.17% | Max drawdown 0.94% | Daily Sharpe 2.02 | 19 closed trades | Win rate 21% | Avg winner +1.83% | Avg loser -3.26% | Open positions: 4 | Equity $99,039.83
Engine P&L: legacy/unknown: realized $-1,705.68 (19 closed, 21% wins), unrealized $-64.86 (4 open) | Books: legacy: realized $-1,705.68, unrealized $-64.86
Reports: daily realized $+0.00; worst symbols none | weekly realized $-1,705.68; worst symbols HPE:-1286.89; COHR:-471.20; SNDK:-159.07; ANET:-45.31; NOW:-30.35
Shadow report: 2116 shadow candidate(s), 95 rejection group(s)
Timings: account: 0.0s | risk: 0.7s | decide: 5.6s | watchlist: 0.1s | perf: 0.1s

=== Run at 2026-08-22T18:15:33.794260 ===
Build fingerprint: 4f68550affe5
Current time: 2026-08-22 02:15 PM EDT | Market open (per Alpaca): False | Session: CLOSED
Account value: $99,039.83
Cash: $79,250.80 | Holdings (4): {'ERIE': '0.7641 sh (+2.23%)', 'GEHC': '0.6136 sh (+1.25%)', 'MS': '43.8344 sh (-3.06%)', 'MSI': '21.1281 sh (+2.28%)'}
Sector exposure (cached): Technology 10.2%, Financials 9.7%, Health Care 0.0%
Fill reconciliation: {'filled': 0, 'partial': 0, 'rejected': 1}
Open orders (2): ERIE sell 0.7641, MS sell 43.8344
Risk state: peak $99,703.60 | drawdown 0.67% | today -0.00% | halted: False
Market regime: NEUTRAL (position-size multiplier: 100% incl. circuit breaker 100%)
News: fetched 158, 2 new after dedup, 0 ticker(s) matched.
Quant pre-screen: 42/66 candidates passed.
Technical fallback (Gemini throttled/unavailable) proposed 8 trade(s) meeting the conviction bar.
Technical fallback cap omitted 19 weaker idea(s) this run.
Gemini calls used today (all models combined): 295
Market closed (overnight): queued 12 trade idea(s) for next-morning verification -- nothing submitted yet.
  -> queued COHR buy (conf 85, stop 105.5, tp 128.0)
  -> queued BSX buy (conf None, stop 49.01, tp 52.92)
  -> queued INTU buy (conf 82, stop 352.0, tp 390.0)
  -> queued EXE buy (conf 82, stop 92.66, tp 102.0)
  -> queued EQT buy (conf 81, stop 51.9, tp 57.00000000000001)
  -> queued NWS buy (conf 80, stop 32.26, tp 36.5)
  -> queued DRI buy (conf None, stop 212.995, tp 229.46)
  -> queued DE buy (conf None, stop 579.5, tp 654.135)
  -> queued FDX buy (conf None, stop 317.065, tp 341.42)
  -> queued MSI buy (conf None, stop 457.185, tp 486.25)
  -> queued CVX buy (conf None, stop 189.13, tp 208.91)
  -> queued DVN buy (conf None, stop 43.65, tp 49.72)
Dashboard watchlist synced (11 symbols) for news/headlines.
Ending portfolio value: $99,039.83
Trade journal: all: 19 trades, 21% win rate, avg -2.19% | breakout: 1 trades, 0% win rate, avg -8.61% | other: 13 trades, 23% win rate, avg -1.93% | technical: 5 trades, 20% win rate, avg -1.58%
Self-learning: breakout: 1 trades, 0% win rate, avg -8.61% (LOSING) | other: 13 trades, 23% win rate, avg -1.93% (LOSING) | technical: 5 trades, 20% win rate, avg -1.58% (LOSING)
Performance: Total return +0.17% | Max drawdown 0.94% | Daily Sharpe 2.02 | 19 closed trades | Win rate 21% | Avg winner +1.83% | Avg loser -3.26% | Open positions: 4 | Equity $99,039.83
Engine P&L: legacy/unknown: realized $-1,705.68 (19 closed, 21% wins), unrealized $-64.86 (4 open) | Books: legacy: realized $-1,705.68, unrealized $-64.86
Reports: daily realized $+0.00; worst symbols none | weekly realized $-1,705.68; worst symbols HPE:-1286.89; COHR:-471.20; SNDK:-159.07; ANET:-45.31; NOW:-30.35
Shadow report: 2116 shadow candidate(s), 95 rejection group(s)
Timings: account: 0.0s | risk: 0.3s | decide: 22.7s | watchlist: 0.0s | perf: 0.0s

=== Run at 2026-08-22T18:16:27.204785 ===
Build fingerprint: 4f68550affe5
Current time: 2026-08-22 02:16 PM EDT | Market open (per Alpaca): False | Session: CLOSED
Account value: $99,039.83
Cash: $79,250.80 | Holdings (4): {'ERIE': '0.7641 sh (+2.23%)', 'GEHC': '0.6136 sh (+1.25%)', 'MS': '43.8344 sh (-3.06%)', 'MSI': '21.1281 sh (+2.28%)'}
Sector exposure (cached): Technology 10.2%, Financials 9.7%, Health Care 0.0%
Fill reconciliation: {'filled': 0, 'partial': 0, 'rejected': 1}
Open orders (2): ERIE sell 0.7641, MS sell 43.8344
Risk state: peak $99,703.60 | drawdown 0.67% | today -0.00% | halted: False
Market regime: NEUTRAL (position-size multiplier: 100% incl. circuit breaker 100%)
News: fetched 158, 0 new after dedup, 0 ticker(s) matched.
Quant pre-screen: 42/66 candidates passed.
Gemini proposed 2 trade(s) meeting the conviction bar.
Gemini calls used today (all models combined): 296
Market closed (overnight): queued 12 trade idea(s) for next-morning verification -- nothing submitted yet.
  -> queued COHR buy (conf 85, stop 105.5, tp 128.0)
  -> queued BSX buy (conf None, stop 49.01, tp 52.92)
  -> queued INTU buy (conf 82, stop 352.0, tp 390.0)
  -> queued EXE buy (conf 82, stop 92.66, tp 102.0)
  -> queued EQT buy (conf 81, stop 51.9, tp 57.00000000000001)
  -> queued NWS buy (conf 80, stop 32.26, tp 36.5)
  -> queued DRI buy (conf 82, stop 213.0, tp 235.0)
  -> queued DE buy (conf 85, stop 605.0, tp 690.0)
  -> queued FDX buy (conf None, stop 317.065, tp 341.42)
  -> queued MSI buy (conf None, stop 457.185, tp 486.25)
  -> queued CVX buy (conf None, stop 189.13, tp 208.91)
  -> queued DVN buy (conf None, stop 43.65, tp 49.72)
Dashboard watchlist synced (6 symbols) for news/headlines.
Ending portfolio value: $99,039.83
Trade journal: all: 19 trades, 21% win rate, avg -2.19% | breakout: 1 trades, 0% win rate, avg -8.61% | other: 13 trades, 23% win rate, avg -1.93% | technical: 5 trades, 20% win rate, avg -1.58%
Self-learning: breakout: 1 trades, 0% win rate, avg -8.61% (LOSING) | other: 13 trades, 23% win rate, avg -1.93% (LOSING) | technical: 5 trades, 20% win rate, avg -1.58% (LOSING)
Performance: Total return +0.17% | Max drawdown 0.94% | Daily Sharpe 2.02 | 19 closed trades | Win rate 21% | Avg winner +1.83% | Avg loser -3.26% | Open positions: 4 | Equity $99,039.83
Engine P&L: legacy/unknown: realized $-1,705.68 (19 closed, 21% wins), unrealized $-64.86 (4 open) | Books: legacy: realized $-1,705.68, unrealized $-64.86
Reports: daily realized $+0.00; worst symbols none | weekly realized $-1,705.68; worst symbols HPE:-1286.89; COHR:-471.20; SNDK:-159.07; ANET:-45.31; NOW:-30.35
Shadow report: 2116 shadow candidate(s), 95 rejection group(s)
Timings: account: 0.0s | risk: 0.8s | decide: 3.8s | watchlist: 0.1s | perf: 0.1s

=== Run at 2026-08-22T18:18:29.098968 ===
Build fingerprint: 4f68550affe5
Current time: 2026-08-22 02:18 PM EDT | Market open (per Alpaca): False | Session: CLOSED
Account value: $99,039.83
Cash: $79,250.80 | Holdings (4): {'ERIE': '0.7641 sh (+2.23%)', 'GEHC': '0.6136 sh (+1.25%)', 'MS': '43.8344 sh (-3.06%)', 'MSI': '21.1281 sh (+2.28%)'}
Sector exposure (cached): Technology 10.2%, Financials 9.7%, Health Care 0.0%
Fill reconciliation: {'filled': 0, 'partial': 0, 'rejected': 1}
Open orders (2): ERIE sell 0.7641, MS sell 43.8344
Risk state: peak $99,703.60 | drawdown 0.67% | today -0.00% | halted: False
Market regime: NEUTRAL (position-size multiplier: 100% incl. circuit breaker 100%)
News: fetched 158, 0 new after dedup, 0 ticker(s) matched.
Quant pre-screen: 42/66 candidates passed.
Gemini proposed 2 trade(s) meeting the conviction bar.
Gemini calls used today (all models combined): 297
Market closed (overnight): queued 12 trade idea(s) for next-morning verification -- nothing submitted yet.
  -> queued COHR buy (conf 85, stop 105.5, tp 128.0)
  -> queued BSX buy (conf None, stop 49.01, tp 52.92)
  -> queued INTU buy (conf 82, stop 352.0, tp 390.0)
  -> queued EXE buy (conf 82, stop 92.66, tp 102.0)
  -> queued EQT buy (conf 81, stop 51.9, tp 57.00000000000001)
  -> queued NWS buy (conf 80, stop 32.26, tp 36.5)
  -> queued DRI buy (conf 85, stop 213.0, tp 229.46)
  -> queued DE buy (conf 84, stop 579.5, tp 654.13)
  -> queued FDX buy (conf None, stop 317.065, tp 341.42)
  -> queued MSI buy (conf None, stop 457.185, tp 486.25)
  -> queued CVX buy (conf None, stop 189.13, tp 208.91)
  -> queued DVN buy (conf None, stop 43.65, tp 49.72)
Dashboard watchlist synced (6 symbols) for news/headlines.
Ending portfolio value: $99,039.83
Trade journal: all: 19 trades, 21% win rate, avg -2.19% | breakout: 1 trades, 0% win rate, avg -8.61% | other: 13 trades, 23% win rate, avg -1.93% | technical: 5 trades, 20% win rate, avg -1.58%
Self-learning: breakout: 1 trades, 0% win rate, avg -8.61% (LOSING) | other: 13 trades, 23% win rate, avg -1.93% (LOSING) | technical: 5 trades, 20% win rate, avg -1.58% (LOSING)
Performance: Total return +0.17% | Max drawdown 0.94% | Daily Sharpe 2.02 | 19 closed trades | Win rate 21% | Avg winner +1.83% | Avg loser -3.26% | Open positions: 4 | Equity $99,039.83
Engine P&L: legacy/unknown: realized $-1,705.68 (19 closed, 21% wins), unrealized $-64.86 (4 open) | Books: legacy: realized $-1,705.68, unrealized $-64.86
Reports: daily realized $+0.00; worst symbols none | weekly realized $-1,705.68; worst symbols HPE:-1286.89; COHR:-471.20; SNDK:-159.07; ANET:-45.31; NOW:-30.35
Shadow report: 2116 shadow candidate(s), 95 rejection group(s)
Timings: account: 0.0s | risk: 1.0s | decide: 7.0s | watchlist: 0.1s | perf: 0.1s

=== Run at 2026-08-22T18:20:29.396750 ===
Build fingerprint: 4f68550affe5
Current time: 2026-08-22 02:20 PM EDT | Market open (per Alpaca): False | Session: CLOSED
Account value: $99,039.83
Cash: $79,250.80 | Holdings (4): {'ERIE': '0.7641 sh (+2.23%)', 'GEHC': '0.6136 sh (+1.25%)', 'MS': '43.8344 sh (-3.06%)', 'MSI': '21.1281 sh (+2.28%)'}
Sector exposure (cached): Technology 10.2%, Financials 9.7%, Health Care 0.0%
Fill reconciliation: {'filled': 0, 'partial': 0, 'rejected': 1}
Open orders (2): ERIE sell 0.7641, MS sell 43.8344
Risk state: peak $99,703.60 | drawdown 0.67% | today -0.00% | halted: False
Market regime: NEUTRAL (position-size multiplier: 100% incl. circuit breaker 100%)
News: fetched 158, 1 new after dedup, 0 ticker(s) matched.
Quant pre-screen: 42/66 candidates passed.
Gemini proposed 2 trade(s) meeting the conviction bar.
Gemini calls used today (all models combined): 298
Market closed (overnight): queued 12 trade idea(s) for next-morning verification -- nothing submitted yet.
  -> queued COHR buy (conf 85, stop 105.5, tp 128.0)
  -> queued BSX buy (conf None, stop 49.01, tp 52.92)
  -> queued INTU buy (conf 82, stop 352.0, tp 390.0)
  -> queued EXE buy (conf 82, stop 92.66, tp 102.0)
  -> queued EQT buy (conf 81, stop 51.9, tp 57.00000000000001)
  -> queued NWS buy (conf 80, stop 32.26, tp 36.5)
  -> queued DRI buy (conf 88, stop 213.0, tp 235.0)
  -> queued DE buy (conf 85, stop 579.5, tp 670.0)
  -> queued FDX buy (conf None, stop 317.065, tp 341.42)
  -> queued MSI buy (conf None, stop 457.185, tp 486.25)
  -> queued CVX buy (conf None, stop 189.13, tp 208.91)
  -> queued DVN buy (conf None, stop 43.65, tp 49.72)
Dashboard watchlist synced (6 symbols) for news/headlines.
Ending portfolio value: $99,039.83
Trade journal: all: 19 trades, 21% win rate, avg -2.19% | breakout: 1 trades, 0% win rate, avg -8.61% | other: 13 trades, 23% win rate, avg -1.93% | technical: 5 trades, 20% win rate, avg -1.58%
Self-learning: breakout: 1 trades, 0% win rate, avg -8.61% (LOSING) | other: 13 trades, 23% win rate, avg -1.93% (LOSING) | technical: 5 trades, 20% win rate, avg -1.58% (LOSING)
Performance: Total return +0.17% | Max drawdown 0.94% | Daily Sharpe 2.02 | 19 closed trades | Win rate 21% | Avg winner +1.83% | Avg loser -3.26% | Open positions: 4 | Equity $99,039.83
Engine P&L: legacy/unknown: realized $-1,705.68 (19 closed, 21% wins), unrealized $-64.86 (4 open) | Books: legacy: realized $-1,705.68, unrealized $-64.86
Reports: daily realized $+0.00; worst symbols none | weekly realized $-1,705.68; worst symbols HPE:-1286.89; COHR:-471.20; SNDK:-159.07; ANET:-45.31; NOW:-30.35
Shadow report: 2116 shadow candidate(s), 95 rejection group(s)
Timings: account: 0.0s | risk: 0.3s | decide: 3.0s | watchlist: 0.0s | perf: 0.0s

=== Run at 2026-08-22T18:22:28.680890 ===
Build fingerprint: 4f68550affe5
Current time: 2026-08-22 02:22 PM EDT | Market open (per Alpaca): False | Session: CLOSED
Account value: $99,039.83
Cash: $79,250.80 | Holdings (4): {'ERIE': '0.7641 sh (+2.23%)', 'GEHC': '0.6136 sh (+1.25%)', 'MS': '43.8344 sh (-3.06%)', 'MSI': '21.1281 sh (+2.28%)'}
Sector exposure (cached): Technology 10.2%, Financials 9.7%, Health Care 0.0%
Fill reconciliation: {'filled': 0, 'partial': 0, 'rejected': 1}
Open orders (2): ERIE sell 0.7641, MS sell 43.8344
Risk state: peak $99,703.60 | drawdown 0.67% | today -0.00% | halted: False
Market regime: NEUTRAL (position-size multiplier: 100% incl. circuit breaker 100%)
News: fetched 158, 2 new after dedup, 0 ticker(s) matched.
Quant pre-screen: 42/66 candidates passed.
Gemini proposed 2 trade(s) meeting the conviction bar.
Gemini calls used today (all models combined): 299
Market closed (overnight): queued 12 trade idea(s) for next-morning verification -- nothing submitted yet.
  -> queued COHR buy (conf 85, stop 105.5, tp 128.0)
  -> queued BSX buy (conf None, stop 49.01, tp 52.92)
  -> queued INTU buy (conf 82, stop 352.0, tp 390.0)
  -> queued EXE buy (conf 82, stop 92.66, tp 102.0)
  -> queued EQT buy (conf 81, stop 51.9, tp 57.00000000000001)
  -> queued NWS buy (conf 80, stop 32.26, tp 36.5)
  -> queued DRI buy (conf 82, stop 213.0, tp 235.00000000000003)
  -> queued DE buy (conf 85, stop 625.0, tp 685.0000000000001)
  -> queued FDX buy (conf None, stop 317.065, tp 341.42)
  -> queued MSI buy (conf None, stop 457.185, tp 486.25)
  -> queued CVX buy (conf None, stop 189.13, tp 208.91)
  -> queued DVN buy (conf None, stop 43.65, tp 49.72)
Dashboard watchlist synced (6 symbols) for news/headlines.
Ending portfolio value: $99,039.83
Trade journal: all: 19 trades, 21% win rate, avg -2.19% | breakout: 1 trades, 0% win rate, avg -8.61% | other: 13 trades, 23% win rate, avg -1.93% | technical: 5 trades, 20% win rate, avg -1.58%
Self-learning: breakout: 1 trades, 0% win rate, avg -8.61% (LOSING) | other: 13 trades, 23% win rate, avg -1.93% (LOSING) | technical: 5 trades, 20% win rate, avg -1.58% (LOSING)
Performance: Total return +0.17% | Max drawdown 0.94% | Daily Sharpe 2.02 | 19 closed trades | Win rate 21% | Avg winner +1.83% | Avg loser -3.26% | Open positions: 4 | Equity $99,039.83
Engine P&L: legacy/unknown: realized $-1,705.68 (19 closed, 21% wins), unrealized $-64.86 (4 open) | Books: legacy: realized $-1,705.68, unrealized $-64.86
Reports: daily realized $+0.00; worst symbols none | weekly realized $-1,705.68; worst symbols HPE:-1286.89; COHR:-471.20; SNDK:-159.07; ANET:-45.31; NOW:-30.35
Shadow report: 2116 shadow candidate(s), 95 rejection group(s)
Timings: account: 0.0s | risk: 1.5s | decide: 7.4s | watchlist: 0.1s | perf: 0.2s

=== Run at 2026-08-22T18:24:24.314169 ===
Build fingerprint: 4f68550affe5
Current time: 2026-08-22 02:24 PM EDT | Market open (per Alpaca): False | Session: CLOSED
Account value: $99,039.83
Cash: $79,250.80 | Holdings (4): {'ERIE': '0.7641 sh (+2.23%)', 'GEHC': '0.6136 sh (+1.25%)', 'MS': '43.8344 sh (-3.06%)', 'MSI': '21.1281 sh (+2.28%)'}
Sector exposure (cached): Technology 10.2%, Financials 9.7%, Health Care 0.0%
Fill reconciliation: {'filled': 0, 'partial': 0, 'rejected': 1}
Open orders (2): ERIE sell 0.7641, MS sell 43.8344
Risk state: peak $99,703.60 | drawdown 0.67% | today -0.00% | halted: False
Market regime: NEUTRAL (position-size multiplier: 100% incl. circuit breaker 100%)
News: fetched 158, 1 new after dedup, 0 ticker(s) matched.
Quant pre-screen: 42/66 candidates passed.
Gemini proposed 3 trade(s) meeting the conviction bar.
Gemini calls used today (all models combined): 300
Market closed (overnight): queued 12 trade idea(s) for next-morning verification -- nothing submitted yet.
  -> queued DE buy (conf 88, stop 605.0, tp 690.0)
  -> queued COHR buy (conf 85, stop 105.5, tp 128.0)
  -> queued BSX buy (conf None, stop 49.01, tp 52.92)
  -> queued DRI buy (conf 85, stop 210.0, tp 235.0)
  -> queued INTU buy (conf 82, stop 352.0, tp 390.0)
  -> queued EXE buy (conf 82, stop 92.66, tp 102.0)
  -> queued DASH buy (conf 82, stop 210.0, tp 240.0)
  -> queued EQT buy (conf 81, stop 51.9, tp 57.00000000000001)
  -> queued NWS buy (conf 80, stop 32.26, tp 36.5)
  -> queued FDX buy (conf None, stop 317.065, tp 341.42)
  -> queued MSI buy (conf None, stop 457.185, tp 486.25)
  -> queued CVX buy (conf None, stop 189.13, tp 208.91)
Dashboard watchlist synced (7 symbols) for news/headlines.
Ending portfolio value: $99,039.83
Trade journal: all: 19 trades, 21% win rate, avg -2.19% | breakout: 1 trades, 0% win rate, avg -8.61% | other: 13 trades, 23% win rate, avg -1.93% | technical: 5 trades, 20% win rate, avg -1.58%
Self-learning: breakout: 1 trades, 0% win rate, avg -8.61% (LOSING) | other: 13 trades, 23% win rate, avg -1.93% (LOSING) | technical: 5 trades, 20% win rate, avg -1.58% (LOSING)
Performance: Total return +0.17% | Max drawdown 0.94% | Daily Sharpe 2.02 | 19 closed trades | Win rate 21% | Avg winner +1.83% | Avg loser -3.26% | Open positions: 4 | Equity $99,039.83
Engine P&L: legacy/unknown: realized $-1,705.68 (19 closed, 21% wins), unrealized $-64.86 (4 open) | Books: legacy: realized $-1,705.68, unrealized $-64.86
Reports: daily realized $+0.00; worst symbols none | weekly realized $-1,705.68; worst symbols HPE:-1286.89; COHR:-471.20; SNDK:-159.07; ANET:-45.31; NOW:-30.35
Shadow report: 2116 shadow candidate(s), 95 rejection group(s)
Timings: account: 0.0s | risk: 0.2s | decide: 3.8s | watchlist: 0.0s | perf: 0.0s

=== Run at 2026-08-22T18:26:24.517610 ===
Build fingerprint: 4f68550affe5
Current time: 2026-08-22 02:26 PM EDT | Market open (per Alpaca): False | Session: CLOSED
Account value: $99,039.83
Cash: $79,250.80 | Holdings (4): {'ERIE': '0.7641 sh (+2.23%)', 'GEHC': '0.6136 sh (+1.25%)', 'MS': '43.8344 sh (-3.06%)', 'MSI': '21.1281 sh (+2.28%)'}
Sector exposure (cached): Technology 10.2%, Financials 9.7%, Health Care 0.0%
Fill reconciliation: {'filled': 0, 'partial': 0, 'rejected': 1}
Open orders (2): ERIE sell 0.7641, MS sell 43.8344
Risk state: peak $99,703.60 | drawdown 0.67% | today -0.00% | halted: False
Market regime: NEUTRAL (position-size multiplier: 100% incl. circuit breaker 100%)
News: fetched 158, 2 new after dedup, 0 ticker(s) matched.
Quant pre-screen: 42/66 candidates passed.
Gemini proposed 2 trade(s) meeting the conviction bar.
Gemini calls used today (all models combined): 301
Market closed (overnight): queued 12 trade idea(s) for next-morning verification -- nothing submitted yet.
  -> queued DE buy (conf 85, stop 579.5, tp 690.0)
  -> queued COHR buy (conf 85, stop 105.5, tp 128.0)
  -> queued BSX buy (conf None, stop 49.01, tp 52.92)
  -> queued DRI buy (conf 80, stop 213.0, tp 238.0)
  -> queued INTU buy (conf 82, stop 352.0, tp 390.0)
  -> queued EXE buy (conf 82, stop 92.66, tp 102.0)
  -> queued DASH buy (conf 82, stop 210.0, tp 240.0)
  -> queued EQT buy (conf 81, stop 51.9, tp 57.00000000000001)
  -> queued NWS buy (conf 80, stop 32.26, tp 36.5)
  -> queued FDX buy (conf None, stop 317.065, tp 341.42)
  -> queued MSI buy (conf None, stop 457.185, tp 486.25)
  -> queued CVX buy (conf None, stop 189.13, tp 208.91)
Dashboard watchlist synced (6 symbols) for news/headlines.
Ending portfolio value: $99,039.83
Trade journal: all: 19 trades, 21% win rate, avg -2.19% | breakout: 1 trades, 0% win rate, avg -8.61% | other: 13 trades, 23% win rate, avg -1.93% | technical: 5 trades, 20% win rate, avg -1.58%
Self-learning: breakout: 1 trades, 0% win rate, avg -8.61% (LOSING) | other: 13 trades, 23% win rate, avg -1.93% (LOSING) | technical: 5 trades, 20% win rate, avg -1.58% (LOSING)
Performance: Total return +0.17% | Max drawdown 0.94% | Daily Sharpe 2.02 | 19 closed trades | Win rate 21% | Avg winner +1.83% | Avg loser -3.26% | Open positions: 4 | Equity $99,039.83
Engine P&L: legacy/unknown: realized $-1,705.68 (19 closed, 21% wins), unrealized $-64.86 (4 open) | Books: legacy: realized $-1,705.68, unrealized $-64.86
Reports: daily realized $+0.00; worst symbols none | weekly realized $-1,705.68; worst symbols HPE:-1286.89; COHR:-471.20; SNDK:-159.07; ANET:-45.31; NOW:-30.35
Shadow report: 2116 shadow candidate(s), 95 rejection group(s)
Timings: account: 0.0s | risk: 1.1s | decide: 8.3s | watchlist: 0.1s | perf: 0.1s

=== Run at 2026-08-22T18:28:29.568074 ===
Build fingerprint: 4f68550affe5
Current time: 2026-08-22 02:28 PM EDT | Market open (per Alpaca): False | Session: CLOSED
Account value: $99,039.83
Cash: $79,250.80 | Holdings (4): {'ERIE': '0.7641 sh (+2.23%)', 'GEHC': '0.6136 sh (+1.25%)', 'MS': '43.8344 sh (-3.06%)', 'MSI': '21.1281 sh (+2.28%)'}
Sector exposure (cached): Technology 10.2%, Financials 9.7%, Health Care 0.0%
Fill reconciliation: {'filled': 0, 'partial': 0, 'rejected': 1}
Open orders (2): ERIE sell 0.7641, MS sell 43.8344
Risk state: peak $99,703.60 | drawdown 0.67% | today -0.00% | halted: False
Market regime: NEUTRAL (position-size multiplier: 100% incl. circuit breaker 100%)
News: fetched 158, 1 new after dedup, 0 ticker(s) matched.
Quant pre-screen: 42/66 candidates passed.
Gemini proposed 2 trade(s) meeting the conviction bar.
Gemini calls used today (all models combined): 302
Market closed (overnight): queued 12 trade idea(s) for next-morning verification -- nothing submitted yet.
  -> queued DE buy (conf 85, stop 579.5, tp 670.0000000000001)
  -> queued COHR buy (conf 85, stop 105.5, tp 128.0)
  -> queued BSX buy (conf None, stop 49.01, tp 52.92)
  -> queued DRI buy (conf 88, stop 213.0, tp 232.50000000000003)
  -> queued INTU buy (conf 82, stop 352.0, tp 390.0)
  -> queued EXE buy (conf 82, stop 92.66, tp 102.0)
  -> queued DASH buy (conf 82, stop 210.0, tp 240.0)
  -> queued EQT buy (conf 81, stop 51.9, tp 57.00000000000001)
  -> queued NWS buy (conf 80, stop 32.26, tp 36.5)
  -> queued FDX buy (conf None, stop 317.065, tp 341.42)
  -> queued MSI buy (conf None, stop 457.185, tp 486.25)
  -> queued CVX buy (conf None, stop 189.13, tp 208.91)
Dashboard watchlist synced (6 symbols) for news/headlines.
Ending portfolio value: $99,039.83
Trade journal: all: 19 trades, 21% win rate, avg -2.19% | breakout: 1 trades, 0% win rate, avg -8.61% | other: 13 trades, 23% win rate, avg -1.93% | technical: 5 trades, 20% win rate, avg -1.58%
Self-learning: breakout: 1 trades, 0% win rate, avg -8.61% (LOSING) | other: 13 trades, 23% win rate, avg -1.93% (LOSING) | technical: 5 trades, 20% win rate, avg -1.58% (LOSING)
Performance: Total return +0.17% | Max drawdown 0.94% | Daily Sharpe 2.02 | 19 closed trades | Win rate 21% | Avg winner +1.83% | Avg loser -3.26% | Open positions: 4 | Equity $99,039.83
Engine P&L: legacy/unknown: realized $-1,705.68 (19 closed, 21% wins), unrealized $-64.86 (4 open) | Books: legacy: realized $-1,705.68, unrealized $-64.86
Reports: daily realized $+0.00; worst symbols none | weekly realized $-1,705.68; worst symbols HPE:-1286.89; COHR:-471.20; SNDK:-159.07; ANET:-45.31; NOW:-30.35
Shadow report: 2116 shadow candidate(s), 95 rejection group(s)
Timings: account: 0.0s | risk: 1.0s | decide: 7.5s | watchlist: 0.1s | perf: 0.1s

=== Run at 2026-08-22T18:30:36.301881 ===
Build fingerprint: 4f68550affe5
Current time: 2026-08-22 02:30 PM EDT | Market open (per Alpaca): False | Session: CLOSED
Account value: $99,039.83
Cash: $79,250.80 | Holdings (4): {'ERIE': '0.7641 sh (+2.23%)', 'GEHC': '0.6136 sh (+1.25%)', 'MS': '43.8344 sh (-3.06%)', 'MSI': '21.1281 sh (+2.28%)'}
Sector exposure (cached): Technology 10.2%, Financials 9.7%, Health Care 0.0%
Fill reconciliation: {'filled': 0, 'partial': 0, 'rejected': 1}
Open orders (2): ERIE sell 0.7641, MS sell 43.8344
Risk state: peak $99,703.60 | drawdown 0.67% | today -0.00% | halted: False
Market regime: NEUTRAL (position-size multiplier: 100% incl. circuit breaker 100%)
News: fetched 158, 0 new after dedup, 0 ticker(s) matched.
Quant pre-screen: 42/66 candidates passed.
Gemini proposed 2 trade(s) meeting the conviction bar.
Gemini calls used today (all models combined): 303
Market closed (overnight): queued 12 trade idea(s) for next-morning verification -- nothing submitted yet.
  -> queued DE buy (conf 88, stop 605.0, tp 690.0)
  -> queued COHR buy (conf 85, stop 105.5, tp 128.0)
  -> queued BSX buy (conf None, stop 49.01, tp 52.92)
  -> queued DRI buy (conf 85, stop 213.0, tp 235.0)
  -> queued INTU buy (conf 82, stop 352.0, tp 390.0)
  -> queued EXE buy (conf 82, stop 92.66, tp 102.0)
  -> queued DASH buy (conf 82, stop 210.0, tp 240.0)
  -> queued EQT buy (conf 81, stop 51.9, tp 57.00000000000001)
  -> queued NWS buy (conf 80, stop 32.26, tp 36.5)
  -> queued FDX buy (conf None, stop 317.065, tp 341.42)
  -> queued MSI buy (conf None, stop 457.185, tp 486.25)
  -> queued CVX buy (conf None, stop 189.13, tp 208.91)
Dashboard watchlist synced (6 symbols) for news/headlines.
Ending portfolio value: $99,039.83
Trade journal: all: 19 trades, 21% win rate, avg -2.19% | breakout: 1 trades, 0% win rate, avg -8.61% | other: 13 trades, 23% win rate, avg -1.93% | technical: 5 trades, 20% win rate, avg -1.58%
Self-learning: breakout: 1 trades, 0% win rate, avg -8.61% (LOSING) | other: 13 trades, 23% win rate, avg -1.93% (LOSING) | technical: 5 trades, 20% win rate, avg -1.58% (LOSING)
Performance: Total return +0.17% | Max drawdown 0.94% | Daily Sharpe 2.02 | 19 closed trades | Win rate 21% | Avg winner +1.83% | Avg loser -3.26% | Open positions: 4 | Equity $99,039.83
Engine P&L: legacy/unknown: realized $-1,705.68 (19 closed, 21% wins), unrealized $-64.86 (4 open) | Books: legacy: realized $-1,705.68, unrealized $-64.86
Reports: daily realized $+0.00; worst symbols none | weekly realized $-1,705.68; worst symbols HPE:-1286.89; COHR:-471.20; SNDK:-159.07; ANET:-45.31; NOW:-30.35
Shadow report: 2116 shadow candidate(s), 95 rejection group(s)
Timings: account: 0.0s | risk: 1.5s | decide: 7.9s | watchlist: 0.2s | perf: 0.2s

=== Run at 2026-08-22T18:32:27.718566 ===
Build fingerprint: 4f68550affe5
Current time: 2026-08-22 02:32 PM EDT | Market open (per Alpaca): False | Session: CLOSED
Account value: $99,039.83
Cash: $79,250.80 | Holdings (4): {'ERIE': '0.7641 sh (+2.23%)', 'GEHC': '0.6136 sh (+1.25%)', 'MS': '43.8344 sh (-3.06%)', 'MSI': '21.1281 sh (+2.28%)'}
Sector exposure (cached): Technology 10.2%, Financials 9.7%, Health Care 0.0%
Fill reconciliation: {'filled': 0, 'partial': 0, 'rejected': 1}
Open orders (2): ERIE sell 0.7641, MS sell 43.8344
Risk state: peak $99,703.60 | drawdown 0.67% | today -0.00% | halted: False
Market regime: NEUTRAL (position-size multiplier: 100% incl. circuit breaker 100%)
News: fetched 158, 0 new after dedup, 0 ticker(s) matched.
Quant pre-screen: 42/66 candidates passed.
Gemini proposed 2 trade(s) meeting the conviction bar.
Gemini calls used today (all models combined): 304
Market closed (overnight): queued 12 trade idea(s) for next-morning verification -- nothing submitted yet.
  -> queued DE buy (conf 88, stop 605.0, tp 690.0)
  -> queued COHR buy (conf 85, stop 105.5, tp 128.0)
  -> queued BSX buy (conf None, stop 49.01, tp 52.92)
  -> queued DRI buy (conf 85, stop 210.0, tp 238.0)
  -> queued INTU buy (conf 82, stop 352.0, tp 390.0)
  -> queued EXE buy (conf 82, stop 92.66, tp 102.0)
  -> queued DASH buy (conf 82, stop 210.0, tp 240.0)
  -> queued EQT buy (conf 81, stop 51.9, tp 57.00000000000001)
  -> queued NWS buy (conf 80, stop 32.26, tp 36.5)
  -> queued FDX buy (conf None, stop 317.065, tp 341.42)
  -> queued MSI buy (conf None, stop 457.185, tp 486.25)
  -> queued CVX buy (conf None, stop 189.13, tp 208.91)
Dashboard watchlist synced (6 symbols) for news/headlines.
Ending portfolio value: $99,039.83
Trade journal: all: 19 trades, 21% win rate, avg -2.19% | breakout: 1 trades, 0% win rate, avg -8.61% | other: 13 trades, 23% win rate, avg -1.93% | technical: 5 trades, 20% win rate, avg -1.58%
Self-learning: breakout: 1 trades, 0% win rate, avg -8.61% (LOSING) | other: 13 trades, 23% win rate, avg -1.93% (LOSING) | technical: 5 trades, 20% win rate, avg -1.58% (LOSING)
Performance: Total return +0.17% | Max drawdown 0.94% | Daily Sharpe 2.02 | 19 closed trades | Win rate 21% | Avg winner +1.83% | Avg loser -3.26% | Open positions: 4 | Equity $99,039.83
Engine P&L: legacy/unknown: realized $-1,705.68 (19 closed, 21% wins), unrealized $-64.86 (4 open) | Books: legacy: realized $-1,705.68, unrealized $-64.86
Reports: daily realized $+0.00; worst symbols none | weekly realized $-1,705.68; worst symbols HPE:-1286.89; COHR:-471.20; SNDK:-159.07; ANET:-45.31; NOW:-30.35
Shadow report: 2116 shadow candidate(s), 95 rejection group(s)
Timings: account: 0.0s | risk: 0.3s | decide: 5.0s | watchlist: 0.0s | perf: 0.0s

=== Run at 2026-08-22T18:34:28.517512 ===
Build fingerprint: 4f68550affe5
Current time: 2026-08-22 02:34 PM EDT | Market open (per Alpaca): False | Session: CLOSED
Account value: $99,039.83
Cash: $79,250.80 | Holdings (4): {'ERIE': '0.7641 sh (+2.23%)', 'GEHC': '0.6136 sh (+1.25%)', 'MS': '43.8344 sh (-3.06%)', 'MSI': '21.1281 sh (+2.28%)'}
Sector exposure (cached): Technology 10.2%, Financials 9.7%, Health Care 0.0%
Fill reconciliation: {'filled': 0, 'partial': 0, 'rejected': 1}
Open orders (2): ERIE sell 0.7641, MS sell 43.8344
Risk state: peak $99,703.60 | drawdown 0.67% | today -0.00% | halted: False
Market regime: NEUTRAL (position-size multiplier: 100% incl. circuit breaker 100%)
News: fetched 158, 0 new after dedup, 0 ticker(s) matched.
Quant pre-screen: 42/66 candidates passed.
Gemini proposed 3 trade(s) meeting the conviction bar.
Gemini calls used today (all models combined): 305
Market closed (overnight): queued 12 trade idea(s) for next-morning verification -- nothing submitted yet.
  -> queued DE buy (conf 82, stop 579.5, tp 673.87)
  -> queued COHR buy (conf 85, stop 105.5, tp 128.0)
  -> queued BSX buy (conf None, stop 49.01, tp 52.92)
  -> queued DRI buy (conf 85, stop 213.0, tp 229.46)
  -> queued INTU buy (conf 82, stop 352.0, tp 390.0)
  -> queued EXE buy (conf 82, stop 92.66, tp 102.0)
  -> queued DASH buy (conf 80, stop 206.73, tp 284.95)
  -> queued EQT buy (conf 81, stop 51.9, tp 57.00000000000001)
  -> queued NWS buy (conf 80, stop 32.26, tp 36.5)
  -> queued FDX buy (conf None, stop 317.065, tp 341.42)
  -> queued MSI buy (conf None, stop 457.185, tp 486.25)
  -> queued CVX buy (conf None, stop 189.13, tp 208.91)
Dashboard watchlist synced (7 symbols) for news/headlines.
Ending portfolio value: $99,039.83
Trade journal: all: 19 trades, 21% win rate, avg -2.19% | breakout: 1 trades, 0% win rate, avg -8.61% | other: 13 trades, 23% win rate, avg -1.93% | technical: 5 trades, 20% win rate, avg -1.58%
Self-learning: breakout: 1 trades, 0% win rate, avg -8.61% (LOSING) | other: 13 trades, 23% win rate, avg -1.93% (LOSING) | technical: 5 trades, 20% win rate, avg -1.58% (LOSING)
Performance: Total return +0.17% | Max drawdown 0.94% | Daily Sharpe 2.02 | 19 closed trades | Win rate 21% | Avg winner +1.83% | Avg loser -3.26% | Open positions: 4 | Equity $99,039.83
Engine P&L: legacy/unknown: realized $-1,705.68 (19 closed, 21% wins), unrealized $-64.86 (4 open) | Books: legacy: realized $-1,705.68, unrealized $-64.86
Reports: daily realized $+0.00; worst symbols none | weekly realized $-1,705.68; worst symbols HPE:-1286.89; COHR:-471.20; SNDK:-159.07; ANET:-45.31; NOW:-30.35
Shadow report: 2116 shadow candidate(s), 95 rejection group(s)
Timings: account: 0.0s | risk: 1.3s | decide: 8.2s | watchlist: 0.2s | perf: 0.2s

=== Run at 2026-08-22T18:36:24.393765 ===
Build fingerprint: 4f68550affe5
Current time: 2026-08-22 02:36 PM EDT | Market open (per Alpaca): False | Session: CLOSED
Account value: $99,039.83
Cash: $79,250.80 | Holdings (4): {'ERIE': '0.7641 sh (+2.23%)', 'GEHC': '0.6136 sh (+1.25%)', 'MS': '43.8344 sh (-3.06%)', 'MSI': '21.1281 sh (+2.28%)'}
Sector exposure (cached): Technology 10.2%, Financials 9.7%, Health Care 0.0%
Fill reconciliation: {'filled': 0, 'partial': 0, 'rejected': 1}
Open orders (2): ERIE sell 0.7641, MS sell 43.8344
Risk state: peak $99,703.60 | drawdown 0.67% | today -0.00% | halted: False
Market regime: NEUTRAL (position-size multiplier: 100% incl. circuit breaker 100%)
News: fetched 158, 0 new after dedup, 0 ticker(s) matched.
Quant pre-screen: 42/66 candidates passed.
Gemini proposed 2 trade(s) meeting the conviction bar.
Gemini calls used today (all models combined): 306
Market closed (overnight): queued 12 trade idea(s) for next-morning verification -- nothing submitted yet.
  -> queued DE buy (conf 82, stop 579.5, tp 673.87)
  -> queued COHR buy (conf 85, stop 105.5, tp 128.0)
  -> queued BSX buy (conf None, stop 49.01, tp 52.92)
  -> queued DRI buy (conf 85, stop 213.0, tp 235.00000000000003)
  -> queued INTU buy (conf 82, stop 352.0, tp 390.0)
  -> queued EXE buy (conf 82, stop 92.66, tp 102.0)
  -> queued DASH buy (conf 80, stop 206.73, tp 284.95)
  -> queued EQT buy (conf 81, stop 51.9, tp 57.00000000000001)
  -> queued NWS buy (conf 80, stop 32.26, tp 36.5)
  -> queued FDX buy (conf None, stop 317.065, tp 341.42)
  -> queued MSI buy (conf None, stop 457.185, tp 486.25)
  -> queued CVX buy (conf None, stop 189.13, tp 208.91)
Dashboard watchlist synced (6 symbols) for news/headlines.
Ending portfolio value: $99,039.83
Trade journal: all: 19 trades, 21% win rate, avg -2.19% | breakout: 1 trades, 0% win rate, avg -8.61% | other: 13 trades, 23% win rate, avg -1.93% | technical: 5 trades, 20% win rate, avg -1.58%
Self-learning: breakout: 1 trades, 0% win rate, avg -8.61% (LOSING) | other: 13 trades, 23% win rate, avg -1.93% (LOSING) | technical: 5 trades, 20% win rate, avg -1.58% (LOSING)
Performance: Total return +0.17% | Max drawdown 0.94% | Daily Sharpe 2.02 | 19 closed trades | Win rate 21% | Avg winner +1.83% | Avg loser -3.26% | Open positions: 4 | Equity $99,039.83
Engine P&L: legacy/unknown: realized $-1,705.68 (19 closed, 21% wins), unrealized $-64.86 (4 open) | Books: legacy: realized $-1,705.68, unrealized $-64.86
Reports: daily realized $+0.00; worst symbols none | weekly realized $-1,705.68; worst symbols HPE:-1286.89; COHR:-471.20; SNDK:-159.07; ANET:-45.31; NOW:-30.35
Shadow report: 2116 shadow candidate(s), 95 rejection group(s)
Timings: account: 0.0s | risk: 0.3s | decide: 4.6s | watchlist: 0.0s | perf: 0.0s

=== Run at 2026-08-22T18:38:29.599115 ===
Build fingerprint: 4f68550affe5
Current time: 2026-08-22 02:38 PM EDT | Market open (per Alpaca): False | Session: CLOSED
Account value: $99,039.83
Cash: $79,250.80 | Holdings (4): {'ERIE': '0.7641 sh (+2.23%)', 'GEHC': '0.6136 sh (+1.25%)', 'MS': '43.8344 sh (-3.06%)', 'MSI': '21.1281 sh (+2.28%)'}
Sector exposure (cached): Technology 10.2%, Financials 9.7%, Health Care 0.0%
Fill reconciliation: {'filled': 0, 'partial': 0, 'rejected': 1}
Open orders (2): ERIE sell 0.7641, MS sell 43.8344
Risk state: peak $99,703.60 | drawdown 0.67% | today -0.00% | halted: False
Market regime: NEUTRAL (position-size multiplier: 100% incl. circuit breaker 100%)
News: fetched 158, 1 new after dedup, 0 ticker(s) matched.
Quant pre-screen: 42/66 candidates passed.
Gemini proposed 2 trade(s) meeting the conviction bar.
Gemini calls used today (all models combined): 307
Market closed (overnight): queued 12 trade idea(s) for next-morning verification -- nothing submitted yet.
  -> queued DE buy (conf 88, stop 605.0, tp 685.0)
  -> queued COHR buy (conf 85, stop 105.5, tp 128.0)
  -> queued BSX buy (conf None, stop 49.01, tp 52.92)
  -> queued DRI buy (conf 85, stop 210.0, tp 235.0)
  -> queued INTU buy (conf 82, stop 352.0, tp 390.0)
  -> queued EXE buy (conf 82, stop 92.66, tp 102.0)
  -> queued DASH buy (conf 80, stop 206.73, tp 284.95)
  -> queued EQT buy (conf 81, stop 51.9, tp 57.00000000000001)
  -> queued NWS buy (conf 80, stop 32.26, tp 36.5)
  -> queued FDX buy (conf None, stop 317.065, tp 341.42)
  -> queued MSI buy (conf None, stop 457.185, tp 486.25)
  -> queued CVX buy (conf None, stop 189.13, tp 208.91)
Dashboard watchlist synced (6 symbols) for news/headlines.
Ending portfolio value: $99,039.83
Trade journal: all: 19 trades, 21% win rate, avg -2.19% | breakout: 1 trades, 0% win rate, avg -8.61% | other: 13 trades, 23% win rate, avg -1.93% | technical: 5 trades, 20% win rate, avg -1.58%
Self-learning: breakout: 1 trades, 0% win rate, avg -8.61% (LOSING) | other: 13 trades, 23% win rate, avg -1.93% (LOSING) | technical: 5 trades, 20% win rate, avg -1.58% (LOSING)
Performance: Total return +0.17% | Max drawdown 0.94% | Daily Sharpe 2.02 | 19 closed trades | Win rate 21% | Avg winner +1.83% | Avg loser -3.26% | Open positions: 4 | Equity $99,039.83
Engine P&L: legacy/unknown: realized $-1,705.68 (19 closed, 21% wins), unrealized $-64.86 (4 open) | Books: legacy: realized $-1,705.68, unrealized $-64.86
Reports: daily realized $+0.00; worst symbols none | weekly realized $-1,705.68; worst symbols HPE:-1286.89; COHR:-471.20; SNDK:-159.07; ANET:-45.31; NOW:-30.35
Shadow report: 2116 shadow candidate(s), 95 rejection group(s)
Timings: account: 0.0s | risk: 0.7s | decide: 20.7s | watchlist: 0.1s | perf: 0.1s

=== Run at 2026-08-22T18:40:35.274634 ===
Build fingerprint: 4f68550affe5
Current time: 2026-08-22 02:40 PM EDT | Market open (per Alpaca): False | Session: CLOSED
Account value: $99,039.83
Cash: $79,250.80 | Holdings (4): {'ERIE': '0.7641 sh (+2.23%)', 'GEHC': '0.6136 sh (+1.25%)', 'MS': '43.8344 sh (-3.06%)', 'MSI': '21.1281 sh (+2.28%)'}
Sector exposure (cached): Technology 10.2%, Financials 9.7%, Health Care 0.0%
Fill reconciliation: {'filled': 0, 'partial': 0, 'rejected': 1}
Open orders (2): ERIE sell 0.7641, MS sell 43.8344
Risk state: peak $99,703.60 | drawdown 0.67% | today -0.00% | halted: False
Market regime: NEUTRAL (position-size multiplier: 100% incl. circuit breaker 100%)
News: fetched 158, 0 new after dedup, 0 ticker(s) matched.
Quant pre-screen: 42/66 candidates passed.
Gemini proposed 3 trade(s) meeting the conviction bar.
Gemini calls used today (all models combined): 308
Market closed (overnight): queued 12 trade idea(s) for next-morning verification -- nothing submitted yet.
  -> queued DE buy (conf 88, stop 612.0, tp 690.0)
  -> queued COHR buy (conf 85, stop 105.5, tp 128.0)
  -> queued BSX buy (conf None, stop 49.01, tp 52.92)
  -> queued DRI buy (conf 85, stop 210.0, tp 238.0)
  -> queued INTU buy (conf 82, stop 352.0, tp 390.0)
  -> queued EXE buy (conf 82, stop 92.66, tp 102.0)
  -> queued DASH buy (conf 80, stop 206.73, tp 284.95)
  -> queued EQT buy (conf 81, stop 51.9, tp 57.00000000000001)
  -> queued NWS buy (conf 80, stop 32.26, tp 36.5)
  -> queued FDX buy (conf None, stop 317.065, tp 341.42)
  -> queued MSI buy (conf None, stop 457.185, tp 486.25)
  -> queued CVX buy (conf 82, stop 195.0, tp 218.0)
Dashboard watchlist synced (7 symbols) for news/headlines.
Ending portfolio value: $99,039.83
Trade journal: all: 19 trades, 21% win rate, avg -2.19% | breakout: 1 trades, 0% win rate, avg -8.61% | other: 13 trades, 23% win rate, avg -1.93% | technical: 5 trades, 20% win rate, avg -1.58%
Self-learning: breakout: 1 trades, 0% win rate, avg -8.61% (LOSING) | other: 13 trades, 23% win rate, avg -1.93% (LOSING) | technical: 5 trades, 20% win rate, avg -1.58% (LOSING)
Performance: Total return +0.17% | Max drawdown 0.94% | Daily Sharpe 2.02 | 19 closed trades | Win rate 21% | Avg winner +1.83% | Avg loser -3.26% | Open positions: 4 | Equity $99,039.83
Engine P&L: legacy/unknown: realized $-1,705.68 (19 closed, 21% wins), unrealized $-64.86 (4 open) | Books: legacy: realized $-1,705.68, unrealized $-64.86
Reports: daily realized $+0.00; worst symbols none | weekly realized $-1,705.68; worst symbols HPE:-1286.89; COHR:-471.20; SNDK:-159.07; ANET:-45.31; NOW:-30.35
Shadow report: 2116 shadow candidate(s), 95 rejection group(s)
Timings: account: 0.0s | risk: 1.6s | decide: 7.2s | watchlist: 0.1s | perf: 0.2s

=== Run at 2026-08-22T18:42:27.874672 ===
Build fingerprint: 4f68550affe5
Current time: 2026-08-22 02:42 PM EDT | Market open (per Alpaca): False | Session: CLOSED
Account value: $99,039.83
Cash: $79,250.80 | Holdings (4): {'ERIE': '0.7641 sh (+2.23%)', 'GEHC': '0.6136 sh (+1.25%)', 'MS': '43.8344 sh (-3.06%)', 'MSI': '21.1281 sh (+2.28%)'}
Sector exposure (cached): Technology 10.2%, Financials 9.7%, Health Care 0.0%
Fill reconciliation: {'filled': 0, 'partial': 0, 'rejected': 1}
Open orders (2): ERIE sell 0.7641, MS sell 43.8344
Risk state: peak $99,703.60 | drawdown 0.67% | today -0.00% | halted: False
Market regime: NEUTRAL (position-size multiplier: 100% incl. circuit breaker 100%)
News: fetched 158, 0 new after dedup, 0 ticker(s) matched.
Quant pre-screen: 42/66 candidates passed.
Gemini proposed 3 trade(s) meeting the conviction bar.
Gemini calls used today (all models combined): 309
Market closed (overnight): queued 12 trade idea(s) for next-morning verification -- nothing submitted yet.
  -> queued DE buy (conf 85, stop 579.5, tp 680.0)
  -> queued COHR buy (conf 85, stop 105.5, tp 128.0)
  -> queued BSX buy (conf None, stop 49.01, tp 52.92)
  -> queued DRI buy (conf 88, stop 213.0, tp 232.00000000000003)
  -> queued INTU buy (conf 82, stop 352.0, tp 390.0)
  -> queued EXE buy (conf 82, stop 92.66, tp 102.0)
  -> queued DASH buy (conf 80, stop 206.73, tp 284.95)
  -> queued EQT buy (conf 81, stop 51.9, tp 57.00000000000001)
  -> queued NWS buy (conf 80, stop 32.26, tp 36.5)
  -> queued FDX buy (conf None, stop 317.065, tp 341.42)
  -> queued MSI buy (conf None, stop 457.185, tp 486.25)
  -> queued CVX buy (conf 82, stop 189.13, tp 215.0)
Dashboard watchlist synced (7 symbols) for news/headlines.
Ending portfolio value: $99,039.83
Trade journal: all: 19 trades, 21% win rate, avg -2.19% | breakout: 1 trades, 0% win rate, avg -8.61% | other: 13 trades, 23% win rate, avg -1.93% | technical: 5 trades, 20% win rate, avg -1.58%
Self-learning: breakout: 1 trades, 0% win rate, avg -8.61% (LOSING) | other: 13 trades, 23% win rate, avg -1.93% (LOSING) | technical: 5 trades, 20% win rate, avg -1.58% (LOSING)
Performance: Total return +0.17% | Max drawdown 0.94% | Daily Sharpe 2.02 | 19 closed trades | Win rate 21% | Avg winner +1.83% | Avg loser -3.26% | Open positions: 4 | Equity $99,039.83
Engine P&L: legacy/unknown: realized $-1,705.68 (19 closed, 21% wins), unrealized $-64.86 (4 open) | Books: legacy: realized $-1,705.68, unrealized $-64.86
Reports: daily realized $+0.00; worst symbols none | weekly realized $-1,705.68; worst symbols HPE:-1286.89; COHR:-471.20; SNDK:-159.07; ANET:-45.31; NOW:-30.35
Shadow report: 2116 shadow candidate(s), 95 rejection group(s)
Timings: account: 0.0s | risk: 1.7s | decide: 7.7s | watchlist: 0.1s | perf: 0.2s

=== Run at 2026-08-22T18:44:27.673947 ===
Build fingerprint: 4f68550affe5
Current time: 2026-08-22 02:44 PM EDT | Market open (per Alpaca): False | Session: CLOSED
Account value: $99,039.83
Cash: $79,250.80 | Holdings (4): {'ERIE': '0.7641 sh (+2.23%)', 'GEHC': '0.6136 sh (+1.25%)', 'MS': '43.8344 sh (-3.06%)', 'MSI': '21.1281 sh (+2.28%)'}
Sector exposure (cached): Technology 10.2%, Financials 9.7%, Health Care 0.0%
Fill reconciliation: {'filled': 0, 'partial': 0, 'rejected': 1}
Open orders (2): ERIE sell 0.7641, MS sell 43.8344
Risk state: peak $99,703.60 | drawdown 0.67% | today -0.00% | halted: False
Market regime: NEUTRAL (position-size multiplier: 100% incl. circuit breaker 100%)
News: fetched 158, 1 new after dedup, 0 ticker(s) matched.
Quant pre-screen: 42/66 candidates passed.
Gemini proposed 2 trade(s) meeting the conviction bar.
Gemini calls used today (all models combined): 310
Market closed (overnight): queued 12 trade idea(s) for next-morning verification -- nothing submitted yet.
  -> queued DE buy (conf 85, stop 605.0, tp 690.0)
  -> queued COHR buy (conf 85, stop 105.5, tp 128.0)
  -> queued BSX buy (conf None, stop 49.01, tp 52.92)
  -> queued DRI buy (conf 82, stop 210.0, tp 235.0)
  -> queued INTU buy (conf 82, stop 352.0, tp 390.0)
  -> queued EXE buy (conf 82, stop 92.66, tp 102.0)
  -> queued DASH buy (conf 80, stop 206.73, tp 284.95)
  -> queued EQT buy (conf 81, stop 51.9, tp 57.00000000000001)
  -> queued NWS buy (conf 80, stop 32.26, tp 36.5)
  -> queued FDX buy (conf None, stop 317.065, tp 341.42)
  -> queued MSI buy (conf None, stop 457.185, tp 486.25)
  -> queued CVX buy (conf 82, stop 189.13, tp 215.0)
Dashboard watchlist synced (6 symbols) for news/headlines.
Ending portfolio value: $99,039.83
Trade journal: all: 19 trades, 21% win rate, avg -2.19% | breakout: 1 trades, 0% win rate, avg -8.61% | other: 13 trades, 23% win rate, avg -1.93% | technical: 5 trades, 20% win rate, avg -1.58%
Self-learning: breakout: 1 trades, 0% win rate, avg -8.61% (LOSING) | other: 13 trades, 23% win rate, avg -1.93% (LOSING) | technical: 5 trades, 20% win rate, avg -1.58% (LOSING)
Performance: Total return +0.17% | Max drawdown 0.94% | Daily Sharpe 2.02 | 19 closed trades | Win rate 21% | Avg winner +1.83% | Avg loser -3.26% | Open positions: 4 | Equity $99,039.83
Engine P&L: legacy/unknown: realized $-1,705.68 (19 closed, 21% wins), unrealized $-64.86 (4 open) | Books: legacy: realized $-1,705.68, unrealized $-64.86
Reports: daily realized $+0.00; worst symbols none | weekly realized $-1,705.68; worst symbols HPE:-1286.89; COHR:-471.20; SNDK:-159.07; ANET:-45.31; NOW:-30.35
Shadow report: 2116 shadow candidate(s), 95 rejection group(s)
Timings: account: 0.0s | risk: 0.3s | decide: 3.5s | watchlist: 0.0s | perf: 0.0s

=== Run at 2026-08-22T18:46:25.180110 ===
Build fingerprint: 4f68550affe5
Current time: 2026-08-22 02:46 PM EDT | Market open (per Alpaca): False | Session: CLOSED
Account value: $99,039.83
Cash: $79,250.80 | Holdings (4): {'ERIE': '0.7641 sh (+2.23%)', 'GEHC': '0.6136 sh (+1.25%)', 'MS': '43.8344 sh (-3.06%)', 'MSI': '21.1281 sh (+2.28%)'}
Sector exposure (cached): Technology 10.2%, Financials 9.7%, Health Care 0.0%
Fill reconciliation: {'filled': 0, 'partial': 0, 'rejected': 1}
Open orders (2): ERIE sell 0.7641, MS sell 43.8344
Risk state: peak $99,703.60 | drawdown 0.67% | today -0.00% | halted: False
Market regime: NEUTRAL (position-size multiplier: 100% incl. circuit breaker 100%)
News: fetched 158, 0 new after dedup, 0 ticker(s) matched.
Quant pre-screen: 42/66 candidates passed.
Gemini proposed 2 trade(s) meeting the conviction bar.
Gemini calls used today (all models combined): 311
Market closed (overnight): queued 12 trade idea(s) for next-morning verification -- nothing submitted yet.
  -> queued DE buy (conf 85, stop 610.5, tp 690.0000000000001)
  -> queued COHR buy (conf 85, stop 105.5, tp 128.0)
  -> queued BSX buy (conf None, stop 49.01, tp 52.92)
  -> queued DRI buy (conf 82, stop 208.5, tp 235.00000000000003)
  -> queued INTU buy (conf 82, stop 352.0, tp 390.0)
  -> queued EXE buy (conf 82, stop 92.66, tp 102.0)
  -> queued DASH buy (conf 80, stop 206.73, tp 284.95)
  -> queued EQT buy (conf 81, stop 51.9, tp 57.00000000000001)
  -> queued NWS buy (conf 80, stop 32.26, tp 36.5)
  -> queued FDX buy (conf None, stop 317.065, tp 341.42)
  -> queued MSI buy (conf None, stop 457.185, tp 486.25)
  -> queued CVX buy (conf 82, stop 189.13, tp 215.0)
Dashboard watchlist synced (6 symbols) for news/headlines.
Ending portfolio value: $99,039.83
Trade journal: all: 19 trades, 21% win rate, avg -2.19% | breakout: 1 trades, 0% win rate, avg -8.61% | other: 13 trades, 23% win rate, avg -1.93% | technical: 5 trades, 20% win rate, avg -1.58%
Self-learning: breakout: 1 trades, 0% win rate, avg -8.61% (LOSING) | other: 13 trades, 23% win rate, avg -1.93% (LOSING) | technical: 5 trades, 20% win rate, avg -1.58% (LOSING)
Performance: Total return +0.17% | Max drawdown 0.94% | Daily Sharpe 2.02 | 19 closed trades | Win rate 21% | Avg winner +1.83% | Avg loser -3.26% | Open positions: 4 | Equity $99,039.83
Engine P&L: legacy/unknown: realized $-1,705.68 (19 closed, 21% wins), unrealized $-64.86 (4 open) | Books: legacy: realized $-1,705.68, unrealized $-64.86
Reports: daily realized $+0.00; worst symbols none | weekly realized $-1,705.68; worst symbols HPE:-1286.89; COHR:-471.20; SNDK:-159.07; ANET:-45.31; NOW:-30.35
Shadow report: 2116 shadow candidate(s), 95 rejection group(s)
Timings: account: 0.0s | risk: 0.5s | decide: 3.0s | watchlist: 0.0s | perf: 0.0s

=== Run at 2026-08-22T18:48:24.411245 ===
Build fingerprint: 4f68550affe5
Current time: 2026-08-22 02:48 PM EDT | Market open (per Alpaca): False | Session: CLOSED
Account value: $99,039.83
Cash: $79,250.80 | Holdings (4): {'ERIE': '0.7641 sh (+2.23%)', 'GEHC': '0.6136 sh (+1.25%)', 'MS': '43.8344 sh (-3.06%)', 'MSI': '21.1281 sh (+2.28%)'}
Sector exposure (cached): Technology 10.2%, Financials 9.7%, Health Care 0.0%
Fill reconciliation: {'filled': 0, 'partial': 0, 'rejected': 1}
Open orders (2): ERIE sell 0.7641, MS sell 43.8344
Risk state: peak $99,703.60 | drawdown 0.67% | today -0.00% | halted: False
Market regime: NEUTRAL (position-size multiplier: 100% incl. circuit breaker 100%)
News: fetched 158, 0 new after dedup, 0 ticker(s) matched.
Quant pre-screen: 42/66 candidates passed.
Gemini proposed 3 trade(s) meeting the conviction bar.
Gemini calls used today (all models combined): 312
Market closed (overnight): queued 12 trade idea(s) for next-morning verification -- nothing submitted yet.
  -> queued DE buy (conf 85, stop 625.0, tp 673.87)
  -> queued COHR buy (conf 85, stop 105.5, tp 128.0)
  -> queued BSX buy (conf None, stop 49.01, tp 52.92)
  -> queued DRI buy (conf 88, stop 213.0, tp 232.5)
  -> queued INTU buy (conf 82, stop 352.0, tp 390.0)
  -> queued EXE buy (conf 82, stop 92.66, tp 102.0)
  -> queued DASH buy (conf 82, stop 210.0, tp 235.0)
  -> queued EQT buy (conf 81, stop 51.9, tp 57.00000000000001)
  -> queued NWS buy (conf 80, stop 32.26, tp 36.5)
  -> queued FDX buy (conf None, stop 317.065, tp 341.42)
  -> queued MSI buy (conf None, stop 457.185, tp 486.25)
  -> queued CVX buy (conf 82, stop 189.13, tp 215.0)
Dashboard watchlist synced (7 symbols) for news/headlines.
Ending portfolio value: $99,039.83
Trade journal: all: 19 trades, 21% win rate, avg -2.19% | breakout: 1 trades, 0% win rate, avg -8.61% | other: 13 trades, 23% win rate, avg -1.93% | technical: 5 trades, 20% win rate, avg -1.58%
Self-learning: breakout: 1 trades, 0% win rate, avg -8.61% (LOSING) | other: 13 trades, 23% win rate, avg -1.93% (LOSING) | technical: 5 trades, 20% win rate, avg -1.58% (LOSING)
Performance: Total return +0.17% | Max drawdown 0.94% | Daily Sharpe 2.02 | 19 closed trades | Win rate 21% | Avg winner +1.83% | Avg loser -3.26% | Open positions: 4 | Equity $99,039.83
Engine P&L: legacy/unknown: realized $-1,705.68 (19 closed, 21% wins), unrealized $-64.86 (4 open) | Books: legacy: realized $-1,705.68, unrealized $-64.86
Reports: daily realized $+0.00; worst symbols none | weekly realized $-1,705.68; worst symbols HPE:-1286.89; COHR:-471.20; SNDK:-159.07; ANET:-45.31; NOW:-30.35
Shadow report: 2116 shadow candidate(s), 95 rejection group(s)
Timings: account: 0.0s | risk: 0.9s | decide: 5.6s | watchlist: 0.1s | perf: 0.1s

=== Run at 2026-08-22T18:50:32.044650 ===
Build fingerprint: 4f68550affe5
Current time: 2026-08-22 02:50 PM EDT | Market open (per Alpaca): False | Session: CLOSED
Account value: $99,039.83
Cash: $79,250.80 | Holdings (4): {'ERIE': '0.7641 sh (+2.23%)', 'GEHC': '0.6136 sh (+1.25%)', 'MS': '43.8344 sh (-3.06%)', 'MSI': '21.1281 sh (+2.28%)'}
Sector exposure (cached): Technology 10.2%, Financials 9.7%, Health Care 0.0%
Fill reconciliation: {'filled': 0, 'partial': 0, 'rejected': 1}
Open orders (2): ERIE sell 0.7641, MS sell 43.8344
Risk state: peak $99,703.60 | drawdown 0.67% | today -0.00% | halted: False
Market regime: NEUTRAL (position-size multiplier: 100% incl. circuit breaker 100%)
News: fetched 158, 0 new after dedup, 0 ticker(s) matched.
Quant pre-screen: 42/66 candidates passed.
Gemini proposed 2 trade(s) meeting the conviction bar.
Gemini calls used today (all models combined): 313
Market closed (overnight): queued 12 trade idea(s) for next-morning verification -- nothing submitted yet.
  -> queued DE buy (conf 85, stop 579.5, tp 673.87)
  -> queued COHR buy (conf 85, stop 105.5, tp 128.0)
  -> queued BSX buy (conf None, stop 49.01, tp 52.92)
  -> queued DRI buy (conf 88, stop 213.0, tp 229.46)
  -> queued INTU buy (conf 82, stop 352.0, tp 390.0)
  -> queued EXE buy (conf 82, stop 92.66, tp 102.0)
  -> queued DASH buy (conf 82, stop 210.0, tp 235.0)
  -> queued EQT buy (conf 81, stop 51.9, tp 57.00000000000001)
  -> queued NWS buy (conf 80, stop 32.26, tp 36.5)
  -> queued FDX buy (conf None, stop 317.065, tp 341.42)
  -> queued MSI buy (conf None, stop 457.185, tp 486.25)
  -> queued CVX buy (conf 82, stop 189.13, tp 215.0)
Dashboard watchlist synced (6 symbols) for news/headlines.
Ending portfolio value: $99,039.83
Trade journal: all: 19 trades, 21% win rate, avg -2.19% | breakout: 1 trades, 0% win rate, avg -8.61% | other: 13 trades, 23% win rate, avg -1.93% | technical: 5 trades, 20% win rate, avg -1.58%
Self-learning: breakout: 1 trades, 0% win rate, avg -8.61% (LOSING) | other: 13 trades, 23% win rate, avg -1.93% (LOSING) | technical: 5 trades, 20% win rate, avg -1.58% (LOSING)
Performance: Total return +0.17% | Max drawdown 0.94% | Daily Sharpe 2.02 | 19 closed trades | Win rate 21% | Avg winner +1.83% | Avg loser -3.26% | Open positions: 4 | Equity $99,039.83
Engine P&L: legacy/unknown: realized $-1,705.68 (19 closed, 21% wins), unrealized $-64.86 (4 open) | Books: legacy: realized $-1,705.68, unrealized $-64.86
Reports: daily realized $+0.00; worst symbols none | weekly realized $-1,705.68; worst symbols HPE:-1286.89; COHR:-471.20; SNDK:-159.07; ANET:-45.31; NOW:-30.35
Shadow report: 2116 shadow candidate(s), 95 rejection group(s)
Timings: account: 0.0s | risk: 1.8s | decide: 7.4s | watchlist: 0.1s | perf: 0.2s

=== Run at 2026-08-22T18:52:30.130648 ===
Build fingerprint: 4f68550affe5
Current time: 2026-08-22 02:52 PM EDT | Market open (per Alpaca): False | Session: CLOSED
Account value: $99,039.83
Cash: $79,250.80 | Holdings (4): {'ERIE': '0.7641 sh (+2.23%)', 'GEHC': '0.6136 sh (+1.25%)', 'MS': '43.8344 sh (-3.06%)', 'MSI': '21.1281 sh (+2.28%)'}
Sector exposure (cached): Technology 10.2%, Financials 9.7%, Health Care 0.0%
Fill reconciliation: {'filled': 0, 'partial': 0, 'rejected': 1}
Open orders (2): ERIE sell 0.7641, MS sell 43.8344
Risk state: peak $99,703.60 | drawdown 0.67% | today -0.00% | halted: False
Market regime: NEUTRAL (position-size multiplier: 100% incl. circuit breaker 100%)
News: fetched 158, 0 new after dedup, 0 ticker(s) matched.
Quant pre-screen: 42/66 candidates passed.
Gemini proposed 2 trade(s) meeting the conviction bar.
Gemini calls used today (all models combined): 314
Market closed (overnight): queued 12 trade idea(s) for next-morning verification -- nothing submitted yet.
  -> queued DE buy (conf 84, stop 579.5, tp 673.0)
  -> queued COHR buy (conf 85, stop 105.5, tp 128.0)
  -> queued BSX buy (conf None, stop 49.01, tp 52.92)
  -> queued DRI buy (conf 85, stop 213.0, tp 235.0)
  -> queued INTU buy (conf 82, stop 352.0, tp 390.0)
  -> queued EXE buy (conf 82, stop 92.66, tp 102.0)
  -> queued DASH buy (conf 82, stop 210.0, tp 235.0)
  -> queued EQT buy (conf 81, stop 51.9, tp 57.00000000000001)
  -> queued NWS buy (conf 80, stop 32.26, tp 36.5)
  -> queued FDX buy (conf None, stop 317.065, tp 341.42)
  -> queued MSI buy (conf None, stop 457.185, tp 486.25)
  -> queued CVX buy (conf 82, stop 189.13, tp 215.0)
Dashboard watchlist synced (6 symbols) for news/headlines.
Ending portfolio value: $99,039.83
Trade journal: all: 19 trades, 21% win rate, avg -2.19% | breakout: 1 trades, 0% win rate, avg -8.61% | other: 13 trades, 23% win rate, avg -1.93% | technical: 5 trades, 20% win rate, avg -1.58%
Self-learning: breakout: 1 trades, 0% win rate, avg -8.61% (LOSING) | other: 13 trades, 23% win rate, avg -1.93% (LOSING) | technical: 5 trades, 20% win rate, avg -1.58% (LOSING)
Performance: Total return +0.17% | Max drawdown 0.94% | Daily Sharpe 2.02 | 19 closed trades | Win rate 21% | Avg winner +1.83% | Avg loser -3.26% | Open positions: 4 | Equity $99,039.83
Engine P&L: legacy/unknown: realized $-1,705.68 (19 closed, 21% wins), unrealized $-64.86 (4 open) | Books: legacy: realized $-1,705.68, unrealized $-64.86
Reports: daily realized $+0.00; worst symbols none | weekly realized $-1,705.68; worst symbols HPE:-1286.89; COHR:-471.20; SNDK:-159.07; ANET:-45.31; NOW:-30.35
Shadow report: 2116 shadow candidate(s), 95 rejection group(s)
Timings: account: 0.0s | risk: 1.0s | decide: 7.6s | watchlist: 0.1s | perf: 0.2s

=== Run at 2026-08-22T18:54:25.140934 ===
Build fingerprint: 4f68550affe5
Current time: 2026-08-22 02:54 PM EDT | Market open (per Alpaca): False | Session: CLOSED
Account value: $99,039.83
Cash: $79,250.80 | Holdings (4): {'ERIE': '0.7641 sh (+2.23%)', 'GEHC': '0.6136 sh (+1.25%)', 'MS': '43.8344 sh (-3.06%)', 'MSI': '21.1281 sh (+2.28%)'}
Sector exposure (cached): Technology 10.2%, Financials 9.7%, Health Care 0.0%
Fill reconciliation: {'filled': 0, 'partial': 0, 'rejected': 1}
Open orders (2): ERIE sell 0.7641, MS sell 43.8344
Risk state: peak $99,703.60 | drawdown 0.67% | today -0.00% | halted: False
Market regime: NEUTRAL (position-size multiplier: 100% incl. circuit breaker 100%)
News: fetched 158, 0 new after dedup, 0 ticker(s) matched.
Quant pre-screen: 42/66 candidates passed.
Technical fallback (Gemini throttled/unavailable) proposed 8 trade(s) meeting the conviction bar.
Technical fallback cap omitted 19 weaker idea(s) this run.
Gemini calls used today (all models combined): 314
Market closed (overnight): queued 12 trade idea(s) for next-morning verification -- nothing submitted yet.
  -> queued COHR buy (conf 85, stop 105.5, tp 128.0)
  -> queued BSX buy (conf None, stop 49.01, tp 52.92)
  -> queued INTU buy (conf 82, stop 352.0, tp 390.0)
  -> queued EXE buy (conf 82, stop 92.66, tp 102.0)
  -> queued EQT buy (conf 81, stop 51.9, tp 57.00000000000001)
  -> queued NWS buy (conf 80, stop 32.26, tp 36.5)
  -> queued DE buy (conf None, stop 579.5, tp 654.135)
  -> queued DRI buy (conf None, stop 212.995, tp 229.46)
  -> queued FDX buy (conf None, stop 317.065, tp 341.42)
  -> queued DASH buy (conf None, stop 206.73, tp 225.9)
  -> queued MSI buy (conf None, stop 457.185, tp 486.25)
  -> queued CVX buy (conf None, stop 189.13, tp 208.91)
Dashboard watchlist synced (11 symbols) for news/headlines.
Ending portfolio value: $99,039.83
Trade journal: all: 19 trades, 21% win rate, avg -2.19% | breakout: 1 trades, 0% win rate, avg -8.61% | other: 13 trades, 23% win rate, avg -1.93% | technical: 5 trades, 20% win rate, avg -1.58%
Self-learning: breakout: 1 trades, 0% win rate, avg -8.61% (LOSING) | other: 13 trades, 23% win rate, avg -1.93% (LOSING) | technical: 5 trades, 20% win rate, avg -1.58% (LOSING)
Performance: Total return +0.17% | Max drawdown 0.94% | Daily Sharpe 2.02 | 19 closed trades | Win rate 21% | Avg winner +1.83% | Avg loser -3.26% | Open positions: 4 | Equity $99,039.83
Engine P&L: legacy/unknown: realized $-1,705.68 (19 closed, 21% wins), unrealized $-64.86 (4 open) | Books: legacy: realized $-1,705.68, unrealized $-64.86
Reports: daily realized $+0.00; worst symbols none | weekly realized $-1,705.68; worst symbols HPE:-1286.89; COHR:-471.20; SNDK:-159.07; ANET:-45.31; NOW:-30.35
Shadow report: 2116 shadow candidate(s), 95 rejection group(s)
Timings: account: 0.0s | risk: 0.5s | decide: 22.3s | watchlist: 0.0s | perf: 0.0s

=== Run at 2026-08-22T18:56:25.865518 ===
Build fingerprint: 4f68550affe5
Current time: 2026-08-22 02:56 PM EDT | Market open (per Alpaca): False | Session: CLOSED
Account value: $99,039.83
Cash: $79,250.80 | Holdings (4): {'ERIE': '0.7641 sh (+2.23%)', 'GEHC': '0.6136 sh (+1.25%)', 'MS': '43.8344 sh (-3.06%)', 'MSI': '21.1281 sh (+2.28%)'}
Sector exposure (cached): Technology 10.2%, Financials 9.7%, Health Care 0.0%
Fill reconciliation: {'filled': 0, 'partial': 0, 'rejected': 1}
Open orders (2): ERIE sell 0.7641, MS sell 43.8344
Risk state: peak $99,703.60 | drawdown 0.67% | today -0.00% | halted: False
Market regime: NEUTRAL (position-size multiplier: 100% incl. circuit breaker 100%)
News: fetched 158, 1 new after dedup, 0 ticker(s) matched.
Quant pre-screen: 42/66 candidates passed.
Gemini proposed 2 trade(s) meeting the conviction bar.
Gemini calls used today (all models combined): 315
Market closed (overnight): queued 12 trade idea(s) for next-morning verification -- nothing submitted yet.
  -> queued COHR buy (conf 85, stop 105.5, tp 128.0)
  -> queued BSX buy (conf None, stop 49.01, tp 52.92)
  -> queued INTU buy (conf 82, stop 352.0, tp 390.0)
  -> queued EXE buy (conf 82, stop 92.66, tp 102.0)
  -> queued EQT buy (conf 81, stop 51.9, tp 57.00000000000001)
  -> queued NWS buy (conf 80, stop 32.26, tp 36.5)
  -> queued DE buy (conf 84, stop 579.5, tp 673.87)
  -> queued DRI buy (conf 85, stop 213.0, tp 232.00000000000003)
  -> queued FDX buy (conf None, stop 317.065, tp 341.42)
  -> queued DASH buy (conf None, stop 206.73, tp 225.9)
  -> queued MSI buy (conf None, stop 457.185, tp 486.25)
  -> queued CVX buy (conf None, stop 189.13, tp 208.91)
Dashboard watchlist synced (6 symbols) for news/headlines.
Ending portfolio value: $99,039.83
Trade journal: all: 19 trades, 21% win rate, avg -2.19% | breakout: 1 trades, 0% win rate, avg -8.61% | other: 13 trades, 23% win rate, avg -1.93% | technical: 5 trades, 20% win rate, avg -1.58%
Self-learning: breakout: 1 trades, 0% win rate, avg -8.61% (LOSING) | other: 13 trades, 23% win rate, avg -1.93% (LOSING) | technical: 5 trades, 20% win rate, avg -1.58% (LOSING)
Performance: Total return +0.17% | Max drawdown 0.94% | Daily Sharpe 2.02 | 19 closed trades | Win rate 21% | Avg winner +1.83% | Avg loser -3.26% | Open positions: 4 | Equity $99,039.83
Engine P&L: legacy/unknown: realized $-1,705.68 (19 closed, 21% wins), unrealized $-64.86 (4 open) | Books: legacy: realized $-1,705.68, unrealized $-64.86
Reports: daily realized $+0.00; worst symbols none | weekly realized $-1,705.68; worst symbols HPE:-1286.89; COHR:-471.20; SNDK:-159.07; ANET:-45.31; NOW:-30.35
Shadow report: 2116 shadow candidate(s), 95 rejection group(s)
Timings: account: 0.0s | risk: 0.8s | decide: 5.8s | watchlist: 0.1s | perf: 0.1s

=== Run at 2026-08-22T18:58:28.558577 ===
Build fingerprint: 4f68550affe5
Current time: 2026-08-22 02:58 PM EDT | Market open (per Alpaca): False | Session: CLOSED
Account value: $99,039.83
Cash: $79,250.80 | Holdings (4): {'ERIE': '0.7641 sh (+2.23%)', 'GEHC': '0.6136 sh (+1.25%)', 'MS': '43.8344 sh (-3.06%)', 'MSI': '21.1281 sh (+2.28%)'}
Sector exposure (cached): Technology 10.2%, Financials 9.7%, Health Care 0.0%
Fill reconciliation: {'filled': 0, 'partial': 0, 'rejected': 1}
Open orders (2): ERIE sell 0.7641, MS sell 43.8344
Risk state: peak $99,703.60 | drawdown 0.67% | today -0.00% | halted: False
Market regime: NEUTRAL (position-size multiplier: 100% incl. circuit breaker 100%)
News: fetched 158, 0 new after dedup, 0 ticker(s) matched.
Quant pre-screen: 42/66 candidates passed.
Gemini proposed 2 trade(s) meeting the conviction bar.
Gemini calls used today (all models combined): 316
Market closed (overnight): queued 12 trade idea(s) for next-morning verification -- nothing submitted yet.
  -> queued COHR buy (conf 85, stop 105.5, tp 128.0)
  -> queued BSX buy (conf None, stop 49.01, tp 52.92)
  -> queued INTU buy (conf 82, stop 352.0, tp 390.0)
  -> queued EXE buy (conf 82, stop 92.66, tp 102.0)
  -> queued EQT buy (conf 81, stop 51.9, tp 57.00000000000001)
  -> queued NWS buy (conf 80, stop 32.26, tp 36.5)
  -> queued DE buy (conf 88, stop 625.0, tp 685.0)
  -> queued DRI buy (conf 85, stop 213.0, tp 235.0)
  -> queued FDX buy (conf None, stop 317.065, tp 341.42)
  -> queued DASH buy (conf None, stop 206.73, tp 225.9)
  -> queued MSI buy (conf None, stop 457.185, tp 486.25)
  -> queued CVX buy (conf None, stop 189.13, tp 208.91)
Dashboard watchlist synced (6 symbols) for news/headlines.
Ending portfolio value: $99,039.83
Trade journal: all: 19 trades, 21% win rate, avg -2.19% | breakout: 1 trades, 0% win rate, avg -8.61% | other: 13 trades, 23% win rate, avg -1.93% | technical: 5 trades, 20% win rate, avg -1.58%
Self-learning: breakout: 1 trades, 0% win rate, avg -8.61% (LOSING) | other: 13 trades, 23% win rate, avg -1.93% (LOSING) | technical: 5 trades, 20% win rate, avg -1.58% (LOSING)
Performance: Total return +0.17% | Max drawdown 0.94% | Daily Sharpe 2.02 | 19 closed trades | Win rate 21% | Avg winner +1.83% | Avg loser -3.26% | Open positions: 4 | Equity $99,039.83
Engine P&L: legacy/unknown: realized $-1,705.68 (19 closed, 21% wins), unrealized $-64.86 (4 open) | Books: legacy: realized $-1,705.68, unrealized $-64.86
Reports: daily realized $+0.00; worst symbols none | weekly realized $-1,705.68; worst symbols HPE:-1286.89; COHR:-471.20; SNDK:-159.07; ANET:-45.31; NOW:-30.35
Shadow report: 2116 shadow candidate(s), 95 rejection group(s)
Timings: account: 0.0s | risk: 0.4s | decide: 7.3s | watchlist: 0.0s | perf: 0.1s

=== Run at 2026-08-22T19:00:31.210333 ===
Build fingerprint: 4f68550affe5
Current time: 2026-08-22 03:00 PM EDT | Market open (per Alpaca): False | Session: CLOSED
Account value: $99,039.83
Cash: $79,250.80 | Holdings (4): {'ERIE': '0.7641 sh (+2.23%)', 'GEHC': '0.6136 sh (+1.25%)', 'MS': '43.8344 sh (-3.06%)', 'MSI': '21.1281 sh (+2.28%)'}
Sector exposure (cached): Technology 10.2%, Financials 9.7%, Health Care 0.0%
Fill reconciliation: {'filled': 0, 'partial': 0, 'rejected': 1}
Open orders (2): ERIE sell 0.7641, MS sell 43.8344
Risk state: peak $99,703.60 | drawdown 0.67% | today -0.00% | halted: False
Market regime: NEUTRAL (position-size multiplier: 100% incl. circuit breaker 100%)
News: fetched 158, 1 new after dedup, 0 ticker(s) matched.
Quant pre-screen: 12/18 candidates passed.
Gemini proposed 2 trade(s) meeting the conviction bar.
Gemini calls used today (all models combined): 317
Market closed (overnight): queued 12 trade idea(s) for next-morning verification -- nothing submitted yet.
  -> queued COHR buy (conf 85, stop 105.5, tp 128.0)
  -> queued BSX buy (conf None, stop 49.01, tp 52.92)
  -> queued INTU buy (conf 82, stop 352.0, tp 390.0)
  -> queued EXE buy (conf 82, stop 92.66, tp 102.0)
  -> queued EQT buy (conf 81, stop 51.9, tp 57.00000000000001)
  -> queued NWS buy (conf 80, stop 32.26, tp 36.5)
  -> queued DE buy (conf 85, stop 605.0, tp 685.0)
  -> queued DRI buy (conf 88, stop 213.0, tp 235.0)
  -> queued FDX buy (conf None, stop 317.065, tp 341.42)
  -> queued DASH buy (conf None, stop 206.73, tp 225.9)
  -> queued MSI buy (conf None, stop 457.185, tp 486.25)
  -> queued CVX buy (conf None, stop 189.13, tp 208.91)
Dashboard watchlist synced (6 symbols) for news/headlines.
Ending portfolio value: $99,039.83
Trade journal: all: 19 trades, 21% win rate, avg -2.19% | breakout: 1 trades, 0% win rate, avg -8.61% | other: 13 trades, 23% win rate, avg -1.93% | technical: 5 trades, 20% win rate, avg -1.58%
Self-learning: breakout: 1 trades, 0% win rate, avg -8.61% (LOSING) | other: 13 trades, 23% win rate, avg -1.93% (LOSING) | technical: 5 trades, 20% win rate, avg -1.58% (LOSING)
Performance: Total return +0.17% | Max drawdown 0.94% | Daily Sharpe 2.02 | 19 closed trades | Win rate 21% | Avg winner +1.83% | Avg loser -3.26% | Open positions: 4 | Equity $99,039.83
Engine P&L: legacy/unknown: realized $-1,705.68 (19 closed, 21% wins), unrealized $-64.86 (4 open) | Books: legacy: realized $-1,705.68, unrealized $-64.86
Reports: daily realized $+0.00; worst symbols none | weekly realized $-1,705.68; worst symbols HPE:-1286.89; COHR:-471.20; SNDK:-159.07; ANET:-45.31; NOW:-30.35
Shadow report: 2116 shadow candidate(s), 95 rejection group(s)
Timings: account: 0.0s | risk: 1.2s | decide: 11.5s | watchlist: 0.1s | perf: 0.2s

=== Run at 2026-08-22T19:02:23.149960 ===
Build fingerprint: 4f68550affe5
Current time: 2026-08-22 03:02 PM EDT | Market open (per Alpaca): False | Session: CLOSED
Account value: $99,039.83
Cash: $79,250.80 | Holdings (4): {'ERIE': '0.7641 sh (+2.23%)', 'GEHC': '0.6136 sh (+1.25%)', 'MS': '43.8344 sh (-3.06%)', 'MSI': '21.1281 sh (+2.28%)'}
Sector exposure (cached): Technology 10.2%, Financials 9.7%, Health Care 0.0%
Fill reconciliation: {'filled': 0, 'partial': 0, 'rejected': 1}
Open orders (2): ERIE sell 0.7641, MS sell 43.8344
Risk state: peak $99,703.60 | drawdown 0.67% | today -0.00% | halted: False
Market regime: NEUTRAL (position-size multiplier: 100% incl. circuit breaker 100%)
News: fetched 158, 1 new after dedup, 0 ticker(s) matched.
Quant pre-screen: 18/30 candidates passed.
Gemini proposed 3 trade(s) meeting the conviction bar.
Gemini calls used today (all models combined): 318
Market closed (overnight): queued 12 trade idea(s) for next-morning verification -- nothing submitted yet.
  -> queued COHR buy (conf 85, stop 105.5, tp 128.0)
  -> queued BSX buy (conf None, stop 49.01, tp 52.92)
  -> queued INTU buy (conf 82, stop 352.0, tp 390.0)
  -> queued EXE buy (conf 82, stop 92.66, tp 102.0)
  -> queued EQT buy (conf 81, stop 51.9, tp 57.00000000000001)
  -> queued NWS buy (conf 80, stop 32.26, tp 36.5)
  -> queued DE buy (conf 85, stop 625.0, tp 675.0)
  -> queued DRI buy (conf 88, stop 213.0, tp 235.0)
  -> queued FDX buy (conf None, stop 317.065, tp 341.42)
  -> queued DASH buy (conf None, stop 206.73, tp 225.9)
  -> queued MSI buy (conf None, stop 457.185, tp 486.25)
  -> queued CVX buy (conf 82, stop 195.0, tp 215.0)
Dashboard watchlist synced (7 symbols) for news/headlines.
Ending portfolio value: $99,039.83
Trade journal: all: 19 trades, 21% win rate, avg -2.19% | breakout: 1 trades, 0% win rate, avg -8.61% | other: 13 trades, 23% win rate, avg -1.93% | technical: 5 trades, 20% win rate, avg -1.58%
Self-learning: breakout: 1 trades, 0% win rate, avg -8.61% (LOSING) | other: 13 trades, 23% win rate, avg -1.93% (LOSING) | technical: 5 trades, 20% win rate, avg -1.58% (LOSING)
Performance: Total return +0.17% | Max drawdown 0.94% | Daily Sharpe 2.02 | 19 closed trades | Win rate 21% | Avg winner +1.83% | Avg loser -3.26% | Open positions: 4 | Equity $99,039.83
Engine P&L: legacy/unknown: realized $-1,705.68 (19 closed, 21% wins), unrealized $-64.86 (4 open) | Books: legacy: realized $-1,705.68, unrealized $-64.86
Reports: daily realized $+0.00; worst symbols none | weekly realized $-1,705.68; worst symbols HPE:-1286.89; COHR:-471.20; SNDK:-159.07; ANET:-45.31; NOW:-30.35
Shadow report: 2116 shadow candidate(s), 95 rejection group(s)
Timings: account: 0.0s | risk: 0.3s | decide: 4.4s | watchlist: 0.1s | perf: 0.0s

=== Run at 2026-08-22T19:04:23.845974 ===
Build fingerprint: 4f68550affe5
Current time: 2026-08-22 03:04 PM EDT | Market open (per Alpaca): False | Session: CLOSED
Account value: $99,039.83
Cash: $79,250.80 | Holdings (4): {'ERIE': '0.7641 sh (+2.23%)', 'GEHC': '0.6136 sh (+1.25%)', 'MS': '43.8344 sh (-3.06%)', 'MSI': '21.1281 sh (+2.28%)'}
Sector exposure (cached): Technology 10.2%, Financials 9.7%, Health Care 0.0%
Fill reconciliation: {'filled': 0, 'partial': 0, 'rejected': 1}
Open orders (2): ERIE sell 0.7641, MS sell 43.8344
Risk state: peak $99,703.60 | drawdown 0.67% | today -0.00% | halted: False
Market regime: NEUTRAL (position-size multiplier: 100% incl. circuit breaker 100%)
News: fetched 158, 0 new after dedup, 0 ticker(s) matched.
Quant pre-screen: 25/42 candidates passed.
Gemini proposed 2 trade(s) meeting the conviction bar.
Gemini calls used today (all models combined): 319
Market closed (overnight): queued 12 trade idea(s) for next-morning verification -- nothing submitted yet.
  -> queued COHR buy (conf 85, stop 105.5, tp 128.0)
  -> queued BSX buy (conf None, stop 49.01, tp 52.92)
  -> queued INTU buy (conf 82, stop 352.0, tp 390.0)
  -> queued EXE buy (conf 82, stop 92.66, tp 102.0)
  -> queued EQT buy (conf 81, stop 51.9, tp 57.00000000000001)
  -> queued NWS buy (conf 80, stop 32.26, tp 36.5)
  -> queued DE buy (conf 88, stop 605.0, tp 690.0)
  -> queued DRI buy (conf 85, stop 210.0, tp 235.0)
  -> queued FDX buy (conf None, stop 317.065, tp 341.42)
  -> queued DASH buy (conf None, stop 206.73, tp 225.9)
  -> queued MSI buy (conf None, stop 457.185, tp 486.25)
  -> queued CVX buy (conf 82, stop 195.0, tp 215.0)
Dashboard watchlist synced (6 symbols) for news/headlines.
Ending portfolio value: $99,039.83
Trade journal: all: 19 trades, 21% win rate, avg -2.19% | breakout: 1 trades, 0% win rate, avg -8.61% | other: 13 trades, 23% win rate, avg -1.93% | technical: 5 trades, 20% win rate, avg -1.58%
Self-learning: breakout: 1 trades, 0% win rate, avg -8.61% (LOSING) | other: 13 trades, 23% win rate, avg -1.93% (LOSING) | technical: 5 trades, 20% win rate, avg -1.58% (LOSING)
Performance: Total return +0.17% | Max drawdown 0.94% | Daily Sharpe 2.02 | 19 closed trades | Win rate 21% | Avg winner +1.83% | Avg loser -3.26% | Open positions: 4 | Equity $99,039.83
Engine P&L: legacy/unknown: realized $-1,705.68 (19 closed, 21% wins), unrealized $-64.86 (4 open) | Books: legacy: realized $-1,705.68, unrealized $-64.86
Reports: daily realized $+0.00; worst symbols none | weekly realized $-1,705.68; worst symbols HPE:-1286.89; COHR:-471.20; SNDK:-159.07; ANET:-45.31; NOW:-30.35
Shadow report: 2116 shadow candidate(s), 95 rejection group(s)
Timings: account: 0.0s | risk: 0.6s | decide: 5.6s | watchlist: 0.1s | perf: 0.1s

=== Run at 2026-08-22T19:06:26.482817 ===
Build fingerprint: 4f68550affe5
Current time: 2026-08-22 03:06 PM EDT | Market open (per Alpaca): False | Session: CLOSED
Account value: $99,039.83
Cash: $79,250.80 | Holdings (4): {'ERIE': '0.7641 sh (+2.23%)', 'GEHC': '0.6136 sh (+1.25%)', 'MS': '43.8344 sh (-3.06%)', 'MSI': '21.1281 sh (+2.28%)'}
Sector exposure (cached): Technology 10.2%, Financials 9.7%, Health Care 0.0%
Fill reconciliation: {'filled': 0, 'partial': 0, 'rejected': 1}
Open orders (2): ERIE sell 0.7641, MS sell 43.8344
Risk state: peak $99,703.60 | drawdown 0.67% | today -0.00% | halted: False
Market regime: NEUTRAL (position-size multiplier: 100% incl. circuit breaker 100%)
News: fetched 158, 0 new after dedup, 0 ticker(s) matched.
Quant pre-screen: 34/54 candidates passed.
Gemini proposed 3 trade(s) meeting the conviction bar.
Gemini calls used today (all models combined): 320
Market closed (overnight): queued 12 trade idea(s) for next-morning verification -- nothing submitted yet.
  -> queued COHR buy (conf 85, stop 105.5, tp 128.0)
  -> queued BSX buy (conf None, stop 49.01, tp 52.92)
  -> queued INTU buy (conf 82, stop 352.0, tp 390.0)
  -> queued EXE buy (conf 82, stop 92.66, tp 102.0)
  -> queued EQT buy (conf 81, stop 51.9, tp 57.00000000000001)
  -> queued NWS buy (conf 80, stop 32.26, tp 36.5)
  -> queued DE buy (conf 88, stop 579.5, tp 673.87)
  -> queued DRI buy (conf 92, stop 213.0, tp 235.0)
  -> queued FDX buy (conf None, stop 317.065, tp 341.42)
  -> queued DASH buy (conf 85, stop 206.73, tp 240.0)
  -> queued MSI buy (conf None, stop 457.185, tp 486.25)
  -> queued CVX buy (conf 82, stop 195.0, tp 215.0)
Dashboard watchlist synced (7 symbols) for news/headlines.
Ending portfolio value: $99,039.83
Trade journal: all: 19 trades, 21% win rate, avg -2.19% | breakout: 1 trades, 0% win rate, avg -8.61% | other: 13 trades, 23% win rate, avg -1.93% | technical: 5 trades, 20% win rate, avg -1.58%
Self-learning: breakout: 1 trades, 0% win rate, avg -8.61% (LOSING) | other: 13 trades, 23% win rate, avg -1.93% (LOSING) | technical: 5 trades, 20% win rate, avg -1.58% (LOSING)
Performance: Total return +0.17% | Max drawdown 0.94% | Daily Sharpe 2.02 | 19 closed trades | Win rate 21% | Avg winner +1.83% | Avg loser -3.26% | Open positions: 4 | Equity $99,039.83
Engine P&L: legacy/unknown: realized $-1,705.68 (19 closed, 21% wins), unrealized $-64.86 (4 open) | Books: legacy: realized $-1,705.68, unrealized $-64.86
Reports: daily realized $+0.00; worst symbols none | weekly realized $-1,705.68; worst symbols HPE:-1286.89; COHR:-471.20; SNDK:-159.07; ANET:-45.31; NOW:-30.35
Shadow report: 2116 shadow candidate(s), 95 rejection group(s)
Timings: account: 0.0s | risk: 1.1s | decide: 10.3s | watchlist: 0.1s | perf: 0.1s

=== Run at 2026-08-22T19:08:28.037492 ===
Build fingerprint: 4f68550affe5
Current time: 2026-08-22 03:08 PM EDT | Market open (per Alpaca): False | Session: CLOSED
Account value: $99,039.83
Cash: $79,250.80 | Holdings (4): {'ERIE': '0.7641 sh (+2.23%)', 'GEHC': '0.6136 sh (+1.25%)', 'MS': '43.8344 sh (-3.06%)', 'MSI': '21.1281 sh (+2.28%)'}
Sector exposure (cached): Technology 10.2%, Financials 9.7%, Health Care 0.0%
Fill reconciliation: {'filled': 0, 'partial': 0, 'rejected': 1}
Open orders (2): ERIE sell 0.7641, MS sell 43.8344
Risk state: peak $99,703.60 | drawdown 0.67% | today -0.00% | halted: False
Market regime: NEUTRAL (position-size multiplier: 100% incl. circuit breaker 100%)
News: fetched 158, 0 new after dedup, 0 ticker(s) matched.
Quant pre-screen: 41/66 candidates passed.
Gemini proposed 1 trade(s) meeting the conviction bar.
Gemini calls used today (all models combined): 321
Market closed (overnight): queued 12 trade idea(s) for next-morning verification -- nothing submitted yet.
  -> queued COHR buy (conf 85, stop 105.5, tp 128.0)
  -> queued BSX buy (conf None, stop 49.01, tp 52.92)
  -> queued INTU buy (conf 82, stop 352.0, tp 390.0)
  -> queued EXE buy (conf 82, stop 92.66, tp 102.0)
  -> queued EQT buy (conf 81, stop 51.9, tp 57.00000000000001)
  -> queued NWS buy (conf 80, stop 32.26, tp 36.5)
  -> queued DE buy (conf 88, stop 579.5, tp 673.87)
  -> queued DRI buy (conf 85, stop 213.0, tp 235.0)
  -> queued FDX buy (conf None, stop 317.065, tp 341.42)
  -> queued DASH buy (conf 85, stop 206.73, tp 240.0)
  -> queued MSI buy (conf None, stop 457.185, tp 486.25)
  -> queued CVX buy (conf 82, stop 195.0, tp 215.0)
Dashboard watchlist synced (5 symbols) for news/headlines.
Ending portfolio value: $99,039.83
Trade journal: all: 19 trades, 21% win rate, avg -2.19% | breakout: 1 trades, 0% win rate, avg -8.61% | other: 13 trades, 23% win rate, avg -1.93% | technical: 5 trades, 20% win rate, avg -1.58%
Self-learning: breakout: 1 trades, 0% win rate, avg -8.61% (LOSING) | other: 13 trades, 23% win rate, avg -1.93% (LOSING) | technical: 5 trades, 20% win rate, avg -1.58% (LOSING)
Performance: Total return +0.17% | Max drawdown 0.94% | Daily Sharpe 2.02 | 19 closed trades | Win rate 21% | Avg winner +1.83% | Avg loser -3.26% | Open positions: 4 | Equity $99,039.83
Engine P&L: legacy/unknown: realized $-1,705.68 (19 closed, 21% wins), unrealized $-64.86 (4 open) | Books: legacy: realized $-1,705.68, unrealized $-64.86
Reports: daily realized $+0.00; worst symbols none | weekly realized $-1,705.68; worst symbols HPE:-1286.89; COHR:-471.20; SNDK:-159.07; ANET:-45.31; NOW:-30.35
Shadow report: 2116 shadow candidate(s), 95 rejection group(s)
Timings: account: 0.0s | risk: 0.3s | decide: 11.9s | watchlist: 0.0s | perf: 0.0s

=== Run at 2026-08-22T19:10:31.534881 ===
Build fingerprint: 4f68550affe5
Current time: 2026-08-22 03:10 PM EDT | Market open (per Alpaca): False | Session: CLOSED
Account value: $99,039.83
Cash: $79,250.80 | Holdings (4): {'ERIE': '0.7641 sh (+2.23%)', 'GEHC': '0.6136 sh (+1.25%)', 'MS': '43.8344 sh (-3.06%)', 'MSI': '21.1281 sh (+2.28%)'}
Sector exposure (cached): Technology 10.2%, Financials 9.7%, Health Care 0.0%
Fill reconciliation: {'filled': 0, 'partial': 0, 'rejected': 1}
Open orders (2): ERIE sell 0.7641, MS sell 43.8344
Risk state: peak $99,703.60 | drawdown 0.67% | today -0.00% | halted: False
Market regime: NEUTRAL (position-size multiplier: 100% incl. circuit breaker 100%)
News: fetched 158, 0 new after dedup, 0 ticker(s) matched.
Quant pre-screen: 41/66 candidates passed.
Gemini proposed 3 trade(s) meeting the conviction bar.
Gemini calls used today (all models combined): 322
Market closed (overnight): queued 12 trade idea(s) for next-morning verification -- nothing submitted yet.
  -> queued COHR buy (conf 85, stop 105.5, tp 128.0)
  -> queued BSX buy (conf None, stop 49.01, tp 52.92)
  -> queued INTU buy (conf 82, stop 352.0, tp 390.0)
  -> queued EXE buy (conf 82, stop 92.66, tp 102.0)
  -> queued EQT buy (conf 81, stop 51.9, tp 57.00000000000001)
  -> queued NWS buy (conf 80, stop 32.26, tp 36.5)
  -> queued DE buy (conf 86, stop 625.0, tp 673.87)
  -> queued DRI buy (conf 88, stop 213.0, tp 229.46)
  -> queued FDX buy (conf None, stop 317.065, tp 341.42)
  -> queued DASH buy (conf 84, stop 212.0, tp 245.0)
  -> queued MSI buy (conf None, stop 457.185, tp 486.25)
  -> queued CVX buy (conf 82, stop 195.0, tp 215.0)
Dashboard watchlist synced (7 symbols) for news/headlines.
Ending portfolio value: $99,039.83
Trade journal: all: 19 trades, 21% win rate, avg -2.19% | breakout: 1 trades, 0% win rate, avg -8.61% | other: 13 trades, 23% win rate, avg -1.93% | technical: 5 trades, 20% win rate, avg -1.58%
Self-learning: breakout: 1 trades, 0% win rate, avg -8.61% (LOSING) | other: 13 trades, 23% win rate, avg -1.93% (LOSING) | technical: 5 trades, 20% win rate, avg -1.58% (LOSING)
Performance: Total return +0.17% | Max drawdown 0.94% | Daily Sharpe 2.02 | 19 closed trades | Win rate 21% | Avg winner +1.83% | Avg loser -3.26% | Open positions: 4 | Equity $99,039.83
Engine P&L: legacy/unknown: realized $-1,705.68 (19 closed, 21% wins), unrealized $-64.86 (4 open) | Books: legacy: realized $-1,705.68, unrealized $-64.86
Reports: daily realized $+0.00; worst symbols none | weekly realized $-1,705.68; worst symbols HPE:-1286.89; COHR:-471.20; SNDK:-159.07; ANET:-45.31; NOW:-30.35
Shadow report: 2116 shadow candidate(s), 95 rejection group(s)
Timings: account: 0.0s | risk: 0.7s | decide: 6.5s | watchlist: 0.1s | perf: 0.1s

=== Run at 2026-08-22T19:12:26.308767 ===
Build fingerprint: 4f68550affe5
Current time: 2026-08-22 03:12 PM EDT | Market open (per Alpaca): False | Session: CLOSED
Account value: $99,039.83
Cash: $79,250.80 | Holdings (4): {'ERIE': '0.7641 sh (+2.23%)', 'GEHC': '0.6136 sh (+1.25%)', 'MS': '43.8344 sh (-3.06%)', 'MSI': '21.1281 sh (+2.28%)'}
Sector exposure (cached): Technology 10.2%, Financials 9.7%, Health Care 0.0%
Fill reconciliation: {'filled': 0, 'partial': 0, 'rejected': 1}
Open orders (2): ERIE sell 0.7641, MS sell 43.8344
Risk state: peak $99,703.60 | drawdown 0.67% | today -0.00% | halted: False
Market regime: NEUTRAL (position-size multiplier: 100% incl. circuit breaker 100%)
News: fetched 158, 0 new after dedup, 0 ticker(s) matched.
Quant pre-screen: 41/66 candidates passed.
Gemini proposed 1 trade(s) meeting the conviction bar.
Gemini calls used today (all models combined): 323
Market closed (overnight): queued 12 trade idea(s) for next-morning verification -- nothing submitted yet.
  -> queued COHR buy (conf 85, stop 105.5, tp 128.0)
  -> queued BSX buy (conf None, stop 49.01, tp 52.92)
  -> queued INTU buy (conf 82, stop 352.0, tp 390.0)
  -> queued EXE buy (conf 82, stop 92.66, tp 102.0)
  -> queued EQT buy (conf 81, stop 51.9, tp 57.00000000000001)
  -> queued NWS buy (conf 80, stop 32.26, tp 36.5)
  -> queued DE buy (conf 88, stop 605.0, tp 685.0)
  -> queued DRI buy (conf 88, stop 213.0, tp 229.46)
  -> queued FDX buy (conf None, stop 317.065, tp 341.42)
  -> queued DASH buy (conf 84, stop 212.0, tp 245.0)
  -> queued MSI buy (conf None, stop 457.185, tp 486.25)
  -> queued CVX buy (conf 82, stop 195.0, tp 215.0)
Dashboard watchlist synced (5 symbols) for news/headlines.
Ending portfolio value: $99,039.83
Trade journal: all: 19 trades, 21% win rate, avg -2.19% | breakout: 1 trades, 0% win rate, avg -8.61% | other: 13 trades, 23% win rate, avg -1.93% | technical: 5 trades, 20% win rate, avg -1.58%
Self-learning: breakout: 1 trades, 0% win rate, avg -8.61% (LOSING) | other: 13 trades, 23% win rate, avg -1.93% (LOSING) | technical: 5 trades, 20% win rate, avg -1.58% (LOSING)
Performance: Total return +0.17% | Max drawdown 0.94% | Daily Sharpe 2.02 | 19 closed trades | Win rate 21% | Avg winner +1.83% | Avg loser -3.26% | Open positions: 4 | Equity $99,039.83
Engine P&L: legacy/unknown: realized $-1,705.68 (19 closed, 21% wins), unrealized $-64.86 (4 open) | Books: legacy: realized $-1,705.68, unrealized $-64.86
Reports: daily realized $+0.00; worst symbols none | weekly realized $-1,705.68; worst symbols HPE:-1286.89; COHR:-471.20; SNDK:-159.07; ANET:-45.31; NOW:-30.35
Shadow report: 2116 shadow candidate(s), 95 rejection group(s)
Timings: account: 0.0s | risk: 0.2s | decide: 2.5s | watchlist: 0.0s | perf: 0.0s

=== Run at 2026-08-22T19:14:30.782445 ===
Build fingerprint: 4f68550affe5
Current time: 2026-08-22 03:14 PM EDT | Market open (per Alpaca): False | Session: CLOSED
Account value: $99,039.83
Cash: $79,250.80 | Holdings (4): {'ERIE': '0.7641 sh (+2.23%)', 'GEHC': '0.6136 sh (+1.25%)', 'MS': '43.8344 sh (-3.06%)', 'MSI': '21.1281 sh (+2.28%)'}
Sector exposure (cached): Technology 10.2%, Financials 9.7%, Health Care 0.0%
Fill reconciliation: {'filled': 0, 'partial': 0, 'rejected': 1}
Open orders (2): ERIE sell 0.7641, MS sell 43.8344
Risk state: peak $99,703.60 | drawdown 0.67% | today -0.00% | halted: False
Market regime: NEUTRAL (position-size multiplier: 100% incl. circuit breaker 100%)
News: fetched 158, 1 new after dedup, 0 ticker(s) matched.
Quant pre-screen: 41/66 candidates passed.
Gemini proposed 3 trade(s) meeting the conviction bar.
Gemini calls used today (all models combined): 324
Market closed (overnight): queued 12 trade idea(s) for next-morning verification -- nothing submitted yet.
  -> queued COHR buy (conf 85, stop 105.5, tp 128.0)
  -> queued BSX buy (conf None, stop 49.01, tp 52.92)
  -> queued INTU buy (conf 82, stop 352.0, tp 390.0)
  -> queued EXE buy (conf 82, stop 92.66, tp 102.0)
  -> queued EQT buy (conf 81, stop 51.9, tp 57.00000000000001)
  -> queued NWS buy (conf 80, stop 32.26, tp 36.5)
  -> queued DE buy (conf 88, stop 608.49, tp 725.31)
  -> queued DRI buy (conf 88, stop 213.0, tp 229.46)
  -> queued FDX buy (conf None, stop 317.065, tp 341.42)
  -> queued DASH buy (conf 84, stop 208.26, tp 254.04)
  -> queued MSI buy (conf None, stop 457.185, tp 486.25)
  -> queued CVX buy (conf 82, stop 197.33, tp 220.97)
Dashboard watchlist synced (7 symbols) for news/headlines.
Ending portfolio value: $99,039.83
Trade journal: all: 19 trades, 21% win rate, avg -2.19% | breakout: 1 trades, 0% win rate, avg -8.61% | other: 13 trades, 23% win rate, avg -1.93% | technical: 5 trades, 20% win rate, avg -1.58%
Self-learning: breakout: 1 trades, 0% win rate, avg -8.61% (LOSING) | other: 13 trades, 23% win rate, avg -1.93% (LOSING) | technical: 5 trades, 20% win rate, avg -1.58% (LOSING)
Performance: Total return +0.17% | Max drawdown 0.94% | Daily Sharpe 2.02 | 19 closed trades | Win rate 21% | Avg winner +1.83% | Avg loser -3.26% | Open positions: 4 | Equity $99,039.83
Engine P&L: legacy/unknown: realized $-1,705.68 (19 closed, 21% wins), unrealized $-64.86 (4 open) | Books: legacy: realized $-1,705.68, unrealized $-64.86
Reports: daily realized $+0.00; worst symbols none | weekly realized $-1,705.68; worst symbols HPE:-1286.89; COHR:-471.20; SNDK:-159.07; ANET:-45.31; NOW:-30.35
Shadow report: 2116 shadow candidate(s), 95 rejection group(s)
Timings: account: 0.0s | risk: 1.2s | decide: 7.0s | watchlist: 0.1s | perf: 0.2s

=== Run at 2026-08-22T19:16:42.475001 ===
=== Run at 2026-08-22T19:16:03.746687 ===
Build fingerprint: 4f68550affe5
Current time: 2026-08-22 03:16 PM EDT | Market open (per Alpaca): False | Session: CLOSED
Account value: $99,039.83
Cash: $79,250.80 | Holdings (4): {'ERIE': '0.7641 sh (+2.23%)', 'GEHC': '0.6136 sh (+1.25%)', 'MS': '43.8344 sh (-3.06%)', 'MSI': '21.1281 sh (+2.28%)'}
Sector exposure (cached): Technology 10.2%, Financials 9.7%, Health Care 0.0%
Fill reconciliation: {'filled': 0, 'partial': 0, 'rejected': 1}
Open orders (2): ERIE sell 0.7641, MS sell 43.8344
Risk state: peak $99,703.60 | drawdown 0.67% | today -0.00% | halted: False
Market regime: NEUTRAL (position-size multiplier: 100% incl. circuit breaker 100%)
News: fetched 158, 0 new after dedup, 0 ticker(s) matched.
Quant pre-screen: 41/66 candidates passed.
Gemini proposed 3 trade(s) meeting the conviction bar.
Gemini proposed 2 trade(s) meeting the conviction bar.
Gemini calls used today (all models combined): 325
Market closed (overnight): queued 12 trade idea(s) for next-morning verification -- nothing submitted yet.
  -> queued COHR buy (conf 85, stop 105.5, tp 128.0)
  -> queued BSX buy (conf None, stop 49.01, tp 52.92)
  -> queued INTU buy (conf 82, stop 352.0, tp 390.0)
  -> queued EXE buy (conf 82, stop 92.66, tp 102.0)
  -> queued EQT buy (conf 81, stop 51.9, tp 57.00000000000001)
  -> queued NWS buy (conf 80, stop 32.26, tp 36.5)
  -> queued DE buy (conf 85, stop 608.0, tp 687.0)
  -> queued DE buy (conf 86, stop 579.5, tp 673.8700000000001)
  -> queued DRI buy (conf 88, stop 213.0, tp 235.00000000000003)
  -> queued FDX buy (conf None, stop 317.065, tp 341.42)
  -> queued DASH buy (conf 84, stop 208.26, tp 254.04)
  -> queued MSI buy (conf None, stop 457.185, tp 486.25)
  -> queued CVX buy (conf 82, stop 197.0, tp 217.0)
Dashboard watchlist synced (7 symbols) for news/headlines.
  -> queued CVX buy (conf 82, stop 197.33, tp 220.97)
Dashboard watchlist synced (6 symbols) for news/headlines.
Ending portfolio value: $99,039.83
Trade journal: all: 19 trades, 21% win rate, avg -2.19% | breakout: 1 trades, 0% win rate, avg -8.61% | other: 13 trades, 23% win rate, avg -1.93% | technical: 5 trades, 20% win rate, avg -1.58%
Self-learning: breakout: 1 trades, 0% win rate, avg -8.61% (LOSING) | other: 13 trades, 23% win rate, avg -1.93% (LOSING) | technical: 5 trades, 20% win rate, avg -1.58% (LOSING)
Performance: Total return +0.17% | Max drawdown 0.94% | Daily Sharpe 2.02 | 19 closed trades | Win rate 21% | Avg winner +1.83% | Avg loser -3.26% | Open positions: 4 | Equity $99,039.83
Engine P&L: legacy/unknown: realized $-1,705.68 (19 closed, 21% wins), unrealized $-64.86 (4 open) | Books: legacy: realized $-1,705.68, unrealized $-64.86
Reports: daily realized $+0.00; worst symbols none | weekly realized $-1,705.68; worst symbols HPE:-1286.89; COHR:-471.20; SNDK:-159.07; ANET:-45.31; NOW:-30.35
Shadow report: 2116 shadow candidate(s), 95 rejection group(s)
Timings: account: 0.0s | risk: 0.5s | decide: 6.1s | watchlist: 0.0s | perf: 0.0s
Timings: account: 0.0s | risk: 1.0s | decide: 11.0s | watchlist: 0.1s | perf: 0.1s

=== Run at 2026-08-22T19:18:24.287063 ===
Build fingerprint: 4f68550affe5
Current time: 2026-08-22 03:18 PM EDT | Market open (per Alpaca): False | Session: CLOSED
Account value: $99,039.83
Cash: $79,250.80 | Holdings (4): {'ERIE': '0.7641 sh (+2.23%)', 'GEHC': '0.6136 sh (+1.25%)', 'MS': '43.8344 sh (-3.06%)', 'MSI': '21.1281 sh (+2.28%)'}
Sector exposure (cached): Technology 10.2%, Financials 9.7%, Health Care 0.0%
Fill reconciliation: {'filled': 0, 'partial': 0, 'rejected': 1}
Open orders (2): ERIE sell 0.7641, MS sell 43.8344
Risk state: peak $99,703.60 | drawdown 0.67% | today -0.00% | halted: False
Market regime: NEUTRAL (position-size multiplier: 100% incl. circuit breaker 100%)
News: fetched 158, 0 new after dedup, 0 ticker(s) matched.
Quant pre-screen: 41/66 candidates passed.
Gemini proposed 3 trade(s) meeting the conviction bar.
Gemini calls used today (all models combined): 326
Market closed (overnight): queued 12 trade idea(s) for next-morning verification -- nothing submitted yet.
  -> queued COHR buy (conf 85, stop 105.5, tp 128.0)
  -> queued BSX buy (conf None, stop 49.01, tp 52.92)
  -> queued INTU buy (conf 82, stop 352.0, tp 390.0)
  -> queued EXE buy (conf 82, stop 92.66, tp 102.0)
  -> queued EQT buy (conf 81, stop 51.9, tp 57.00000000000001)
  -> queued NWS buy (conf 80, stop 32.26, tp 36.5)
  -> queued DE buy (conf 88, stop 625.0, tp 673.87)
  -> queued DRI buy (conf 92, stop 213.0, tp 235.0)
  -> queued FDX buy (conf None, stop 317.065, tp 341.42)
  -> queued DASH buy (conf 85, stop 206.73, tp 240.0)
  -> queued MSI buy (conf None, stop 457.185, tp 486.25)
  -> queued CVX buy (conf 82, stop 197.0, tp 217.0)
Dashboard watchlist synced (7 symbols) for news/headlines.
Ending portfolio value: $99,039.83
Trade journal: all: 19 trades, 21% win rate, avg -2.19% | breakout: 1 trades, 0% win rate, avg -8.61% | other: 13 trades, 23% win rate, avg -1.93% | technical: 5 trades, 20% win rate, avg -1.58%
Self-learning: breakout: 1 trades, 0% win rate, avg -8.61% (LOSING) | other: 13 trades, 23% win rate, avg -1.93% (LOSING) | technical: 5 trades, 20% win rate, avg -1.58% (LOSING)
Performance: Total return +0.17% | Max drawdown 0.94% | Daily Sharpe 2.02 | 19 closed trades | Win rate 21% | Avg winner +1.83% | Avg loser -3.26% | Open positions: 4 | Equity $99,039.83
Engine P&L: legacy/unknown: realized $-1,705.68 (19 closed, 21% wins), unrealized $-64.86 (4 open) | Books: legacy: realized $-1,705.68, unrealized $-64.86
Reports: daily realized $+0.00; worst symbols none | weekly realized $-1,705.68; worst symbols HPE:-1286.89; COHR:-471.20; SNDK:-159.07; ANET:-45.31; NOW:-30.35
Shadow report: 2116 shadow candidate(s), 95 rejection group(s)
Timings: account: 0.0s | risk: 0.2s | decide: 3.3s | watchlist: 0.0s | perf: 0.0s

=== Run at 2026-08-22T19:20:33.220720 ===
Build fingerprint: 4f68550affe5
Current time: 2026-08-22 03:20 PM EDT | Market open (per Alpaca): False | Session: CLOSED
Account value: $99,039.83
Cash: $79,250.80 | Holdings (4): {'ERIE': '0.7641 sh (+2.23%)', 'GEHC': '0.6136 sh (+1.25%)', 'MS': '43.8344 sh (-3.06%)', 'MSI': '21.1281 sh (+2.28%)'}
Sector exposure (cached): Technology 10.2%, Financials 9.7%, Health Care 0.0%
Fill reconciliation: {'filled': 0, 'partial': 0, 'rejected': 1}
Open orders (2): ERIE sell 0.7641, MS sell 43.8344
Risk state: peak $99,703.60 | drawdown 0.67% | today -0.00% | halted: False
Market regime: NEUTRAL (position-size multiplier: 100% incl. circuit breaker 100%)
News: fetched 158, 2 new after dedup, 1 ticker(s) matched.
Quant pre-screen: 35/54 candidates passed.
Gemini proposed 2 trade(s) meeting the conviction bar.
Gemini calls used today (all models combined): 327
Market closed (overnight): queued 12 trade idea(s) for next-morning verification -- nothing submitted yet.
  -> queued COHR buy (conf 85, stop 105.5, tp 128.0)
  -> queued BSX buy (conf None, stop 49.01, tp 52.92)
  -> queued INTU buy (conf 82, stop 352.0, tp 390.0)
  -> queued EXE buy (conf 82, stop 92.66, tp 102.0)
  -> queued EQT buy (conf 81, stop 51.9, tp 57.00000000000001)
  -> queued NWS buy (conf 80, stop 32.26, tp 36.5)
  -> queued DE buy (conf 88, stop 579.5, tp 690.0000000000001)
  -> queued DRI buy (conf 90, stop 213.0, tp 235.00000000000003)
  -> queued FDX buy (conf None, stop 317.065, tp 341.42)
  -> queued DASH buy (conf 85, stop 206.73, tp 240.0)
  -> queued MSI buy (conf None, stop 457.185, tp 486.25)
  -> queued CVX buy (conf 82, stop 197.0, tp 217.0)
Dashboard watchlist synced (7 symbols) for news/headlines.
Ending portfolio value: $99,039.83
Trade journal: all: 19 trades, 21% win rate, avg -2.19% | breakout: 1 trades, 0% win rate, avg -8.61% | other: 13 trades, 23% win rate, avg -1.93% | technical: 5 trades, 20% win rate, avg -1.58%
Self-learning: breakout: 1 trades, 0% win rate, avg -8.61% (LOSING) | other: 13 trades, 23% win rate, avg -1.93% (LOSING) | technical: 5 trades, 20% win rate, avg -1.58% (LOSING)
Performance: Total return +0.17% | Max drawdown 0.94% | Daily Sharpe 2.02 | 19 closed trades | Win rate 21% | Avg winner +1.83% | Avg loser -3.26% | Open positions: 4 | Equity $99,039.83
Engine P&L: legacy/unknown: realized $-1,705.68 (19 closed, 21% wins), unrealized $-64.86 (4 open) | Books: legacy: realized $-1,705.68, unrealized $-64.86
Reports: daily realized $+0.00; worst symbols none | weekly realized $-1,705.68; worst symbols HPE:-1286.89; COHR:-471.20; SNDK:-159.07; ANET:-45.31; NOW:-30.35
Shadow report: 2116 shadow candidate(s), 95 rejection group(s)
Timings: account: 0.0s | risk: 0.7s | decide: 8.4s | watchlist: 0.1s | perf: 0.1s

=== Run at 2026-08-22T19:22:24.312892 ===
Build fingerprint: 4f68550affe5
Current time: 2026-08-22 03:22 PM EDT | Market open (per Alpaca): False | Session: CLOSED
Account value: $99,039.83
Cash: $79,250.80 | Holdings (4): {'ERIE': '0.7641 sh (+2.23%)', 'GEHC': '0.6136 sh (+1.25%)', 'MS': '43.8344 sh (-3.06%)', 'MSI': '21.1281 sh (+2.28%)'}
Sector exposure (cached): Technology 10.2%, Financials 9.7%, Health Care 0.0%
Fill reconciliation: {'filled': 0, 'partial': 0, 'rejected': 1}
Open orders (2): ERIE sell 0.7641, MS sell 43.8344
Risk state: peak $99,703.60 | drawdown 0.67% | today -0.00% | halted: False
Market regime: NEUTRAL (position-size multiplier: 100% incl. circuit breaker 100%)
News: fetched 158, 0 new after dedup, 0 ticker(s) matched.
Quant pre-screen: 41/66 candidates passed.
Gemini proposed 3 trade(s) meeting the conviction bar.
Gemini calls used today (all models combined): 328
Market closed (overnight): queued 12 trade idea(s) for next-morning verification -- nothing submitted yet.
  -> queued COHR buy (conf 85, stop 105.5, tp 128.0)
  -> queued BSX buy (conf None, stop 49.01, tp 52.92)
  -> queued INTU buy (conf 82, stop 352.0, tp 390.0)
  -> queued EXE buy (conf 82, stop 92.66, tp 102.0)
  -> queued EQT buy (conf 81, stop 51.9, tp 57.00000000000001)
  -> queued NWS buy (conf 80, stop 32.26, tp 36.5)
  -> queued DE buy (conf 85, stop 579.5, tp 670.0)
  -> queued DRI buy (conf 88, stop 213.0, tp 235.0)
  -> queued FDX buy (conf None, stop 317.065, tp 341.42)
  -> queued DASH buy (conf 85, stop 206.73, tp 240.0)
  -> queued MSI buy (conf None, stop 457.185, tp 486.25)
  -> queued CVX buy (conf 82, stop 189.13, tp 214.0)
Dashboard watchlist synced (7 symbols) for news/headlines.
Ending portfolio value: $99,039.83
Trade journal: all: 19 trades, 21% win rate, avg -2.19% | breakout: 1 trades, 0% win rate, avg -8.61% | other: 13 trades, 23% win rate, avg -1.93% | technical: 5 trades, 20% win rate, avg -1.58%
Self-learning: breakout: 1 trades, 0% win rate, avg -8.61% (LOSING) | other: 13 trades, 23% win rate, avg -1.93% (LOSING) | technical: 5 trades, 20% win rate, avg -1.58% (LOSING)
Performance: Total return +0.17% | Max drawdown 0.94% | Daily Sharpe 2.02 | 19 closed trades | Win rate 21% | Avg winner +1.83% | Avg loser -3.26% | Open positions: 4 | Equity $99,039.83
Engine P&L: legacy/unknown: realized $-1,705.68 (19 closed, 21% wins), unrealized $-64.86 (4 open) | Books: legacy: realized $-1,705.68, unrealized $-64.86
Reports: daily realized $+0.00; worst symbols none | weekly realized $-1,705.68; worst symbols HPE:-1286.89; COHR:-471.20; SNDK:-159.07; ANET:-45.31; NOW:-30.35
Shadow report: 2116 shadow candidate(s), 95 rejection group(s)
Timings: account: 0.0s | risk: 0.6s | decide: 5.2s | watchlist: 0.1s | perf: 0.2s

=== Run at 2026-08-22T19:24:26.112061 ===
Build fingerprint: 4f68550affe5
Current time: 2026-08-22 03:24 PM EDT | Market open (per Alpaca): False | Session: CLOSED
Account value: $99,039.83
Cash: $79,250.80 | Holdings (4): {'ERIE': '0.7641 sh (+2.23%)', 'GEHC': '0.6136 sh (+1.25%)', 'MS': '43.8344 sh (-3.06%)', 'MSI': '21.1281 sh (+2.28%)'}
Sector exposure (cached): Technology 10.2%, Financials 9.7%, Health Care 0.0%
Fill reconciliation: {'filled': 0, 'partial': 0, 'rejected': 1}
Open orders (2): ERIE sell 0.7641, MS sell 43.8344
Risk state: peak $99,703.60 | drawdown 0.67% | today -0.00% | halted: False
Market regime: NEUTRAL (position-size multiplier: 100% incl. circuit breaker 100%)
News: fetched 158, 0 new after dedup, 0 ticker(s) matched.
Quant pre-screen: 41/66 candidates passed.
Gemini proposed 3 trade(s) meeting the conviction bar.
Gemini calls used today (all models combined): 329
Market closed (overnight): queued 12 trade idea(s) for next-morning verification -- nothing submitted yet.
  -> queued COHR buy (conf 85, stop 105.5, tp 128.0)
  -> queued BSX buy (conf None, stop 49.01, tp 52.92)
  -> queued INTU buy (conf 82, stop 352.0, tp 390.0)
  -> queued EXE buy (conf 82, stop 92.66, tp 102.0)
  -> queued EQT buy (conf 81, stop 51.9, tp 57.00000000000001)
  -> queued NWS buy (conf 80, stop 32.26, tp 36.5)
  -> queued DE buy (conf 88, stop 579.5, tp 673.87)
  -> queued DRI buy (conf 90, stop 213.0, tp 229.46)
  -> queued FDX buy (conf None, stop 317.065, tp 341.42)
  -> queued DASH buy (conf 85, stop 206.73, tp 240.0)
  -> queued MSI buy (conf None, stop 457.185, tp 486.25)
  -> queued CVX buy (conf 85, stop 189.13, tp 214.65)
Dashboard watchlist synced (7 symbols) for news/headlines.
Ending portfolio value: $99,039.83
Trade journal: all: 19 trades, 21% win rate, avg -2.19% | breakout: 1 trades, 0% win rate, avg -8.61% | other: 13 trades, 23% win rate, avg -1.93% | technical: 5 trades, 20% win rate, avg -1.58%
Self-learning: breakout: 1 trades, 0% win rate, avg -8.61% (LOSING) | other: 13 trades, 23% win rate, avg -1.93% (LOSING) | technical: 5 trades, 20% win rate, avg -1.58% (LOSING)
Performance: Total return +0.17% | Max drawdown 0.94% | Daily Sharpe 2.02 | 19 closed trades | Win rate 21% | Avg winner +1.83% | Avg loser -3.26% | Open positions: 4 | Equity $99,039.83
Engine P&L: legacy/unknown: realized $-1,705.68 (19 closed, 21% wins), unrealized $-64.86 (4 open) | Books: legacy: realized $-1,705.68, unrealized $-64.86
Reports: daily realized $+0.00; worst symbols none | weekly realized $-1,705.68; worst symbols HPE:-1286.89; COHR:-471.20; SNDK:-159.07; ANET:-45.31; NOW:-30.35
Shadow report: 2116 shadow candidate(s), 95 rejection group(s)
Timings: account: 0.0s | risk: 0.3s | decide: 2.7s | watchlist: 0.0s | perf: 0.0s

=== Run at 2026-08-22T19:26:23.041932 ===
Build fingerprint: 4f68550affe5
Current time: 2026-08-22 03:26 PM EDT | Market open (per Alpaca): False | Session: CLOSED
Account value: $99,039.83
Cash: $79,250.80 | Holdings (4): {'ERIE': '0.7641 sh (+2.23%)', 'GEHC': '0.6136 sh (+1.25%)', 'MS': '43.8344 sh (-3.06%)', 'MSI': '21.1281 sh (+2.28%)'}
Sector exposure (cached): Technology 10.2%, Financials 9.7%, Health Care 0.0%
Fill reconciliation: {'filled': 0, 'partial': 0, 'rejected': 1}
Open orders (2): ERIE sell 0.7641, MS sell 43.8344
Risk state: peak $99,703.60 | drawdown 0.67% | today -0.00% | halted: False
Market regime: NEUTRAL (position-size multiplier: 100% incl. circuit breaker 100%)
News: fetched 158, 0 new after dedup, 0 ticker(s) matched.
Quant pre-screen: 41/66 candidates passed.
Gemini proposed 2 trade(s) meeting the conviction bar.
Gemini calls used today (all models combined): 330
Market closed (overnight): queued 12 trade idea(s) for next-morning verification -- nothing submitted yet.
  -> queued COHR buy (conf 85, stop 105.5, tp 128.0)
  -> queued BSX buy (conf None, stop 49.01, tp 52.92)
  -> queued INTU buy (conf 82, stop 352.0, tp 390.0)
  -> queued EXE buy (conf 82, stop 92.66, tp 102.0)
  -> queued EQT buy (conf 81, stop 51.9, tp 57.00000000000001)
  -> queued NWS buy (conf 80, stop 32.26, tp 36.5)
  -> queued DE buy (conf 82, stop 579.5, tp 690.0)
  -> queued DRI buy (conf 85, stop 213.0, tp 235.00000000000003)
  -> queued FDX buy (conf None, stop 317.065, tp 341.42)
  -> queued DASH buy (conf 85, stop 206.73, tp 240.0)
  -> queued MSI buy (conf None, stop 457.185, tp 486.25)
  -> queued CVX buy (conf 85, stop 189.13, tp 214.65)
Dashboard watchlist synced (6 symbols) for news/headlines.
Ending portfolio value: $99,039.83
Trade journal: all: 19 trades, 21% win rate, avg -2.19% | breakout: 1 trades, 0% win rate, avg -8.61% | other: 13 trades, 23% win rate, avg -1.93% | technical: 5 trades, 20% win rate, avg -1.58%
Self-learning: breakout: 1 trades, 0% win rate, avg -8.61% (LOSING) | other: 13 trades, 23% win rate, avg -1.93% (LOSING) | technical: 5 trades, 20% win rate, avg -1.58% (LOSING)
Performance: Total return +0.17% | Max drawdown 0.94% | Daily Sharpe 2.02 | 19 closed trades | Win rate 21% | Avg winner +1.83% | Avg loser -3.26% | Open positions: 4 | Equity $99,039.83
Engine P&L: legacy/unknown: realized $-1,705.68 (19 closed, 21% wins), unrealized $-64.86 (4 open) | Books: legacy: realized $-1,705.68, unrealized $-64.86
Reports: daily realized $+0.00; worst symbols none | weekly realized $-1,705.68; worst symbols HPE:-1286.89; COHR:-471.20; SNDK:-159.07; ANET:-45.31; NOW:-30.35
Shadow report: 2116 shadow candidate(s), 95 rejection group(s)
Timings: account: 0.0s | risk: 0.2s | decide: 2.8s | watchlist: 0.0s | perf: 0.0s

=== Run at 2026-08-22T19:28:26.302767 ===
Build fingerprint: 4f68550affe5
Current time: 2026-08-22 03:28 PM EDT | Market open (per Alpaca): False | Session: CLOSED
Account value: $99,039.83
Cash: $79,250.80 | Holdings (4): {'ERIE': '0.7641 sh (+2.23%)', 'GEHC': '0.6136 sh (+1.25%)', 'MS': '43.8344 sh (-3.06%)', 'MSI': '21.1281 sh (+2.28%)'}
Sector exposure (cached): Technology 10.2%, Financials 9.7%, Health Care 0.0%
Fill reconciliation: {'filled': 0, 'partial': 0, 'rejected': 1}
Open orders (2): ERIE sell 0.7641, MS sell 43.8344
Risk state: peak $99,703.60 | drawdown 0.67% | today -0.00% | halted: False
Market regime: NEUTRAL (position-size multiplier: 100% incl. circuit breaker 100%)
News: fetched 158, 0 new after dedup, 0 ticker(s) matched.
Quant pre-screen: 41/66 candidates passed.
Gemini proposed 2 trade(s) meeting the conviction bar.
Gemini calls used today (all models combined): 331
Market closed (overnight): queued 12 trade idea(s) for next-morning verification -- nothing submitted yet.
  -> queued COHR buy (conf 85, stop 105.5, tp 128.0)
  -> queued BSX buy (conf None, stop 49.01, tp 52.92)
  -> queued INTU buy (conf 82, stop 352.0, tp 390.0)
  -> queued EXE buy (conf 82, stop 92.66, tp 102.0)
  -> queued EQT buy (conf 81, stop 51.9, tp 57.00000000000001)
  -> queued NWS buy (conf 80, stop 32.26, tp 36.5)
  -> queued DE buy (conf 82, stop 579.5, tp 690.0)
  -> queued DRI buy (conf 85, stop 213.0, tp 229.46)
  -> queued FDX buy (conf None, stop 317.065, tp 341.42)
  -> queued DASH buy (conf 85, stop 206.73, tp 240.0)
  -> queued MSI buy (conf None, stop 457.185, tp 486.25)
  -> queued CVX buy (conf 82, stop 189.13, tp 208.91)
Dashboard watchlist synced (6 symbols) for news/headlines.
Ending portfolio value: $99,039.83
Trade journal: all: 19 trades, 21% win rate, avg -2.19% | breakout: 1 trades, 0% win rate, avg -8.61% | other: 13 trades, 23% win rate, avg -1.93% | technical: 5 trades, 20% win rate, avg -1.58%
Self-learning: breakout: 1 trades, 0% win rate, avg -8.61% (LOSING) | other: 13 trades, 23% win rate, avg -1.93% (LOSING) | technical: 5 trades, 20% win rate, avg -1.58% (LOSING)
Performance: Total return +0.17% | Max drawdown 0.94% | Daily Sharpe 2.02 | 19 closed trades | Win rate 21% | Avg winner +1.83% | Avg loser -3.26% | Open positions: 4 | Equity $99,039.83
Engine P&L: legacy/unknown: realized $-1,705.68 (19 closed, 21% wins), unrealized $-64.86 (4 open) | Books: legacy: realized $-1,705.68, unrealized $-64.86
Reports: daily realized $+0.00; worst symbols none | weekly realized $-1,705.68; worst symbols HPE:-1286.89; COHR:-471.20; SNDK:-159.07; ANET:-45.31; NOW:-30.35
Shadow report: 2116 shadow candidate(s), 95 rejection group(s)
Timings: account: 0.0s | risk: 1.0s | decide: 9.0s | watchlist: 0.1s | perf: 0.1s

=== Run at 2026-08-22T19:30:39.555771 ===
Build fingerprint: 4f68550affe5
Current time: 2026-08-22 03:30 PM EDT | Market open (per Alpaca): False | Session: CLOSED
Account value: $99,039.83
Cash: $79,250.80 | Holdings (4): {'ERIE': '0.7641 sh (+2.23%)', 'GEHC': '0.6136 sh (+1.25%)', 'MS': '43.8344 sh (-3.06%)', 'MSI': '21.1281 sh (+2.28%)'}
Sector exposure (cached): Technology 10.2%, Financials 9.7%, Health Care 0.0%
Fill reconciliation: {'filled': 0, 'partial': 0, 'rejected': 1}
Open orders (2): ERIE sell 0.7641, MS sell 43.8344
Risk state: peak $99,703.60 | drawdown 0.67% | today -0.00% | halted: False
Market regime: NEUTRAL (position-size multiplier: 100% incl. circuit breaker 100%)
News: fetched 158, 1 new after dedup, 0 ticker(s) matched.
Quant pre-screen: 41/66 candidates passed.
Technical fallback (Gemini throttled/unavailable) proposed 8 trade(s) meeting the conviction bar.
Technical fallback cap omitted 18 weaker idea(s) this run.
Gemini calls used today (all models combined): 331
Market closed (overnight): queued 12 trade idea(s) for next-morning verification -- nothing submitted yet.
  -> queued COHR buy (conf 85, stop 105.5, tp 128.0)
  -> queued BSX buy (conf None, stop 49.01, tp 52.92)
  -> queued INTU buy (conf 82, stop 352.0, tp 390.0)
  -> queued EXE buy (conf 82, stop 92.66, tp 102.0)
  -> queued EQT buy (conf 81, stop 51.9, tp 57.00000000000001)
  -> queued NWS buy (conf 80, stop 32.26, tp 36.5)
  -> queued DE buy (conf None, stop 579.5, tp 654.135)
  -> queued DRI buy (conf None, stop 212.995, tp 229.46)
  -> queued FDX buy (conf None, stop 317.065, tp 341.42)
  -> queued DASH buy (conf None, stop 206.73, tp 225.9)
  -> queued MSI buy (conf None, stop 457.185, tp 486.25)
  -> queued CVX buy (conf None, stop 189.13, tp 208.91)
Run budget reserve reached -- skipping dashboard watchlist sync.
Run budget reserve reached -- skipping performance snapshot.
Trade journal: all: 19 trades, 21% win rate, avg -2.19% | breakout: 1 trades, 0% win rate, avg -8.61% | other: 13 trades, 23% win rate, avg -1.93% | technical: 5 trades, 20% win rate, avg -1.58%
Self-learning: breakout: 1 trades, 0% win rate, avg -8.61% (LOSING) | other: 13 trades, 23% win rate, avg -1.93% (LOSING) | technical: 5 trades, 20% win rate, avg -1.58% (LOSING)
Performance: Total return +0.17% | Max drawdown 0.94% | Daily Sharpe 2.02 | 19 closed trades | Win rate 21% | Avg winner +1.83% | Avg loser -3.26% | Open positions: 4 | Equity $99,039.83
Engine P&L: legacy/unknown: realized $-1,705.68 (19 closed, 21% wins), unrealized $-64.86 (4 open) | Books: legacy: realized $-1,705.68, unrealized $-64.86
Reports: daily realized $+0.00; worst symbols none | weekly realized $-1,705.68; worst symbols HPE:-1286.89; COHR:-471.20; SNDK:-159.07; ANET:-45.31; NOW:-30.35
Shadow report: 2116 shadow candidate(s), 95 rejection group(s)
Timings: account: 0.0s | risk: 1.2s | decide: 23.3s | watchlist: 0.0s | perf: 0.0s

=== Run at 2026-08-22T19:32:26.309027 ===
Build fingerprint: 4f68550affe5
Current time: 2026-08-22 03:32 PM EDT | Market open (per Alpaca): False | Session: CLOSED
Account value: $99,039.83
Cash: $79,250.80 | Holdings (4): {'ERIE': '0.7641 sh (+2.23%)', 'GEHC': '0.6136 sh (+1.25%)', 'MS': '43.8344 sh (-3.06%)', 'MSI': '21.1281 sh (+2.28%)'}
Sector exposure (cached): Technology 10.2%, Financials 9.7%, Health Care 0.0%
Fill reconciliation: {'filled': 0, 'partial': 0, 'rejected': 1}
Open orders (2): ERIE sell 0.7641, MS sell 43.8344
Risk state: peak $99,703.60 | drawdown 0.67% | today -0.00% | halted: False
Market regime: NEUTRAL (position-size multiplier: 100% incl. circuit breaker 100%)
News: fetched 120, 0 new after dedup, 0 ticker(s) matched.
Quant pre-screen: 41/66 candidates passed.
Technical fallback (Gemini throttled/unavailable) proposed 8 trade(s) meeting the conviction bar.
Technical fallback cap omitted 18 weaker idea(s) this run.
Gemini calls used today (all models combined): 331
Market closed (overnight): queued 12 trade idea(s) for next-morning verification -- nothing submitted yet.
  -> queued COHR buy (conf 85, stop 105.5, tp 128.0)
  -> queued BSX buy (conf None, stop 49.01, tp 52.92)
  -> queued INTU buy (conf 82, stop 352.0, tp 390.0)
  -> queued EXE buy (conf 82, stop 92.66, tp 102.0)
  -> queued EQT buy (conf 81, stop 51.9, tp 57.00000000000001)
  -> queued NWS buy (conf 80, stop 32.26, tp 36.5)
  -> queued DE buy (conf None, stop 579.5, tp 654.135)
  -> queued DRI buy (conf None, stop 212.995, tp 229.46)
  -> queued FDX buy (conf None, stop 317.065, tp 341.42)
  -> queued DASH buy (conf None, stop 206.73, tp 225.9)
  -> queued MSI buy (conf None, stop 457.185, tp 486.25)
  -> queued CVX buy (conf None, stop 189.13, tp 208.91)
Run budget reserve reached -- skipping dashboard watchlist sync.
Run budget reserve reached -- skipping performance snapshot.
Trade journal: all: 19 trades, 21% win rate, avg -2.19% | breakout: 1 trades, 0% win rate, avg -8.61% | other: 13 trades, 23% win rate, avg -1.93% | technical: 5 trades, 20% win rate, avg -1.58%
Self-learning: breakout: 1 trades, 0% win rate, avg -8.61% (LOSING) | other: 13 trades, 23% win rate, avg -1.93% (LOSING) | technical: 5 trades, 20% win rate, avg -1.58% (LOSING)
Performance: Total return +0.17% | Max drawdown 0.94% | Daily Sharpe 2.02 | 19 closed trades | Win rate 21% | Avg winner +1.83% | Avg loser -3.26% | Open positions: 4 | Equity $99,039.83
Engine P&L: legacy/unknown: realized $-1,705.68 (19 closed, 21% wins), unrealized $-64.86 (4 open) | Books: legacy: realized $-1,705.68, unrealized $-64.86
Reports: daily realized $+0.00; worst symbols none | weekly realized $-1,705.68; worst symbols HPE:-1286.89; COHR:-471.20; SNDK:-159.07; ANET:-45.31; NOW:-30.35
Shadow report: 2116 shadow candidate(s), 95 rejection group(s)
Timings: account: 0.0s | risk: 0.4s | decide: 24.6s | watchlist: 0.0s | perf: 0.0s

=== Run at 2026-08-22T19:34:28.486303 ===
Build fingerprint: 4f68550affe5
Current time: 2026-08-22 03:34 PM EDT | Market open (per Alpaca): False | Session: CLOSED
Account value: $99,039.83
Cash: $79,250.80 | Holdings (4): {'ERIE': '0.7641 sh (+2.23%)', 'GEHC': '0.6136 sh (+1.25%)', 'MS': '43.8344 sh (-3.06%)', 'MSI': '21.1281 sh (+2.28%)'}
Sector exposure (cached): Technology 10.2%, Financials 9.7%, Health Care 0.0%
Fill reconciliation: {'filled': 0, 'partial': 0, 'rejected': 1}
Open orders (2): ERIE sell 0.7641, MS sell 43.8344
Risk state: peak $99,703.60 | drawdown 0.67% | today -0.00% | halted: False
Market regime: NEUTRAL (position-size multiplier: 100% incl. circuit breaker 100%)
News: fetched 158, 1 new after dedup, 0 ticker(s) matched.
Quant pre-screen: 41/66 candidates passed.
Gemini proposed 3 trade(s) meeting the conviction bar.
Gemini calls used today (all models combined): 332
Market closed (overnight): queued 12 trade idea(s) for next-morning verification -- nothing submitted yet.
  -> queued COHR buy (conf 85, stop 105.5, tp 128.0)
  -> queued BSX buy (conf None, stop 49.01, tp 52.92)
  -> queued INTU buy (conf 82, stop 352.0, tp 390.0)
  -> queued EXE buy (conf 82, stop 92.66, tp 102.0)
  -> queued EQT buy (conf 81, stop 51.9, tp 57.00000000000001)
  -> queued NWS buy (conf 80, stop 32.26, tp 36.5)
  -> queued DE buy (conf 82, stop 579.5, tp 654.13)
  -> queued DRI buy (conf 85, stop 213.0, tp 229.46)
  -> queued FDX buy (conf None, stop 317.065, tp 341.42)
  -> queued DASH buy (conf 78, stop 206.73, tp 225.9)
  -> queued MSI buy (conf None, stop 457.185, tp 486.25)
  -> queued CVX buy (conf None, stop 189.13, tp 208.91)
Dashboard watchlist synced (7 symbols) for news/headlines.
Ending portfolio value: $99,039.83
Trade journal: all: 19 trades, 21% win rate, avg -2.19% | breakout: 1 trades, 0% win rate, avg -8.61% | other: 13 trades, 23% win rate, avg -1.93% | technical: 5 trades, 20% win rate, avg -1.58%
Self-learning: breakout: 1 trades, 0% win rate, avg -8.61% (LOSING) | other: 13 trades, 23% win rate, avg -1.93% (LOSING) | technical: 5 trades, 20% win rate, avg -1.58% (LOSING)
Performance: Total return +0.17% | Max drawdown 0.94% | Daily Sharpe 2.02 | 19 closed trades | Win rate 21% | Avg winner +1.83% | Avg loser -3.26% | Open positions: 4 | Equity $99,039.83
Engine P&L: legacy/unknown: realized $-1,705.68 (19 closed, 21% wins), unrealized $-64.86 (4 open) | Books: legacy: realized $-1,705.68, unrealized $-64.86
Reports: daily realized $+0.00; worst symbols none | weekly realized $-1,705.68; worst symbols HPE:-1286.89; COHR:-471.20; SNDK:-159.07; ANET:-45.31; NOW:-30.35
Shadow report: 2116 shadow candidate(s), 95 rejection group(s)
Timings: account: 0.0s | risk: 1.6s | decide: 7.0s | watchlist: 0.1s | perf: 0.2s

=== Run at 2026-08-22T19:36:23.884213 ===
Build fingerprint: 4f68550affe5
Current time: 2026-08-22 03:36 PM EDT | Market open (per Alpaca): False | Session: CLOSED
Account value: $99,039.83
Cash: $79,250.80 | Holdings (4): {'ERIE': '0.7641 sh (+2.23%)', 'GEHC': '0.6136 sh (+1.25%)', 'MS': '43.8344 sh (-3.06%)', 'MSI': '21.1281 sh (+2.28%)'}
Sector exposure (cached): Technology 10.2%, Financials 9.7%, Health Care 0.0%
Fill reconciliation: {'filled': 0, 'partial': 0, 'rejected': 1}
Open orders (2): ERIE sell 0.7641, MS sell 43.8344
Risk state: peak $99,703.60 | drawdown 0.67% | today -0.00% | halted: False
Market regime: NEUTRAL (position-size multiplier: 100% incl. circuit breaker 100%)
News: fetched 158, 1 new after dedup, 0 ticker(s) matched.
Quant pre-screen: 41/66 candidates passed.
Gemini proposed 3 trade(s) meeting the conviction bar.
Gemini calls used today (all models combined): 333
Market closed (overnight): queued 12 trade idea(s) for next-morning verification -- nothing submitted yet.
  -> queued COHR buy (conf 85, stop 105.5, tp 128.0)
  -> queued BSX buy (conf None, stop 49.01, tp 52.92)
  -> queued INTU buy (conf 82, stop 352.0, tp 390.0)
  -> queued EXE buy (conf 82, stop 92.66, tp 102.0)
  -> queued EQT buy (conf 81, stop 51.9, tp 57.00000000000001)
  -> queued NWS buy (conf 80, stop 32.26, tp 36.5)
  -> queued DE buy (conf 85, stop 608.265, tp 725.48)
  -> queued DRI buy (conf 88, stop 213.0, tp 235.00000000000003)
  -> queued FDX buy (conf None, stop 317.065, tp 341.42)
  -> queued DASH buy (conf 82, stop 208.265, tp 254.8)
  -> queued MSI buy (conf None, stop 457.185, tp 486.25)
  -> queued CVX buy (conf None, stop 189.13, tp 208.91)
Dashboard watchlist synced (7 symbols) for news/headlines.
Ending portfolio value: $99,039.83
Trade journal: all: 19 trades, 21% win rate, avg -2.19% | breakout: 1 trades, 0% win rate, avg -8.61% | other: 13 trades, 23% win rate, avg -1.93% | technical: 5 trades, 20% win rate, avg -1.58%
Self-learning: breakout: 1 trades, 0% win rate, avg -8.61% (LOSING) | other: 13 trades, 23% win rate, avg -1.93% (LOSING) | technical: 5 trades, 20% win rate, avg -1.58% (LOSING)
Performance: Total return +0.17% | Max drawdown 0.94% | Daily Sharpe 2.02 | 19 closed trades | Win rate 21% | Avg winner +1.83% | Avg loser -3.26% | Open positions: 4 | Equity $99,039.83
Engine P&L: legacy/unknown: realized $-1,705.68 (19 closed, 21% wins), unrealized $-64.86 (4 open) | Books: legacy: realized $-1,705.68, unrealized $-64.86
Reports: daily realized $+0.00; worst symbols none | weekly realized $-1,705.68; worst symbols HPE:-1286.89; COHR:-471.20; SNDK:-159.07; ANET:-45.31; NOW:-30.35
Shadow report: 2116 shadow candidate(s), 95 rejection group(s)
Timings: account: 0.0s | risk: 0.3s | decide: 3.0s | watchlist: 0.0s | perf: 0.0s

=== Run at 2026-08-22T19:38:25.232659 ===
Build fingerprint: 4f68550affe5
Current time: 2026-08-22 03:38 PM EDT | Market open (per Alpaca): False | Session: CLOSED
Account value: $99,039.83
Cash: $79,250.80 | Holdings (4): {'ERIE': '0.7641 sh (+2.23%)', 'GEHC': '0.6136 sh (+1.25%)', 'MS': '43.8344 sh (-3.06%)', 'MSI': '21.1281 sh (+2.28%)'}
Sector exposure (cached): Technology 10.2%, Financials 9.7%, Health Care 0.0%
Fill reconciliation: {'filled': 0, 'partial': 0, 'rejected': 1}
Open orders (2): ERIE sell 0.7641, MS sell 43.8344
Risk state: peak $99,703.60 | drawdown 0.67% | today -0.00% | halted: False
Market regime: NEUTRAL (position-size multiplier: 100% incl. circuit breaker 100%)
News: fetched 158, 0 new after dedup, 0 ticker(s) matched.
Quant pre-screen: 41/66 candidates passed.
Gemini proposed 3 trade(s) meeting the conviction bar.
Gemini calls used today (all models combined): 334
Market closed (overnight): queued 12 trade idea(s) for next-morning verification -- nothing submitted yet.
  -> queued COHR buy (conf 85, stop 105.5, tp 128.0)
  -> queued BSX buy (conf None, stop 49.01, tp 52.92)
  -> queued INTU buy (conf 82, stop 352.0, tp 390.0)
  -> queued EXE buy (conf 82, stop 92.66, tp 102.0)
  -> queued EQT buy (conf 81, stop 51.9, tp 57.00000000000001)
  -> queued NWS buy (conf 80, stop 32.26, tp 36.5)
  -> queued DE buy (conf 85, stop 579.5, tp 673.87)
  -> queued DRI buy (conf 88, stop 213.0, tp 229.46)
  -> queued FDX buy (conf None, stop 317.065, tp 341.42)
  -> queued DASH buy (conf 82, stop 206.73, tp 284.95)
  -> queued MSI buy (conf None, stop 457.185, tp 486.25)
  -> queued CVX buy (conf None, stop 189.13, tp 208.91)
Dashboard watchlist synced (7 symbols) for news/headlines.
Ending portfolio value: $99,039.83
Trade journal: all: 19 trades, 21% win rate, avg -2.19% | breakout: 1 trades, 0% win rate, avg -8.61% | other: 13 trades, 23% win rate, avg -1.93% | technical: 5 trades, 20% win rate, avg -1.58%
Self-learning: breakout: 1 trades, 0% win rate, avg -8.61% (LOSING) | other: 13 trades, 23% win rate, avg -1.93% (LOSING) | technical: 5 trades, 20% win rate, avg -1.58% (LOSING)
Performance: Total return +0.17% | Max drawdown 0.94% | Daily Sharpe 2.02 | 19 closed trades | Win rate 21% | Avg winner +1.83% | Avg loser -3.26% | Open positions: 4 | Equity $99,039.83
Engine P&L: legacy/unknown: realized $-1,705.68 (19 closed, 21% wins), unrealized $-64.86 (4 open) | Books: legacy: realized $-1,705.68, unrealized $-64.86
Reports: daily realized $+0.00; worst symbols none | weekly realized $-1,705.68; worst symbols HPE:-1286.89; COHR:-471.20; SNDK:-159.07; ANET:-45.31; NOW:-30.35
Shadow report: 2116 shadow candidate(s), 95 rejection group(s)
Timings: account: 0.0s | risk: 0.5s | decide: 3.4s | watchlist: 0.0s | perf: 0.0s

=== Run at 2026-08-22T19:40:28.561661 ===
Build fingerprint: 4f68550affe5
Current time: 2026-08-22 03:40 PM EDT | Market open (per Alpaca): False | Session: CLOSED
Account value: $99,039.83
Cash: $79,250.80 | Holdings (4): {'ERIE': '0.7641 sh (+2.23%)', 'GEHC': '0.6136 sh (+1.25%)', 'MS': '43.8344 sh (-3.06%)', 'MSI': '21.1281 sh (+2.28%)'}
Sector exposure (cached): Technology 10.2%, Financials 9.7%, Health Care 0.0%
Fill reconciliation: {'filled': 0, 'partial': 0, 'rejected': 1}
Open orders (2): ERIE sell 0.7641, MS sell 43.8344
Risk state: peak $99,703.60 | drawdown 0.67% | today -0.00% | halted: False
Market regime: NEUTRAL (position-size multiplier: 100% incl. circuit breaker 100%)
News: fetched 158, 1 new after dedup, 2 ticker(s) matched.
Quant pre-screen: 19/32 candidates passed.
Gemini proposed 2 trade(s) meeting the conviction bar.
Gemini calls used today (all models combined): 335
Market closed (overnight): queued 12 trade idea(s) for next-morning verification -- nothing submitted yet.
  -> queued COHR buy (conf 85, stop 105.5, tp 128.0)
  -> queued BSX buy (conf None, stop 49.01, tp 52.92)
  -> queued INTU buy (conf 82, stop 352.0, tp 390.0)
  -> queued EXE buy (conf 82, stop 92.66, tp 102.0)
  -> queued EQT buy (conf 81, stop 51.9, tp 57.00000000000001)
  -> queued NWS buy (conf 80, stop 32.26, tp 36.5)
  -> queued DE buy (conf 90, stop 579.5, tp 673.87)
  -> queued DRI buy (conf 92, stop 213.0, tp 229.46000000000004)
  -> queued FDX buy (conf None, stop 317.065, tp 341.42)
  -> queued DASH buy (conf 82, stop 206.73, tp 284.95)
  -> queued MSI buy (conf None, stop 457.185, tp 486.25)
  -> queued CVX buy (conf None, stop 189.13, tp 208.91)
Dashboard watchlist synced (8 symbols) for news/headlines.
Ending portfolio value: $99,039.83
Trade journal: all: 19 trades, 21% win rate, avg -2.19% | breakout: 1 trades, 0% win rate, avg -8.61% | other: 13 trades, 23% win rate, avg -1.93% | technical: 5 trades, 20% win rate, avg -1.58%
Self-learning: breakout: 1 trades, 0% win rate, avg -8.61% (LOSING) | other: 13 trades, 23% win rate, avg -1.93% (LOSING) | technical: 5 trades, 20% win rate, avg -1.58% (LOSING)
Performance: Total return +0.17% | Max drawdown 0.94% | Daily Sharpe 2.02 | 19 closed trades | Win rate 21% | Avg winner +1.83% | Avg loser -3.26% | Open positions: 4 | Equity $99,039.83
Engine P&L: legacy/unknown: realized $-1,705.68 (19 closed, 21% wins), unrealized $-64.86 (4 open) | Books: legacy: realized $-1,705.68, unrealized $-64.86
Reports: daily realized $+0.00; worst symbols none | weekly realized $-1,705.68; worst symbols HPE:-1286.89; COHR:-471.20; SNDK:-159.07; ANET:-45.31; NOW:-30.35
Shadow report: 2116 shadow candidate(s), 95 rejection group(s)
Timings: account: 0.0s | risk: 0.4s | decide: 5.4s | watchlist: 0.1s | perf: 0.1s

=== Run at 2026-08-22T19:42:23.814332 ===
Build fingerprint: 4f68550affe5
Current time: 2026-08-22 03:42 PM EDT | Market open (per Alpaca): False | Session: CLOSED
Account value: $99,039.83
Cash: $79,250.80 | Holdings (4): {'ERIE': '0.7641 sh (+2.23%)', 'GEHC': '0.6136 sh (+1.25%)', 'MS': '43.8344 sh (-3.06%)', 'MSI': '21.1281 sh (+2.28%)'}
Sector exposure (cached): Technology 10.2%, Financials 9.7%, Health Care 0.0%
Fill reconciliation: {'filled': 0, 'partial': 0, 'rejected': 1}
Open orders (2): ERIE sell 0.7641, MS sell 43.8344
Risk state: peak $99,703.60 | drawdown 0.67% | today -0.00% | halted: False
Market regime: NEUTRAL (position-size multiplier: 100% incl. circuit breaker 100%)
News: fetched 158, 0 new after dedup, 0 ticker(s) matched.
Quant pre-screen: 41/66 candidates passed.
Gemini proposed 2 trade(s) meeting the conviction bar.
Gemini calls used today (all models combined): 336
Market closed (overnight): queued 12 trade idea(s) for next-morning verification -- nothing submitted yet.
  -> queued COHR buy (conf 85, stop 105.5, tp 128.0)
  -> queued BSX buy (conf None, stop 49.01, tp 52.92)
  -> queued INTU buy (conf 82, stop 352.0, tp 390.0)
  -> queued EXE buy (conf 82, stop 92.66, tp 102.0)
  -> queued EQT buy (conf 81, stop 51.9, tp 57.00000000000001)
  -> queued NWS buy (conf 80, stop 32.26, tp 36.5)
  -> queued DE buy (conf 85, stop 579.5, tp 673.87)
  -> queued DRI buy (conf 88, stop 213.0, tp 229.46)
  -> queued FDX buy (conf None, stop 317.065, tp 341.42)
  -> queued DASH buy (conf 82, stop 206.73, tp 284.95)
  -> queued MSI buy (conf None, stop 457.185, tp 486.25)
  -> queued CVX buy (conf None, stop 189.13, tp 208.91)
Dashboard watchlist synced (6 symbols) for news/headlines.
Ending portfolio value: $99,039.83
Trade journal: all: 19 trades, 21% win rate, avg -2.19% | breakout: 1 trades, 0% win rate, avg -8.61% | other: 13 trades, 23% win rate, avg -1.93% | technical: 5 trades, 20% win rate, avg -1.58%
Self-learning: breakout: 1 trades, 0% win rate, avg -8.61% (LOSING) | other: 13 trades, 23% win rate, avg -1.93% (LOSING) | technical: 5 trades, 20% win rate, avg -1.58% (LOSING)
Performance: Total return +0.17% | Max drawdown 0.94% | Daily Sharpe 2.02 | 19 closed trades | Win rate 21% | Avg winner +1.83% | Avg loser -3.26% | Open positions: 4 | Equity $99,039.83
Engine P&L: legacy/unknown: realized $-1,705.68 (19 closed, 21% wins), unrealized $-64.86 (4 open) | Books: legacy: realized $-1,705.68, unrealized $-64.86
Reports: daily realized $+0.00; worst symbols none | weekly realized $-1,705.68; worst symbols HPE:-1286.89; COHR:-471.20; SNDK:-159.07; ANET:-45.31; NOW:-30.35
Shadow report: 2116 shadow candidate(s), 95 rejection group(s)
Timings: account: 0.0s | risk: 0.2s | decide: 2.8s | watchlist: 0.0s | perf: 0.0s

=== Run at 2026-08-22T19:44:27.885778 ===
Build fingerprint: 4f68550affe5
Current time: 2026-08-22 03:44 PM EDT | Market open (per Alpaca): False | Session: CLOSED
Account value: $99,039.83
Cash: $79,250.80 | Holdings (4): {'ERIE': '0.7641 sh (+2.23%)', 'GEHC': '0.6136 sh (+1.25%)', 'MS': '43.8344 sh (-3.06%)', 'MSI': '21.1281 sh (+2.28%)'}
Sector exposure (cached): Technology 10.2%, Financials 9.7%, Health Care 0.0%
Fill reconciliation: {'filled': 0, 'partial': 0, 'rejected': 1}
Open orders (2): ERIE sell 0.7641, MS sell 43.8344
Risk state: peak $99,703.60 | drawdown 0.67% | today -0.00% | halted: False
Market regime: NEUTRAL (position-size multiplier: 100% incl. circuit breaker 100%)
News: fetched 158, 0 new after dedup, 0 ticker(s) matched.
Quant pre-screen: 41/66 candidates passed.
Technical fallback (Gemini throttled/unavailable) proposed 8 trade(s) meeting the conviction bar.
Technical fallback cap omitted 18 weaker idea(s) this run.
Gemini calls used today (all models combined): 336
Market closed (overnight): queued 12 trade idea(s) for next-morning verification -- nothing submitted yet.
  -> queued COHR buy (conf 85, stop 105.5, tp 128.0)
  -> queued BSX buy (conf None, stop 49.01, tp 52.92)
  -> queued INTU buy (conf 82, stop 352.0, tp 390.0)
  -> queued EXE buy (conf 82, stop 92.66, tp 102.0)
  -> queued EQT buy (conf 81, stop 51.9, tp 57.00000000000001)
  -> queued NWS buy (conf 80, stop 32.26, tp 36.5)
  -> queued DE buy (conf None, stop 579.5, tp 654.135)
  -> queued DRI buy (conf None, stop 212.995, tp 229.46)
  -> queued FDX buy (conf None, stop 317.065, tp 341.42)
  -> queued DASH buy (conf None, stop 206.73, tp 225.9)
  -> queued MSI buy (conf None, stop 457.185, tp 486.25)
  -> queued CVX buy (conf None, stop 189.13, tp 208.91)
Run budget reserve reached -- skipping dashboard watchlist sync.
Run budget reserve reached -- skipping performance snapshot.
Trade journal: all: 19 trades, 21% win rate, avg -2.19% | breakout: 1 trades, 0% win rate, avg -8.61% | other: 13 trades, 23% win rate, avg -1.93% | technical: 5 trades, 20% win rate, avg -1.58%
Self-learning: breakout: 1 trades, 0% win rate, avg -8.61% (LOSING) | other: 13 trades, 23% win rate, avg -1.93% (LOSING) | technical: 5 trades, 20% win rate, avg -1.58% (LOSING)
Performance: Total return +0.17% | Max drawdown 0.94% | Daily Sharpe 2.02 | 19 closed trades | Win rate 21% | Avg winner +1.83% | Avg loser -3.26% | Open positions: 4 | Equity $99,039.83
Engine P&L: legacy/unknown: realized $-1,705.68 (19 closed, 21% wins), unrealized $-64.86 (4 open) | Books: legacy: realized $-1,705.68, unrealized $-64.86
Reports: daily realized $+0.00; worst symbols none | weekly realized $-1,705.68; worst symbols HPE:-1286.89; COHR:-471.20; SNDK:-159.07; ANET:-45.31; NOW:-30.35
Shadow report: 2116 shadow candidate(s), 95 rejection group(s)
Timings: account: 0.0s | risk: 1.0s | decide: 23.2s | watchlist: 0.0s | perf: 0.0s

=== Run at 2026-08-22T19:46:22.798826 ===
Build fingerprint: 4f68550affe5
Current time: 2026-08-22 03:46 PM EDT | Market open (per Alpaca): False | Session: CLOSED
Account value: $99,039.83
Cash: $79,250.80 | Holdings (4): {'ERIE': '0.7641 sh (+2.23%)', 'GEHC': '0.6136 sh (+1.25%)', 'MS': '43.8344 sh (-3.06%)', 'MSI': '21.1281 sh (+2.28%)'}
Sector exposure (cached): Technology 10.2%, Financials 9.7%, Health Care 0.0%
Fill reconciliation: {'filled': 0, 'partial': 0, 'rejected': 1}
Open orders (2): ERIE sell 0.7641, MS sell 43.8344
Risk state: peak $99,703.60 | drawdown 0.67% | today -0.00% | halted: False
Market regime: NEUTRAL (position-size multiplier: 100% incl. circuit breaker 100%)
News: fetched 158, 0 new after dedup, 0 ticker(s) matched.
Quant pre-screen: 41/66 candidates passed.
Gemini proposed 3 trade(s) meeting the conviction bar.
Gemini calls used today (all models combined): 337
Market closed (overnight): queued 12 trade idea(s) for next-morning verification -- nothing submitted yet.
  -> queued COHR buy (conf 85, stop 105.5, tp 128.0)
  -> queued BSX buy (conf None, stop 49.01, tp 52.92)
  -> queued INTU buy (conf 82, stop 352.0, tp 390.0)
  -> queued EXE buy (conf 82, stop 92.66, tp 102.0)
  -> queued EQT buy (conf 81, stop 51.9, tp 57.00000000000001)
  -> queued NWS buy (conf 80, stop 32.26, tp 36.5)
  -> queued DE buy (conf 85, stop 579.5, tp 673.87)
  -> queued DRI buy (conf 88, stop 213.0, tp 229.46)
  -> queued FDX buy (conf None, stop 317.065, tp 341.42)
  -> queued DASH buy (conf 82, stop 206.73, tp 235.0)
  -> queued MSI buy (conf None, stop 457.185, tp 486.25)
  -> queued CVX buy (conf None, stop 189.13, tp 208.91)
Dashboard watchlist synced (7 symbols) for news/headlines.
Ending portfolio value: $99,039.83
Trade journal: all: 19 trades, 21% win rate, avg -2.19% | breakout: 1 trades, 0% win rate, avg -8.61% | other: 13 trades, 23% win rate, avg -1.93% | technical: 5 trades, 20% win rate, avg -1.58%
Self-learning: breakout: 1 trades, 0% win rate, avg -8.61% (LOSING) | other: 13 trades, 23% win rate, avg -1.93% (LOSING) | technical: 5 trades, 20% win rate, avg -1.58% (LOSING)
Performance: Total return +0.17% | Max drawdown 0.94% | Daily Sharpe 2.02 | 19 closed trades | Win rate 21% | Avg winner +1.83% | Avg loser -3.26% | Open positions: 4 | Equity $99,039.83
Engine P&L: legacy/unknown: realized $-1,705.68 (19 closed, 21% wins), unrealized $-64.86 (4 open) | Books: legacy: realized $-1,705.68, unrealized $-64.86
Reports: daily realized $+0.00; worst symbols none | weekly realized $-1,705.68; worst symbols HPE:-1286.89; COHR:-471.20; SNDK:-159.07; ANET:-45.31; NOW:-30.35
Shadow report: 2116 shadow candidate(s), 95 rejection group(s)
Timings: account: 0.0s | risk: 0.2s | decide: 15.7s | watchlist: 0.0s | perf: 0.0s

=== Run at 2026-08-22T19:48:25.532544 ===
Build fingerprint: 4f68550affe5
Current time: 2026-08-22 03:48 PM EDT | Market open (per Alpaca): False | Session: CLOSED
Account value: $99,039.83
Cash: $79,250.80 | Holdings (4): {'ERIE': '0.7641 sh (+2.23%)', 'GEHC': '0.6136 sh (+1.25%)', 'MS': '43.8344 sh (-3.06%)', 'MSI': '21.1281 sh (+2.28%)'}
Sector exposure (cached): Technology 10.2%, Financials 9.7%, Health Care 0.0%
Fill reconciliation: {'filled': 0, 'partial': 0, 'rejected': 1}
Open orders (2): ERIE sell 0.7641, MS sell 43.8344
Risk state: peak $99,703.60 | drawdown 0.67% | today -0.00% | halted: False
Market regime: NEUTRAL (position-size multiplier: 100% incl. circuit breaker 100%)
News: fetched 158, 0 new after dedup, 0 ticker(s) matched.
Quant pre-screen: 41/66 candidates passed.
Technical fallback (Gemini throttled/unavailable) proposed 8 trade(s) meeting the conviction bar.
Technical fallback cap omitted 18 weaker idea(s) this run.
Gemini calls used today (all models combined): 337
Market closed (overnight): queued 12 trade idea(s) for next-morning verification -- nothing submitted yet.
  -> queued COHR buy (conf 85, stop 105.5, tp 128.0)
  -> queued BSX buy (conf None, stop 49.01, tp 52.92)
  -> queued INTU buy (conf 82, stop 352.0, tp 390.0)
  -> queued EXE buy (conf 82, stop 92.66, tp 102.0)
  -> queued EQT buy (conf 81, stop 51.9, tp 57.00000000000001)
  -> queued NWS buy (conf 80, stop 32.26, tp 36.5)
  -> queued DE buy (conf None, stop 579.5, tp 654.135)
  -> queued DRI buy (conf None, stop 212.995, tp 229.46)
  -> queued FDX buy (conf None, stop 317.065, tp 341.42)
  -> queued DASH buy (conf None, stop 206.73, tp 225.9)
  -> queued MSI buy (conf None, stop 457.185, tp 486.25)
  -> queued CVX buy (conf None, stop 189.13, tp 208.91)
Dashboard watchlist synced (11 symbols) for news/headlines.
Ending portfolio value: $99,039.83
Trade journal: all: 19 trades, 21% win rate, avg -2.19% | breakout: 1 trades, 0% win rate, avg -8.61% | other: 13 trades, 23% win rate, avg -1.93% | technical: 5 trades, 20% win rate, avg -1.58%
Self-learning: breakout: 1 trades, 0% win rate, avg -8.61% (LOSING) | other: 13 trades, 23% win rate, avg -1.93% (LOSING) | technical: 5 trades, 20% win rate, avg -1.58% (LOSING)
Performance: Total return +0.17% | Max drawdown 0.94% | Daily Sharpe 2.02 | 19 closed trades | Win rate 21% | Avg winner +1.83% | Avg loser -3.26% | Open positions: 4 | Equity $99,039.83
Engine P&L: legacy/unknown: realized $-1,705.68 (19 closed, 21% wins), unrealized $-64.86 (4 open) | Books: legacy: realized $-1,705.68, unrealized $-64.86
Reports: daily realized $+0.00; worst symbols none | weekly realized $-1,705.68; worst symbols HPE:-1286.89; COHR:-471.20; SNDK:-159.07; ANET:-45.31; NOW:-30.35
Shadow report: 2116 shadow candidate(s), 95 rejection group(s)
Timings: account: 0.0s | risk: 0.5s | decide: 21.7s | watchlist: 0.0s | perf: 0.0s

=== Run at 2026-08-22T19:50:30.478483 ===
Build fingerprint: 4f68550affe5
Current time: 2026-08-22 03:50 PM EDT | Market open (per Alpaca): False | Session: CLOSED
Account value: $99,039.83
Cash: $79,250.80 | Holdings (4): {'ERIE': '0.7641 sh (+2.23%)', 'GEHC': '0.6136 sh (+1.25%)', 'MS': '43.8344 sh (-3.06%)', 'MSI': '21.1281 sh (+2.28%)'}
Sector exposure (cached): Technology 10.2%, Financials 9.7%, Health Care 0.0%
Fill reconciliation: {'filled': 0, 'partial': 0, 'rejected': 1}
Open orders (2): ERIE sell 0.7641, MS sell 43.8344
Risk state: peak $99,703.60 | drawdown 0.67% | today -0.00% | halted: False
Market regime: NEUTRAL (position-size multiplier: 100% incl. circuit breaker 100%)
News: fetched 158, 1 new after dedup, 0 ticker(s) matched.
Quant pre-screen: 41/66 candidates passed.
Technical fallback (Gemini throttled/unavailable) proposed 8 trade(s) meeting the conviction bar.
Technical fallback cap omitted 18 weaker idea(s) this run.
Gemini calls used today (all models combined): 337
Market closed (overnight): queued 12 trade idea(s) for next-morning verification -- nothing submitted yet.
  -> queued COHR buy (conf 85, stop 105.5, tp 128.0)
  -> queued BSX buy (conf None, stop 49.01, tp 52.92)
  -> queued INTU buy (conf 82, stop 352.0, tp 390.0)
  -> queued EXE buy (conf 82, stop 92.66, tp 102.0)
  -> queued EQT buy (conf 81, stop 51.9, tp 57.00000000000001)
  -> queued NWS buy (conf 80, stop 32.26, tp 36.5)
  -> queued DE buy (conf None, stop 579.5, tp 654.135)
  -> queued DRI buy (conf None, stop 212.995, tp 229.46)
  -> queued FDX buy (conf None, stop 317.065, tp 341.42)
  -> queued DASH buy (conf None, stop 206.73, tp 225.9)
  -> queued MSI buy (conf None, stop 457.185, tp 486.25)
  -> queued CVX buy (conf None, stop 189.13, tp 208.91)
Run budget reserve reached -- skipping dashboard watchlist sync.
Run budget reserve reached -- skipping performance snapshot.
Trade journal: all: 19 trades, 21% win rate, avg -2.19% | breakout: 1 trades, 0% win rate, avg -8.61% | other: 13 trades, 23% win rate, avg -1.93% | technical: 5 trades, 20% win rate, avg -1.58%
Self-learning: breakout: 1 trades, 0% win rate, avg -8.61% (LOSING) | other: 13 trades, 23% win rate, avg -1.93% (LOSING) | technical: 5 trades, 20% win rate, avg -1.58% (LOSING)
Performance: Total return +0.17% | Max drawdown 0.94% | Daily Sharpe 2.02 | 19 closed trades | Win rate 21% | Avg winner +1.83% | Avg loser -3.26% | Open positions: 4 | Equity $99,039.83
Engine P&L: legacy/unknown: realized $-1,705.68 (19 closed, 21% wins), unrealized $-64.86 (4 open) | Books: legacy: realized $-1,705.68, unrealized $-64.86
Reports: daily realized $+0.00; worst symbols none | weekly realized $-1,705.68; worst symbols HPE:-1286.89; COHR:-471.20; SNDK:-159.07; ANET:-45.31; NOW:-30.35
Shadow report: 2116 shadow candidate(s), 95 rejection group(s)
Timings: account: 0.0s | risk: 1.2s | decide: 23.4s | watchlist: 0.0s | perf: 0.0s

=== Run at 2026-08-22T19:52:22.305580 ===
Build fingerprint: 4f68550affe5
Current time: 2026-08-22 03:52 PM EDT | Market open (per Alpaca): False | Session: CLOSED
Account value: $99,039.83
Cash: $79,250.80 | Holdings (4): {'ERIE': '0.7641 sh (+2.23%)', 'GEHC': '0.6136 sh (+1.25%)', 'MS': '43.8344 sh (-3.06%)', 'MSI': '21.1281 sh (+2.28%)'}
Sector exposure (cached): Technology 10.2%, Financials 9.7%, Health Care 0.0%
Fill reconciliation: {'filled': 0, 'partial': 0, 'rejected': 1}
Open orders (2): ERIE sell 0.7641, MS sell 43.8344
Risk state: peak $99,703.60 | drawdown 0.67% | today -0.00% | halted: False
Market regime: NEUTRAL (position-size multiplier: 100% incl. circuit breaker 100%)
News: fetched 158, 0 new after dedup, 0 ticker(s) matched.
Quant pre-screen: 41/66 candidates passed.
Gemini proposed 3 trade(s) meeting the conviction bar.
Gemini calls used today (all models combined): 338
Market closed (overnight): queued 12 trade idea(s) for next-morning verification -- nothing submitted yet.
  -> queued COHR buy (conf 85, stop 105.5, tp 128.0)
  -> queued BSX buy (conf None, stop 49.01, tp 52.92)
  -> queued INTU buy (conf 82, stop 352.0, tp 390.0)
  -> queued EXE buy (conf 82, stop 92.66, tp 102.0)
  -> queued EQT buy (conf 81, stop 51.9, tp 57.00000000000001)
  -> queued NWS buy (conf 80, stop 32.26, tp 36.5)
  -> queued DE buy (conf 85, stop 579.5, tp 665.0)
  -> queued DRI buy (conf 82, stop 213.0, tp 235.0)
  -> queued FDX buy (conf None, stop 317.065, tp 341.42)
  -> queued DASH buy (conf None, stop 206.73, tp 225.9)
  -> queued MSI buy (conf None, stop 457.185, tp 486.25)
  -> queued CVX buy (conf 80, stop 189.13, tp 215.0)
Dashboard watchlist synced (7 symbols) for news/headlines.
Ending portfolio value: $99,039.83
Trade journal: all: 19 trades, 21% win rate, avg -2.19% | breakout: 1 trades, 0% win rate, avg -8.61% | other: 13 trades, 23% win rate, avg -1.93% | technical: 5 trades, 20% win rate, avg -1.58%
Self-learning: breakout: 1 trades, 0% win rate, avg -8.61% (LOSING) | other: 13 trades, 23% win rate, avg -1.93% (LOSING) | technical: 5 trades, 20% win rate, avg -1.58% (LOSING)
Performance: Total return +0.17% | Max drawdown 0.94% | Daily Sharpe 2.02 | 19 closed trades | Win rate 21% | Avg winner +1.83% | Avg loser -3.26% | Open positions: 4 | Equity $99,039.83
Engine P&L: legacy/unknown: realized $-1,705.68 (19 closed, 21% wins), unrealized $-64.86 (4 open) | Books: legacy: realized $-1,705.68, unrealized $-64.86
Reports: daily realized $+0.00; worst symbols none | weekly realized $-1,705.68; worst symbols HPE:-1286.89; COHR:-471.20; SNDK:-159.07; ANET:-45.31; NOW:-30.35
Shadow report: 2116 shadow candidate(s), 95 rejection group(s)
Timings: account: 0.0s | risk: 0.2s | decide: 3.0s | watchlist: 0.0s | perf: 0.0s

=== Run at 2026-08-22T19:54:26.668226 ===
Build fingerprint: 4f68550affe5
Current time: 2026-08-22 03:54 PM EDT | Market open (per Alpaca): False | Session: CLOSED
Account value: $99,039.83
Cash: $79,250.80 | Holdings (4): {'ERIE': '0.7641 sh (+2.23%)', 'GEHC': '0.6136 sh (+1.25%)', 'MS': '43.8344 sh (-3.06%)', 'MSI': '21.1281 sh (+2.28%)'}
Sector exposure (cached): Technology 10.2%, Financials 9.7%, Health Care 0.0%
Fill reconciliation: {'filled': 0, 'partial': 0, 'rejected': 1}
Open orders (2): ERIE sell 0.7641, MS sell 43.8344
Risk state: peak $99,703.60 | drawdown 0.67% | today -0.00% | halted: False
Market regime: NEUTRAL (position-size multiplier: 100% incl. circuit breaker 100%)
News: fetched 158, 1 new after dedup, 0 ticker(s) matched.
Quant pre-screen: 41/66 candidates passed.
Technical fallback (Gemini throttled/unavailable) proposed 8 trade(s) meeting the conviction bar.
Technical fallback cap omitted 18 weaker idea(s) this run.
Gemini calls used today (all models combined): 338
Market closed (overnight): queued 12 trade idea(s) for next-morning verification -- nothing submitted yet.
  -> queued COHR buy (conf 85, stop 105.5, tp 128.0)
  -> queued BSX buy (conf None, stop 49.01, tp 52.92)
  -> queued INTU buy (conf 82, stop 352.0, tp 390.0)
  -> queued EXE buy (conf 82, stop 92.66, tp 102.0)
  -> queued EQT buy (conf 81, stop 51.9, tp 57.00000000000001)
  -> queued NWS buy (conf 80, stop 32.26, tp 36.5)
  -> queued DE buy (conf None, stop 579.5, tp 654.135)
  -> queued DRI buy (conf None, stop 212.995, tp 229.46)
  -> queued FDX buy (conf None, stop 317.065, tp 341.42)
  -> queued DASH buy (conf None, stop 206.73, tp 225.9)
  -> queued MSI buy (conf None, stop 457.185, tp 486.25)
  -> queued CVX buy (conf None, stop 189.13, tp 208.91)
Run budget reserve reached -- skipping dashboard watchlist sync.
Run budget reserve reached -- skipping performance snapshot.
Trade journal: all: 19 trades, 21% win rate, avg -2.19% | breakout: 1 trades, 0% win rate, avg -8.61% | other: 13 trades, 23% win rate, avg -1.93% | technical: 5 trades, 20% win rate, avg -1.58%
Self-learning: breakout: 1 trades, 0% win rate, avg -8.61% (LOSING) | other: 13 trades, 23% win rate, avg -1.93% (LOSING) | technical: 5 trades, 20% win rate, avg -1.58% (LOSING)
Performance: Total return +0.17% | Max drawdown 0.94% | Daily Sharpe 2.02 | 19 closed trades | Win rate 21% | Avg winner +1.83% | Avg loser -3.26% | Open positions: 4 | Equity $99,039.83
Engine P&L: legacy/unknown: realized $-1,705.68 (19 closed, 21% wins), unrealized $-64.86 (4 open) | Books: legacy: realized $-1,705.68, unrealized $-64.86
Reports: daily realized $+0.00; worst symbols none | weekly realized $-1,705.68; worst symbols HPE:-1286.89; COHR:-471.20; SNDK:-159.07; ANET:-45.31; NOW:-30.35
Shadow report: 2116 shadow candidate(s), 95 rejection group(s)
Timings: account: 0.0s | risk: 1.0s | decide: 23.6s | watchlist: 0.0s | perf: 0.0s

=== Run at 2026-08-22T19:56:29.738583 ===
Build fingerprint: 4f68550affe5
Current time: 2026-08-22 03:56 PM EDT | Market open (per Alpaca): False | Session: CLOSED
Account value: $99,039.83
Cash: $79,250.80 | Holdings (4): {'ERIE': '0.7641 sh (+2.23%)', 'GEHC': '0.6136 sh (+1.25%)', 'MS': '43.8344 sh (-3.06%)', 'MSI': '21.1281 sh (+2.28%)'}
Sector exposure (cached): Technology 10.2%, Financials 9.7%, Health Care 0.0%
Fill reconciliation: {'filled': 0, 'partial': 0, 'rejected': 1}
Open orders (2): ERIE sell 0.7641, MS sell 43.8344
Risk state: peak $99,703.60 | drawdown 0.67% | today -0.00% | halted: False
Market regime: NEUTRAL (position-size multiplier: 100% incl. circuit breaker 100%)
News: fetched 158, 0 new after dedup, 0 ticker(s) matched.
Quant pre-screen: 41/66 candidates passed.
Technical fallback (Gemini throttled/unavailable) proposed 8 trade(s) meeting the conviction bar.
Technical fallback cap omitted 18 weaker idea(s) this run.
Gemini calls used today (all models combined): 338
Market closed (overnight): queued 12 trade idea(s) for next-morning verification -- nothing submitted yet.
  -> queued COHR buy (conf 85, stop 105.5, tp 128.0)
  -> queued BSX buy (conf None, stop 49.01, tp 52.92)
  -> queued INTU buy (conf 82, stop 352.0, tp 390.0)
  -> queued EXE buy (conf 82, stop 92.66, tp 102.0)
  -> queued EQT buy (conf 81, stop 51.9, tp 57.00000000000001)
  -> queued NWS buy (conf 80, stop 32.26, tp 36.5)
  -> queued DE buy (conf None, stop 579.5, tp 654.135)
  -> queued DRI buy (conf None, stop 212.995, tp 229.46)
  -> queued FDX buy (conf None, stop 317.065, tp 341.42)
  -> queued DASH buy (conf None, stop 206.73, tp 225.9)
  -> queued MSI buy (conf None, stop 457.185, tp 486.25)
  -> queued CVX buy (conf None, stop 189.13, tp 208.91)
Run budget reserve reached -- skipping dashboard watchlist sync.
Run budget reserve reached -- skipping performance snapshot.
Trade journal: all: 19 trades, 21% win rate, avg -2.19% | breakout: 1 trades, 0% win rate, avg -8.61% | other: 13 trades, 23% win rate, avg -1.93% | technical: 5 trades, 20% win rate, avg -1.58%
Self-learning: breakout: 1 trades, 0% win rate, avg -8.61% (LOSING) | other: 13 trades, 23% win rate, avg -1.93% (LOSING) | technical: 5 trades, 20% win rate, avg -1.58% (LOSING)
Performance: Total return +0.17% | Max drawdown 0.94% | Daily Sharpe 2.02 | 19 closed trades | Win rate 21% | Avg winner +1.83% | Avg loser -3.26% | Open positions: 4 | Equity $99,039.83
Engine P&L: legacy/unknown: realized $-1,705.68 (19 closed, 21% wins), unrealized $-64.86 (4 open) | Books: legacy: realized $-1,705.68, unrealized $-64.86
Reports: daily realized $+0.00; worst symbols none | weekly realized $-1,705.68; worst symbols HPE:-1286.89; COHR:-471.20; SNDK:-159.07; ANET:-45.31; NOW:-30.35
Shadow report: 2116 shadow candidate(s), 95 rejection group(s)
Timings: account: 0.0s | risk: 1.2s | decide: 23.3s | watchlist: 0.0s | perf: 0.0s

=== Run at 2026-08-22T19:58:24.812210 ===
Build fingerprint: 4f68550affe5
Current time: 2026-08-22 03:58 PM EDT | Market open (per Alpaca): False | Session: CLOSED
Account value: $99,039.83
Cash: $79,250.80 | Holdings (4): {'ERIE': '0.7641 sh (+2.23%)', 'GEHC': '0.6136 sh (+1.25%)', 'MS': '43.8344 sh (-3.06%)', 'MSI': '21.1281 sh (+2.28%)'}
Sector exposure (cached): Technology 10.2%, Financials 9.7%, Health Care 0.0%
Fill reconciliation: {'filled': 0, 'partial': 0, 'rejected': 1}
Open orders (2): ERIE sell 0.7641, MS sell 43.8344
Risk state: peak $99,703.60 | drawdown 0.67% | today -0.00% | halted: False
Market regime: NEUTRAL (position-size multiplier: 100% incl. circuit breaker 100%)
News: fetched 158, 0 new after dedup, 0 ticker(s) matched.
Quant pre-screen: 41/66 candidates passed.
Gemini proposed 2 trade(s) meeting the conviction bar.
Gemini calls used today (all models combined): 339
Market closed (overnight): queued 12 trade idea(s) for next-morning verification -- nothing submitted yet.
  -> queued COHR buy (conf 85, stop 105.5, tp 128.0)
  -> queued BSX buy (conf None, stop 49.01, tp 52.92)
  -> queued INTU buy (conf 82, stop 352.0, tp 390.0)
  -> queued EXE buy (conf 82, stop 92.66, tp 102.0)
  -> queued EQT buy (conf 81, stop 51.9, tp 57.00000000000001)
  -> queued NWS buy (conf 80, stop 32.26, tp 36.5)
  -> queued DE buy (conf 85, stop 625.0, tp 673.87)
  -> queued DRI buy (conf 82, stop 213.0, tp 229.46)
  -> queued FDX buy (conf None, stop 317.065, tp 341.42)
  -> queued DASH buy (conf None, stop 206.73, tp 225.9)
  -> queued MSI buy (conf None, stop 457.185, tp 486.25)
  -> queued CVX buy (conf None, stop 189.13, tp 208.91)
Dashboard watchlist synced (6 symbols) for news/headlines.
Ending portfolio value: $99,039.83
Trade journal: all: 19 trades, 21% win rate, avg -2.19% | breakout: 1 trades, 0% win rate, avg -8.61% | other: 13 trades, 23% win rate, avg -1.93% | technical: 5 trades, 20% win rate, avg -1.58%
Self-learning: breakout: 1 trades, 0% win rate, avg -8.61% (LOSING) | other: 13 trades, 23% win rate, avg -1.93% (LOSING) | technical: 5 trades, 20% win rate, avg -1.58% (LOSING)
Performance: Total return +0.17% | Max drawdown 0.94% | Daily Sharpe 2.02 | 19 closed trades | Win rate 21% | Avg winner +1.83% | Avg loser -3.26% | Open positions: 4 | Equity $99,039.83
Engine P&L: legacy/unknown: realized $-1,705.68 (19 closed, 21% wins), unrealized $-64.86 (4 open) | Books: legacy: realized $-1,705.68, unrealized $-64.86
Reports: daily realized $+0.00; worst symbols none | weekly realized $-1,705.68; worst symbols HPE:-1286.89; COHR:-471.20; SNDK:-159.07; ANET:-45.31; NOW:-30.35
Shadow report: 2116 shadow candidate(s), 95 rejection group(s)
Timings: account: 0.0s | risk: 0.8s | decide: 6.0s | watchlist: 0.1s | perf: 0.1s

=== Run at 2026-08-22T20:00:36.777864 ===
Build fingerprint: 4f68550affe5
Current time: 2026-08-22 04:00 PM EDT | Market open (per Alpaca): False | Session: CLOSED
Account value: $99,039.83
Cash: $79,250.80 | Holdings (4): {'ERIE': '0.7641 sh (+2.23%)', 'GEHC': '0.6136 sh (+1.25%)', 'MS': '43.8344 sh (-3.06%)', 'MSI': '21.1281 sh (+2.28%)'}
Sector exposure (cached): Technology 10.2%, Financials 9.7%, Health Care 0.0%
Fill reconciliation: {'filled': 0, 'partial': 0, 'rejected': 1}
Open orders (2): ERIE sell 0.7641, MS sell 43.8344
Risk state: peak $99,703.60 | drawdown 0.67% | today -0.00% | halted: False
Market regime: NEUTRAL (position-size multiplier: 100% incl. circuit breaker 100%)
News: fetched 158, 1 new after dedup, 0 ticker(s) matched.
Quant pre-screen: 12/18 candidates passed.
Technical fallback (Gemini throttled/unavailable) proposed 8 trade(s) meeting the conviction bar.
Technical fallback cap omitted 1 weaker idea(s) this run.
Gemini calls used today (all models combined): 339
Market closed (overnight): queued 12 trade idea(s) for next-morning verification -- nothing submitted yet.
  -> queued COHR buy (conf 85, stop 105.5, tp 128.0)
  -> queued BSX buy (conf None, stop 49.01, tp 52.92)
  -> queued INTU buy (conf 82, stop 352.0, tp 390.0)
  -> queued EXE buy (conf 82, stop 92.66, tp 102.0)
  -> queued EQT buy (conf 81, stop 51.9, tp 57.00000000000001)
  -> queued NWS buy (conf 80, stop 32.26, tp 36.5)
  -> queued DE buy (conf None, stop 579.5, tp 654.135)
  -> queued DRI buy (conf None, stop 212.995, tp 229.46)
  -> queued FDX buy (conf None, stop 317.065, tp 341.42)
  -> queued DASH buy (conf None, stop 206.73, tp 225.9)
  -> queued MSI buy (conf None, stop 457.185, tp 486.25)
  -> queued CVX buy (conf None, stop 189.13, tp 208.91)
Run budget reserve reached -- skipping dashboard watchlist sync.
Run budget reserve reached -- skipping performance snapshot.
Trade journal: all: 19 trades, 21% win rate, avg -2.19% | breakout: 1 trades, 0% win rate, avg -8.61% | other: 13 trades, 23% win rate, avg -1.93% | technical: 5 trades, 20% win rate, avg -1.58%
Self-learning: breakout: 1 trades, 0% win rate, avg -8.61% (LOSING) | other: 13 trades, 23% win rate, avg -1.93% (LOSING) | technical: 5 trades, 20% win rate, avg -1.58% (LOSING)
Performance: Total return +0.17% | Max drawdown 0.94% | Daily Sharpe 2.02 | 19 closed trades | Win rate 21% | Avg winner +1.83% | Avg loser -3.26% | Open positions: 4 | Equity $99,039.83
Engine P&L: legacy/unknown: realized $-1,705.68 (19 closed, 21% wins), unrealized $-64.86 (4 open) | Books: legacy: realized $-1,705.68, unrealized $-64.86
Reports: daily realized $+0.00; worst symbols none | weekly realized $-1,705.68; worst symbols HPE:-1286.89; COHR:-471.20; SNDK:-159.07; ANET:-45.31; NOW:-30.35
Shadow report: 2116 shadow candidate(s), 95 rejection group(s)
Timings: account: 0.0s | risk: 1.1s | decide: 23.6s | watchlist: 0.0s | perf: 0.0s

=== Run at 2026-08-22T20:02:23.857716 ===
Build fingerprint: 4f68550affe5
Current time: 2026-08-22 04:02 PM EDT | Market open (per Alpaca): False | Session: CLOSED
Account value: $99,039.83
Cash: $79,250.80 | Holdings (4): {'ERIE': '0.7641 sh (+2.23%)', 'GEHC': '0.6136 sh (+1.25%)', 'MS': '43.8344 sh (-3.06%)', 'MSI': '21.1281 sh (+2.28%)'}
Sector exposure (cached): Technology 10.2%, Financials 9.7%, Health Care 0.0%
Fill reconciliation: {'filled': 0, 'partial': 0, 'rejected': 1}
Open orders (2): ERIE sell 0.7641, MS sell 43.8344
Risk state: peak $99,703.60 | drawdown 0.67% | today -0.00% | halted: False
Market regime: NEUTRAL (position-size multiplier: 100% incl. circuit breaker 100%)
News: fetched 158, 1 new after dedup, 0 ticker(s) matched.
Quant pre-screen: 18/30 candidates passed.
Gemini proposed 2 trade(s) meeting the conviction bar.
Gemini calls used today (all models combined): 340
Market closed (overnight): queued 12 trade idea(s) for next-morning verification -- nothing submitted yet.
  -> queued COHR buy (conf 85, stop 105.5, tp 128.0)
  -> queued BSX buy (conf None, stop 49.01, tp 52.92)
  -> queued INTU buy (conf 82, stop 352.0, tp 390.0)
  -> queued EXE buy (conf 82, stop 92.66, tp 102.0)
  -> queued EQT buy (conf 81, stop 51.9, tp 57.00000000000001)
  -> queued NWS buy (conf 80, stop 32.26, tp 36.5)
  -> queued DE buy (conf 85, stop 625.0, tp 673.87)
  -> queued DRI buy (conf 88, stop 213.0, tp 235.0)
  -> queued FDX buy (conf None, stop 317.065, tp 341.42)
  -> queued DASH buy (conf None, stop 206.73, tp 225.9)
  -> queued MSI buy (conf None, stop 457.185, tp 486.25)
  -> queued CVX buy (conf None, stop 189.13, tp 208.91)
Dashboard watchlist synced (6 symbols) for news/headlines.
Ending portfolio value: $99,039.83
Trade journal: all: 19 trades, 21% win rate, avg -2.19% | breakout: 1 trades, 0% win rate, avg -8.61% | other: 13 trades, 23% win rate, avg -1.93% | technical: 5 trades, 20% win rate, avg -1.58%
Self-learning: breakout: 1 trades, 0% win rate, avg -8.61% (LOSING) | other: 13 trades, 23% win rate, avg -1.93% (LOSING) | technical: 5 trades, 20% win rate, avg -1.58% (LOSING)
Performance: Total return +0.17% | Max drawdown 0.94% | Daily Sharpe 2.02 | 19 closed trades | Win rate 21% | Avg winner +1.83% | Avg loser -3.26% | Open positions: 4 | Equity $99,039.83
Engine P&L: legacy/unknown: realized $-1,705.68 (19 closed, 21% wins), unrealized $-64.86 (4 open) | Books: legacy: realized $-1,705.68, unrealized $-64.86
Reports: daily realized $+0.00; worst symbols none | weekly realized $-1,705.68; worst symbols HPE:-1286.89; COHR:-471.20; SNDK:-159.07; ANET:-45.31; NOW:-30.35
Shadow report: 2116 shadow candidate(s), 95 rejection group(s)
Timings: account: 0.0s | risk: 1.0s | decide: 10.0s | watchlist: 0.1s | perf: 0.2s

=== Run at 2026-08-22T20:04:27.775046 ===
Build fingerprint: 4f68550affe5
Current time: 2026-08-22 04:04 PM EDT | Market open (per Alpaca): False | Session: CLOSED
Account value: $99,039.83
Cash: $79,250.80 | Holdings (4): {'ERIE': '0.7641 sh (+2.23%)', 'GEHC': '0.6136 sh (+1.25%)', 'MS': '43.8344 sh (-3.06%)', 'MSI': '21.1281 sh (+2.28%)'}
Sector exposure (cached): Technology 10.2%, Financials 9.7%, Health Care 0.0%
Fill reconciliation: {'filled': 0, 'partial': 0, 'rejected': 1}
Open orders (2): ERIE sell 0.7641, MS sell 43.8344
Risk state: peak $99,703.60 | drawdown 0.67% | today -0.00% | halted: False
Market regime: NEUTRAL (position-size multiplier: 100% incl. circuit breaker 100%)
News: fetched 158, 1 new after dedup, 2 ticker(s) matched.
Quant pre-screen: 14/24 candidates passed.
Gemini proposed 2 trade(s) meeting the conviction bar.
Gemini calls used today (all models combined): 341
Market closed (overnight): queued 12 trade idea(s) for next-morning verification -- nothing submitted yet.
  -> queued COHR buy (conf 85, stop 105.5, tp 128.0)
  -> queued BSX buy (conf None, stop 49.01, tp 52.92)
  -> queued INTU buy (conf 82, stop 352.0, tp 390.0)
  -> queued EXE buy (conf 82, stop 92.66, tp 102.0)
  -> queued EQT buy (conf 81, stop 51.9, tp 57.00000000000001)
  -> queued NWS buy (conf 80, stop 32.26, tp 36.5)
  -> queued DE buy (conf 85, stop 579.5, tp 673.87)
  -> queued FDX buy (conf None, stop 317.065, tp 341.42)
  -> queued DASH buy (conf None, stop 206.73, tp 225.9)
  -> queued MSI buy (conf None, stop 457.185, tp 486.25)
  -> queued CVX buy (conf None, stop 189.13, tp 208.91)
  -> queued DRI buy (conf 88, stop 213.0, tp 229.46)
Dashboard watchlist synced (8 symbols) for news/headlines.
Ending portfolio value: $99,039.83
Trade journal: all: 19 trades, 21% win rate, avg -2.19% | breakout: 1 trades, 0% win rate, avg -8.61% | other: 13 trades, 23% win rate, avg -1.93% | technical: 5 trades, 20% win rate, avg -1.58%
Self-learning: breakout: 1 trades, 0% win rate, avg -8.61% (LOSING) | other: 13 trades, 23% win rate, avg -1.93% (LOSING) | technical: 5 trades, 20% win rate, avg -1.58% (LOSING)
Performance: Total return +0.17% | Max drawdown 0.94% | Daily Sharpe 2.02 | 19 closed trades | Win rate 21% | Avg winner +1.83% | Avg loser -3.26% | Open positions: 4 | Equity $99,039.83
Engine P&L: legacy/unknown: realized $-1,705.68 (19 closed, 21% wins), unrealized $-64.86 (4 open) | Books: legacy: realized $-1,705.68, unrealized $-64.86
Reports: daily realized $+0.00; worst symbols none | weekly realized $-1,705.68; worst symbols HPE:-1286.89; COHR:-471.20; SNDK:-159.07; ANET:-45.31; NOW:-30.35
Shadow report: 2116 shadow candidate(s), 95 rejection group(s)
Timings: account: 0.0s | risk: 1.5s | decide: 11.5s | watchlist: 0.1s | perf: 0.2s

=== Run at 2026-08-22T20:06:27.974129 ===
Build fingerprint: 4f68550affe5
Current time: 2026-08-22 04:06 PM EDT | Market open (per Alpaca): False | Session: CLOSED
Account value: $99,039.83
Cash: $79,250.80 | Holdings (4): {'ERIE': '0.7641 sh (+2.23%)', 'GEHC': '0.6136 sh (+1.25%)', 'MS': '43.8344 sh (-3.06%)', 'MSI': '21.1281 sh (+2.28%)'}
Sector exposure (cached): Technology 10.2%, Financials 9.7%, Health Care 0.0%
Fill reconciliation: {'filled': 0, 'partial': 0, 'rejected': 1}
Open orders (2): ERIE sell 0.7641, MS sell 43.8344
Risk state: peak $99,703.60 | drawdown 0.67% | today -0.00% | halted: False
Market regime: NEUTRAL (position-size multiplier: 100% incl. circuit breaker 100%)
News: fetched 158, 1 new after dedup, 0 ticker(s) matched.
Quant pre-screen: 25/42 candidates passed.
Gemini proposed 3 trade(s) meeting the conviction bar.
Gemini calls used today (all models combined): 342
Market closed (overnight): queued 12 trade idea(s) for next-morning verification -- nothing submitted yet.
  -> queued COHR buy (conf 85, stop 105.5, tp 128.0)
  -> queued BSX buy (conf None, stop 49.01, tp 52.92)
  -> queued INTU buy (conf 82, stop 352.0, tp 390.0)
  -> queued EXE buy (conf 82, stop 92.66, tp 102.0)
  -> queued EQT buy (conf 81, stop 51.9, tp 57.00000000000001)
  -> queued NWS buy (conf 80, stop 32.26, tp 36.5)
  -> queued DE buy (conf 88, stop 608.0, tp 686.0000000000001)
  -> queued FDX buy (conf None, stop 317.065, tp 341.42)
  -> queued DASH buy (conf None, stop 206.73, tp 225.9)
  -> queued MSI buy (conf None, stop 457.185, tp 486.25)
  -> queued CVX buy (conf 82, stop 193.0, tp 218.0)
  -> queued DRI buy (conf 85, stop 208.0, tp 236.00000000000003)
Dashboard watchlist synced (7 symbols) for news/headlines.
Ending portfolio value: $99,039.83
Trade journal: all: 19 trades, 21% win rate, avg -2.19% | breakout: 1 trades, 0% win rate, avg -8.61% | other: 13 trades, 23% win rate, avg -1.93% | technical: 5 trades, 20% win rate, avg -1.58%
Self-learning: breakout: 1 trades, 0% win rate, avg -8.61% (LOSING) | other: 13 trades, 23% win rate, avg -1.93% (LOSING) | technical: 5 trades, 20% win rate, avg -1.58% (LOSING)
Performance: Total return +0.17% | Max drawdown 0.94% | Daily Sharpe 2.02 | 19 closed trades | Win rate 21% | Avg winner +1.83% | Avg loser -3.26% | Open positions: 4 | Equity $99,039.83
Engine P&L: legacy/unknown: realized $-1,705.68 (19 closed, 21% wins), unrealized $-64.86 (4 open) | Books: legacy: realized $-1,705.68, unrealized $-64.86
Reports: daily realized $+0.00; worst symbols none | weekly realized $-1,705.68; worst symbols HPE:-1286.89; COHR:-471.20; SNDK:-159.07; ANET:-45.31; NOW:-30.35
Shadow report: 2116 shadow candidate(s), 95 rejection group(s)
Timings: account: 0.0s | risk: 1.2s | decide: 17.4s | watchlist: 0.2s | perf: 0.2s

=== Run at 2026-08-22T20:08:24.774400 ===
Build fingerprint: 4f68550affe5
Current time: 2026-08-22 04:08 PM EDT | Market open (per Alpaca): False | Session: CLOSED
Account value: $99,039.83
Cash: $79,250.80 | Holdings (4): {'ERIE': '0.7641 sh (+2.23%)', 'GEHC': '0.6136 sh (+1.25%)', 'MS': '43.8344 sh (-3.06%)', 'MSI': '21.1281 sh (+2.28%)'}
Sector exposure (cached): Technology 10.2%, Financials 9.7%, Health Care 0.0%
Fill reconciliation: {'filled': 0, 'partial': 0, 'rejected': 1}
Open orders (2): ERIE sell 0.7641, MS sell 43.8344
Risk state: peak $99,703.60 | drawdown 0.67% | today -0.00% | halted: False
Market regime: NEUTRAL (position-size multiplier: 100% incl. circuit breaker 100%)
News: fetched 158, 0 new after dedup, 0 ticker(s) matched.
Quant pre-screen: 34/54 candidates passed.
Gemini proposed 2 trade(s) meeting the conviction bar.
Gemini calls used today (all models combined): 343
Market closed (overnight): queued 12 trade idea(s) for next-morning verification -- nothing submitted yet.
  -> queued COHR buy (conf 85, stop 105.5, tp 128.0)
  -> queued BSX buy (conf None, stop 49.01, tp 52.92)
  -> queued INTU buy (conf 82, stop 352.0, tp 390.0)
  -> queued EXE buy (conf 82, stop 92.66, tp 102.0)
  -> queued EQT buy (conf 81, stop 51.9, tp 57.00000000000001)
  -> queued NWS buy (conf 80, stop 32.26, tp 36.5)
  -> queued DE buy (conf 85, stop 628.12, tp 673.87)
  -> queued FDX buy (conf None, stop 317.065, tp 341.42)
  -> queued DASH buy (conf None, stop 206.73, tp 225.9)
  -> queued MSI buy (conf None, stop 457.185, tp 486.25)
  -> queued CVX buy (conf 82, stop 193.0, tp 218.0)
  -> queued DRI buy (conf 82, stop 213.0, tp 229.46)
Dashboard watchlist synced (6 symbols) for news/headlines.
Ending portfolio value: $99,039.83
Trade journal: all: 19 trades, 21% win rate, avg -2.19% | breakout: 1 trades, 0% win rate, avg -8.61% | other: 13 trades, 23% win rate, avg -1.93% | technical: 5 trades, 20% win rate, avg -1.58%
Self-learning: breakout: 1 trades, 0% win rate, avg -8.61% (LOSING) | other: 13 trades, 23% win rate, avg -1.93% (LOSING) | technical: 5 trades, 20% win rate, avg -1.58% (LOSING)
Performance: Total return +0.17% | Max drawdown 0.94% | Daily Sharpe 2.02 | 19 closed trades | Win rate 21% | Avg winner +1.83% | Avg loser -3.26% | Open positions: 4 | Equity $99,039.83
Engine P&L: legacy/unknown: realized $-1,705.68 (19 closed, 21% wins), unrealized $-64.86 (4 open) | Books: legacy: realized $-1,705.68, unrealized $-64.86
Reports: daily realized $+0.00; worst symbols none | weekly realized $-1,705.68; worst symbols HPE:-1286.89; COHR:-471.20; SNDK:-159.07; ANET:-45.31; NOW:-30.35
Shadow report: 2116 shadow candidate(s), 95 rejection group(s)
Timings: account: 0.0s | risk: 0.2s | decide: 4.1s | watchlist: 0.0s | perf: 0.0s

=== Run at 2026-08-22T20:10:34.590302 ===
Build fingerprint: 4f68550affe5
Current time: 2026-08-22 04:10 PM EDT | Market open (per Alpaca): False | Session: CLOSED
Account value: $99,039.83
Cash: $79,250.80 | Holdings (4): {'ERIE': '0.7641 sh (+2.23%)', 'GEHC': '0.6136 sh (+1.25%)', 'MS': '43.8344 sh (-3.06%)', 'MSI': '21.1281 sh (+2.28%)'}
Sector exposure (cached): Technology 10.2%, Financials 9.7%, Health Care 0.0%
Fill reconciliation: {'filled': 0, 'partial': 0, 'rejected': 1}
Open orders (2): ERIE sell 0.7641, MS sell 43.8344
Risk state: peak $99,703.60 | drawdown 0.67% | today -0.00% | halted: False
Market regime: NEUTRAL (position-size multiplier: 100% incl. circuit breaker 100%)
News: fetched 158, 2 new after dedup, 0 ticker(s) matched.
Quant pre-screen: 41/66 candidates passed.
Gemini proposed 2 trade(s) meeting the conviction bar.
Gemini calls used today (all models combined): 344
Market closed (overnight): queued 12 trade idea(s) for next-morning verification -- nothing submitted yet.
  -> queued COHR buy (conf 85, stop 105.5, tp 128.0)
  -> queued BSX buy (conf None, stop 49.01, tp 52.92)
  -> queued INTU buy (conf 82, stop 352.0, tp 390.0)
  -> queued EXE buy (conf 82, stop 92.66, tp 102.0)
  -> queued EQT buy (conf 81, stop 51.9, tp 57.00000000000001)
  -> queued NWS buy (conf 80, stop 32.26, tp 36.5)
  -> queued DE buy (conf 82, stop 627.84, tp 686.6199999999999)
  -> queued FDX buy (conf None, stop 317.065, tp 341.42)
  -> queued DASH buy (conf None, stop 206.73, tp 225.9)
  -> queued MSI buy (conf None, stop 457.185, tp 486.25)
  -> queued CVX buy (conf 82, stop 193.0, tp 218.0)
  -> queued DRI buy (conf 85, stop 213.0, tp 235.00000000000003)
Dashboard watchlist synced (6 symbols) for news/headlines.
Ending portfolio value: $99,039.83
Trade journal: all: 19 trades, 21% win rate, avg -2.19% | breakout: 1 trades, 0% win rate, avg -8.61% | other: 13 trades, 23% win rate, avg -1.93% | technical: 5 trades, 20% win rate, avg -1.58%
Self-learning: breakout: 1 trades, 0% win rate, avg -8.61% (LOSING) | other: 13 trades, 23% win rate, avg -1.93% (LOSING) | technical: 5 trades, 20% win rate, avg -1.58% (LOSING)
Performance: Total return +0.17% | Max drawdown 0.94% | Daily Sharpe 2.02 | 19 closed trades | Win rate 21% | Avg winner +1.83% | Avg loser -3.26% | Open positions: 4 | Equity $99,039.83
Engine P&L: legacy/unknown: realized $-1,705.68 (19 closed, 21% wins), unrealized $-64.86 (4 open) | Books: legacy: realized $-1,705.68, unrealized $-64.86
Reports: daily realized $+0.00; worst symbols none | weekly realized $-1,705.68; worst symbols HPE:-1286.89; COHR:-471.20; SNDK:-159.07; ANET:-45.31; NOW:-30.35
Shadow report: 2116 shadow candidate(s), 95 rejection group(s)
Timings: account: 0.0s | risk: 1.3s | decide: 16.5s | watchlist: 0.1s | perf: 0.2s

=== Run at 2026-08-22T20:13:18.457910 ===
Build fingerprint: 4f68550affe5
Current time: 2026-08-22 04:13 PM EDT | Market open (per Alpaca): False | Session: CLOSED
=== Run at 2026-08-22T20:12:29.422326 ===
Build fingerprint: 4f68550affe5
Current time: 2026-08-22 04:12 PM EDT | Market open (per Alpaca): False | Session: CLOSED
Account value: $99,039.83
Cash: $79,250.80 | Holdings (4): {'ERIE': '0.7641 sh (+2.23%)', 'GEHC': '0.6136 sh (+1.25%)', 'MS': '43.8344 sh (-3.06%)', 'MSI': '21.1281 sh (+2.28%)'}
Sector exposure (cached): Technology 10.2%, Financials 9.7%, Health Care 0.0%
Fill reconciliation: {'filled': 0, 'partial': 0, 'rejected': 1}
Open orders (2): ERIE sell 0.7641, MS sell 43.8344
Risk state: peak $99,703.60 | drawdown 0.67% | today -0.00% | halted: False
Market regime: NEUTRAL (position-size multiplier: 100% incl. circuit breaker 100%)
News: fetched 158, 1 new after dedup, 0 ticker(s) matched.
Quant pre-screen: 41/66 candidates passed.
Gemini proposed 3 trade(s) meeting the conviction bar.
Gemini calls used today (all models combined): 345
News: fetched 158, 0 new after dedup, 0 ticker(s) matched.
Quant pre-screen: 41/66 candidates passed.
Technical fallback (Gemini throttled/unavailable) proposed 8 trade(s) meeting the conviction bar.
Technical fallback cap omitted 18 weaker idea(s) this run.
Gemini calls used today (all models combined): 344
Market closed (overnight): queued 12 trade idea(s) for next-morning verification -- nothing submitted yet.
  -> queued COHR buy (conf 85, stop 105.5, tp 128.0)
  -> queued BSX buy (conf None, stop 49.01, tp 52.92)
  -> queued INTU buy (conf 82, stop 352.0, tp 390.0)
  -> queued EXE buy (conf 88, stop 93.78, tp 98.84)
  -> queued EQT buy (conf 81, stop 51.9, tp 57.00000000000001)
  -> queued NWS buy (conf 80, stop 32.26, tp 36.5)
  -> queued DE buy (conf 90, stop 628.12, tp 673.87)
  -> queued FDX buy (conf None, stop 317.065, tp 341.42)
  -> queued DASH buy (conf None, stop 206.73, tp 225.9)
  -> queued MSI buy (conf None, stop 457.185, tp 486.25)
  -> queued CVX buy (conf 82, stop 193.0, tp 218.0)
  -> queued DRI buy (conf 92, stop 213.0, tp 229.46)
Dashboard watchlist synced (7 symbols) for news/headlines.
Ending portfolio value: $99,039.83
  -> queued EQT buy (conf 81, stop 51.9, tp 57.00000000000001)
  -> queued NWS buy (conf 80, stop 32.26, tp 36.5)
  -> queued DE buy (conf None, stop 579.5, tp 654.135)
  -> queued FDX buy (conf None, stop 317.065, tp 341.42)
  -> queued DRI buy (conf None, stop 212.995, tp 229.46)
  -> queued EXE buy (conf None, stop 92.66, tp 98.845)
  -> queued DASH buy (conf None, stop 206.73, tp 225.9)
  -> queued MSI buy (conf None, stop 457.185, tp 486.25)
  -> queued CVX buy (conf None, stop 189.13, tp 208.91)
Run budget reserve reached -- skipping dashboard watchlist sync.
Run budget reserve reached -- skipping performance snapshot.
Trade journal: all: 19 trades, 21% win rate, avg -2.19% | breakout: 1 trades, 0% win rate, avg -8.61% | other: 13 trades, 23% win rate, avg -1.93% | technical: 5 trades, 20% win rate, avg -1.58%
Self-learning: breakout: 1 trades, 0% win rate, avg -8.61% (LOSING) | other: 13 trades, 23% win rate, avg -1.93% (LOSING) | technical: 5 trades, 20% win rate, avg -1.58% (LOSING)
Performance: Total return +0.17% | Max drawdown 0.94% | Daily Sharpe 2.02 | 19 closed trades | Win rate 21% | Avg winner +1.83% | Avg loser -3.26% | Open positions: 4 | Equity $99,039.83
Engine P&L: legacy/unknown: realized $-1,705.68 (19 closed, 21% wins), unrealized $-64.86 (4 open) | Books: legacy: realized $-1,705.68, unrealized $-64.86
Reports: daily realized $+0.00; worst symbols none | weekly realized $-1,705.68; worst symbols HPE:-1286.89; COHR:-471.20; SNDK:-159.07; ANET:-45.31; NOW:-30.35
Shadow report: 2116 shadow candidate(s), 95 rejection group(s)
Timings: account: 0.0s | risk: 0.2s | decide: 8.5s | watchlist: 0.0s | perf: 0.0s
Timings: account: 0.0s | risk: 1.4s | decide: 23.2s | watchlist: 0.0s | perf: 0.0s

=== Run at 2026-08-22T20:14:26.436416 ===
Build fingerprint: 4f68550affe5
Current time: 2026-08-22 04:14 PM EDT | Market open (per Alpaca): False | Session: CLOSED
Account value: $99,039.83
Cash: $79,250.80 | Holdings (4): {'ERIE': '0.7641 sh (+2.23%)', 'GEHC': '0.6136 sh (+1.25%)', 'MS': '43.8344 sh (-3.06%)', 'MSI': '21.1281 sh (+2.28%)'}
Sector exposure (cached): Technology 10.2%, Financials 9.7%, Health Care 0.0%
Fill reconciliation: {'filled': 0, 'partial': 0, 'rejected': 1}
Open orders (2): ERIE sell 0.7641, MS sell 43.8344
Risk state: peak $99,703.60 | drawdown 0.67% | today -0.00% | halted: False
Market regime: NEUTRAL (position-size multiplier: 100% incl. circuit breaker 100%)
News: fetched 158, 0 new after dedup, 0 ticker(s) matched.
Quant pre-screen: 41/66 candidates passed.
Gemini proposed 2 trade(s) meeting the conviction bar.
Gemini calls used today (all models combined): 346
Market closed (overnight): queued 12 trade idea(s) for next-morning verification -- nothing submitted yet.
  -> queued COHR buy (conf 85, stop 105.5, tp 128.0)
  -> queued BSX buy (conf None, stop 49.01, tp 52.92)
  -> queued INTU buy (conf 82, stop 352.0, tp 390.0)
  -> queued EXE buy (conf 88, stop 93.78, tp 98.84)
  -> queued EQT buy (conf 81, stop 51.9, tp 57.00000000000001)
  -> queued NWS buy (conf 80, stop 32.26, tp 36.5)
  -> queued DE buy (conf 86, stop 625.0, tp 673.0)
  -> queued FDX buy (conf None, stop 317.065, tp 341.42)
  -> queued DASH buy (conf None, stop 206.73, tp 225.9)
  -> queued MSI buy (conf None, stop 457.185, tp 486.25)
  -> queued CVX buy (conf 82, stop 193.0, tp 218.0)
  -> queued DRI buy (conf 88, stop 213.0, tp 235.0)
Dashboard watchlist synced (6 symbols) for news/headlines.
Ending portfolio value: $99,039.83
Trade journal: all: 19 trades, 21% win rate, avg -2.19% | breakout: 1 trades, 0% win rate, avg -8.61% | other: 13 trades, 23% win rate, avg -1.93% | technical: 5 trades, 20% win rate, avg -1.58%
Self-learning: breakout: 1 trades, 0% win rate, avg -8.61% (LOSING) | other: 13 trades, 23% win rate, avg -1.93% (LOSING) | technical: 5 trades, 20% win rate, avg -1.58% (LOSING)
Performance: Total return +0.17% | Max drawdown 0.94% | Daily Sharpe 2.02 | 19 closed trades | Win rate 21% | Avg winner +1.83% | Avg loser -3.26% | Open positions: 4 | Equity $99,039.83
Engine P&L: legacy/unknown: realized $-1,705.68 (19 closed, 21% wins), unrealized $-64.86 (4 open) | Books: legacy: realized $-1,705.68, unrealized $-64.86
Reports: daily realized $+0.00; worst symbols none | weekly realized $-1,705.68; worst symbols HPE:-1286.89; COHR:-471.20; SNDK:-159.07; ANET:-45.31; NOW:-30.35
Shadow report: 2116 shadow candidate(s), 95 rejection group(s)
Timings: account: 0.0s | risk: 1.2s | decide: 6.8s | watchlist: 0.1s | perf: 0.2s

=== Run at 2026-08-22T20:16:22.676771 ===
Build fingerprint: 4f68550affe5
Current time: 2026-08-22 04:16 PM EDT | Market open (per Alpaca): False | Session: CLOSED
Account value: $99,039.83
Cash: $79,250.80 | Holdings (4): {'ERIE': '0.7641 sh (+2.23%)', 'GEHC': '0.6136 sh (+1.25%)', 'MS': '43.8344 sh (-3.06%)', 'MSI': '21.1281 sh (+2.28%)'}
Sector exposure (cached): Technology 10.2%, Financials 9.7%, Health Care 0.0%
Fill reconciliation: {'filled': 0, 'partial': 0, 'rejected': 1}
Open orders (2): ERIE sell 0.7641, MS sell 43.8344
Risk state: peak $99,703.60 | drawdown 0.67% | today -0.00% | halted: False
Market regime: NEUTRAL (position-size multiplier: 100% incl. circuit breaker 100%)
News: fetched 120, 0 new after dedup, 0 ticker(s) matched.
Quant pre-screen: 41/66 candidates passed.
Gemini proposed 2 trade(s) meeting the conviction bar.
Gemini calls used today (all models combined): 347
Market closed (overnight): queued 12 trade idea(s) for next-morning verification -- nothing submitted yet.
  -> queued COHR buy (conf 85, stop 105.5, tp 128.0)
  -> queued BSX buy (conf None, stop 49.01, tp 52.92)
  -> queued INTU buy (conf 82, stop 352.0, tp 390.0)
  -> queued EXE buy (conf 88, stop 93.78, tp 98.84)
  -> queued EQT buy (conf 81, stop 51.9, tp 57.00000000000001)
  -> queued NWS buy (conf 80, stop 32.26, tp 36.5)
  -> queued DE buy (conf 88, stop 579.5, tp 673.87)
  -> queued FDX buy (conf None, stop 317.065, tp 341.42)
  -> queued DASH buy (conf None, stop 206.73, tp 225.9)
  -> queued MSI buy (conf None, stop 457.185, tp 486.25)
  -> queued CVX buy (conf 82, stop 193.0, tp 218.0)
  -> queued DRI buy (conf 90, stop 213.0, tp 229.46)
Dashboard watchlist synced (6 symbols) for news/headlines.
Ending portfolio value: $99,039.83
Trade journal: all: 19 trades, 21% win rate, avg -2.19% | breakout: 1 trades, 0% win rate, avg -8.61% | other: 13 trades, 23% win rate, avg -1.93% | technical: 5 trades, 20% win rate, avg -1.58%
Self-learning: breakout: 1 trades, 0% win rate, avg -8.61% (LOSING) | other: 13 trades, 23% win rate, avg -1.93% (LOSING) | technical: 5 trades, 20% win rate, avg -1.58% (LOSING)
Performance: Total return +0.17% | Max drawdown 0.94% | Daily Sharpe 2.02 | 19 closed trades | Win rate 21% | Avg winner +1.83% | Avg loser -3.26% | Open positions: 4 | Equity $99,039.83
Engine P&L: legacy/unknown: realized $-1,705.68 (19 closed, 21% wins), unrealized $-64.86 (4 open) | Books: legacy: realized $-1,705.68, unrealized $-64.86
Reports: daily realized $+0.00; worst symbols none | weekly realized $-1,705.68; worst symbols HPE:-1286.89; COHR:-471.20; SNDK:-159.07; ANET:-45.31; NOW:-30.35
Shadow report: 2116 shadow candidate(s), 95 rejection group(s)
Timings: account: 0.0s | risk: 0.2s | decide: 9.7s | watchlist: 0.0s | perf: 0.0s

=== Run at 2026-08-22T20:18:28.253404 ===
Build fingerprint: 4f68550affe5
Current time: 2026-08-22 04:18 PM EDT | Market open (per Alpaca): False | Session: CLOSED
Account value: $99,039.83
Cash: $79,250.80 | Holdings (4): {'ERIE': '0.7641 sh (+2.23%)', 'GEHC': '0.6136 sh (+1.25%)', 'MS': '43.8344 sh (-3.06%)', 'MSI': '21.1281 sh (+2.28%)'}
Sector exposure (cached): Technology 10.2%, Financials 9.7%, Health Care 0.0%
Fill reconciliation: {'filled': 0, 'partial': 0, 'rejected': 1}
Open orders (2): ERIE sell 0.7641, MS sell 43.8344
Risk state: peak $99,703.60 | drawdown 0.67% | today -0.00% | halted: False
Market regime: NEUTRAL (position-size multiplier: 100% incl. circuit breaker 100%)
News: fetched 158, 0 new after dedup, 0 ticker(s) matched.
Quant pre-screen: 41/66 candidates passed.
Gemini proposed 2 trade(s) meeting the conviction bar.
Gemini calls used today (all models combined): 348
Market closed (overnight): queued 12 trade idea(s) for next-morning verification -- nothing submitted yet.
  -> queued COHR buy (conf 85, stop 105.5, tp 128.0)
  -> queued BSX buy (conf None, stop 49.01, tp 52.92)
  -> queued INTU buy (conf 82, stop 352.0, tp 390.0)
  -> queued EXE buy (conf 88, stop 93.78, tp 98.84)
  -> queued EQT buy (conf 81, stop 51.9, tp 57.00000000000001)
  -> queued NWS buy (conf 80, stop 32.26, tp 36.5)
  -> queued DE buy (conf 82, stop 579.5, tp 673.87)
  -> queued FDX buy (conf None, stop 317.065, tp 341.42)
  -> queued DASH buy (conf None, stop 206.73, tp 225.9)
  -> queued MSI buy (conf None, stop 457.185, tp 486.25)
  -> queued CVX buy (conf 82, stop 193.0, tp 218.0)
  -> queued DRI buy (conf 85, stop 213.0, tp 229.46)
Dashboard watchlist synced (6 symbols) for news/headlines.
Ending portfolio value: $99,039.83
Trade journal: all: 19 trades, 21% win rate, avg -2.19% | breakout: 1 trades, 0% win rate, avg -8.61% | other: 13 trades, 23% win rate, avg -1.93% | technical: 5 trades, 20% win rate, avg -1.58%
Self-learning: breakout: 1 trades, 0% win rate, avg -8.61% (LOSING) | other: 13 trades, 23% win rate, avg -1.93% (LOSING) | technical: 5 trades, 20% win rate, avg -1.58% (LOSING)
Performance: Total return +0.17% | Max drawdown 0.94% | Daily Sharpe 2.02 | 19 closed trades | Win rate 21% | Avg winner +1.83% | Avg loser -3.26% | Open positions: 4 | Equity $99,039.83
Engine P&L: legacy/unknown: realized $-1,705.68 (19 closed, 21% wins), unrealized $-64.86 (4 open) | Books: legacy: realized $-1,705.68, unrealized $-64.86
Reports: daily realized $+0.00; worst symbols none | weekly realized $-1,705.68; worst symbols HPE:-1286.89; COHR:-471.20; SNDK:-159.07; ANET:-45.31; NOW:-30.35
Shadow report: 2116 shadow candidate(s), 95 rejection group(s)
Timings: account: 0.0s | risk: 0.7s | decide: 6.3s | watchlist: 0.1s | perf: 0.1s

=== Run at 2026-08-22T20:20:33.789355 ===
Build fingerprint: 4f68550affe5
Current time: 2026-08-22 04:20 PM EDT | Market open (per Alpaca): False | Session: CLOSED
Account value: $99,039.83
Cash: $79,250.80 | Holdings (4): {'ERIE': '0.7641 sh (+2.23%)', 'GEHC': '0.6136 sh (+1.25%)', 'MS': '43.8344 sh (-3.06%)', 'MSI': '21.1281 sh (+2.28%)'}
Sector exposure (cached): Technology 10.2%, Financials 9.7%, Health Care 0.0%
Fill reconciliation: {'filled': 0, 'partial': 0, 'rejected': 1}
Open orders (2): ERIE sell 0.7641, MS sell 43.8344
Risk state: peak $99,703.60 | drawdown 0.67% | today -0.00% | halted: False
Market regime: NEUTRAL (position-size multiplier: 100% incl. circuit breaker 100%)
News: fetched 158, 0 new after dedup, 0 ticker(s) matched.
Quant pre-screen: 41/66 candidates passed.
Gemini proposed 2 trade(s) meeting the conviction bar.
Gemini calls used today (all models combined): 349
Market closed (overnight): queued 12 trade idea(s) for next-morning verification -- nothing submitted yet.
  -> queued COHR buy (conf 85, stop 105.5, tp 128.0)
  -> queued BSX buy (conf None, stop 49.01, tp 52.92)
  -> queued INTU buy (conf 82, stop 352.0, tp 390.0)
  -> queued EXE buy (conf 88, stop 93.78, tp 98.84)
  -> queued EQT buy (conf 81, stop 51.9, tp 57.00000000000001)
  -> queued NWS buy (conf 80, stop 32.26, tp 36.5)
  -> queued DE buy (conf 90, stop 579.5, tp 670.0)
  -> queued FDX buy (conf None, stop 317.065, tp 341.42)
  -> queued DASH buy (conf None, stop 206.73, tp 225.9)
  -> queued MSI buy (conf None, stop 457.185, tp 486.25)
  -> queued CVX buy (conf 82, stop 193.0, tp 218.0)
  -> queued DRI buy (conf 92, stop 213.0, tp 235.0)
Dashboard watchlist synced (6 symbols) for news/headlines.
Ending portfolio value: $99,039.83
Trade journal: all: 19 trades, 21% win rate, avg -2.19% | breakout: 1 trades, 0% win rate, avg -8.61% | other: 13 trades, 23% win rate, avg -1.93% | technical: 5 trades, 20% win rate, avg -1.58%
Self-learning: breakout: 1 trades, 0% win rate, avg -8.61% (LOSING) | other: 13 trades, 23% win rate, avg -1.93% (LOSING) | technical: 5 trades, 20% win rate, avg -1.58% (LOSING)
Performance: Total return +0.17% | Max drawdown 0.94% | Daily Sharpe 2.02 | 19 closed trades | Win rate 21% | Avg winner +1.83% | Avg loser -3.26% | Open positions: 4 | Equity $99,039.83
Engine P&L: legacy/unknown: realized $-1,705.68 (19 closed, 21% wins), unrealized $-64.86 (4 open) | Books: legacy: realized $-1,705.68, unrealized $-64.86
Reports: daily realized $+0.00; worst symbols none | weekly realized $-1,705.68; worst symbols HPE:-1286.89; COHR:-471.20; SNDK:-159.07; ANET:-45.31; NOW:-30.35
Shadow report: 2116 shadow candidate(s), 95 rejection group(s)
Timings: account: 0.0s | risk: 1.0s | decide: 7.4s | watchlist: 0.1s | perf: 0.1s

=== Run at 2026-08-22T20:22:26.389772 ===
Build fingerprint: 4f68550affe5
Current time: 2026-08-22 04:22 PM EDT | Market open (per Alpaca): False | Session: CLOSED
Account value: $99,039.83
Cash: $79,250.80 | Holdings (4): {'ERIE': '0.7641 sh (+2.23%)', 'GEHC': '0.6136 sh (+1.25%)', 'MS': '43.8344 sh (-3.06%)', 'MSI': '21.1281 sh (+2.28%)'}
Sector exposure (cached): Technology 10.2%, Financials 9.7%, Health Care 0.0%
Fill reconciliation: {'filled': 0, 'partial': 0, 'rejected': 1}
Open orders (2): ERIE sell 0.7641, MS sell 43.8344
Risk state: peak $99,703.60 | drawdown 0.67% | today -0.00% | halted: False
Market regime: NEUTRAL (position-size multiplier: 100% incl. circuit breaker 100%)
News: fetched 158, 0 new after dedup, 0 ticker(s) matched.
Quant pre-screen: 41/66 candidates passed.
Gemini proposed 2 trade(s) meeting the conviction bar.
Gemini calls used today (all models combined): 350
Market closed (overnight): queued 12 trade idea(s) for next-morning verification -- nothing submitted yet.
  -> queued COHR buy (conf 85, stop 105.5, tp 128.0)
  -> queued BSX buy (conf None, stop 49.01, tp 52.92)
  -> queued INTU buy (conf 82, stop 352.0, tp 390.0)
  -> queued EXE buy (conf 88, stop 93.78, tp 98.84)
  -> queued EQT buy (conf 81, stop 51.9, tp 57.00000000000001)
  -> queued NWS buy (conf 80, stop 32.26, tp 36.5)
  -> queued DE buy (conf 88, stop 579.5, tp 673.87)
  -> queued FDX buy (conf None, stop 317.065, tp 341.42)
  -> queued DASH buy (conf None, stop 206.73, tp 225.9)
  -> queued MSI buy (conf None, stop 457.185, tp 486.25)
  -> queued CVX buy (conf 82, stop 193.0, tp 218.0)
  -> queued DRI buy (conf 90, stop 213.0, tp 229.46)
Dashboard watchlist synced (6 symbols) for news/headlines.
Ending portfolio value: $99,039.83
Trade journal: all: 19 trades, 21% win rate, avg -2.19% | breakout: 1 trades, 0% win rate, avg -8.61% | other: 13 trades, 23% win rate, avg -1.93% | technical: 5 trades, 20% win rate, avg -1.58%
Self-learning: breakout: 1 trades, 0% win rate, avg -8.61% (LOSING) | other: 13 trades, 23% win rate, avg -1.93% (LOSING) | technical: 5 trades, 20% win rate, avg -1.58% (LOSING)
Performance: Total return +0.17% | Max drawdown 0.94% | Daily Sharpe 2.02 | 19 closed trades | Win rate 21% | Avg winner +1.83% | Avg loser -3.26% | Open positions: 4 | Equity $99,039.83
Engine P&L: legacy/unknown: realized $-1,705.68 (19 closed, 21% wins), unrealized $-64.86 (4 open) | Books: legacy: realized $-1,705.68, unrealized $-64.86
Reports: daily realized $+0.00; worst symbols none | weekly realized $-1,705.68; worst symbols HPE:-1286.89; COHR:-471.20; SNDK:-159.07; ANET:-45.31; NOW:-30.35
Shadow report: 2116 shadow candidate(s), 95 rejection group(s)
Timings: account: 0.0s | risk: 0.8s | decide: 20.3s | watchlist: 0.1s | perf: 0.1s

=== Run at 2026-08-22T20:24:23.416606 ===
Build fingerprint: 4f68550affe5
Current time: 2026-08-22 04:24 PM EDT | Market open (per Alpaca): False | Session: CLOSED
Account value: $99,039.83
Cash: $79,250.80 | Holdings (4): {'ERIE': '0.7641 sh (+2.23%)', 'GEHC': '0.6136 sh (+1.25%)', 'MS': '43.8344 sh (-3.06%)', 'MSI': '21.1281 sh (+2.28%)'}
Sector exposure (cached): Technology 10.2%, Financials 9.7%, Health Care 0.0%
Fill reconciliation: {'filled': 0, 'partial': 0, 'rejected': 1}
Open orders (2): ERIE sell 0.7641, MS sell 43.8344
Risk state: peak $99,703.60 | drawdown 0.67% | today -0.00% | halted: False
Market regime: NEUTRAL (position-size multiplier: 100% incl. circuit breaker 100%)
News: fetched 158, 0 new after dedup, 0 ticker(s) matched.
Quant pre-screen: 41/66 candidates passed.
Gemini proposed 2 trade(s) meeting the conviction bar.
Gemini calls used today (all models combined): 351
Market closed (overnight): queued 12 trade idea(s) for next-morning verification -- nothing submitted yet.
  -> queued COHR buy (conf 85, stop 105.5, tp 128.0)
  -> queued BSX buy (conf None, stop 49.01, tp 52.92)
  -> queued INTU buy (conf 82, stop 352.0, tp 390.0)
  -> queued EXE buy (conf 88, stop 93.78, tp 98.84)
  -> queued EQT buy (conf 81, stop 51.9, tp 57.00000000000001)
  -> queued NWS buy (conf 80, stop 32.26, tp 36.5)
  -> queued DE buy (conf 85, stop 625.5, tp 670.0)
  -> queued FDX buy (conf None, stop 317.065, tp 341.42)
  -> queued DASH buy (conf None, stop 206.73, tp 225.9)
  -> queued MSI buy (conf None, stop 457.185, tp 486.25)
  -> queued CVX buy (conf 82, stop 193.0, tp 218.0)
  -> queued DRI buy (conf 82, stop 213.0, tp 232.0)
Dashboard watchlist synced (6 symbols) for news/headlines.
Ending portfolio value: $99,039.83
Trade journal: all: 19 trades, 21% win rate, avg -2.19% | breakout: 1 trades, 0% win rate, avg -8.61% | other: 13 trades, 23% win rate, avg -1.93% | technical: 5 trades, 20% win rate, avg -1.58%
Self-learning: breakout: 1 trades, 0% win rate, avg -8.61% (LOSING) | other: 13 trades, 23% win rate, avg -1.93% (LOSING) | technical: 5 trades, 20% win rate, avg -1.58% (LOSING)
Performance: Total return +0.17% | Max drawdown 0.94% | Daily Sharpe 2.02 | 19 closed trades | Win rate 21% | Avg winner +1.83% | Avg loser -3.26% | Open positions: 4 | Equity $99,039.83
Engine P&L: legacy/unknown: realized $-1,705.68 (19 closed, 21% wins), unrealized $-64.86 (4 open) | Books: legacy: realized $-1,705.68, unrealized $-64.86
Reports: daily realized $+0.00; worst symbols none | weekly realized $-1,705.68; worst symbols HPE:-1286.89; COHR:-471.20; SNDK:-159.07; ANET:-45.31; NOW:-30.35
Shadow report: 2116 shadow candidate(s), 95 rejection group(s)
Timings: account: 0.0s | risk: 0.6s | decide: 5.2s | watchlist: 0.0s | perf: 0.0s

=== Run at 2026-08-22T20:26:28.865545 ===
Build fingerprint: 4f68550affe5
Current time: 2026-08-22 04:26 PM EDT | Market open (per Alpaca): False | Session: CLOSED
Account value: $99,039.83
Cash: $79,250.80 | Holdings (4): {'ERIE': '0.7641 sh (+2.23%)', 'GEHC': '0.6136 sh (+1.25%)', 'MS': '43.8344 sh (-3.06%)', 'MSI': '21.1281 sh (+2.28%)'}
Sector exposure (cached): Technology 10.2%, Financials 9.7%, Health Care 0.0%
Fill reconciliation: {'filled': 0, 'partial': 0, 'rejected': 1}
Open orders (2): ERIE sell 0.7641, MS sell 43.8344
Risk state: peak $99,703.60 | drawdown 0.67% | today -0.00% | halted: False
Market regime: NEUTRAL (position-size multiplier: 100% incl. circuit breaker 100%)
News: fetched 158, 1 new after dedup, 0 ticker(s) matched.
Quant pre-screen: 41/66 candidates passed.
Gemini proposed 3 trade(s) meeting the conviction bar.
Gemini calls used today (all models combined): 352
Market closed (overnight): queued 12 trade idea(s) for next-morning verification -- nothing submitted yet.
  -> queued EXE buy (conf 88, stop 93.78, tp 98.84)
  -> queued DRI buy (conf 88, stop 213.0, tp 229.46)
  -> queued COHR buy (conf 85, stop 105.5, tp 128.0)
  -> queued BSX buy (conf None, stop 49.01, tp 52.92)
  -> queued DE buy (conf 85, stop 579.5, tp 673.87)
  -> queued INTU buy (conf 82, stop 352.0, tp 390.0)
  -> queued CVX buy (conf 82, stop 193.0, tp 218.0)
  -> queued EQIX buy (conf 82, stop 1030.91, tp 1106.76)
  -> queued EQT buy (conf 81, stop 51.9, tp 57.00000000000001)
  -> queued NWS buy (conf 80, stop 32.26, tp 36.5)
  -> queued FDX buy (conf None, stop 317.065, tp 341.42)
  -> queued DASH buy (conf None, stop 206.73, tp 225.9)
Dashboard watchlist synced (7 symbols) for news/headlines.
Ending portfolio value: $99,039.83
Trade journal: all: 19 trades, 21% win rate, avg -2.19% | breakout: 1 trades, 0% win rate, avg -8.61% | other: 13 trades, 23% win rate, avg -1.93% | technical: 5 trades, 20% win rate, avg -1.58%
Self-learning: breakout: 1 trades, 0% win rate, avg -8.61% (LOSING) | other: 13 trades, 23% win rate, avg -1.93% (LOSING) | technical: 5 trades, 20% win rate, avg -1.58% (LOSING)
Performance: Total return +0.17% | Max drawdown 0.94% | Daily Sharpe 2.02 | 19 closed trades | Win rate 21% | Avg winner +1.83% | Avg loser -3.26% | Open positions: 4 | Equity $99,039.83
Engine P&L: legacy/unknown: realized $-1,705.68 (19 closed, 21% wins), unrealized $-64.86 (4 open) | Books: legacy: realized $-1,705.68, unrealized $-64.86
Reports: daily realized $+0.00; worst symbols none | weekly realized $-1,705.68; worst symbols HPE:-1286.89; COHR:-471.20; SNDK:-159.07; ANET:-45.31; NOW:-30.35
Shadow report: 2116 shadow candidate(s), 95 rejection group(s)
Timings: account: 0.0s | risk: 1.2s | decide: 7.2s | watchlist: 0.1s | perf: 0.1s

=== Run at 2026-08-22T20:28:28.286089 ===
Build fingerprint: 4f68550affe5
Current time: 2026-08-22 04:28 PM EDT | Market open (per Alpaca): False | Session: CLOSED
Account value: $99,039.83
Cash: $79,250.80 | Holdings (4): {'ERIE': '0.7641 sh (+2.23%)', 'GEHC': '0.6136 sh (+1.25%)', 'MS': '43.8344 sh (-3.06%)', 'MSI': '21.1281 sh (+2.28%)'}
Sector exposure (cached): Technology 10.2%, Financials 9.7%, Health Care 0.0%
Fill reconciliation: {'filled': 0, 'partial': 0, 'rejected': 1}
Open orders (2): ERIE sell 0.7641, MS sell 43.8344
Risk state: peak $99,703.60 | drawdown 0.67% | today -0.00% | halted: False
Market regime: NEUTRAL (position-size multiplier: 100% incl. circuit breaker 100%)
News: fetched 158, 0 new after dedup, 0 ticker(s) matched.
Quant pre-screen: 41/66 candidates passed.
Gemini proposed 2 trade(s) meeting the conviction bar.
Gemini calls used today (all models combined): 353
Market closed (overnight): queued 12 trade idea(s) for next-morning verification -- nothing submitted yet.
  -> queued EXE buy (conf 88, stop 93.78, tp 98.84)
  -> queued DRI buy (conf 88, stop 213.0, tp 235.0)
  -> queued COHR buy (conf 85, stop 105.5, tp 128.0)
  -> queued BSX buy (conf None, stop 49.01, tp 52.92)
  -> queued DE buy (conf 85, stop 625.0, tp 673.87)
  -> queued INTU buy (conf 82, stop 352.0, tp 390.0)
  -> queued CVX buy (conf 82, stop 193.0, tp 218.0)
  -> queued EQIX buy (conf 82, stop 1030.91, tp 1106.76)
  -> queued EQT buy (conf 81, stop 51.9, tp 57.00000000000001)
  -> queued NWS buy (conf 80, stop 32.26, tp 36.5)
  -> queued FDX buy (conf None, stop 317.065, tp 341.42)
  -> queued DASH buy (conf None, stop 206.73, tp 225.9)
Dashboard watchlist synced (6 symbols) for news/headlines.
Ending portfolio value: $99,039.83
Trade journal: all: 19 trades, 21% win rate, avg -2.19% | breakout: 1 trades, 0% win rate, avg -8.61% | other: 13 trades, 23% win rate, avg -1.93% | technical: 5 trades, 20% win rate, avg -1.58%
Self-learning: breakout: 1 trades, 0% win rate, avg -8.61% (LOSING) | other: 13 trades, 23% win rate, avg -1.93% (LOSING) | technical: 5 trades, 20% win rate, avg -1.58% (LOSING)
Performance: Total return +0.17% | Max drawdown 0.94% | Daily Sharpe 2.02 | 19 closed trades | Win rate 21% | Avg winner +1.83% | Avg loser -3.26% | Open positions: 4 | Equity $99,039.83
Engine P&L: legacy/unknown: realized $-1,705.68 (19 closed, 21% wins), unrealized $-64.86 (4 open) | Books: legacy: realized $-1,705.68, unrealized $-64.86
Reports: daily realized $+0.00; worst symbols none | weekly realized $-1,705.68; worst symbols HPE:-1286.89; COHR:-471.20; SNDK:-159.07; ANET:-45.31; NOW:-30.35
Shadow report: 2116 shadow candidate(s), 95 rejection group(s)
Timings: account: 0.0s | risk: 1.0s | decide: 8.2s | watchlist: 0.1s | perf: 0.1s

=== Run at 2026-08-22T20:30:32.859108 ===
Build fingerprint: 4f68550affe5
Current time: 2026-08-22 04:30 PM EDT | Market open (per Alpaca): False | Session: CLOSED
Account value: $99,039.83
Cash: $79,250.80 | Holdings (4): {'ERIE': '0.7641 sh (+2.23%)', 'GEHC': '0.6136 sh (+1.25%)', 'MS': '43.8344 sh (-3.06%)', 'MSI': '21.1281 sh (+2.28%)'}
Sector exposure (cached): Technology 10.2%, Financials 9.7%, Health Care 0.0%
Fill reconciliation: {'filled': 0, 'partial': 0, 'rejected': 1}
Open orders (2): ERIE sell 0.7641, MS sell 43.8344
Risk state: peak $99,703.60 | drawdown 0.67% | today -0.00% | halted: False
Market regime: NEUTRAL (position-size multiplier: 100% incl. circuit breaker 100%)
News: fetched 158, 2 new after dedup, 0 ticker(s) matched.
Quant pre-screen: 41/66 candidates passed.
Technical fallback (Gemini throttled/unavailable) proposed 8 trade(s) meeting the conviction bar.
Technical fallback cap omitted 18 weaker idea(s) this run.
Gemini calls used today (all models combined): 353
Market closed (overnight): queued 12 trade idea(s) for next-morning verification -- nothing submitted yet.
  -> queued COHR buy (conf 85, stop 105.5, tp 128.0)
  -> queued BSX buy (conf None, stop 49.01, tp 52.92)
  -> queued INTU buy (conf 82, stop 352.0, tp 390.0)
  -> queued EQT buy (conf 81, stop 51.9, tp 57.00000000000001)
  -> queued NWS buy (conf 80, stop 32.26, tp 36.5)
  -> queued DRI buy (conf None, stop 212.995, tp 229.46)
  -> queued DE buy (conf None, stop 579.5, tp 654.135)
  -> queued FDX buy (conf None, stop 317.065, tp 341.42)
  -> queued EXE buy (conf None, stop 92.66, tp 98.845)
  -> queued CVX buy (conf None, stop 189.13, tp 208.91)
  -> queued EQIX buy (conf None, stop 1030.91, tp 1106.76)
  -> queued DASH buy (conf None, stop 206.73, tp 225.9)
Dashboard watchlist synced (11 symbols) for news/headlines.
Ending portfolio value: $99,039.83
Trade journal: all: 19 trades, 21% win rate, avg -2.19% | breakout: 1 trades, 0% win rate, avg -8.61% | other: 13 trades, 23% win rate, avg -1.93% | technical: 5 trades, 20% win rate, avg -1.58%
Self-learning: breakout: 1 trades, 0% win rate, avg -8.61% (LOSING) | other: 13 trades, 23% win rate, avg -1.93% (LOSING) | technical: 5 trades, 20% win rate, avg -1.58% (LOSING)
Performance: Total return +0.17% | Max drawdown 0.94% | Daily Sharpe 2.02 | 19 closed trades | Win rate 21% | Avg winner +1.83% | Avg loser -3.26% | Open positions: 4 | Equity $99,039.83
Engine P&L: legacy/unknown: realized $-1,705.68 (19 closed, 21% wins), unrealized $-64.86 (4 open) | Books: legacy: realized $-1,705.68, unrealized $-64.86
Reports: daily realized $+0.00; worst symbols none | weekly realized $-1,705.68; worst symbols HPE:-1286.89; COHR:-471.20; SNDK:-159.07; ANET:-45.31; NOW:-30.35
Shadow report: 2116 shadow candidate(s), 95 rejection group(s)
Timings: account: 0.0s | risk: 0.4s | decide: 23.2s | watchlist: 0.1s | perf: 0.1s

=== Run at 2026-08-22T20:32:24.806433 ===
Build fingerprint: 4f68550affe5
Current time: 2026-08-22 04:32 PM EDT | Market open (per Alpaca): False | Session: CLOSED
Account value: $99,039.83
Cash: $79,250.80 | Holdings (4): {'ERIE': '0.7641 sh (+2.23%)', 'GEHC': '0.6136 sh (+1.25%)', 'MS': '43.8344 sh (-3.06%)', 'MSI': '21.1281 sh (+2.28%)'}
Sector exposure (cached): Technology 10.2%, Financials 9.7%, Health Care 0.0%
Fill reconciliation: {'filled': 0, 'partial': 0, 'rejected': 1}
Open orders (2): ERIE sell 0.7641, MS sell 43.8344
Risk state: peak $99,703.60 | drawdown 0.67% | today -0.00% | halted: False
Market regime: NEUTRAL (position-size multiplier: 100% incl. circuit breaker 100%)
News: fetched 158, 1 new after dedup, 0 ticker(s) matched.
Quant pre-screen: 41/66 candidates passed.
Gemini proposed 3 trade(s) meeting the conviction bar.
Gemini calls used today (all models combined): 354
Market closed (overnight): queued 12 trade idea(s) for next-morning verification -- nothing submitted yet.
  -> queued COHR buy (conf 85, stop 105.5, tp 128.0)
  -> queued BSX buy (conf None, stop 49.01, tp 52.92)
  -> queued INTU buy (conf 82, stop 352.0, tp 390.0)
  -> queued EQT buy (conf 81, stop 51.9, tp 57.00000000000001)
  -> queued NWS buy (conf 80, stop 32.26, tp 36.5)
  -> queued DRI buy (conf 92, stop 213.0, tp 235.0)
  -> queued DE buy (conf 90, stop 579.5, tp 673.87)
  -> queued FDX buy (conf None, stop 317.065, tp 341.42)
  -> queued EXE buy (conf None, stop 92.66, tp 98.845)
  -> queued CVX buy (conf None, stop 189.13, tp 208.91)
  -> queued EQIX buy (conf None, stop 1030.91, tp 1106.76)
  -> queued DASH buy (conf 88, stop 206.73, tp 240.0)
Dashboard watchlist synced (7 symbols) for news/headlines.
Ending portfolio value: $99,039.83
Trade journal: all: 19 trades, 21% win rate, avg -2.19% | breakout: 1 trades, 0% win rate, avg -8.61% | other: 13 trades, 23% win rate, avg -1.93% | technical: 5 trades, 20% win rate, avg -1.58%
Self-learning: breakout: 1 trades, 0% win rate, avg -8.61% (LOSING) | other: 13 trades, 23% win rate, avg -1.93% (LOSING) | technical: 5 trades, 20% win rate, avg -1.58% (LOSING)
Performance: Total return +0.17% | Max drawdown 0.94% | Daily Sharpe 2.02 | 19 closed trades | Win rate 21% | Avg winner +1.83% | Avg loser -3.26% | Open positions: 4 | Equity $99,039.83
Engine P&L: legacy/unknown: realized $-1,705.68 (19 closed, 21% wins), unrealized $-64.86 (4 open) | Books: legacy: realized $-1,705.68, unrealized $-64.86
Reports: daily realized $+0.00; worst symbols none | weekly realized $-1,705.68; worst symbols HPE:-1286.89; COHR:-471.20; SNDK:-159.07; ANET:-45.31; NOW:-30.35
Shadow report: 2116 shadow candidate(s), 95 rejection group(s)
Timings: account: 0.0s | risk: 1.5s | decide: 8.3s | watchlist: 0.1s | perf: 0.2s

=== Run at 2026-08-22T20:34:26.158925 ===
Build fingerprint: 4f68550affe5
Current time: 2026-08-22 04:34 PM EDT | Market open (per Alpaca): False | Session: CLOSED
Account value: $99,039.83
Cash: $79,250.80 | Holdings (4): {'ERIE': '0.7641 sh (+2.23%)', 'GEHC': '0.6136 sh (+1.25%)', 'MS': '43.8344 sh (-3.06%)', 'MSI': '21.1281 sh (+2.28%)'}
Sector exposure (cached): Technology 10.2%, Financials 9.7%, Health Care 0.0%
Fill reconciliation: {'filled': 0, 'partial': 0, 'rejected': 1}
Open orders (2): ERIE sell 0.7641, MS sell 43.8344
Risk state: peak $99,703.60 | drawdown 0.67% | today -0.00% | halted: False
Market regime: NEUTRAL (position-size multiplier: 100% incl. circuit breaker 100%)
News: fetched 158, 3 new after dedup, 0 ticker(s) matched.
Quant pre-screen: 41/66 candidates passed.
Gemini proposed 2 trade(s) meeting the conviction bar.
Gemini calls used today (all models combined): 355
Market closed (overnight): queued 12 trade idea(s) for next-morning verification -- nothing submitted yet.
  -> queued COHR buy (conf 85, stop 105.5, tp 128.0)
  -> queued BSX buy (conf None, stop 49.01, tp 52.92)
  -> queued INTU buy (conf 82, stop 352.0, tp 390.0)
  -> queued EQT buy (conf 81, stop 51.9, tp 57.00000000000001)
  -> queued NWS buy (conf 80, stop 32.26, tp 36.5)
  -> queued DRI buy (conf 88, stop 213.0, tp 235.00000000000003)
  -> queued DE buy (conf 85, stop 579.5, tp 673.87)
  -> queued FDX buy (conf None, stop 317.065, tp 341.42)
  -> queued EXE buy (conf None, stop 92.66, tp 98.845)
  -> queued CVX buy (conf None, stop 189.13, tp 208.91)
  -> queued EQIX buy (conf None, stop 1030.91, tp 1106.76)
  -> queued DASH buy (conf 88, stop 206.73, tp 240.0)
Dashboard watchlist synced (6 symbols) for news/headlines.
Ending portfolio value: $99,039.83
Trade journal: all: 19 trades, 21% win rate, avg -2.19% | breakout: 1 trades, 0% win rate, avg -8.61% | other: 13 trades, 23% win rate, avg -1.93% | technical: 5 trades, 20% win rate, avg -1.58%
Self-learning: breakout: 1 trades, 0% win rate, avg -8.61% (LOSING) | other: 13 trades, 23% win rate, avg -1.93% (LOSING) | technical: 5 trades, 20% win rate, avg -1.58% (LOSING)
Performance: Total return +0.17% | Max drawdown 0.94% | Daily Sharpe 2.02 | 19 closed trades | Win rate 21% | Avg winner +1.83% | Avg loser -3.26% | Open positions: 4 | Equity $99,039.83
Engine P&L: legacy/unknown: realized $-1,705.68 (19 closed, 21% wins), unrealized $-64.86 (4 open) | Books: legacy: realized $-1,705.68, unrealized $-64.86
Reports: daily realized $+0.00; worst symbols none | weekly realized $-1,705.68; worst symbols HPE:-1286.89; COHR:-471.20; SNDK:-159.07; ANET:-45.31; NOW:-30.35
Shadow report: 2116 shadow candidate(s), 95 rejection group(s)
Timings: account: 0.0s | risk: 1.2s | decide: 7.4s | watchlist: 0.1s | perf: 0.2s

=== Run at 2026-08-22T20:36:27.495941 ===
Build fingerprint: 4f68550affe5
Current time: 2026-08-22 04:36 PM EDT | Market open (per Alpaca): False | Session: CLOSED
Account value: $99,039.83
Cash: $79,250.80 | Holdings (4): {'ERIE': '0.7641 sh (+2.23%)', 'GEHC': '0.6136 sh (+1.25%)', 'MS': '43.8344 sh (-3.06%)', 'MSI': '21.1281 sh (+2.28%)'}
Sector exposure (cached): Technology 10.2%, Financials 9.7%, Health Care 0.0%
Fill reconciliation: {'filled': 0, 'partial': 0, 'rejected': 1}
Open orders (2): ERIE sell 0.7641, MS sell 43.8344
Risk state: peak $99,703.60 | drawdown 0.67% | today -0.00% | halted: False
Market regime: NEUTRAL (position-size multiplier: 100% incl. circuit breaker 100%)
News: fetched 158, 3 new after dedup, 0 ticker(s) matched.
Quant pre-screen: 41/66 candidates passed.
Gemini proposed 2 trade(s) meeting the conviction bar.
Gemini calls used today (all models combined): 356
Market closed (overnight): queued 11 trade idea(s) for next-morning verification -- nothing submitted yet.
  -> queued COHR buy (conf 85, stop 105.5, tp 128.0)
  -> queued INTU buy (conf 82, stop 352.0, tp 390.0)
  -> queued EQT buy (conf 81, stop 51.9, tp 57.00000000000001)
  -> queued NWS buy (conf 80, stop 32.26, tp 36.5)
  -> queued DRI buy (conf 85, stop 213.0, tp 229.46)
  -> queued DE buy (conf 82, stop 579.5, tp 673.87)
  -> queued FDX buy (conf None, stop 317.065, tp 341.42)
  -> queued EXE buy (conf None, stop 92.66, tp 98.845)
  -> queued CVX buy (conf None, stop 189.13, tp 208.91)
  -> queued EQIX buy (conf None, stop 1030.91, tp 1106.76)
  -> queued DASH buy (conf 88, stop 206.73, tp 240.0)
Dashboard watchlist synced (6 symbols) for news/headlines.
Ending portfolio value: $99,039.83
Trade journal: all: 19 trades, 21% win rate, avg -2.19% | breakout: 1 trades, 0% win rate, avg -8.61% | other: 13 trades, 23% win rate, avg -1.93% | technical: 5 trades, 20% win rate, avg -1.58%
Self-learning: breakout: 1 trades, 0% win rate, avg -8.61% (LOSING) | other: 13 trades, 23% win rate, avg -1.93% (LOSING) | technical: 5 trades, 20% win rate, avg -1.58% (LOSING)
Performance: Total return +0.17% | Max drawdown 0.94% | Daily Sharpe 2.02 | 19 closed trades | Win rate 21% | Avg winner +1.83% | Avg loser -3.26% | Open positions: 4 | Equity $99,039.83
Engine P&L: legacy/unknown: realized $-1,705.68 (19 closed, 21% wins), unrealized $-64.86 (4 open) | Books: legacy: realized $-1,705.68, unrealized $-64.86
Reports: daily realized $+0.00; worst symbols none | weekly realized $-1,705.68; worst symbols HPE:-1286.89; COHR:-471.20; SNDK:-159.07; ANET:-45.31; NOW:-30.35
Shadow report: 2116 shadow candidate(s), 95 rejection group(s)
Timings: account: 0.0s | risk: 0.7s | decide: 5.7s | watchlist: 0.1s | perf: 0.1s

=== Run at 2026-08-22T20:38:28.461065 ===
Build fingerprint: 4f68550affe5
Current time: 2026-08-22 04:38 PM EDT | Market open (per Alpaca): False | Session: CLOSED
Account value: $99,039.83
Cash: $79,250.80 | Holdings (4): {'ERIE': '0.7641 sh (+2.23%)', 'GEHC': '0.6136 sh (+1.25%)', 'MS': '43.8344 sh (-3.06%)', 'MSI': '21.1281 sh (+2.28%)'}
Sector exposure (cached): Technology 10.2%, Financials 9.7%, Health Care 0.0%
Fill reconciliation: {'filled': 0, 'partial': 0, 'rejected': 1}
Open orders (2): ERIE sell 0.7641, MS sell 43.8344
Risk state: peak $99,703.60 | drawdown 0.67% | today -0.00% | halted: False
Market regime: NEUTRAL (position-size multiplier: 100% incl. circuit breaker 100%)
News: fetched 158, 0 new after dedup, 0 ticker(s) matched.
Quant pre-screen: 41/66 candidates passed.
Gemini proposed 2 trade(s) meeting the conviction bar.
Gemini calls used today (all models combined): 357
Market closed (overnight): queued 11 trade idea(s) for next-morning verification -- nothing submitted yet.
  -> queued COHR buy (conf 85, stop 105.5, tp 128.0)
  -> queued INTU buy (conf 82, stop 352.0, tp 390.0)
  -> queued EQT buy (conf 81, stop 51.9, tp 57.00000000000001)
  -> queued NWS buy (conf 80, stop 32.26, tp 36.5)
  -> queued DRI buy (conf 85, stop 213.0, tp 229.46)
  -> queued DE buy (conf 82, stop 579.5, tp 673.87)
  -> queued FDX buy (conf None, stop 317.065, tp 341.42)
  -> queued EXE buy (conf None, stop 92.66, tp 98.845)
  -> queued CVX buy (conf None, stop 189.13, tp 208.91)
  -> queued EQIX buy (conf None, stop 1030.91, tp 1106.76)
  -> queued DASH buy (conf 88, stop 206.73, tp 240.0)
Dashboard watchlist synced (6 symbols) for news/headlines.
Ending portfolio value: $99,039.83
Trade journal: all: 19 trades, 21% win rate, avg -2.19% | breakout: 1 trades, 0% win rate, avg -8.61% | other: 13 trades, 23% win rate, avg -1.93% | technical: 5 trades, 20% win rate, avg -1.58%
Self-learning: breakout: 1 trades, 0% win rate, avg -8.61% (LOSING) | other: 13 trades, 23% win rate, avg -1.93% (LOSING) | technical: 5 trades, 20% win rate, avg -1.58% (LOSING)
Performance: Total return +0.17% | Max drawdown 0.94% | Daily Sharpe 2.02 | 19 closed trades | Win rate 21% | Avg winner +1.83% | Avg loser -3.26% | Open positions: 4 | Equity $99,039.83
Engine P&L: legacy/unknown: realized $-1,705.68 (19 closed, 21% wins), unrealized $-64.86 (4 open) | Books: legacy: realized $-1,705.68, unrealized $-64.86
Reports: daily realized $+0.00; worst symbols none | weekly realized $-1,705.68; worst symbols HPE:-1286.89; COHR:-471.20; SNDK:-159.07; ANET:-45.31; NOW:-30.35
Shadow report: 2116 shadow candidate(s), 95 rejection group(s)
Timings: account: 0.0s | risk: 1.7s | decide: 7.2s | watchlist: 0.1s | perf: 0.2s

=== Run at 2026-08-22T20:40:26.713661 ===
Build fingerprint: 4f68550affe5
Current time: 2026-08-22 04:40 PM EDT | Market open (per Alpaca): False | Session: CLOSED
Account value: $99,039.83
Cash: $79,250.80 | Holdings (4): {'ERIE': '0.7641 sh (+2.23%)', 'GEHC': '0.6136 sh (+1.25%)', 'MS': '43.8344 sh (-3.06%)', 'MSI': '21.1281 sh (+2.28%)'}
Sector exposure (cached): Technology 10.2%, Financials 9.7%, Health Care 0.0%
Fill reconciliation: {'filled': 0, 'partial': 0, 'rejected': 1}
Open orders (2): ERIE sell 0.7641, MS sell 43.8344
Risk state: peak $99,703.60 | drawdown 0.67% | today -0.00% | halted: False
Market regime: NEUTRAL (position-size multiplier: 100% incl. circuit breaker 100%)
News: fetched 158, 0 new after dedup, 0 ticker(s) matched.
Quant pre-screen: 41/66 candidates passed.
Technical fallback (Gemini throttled/unavailable) proposed 8 trade(s) meeting the conviction bar.
Technical fallback cap omitted 18 weaker idea(s) this run.
Gemini calls used today (all models combined): 357
Market closed (overnight): queued 12 trade idea(s) for next-morning verification -- nothing submitted yet.
  -> queued COHR buy (conf 85, stop 105.5, tp 128.0)
  -> queued INTU buy (conf 82, stop 352.0, tp 390.0)
  -> queued EQT buy (conf 81, stop 51.9, tp 57.00000000000001)
  -> queued NWS buy (conf 80, stop 32.26, tp 36.5)
  -> queued DRI buy (conf None, stop 212.995, tp 229.46)
  -> queued DE buy (conf None, stop 579.5, tp 654.135)
  -> queued FDX buy (conf None, stop 317.065, tp 341.42)
  -> queued EXE buy (conf None, stop 92.66, tp 98.845)
  -> queued CVX buy (conf None, stop 189.13, tp 208.91)
  -> queued EQIX buy (conf None, stop 1030.91, tp 1106.76)
  -> queued DASH buy (conf None, stop 206.73, tp 225.9)
  -> queued MSI buy (conf None, stop 457.185, tp 486.25)
Dashboard watchlist synced (11 symbols) for news/headlines.
Run budget reserve reached -- skipping performance snapshot.
Trade journal: all: 19 trades, 21% win rate, avg -2.19% | breakout: 1 trades, 0% win rate, avg -8.61% | other: 13 trades, 23% win rate, avg -1.93% | technical: 5 trades, 20% win rate, avg -1.58%
Self-learning: breakout: 1 trades, 0% win rate, avg -8.61% (LOSING) | other: 13 trades, 23% win rate, avg -1.93% (LOSING) | technical: 5 trades, 20% win rate, avg -1.58% (LOSING)
Performance: Total return +0.17% | Max drawdown 0.94% | Daily Sharpe 2.02 | 19 closed trades | Win rate 21% | Avg winner +1.83% | Avg loser -3.26% | Open positions: 4 | Equity $99,039.83
Engine P&L: legacy/unknown: realized $-1,705.68 (19 closed, 21% wins), unrealized $-64.86 (4 open) | Books: legacy: realized $-1,705.68, unrealized $-64.86
Reports: daily realized $+0.00; worst symbols none | weekly realized $-1,705.68; worst symbols HPE:-1286.89; COHR:-471.20; SNDK:-159.07; ANET:-45.31; NOW:-30.35
Shadow report: 2116 shadow candidate(s), 95 rejection group(s)
Timings: account: 0.0s | risk: 0.6s | decide: 24.1s | watchlist: 0.1s | perf: 0.0s

=== Run at 2026-08-22T20:42:23.595199 ===
Build fingerprint: 4f68550affe5
Current time: 2026-08-22 04:42 PM EDT | Market open (per Alpaca): False | Session: CLOSED
Account value: $99,039.83
Cash: $79,250.80 | Holdings (4): {'ERIE': '0.7641 sh (+2.23%)', 'GEHC': '0.6136 sh (+1.25%)', 'MS': '43.8344 sh (-3.06%)', 'MSI': '21.1281 sh (+2.28%)'}
Sector exposure (cached): Technology 10.2%, Financials 9.7%, Health Care 0.0%
Fill reconciliation: {'filled': 0, 'partial': 0, 'rejected': 1}
Open orders (2): ERIE sell 0.7641, MS sell 43.8344
Risk state: peak $99,703.60 | drawdown 0.67% | today -0.00% | halted: False
Market regime: NEUTRAL (position-size multiplier: 100% incl. circuit breaker 100%)
News: fetched 158, 0 new after dedup, 0 ticker(s) matched.
Quant pre-screen: 41/66 candidates passed.
Gemini proposed 3 trade(s) meeting the conviction bar.
Gemini calls used today (all models combined): 358
Market closed (overnight): queued 12 trade idea(s) for next-morning verification -- nothing submitted yet.
  -> queued COHR buy (conf 85, stop 105.5, tp 128.0)
  -> queued INTU buy (conf 82, stop 352.0, tp 390.0)
  -> queued EQT buy (conf 81, stop 51.9, tp 57.00000000000001)
  -> queued NWS buy (conf 80, stop 32.26, tp 36.5)
  -> queued DRI buy (conf 88, stop 213.0, tp 229.46)
  -> queued DE buy (conf 85, stop 579.5, tp 654.13)
  -> queued FDX buy (conf None, stop 317.065, tp 341.42)
  -> queued EXE buy (conf None, stop 92.66, tp 98.845)
  -> queued CVX buy (conf 82, stop 189.13, tp 208.91)
  -> queued EQIX buy (conf None, stop 1030.91, tp 1106.76)
  -> queued DASH buy (conf None, stop 206.73, tp 225.9)
  -> queued MSI buy (conf None, stop 457.185, tp 486.25)
Dashboard watchlist synced (7 symbols) for news/headlines.
Ending portfolio value: $99,039.83
Trade journal: all: 19 trades, 21% win rate, avg -2.19% | breakout: 1 trades, 0% win rate, avg -8.61% | other: 13 trades, 23% win rate, avg -1.93% | technical: 5 trades, 20% win rate, avg -1.58%
Self-learning: breakout: 1 trades, 0% win rate, avg -8.61% (LOSING) | other: 13 trades, 23% win rate, avg -1.93% (LOSING) | technical: 5 trades, 20% win rate, avg -1.58% (LOSING)
Performance: Total return +0.17% | Max drawdown 0.94% | Daily Sharpe 2.02 | 19 closed trades | Win rate 21% | Avg winner +1.83% | Avg loser -3.26% | Open positions: 4 | Equity $99,039.83
Engine P&L: legacy/unknown: realized $-1,705.68 (19 closed, 21% wins), unrealized $-64.86 (4 open) | Books: legacy: realized $-1,705.68, unrealized $-64.86
Reports: daily realized $+0.00; worst symbols none | weekly realized $-1,705.68; worst symbols HPE:-1286.89; COHR:-471.20; SNDK:-159.07; ANET:-45.31; NOW:-30.35
Shadow report: 2116 shadow candidate(s), 95 rejection group(s)
Timings: account: 0.0s | risk: 0.7s | decide: 5.5s | watchlist: 0.1s | perf: 0.1s

=== Run at 2026-08-22T20:44:25.775981 ===
Build fingerprint: 4f68550affe5
Current time: 2026-08-22 04:44 PM EDT | Market open (per Alpaca): False | Session: CLOSED
Account value: $99,039.83
Cash: $79,250.80 | Holdings (4): {'ERIE': '0.7641 sh (+2.23%)', 'GEHC': '0.6136 sh (+1.25%)', 'MS': '43.8344 sh (-3.06%)', 'MSI': '21.1281 sh (+2.28%)'}
Sector exposure (cached): Technology 10.2%, Financials 9.7%, Health Care 0.0%
Fill reconciliation: {'filled': 0, 'partial': 0, 'rejected': 1}
Open orders (2): ERIE sell 0.7641, MS sell 43.8344
Risk state: peak $99,703.60 | drawdown 0.67% | today -0.00% | halted: False
Market regime: NEUTRAL (position-size multiplier: 100% incl. circuit breaker 100%)
News: fetched 158, 0 new after dedup, 0 ticker(s) matched.
Quant pre-screen: 41/66 candidates passed.
Gemini proposed 3 trade(s) meeting the conviction bar.
Gemini calls used today (all models combined): 359
Market closed (overnight): queued 12 trade idea(s) for next-morning verification -- nothing submitted yet.
  -> queued COHR buy (conf 85, stop 105.5, tp 128.0)
  -> queued INTU buy (conf 82, stop 352.0, tp 390.0)
  -> queued EQT buy (conf 81, stop 51.9, tp 57.00000000000001)
  -> queued NWS buy (conf 80, stop 32.26, tp 36.5)
  -> queued DRI buy (conf 90, stop 213.0, tp 229.46)
  -> queued DE buy (conf 88, stop 579.5, tp 673.87)
  -> queued FDX buy (conf None, stop 317.065, tp 341.42)
  -> queued EXE buy (conf 85, stop 92.66, tp 98.84)
  -> queued CVX buy (conf 82, stop 189.13, tp 208.91)
  -> queued EQIX buy (conf None, stop 1030.91, tp 1106.76)
  -> queued DASH buy (conf None, stop 206.73, tp 225.9)
  -> queued MSI buy (conf None, stop 457.185, tp 486.25)
Dashboard watchlist synced (7 symbols) for news/headlines.
Ending portfolio value: $99,039.83
Trade journal: all: 19 trades, 21% win rate, avg -2.19% | breakout: 1 trades, 0% win rate, avg -8.61% | other: 13 trades, 23% win rate, avg -1.93% | technical: 5 trades, 20% win rate, avg -1.58%
Self-learning: breakout: 1 trades, 0% win rate, avg -8.61% (LOSING) | other: 13 trades, 23% win rate, avg -1.93% (LOSING) | technical: 5 trades, 20% win rate, avg -1.58% (LOSING)
Performance: Total return +0.17% | Max drawdown 0.94% | Daily Sharpe 2.02 | 19 closed trades | Win rate 21% | Avg winner +1.83% | Avg loser -3.26% | Open positions: 4 | Equity $99,039.83
Engine P&L: legacy/unknown: realized $-1,705.68 (19 closed, 21% wins), unrealized $-64.86 (4 open) | Books: legacy: realized $-1,705.68, unrealized $-64.86
Reports: daily realized $+0.00; worst symbols none | weekly realized $-1,705.68; worst symbols HPE:-1286.89; COHR:-471.20; SNDK:-159.07; ANET:-45.31; NOW:-30.35
Shadow report: 2116 shadow candidate(s), 95 rejection group(s)
Timings: account: 0.0s | risk: 1.2s | decide: 9.2s | watchlist: 0.1s | perf: 0.1s

=== Run at 2026-08-22T20:46:29.369397 ===
Build fingerprint: 4f68550affe5
Current time: 2026-08-22 04:46 PM EDT | Market open (per Alpaca): False | Session: CLOSED
Account value: $99,039.83
Cash: $79,250.80 | Holdings (4): {'ERIE': '0.7641 sh (+2.23%)', 'GEHC': '0.6136 sh (+1.25%)', 'MS': '43.8344 sh (-3.06%)', 'MSI': '21.1281 sh (+2.28%)'}
Sector exposure (cached): Technology 10.2%, Financials 9.7%, Health Care 0.0%
Fill reconciliation: {'filled': 0, 'partial': 0, 'rejected': 1}
Open orders (2): ERIE sell 0.7641, MS sell 43.8344
Risk state: peak $99,703.60 | drawdown 0.67% | today -0.00% | halted: False
Market regime: NEUTRAL (position-size multiplier: 100% incl. circuit breaker 100%)
News: fetched 158, 0 new after dedup, 0 ticker(s) matched.
Quant pre-screen: 41/66 candidates passed.
Technical fallback (Gemini throttled/unavailable) proposed 8 trade(s) meeting the conviction bar.
Technical fallback cap omitted 18 weaker idea(s) this run.
Gemini calls used today (all models combined): 359
Market closed (overnight): queued 12 trade idea(s) for next-morning verification -- nothing submitted yet.
  -> queued COHR buy (conf 85, stop 105.5, tp 128.0)
  -> queued INTU buy (conf 82, stop 352.0, tp 390.0)
  -> queued EQT buy (conf 81, stop 51.9, tp 57.00000000000001)
  -> queued NWS buy (conf 80, stop 32.26, tp 36.5)
  -> queued DRI buy (conf None, stop 212.995, tp 229.46)
  -> queued DE buy (conf None, stop 579.5, tp 654.135)
  -> queued FDX buy (conf None, stop 317.065, tp 341.42)
  -> queued EXE buy (conf None, stop 92.66, tp 98.845)
  -> queued CVX buy (conf None, stop 189.13, tp 208.91)
  -> queued EQIX buy (conf None, stop 1030.91, tp 1106.76)
  -> queued DASH buy (conf None, stop 206.73, tp 225.9)
  -> queued MSI buy (conf None, stop 457.185, tp 486.25)
Run budget reserve reached -- skipping dashboard watchlist sync.
Run budget reserve reached -- skipping performance snapshot.
Trade journal: all: 19 trades, 21% win rate, avg -2.19% | breakout: 1 trades, 0% win rate, avg -8.61% | other: 13 trades, 23% win rate, avg -1.93% | technical: 5 trades, 20% win rate, avg -1.58%
Self-learning: breakout: 1 trades, 0% win rate, avg -8.61% (LOSING) | other: 13 trades, 23% win rate, avg -1.93% (LOSING) | technical: 5 trades, 20% win rate, avg -1.58% (LOSING)
Performance: Total return +0.17% | Max drawdown 0.94% | Daily Sharpe 2.02 | 19 closed trades | Win rate 21% | Avg winner +1.83% | Avg loser -3.26% | Open positions: 4 | Equity $99,039.83
Engine P&L: legacy/unknown: realized $-1,705.68 (19 closed, 21% wins), unrealized $-64.86 (4 open) | Books: legacy: realized $-1,705.68, unrealized $-64.86
Reports: daily realized $+0.00; worst symbols none | weekly realized $-1,705.68; worst symbols HPE:-1286.89; COHR:-471.20; SNDK:-159.07; ANET:-45.31; NOW:-30.35
Shadow report: 2116 shadow candidate(s), 95 rejection group(s)
Timings: account: 0.0s | risk: 1.3s | decide: 23.3s | watchlist: 0.0s | perf: 0.0s

=== Run at 2026-08-22T20:48:26.955633 ===
Build fingerprint: 4f68550affe5
Current time: 2026-08-22 04:48 PM EDT | Market open (per Alpaca): False | Session: CLOSED
Account value: $99,039.83
Cash: $79,250.80 | Holdings (4): {'ERIE': '0.7641 sh (+2.23%)', 'GEHC': '0.6136 sh (+1.25%)', 'MS': '43.8344 sh (-3.06%)', 'MSI': '21.1281 sh (+2.28%)'}
Sector exposure (cached): Technology 10.2%, Financials 9.7%, Health Care 0.0%
Fill reconciliation: {'filled': 0, 'partial': 0, 'rejected': 1}
Open orders (2): ERIE sell 0.7641, MS sell 43.8344
Risk state: peak $99,703.60 | drawdown 0.67% | today -0.00% | halted: False
Market regime: NEUTRAL (position-size multiplier: 100% incl. circuit breaker 100%)
News: fetched 158, 0 new after dedup, 0 ticker(s) matched.
Quant pre-screen: 41/66 candidates passed.
Technical fallback (Gemini throttled/unavailable) proposed 8 trade(s) meeting the conviction bar.
Technical fallback cap omitted 18 weaker idea(s) this run.
Gemini calls used today (all models combined): 359
Market closed (overnight): queued 12 trade idea(s) for next-morning verification -- nothing submitted yet.
  -> queued COHR buy (conf 85, stop 105.5, tp 128.0)
  -> queued INTU buy (conf 82, stop 352.0, tp 390.0)
  -> queued EQT buy (conf 81, stop 51.9, tp 57.00000000000001)
  -> queued NWS buy (conf 80, stop 32.26, tp 36.5)
  -> queued DRI buy (conf None, stop 212.995, tp 229.46)
  -> queued DE buy (conf None, stop 579.5, tp 654.135)
  -> queued FDX buy (conf None, stop 317.065, tp 341.42)
  -> queued EXE buy (conf None, stop 92.66, tp 98.845)
  -> queued CVX buy (conf None, stop 189.13, tp 208.91)
  -> queued EQIX buy (conf None, stop 1030.91, tp 1106.76)
  -> queued DASH buy (conf None, stop 206.73, tp 225.9)
  -> queued MSI buy (conf None, stop 457.185, tp 486.25)
Run budget reserve reached -- skipping dashboard watchlist sync.
Run budget reserve reached -- skipping performance snapshot.
Trade journal: all: 19 trades, 21% win rate, avg -2.19% | breakout: 1 trades, 0% win rate, avg -8.61% | other: 13 trades, 23% win rate, avg -1.93% | technical: 5 trades, 20% win rate, avg -1.58%
Self-learning: breakout: 1 trades, 0% win rate, avg -8.61% (LOSING) | other: 13 trades, 23% win rate, avg -1.93% (LOSING) | technical: 5 trades, 20% win rate, avg -1.58% (LOSING)
Performance: Total return +0.17% | Max drawdown 0.94% | Daily Sharpe 2.02 | 19 closed trades | Win rate 21% | Avg winner +1.83% | Avg loser -3.26% | Open positions: 4 | Equity $99,039.83
Engine P&L: legacy/unknown: realized $-1,705.68 (19 closed, 21% wins), unrealized $-64.86 (4 open) | Books: legacy: realized $-1,705.68, unrealized $-64.86
Reports: daily realized $+0.00; worst symbols none | weekly realized $-1,705.68; worst symbols HPE:-1286.89; COHR:-471.20; SNDK:-159.07; ANET:-45.31; NOW:-30.35
Shadow report: 2116 shadow candidate(s), 95 rejection group(s)
Timings: account: 0.0s | risk: 1.2s | decide: 23.0s | watchlist: 0.0s | perf: 0.0s

=== Run at 2026-08-22T20:50:28.751191 ===
Build fingerprint: 4f68550affe5
Current time: 2026-08-22 04:50 PM EDT | Market open (per Alpaca): False | Session: CLOSED
Account value: $99,039.83
Cash: $79,250.80 | Holdings (4): {'ERIE': '0.7641 sh (+2.23%)', 'GEHC': '0.6136 sh (+1.25%)', 'MS': '43.8344 sh (-3.06%)', 'MSI': '21.1281 sh (+2.28%)'}
Sector exposure (cached): Technology 10.2%, Financials 9.7%, Health Care 0.0%
Fill reconciliation: {'filled': 0, 'partial': 0, 'rejected': 1}
Open orders (2): ERIE sell 0.7641, MS sell 43.8344
Risk state: peak $99,703.60 | drawdown 0.67% | today -0.00% | halted: False
Market regime: NEUTRAL (position-size multiplier: 100% incl. circuit breaker 100%)
News: fetched 120, 0 new after dedup, 0 ticker(s) matched.
Quant pre-screen: 41/66 candidates passed.
Gemini proposed 3 trade(s) meeting the conviction bar.
Gemini calls used today (all models combined): 360
Market closed (overnight): queued 12 trade idea(s) for next-morning verification -- nothing submitted yet.
  -> queued COHR buy (conf 85, stop 105.5, tp 128.0)
  -> queued INTU buy (conf 82, stop 352.0, tp 390.0)
  -> queued EQT buy (conf 81, stop 51.9, tp 57.00000000000001)
  -> queued NWS buy (conf 80, stop 32.26, tp 36.5)
  -> queued DRI buy (conf 85, stop 213.0, tp 229.46)
  -> queued DE buy (conf 82, stop 579.5, tp 673.87)
  -> queued FDX buy (conf None, stop 317.065, tp 341.42)
  -> queued EXE buy (conf None, stop 92.66, tp 98.845)
  -> queued CVX buy (conf 80, stop 189.13, tp 214.65)
  -> queued EQIX buy (conf None, stop 1030.91, tp 1106.76)
  -> queued DASH buy (conf None, stop 206.73, tp 225.9)
  -> queued MSI buy (conf None, stop 457.185, tp 486.25)
Dashboard watchlist synced (7 symbols) for news/headlines.
Ending portfolio value: $99,039.83
Trade journal: all: 19 trades, 21% win rate, avg -2.19% | breakout: 1 trades, 0% win rate, avg -8.61% | other: 13 trades, 23% win rate, avg -1.93% | technical: 5 trades, 20% win rate, avg -1.58%
Self-learning: breakout: 1 trades, 0% win rate, avg -8.61% (LOSING) | other: 13 trades, 23% win rate, avg -1.93% (LOSING) | technical: 5 trades, 20% win rate, avg -1.58% (LOSING)
Performance: Total return +0.17% | Max drawdown 0.94% | Daily Sharpe 2.02 | 19 closed trades | Win rate 21% | Avg winner +1.83% | Avg loser -3.26% | Open positions: 4 | Equity $99,039.83
Engine P&L: legacy/unknown: realized $-1,705.68 (19 closed, 21% wins), unrealized $-64.86 (4 open) | Books: legacy: realized $-1,705.68, unrealized $-64.86
Reports: daily realized $+0.00; worst symbols none | weekly realized $-1,705.68; worst symbols HPE:-1286.89; COHR:-471.20; SNDK:-159.07; ANET:-45.31; NOW:-30.35
Shadow report: 2116 shadow candidate(s), 95 rejection group(s)
Timings: account: 0.0s | risk: 0.7s | decide: 13.5s | watchlist: 0.1s | perf: 0.1s

=== Run at 2026-08-22T20:52:24.594037 ===
Build fingerprint: 4f68550affe5
Current time: 2026-08-22 04:52 PM EDT | Market open (per Alpaca): False | Session: CLOSED
Account value: $99,039.83
Cash: $79,250.80 | Holdings (4): {'ERIE': '0.7641 sh (+2.23%)', 'GEHC': '0.6136 sh (+1.25%)', 'MS': '43.8344 sh (-3.06%)', 'MSI': '21.1281 sh (+2.28%)'}
Sector exposure (cached): Technology 10.2%, Financials 9.7%, Health Care 0.0%
Fill reconciliation: {'filled': 0, 'partial': 0, 'rejected': 1}
Open orders (2): ERIE sell 0.7641, MS sell 43.8344
Risk state: peak $99,703.60 | drawdown 0.67% | today -0.00% | halted: False
Market regime: NEUTRAL (position-size multiplier: 100% incl. circuit breaker 100%)
News: fetched 158, 1 new after dedup, 0 ticker(s) matched.
Quant pre-screen: 41/66 candidates passed.
Gemini proposed 2 trade(s) meeting the conviction bar.
Gemini calls used today (all models combined): 361
Market closed (overnight): queued 12 trade idea(s) for next-morning verification -- nothing submitted yet.
  -> queued COHR buy (conf 85, stop 105.5, tp 128.0)
  -> queued INTU buy (conf 82, stop 352.0, tp 390.0)
  -> queued EQT buy (conf 81, stop 51.9, tp 57.00000000000001)
  -> queued NWS buy (conf 80, stop 32.26, tp 36.5)
  -> queued DRI buy (conf 88, stop 213.0, tp 229.46)
  -> queued DE buy (conf 85, stop 579.5, tp 654.13)
  -> queued FDX buy (conf None, stop 317.065, tp 341.42)
  -> queued EXE buy (conf None, stop 92.66, tp 98.845)
  -> queued CVX buy (conf 80, stop 189.13, tp 214.65)
  -> queued EQIX buy (conf None, stop 1030.91, tp 1106.76)
  -> queued DASH buy (conf None, stop 206.73, tp 225.9)
  -> queued MSI buy (conf None, stop 457.185, tp 486.25)
Dashboard watchlist synced (6 symbols) for news/headlines.
Ending portfolio value: $99,039.83
Trade journal: all: 19 trades, 21% win rate, avg -2.19% | breakout: 1 trades, 0% win rate, avg -8.61% | other: 13 trades, 23% win rate, avg -1.93% | technical: 5 trades, 20% win rate, avg -1.58%
Self-learning: breakout: 1 trades, 0% win rate, avg -8.61% (LOSING) | other: 13 trades, 23% win rate, avg -1.93% (LOSING) | technical: 5 trades, 20% win rate, avg -1.58% (LOSING)
Performance: Total return +0.17% | Max drawdown 0.94% | Daily Sharpe 2.02 | 19 closed trades | Win rate 21% | Avg winner +1.83% | Avg loser -3.26% | Open positions: 4 | Equity $99,039.83
Engine P&L: legacy/unknown: realized $-1,705.68 (19 closed, 21% wins), unrealized $-64.86 (4 open) | Books: legacy: realized $-1,705.68, unrealized $-64.86
Reports: daily realized $+0.00; worst symbols none | weekly realized $-1,705.68; worst symbols HPE:-1286.89; COHR:-471.20; SNDK:-159.07; ANET:-45.31; NOW:-30.35
Shadow report: 2116 shadow candidate(s), 95 rejection group(s)
Timings: account: 0.0s | risk: 0.4s | decide: 3.7s | watchlist: 0.1s | perf: 0.2s

=== Run at 2026-08-22T20:54:24.688483 ===
Build fingerprint: 4f68550affe5
Current time: 2026-08-22 04:54 PM EDT | Market open (per Alpaca): False | Session: CLOSED
Account value: $99,039.83
Cash: $79,250.80 | Holdings (4): {'ERIE': '0.7641 sh (+2.23%)', 'GEHC': '0.6136 sh (+1.25%)', 'MS': '43.8344 sh (-3.06%)', 'MSI': '21.1281 sh (+2.28%)'}
Sector exposure (cached): Technology 10.2%, Financials 9.7%, Health Care 0.0%
Fill reconciliation: {'filled': 0, 'partial': 0, 'rejected': 1}
Open orders (2): ERIE sell 0.7641, MS sell 43.8344
Risk state: peak $99,703.60 | drawdown 0.67% | today -0.00% | halted: False
Market regime: NEUTRAL (position-size multiplier: 100% incl. circuit breaker 100%)
News: fetched 158, 1 new after dedup, 0 ticker(s) matched.
Quant pre-screen: 41/66 candidates passed.
Gemini proposed 2 trade(s) meeting the conviction bar.
Gemini calls used today (all models combined): 362
Market closed (overnight): queued 12 trade idea(s) for next-morning verification -- nothing submitted yet.
  -> queued COHR buy (conf 85, stop 105.5, tp 128.0)
  -> queued INTU buy (conf 82, stop 352.0, tp 390.0)
  -> queued EQT buy (conf 81, stop 51.9, tp 57.00000000000001)
  -> queued NWS buy (conf 80, stop 32.26, tp 36.5)
  -> queued DRI buy (conf 82, stop 213.0, tp 235.0)
  -> queued DE buy (conf 85, stop 605.0, tp 690.0)
  -> queued FDX buy (conf None, stop 317.065, tp 341.42)
  -> queued EXE buy (conf None, stop 92.66, tp 98.845)
  -> queued CVX buy (conf 80, stop 189.13, tp 214.65)
  -> queued EQIX buy (conf None, stop 1030.91, tp 1106.76)
  -> queued DASH buy (conf None, stop 206.73, tp 225.9)
  -> queued MSI buy (conf None, stop 457.185, tp 486.25)
Dashboard watchlist synced (6 symbols) for news/headlines.
Ending portfolio value: $99,039.83
Trade journal: all: 19 trades, 21% win rate, avg -2.19% | breakout: 1 trades, 0% win rate, avg -8.61% | other: 13 trades, 23% win rate, avg -1.93% | technical: 5 trades, 20% win rate, avg -1.58%
Self-learning: breakout: 1 trades, 0% win rate, avg -8.61% (LOSING) | other: 13 trades, 23% win rate, avg -1.93% (LOSING) | technical: 5 trades, 20% win rate, avg -1.58% (LOSING)
Performance: Total return +0.17% | Max drawdown 0.94% | Daily Sharpe 2.02 | 19 closed trades | Win rate 21% | Avg winner +1.83% | Avg loser -3.26% | Open positions: 4 | Equity $99,039.83
Engine P&L: legacy/unknown: realized $-1,705.68 (19 closed, 21% wins), unrealized $-64.86 (4 open) | Books: legacy: realized $-1,705.68, unrealized $-64.86
Reports: daily realized $+0.00; worst symbols none | weekly realized $-1,705.68; worst symbols HPE:-1286.89; COHR:-471.20; SNDK:-159.07; ANET:-45.31; NOW:-30.35
Shadow report: 2116 shadow candidate(s), 95 rejection group(s)
Timings: account: 0.0s | risk: 0.2s | decide: 3.4s | watchlist: 0.0s | perf: 0.0s

=== Run at 2026-08-22T20:56:23.238494 ===
Build fingerprint: 4f68550affe5
Current time: 2026-08-22 04:56 PM EDT | Market open (per Alpaca): False | Session: CLOSED
Account value: $99,039.83
Cash: $79,250.80 | Holdings (4): {'ERIE': '0.7641 sh (+2.23%)', 'GEHC': '0.6136 sh (+1.25%)', 'MS': '43.8344 sh (-3.06%)', 'MSI': '21.1281 sh (+2.28%)'}
Sector exposure (cached): Technology 10.2%, Financials 9.7%, Health Care 0.0%
Fill reconciliation: {'filled': 0, 'partial': 0, 'rejected': 1}
Open orders (2): ERIE sell 0.7641, MS sell 43.8344
Risk state: peak $99,703.60 | drawdown 0.67% | today -0.00% | halted: False
Market regime: NEUTRAL (position-size multiplier: 100% incl. circuit breaker 100%)
News: fetched 158, 0 new after dedup, 0 ticker(s) matched.
Quant pre-screen: 41/66 candidates passed.
Gemini proposed 2 trade(s) meeting the conviction bar.
Gemini calls used today (all models combined): 363
Market closed (overnight): queued 12 trade idea(s) for next-morning verification -- nothing submitted yet.
  -> queued COHR buy (conf 85, stop 105.5, tp 128.0)
  -> queued INTU buy (conf 82, stop 352.0, tp 390.0)
  -> queued EQT buy (conf 81, stop 51.9, tp 57.00000000000001)
  -> queued NWS buy (conf 80, stop 32.26, tp 36.5)
  -> queued DRI buy (conf 85, stop 213.0, tp 235.0)
  -> queued DE buy (conf 88, stop 625.0, tp 680.0)
  -> queued FDX buy (conf None, stop 317.065, tp 341.42)
  -> queued EXE buy (conf None, stop 92.66, tp 98.845)
  -> queued CVX buy (conf 80, stop 189.13, tp 214.65)
  -> queued EQIX buy (conf None, stop 1030.91, tp 1106.76)
  -> queued DASH buy (conf None, stop 206.73, tp 225.9)
  -> queued MSI buy (conf None, stop 457.185, tp 486.25)
Dashboard watchlist synced (6 symbols) for news/headlines.
Ending portfolio value: $99,039.83
Trade journal: all: 19 trades, 21% win rate, avg -2.19% | breakout: 1 trades, 0% win rate, avg -8.61% | other: 13 trades, 23% win rate, avg -1.93% | technical: 5 trades, 20% win rate, avg -1.58%
Self-learning: breakout: 1 trades, 0% win rate, avg -8.61% (LOSING) | other: 13 trades, 23% win rate, avg -1.93% (LOSING) | technical: 5 trades, 20% win rate, avg -1.58% (LOSING)
Performance: Total return +0.17% | Max drawdown 0.94% | Daily Sharpe 2.02 | 19 closed trades | Win rate 21% | Avg winner +1.83% | Avg loser -3.26% | Open positions: 4 | Equity $99,039.83
Engine P&L: legacy/unknown: realized $-1,705.68 (19 closed, 21% wins), unrealized $-64.86 (4 open) | Books: legacy: realized $-1,705.68, unrealized $-64.86
Reports: daily realized $+0.00; worst symbols none | weekly realized $-1,705.68; worst symbols HPE:-1286.89; COHR:-471.20; SNDK:-159.07; ANET:-45.31; NOW:-30.35
Shadow report: 2116 shadow candidate(s), 95 rejection group(s)
Timings: account: 0.0s | risk: 0.2s | decide: 2.8s | watchlist: 0.0s | perf: 0.0s

=== Run at 2026-08-22T20:58:24.416438 ===
Build fingerprint: 4f68550affe5
Current time: 2026-08-22 04:58 PM EDT | Market open (per Alpaca): False | Session: CLOSED
Account value: $99,039.83
Cash: $79,250.80 | Holdings (4): {'ERIE': '0.7641 sh (+2.23%)', 'GEHC': '0.6136 sh (+1.25%)', 'MS': '43.8344 sh (-3.06%)', 'MSI': '21.1281 sh (+2.28%)'}
Sector exposure (cached): Technology 10.2%, Financials 9.7%, Health Care 0.0%
Fill reconciliation: {'filled': 0, 'partial': 0, 'rejected': 1}
Open orders (2): ERIE sell 0.7641, MS sell 43.8344
Risk state: peak $99,703.60 | drawdown 0.67% | today -0.00% | halted: False
Market regime: NEUTRAL (position-size multiplier: 100% incl. circuit breaker 100%)
News: fetched 158, 2 new after dedup, 0 ticker(s) matched.
Quant pre-screen: 41/66 candidates passed.
Gemini proposed 2 trade(s) meeting the conviction bar.
Gemini calls used today (all models combined): 364
Market closed (overnight): queued 12 trade idea(s) for next-morning verification -- nothing submitted yet.
  -> queued COHR buy (conf 85, stop 105.5, tp 128.0)
  -> queued INTU buy (conf 82, stop 352.0, tp 390.0)
  -> queued EQT buy (conf 81, stop 51.9, tp 57.00000000000001)
  -> queued NWS buy (conf 80, stop 32.26, tp 36.5)
  -> queued DRI buy (conf 85, stop 213.0, tp 229.46)
  -> queued DE buy (conf 82, stop 579.5, tp 673.87)
  -> queued FDX buy (conf None, stop 317.065, tp 341.42)
  -> queued EXE buy (conf None, stop 92.66, tp 98.845)
  -> queued CVX buy (conf 80, stop 189.13, tp 214.65)
  -> queued EQIX buy (conf None, stop 1030.91, tp 1106.76)
  -> queued DASH buy (conf None, stop 206.73, tp 225.9)
  -> queued MSI buy (conf None, stop 457.185, tp 486.25)
Dashboard watchlist synced (6 symbols) for news/headlines.
Ending portfolio value: $99,039.83
Trade journal: all: 19 trades, 21% win rate, avg -2.19% | breakout: 1 trades, 0% win rate, avg -8.61% | other: 13 trades, 23% win rate, avg -1.93% | technical: 5 trades, 20% win rate, avg -1.58%
Self-learning: breakout: 1 trades, 0% win rate, avg -8.61% (LOSING) | other: 13 trades, 23% win rate, avg -1.93% (LOSING) | technical: 5 trades, 20% win rate, avg -1.58% (LOSING)
Performance: Total return +0.17% | Max drawdown 0.94% | Daily Sharpe 2.02 | 19 closed trades | Win rate 21% | Avg winner +1.83% | Avg loser -3.26% | Open positions: 4 | Equity $99,039.83
Engine P&L: legacy/unknown: realized $-1,705.68 (19 closed, 21% wins), unrealized $-64.86 (4 open) | Books: legacy: realized $-1,705.68, unrealized $-64.86
Reports: daily realized $+0.00; worst symbols none | weekly realized $-1,705.68; worst symbols HPE:-1286.89; COHR:-471.20; SNDK:-159.07; ANET:-45.31; NOW:-30.35
Shadow report: 2116 shadow candidate(s), 95 rejection group(s)
Timings: account: 0.0s | risk: 0.2s | decide: 4.5s | watchlist: 0.0s | perf: 0.0s

=== Run at 2026-08-22T21:00:33.797767 ===
Build fingerprint: 4f68550affe5
Current time: 2026-08-22 05:00 PM EDT | Market open (per Alpaca): False | Session: CLOSED
Account value: $99,039.83
Cash: $79,250.80 | Holdings (4): {'ERIE': '0.7641 sh (+2.23%)', 'GEHC': '0.6136 sh (+1.25%)', 'MS': '43.8344 sh (-3.06%)', 'MSI': '21.1281 sh (+2.28%)'}
Sector exposure (cached): Technology 10.2%, Financials 9.7%, Health Care 0.0%
Fill reconciliation: {'filled': 0, 'partial': 0, 'rejected': 1}
Open orders (2): ERIE sell 0.7641, MS sell 43.8344
Risk state: peak $99,703.60 | drawdown 0.67% | today -0.00% | halted: False
Market regime: NEUTRAL (position-size multiplier: 100% incl. circuit breaker 100%)
News: fetched 158, 0 new after dedup, 0 ticker(s) matched.
Quant pre-screen: 12/18 candidates passed.
Technical fallback (Gemini throttled/unavailable) proposed 8 trade(s) meeting the conviction bar.
Technical fallback cap omitted 1 weaker idea(s) this run.
Gemini calls used today (all models combined): 364
Market closed (overnight): queued 12 trade idea(s) for next-morning verification -- nothing submitted yet.
  -> queued COHR buy (conf 85, stop 105.5, tp 128.0)
  -> queued INTU buy (conf 82, stop 352.0, tp 390.0)
  -> queued EQT buy (conf 81, stop 51.9, tp 57.00000000000001)
  -> queued NWS buy (conf 80, stop 32.26, tp 36.5)
  -> queued CVX buy (conf 80, stop 189.13, tp 214.65)
  -> queued DRI buy (conf None, stop 212.995, tp 229.46)
  -> queued DE buy (conf None, stop 579.5, tp 654.135)
  -> queued FDX buy (conf None, stop 317.065, tp 341.42)
  -> queued EXE buy (conf None, stop 92.66, tp 98.845)
  -> queued EQIX buy (conf None, stop 1030.91, tp 1106.76)
  -> queued DASH buy (conf None, stop 206.73, tp 225.9)
  -> queued MSI buy (conf None, stop 457.185, tp 486.25)
Dashboard watchlist synced (11 symbols) for news/headlines.
Ending portfolio value: $99,039.83
Trade journal: all: 19 trades, 21% win rate, avg -2.19% | breakout: 1 trades, 0% win rate, avg -8.61% | other: 13 trades, 23% win rate, avg -1.93% | technical: 5 trades, 20% win rate, avg -1.58%
Self-learning: breakout: 1 trades, 0% win rate, avg -8.61% (LOSING) | other: 13 trades, 23% win rate, avg -1.93% (LOSING) | technical: 5 trades, 20% win rate, avg -1.58% (LOSING)
Performance: Total return +0.17% | Max drawdown 0.94% | Daily Sharpe 2.02 | 19 closed trades | Win rate 21% | Avg winner +1.83% | Avg loser -3.26% | Open positions: 4 | Equity $99,039.83
Engine P&L: legacy/unknown: realized $-1,705.68 (19 closed, 21% wins), unrealized $-64.86 (4 open) | Books: legacy: realized $-1,705.68, unrealized $-64.86
Reports: daily realized $+0.00; worst symbols none | weekly realized $-1,705.68; worst symbols HPE:-1286.89; COHR:-471.20; SNDK:-159.07; ANET:-45.31; NOW:-30.35
Shadow report: 2116 shadow candidate(s), 95 rejection group(s)
Timings: account: 0.0s | risk: 0.2s | decide: 23.6s | watchlist: 0.0s | perf: 0.0s

=== Run at 2026-08-22T21:02:30.234922 ===
Build fingerprint: 4f68550affe5
Current time: 2026-08-22 05:02 PM EDT | Market open (per Alpaca): False | Session: CLOSED
Account value: $99,039.83
Cash: $79,250.80 | Holdings (4): {'ERIE': '0.7641 sh (+2.23%)', 'GEHC': '0.6136 sh (+1.25%)', 'MS': '43.8344 sh (-3.06%)', 'MSI': '21.1281 sh (+2.28%)'}
Sector exposure (cached): Technology 10.2%, Financials 9.7%, Health Care 0.0%
Fill reconciliation: {'filled': 0, 'partial': 0, 'rejected': 1}
Open orders (2): ERIE sell 0.7641, MS sell 43.8344
Risk state: peak $99,703.60 | drawdown 0.67% | today -0.00% | halted: False
Market regime: NEUTRAL (position-size multiplier: 100% incl. circuit breaker 100%)
News: fetched 158, 2 new after dedup, 0 ticker(s) matched.
Quant pre-screen: 19/30 candidates passed.
Gemini proposed 2 trade(s) meeting the conviction bar.
Gemini calls used today (all models combined): 365
Market closed (overnight): queued 12 trade idea(s) for next-morning verification -- nothing submitted yet.
  -> queued COHR buy (conf 85, stop 105.5, tp 128.0)
  -> queued INTU buy (conf 82, stop 352.0, tp 390.0)
  -> queued EQT buy (conf 81, stop 51.9, tp 57.00000000000001)
  -> queued NWS buy (conf 80, stop 32.26, tp 36.5)
  -> queued CVX buy (conf 80, stop 189.13, tp 215.00000000000003)
  -> queued DRI buy (conf 85, stop 213.0, tp 235.00000000000003)
  -> queued DE buy (conf None, stop 579.5, tp 654.135)
  -> queued FDX buy (conf None, stop 317.065, tp 341.42)
  -> queued EXE buy (conf None, stop 92.66, tp 98.845)
  -> queued EQIX buy (conf None, stop 1030.91, tp 1106.76)
  -> queued DASH buy (conf None, stop 206.73, tp 225.9)
  -> queued MSI buy (conf None, stop 457.185, tp 486.25)
Dashboard watchlist synced (6 symbols) for news/headlines.
Ending portfolio value: $99,039.83
Trade journal: all: 19 trades, 21% win rate, avg -2.19% | breakout: 1 trades, 0% win rate, avg -8.61% | other: 13 trades, 23% win rate, avg -1.93% | technical: 5 trades, 20% win rate, avg -1.58%
Self-learning: breakout: 1 trades, 0% win rate, avg -8.61% (LOSING) | other: 13 trades, 23% win rate, avg -1.93% (LOSING) | technical: 5 trades, 20% win rate, avg -1.58% (LOSING)
Performance: Total return +0.17% | Max drawdown 0.94% | Daily Sharpe 2.02 | 19 closed trades | Win rate 21% | Avg winner +1.83% | Avg loser -3.26% | Open positions: 4 | Equity $99,039.83
Engine P&L: legacy/unknown: realized $-1,705.68 (19 closed, 21% wins), unrealized $-64.86 (4 open) | Books: legacy: realized $-1,705.68, unrealized $-64.86
Reports: daily realized $+0.00; worst symbols none | weekly realized $-1,705.68; worst symbols HPE:-1286.89; COHR:-471.20; SNDK:-159.07; ANET:-45.31; NOW:-30.35
Shadow report: 2116 shadow candidate(s), 95 rejection group(s)
Timings: account: 0.0s | risk: 0.8s | decide: 6.8s | watchlist: 0.1s | perf: 0.1s

=== Run at 2026-08-22T21:04:27.359771 ===
Build fingerprint: 4f68550affe5
Current time: 2026-08-22 05:04 PM EDT | Market open (per Alpaca): False | Session: CLOSED
Account value: $99,039.83
Cash: $79,250.80 | Holdings (4): {'ERIE': '0.7641 sh (+2.23%)', 'GEHC': '0.6136 sh (+1.25%)', 'MS': '43.8344 sh (-3.06%)', 'MSI': '21.1281 sh (+2.28%)'}
Sector exposure (cached): Technology 10.2%, Financials 9.7%, Health Care 0.0%
Fill reconciliation: {'filled': 0, 'partial': 0, 'rejected': 1}
Open orders (2): ERIE sell 0.7641, MS sell 43.8344
Risk state: peak $99,703.60 | drawdown 0.67% | today -0.00% | halted: False
Market regime: NEUTRAL (position-size multiplier: 100% incl. circuit breaker 100%)
News: fetched 158, 1 new after dedup, 0 ticker(s) matched.
Quant pre-screen: 26/42 candidates passed.
Technical fallback (Gemini throttled/unavailable) proposed 8 trade(s) meeting the conviction bar.
Technical fallback cap omitted 8 weaker idea(s) this run.
Gemini calls used today (all models combined): 365
Market closed (overnight): queued 12 trade idea(s) for next-morning verification -- nothing submitted yet.
  -> queued COHR buy (conf 85, stop 105.5, tp 128.0)
  -> queued EQT buy (conf 81, stop 51.9, tp 57.00000000000001)
  -> queued NWS buy (conf 80, stop 32.26, tp 36.5)
  -> queued DRI buy (conf None, stop 212.995, tp 229.46)
  -> queued DE buy (conf None, stop 579.5, tp 654.135)
  -> queued FDX buy (conf None, stop 317.065, tp 341.42)
  -> queued CVX buy (conf None, stop 189.13, tp 208.91)
  -> queued EXE buy (conf None, stop 92.66, tp 98.845)
  -> queued EQIX buy (conf None, stop 1030.91, tp 1106.76)
  -> queued DASH buy (conf None, stop 206.73, tp 225.9)
  -> queued MSI buy (conf None, stop 457.185, tp 486.25)
  -> queued DVN buy (conf None, stop 43.65, tp 49.72)
Run budget reserve reached -- skipping dashboard watchlist sync.
Run budget reserve reached -- skipping performance snapshot.
Trade journal: all: 19 trades, 21% win rate, avg -2.19% | breakout: 1 trades, 0% win rate, avg -8.61% | other: 13 trades, 23% win rate, avg -1.93% | technical: 5 trades, 20% win rate, avg -1.58%
Self-learning: breakout: 1 trades, 0% win rate, avg -8.61% (LOSING) | other: 13 trades, 23% win rate, avg -1.93% (LOSING) | technical: 5 trades, 20% win rate, avg -1.58% (LOSING)
Performance: Total return +0.17% | Max drawdown 0.94% | Daily Sharpe 2.02 | 19 closed trades | Win rate 21% | Avg winner +1.83% | Avg loser -3.26% | Open positions: 4 | Equity $99,039.83
Engine P&L: legacy/unknown: realized $-1,705.68 (19 closed, 21% wins), unrealized $-64.86 (4 open) | Books: legacy: realized $-1,705.68, unrealized $-64.86
Reports: daily realized $+0.00; worst symbols none | weekly realized $-1,705.68; worst symbols HPE:-1286.89; COHR:-471.20; SNDK:-159.07; ANET:-45.31; NOW:-30.35
Shadow report: 2116 shadow candidate(s), 95 rejection group(s)
Timings: account: 0.0s | risk: 1.0s | decide: 23.6s | watchlist: 0.0s | perf: 0.0s

=== Run at 2026-08-22T21:06:27.619403 ===
Build fingerprint: 4f68550affe5
Current time: 2026-08-22 05:06 PM EDT | Market open (per Alpaca): False | Session: CLOSED
Account value: $99,039.83
Cash: $79,250.80 | Holdings (4): {'ERIE': '0.7641 sh (+2.23%)', 'GEHC': '0.6136 sh (+1.25%)', 'MS': '43.8344 sh (-3.06%)', 'MSI': '21.1281 sh (+2.28%)'}
Sector exposure (cached): Technology 10.2%, Financials 9.7%, Health Care 0.0%
Fill reconciliation: {'filled': 0, 'partial': 0, 'rejected': 1}
Open orders (2): ERIE sell 0.7641, MS sell 43.8344
Risk state: peak $99,703.60 | drawdown 0.67% | today -0.00% | halted: False
Market regime: NEUTRAL (position-size multiplier: 100% incl. circuit breaker 100%)
News: fetched 158, 2 new after dedup, 0 ticker(s) matched.
Quant pre-screen: 35/54 candidates passed.
Gemini proposed 2 trade(s) meeting the conviction bar.
Gemini calls used today (all models combined): 366
Market closed (overnight): queued 12 trade idea(s) for next-morning verification -- nothing submitted yet.
  -> queued COHR buy (conf 85, stop 105.5, tp 128.0)
  -> queued EQT buy (conf 81, stop 51.9, tp 57.00000000000001)
  -> queued NWS buy (conf 80, stop 32.26, tp 36.5)
  -> queued DRI buy (conf 88, stop 213.0, tp 229.46)
  -> queued DE buy (conf 85, stop 625.0, tp 673.87)
  -> queued FDX buy (conf None, stop 317.065, tp 341.42)
  -> queued CVX buy (conf None, stop 189.13, tp 208.91)
  -> queued EXE buy (conf None, stop 92.66, tp 98.845)
  -> queued EQIX buy (conf None, stop 1030.91, tp 1106.76)
  -> queued DASH buy (conf None, stop 206.73, tp 225.9)
  -> queued MSI buy (conf None, stop 457.185, tp 486.25)
  -> queued DVN buy (conf None, stop 43.65, tp 49.72)
Dashboard watchlist synced (6 symbols) for news/headlines.
Ending portfolio value: $99,039.83
Trade journal: all: 19 trades, 21% win rate, avg -2.19% | breakout: 1 trades, 0% win rate, avg -8.61% | other: 13 trades, 23% win rate, avg -1.93% | technical: 5 trades, 20% win rate, avg -1.58%
Self-learning: breakout: 1 trades, 0% win rate, avg -8.61% (LOSING) | other: 13 trades, 23% win rate, avg -1.93% (LOSING) | technical: 5 trades, 20% win rate, avg -1.58% (LOSING)
Performance: Total return +0.17% | Max drawdown 0.94% | Daily Sharpe 2.02 | 19 closed trades | Win rate 21% | Avg winner +1.83% | Avg loser -3.26% | Open positions: 4 | Equity $99,039.83
Engine P&L: legacy/unknown: realized $-1,705.68 (19 closed, 21% wins), unrealized $-64.86 (4 open) | Books: legacy: realized $-1,705.68, unrealized $-64.86
Reports: daily realized $+0.00; worst symbols none | weekly realized $-1,705.68; worst symbols HPE:-1286.89; COHR:-471.20; SNDK:-159.07; ANET:-45.31; NOW:-30.35
Shadow report: 2116 shadow candidate(s), 95 rejection group(s)
Timings: account: 0.0s | risk: 0.7s | decide: 7.7s | watchlist: 0.1s | perf: 0.1s

=== Run at 2026-08-22T21:08:33.303551 ===
Build fingerprint: 4f68550affe5
Current time: 2026-08-22 05:08 PM EDT | Market open (per Alpaca): False | Session: CLOSED
Account value: $99,039.83
Cash: $79,250.80 | Holdings (4): {'ERIE': '0.7641 sh (+2.23%)', 'GEHC': '0.6136 sh (+1.25%)', 'MS': '43.8344 sh (-3.06%)', 'MSI': '21.1281 sh (+2.28%)'}
Sector exposure (cached): Technology 10.2%, Financials 9.7%, Health Care 0.0%
Fill reconciliation: {'filled': 0, 'partial': 0, 'rejected': 1}
Open orders (2): ERIE sell 0.7641, MS sell 43.8344
Risk state: peak $99,703.60 | drawdown 0.67% | today -0.00% | halted: False
Market regime: NEUTRAL (position-size multiplier: 100% incl. circuit breaker 100%)
News: fetched 158, 0 new after dedup, 0 ticker(s) matched.
Quant pre-screen: 42/66 candidates passed.
Gemini proposed 2 trade(s) meeting the conviction bar.
Gemini calls used today (all models combined): 367
Market closed (overnight): queued 12 trade idea(s) for next-morning verification -- nothing submitted yet.
  -> queued COHR buy (conf 85, stop 105.5, tp 128.0)
  -> queued EQT buy (conf 81, stop 51.9, tp 57.00000000000001)
  -> queued NWS buy (conf 80, stop 32.26, tp 36.5)
  -> queued DRI buy (conf 88, stop 213.0, tp 229.46)
  -> queued DE buy (conf 85, stop 579.5, tp 654.13)
  -> queued FDX buy (conf None, stop 317.065, tp 341.42)
  -> queued CVX buy (conf None, stop 189.13, tp 208.91)
  -> queued EXE buy (conf None, stop 92.66, tp 98.845)
  -> queued EQIX buy (conf None, stop 1030.91, tp 1106.76)
  -> queued DASH buy (conf None, stop 206.73, tp 225.9)
  -> queued MSI buy (conf None, stop 457.185, tp 486.25)
  -> queued DVN buy (conf None, stop 43.65, tp 49.72)
Dashboard watchlist synced (6 symbols) for news/headlines.
Ending portfolio value: $99,039.83
Trade journal: all: 19 trades, 21% win rate, avg -2.19% | breakout: 1 trades, 0% win rate, avg -8.61% | other: 13 trades, 23% win rate, avg -1.93% | technical: 5 trades, 20% win rate, avg -1.58%
Self-learning: breakout: 1 trades, 0% win rate, avg -8.61% (LOSING) | other: 13 trades, 23% win rate, avg -1.93% (LOSING) | technical: 5 trades, 20% win rate, avg -1.58% (LOSING)
Performance: Total return +0.17% | Max drawdown 0.94% | Daily Sharpe 2.02 | 19 closed trades | Win rate 21% | Avg winner +1.83% | Avg loser -3.26% | Open positions: 4 | Equity $99,039.83
Engine P&L: legacy/unknown: realized $-1,705.68 (19 closed, 21% wins), unrealized $-64.86 (4 open) | Books: legacy: realized $-1,705.68, unrealized $-64.86
Reports: daily realized $+0.00; worst symbols none | weekly realized $-1,705.68; worst symbols HPE:-1286.89; COHR:-471.20; SNDK:-159.07; ANET:-45.31; NOW:-30.35
Shadow report: 2116 shadow candidate(s), 95 rejection group(s)
Timings: account: 0.0s | risk: 1.3s | decide: 21.3s | watchlist: 0.1s | perf: 0.1s

=== Run at 2026-08-22T21:10:30.521530 ===
Build fingerprint: 4f68550affe5
Current time: 2026-08-22 05:10 PM EDT | Market open (per Alpaca): False | Session: CLOSED
Account value: $99,039.83
Cash: $79,250.80 | Holdings (4): {'ERIE': '0.7641 sh (+2.23%)', 'GEHC': '0.6136 sh (+1.25%)', 'MS': '43.8344 sh (-3.06%)', 'MSI': '21.1281 sh (+2.28%)'}
Sector exposure (cached): Technology 10.2%, Financials 9.7%, Health Care 0.0%
Fill reconciliation: {'filled': 0, 'partial': 0, 'rejected': 1}
Open orders (2): ERIE sell 0.7641, MS sell 43.8344
Risk state: peak $99,703.60 | drawdown 0.67% | today -0.00% | halted: False
Market regime: NEUTRAL (position-size multiplier: 100% incl. circuit breaker 100%)
News: fetched 158, 0 new after dedup, 0 ticker(s) matched.
Quant pre-screen: 42/66 candidates passed.
Gemini proposed 1 trade(s) meeting the conviction bar.
Gemini calls used today (all models combined): 368
Market closed (overnight): queued 12 trade idea(s) for next-morning verification -- nothing submitted yet.
  -> queued COHR buy (conf 85, stop 105.5, tp 128.0)
  -> queued EQT buy (conf 81, stop 51.9, tp 57.00000000000001)
  -> queued NWS buy (conf 80, stop 32.26, tp 36.5)
  -> queued DRI buy (conf 88, stop 213.0, tp 229.46)
  -> queued DE buy (conf 85, stop 579.5, tp 654.13)
  -> queued FDX buy (conf None, stop 317.065, tp 341.42)
  -> queued CVX buy (conf None, stop 189.13, tp 208.91)
  -> queued EXE buy (conf None, stop 92.66, tp 98.845)
  -> queued EQIX buy (conf None, stop 1030.91, tp 1106.76)
  -> queued DASH buy (conf None, stop 206.73, tp 225.9)
  -> queued MSI buy (conf None, stop 457.185, tp 486.25)
  -> queued DVN buy (conf None, stop 43.65, tp 49.72)
Dashboard watchlist synced (5 symbols) for news/headlines.
Ending portfolio value: $99,039.83
Trade journal: all: 19 trades, 21% win rate, avg -2.19% | breakout: 1 trades, 0% win rate, avg -8.61% | other: 13 trades, 23% win rate, avg -1.93% | technical: 5 trades, 20% win rate, avg -1.58%
Self-learning: breakout: 1 trades, 0% win rate, avg -8.61% (LOSING) | other: 13 trades, 23% win rate, avg -1.93% (LOSING) | technical: 5 trades, 20% win rate, avg -1.58% (LOSING)
Performance: Total return +0.17% | Max drawdown 0.94% | Daily Sharpe 2.02 | 19 closed trades | Win rate 21% | Avg winner +1.83% | Avg loser -3.26% | Open positions: 4 | Equity $99,039.83
Engine P&L: legacy/unknown: realized $-1,705.68 (19 closed, 21% wins), unrealized $-64.86 (4 open) | Books: legacy: realized $-1,705.68, unrealized $-64.86
Reports: daily realized $+0.00; worst symbols none | weekly realized $-1,705.68; worst symbols HPE:-1286.89; COHR:-471.20; SNDK:-159.07; ANET:-45.31; NOW:-30.35
Shadow report: 2116 shadow candidate(s), 95 rejection group(s)
Timings: account: 0.0s | risk: 1.0s | decide: 14.6s | watchlist: 0.1s | perf: 0.1s

=== Run at 2026-08-22T21:12:59.542281 ===
=== Run at 2026-08-22T21:12:27.112282 ===
Build fingerprint: 4f68550affe5
Current time: 2026-08-22 05:12 PM EDT | Market open (per Alpaca): False | Session: CLOSED
Account value: $99,039.83
Cash: $79,250.80 | Holdings (4): {'ERIE': '0.7641 sh (+2.23%)', 'GEHC': '0.6136 sh (+1.25%)', 'MS': '43.8344 sh (-3.06%)', 'MSI': '21.1281 sh (+2.28%)'}
Sector exposure (cached): Technology 10.2%, Financials 9.7%, Health Care 0.0%
Fill reconciliation: {'filled': 0, 'partial': 0, 'rejected': 1}
Open orders (2): ERIE sell 0.7641, MS sell 43.8344
Risk state: peak $99,703.60 | drawdown 0.67% | today -0.00% | halted: False
Market regime: NEUTRAL (position-size multiplier: 100% incl. circuit breaker 100%)
News: fetched 158, 0 new after dedup, 0 ticker(s) matched.
Quant pre-screen: 42/66 candidates passed.
Gemini proposed 2 trade(s) meeting the conviction bar.
Gemini proposed 3 trade(s) meeting the conviction bar.
Gemini calls used today (all models combined): 369
Market closed (overnight): queued 12 trade idea(s) for next-morning verification -- nothing submitted yet.
  -> queued COHR buy (conf 85, stop 105.5, tp 128.0)
  -> queued EQT buy (conf 81, stop 51.9, tp 57.00000000000001)
  -> queued NWS buy (conf 80, stop 32.26, tp 36.5)
  -> queued DRI buy (conf 85, stop 213.0, tp 235.00000000000003)
  -> queued DE buy (conf 82, stop 579.5, tp 685.0)
  -> queued FDX buy (conf None, stop 317.065, tp 341.42)
  -> queued CVX buy (conf None, stop 189.13, tp 208.91)
  -> queued DRI buy (conf 88, stop 213.0, tp 229.46)
  -> queued DE buy (conf 85, stop 579.5, tp 654.13)
  -> queued FDX buy (conf None, stop 317.065, tp 341.42)
  -> queued CVX buy (conf 82, stop 189.13, tp 208.91)
  -> queued EXE buy (conf None, stop 92.66, tp 98.845)
  -> queued EQIX buy (conf None, stop 1030.91, tp 1106.76)
  -> queued DASH buy (conf None, stop 206.73, tp 225.9)
  -> queued MSI buy (conf None, stop 457.185, tp 486.25)
  -> queued DVN buy (conf None, stop 43.65, tp 49.72)
Dashboard watchlist synced (6 symbols) for news/headlines.
Dashboard watchlist synced (7 symbols) for news/headlines.
Ending portfolio value: $99,039.83
Trade journal: all: 19 trades, 21% win rate, avg -2.19% | breakout: 1 trades, 0% win rate, avg -8.61% | other: 13 trades, 23% win rate, avg -1.93% | technical: 5 trades, 20% win rate, avg -1.58%
Self-learning: breakout: 1 trades, 0% win rate, avg -8.61% (LOSING) | other: 13 trades, 23% win rate, avg -1.93% (LOSING) | technical: 5 trades, 20% win rate, avg -1.58% (LOSING)
Performance: Total return +0.17% | Max drawdown 0.94% | Daily Sharpe 2.02 | 19 closed trades | Win rate 21% | Avg winner +1.83% | Avg loser -3.26% | Open positions: 4 | Equity $99,039.83
Engine P&L: legacy/unknown: realized $-1,705.68 (19 closed, 21% wins), unrealized $-64.86 (4 open) | Books: legacy: realized $-1,705.68, unrealized $-64.86
Reports: daily realized $+0.00; worst symbols none | weekly realized $-1,705.68; worst symbols HPE:-1286.89; COHR:-471.20; SNDK:-159.07; ANET:-45.31; NOW:-30.35
Shadow report: 2116 shadow candidate(s), 95 rejection group(s)
Timings: account: 0.0s | risk: 0.6s | decide: 10.9s | watchlist: 0.1s | perf: 0.1s
Timings: account: 0.0s | risk: 0.6s | decide: 8.9s | watchlist: 0.1s | perf: 0.1s

=== Run at 2026-08-22T21:14:21.817969 ===
Build fingerprint: 4f68550affe5
Current time: 2026-08-22 05:14 PM EDT | Market open (per Alpaca): False | Session: CLOSED
Account value: $99,039.83
Cash: $79,250.80 | Holdings (4): {'ERIE': '0.7641 sh (+2.23%)', 'GEHC': '0.6136 sh (+1.25%)', 'MS': '43.8344 sh (-3.06%)', 'MSI': '21.1281 sh (+2.28%)'}
Sector exposure (cached): Technology 10.2%, Financials 9.7%, Health Care 0.0%
Fill reconciliation: {'filled': 0, 'partial': 0, 'rejected': 1}
Open orders (2): ERIE sell 0.7641, MS sell 43.8344
Risk state: peak $99,703.60 | drawdown 0.67% | today -0.00% | halted: False
Market regime: NEUTRAL (position-size multiplier: 100% incl. circuit breaker 100%)
News: fetched 158, 0 new after dedup, 0 ticker(s) matched.
Quant pre-screen: 42/66 candidates passed.
Gemini proposed 2 trade(s) meeting the conviction bar.
Gemini calls used today (all models combined): 370
Market closed (overnight): queued 12 trade idea(s) for next-morning verification -- nothing submitted yet.
  -> queued COHR buy (conf 85, stop 105.5, tp 128.0)
  -> queued EQT buy (conf 81, stop 51.9, tp 57.00000000000001)
  -> queued NWS buy (conf 80, stop 32.26, tp 36.5)
  -> queued DRI buy (conf 85, stop 213.0, tp 229.46)
  -> queued DE buy (conf 84, stop 579.5, tp 673.87)
  -> queued FDX buy (conf None, stop 317.065, tp 341.42)
  -> queued CVX buy (conf None, stop 189.13, tp 208.91)
  -> queued EXE buy (conf None, stop 92.66, tp 98.845)
  -> queued EQIX buy (conf None, stop 1030.91, tp 1106.76)
  -> queued DASH buy (conf None, stop 206.73, tp 225.9)
  -> queued MSI buy (conf None, stop 457.185, tp 486.25)
  -> queued DVN buy (conf None, stop 43.65, tp 49.72)
Dashboard watchlist synced (6 symbols) for news/headlines.
Ending portfolio value: $99,039.83
Trade journal: all: 19 trades, 21% win rate, avg -2.19% | breakout: 1 trades, 0% win rate, avg -8.61% | other: 13 trades, 23% win rate, avg -1.93% | technical: 5 trades, 20% win rate, avg -1.58%
Self-learning: breakout: 1 trades, 0% win rate, avg -8.61% (LOSING) | other: 13 trades, 23% win rate, avg -1.93% (LOSING) | technical: 5 trades, 20% win rate, avg -1.58% (LOSING)
Performance: Total return +0.17% | Max drawdown 0.94% | Daily Sharpe 2.02 | 19 closed trades | Win rate 21% | Avg winner +1.83% | Avg loser -3.26% | Open positions: 4 | Equity $99,039.83
Engine P&L: legacy/unknown: realized $-1,705.68 (19 closed, 21% wins), unrealized $-64.86 (4 open) | Books: legacy: realized $-1,705.68, unrealized $-64.86
Reports: daily realized $+0.00; worst symbols none | weekly realized $-1,705.68; worst symbols HPE:-1286.89; COHR:-471.20; SNDK:-159.07; ANET:-45.31; NOW:-30.35
Shadow report: 2116 shadow candidate(s), 95 rejection group(s)
Timings: account: 0.0s | risk: 1.0s | decide: 7.0s | watchlist: 0.1s | perf: 0.4s

=== Run at 2026-08-22T21:16:22.792068 ===
Build fingerprint: 4f68550affe5
Current time: 2026-08-22 05:16 PM EDT | Market open (per Alpaca): False | Session: CLOSED
Account value: $99,039.83
Cash: $79,250.80 | Holdings (4): {'ERIE': '0.7641 sh (+2.23%)', 'GEHC': '0.6136 sh (+1.25%)', 'MS': '43.8344 sh (-3.06%)', 'MSI': '21.1281 sh (+2.28%)'}
Sector exposure (cached): Technology 10.2%, Financials 9.7%, Health Care 0.0%
Fill reconciliation: {'filled': 0, 'partial': 0, 'rejected': 1}
Open orders (2): ERIE sell 0.7641, MS sell 43.8344
Risk state: peak $99,703.60 | drawdown 0.67% | today -0.00% | halted: False
Market regime: NEUTRAL (position-size multiplier: 100% incl. circuit breaker 100%)
News: fetched 158, 0 new after dedup, 0 ticker(s) matched.
Quant pre-screen: 42/66 candidates passed.
Gemini proposed 2 trade(s) meeting the conviction bar.
Gemini calls used today (all models combined): 371
Market closed (overnight): queued 12 trade idea(s) for next-morning verification -- nothing submitted yet.
  -> queued COHR buy (conf 85, stop 105.5, tp 128.0)
  -> queued EQT buy (conf 81, stop 51.9, tp 57.00000000000001)
  -> queued NWS buy (conf 80, stop 32.26, tp 36.5)
  -> queued DRI buy (conf 88, stop 213.0, tp 229.46000000000004)
  -> queued DE buy (conf 85, stop 579.5, tp 673.87)
  -> queued FDX buy (conf None, stop 317.065, tp 341.42)
  -> queued CVX buy (conf None, stop 189.13, tp 208.91)
  -> queued EXE buy (conf None, stop 92.66, tp 98.845)
  -> queued EQIX buy (conf None, stop 1030.91, tp 1106.76)
  -> queued DASH buy (conf None, stop 206.73, tp 225.9)
  -> queued MSI buy (conf None, stop 457.185, tp 486.25)
  -> queued DVN buy (conf None, stop 43.65, tp 49.72)
Dashboard watchlist synced (6 symbols) for news/headlines.
Ending portfolio value: $99,039.83
Trade journal: all: 19 trades, 21% win rate, avg -2.19% | breakout: 1 trades, 0% win rate, avg -8.61% | other: 13 trades, 23% win rate, avg -1.93% | technical: 5 trades, 20% win rate, avg -1.58%
Self-learning: breakout: 1 trades, 0% win rate, avg -8.61% (LOSING) | other: 13 trades, 23% win rate, avg -1.93% (LOSING) | technical: 5 trades, 20% win rate, avg -1.58% (LOSING)
Performance: Total return +0.17% | Max drawdown 0.94% | Daily Sharpe 2.02 | 19 closed trades | Win rate 21% | Avg winner +1.83% | Avg loser -3.26% | Open positions: 4 | Equity $99,039.83
Engine P&L: legacy/unknown: realized $-1,705.68 (19 closed, 21% wins), unrealized $-64.86 (4 open) | Books: legacy: realized $-1,705.68, unrealized $-64.86
Reports: daily realized $+0.00; worst symbols none | weekly realized $-1,705.68; worst symbols HPE:-1286.89; COHR:-471.20; SNDK:-159.07; ANET:-45.31; NOW:-30.35
Shadow report: 2116 shadow candidate(s), 95 rejection group(s)
Timings: account: 0.0s | risk: 1.3s | decide: 7.7s | watchlist: 0.1s | perf: 0.2s

