ide: 3.9s | watchlist: 0.0s | perf: 0.3s

=== Run at 2026-09-17T14:46:24.761202 ===
Build fingerprint: 4f68550affe5
Current time: 2026-09-17 10:46 AM EDT | Market open (per Alpaca): True | Session: REGULAR
Account value: $99,311.19
Cash: $99,311.19 | Holdings (0): none
Sector exposure (cached): unavailable (no holdings)
Fill reconciliation: {'filled': 0, 'partial': 0, 'rejected': 1}
Risk state: peak $99,703.60 | drawdown 0.39% | today +0.00% | halted: False
Market regime: NEUTRAL (position-size multiplier: 100% incl. circuit breaker 100%)
Overnight queue deferred 1 known-stale idea(s) for 30 minutes to preserve Gemini quota.
News: fetched 158, 2 new after dedup, 0 ticker(s) matched.
Quant pre-screen: 20/60 candidates passed.
Gemini proposed 2 trade(s) meeting the conviction bar.
Gemini calls used today (all models combined): 218
  -> {"ticker": "CRWD", "status": "skipped", "reason": "liquidity filter: CRWD average volume 366,409 < 500,000", "shadow": false, "data_guard": true}
  -> {"ticker": "HCA", "status": "skipped", "reason": "liquidity filter: HCA average volume 66,835 < 500,000", "shadow": false, "data_guard": true}
Overnight queue cleared after verification.
Overnight queue retained 1 deferred stale idea(s).
Dashboard watchlist synced (2 symbols) for news/headlines.
Ending portfolio value: $99,311.19
Trade journal: all: 19 trades, 21% win rate, avg -2.19% | breakout: 1 trades, 0% win rate, avg -8.61% | other: 13 trades, 23% win rate, avg -1.93% | technical: 5 trades, 20% win rate, avg -1.58%
Self-learning: breakout: 1 trades, 0% win rate, avg -8.61% (LOSING) | other: 13 trades, 23% win rate, avg -1.93% (LOSING) | technical: 5 trades, 20% win rate, avg -1.58% (LOSING)
Performance: Total return +0.45% | Max drawdown 0.94% | Daily Sharpe 1.61 | 19 closed trades | Win rate 21% | Avg winner +1.83% | Avg loser -3.26% | Open positions: 0 | Equity $99,311.19
Engine P&L: legacy/unknown: realized $-1,705.68 (19 closed, 21% wins), unrealized $+0.00 (0 open) | Books: legacy: realized $-1,705.68, unrealized $+0.00
Reports: daily realized $+0.00; worst symbols none | weekly realized $+0.00; worst symbols none
Shadow report: 23639 shadow candidate(s), 340 rejection group(s)
Timings: account: 0.0s | risk: 0.0s | decide: 4.0s | watchlist: 0.0s | perf: 0.2s

=== Run at 2026-09-17T14:48:25.325113 ===
Build fingerprint: 4f68550affe5
Current time: 2026-09-17 10:48 AM EDT | Market open (per Alpaca): True | Session: REGULAR
Account value: $99,311.19
Cash: $99,311.19 | Holdings (0): none
Sector exposure (cached): unavailable (no holdings)
Fill reconciliation: {'filled': 0, 'partial': 0, 'rejected': 1}
Risk state: peak $99,703.60 | drawdown 0.39% | today +0.00% | halted: False
Market regime: NEUTRAL (position-size multiplier: 100% incl. circuit breaker 100%)
Overnight queue deferred 1 known-stale idea(s) for 30 minutes to preserve Gemini quota.
News: fetched 158, 0 new after dedup, 0 ticker(s) matched.
Quant pre-screen: 20/60 candidates passed.
Gemini proposed 2 trade(s) meeting the conviction bar.
Gemini calls used today (all models combined): 219
  -> {"ticker": "CRWD", "status": "skipped", "reason": "liquidity filter: CRWD average volume 366,496 < 500,000", "shadow": false, "data_guard": true}
  -> {"ticker": "HCA", "status": "skipped", "reason": "liquidity filter: HCA average volume 66,946 < 500,000", "shadow": false, "data_guard": true}
Overnight queue cleared after verification.
Overnight queue retained 1 deferred stale idea(s).
Dashboard watchlist synced (2 symbols) for news/headlines.
Ending portfolio value: $99,311.19
Trade journal: all: 19 trades, 21% win rate, avg -2.19% | breakout: 1 trades, 0% win rate, avg -8.61% | other: 13 trades, 23% win rate, avg -1.93% | technical: 5 trades, 20% win rate, avg -1.58%
Self-learning: breakout: 1 trades, 0% win rate, avg -8.61% (LOSING) | other: 13 trades, 23% win rate, avg -1.93% (LOSING) | technical: 5 trades, 20% win rate, avg -1.58% (LOSING)
Performance: Total return +0.45% | Max drawdown 0.94% | Daily Sharpe 1.61 | 19 closed trades | Win rate 21% | Avg winner +1.83% | Avg loser -3.26% | Open positions: 0 | Equity $99,311.19
Engine P&L: legacy/unknown: realized $-1,705.68 (19 closed, 21% wins), unrealized $+0.00 (0 open) | Books: legacy: realized $-1,705.68, unrealized $+0.00
Reports: daily realized $+0.00; worst symbols none | weekly realized $+0.00; worst symbols none
Shadow report: 23641 shadow candidate(s), 340 rejection group(s)
Timings: account: 0.0s | risk: 0.0s | decide: 2.9s | watchlist: 0.0s | perf: 0.2s

=== Run at 2026-09-17T14:50:33.207987 ===
Build fingerprint: 4f68550affe5
Current time: 2026-09-17 10:50 AM EDT | Market open (per Alpaca): True | Session: REGULAR
Account value: $99,311.19
Cash: $99,311.19 | Holdings (0): none
Sector exposure (cached): unavailable (no holdings)
Fill reconciliation: {'filled': 0, 'partial': 0, 'rejected': 1}
Risk state: peak $99,703.60 | drawdown 0.39% | today +0.00% | halted: False
Market regime: NEUTRAL (position-size multiplier: 100% incl. circuit breaker 100%)
Overnight queue deferred 1 known-stale idea(s) for 30 minutes to preserve Gemini quota.
News: fetched 158, 2 new after dedup, 0 ticker(s) matched.
Quant pre-screen: 20/60 candidates passed.
Technical fallback (Gemini throttled/unavailable) proposed 5 trade(s) meeting the conviction bar.
Gemini calls used today (all models combined): 219
  -> {"ticker": "FTNT", "status": "skipped", "reason": "stale quote for FTNT (180.995036s old; limit 180s)", "shadow": false, "data_guard": true}
  -> {"ticker": "CRWD", "status": "skipped", "reason": "liquidity filter: CRWD average volume 366,547 < 500,000", "shadow": false, "data_guard": true}
  -> {"ticker": "EPAM", "status": "skipped", "reason": "liquidity filter: EPAM average volume 60,882 < 500,000", "shadow": false, "data_guard": true}
  -> {"ticker": "GILD", "status": "skipped", "reason": "liquidity filter: GILD average volume 155,725 < 500,000", "shadow": false, "data_guard": true}
  -> {"ticker": "HCA", "status": "skipped", "reason": "liquidity filter: HCA average volume 67,006 < 500,000", "shadow": false, "data_guard": true}
Overnight queue KEPT for next run (Gemini did not verify this round -- technical fallback or decision failure); 2 idea(s) remain subject to the retry cap.
Dashboard watchlist synced (5 symbols) for news/headlines.
Ending portfolio value: $99,311.19
Trade journal: all: 19 trades, 21% win rate, avg -2.19% | breakout: 1 trades, 0% win rate, avg -8.61% | other: 13 trades, 23% win rate, avg -1.93% | technical: 5 trades, 20% win rate, avg -1.58%
Self-learning: breakout: 1 trades, 0% win rate, avg -8.61% (LOSING) | other: 13 trades, 23% win rate, avg -1.93% (LOSING) | technical: 5 trades, 20% win rate, avg -1.58% (LOSING)
Performance: Total return +0.45% | Max drawdown 0.94% | Daily Sharpe 1.61 | 19 closed trades | Win rate 21% | Avg winner +1.83% | Avg loser -3.26% | Open positions: 0 | Equity $99,311.19
Engine P&L: legacy/unknown: realized $-1,705.68 (19 closed, 21% wins), unrealized $+0.00 (0 open) | Books: legacy: realized $-1,705.68, unrealized $+0.00
Reports: daily realized $+0.00; worst symbols none | weekly realized $+0.00; worst symbols none
Shadow report: 23646 shadow candidate(s), 341 rejection group(s)
Timings: account: 0.0s | risk: 0.1s | decide: 24.1s | watchlist: 0.1s | perf: 0.3s

=== Run at 2026-09-17T14:52:29.016613 ===
Build fingerprint: 4f68550affe5
Current time: 2026-09-17 10:52 AM EDT | Market open (per Alpaca): True | Session: REGULAR
Account value: $99,311.19
Cash: $99,311.19 | Holdings (0): none
Sector exposure (cached): unavailable (no holdings)
Fill reconciliation: {'filled': 0, 'partial': 0, 'rejected': 1}
Risk state: peak $99,703.60 | drawdown 0.39% | today +0.00% | halted: False
Market regime: NEUTRAL (position-size multiplier: 100% incl. circuit breaker 100%)
Overnight queue deferred 1 known-stale idea(s) for 30 minutes to preserve Gemini quota.
Morning verification: 2 overnight-queued trade(s) handed to Gemini for re-verification against fresh data.
News: fetched 158, 1 new after dedup, 0 ticker(s) matched.
Quant pre-screen: 20/60 candidates passed.
Gemini proposed 2 trade(s) meeting the conviction bar.
Gemini calls used today (all models combined): 220
  -> {"ticker": "HCA", "status": "skipped", "reason": "liquidity filter: HCA average volume 67,046 < 500,000", "shadow": false, "data_guard": true}
  -> {"ticker": "CRWD", "status": "skipped", "reason": "liquidity filter: CRWD average volume 366,630 < 500,000", "shadow": false, "data_guard": true}
Overnight queue cleared after verification.
Overnight queue retained 1 deferred stale idea(s).
Dashboard watchlist synced (2 symbols) for news/headlines.
Ending portfolio value: $99,311.19
Trade journal: all: 19 trades, 21% win rate, avg -2.19% | breakout: 1 trades, 0% win rate, avg -8.61% | other: 13 trades, 23% win rate, avg -1.93% | technical: 5 trades, 20% win rate, avg -1.58%
Self-learning: breakout: 1 trades, 0% win rate, avg -8.61% (LOSING) | other: 13 trades, 23% win rate, avg -1.93% (LOSING) | technical: 5 trades, 20% win rate, avg -1.58% (LOSING)
Performance: Total return +0.45% | Max drawdown 0.94% | Daily Sharpe 1.61 | 19 closed trades | Win rate 21% | Avg winner +1.83% | Avg loser -3.26% | Open positions: 0 | Equity $99,311.19
Engine P&L: legacy/unknown: realized $-1,705.68 (19 closed, 21% wins), unrealized $+0.00 (0 open) | Books: legacy: realized $-1,705.68, unrealized $+0.00
Reports: daily realized $+0.00; worst symbols none | weekly realized $+0.00; worst symbols none
Shadow report: 23648 shadow candidate(s), 341 rejection group(s)
Timings: account: 0.0s | risk: 0.4s | decide: 11.2s | watchlist: 0.2s | perf: 0.3s

=== Run at 2026-09-17T14:54:32.326875 ===
Build fingerprint: 4f68550affe5
Current time: 2026-09-17 10:54 AM EDT | Market open (per Alpaca): True | Session: REGULAR
Account value: $99,311.19
Cash: $99,311.19 | Holdings (0): none
Sector exposure (cached): unavailable (no holdings)
Fill reconciliation: {'filled': 0, 'partial': 0, 'rejected': 1}
Risk state: peak $99,703.60 | drawdown 0.39% | today +0.00% | halted: False
Market regime: NEUTRAL (position-size multiplier: 100% incl. circuit breaker 100%)
Overnight queue deferred 1 known-stale idea(s) for 30 minutes to preserve Gemini quota.
News: fetched 158, 1 new after dedup, 0 ticker(s) matched.
Quant pre-screen: 20/60 candidates passed.
Gemini proposed 3 trade(s) meeting the conviction bar.
Gemini calls used today (all models combined): 221
  -> {"ticker": "CRWD", "status": "skipped", "reason": "liquidity filter: CRWD average volume 366,660 < 500,000", "shadow": false, "data_guard": true}
  -> {"ticker": "HCA", "status": "skipped", "reason": "liquidity filter: HCA average volume 67,066 < 500,000", "shadow": false, "data_guard": true}
  -> {"ticker": "FTNT", "status": "skipped", "reason": "liquidity filter: FTNT average volume 171,430 < 500,000", "shadow": false, "data_guard": true}
Overnight queue cleared after verification.
Overnight queue retained 1 deferred stale idea(s).
Dashboard watchlist synced (3 symbols) for news/headlines.
Ending portfolio value: $99,311.19
Trade journal: all: 19 trades, 21% win rate, avg -2.19% | breakout: 1 trades, 0% win rate, avg -8.61% | other: 13 trades, 23% win rate, avg -1.93% | technical: 5 trades, 20% win rate, avg -1.58%
Self-learning: breakout: 1 trades, 0% win rate, avg -8.61% (LOSING) | other: 13 trades, 23% win rate, avg -1.93% (LOSING) | technical: 5 trades, 20% win rate, avg -1.58% (LOSING)
Performance: Total return +0.45% | Max drawdown 0.94% | Daily Sharpe 1.61 | 19 closed trades | Win rate 21% | Avg winner +1.83% | Avg loser -3.26% | Open positions: 0 | Equity $99,311.19
Engine P&L: legacy/unknown: realized $-1,705.68 (19 closed, 21% wins), unrealized $+0.00 (0 open) | Books: legacy: realized $-1,705.68, unrealized $+0.00
Reports: daily realized $+0.00; worst symbols none | weekly realized $+0.00; worst symbols none
Shadow report: 23651 shadow candidate(s), 340 rejection group(s)
Timings: account: 0.0s | risk: 0.4s | decide: 12.4s | watchlist: 0.1s | perf: 0.3s

=== Run at 2026-09-17T14:56:27.170807 ===
Build fingerprint: 4f68550affe5
Current time: 2026-09-17 10:56 AM EDT | Market open (per Alpaca): True | Session: REGULAR
Account value: $99,311.19
Cash: $99,311.19 | Holdings (0): none
Sector exposure (cached): unavailable (no holdings)
Fill reconciliation: {'filled': 0, 'partial': 0, 'rejected': 1}
Risk state: peak $99,703.60 | drawdown 0.39% | today +0.00% | halted: False
Market regime: NEUTRAL (position-size multiplier: 100% incl. circuit breaker 100%)
Overnight queue deferred 1 known-stale idea(s) for 30 minutes to preserve Gemini quota.
News: fetched 158, 4 new after dedup, 0 ticker(s) matched.
Quant pre-screen: 20/60 candidates passed.
Gemini proposed 2 trade(s) meeting the conviction bar.
Gemini calls used today (all models combined): 222
  -> {"ticker": "HCA", "status": "skipped", "reason": "liquidity filter: HCA average volume 67,093 < 500,000", "shadow": false, "data_guard": true}
  -> {"ticker": "CRWD", "status": "skipped", "reason": "liquidity filter: CRWD average volume 366,695 < 500,000", "shadow": false, "data_guard": true}
Overnight queue cleared after verification.
Overnight queue retained 1 deferred stale idea(s).
Dashboard watchlist synced (2 symbols) for news/headlines.
Ending portfolio value: $99,311.19
Trade journal: all: 19 trades, 21% win rate, avg -2.19% | breakout: 1 trades, 0% win rate, avg -8.61% | other: 13 trades, 23% win rate, avg -1.93% | technical: 5 trades, 20% win rate, avg -1.58%
Self-learning: breakout: 1 trades, 0% win rate, avg -8.61% (LOSING) | other: 13 trades, 23% win rate, avg -1.93% (LOSING) | technical: 5 trades, 20% win rate, avg -1.58% (LOSING)
Performance: Total return +0.45% | Max drawdown 0.94% | Daily Sharpe 1.61 | 19 closed trades | Win rate 21% | Avg winner +1.83% | Avg loser -3.26% | Open positions: 0 | Equity $99,311.19
Engine P&L: legacy/unknown: realized $-1,705.68 (19 closed, 21% wins), unrealized $+0.00 (0 open) | Books: legacy: realized $-1,705.68, unrealized $+0.00
Reports: daily realized $+0.00; worst symbols none | weekly realized $+0.00; worst symbols none
Shadow report: 23653 shadow candidate(s), 340 rejection group(s)
Timings: account: 0.0s | risk: 0.2s | decide: 5.9s | watchlist: 0.1s | perf: 0.3s

=== Run at 2026-09-17T14:58:27.596260 ===
Build fingerprint: 4f68550affe5
Current time: 2026-09-17 10:58 AM EDT | Market open (per Alpaca): True | Session: REGULAR
Account value: $99,311.19
Cash: $99,311.19 | Holdings (0): none
Sector exposure (cached): unavailable (no holdings)
Fill reconciliation: {'filled': 0, 'partial': 0, 'rejected': 1}
Risk state: peak $99,703.60 | drawdown 0.39% | today +0.00% | halted: False
Market regime: NEUTRAL (position-size multiplier: 100% incl. circuit breaker 100%)
Overnight queue deferred 1 known-stale idea(s) for 30 minutes to preserve Gemini quota.
News: fetched 158, 0 new after dedup, 0 ticker(s) matched.
Quant pre-screen: 20/60 candidates passed.
Gemini proposed 1 trade(s) meeting the conviction bar.
Gemini calls used today (all models combined): 223
  -> {"ticker": "CRWD", "status": "skipped", "reason": "liquidity filter: CRWD average volume 366,747 < 500,000", "shadow": false, "data_guard": true}
Overnight queue cleared after verification.
Overnight queue retained 1 deferred stale idea(s).
Dashboard watchlist synced (1 symbols) for news/headlines.
Ending portfolio value: $99,311.19
Trade journal: all: 19 trades, 21% win rate, avg -2.19% | breakout: 1 trades, 0% win rate, avg -8.61% | other: 13 trades, 23% win rate, avg -1.93% | technical: 5 trades, 20% win rate, avg -1.58%
Self-learning: breakout: 1 trades, 0% win rate, avg -8.61% (LOSING) | other: 13 trades, 23% win rate, avg -1.93% (LOSING) | technical: 5 trades, 20% win rate, avg -1.58% (LOSING)
Performance: Total return +0.45% | Max drawdown 0.94% | Daily Sharpe 1.61 | 19 closed trades | Win rate 21% | Avg winner +1.83% | Avg loser -3.26% | Open positions: 0 | Equity $99,311.19
Engine P&L: legacy/unknown: realized $-1,705.68 (19 closed, 21% wins), unrealized $+0.00 (0 open) | Books: legacy: realized $-1,705.68, unrealized $+0.00
Reports: daily realized $+0.00; worst symbols none | weekly realized $+0.00; worst symbols none
Shadow report: 23654 shadow candidate(s), 340 rejection group(s)
Timings: account: 0.0s | risk: 0.1s | decide: 9.8s | watchlist: 0.0s | perf: 0.3s

=== Run at 2026-09-17T15:00:41.333665 ===
Build fingerprint: 4f68550affe5
Current time: 2026-09-17 11:00 AM EDT | Market open (per Alpaca): True | Session: REGULAR
Account value: $99,311.19
Cash: $99,311.19 | Holdings (0): none
Sector exposure (cached): unavailable (no holdings)
Fill reconciliation: {'filled': 0, 'partial': 0, 'rejected': 1}
Risk state: peak $99,703.60 | drawdown 0.39% | today +0.00% | halted: False
Market regime: NEUTRAL (position-size multiplier: 100% incl. circuit breaker 100%)
Overnight queue deferred 1 known-stale idea(s) for 30 minutes to preserve Gemini quota.
News: fetched 120, 0 new after dedup, 0 ticker(s) matched.
Quant pre-screen: 3/12 candidates passed.
Technical fallback (Gemini throttled/unavailable) proposed 2 trade(s) meeting the conviction bar.
Gemini calls used today (all models combined): 223
  -> {"ticker": "FTNT", "status": "skipped", "reason": "liquidity filter: FTNT average volume 171,524 < 500,000", "shadow": false, "data_guard": true}
  -> {"ticker": "CRWD", "status": "skipped", "reason": "liquidity filter: CRWD average volume 366,795 < 500,000", "shadow": false, "data_guard": true}
Overnight queue KEPT for next run (Gemini did not verify this round -- technical fallback or decision failure); 2 idea(s) remain subject to the retry cap.
Run budget reserve reached -- skipping dashboard watchlist sync.
Run budget reserve reached -- skipping performance snapshot.
Trade journal: all: 19 trades, 21% win rate, avg -2.19% | breakout: 1 trades, 0% win rate, avg -8.61% | other: 13 trades, 23% win rate, avg -1.93% | technical: 5 trades, 20% win rate, avg -1.58%
Self-learning: breakout: 1 trades, 0% win rate, avg -8.61% (LOSING) | other: 13 trades, 23% win rate, avg -1.93% (LOSING) | technical: 5 trades, 20% win rate, avg -1.58% (LOSING)
Performance: Total return +0.45% | Max drawdown 0.94% | Daily Sharpe 1.61 | 19 closed trades | Win rate 21% | Avg winner +1.83% | Avg loser -3.26% | Open positions: 0 | Equity $99,311.19
Engine P&L: legacy/unknown: realized $-1,705.68 (19 closed, 21% wins), unrealized $+0.00 (0 open) | Books: legacy: realized $-1,705.68, unrealized $+0.00
Reports: daily realized $+0.00; worst symbols none | weekly realized $+0.00; worst symbols none
Shadow report: 23656 shadow candidate(s), 340 rejection group(s)
Timings: account: 0.0s | risk: 0.3s | decide: 24.3s | watchlist: 0.0s | perf: 0.3s

=== Run at 2026-09-17T15:02:30.975203 ===
Build fingerprint: 4f68550affe5
Current time: 2026-09-17 11:02 AM EDT | Market open (per Alpaca): True | Session: REGULAR
Account value: $99,311.19
Cash: $99,311.19 | Holdings (0): none
Sector exposure (cached): unavailable (no holdings)
Fill reconciliation: {'filled': 0, 'partial': 0, 'rejected': 1}
Risk state: peak $99,703.60 | drawdown 0.39% | today +0.00% | halted: False
Market regime: NEUTRAL (position-size multiplier: 100% incl. circuit breaker 100%)
Overnight queue deferred 1 known-stale idea(s) for 30 minutes to preserve Gemini quota.
Morning verification: 2 overnight-queued trade(s) handed to Gemini for re-verification against fresh data.
News: fetched 158, 0 new after dedup, 0 ticker(s) matched.
Quant pre-screen: 6/24 candidates passed.
Technical fallback (Gemini throttled/unavailable) proposed 2 trade(s) meeting the conviction bar.
Gemini calls used today (all models combined): 223
  -> {"ticker": "FTNT", "status": "skipped", "reason": "liquidity filter: FTNT average volume 171,538 < 500,000", "shadow": false, "data_guard": true}
  -> {"ticker": "CRWD", "status": "skipped", "reason": "liquidity filter: CRWD average volume 367,061 < 500,000", "shadow": false, "data_guard": true}
Overnight queue KEPT for next run (Gemini did not verify this round -- technical fallback or decision failure); 2 idea(s) remain subject to the retry cap.
Run budget reserve reached -- skipping dashboard watchlist sync.
Run budget reserve reached -- skipping performance snapshot.
Trade journal: all: 19 trades, 21% win rate, avg -2.19% | breakout: 1 trades, 0% win rate, avg -8.61% | other: 13 trades, 23% win rate, avg -1.93% | technical: 5 trades, 20% win rate, avg -1.58%
Self-learning: breakout: 1 trades, 0% win rate, avg -8.61% (LOSING) | other: 13 trades, 23% win rate, avg -1.93% (LOSING) | technical: 5 trades, 20% win rate, avg -1.58% (LOSING)
Performance: Total return +0.45% | Max drawdown 0.94% | Daily Sharpe 1.61 | 19 closed trades | Win rate 21% | Avg winner +1.83% | Avg loser -3.26% | Open positions: 0 | Equity $99,311.19
Engine P&L: legacy/unknown: realized $-1,705.68 (19 closed, 21% wins), unrealized $+0.00 (0 open) | Books: legacy: realized $-1,705.68, unrealized $+0.00
Reports: daily realized $+0.00; worst symbols none | weekly realized $+0.00; worst symbols none
Shadow report: 23658 shadow candidate(s), 340 rejection group(s)
Timings: account: 0.0s | risk: 0.2s | decide: 25.0s | watchlist: 0.0s | perf: 0.2s

=== Run at 2026-09-17T15:04:29.215846 ===
Build fingerprint: 4f68550affe5
Current time: 2026-09-17 11:04 AM EDT | Market open (per Alpaca): True | Session: REGULAR
Account value: $99,311.19
Cash: $99,311.19 | Holdings (0): none
Sector exposure (cached): unavailable (no holdings)
Fill reconciliation: {'filled': 0, 'partial': 0, 'rejected': 1}
Risk state: peak $99,703.60 | drawdown 0.39% | today +0.00% | halted: False
Market regime: NEUTRAL (position-size multiplier: 100% incl. circuit breaker 100%)
Overnight queue deferred 1 known-stale idea(s) for 30 minutes to preserve Gemini quota.
Morning verification: 2 overnight-queued trade(s) handed to Gemini for re-verification against fresh data.
News: fetched 158, 1 new after dedup, 0 ticker(s) matched.
Quant pre-screen: 7/36 candidates passed.
Technical fallback (Gemini throttled/unavailable) proposed 2 trade(s) meeting the conviction bar.
Gemini calls used today (all models combined): 223
  -> {"ticker": "FTNT", "status": "skipped", "reason": "stale quote for FTNT (262.189986s old; limit 180s)", "shadow": false, "data_guard": true}
  -> {"ticker": "CRWD", "status": "skipped", "reason": "liquidity filter: CRWD average volume 367,300 < 500,000", "shadow": false, "data_guard": true}
Overnight queue KEPT for next run (Gemini did not verify this round -- technical fallback or decision failure); 2 idea(s) remain subject to the retry cap.
Run budget reserve reached -- skipping dashboard watchlist sync.
Run budget reserve reached -- skipping performance snapshot.
Trade journal: all: 19 trades, 21% win rate, avg -2.19% | breakout: 1 trades, 0% win rate, avg -8.61% | other: 13 trades, 23% win rate, avg -1.93% | technical: 5 trades, 20% win rate, avg -1.58%
Self-learning: breakout: 1 trades, 0% win rate, avg -8.61% (LOSING) | other: 13 trades, 23% win rate, avg -1.93% (LOSING) | technical: 5 trades, 20% win rate, avg -1.58% (LOSING)
Performance: Total return +0.45% | Max drawdown 0.94% | Daily Sharpe 1.61 | 19 closed trades | Win rate 21% | Avg winner +1.83% | Avg loser -3.26% | Open positions: 0 | Equity $99,311.19
Engine P&L: legacy/unknown: realized $-1,705.68 (19 closed, 21% wins), unrealized $+0.00 (0 open) | Books: legacy: realized $-1,705.68, unrealized $+0.00
Reports: daily realized $+0.00; worst symbols none | weekly realized $+0.00; worst symbols none
Shadow report: 23660 shadow candidate(s), 341 rejection group(s)
Timings: account: 0.0s | risk: 0.3s | decide: 24.8s | watchlist: 0.0s | perf: 0.2s

=== Run at 2026-09-17T15:06:30.080841 ===
Build fingerprint: 4f68550affe5
Current time: 2026-09-17 11:06 AM EDT | Market open (per Alpaca): True | Session: REGULAR
Account value: $99,311.19
Cash: $99,311.19 | Holdings (0): none
Sector exposure (cached): unavailable (no holdings)
Fill reconciliation: {'filled': 0, 'partial': 0, 'rejected': 1}
Risk state: peak $99,703.60 | drawdown 0.39% | today +0.00% | halted: False
Market regime: NEUTRAL (position-size multiplier: 100% incl. circuit breaker 100%)
Overnight queue deferred 1 known-stale idea(s) for 30 minutes to preserve Gemini quota.
Morning verification: 2 overnight-queued trade(s) handed to Gemini for re-verification against fresh data.
News: fetched 158, 2 new after dedup, 0 ticker(s) matched.
Quant pre-screen: 15/48 candidates passed.
Technical fallback (Gemini throttled/unavailable) proposed 5 trade(s) meeting the conviction bar.
Gemini calls used today (all models combined): 223
  -> {"ticker": "FTNT", "status": "skipped", "reason": "liquidity filter: FTNT average volume 171,563 < 500,000", "shadow": false, "data_guard": true}
  -> {"ticker": "CRWD", "status": "skipped", "reason": "liquidity filter: CRWD average volume 367,378 < 500,000", "shadow": false, "data_guard": true}
  -> {"ticker": "GEN", "status": "skipped", "reason": "liquidity filter: GEN average volume 390,908 < 500,000", "shadow": false, "data_guard": true}
  -> {"ticker": "GILD", "status": "skipped", "reason": "liquidity filter: GILD average volume 156,311 < 500,000", "shadow": false, "data_guard": true}
  -> {"ticker": "GM", "status": "skipped", "reason": "liquidity filter: GM average volume 186,892 < 500,000", "shadow": false, "data_guard": true}
Overnight queue KEPT for next run (Gemini did not verify this round -- technical fallback or decision failure); 2 idea(s) remain subject to the retry cap.
Run budget reserve reached -- skipping dashboard watchlist sync.
Run budget reserve reached -- skipping performance snapshot.
Trade journal: all: 19 trades, 21% win rate, avg -2.19% | breakout: 1 trades, 0% win rate, avg -8.61% | other: 13 trades, 23% win rate, avg -1.93% | technical: 5 trades, 20% win rate, avg -1.58%
Self-learning: breakout: 1 trades, 0% win rate, avg -8.61% (LOSING) | other: 13 trades, 23% win rate, avg -1.93% (LOSING) | technical: 5 trades, 20% win rate, avg -1.58% (LOSING)
Performance: Total return +0.45% | Max drawdown 0.94% | Daily Sharpe 1.61 | 19 closed trades | Win rate 21% | Avg winner +1.83% | Avg loser -3.26% | Open positions: 0 | Equity $99,311.19
Engine P&L: legacy/unknown: realized $-1,705.68 (19 closed, 21% wins), unrealized $+0.00 (0 open) | Books: legacy: realized $-1,705.68, unrealized $+0.00
Reports: daily realized $+0.00; worst symbols none | weekly realized $+0.00; worst symbols none
Shadow report: 23665 shadow candidate(s), 341 rejection group(s)
Timings: account: 0.0s | risk: 0.1s | decide: 25.0s | watchlist: 0.0s | perf: 0.3s

=== Run at 2026-09-17T15:08:29.202980 ===
Build fingerprint: 4f68550affe5
Current time: 2026-09-17 11:08 AM EDT | Market open (per Alpaca): True | Session: REGULAR
Account value: $99,311.19
Cash: $99,311.19 | Holdings (0): none
Sector exposure (cached): unavailable (no holdings)
Fill reconciliation: {'filled': 0, 'partial': 0, 'rejected': 1}
Risk state: peak $99,703.60 | drawdown 0.39% | today +0.00% | halted: False
Market regime: NEUTRAL (position-size multiplier: 100% incl. circuit breaker 100%)
Overnight queue deferred 1 known-stale idea(s) for 30 minutes to preserve Gemini quota.
Morning verification: 2 overnight-queued trade(s) handed to Gemini for re-verification against fresh data.
News: fetched 158, 6 new after dedup, 0 ticker(s) matched.
Quant pre-screen: 18/60 candidates passed.
Technical fallback (Gemini throttled/unavailable) proposed 6 trade(s) meeting the conviction bar.
Gemini calls used today (all models combined): 223
  -> {"ticker": "FTNT", "status": "skipped", "reason": "liquidity filter: FTNT average volume 171,610 < 500,000", "shadow": false, "data_guard": true}
  -> {"ticker": "CRWD", "status": "skipped", "reason": "liquidity filter: CRWD average volume 367,449 < 500,000", "shadow": false, "data_guard": true}
  -> {"ticker": "GEN", "status": "skipped", "reason": "liquidity filter: GEN average volume 390,949 < 500,000", "shadow": false, "data_guard": true}
  -> {"ticker": "GILD", "status": "skipped", "reason": "liquidity filter: GILD average volume 156,315 < 500,000", "shadow": false, "data_guard": true}
  -> {"ticker": "GM", "status": "skipped", "reason": "liquidity filter: GM average volume 186,961 < 500,000", "shadow": false, "data_guard": true}
  -> {"ticker": "HCA", "status": "skipped", "reason": "liquidity filter: HCA average volume 67,203 < 500,000", "shadow": false, "data_guard": true}
Overnight queue KEPT for next run (Gemini did not verify this round -- technical fallback or decision failure); 2 idea(s) remain subject to the retry cap.
Run budget reserve reached -- skipping dashboard watchlist sync.
Run budget reserve reached -- skipping performance snapshot.
Trade journal: all: 19 trades, 21% win rate, avg -2.19% | breakout: 1 trades, 0% win rate, avg -8.61% | other: 13 trades, 23% win rate, avg -1.93% | technical: 5 trades, 20% win rate, avg -1.58%
Self-learning: breakout: 1 trades, 0% win rate, avg -8.61% (LOSING) | other: 13 trades, 23% win rate, avg -1.93% (LOSING) | technical: 5 trades, 20% win rate, avg -1.58% (LOSING)
Performance: Total return +0.45% | Max drawdown 0.94% | Daily Sharpe 1.61 | 19 closed trades | Win rate 21% | Avg winner +1.83% | Avg loser -3.26% | Open positions: 0 | Equity $99,311.19
Engine P&L: legacy/unknown: realized $-1,705.68 (19 closed, 21% wins), unrealized $+0.00 (0 open) | Books: legacy: realized $-1,705.68, unrealized $+0.00
Reports: daily realized $+0.00; worst symbols none | weekly realized $+0.00; worst symbols none
Shadow report: 23671 shadow candidate(s), 341 rejection group(s)
Timings: account: 0.0s | risk: 0.3s | decide: 25.3s | watchlist: 0.0s | perf: 0.3s

=== Run at 2026-09-17T15:10:34.493861 ===
Build fingerprint: 4f68550affe5
Current time: 2026-09-17 11:10 AM EDT | Market open (per Alpaca): True | Session: REGULAR
Account value: $99,311.19
Cash: $99,311.19 | Holdings (0): none
Sector exposure (cached): unavailable (no holdings)
Fill reconciliation: {'filled': 0, 'partial': 0, 'rejected': 1}
Risk state: peak $99,703.60 | drawdown 0.39% | today +0.00% | halted: False
Market regime: NEUTRAL (position-size multiplier: 100% incl. circuit breaker 100%)
Overnight queue deferred 1 known-stale idea(s) for 30 minutes to preserve Gemini quota.
Morning verification: 2 overnight-queued trade(s) handed to Gemini for re-verification against fresh data.
News: fetched 157, 1 new after dedup, 0 ticker(s) matched.
Quant pre-screen: 18/60 candidates passed.
Technical fallback (Gemini throttled/unavailable) proposed 6 trade(s) meeting the conviction bar.
Gemini calls used today (all models combined): 223
  -> {"ticker": "FTNT", "status": "skipped", "reason": "liquidity filter: FTNT average volume 171,618 < 500,000", "shadow": false, "data_guard": true}
  -> {"ticker": "CRWD", "status": "skipped", "reason": "liquidity filter: CRWD average volume 367,549 < 500,000", "shadow": false, "data_guard": true}
  -> {"ticker": "GEN", "status": "skipped", "reason": "liquidity filter: GEN average volume 391,007 < 500,000", "shadow": false, "data_guard": true}
  -> {"ticker": "GILD", "status": "skipped", "reason": "liquidity filter: GILD average volume 156,363 < 500,000", "shadow": false, "data_guard": true}
  -> {"ticker": "GM", "status": "skipped", "reason": "liquidity filter: GM average volume 187,062 < 500,000", "shadow": false, "data_guard": true}
  -> {"ticker": "HCA", "status": "skipped", "reason": "liquidity filter: HCA average volume 67,208 < 500,000", "shadow": false, "data_guard": true}
Overnight queue KEPT for next run (Gemini did not verify this round -- technical fallback or decision failure); 2 idea(s) remain subject to the retry cap.
Run budget reserve reached -- skipping dashboard watchlist sync.
Run budget reserve reached -- skipping performance snapshot.
Trade journal: all: 19 trades, 21% win rate, avg -2.19% | breakout: 1 trades, 0% win rate, avg -8.61% | other: 13 trades, 23% win rate, avg -1.93% | technical: 5 trades, 20% win rate, avg -1.58%
Self-learning: breakout: 1 trades, 0% win rate, avg -8.61% (LOSING) | other: 13 trades, 23% win rate, avg -1.93% (LOSING) | technical: 5 trades, 20% win rate, avg -1.58% (LOSING)
Performance: Total return +0.45% | Max drawdown 0.94% | Daily Sharpe 1.61 | 19 closed trades | Win rate 21% | Avg winner +1.83% | Avg loser -3.26% | Open positions: 0 | Equity $99,311.19
Engine P&L: legacy/unknown: realized $-1,705.68 (19 closed, 21% wins), unrealized $+0.00 (0 open) | Books: legacy: realized $-1,705.68, unrealized $+0.00
Reports: daily realized $+0.00; worst symbols none | weekly realized $+0.00; worst symbols none
Shadow report: 23677 shadow candidate(s), 341 rejection group(s)
Timings: account: 0.0s | risk: 0.3s | decide: 25.8s | watchlist: 0.0s | perf: 0.3s

=== Run at 2026-09-17T15:12:27.556553 ===
Build fingerprint: 4f68550affe5
Current time: 2026-09-17 11:12 AM EDT | Market open (per Alpaca): True | Session: REGULAR
Account value: $99,311.19
Cash: $99,311.19 | Holdings (0): none
Sector exposure (cached): unavailable (no holdings)
Fill reconciliation: {'filled': 0, 'partial': 0, 'rejected': 1}
Risk state: peak $99,703.60 | drawdown 0.39% | today +0.00% | halted: False
Market regime: NEUTRAL (position-size multiplier: 100% incl. circuit breaker 100%)
Overnight queue expired 2 stale/over-retried idea(s); fresh analysis will replace them.
Overnight queue deferred 1 known-stale idea(s) for 30 minutes to preserve Gemini quota.
News: fetched 157, 2 new after dedup, 0 ticker(s) matched.
Quant pre-screen: 18/60 candidates passed.
Gemini proposed 2 trade(s) meeting the conviction bar.
Gemini calls used today (all models combined): 224
  -> {"ticker": "CRWD", "status": "skipped", "reason": "liquidity filter: CRWD average volume 367,582 < 500,000", "shadow": false, "data_guard": true}
  -> {"ticker": "FTNT", "status": "skipped", "reason": "liquidity filter: FTNT average volume 171,654 < 500,000", "shadow": false, "data_guard": true}
Overnight queue cleared after verification.
Overnight queue retained 1 deferred stale idea(s).
Dashboard watchlist synced (2 symbols) for news/headlines.
Ending portfolio value: $99,311.19
Trade journal: all: 19 trades, 21% win rate, avg -2.19% | breakout: 1 trades, 0% win rate, avg -8.61% | other: 13 trades, 23% win rate, avg -1.93% | technical: 5 trades, 20% win rate, avg -1.58%
Self-learning: breakout: 1 trades, 0% win rate, avg -8.61% (LOSING) | other: 13 trades, 23% win rate, avg -1.93% (LOSING) | technical: 5 trades, 20% win rate, avg -1.58% (LOSING)
Performance: Total return +0.45% | Max drawdown 0.94% | Daily Sharpe 1.61 | 19 closed trades | Win rate 21% | Avg winner +1.83% | Avg loser -3.26% | Open positions: 0 | Equity $99,311.19
Engine P&L: legacy/unknown: realized $-1,705.68 (19 closed, 21% wins), unrealized $+0.00 (0 open) | Books: legacy: realized $-1,705.68, unrealized $+0.00
Reports: daily realized $+0.00; worst symbols none | weekly realized $+0.00; worst symbols none
Shadow report: 23679 shadow candidate(s), 341 rejection group(s)
Timings: account: 0.0s | risk: 0.0s | decide: 5.3s | watchlist: 0.0s | perf: 0.3s

=== Run at 2026-09-17T15:15:02.950502 ===
Build fingerprint: 4f68550affe5
Current time: 2026-09-17 11:15 AM EDT | Market open (per Alpaca): True | Session: REGULAR
Account value: $99,311.19
Cash: $99,311.19 | Holdings (0): none
Sector exposure (cached): unavailable (no holdings)
Fill reconciliation: {'filled': 0, 'partial': 0, 'rejected': 1}
Risk state: peak $99,703.60 | drawdown 0.39% | today +0.00% | halted: False
Market regime: NEUTRAL (position-size multiplier: 100% incl. circuit breaker 100%)
Morning verification: 1 overnight-queued trade(s) handed to Gemini for re-verification against fresh data.
News: fetched 157, 0 new after dedup, 0 ticker(s) matched.
Quant pre-screen: 18/60 candidates passed.
Gemini proposed 3 trade(s) meeting the conviction bar.
Gemini calls used today (all models combined): 225
  -> {"ticker": "CRWD", "status": "skipped", "reason": "liquidity filter: CRWD average volume 367,648 < 500,000", "shadow": false, "data_guard": true}
  -> {"ticker": "FTNT", "status": "skipped", "reason": "liquidity filter: FTNT average volume 171,677 < 500,000", "shadow": false, "data_guard": true}
  -> {"ticker": "DDOG", "status": "skipped", "reason": "liquidity filter: DDOG average volume 162,039 < 500,000", "shadow": false, "data_guard": true}
Overnight queue cleared after verification.
Dashboard watchlist synced (3 symbols) for news/headlines.
Ending portfolio value: $99,311.19
Trade journal: all: 19 trades, 21% win rate, avg -2.19% | breakout: 1 trades, 0% win rate, avg -8.61% | other: 13 trades, 23% win rate, avg -1.93% | technical: 5 trades, 20% win rate, avg -1.58%
Self-learning: breakout: 1 trades, 0% win rate, avg -8.61% (LOSING) | other: 13 trades, 23% win rate, avg -1.93% (LOSING) | technical: 5 trades, 20% win rate, avg -1.58% (LOSING)
Performance: Total return +0.45% | Max drawdown 0.94% | Daily Sharpe 1.61 | 19 closed trades | Win rate 21% | Avg winner +1.83% | Avg loser -3.26% | Open positions: 0 | Equity $99,311.19
Engine P&L: legacy/unknown: realized $-1,705.68 (19 closed, 21% wins), unrealized $+0.00 (0 open) | Books: legacy: realized $-1,705.68, unrealized $+0.00
Reports: daily realized $+0.00; worst symbols none | weekly realized $+0.00; worst symbols none
Shadow report: 23682 shadow candidate(s), 341 rejection group(s)
Timings: account: 0.0s | risk: 0.1s | decide: 4.9s | watchlist: 0.1s | perf: 0.3s

=== Run at 2026-09-17T15:16:31.341432 ===
Build fingerprint: 4f68550affe5
Current time: 2026-09-17 11:16 AM EDT | Market open (per Alpaca): True | Session: REGULAR
Account value: $99,311.19
Cash: $99,311.19 | Holdings (0): none
Sector exposure (cached): unavailable (no holdings)
Fill reconciliation: {'filled': 0, 'partial': 0, 'rejected': 1}
Risk state: peak $99,703.60 | drawdown 0.39% | today +0.00% | halted: False
Market regime: NEUTRAL (position-size multiplier: 100% incl. circuit breaker 100%)
News: fetched 157, 0 new after dedup, 0 ticker(s) matched.
Quant pre-screen: 18/60 candidates passed.
Gemini proposed 1 trade(s) meeting the conviction bar.
Gemini calls used today (all models combined): 226
  -> {"ticker": "CRWD", "status": "skipped", "reason": "liquidity filter: CRWD average volume 367,690 < 500,000", "shadow": false, "data_guard": true}
Overnight queue cleared after verification.
Dashboard watchlist synced (1 symbols) for news/headlines.
Ending portfolio value: $99,311.19
Trade journal: all: 19 trades, 21% win rate, avg -2.19% | breakout: 1 trades, 0% win rate, avg -8.61% | other: 13 trades, 23% win rate, avg -1.93% | technical: 5 trades, 20% win rate, avg -1.58%
Self-learning: breakout: 1 trades, 0% win rate, avg -8.61% (LOSING) | other: 13 trades, 23% win rate, avg -1.93% (LOSING) | technical: 5 trades, 20% win rate, avg -1.58% (LOSING)
Performance: Total return +0.45% | Max drawdown 0.94% | Daily Sharpe 1.61 | 19 closed trades | Win rate 21% | Avg winner +1.83% | Avg loser -3.26% | Open positions: 0 | Equity $99,311.19
Engine P&L: legacy/unknown: realized $-1,705.68 (19 closed, 21% wins), unrealized $+0.00 (0 open) | Books: legacy: realized $-1,705.68, unrealized $+0.00
Reports: daily realized $+0.00; worst symbols none | weekly realized $+0.00; worst symbols none
Shadow report: 23683 shadow candidate(s), 341 rejection group(s)
Timings: account: 0.0s | risk: 0.4s | decide: 6.6s | watchlist: 0.2s | perf: 0.4s

=== Run at 2026-09-17T15:18:29.389692 ===
Build fingerprint: 4f68550affe5
Current time: 2026-09-17 11:18 AM EDT | Market open (per Alpaca): True | Session: REGULAR
Account value: $99,311.19
Cash: $99,311.19 | Holdings (0): none
Sector exposure (cached): unavailable (no holdings)
Fill reconciliation: {'filled': 0, 'partial': 0, 'rejected': 1}
Risk state: peak $99,703.60 | drawdown 0.39% | today +0.00% | halted: False
Market regime: NEUTRAL (position-size multiplier: 100% incl. circuit breaker 100%)
News: fetched 157, 3 new after dedup, 0 ticker(s) matched.
Quant pre-screen: 18/60 candidates passed.
Technical fallback (Gemini throttled/unavailable) proposed 6 trade(s) meeting the conviction bar.
Gemini calls used today (all models combined): 226
  -> {"ticker": "FTNT", "status": "skipped", "reason": "liquidity filter: FTNT average volume 171,725 < 500,000", "shadow": false, "data_guard": true}
  -> {"ticker": "CRWD", "status": "skipped", "reason": "liquidity filter: CRWD average volume 367,738 < 500,000", "shadow": false, "data_guard": true}
  -> {"ticker": "GEN", "status": "skipped", "reason": "liquidity filter: GEN average volume 391,180 < 500,000", "shadow": false, "data_guard": true}
  -> {"ticker": "GILD", "status": "skipped", "reason": "liquidity filter: GILD average volume 156,476 < 500,000", "shadow": false, "data_guard": true}
  -> {"ticker": "GM", "status": "skipped", "reason": "liquidity filter: GM average volume 187,200 < 500,000", "shadow": false, "data_guard": true}
  -> {"ticker": "HCA", "status": "skipped", "reason": "liquidity filter: HCA average volume 67,274 < 500,000", "shadow": false, "data_guard": true}
Overnight queue KEPT for next run (Gemini did not verify this round -- technical fallback or decision failure); 2 idea(s) remain subject to the retry cap.
Run budget reserve reached -- skipping dashboard watchlist sync.
Run budget reserve reached -- skipping performance snapshot.
Trade journal: all: 19 trades, 21% win rate, avg -2.19% | breakout: 1 trades, 0% win rate, avg -8.61% | other: 13 trades, 23% win rate, avg -1.93% | technical: 5 trades, 20% win rate, avg -1.58%
Self-learning: breakout: 1 trades, 0% win rate, avg -8.61% (LOSING) | other: 13 trades, 23% win rate, avg -1.93% (LOSING) | technical: 5 trades, 20% win rate, avg -1.58% (LOSING)
Performance: Total return +0.45% | Max drawdown 0.94% | Daily Sharpe 1.61 | 19 closed trades | Win rate 21% | Avg winner +1.83% | Avg loser -3.26% | Open positions: 0 | Equity $99,311.19
Engine P&L: legacy/unknown: realized $-1,705.68 (19 closed, 21% wins), unrealized $+0.00 (0 open) | Books: legacy: realized $-1,705.68, unrealized $+0.00
Reports: daily realized $+0.00; worst symbols none | weekly realized $+0.00; worst symbols none
Shadow report: 23689 shadow candidate(s), 341 rejection group(s)
Timings: account: 0.0s | risk: 0.2s | decide: 24.9s | watchlist: 0.0s | perf: 0.3s

=== Run at 2026-09-17T15:20:34.241709 ===
Build fingerprint: 4f68550affe5
Current time: 2026-09-17 11:20 AM EDT | Market open (per Alpaca): True | Session: REGULAR
Account value: $99,311.19
Cash: $99,311.19 | Holdings (0): none
Sector exposure (cached): unavailable (no holdings)
Fill reconciliation: {'filled': 0, 'partial': 0, 'rejected': 1}
Risk state: peak $99,703.60 | drawdown 0.39% | today +0.00% | halted: False
Market regime: NEUTRAL (position-size multiplier: 100% incl. circuit breaker 100%)
Morning verification: 2 overnight-queued trade(s) handed to Gemini for re-verification against fresh data.
News: fetched 155, 6 new after dedup, 4 ticker(s) matched.
Quant pre-screen: 10/19 candidates passed.
Gemini proposed 2 trade(s) meeting the conviction bar.
Gemini calls used today (all models combined): 227
  -> {"ticker": "CRWD", "status": "skipped", "reason": "liquidity filter: CRWD average volume 367,792 < 500,000", "shadow": false, "data_guard": true}
  -> {"ticker": "DDOG", "status": "skipped", "reason": "stale quote for DDOG (205.256615s old; limit 180s)", "shadow": false, "data_guard": true}
Overnight queue kept 3 idea(s) whose market data was stale; they will be retried after fresh quotes arrive.
Dashboard watchlist synced (6 symbols) for news/headlines.
Ending portfolio value: $99,311.19
Trade journal: all: 19 trades, 21% win rate, avg -2.19% | breakout: 1 trades, 0% win rate, avg -8.61% | other: 13 trades, 23% win rate, avg -1.93% | technical: 5 trades, 20% win rate, avg -1.58%
Self-learning: breakout: 1 trades, 0% win rate, avg -8.61% (LOSING) | other: 13 trades, 23% win rate, avg -1.93% (LOSING) | technical: 5 trades, 20% win rate, avg -1.58% (LOSING)
Performance: Total return +0.45% | Max drawdown 0.94% | Daily Sharpe 1.61 | 19 closed trades | Win rate 21% | Avg winner +1.83% | Avg loser -3.26% | Open positions: 0 | Equity $99,311.19
Engine P&L: legacy/unknown: realized $-1,705.68 (19 closed, 21% wins), unrealized $+0.00 (0 open) | Books: legacy: realized $-1,705.68, unrealized $+0.00
Reports: daily realized $+0.00; worst symbols none | weekly realized $+0.00; worst symbols none
Shadow report: 23691 shadow candidate(s), 342 rejection group(s)
Timings: account: 0.0s | risk: 0.2s | decide: 9.8s | watchlist: 0.1s | perf: 0.3s

=== Run at 2026-09-17T15:22:39.493394 ===
Build fingerprint: 4f68550affe5
Current time: 2026-09-17 11:22 AM EDT | Market open (per Alpaca): True | Session: REGULAR
Account value: $99,311.19
Cash: $99,311.19 | Holdings (0): none
Sector exposure (cached): unavailable (no holdings)
Fill reconciliation: {'filled': 0, 'partial': 0, 'rejected': 1}
Risk state: peak $99,703.60 | drawdown 0.39% | today +0.00% | halted: False
Market regime: NEUTRAL (position-size multiplier: 100% incl. circuit breaker 100%)
Overnight queue deferred 1 known-stale idea(s) for 30 minutes to preserve Gemini quota.
Morning verification: 2 overnight-queued trade(s) handed to Gemini for re-verification against fresh data.
News: fetched 157, 4 new after dedup, 0 ticker(s) matched.
Quant pre-screen: 18/60 candidates passed.
Gemini proposed 1 trade(s) meeting the conviction bar.
Gemini calls used today (all models combined): 228
  -> {"ticker": "CRWD", "status": "skipped", "reason": "liquidity filter: CRWD average volume 367,836 < 500,000", "shadow": false, "data_guard": true}
Overnight queue cleared after verification.
Overnight queue retained 1 deferred stale idea(s).
Dashboard watchlist synced (1 symbols) for news/headlines.
Ending portfolio value: $99,311.19
Trade journal: all: 19 trades, 21% win rate, avg -2.19% | breakout: 1 trades, 0% win rate, avg -8.61% | other: 13 trades, 23% win rate, avg -1.93% | technical: 5 trades, 20% win rate, avg -1.58%
Self-learning: breakout: 1 trades, 0% win rate, avg -8.61% (LOSING) | other: 13 trades, 23% win rate, avg -1.93% (LOSING) | technical: 5 trades, 20% win rate, avg -1.58% (LOSING)
Performance: Total return +0.45% | Max drawdown 0.94% | Daily Sharpe 1.61 | 19 closed trades | Win rate 21% | Avg winner +1.83% | Avg loser -3.26% | Open positions: 0 | Equity $99,311.19
Engine P&L: legacy/unknown: realized $-1,705.68 (19 closed, 21% wins), unrealized $+0.00 (0 open) | Books: legacy: realized $-1,705.68, unrealized $+0.00
Reports: daily realized $+0.00; worst symbols none | weekly realized $+0.00; worst symbols none
Shadow report: 23692 shadow candidate(s), 342 rejection group(s)
Timings: account: 0.0s | risk: 0.2s | decide: 6.5s | watchlist: 0.1s | perf: 0.2s

=== Run at 2026-09-17T15:24:27.327427 ===
Build fingerprint: 4f68550affe5
Current time: 2026-09-17 11:24 AM EDT | Market open (per Alpaca): True | Session: REGULAR
Account value: $99,311.19
Cash: $99,311.19 | Holdings (0): none
Sector exposure (cached): unavailable (no holdings)
Fill reconciliation: {'filled': 0, 'partial': 0, 'rejected': 1}
Risk state: peak $99,703.60 | drawdown 0.39% | today +0.00% | halted: False
Market regime: NEUTRAL (position-size multiplier: 100% incl. circuit breaker 100%)
Overnight queue deferred 1 known-stale idea(s) for 30 minutes to preserve Gemini quota.
News: fetched 157, 0 new after dedup, 0 ticker(s) matched.
Quant pre-screen: 18/60 candidates passed.
Gemini proposed 2 trade(s) meeting the conviction bar.
Gemini calls used today (all models combined): 229
  -> {"ticker": "CRWD", "status": "skipped", "reason": "liquidity filter: CRWD average volume 367,924 < 500,000", "shadow": false, "data_guard": true}
  -> {"ticker": "FTNT", "status": "skipped", "reason": "liquidity filter: FTNT average volume 171,888 < 500,000", "shadow": false, "data_guard": true}
Overnight queue cleared after verification.
Overnight queue retained 1 deferred stale idea(s).
Dashboard watchlist synced (2 symbols) for news/headlines.
Ending portfolio value: $99,311.19
Trade journal: all: 19 trades, 21% win rate, avg -2.19% | breakout: 1 trades, 0% win rate, avg -8.61% | other: 13 trades, 23% win rate, avg -1.93% | technical: 5 trades, 20% win rate, avg -1.58%
Self-learning: breakout: 1 trades, 0% win rate, avg -8.61% (LOSING) | other: 13 trades, 23% win rate, avg -1.93% (LOSING) | technical: 5 trades, 20% win rate, avg -1.58% (LOSING)
Performance: Total return +0.45% | Max drawdown 0.94% | Daily Sharpe 1.61 | 19 closed trades | Win rate 21% | Avg winner +1.83% | Avg loser -3.26% | Open positions: 0 | Equity $99,311.19
Engine P&L: legacy/unknown: realized $-1,705.68 (19 closed, 21% wins), unrealized $+0.00 (0 open) | Books: legacy: realized $-1,705.68, unrealized $+0.00
Reports: daily realized $+0.00; worst symbols none | weekly realized $+0.00; worst symbols none
Shadow report: 23694 shadow candidate(s), 342 rejection group(s)
Timings: account: 0.0s | risk: 0.1s | decide: 4.9s | watchlist: 0.0s | perf: 0.3s

=== Run at 2026-09-17T15:26:26.465069 ===
Build fingerprint: 4f68550affe5
Current time: 2026-09-17 11:26 AM EDT | Market open (per Alpaca): True | Session: REGULAR
Account value: $99,311.19
Cash: $99,311.19 | Holdings (0): none
Sector exposure (cached): unavailable (no holdings)
Fill reconciliation: {'filled': 0, 'partial': 0, 'rejected': 1}
Risk state: peak $99,703.60 | drawdown 0.39% | today +0.00% | halted: False
Market regime: NEUTRAL (position-size multiplier: 100% incl. circuit breaker 100%)
Overnight queue deferred 1 known-stale idea(s) for 30 minutes to preserve Gemini quota.
News: fetched 157, 1 new after dedup, 0 ticker(s) matched.
Quant pre-screen: 18/60 candidates passed.
Gemini proposed 3 trade(s) meeting the conviction bar.
Gemini calls used today (all models combined): 230
  -> {"ticker": "CRWD", "status": "skipped", "reason": "liquidity filter: CRWD average volume 367,961 < 500,000", "shadow": false, "data_guard": true}
  -> {"ticker": "FTNT", "status": "skipped", "reason": "liquidity filter: FTNT average volume 171,922 < 500,000", "shadow": false, "data_guard": true}
  -> {"ticker": "HCA", "status": "skipped", "reason": "liquidity filter: HCA average volume 67,317 < 500,000", "shadow": false, "data_guard": true}
Overnight queue cleared after verification.
Overnight queue retained 1 deferred stale idea(s).
Dashboard watchlist synced (3 symbols) for news/headlines.
Ending portfolio value: $99,311.19
Trade journal: all: 19 trades, 21% win rate, avg -2.19% | breakout: 1 trades, 0% win rate, avg -8.61% | other: 13 trades, 23% win rate, avg -1.93% | technical: 5 trades, 20% win rate, avg -1.58%
Self-learning: breakout: 1 trades, 0% win rate, avg -8.61% (LOSING) | other: 13 trades, 23% win rate, avg -1.93% (LOSING) | technical: 5 trades, 20% win rate, avg -1.58% (LOSING)
Performance: Total return +0.45% | Max drawdown 0.94% | Daily Sharpe 1.61 | 19 closed trades | Win rate 21% | Avg winner +1.83% | Avg loser -3.26% | Open positions: 0 | Equity $99,311.19
Engine P&L: legacy/unknown: realized $-1,705.68 (19 closed, 21% wins), unrealized $+0.00 (0 open) | Books: legacy: realized $-1,705.68, unrealized $+0.00
Reports: daily realized $+0.00; worst symbols none | weekly realized $+0.00; worst symbols none
Shadow report: 23697 shadow candidate(s), 342 rejection group(s)
Timings: account: 0.0s | risk: 0.0s | decide: 4.7s | watchlist: 0.0s | perf: 0.3s

=== Run at 2026-09-17T15:28:23.284332 ===
Build fingerprint: 4f68550affe5
Current time: 2026-09-17 11:28 AM EDT | Market open (per Alpaca): True | Session: REGULAR
Account value: $99,311.19
Cash: $99,311.19 | Holdings (0): none
Sector exposure (cached): unavailable (no holdings)
Fill reconciliation: {'filled': 0, 'partial': 0, 'rejected': 1}
Risk state: peak $99,703.60 | drawdown 0.39% | today +0.00% | halted: False
Market regime: NEUTRAL (position-size multiplier: 100% incl. circuit breaker 100%)
Overnight queue deferred 1 known-stale idea(s) for 30 minutes to preserve Gemini quota.
News: fetched 157, 1 new after dedup, 0 ticker(s) matched.
Quant pre-screen: 18/60 candidates passed.
Gemini proposed 2 trade(s) meeting the conviction bar.
Gemini calls used today (all models combined): 231
  -> {"ticker": "CRWD", "status": "skipped", "reason": "liquidity filter: CRWD average volume 368,006 < 500,000", "shadow": false, "data_guard": true}
  -> {"ticker": "FTNT", "status": "skipped", "reason": "liquidity filter: FTNT average volume 171,968 < 500,000", "shadow": false, "data_guard": true}
Overnight queue cleared after verification.
Overnight queue retained 1 deferred stale idea(s).
Dashboard watchlist synced (2 symbols) for news/headlines.
Ending portfolio value: $99,311.19
Trade journal: all: 19 trades, 21% win rate, avg -2.19% | breakout: 1 trades, 0% win rate, avg -8.61% | other: 13 trades, 23% win rate, avg -1.93% | technical: 5 trades, 20% win rate, avg -1.58%
Self-learning: breakout: 1 trades, 0% win rate, avg -8.61% (LOSING) | other: 13 trades, 23% win rate, avg -1.93% (LOSING) | technical: 5 trades, 20% win rate, avg -1.58% (LOSING)
Performance: Total return +0.45% | Max drawdown 0.94% | Daily Sharpe 1.61 | 19 closed trades | Win rate 21% | Avg winner +1.83% | Avg loser -3.26% | Open positions: 0 | Equity $99,311.19
Engine P&L: legacy/unknown: realized $-1,705.68 (19 closed, 21% wins), unrealized $+0.00 (0 open) | Books: legacy: realized $-1,705.68, unrealized $+0.00
Reports: daily realized $+0.00; worst symbols none | weekly realized $+0.00; worst symbols none
Shadow report: 23699 shadow candidate(s), 342 rejection group(s)
Timings: account: 0.0s | risk: 0.2s | decide: 6.0s | watchlist: 0.1s | perf: 0.3s

=== Run at 2026-09-17T15:30:33.771229 ===
Build fingerprint: 4f68550affe5
Current time: 2026-09-17 11:30 AM EDT | Market open (per Alpaca): True | Session: REGULAR
Account value: $99,311.19
Cash: $99,311.19 | Holdings (0): none
Sector exposure (cached): unavailable (no holdings)
Fill reconciliation: {'filled': 0, 'partial': 0, 'rejected': 1}
Risk state: peak $99,703.60 | drawdown 0.39% | today +0.00% | halted: False
Market regime: NEUTRAL (position-size multiplier: 100% incl. circuit breaker 100%)
Overnight queue deferred 1 known-stale idea(s) for 30 minutes to preserve Gemini quota.
News: fetched 157, 1 new after dedup, 0 ticker(s) matched.
Quant pre-screen: 18/60 candidates passed.
Gemini proposed 3 trade(s) meeting the conviction bar.
Gemini calls used today (all models combined): 232
  -> {"ticker": "CRWD", "status": "skipped", "reason": "liquidity filter: CRWD average volume 368,073 < 500,000", "shadow": false, "data_guard": true}
  -> {"ticker": "FTNT", "status": "skipped", "reason": "liquidity filter: FTNT average volume 172,008 < 500,000", "shadow": false, "data_guard": true}
  -> {"ticker": "DDOG", "status": "skipped", "reason": "liquidity filter: DDOG average volume 162,163 < 500,000", "shadow": false, "data_guard": true}
Overnight queue cleared after verification.
Overnight queue retained 1 deferred stale idea(s).
Dashboard watchlist synced (3 symbols) for news/headlines.
Ending portfolio value: $99,311.19
Trade journal: all: 19 trades, 21% win rate, avg -2.19% | breakout: 1 trades, 0% win rate, avg -8.61% | other: 13 trades, 23% win rate, avg -1.93% | technical: 5 trades, 20% win rate, avg -1.58%
Self-learning: breakout: 1 trades, 0% win rate, avg -8.61% (LOSING) | other: 13 trades, 23% win rate, avg -1.93% (LOSING) | technical: 5 trades, 20% win rate, avg -1.58% (LOSING)
Performance: Total return +0.45% | Max drawdown 0.94% | Daily Sharpe 1.61 | 19 closed trades | Win rate 21% | Avg winner +1.83% | Avg loser -3.26% | Open positions: 0 | Equity $99,311.19
Engine P&L: legacy/unknown: realized $-1,705.68 (19 closed, 21% wins), unrealized $+0.00 (0 open) | Books: legacy: realized $-1,705.68, unrealized $+0.00
Reports: daily realized $+0.00; worst symbols none | weekly realized $+0.00; worst symbols none
Shadow report: 23702 shadow candidate(s), 342 rejection group(s)
Timings: account: 0.0s | risk: 0.1s | decide: 5.2s | watchlist: 0.0s | perf: 0.3s

=== Run at 2026-09-17T15:32:28.772365 ===
Build fingerprint: 4f68550affe5
Current time: 2026-09-17 11:32 AM EDT | Market open (per Alpaca): True | Session: REGULAR
Account value: $99,311.19
Cash: $99,311.19 | Holdings (0): none
Sector exposure (cached): unavailable (no holdings)
Fill reconciliation: {'filled': 0, 'partial': 0, 'rejected': 1}
Risk state: peak $99,703.60 | drawdown 0.39% | today +0.00% | halted: False
Market regime: NEUTRAL (position-size multiplier: 100% incl. circuit breaker 100%)
Overnight queue deferred 1 known-stale idea(s) for 30 minutes to preserve Gemini quota.
News: fetched 157, 2 new after dedup, 0 ticker(s) matched.
Quant pre-screen: 18/60 candidates passed.
Gemini proposed 2 trade(s) meeting the conviction bar.
Gemini calls used today (all models combined): 233
  -> {"ticker": "CRWD", "status": "skipped", "reason": "liquidity filter: CRWD average volume 368,185 < 500,000", "shadow": false, "data_guard": true}
  -> {"ticker": "FTNT", "status": "skipped", "reason": "liquidity filter: FTNT average volume 172,068 < 500,000", "shadow": false, "data_guard": true}
Overnight queue cleared after verification.
Overnight queue retained 1 deferred stale idea(s).
Dashboard watchlist synced (2 symbols) for news/headlines.
Ending portfolio value: $99,311.19
Trade journal: all: 19 trades, 21% win rate, avg -2.19% | breakout: 1 trades, 0% win rate, avg -8.61% | other: 13 trades, 23% win rate, avg -1.93% | technical: 5 trades, 20% win rate, avg -1.58%
Self-learning: breakout: 1 trades, 0% win rate, avg -8.61% (LOSING) | other: 13 trades, 23% win rate, avg -1.93% (LOSING) | technical: 5 trades, 20% win rate, avg -1.58% (LOSING)
Performance: Total return +0.45% | Max drawdown 0.94% | Daily Sharpe 1.61 | 19 closed trades | Win rate 21% | Avg winner +1.83% | Avg loser -3.26% | Open positions: 0 | Equity $99,311.19
Engine P&L: legacy/unknown: realized $-1,705.68 (19 closed, 21% wins), unrealized $+0.00 (0 open) | Books: legacy: realized $-1,705.68, unrealized $+0.00
Reports: daily realized $+0.00; worst symbols none | weekly realized $+0.00; worst symbols none
Shadow report: 23704 shadow candidate(s), 342 rejection group(s)
Timings: account: 0.0s | risk: 0.1s | decide: 5.5s | watchlist: 0.0s | perf: 0.3s

=== Run at 2026-09-17T15:34:34.212524 ===
Build fingerprint: 4f68550affe5
Current time: 2026-09-17 11:34 AM EDT | Market open (per Alpaca): True | Session: REGULAR
Account value: $99,311.19
Cash: $99,311.19 | Holdings (0): none
Sector exposure (cached): unavailable (no holdings)
Fill reconciliation: {'filled': 0, 'partial': 0, 'rejected': 1}
Risk state: peak $99,703.60 | drawdown 0.39% | today +0.00% | halted: False
Market regime: NEUTRAL (position-size multiplier: 100% incl. circuit breaker 100%)
Overnight queue deferred 1 known-stale idea(s) for 30 minutes to preserve Gemini quota.
News: fetched 157, 0 new after dedup, 0 ticker(s) matched.
Quant pre-screen: 18/60 candidates passed.
Gemini proposed 2 trade(s) meeting the conviction bar.
Gemini calls used today (all models combined): 234
  -> {"ticker": "CRWD", "status": "skipped", "reason": "liquidity filter: CRWD average volume 368,310 < 500,000", "shadow": false, "data_guard": true}
  -> {"ticker": "FTNT", "status": "skipped", "reason": "liquidity filter: FTNT average volume 172,109 < 500,000", "shadow": false, "data_guard": true}
Overnight queue cleared after verification.
Overnight queue retained 1 deferred stale idea(s).
Dashboard watchlist synced (2 symbols) for news/headlines.
Ending portfolio value: $99,311.19
Trade journal: all: 19 trades, 21% win rate, avg -2.19% | breakout: 1 trades, 0% win rate, avg -8.61% | other: 13 trades, 23% win rate, avg -1.93% | technical: 5 trades, 20% win rate, avg -1.58%
Self-learning: breakout: 1 trades, 0% win rate, avg -8.61% (LOSING) | other: 13 trades, 23% win rate, avg -1.93% (LOSING) | technical: 5 trades, 20% win rate, avg -1.58% (LOSING)
Performance: Total return +0.45% | Max drawdown 0.94% | Daily Sharpe 1.61 | 19 closed trades | Win rate 21% | Avg winner +1.83% | Avg loser -3.26% | Open positions: 0 | Equity $99,311.19
Engine P&L: legacy/unknown: realized $-1,705.68 (19 closed, 21% wins), unrealized $+0.00 (0 open) | Books: legacy: realized $-1,705.68, unrealized $+0.00
Reports: daily realized $+0.00; worst symbols none | weekly realized $+0.00; worst symbols none
Shadow report: 23706 shadow candidate(s), 342 rejection group(s)
Timings: account: 0.0s | risk: 0.1s | decide: 3.9s | watchlist: 0.0s | perf: 0.2s

=== Run at 2026-09-17T15:36:30.286871 ===
Build fingerprint: 4f68550affe5
Current time: 2026-09-17 11:36 AM EDT | Market open (per Alpaca): True | Session: REGULAR
Account value: $99,311.19
Cash: $99,311.19 | Holdings (0): none
Sector exposure (cached): unavailable (no holdings)
Fill reconciliation: {'filled': 0, 'partial': 0, 'rejected': 1}
Risk state: peak $99,703.60 | drawdown 0.39% | today +0.00% | halted: False
Market regime: NEUTRAL (position-size multiplier: 100% incl. circuit breaker 100%)
Overnight queue deferred 1 known-stale idea(s) for 30 minutes to preserve Gemini quota.
News: fetched 157, 1 new after dedup, 0 ticker(s) matched.
Quant pre-screen: 18/60 candidates passed.
Gemini proposed 2 trade(s) meeting the conviction bar.
Gemini calls used today (all models combined): 235
  -> {"ticker": "CRWD", "status": "skipped", "reason": "liquidity filter: CRWD average volume 368,365 < 500,000", "shadow": false, "data_guard": true}
  -> {"ticker": "HCA", "status": "skipped", "reason": "liquidity filter: HCA average volume 67,392 < 500,000", "shadow": false, "data_guard": true}
Overnight queue cleared after verification.
Overnight queue retained 1 deferred stale idea(s).
Dashboard watchlist synced (2 symbols) for news/headlines.
Ending portfolio value: $99,311.19
Trade journal: all: 19 trades, 21% win rate, avg -2.19% | breakout: 1 trades, 0% win rate, avg -8.61% | other: 13 trades, 23% win rate, avg -1.93% | technical: 5 trades, 20% win rate, avg -1.58%
Self-learning: breakout: 1 trades, 0% win rate, avg -8.61% (LOSING) | other: 13 trades, 23% win rate, avg -1.93% (LOSING) | technical: 5 trades, 20% win rate, avg -1.58% (LOSING)
Performance: Total return +0.45% | Max drawdown 0.94% | Daily Sharpe 1.61 | 19 closed trades | Win rate 21% | Avg winner +1.83% | Avg loser -3.26% | Open positions: 0 | Equity $99,311.19
Engine P&L: legacy/unknown: realized $-1,705.68 (19 closed, 21% wins), unrealized $+0.00 (0 open) | Books: legacy: realized $-1,705.68, unrealized $+0.00
Reports: daily realized $+0.00; worst symbols none | weekly realized $+0.00; worst symbols none
Shadow report: 23708 shadow candidate(s), 342 rejection group(s)
Timings: account: 0.0s | risk: 0.1s | decide: 4.8s | watchlist: 0.1s | perf: 0.3s

=== Run at 2026-09-17T15:38:40.078824 ===
Build fingerprint: 4f68550affe5
Current time: 2026-09-17 11:38 AM EDT | Market open (per Alpaca): True | Session: REGULAR
Account value: $99,311.19
Cash: $99,311.19 | Holdings (0): none
Sector exposure (cached): unavailable (no holdings)
Fill reconciliation: {'filled': 0, 'partial': 0, 'rejected': 1}
Risk state: peak $99,703.60 | drawdown 0.39% | today +0.00% | halted: False
Market regime: NEUTRAL (position-size multiplier: 100% incl. circuit breaker 100%)
Overnight queue deferred 1 known-stale idea(s) for 30 minutes to preserve Gemini quota.
News: fetched 157, 2 new after dedup, 0 ticker(s) matched.
Quant pre-screen: 18/60 candidates passed.
Gemini proposed 3 trade(s) meeting the conviction bar.
Gemini calls used today (all models combined): 236
  -> {"ticker": "CRWD", "status": "skipped", "reason": "liquidity filter: CRWD average volume 368,458 < 500,000", "shadow": false, "data_guard": true}
  -> {"ticker": "FTNT", "status": "skipped", "reason": "liquidity filter: FTNT average volume 172,207 < 500,000", "shadow": false, "data_guard": true}
  -> {"ticker": "HCA", "status": "skipped", "reason": "liquidity filter: HCA average volume 67,397 < 500,000", "shadow": false, "data_guard": true}
Overnight queue cleared after verification.
Overnight queue retained 1 deferred stale idea(s).
Dashboard watchlist synced (3 symbols) for news/headlines.
Ending portfolio value: $99,311.19
Trade journal: all: 19 trades, 21% win rate, avg -2.19% | breakout: 1 trades, 0% win rate, avg -8.61% | other: 13 trades, 23% win rate, avg -1.93% | technical: 5 trades, 20% win rate, avg -1.58%
Self-learning: breakout: 1 trades, 0% win rate, avg -8.61% (LOSING) | other: 13 trades, 23% win rate, avg -1.93% (LOSING) | technical: 5 trades, 20% win rate, avg -1.58% (LOSING)
Performance: Total return +0.45% | Max drawdown 0.94% | Daily Sharpe 1.61 | 19 closed trades | Win rate 21% | Avg winner +1.83% | Avg loser -3.26% | Open positions: 0 | Equity $99,311.19
Engine P&L: legacy/unknown: realized $-1,705.68 (19 closed, 21% wins), unrealized $+0.00 (0 open) | Books: legacy: realized $-1,705.68, unrealized $+0.00
Reports: daily realized $+0.00; worst symbols none | weekly realized $+0.00; worst symbols none
Shadow report: 23711 shadow candidate(s), 342 rejection group(s)
Timings: account: 0.0s | risk: 0.2s | decide: 5.7s | watchlist: 0.2s | perf: 0.2s

=== Run at 2026-09-17T15:40:37.048684 ===
Build fingerprint: 4f68550affe5
Current time: 2026-09-17 11:40 AM EDT | Market open (per Alpaca): True | Session: REGULAR
Account value: $99,311.19
Cash: $99,311.19 | Holdings (0): none
Sector exposure (cached): unavailable (no holdings)
Fill reconciliation: {'filled': 0, 'partial': 0, 'rejected': 1}
Risk state: peak $99,703.60 | drawdown 0.39% | today +0.00% | halted: False
Market regime: NEUTRAL (position-size multiplier: 100% incl. circuit breaker 100%)
Overnight queue deferred 1 known-stale idea(s) for 30 minutes to preserve Gemini quota.
News: fetched 157, 0 new after dedup, 0 ticker(s) matched.
Quant pre-screen: 18/60 candidates passed.
Gemini proposed 2 trade(s) meeting the conviction bar.
Gemini calls used today (all models combined): 237
  -> {"ticker": "CRWD", "status": "skipped", "reason": "liquidity filter: CRWD average volume 368,503 < 500,000", "shadow": false, "data_guard": true}
  -> {"ticker": "FTNT", "status": "skipped", "reason": "liquidity filter: FTNT average volume 172,224 < 500,000", "shadow": false, "data_guard": true}
Overnight queue cleared after verification.
Overnight queue retained 1 deferred stale idea(s).
Dashboard watchlist synced (2 symbols) for news/headlines.
Ending portfolio value: $99,311.19
Trade journal: all: 19 trades, 21% win rate, avg -2.19% | breakout: 1 trades, 0% win rate, avg -8.61% | other: 13 trades, 23% win rate, avg -1.93% | technical: 5 trades, 20% win rate, avg -1.58%
Self-learning: breakout: 1 trades, 0% win rate, avg -8.61% (LOSING) | other: 13 trades, 23% win rate, avg -1.93% (LOSING) | technical: 5 trades, 20% win rate, avg -1.58% (LOSING)
Performance: Total return +0.45% | Max drawdown 0.94% | Daily Sharpe 1.61 | 19 closed trades | Win rate 21% | Avg winner +1.83% | Avg loser -3.26% | Open positions: 0 | Equity $99,311.19
Engine P&L: legacy/unknown: realized $-1,705.68 (19 closed, 21% wins), unrealized $+0.00 (0 open) | Books: legacy: realized $-1,705.68, unrealized $+0.00
Reports: daily realized $+0.00; worst symbols none | weekly realized $+0.00; worst symbols none
Shadow report: 23713 shadow candidate(s), 342 rejection group(s)
Timings: account: 0.0s | risk: 0.3s | decide: 8.7s | watchlist: 0.1s | perf: 0.3s

=== Run at 2026-09-17T15:42:29.696776 ===
Build fingerprint: 4f68550affe5
Current time: 2026-09-17 11:42 AM EDT | Market open (per Alpaca): True | Session: REGULAR
Account value: $99,311.19
Cash: $99,311.19 | Holdings (0): none
Sector exposure (cached): unavailable (no holdings)
Fill reconciliation: {'filled': 0, 'partial': 0, 'rejected': 1}
Risk state: peak $99,703.60 | drawdown 0.39% | today +0.00% | halted: False
Market regime: NEUTRAL (position-size multiplier: 100% incl. circuit breaker 100%)
Overnight queue deferred 1 known-stale idea(s) for 30 minutes to preserve Gemini quota.
News: fetched 157, 2 new after dedup, 0 ticker(s) matched.
Quant pre-screen: 18/60 candidates passed.
Gemini proposed 1 trade(s) meeting the conviction bar.
Gemini calls used today (all models combined): 238
  -> {"ticker": "CRWD", "status": "skipped", "reason": "liquidity filter: CRWD average volume 368,545 < 500,000", "shadow": false, "data_guard": true}
Overnight queue cleared after verification.
Overnight queue retained 1 deferred stale idea(s).
Dashboard watchlist synced (1 symbols) for news/headlines.
Ending portfolio value: $99,311.19
Trade journal: all: 19 trades, 21% win rate, avg -2.19% | breakout: 1 trades, 0% win rate, avg -8.61% | other: 13 trades, 23% win rate, avg -1.93% | technical: 5 trades, 20% win rate, avg -1.58%
Self-learning: breakout: 1 trades, 0% win rate, avg -8.61% (LOSING) | other: 13 trades, 23% win rate, avg -1.93% (LOSING) | technical: 5 trades, 20% win rate, avg -1.58% (LOSING)
Performance: Total return +0.45% | Max drawdown 0.94% | Daily Sharpe 1.61 | 19 closed trades | Win rate 21% | Avg winner +1.83% | Avg loser -3.26% | Open positions: 0 | Equity $99,311.19
Engine P&L: legacy/unknown: realized $-1,705.68 (19 closed, 21% wins), unrealized $+0.00 (0 open) | Books: legacy: realized $-1,705.68, unrealized $+0.00
Reports: daily realized $+0.00; worst symbols none | weekly realized $+0.00; worst symbols none
Shadow report: 23714 shadow candidate(s), 341 rejection group(s)
Timings: account: 0.0s | risk: 0.4s | decide: 12.0s | watchlist: 0.1s | perf: 0.4s

=== Run at 2026-09-17T15:44:29.549362 ===
Build fingerprint: 4f68550affe5
Current time: 2026-09-17 11:44 AM EDT | Market open (per Alpaca): True | Session: REGULAR
Account value: $99,311.19
Cash: $99,311.19 | Holdings (0): none
Sector exposure (cached): unavailable (no holdings)
Fill reconciliation: {'filled': 0, 'partial': 0, 'rejected': 1}
Risk state: peak $99,703.60 | drawdown 0.39% | today +0.00% | halted: False
Market regime: NEUTRAL (position-size multiplier: 100% incl. circuit breaker 100%)
Overnight queue deferred 1 known-stale idea(s) for 30 minutes to preserve Gemini quota.
News: fetched 157, 1 new after dedup, 0 ticker(s) matched.
Quant pre-screen: 18/60 candidates passed.
Gemini proposed 3 trade(s) meeting the conviction bar.
Gemini calls used today (all models combined): 239
  -> {"ticker": "CRWD", "status": "skipped", "reason": "liquidity filter: CRWD average volume 368,584 < 500,000", "shadow": false, "data_guard": true}
  -> {"ticker": "FTNT", "status": "skipped", "reason": "liquidity filter: FTNT average volume 172,295 < 500,000", "shadow": false, "data_guard": true}
  -> {"ticker": "HCA", "status": "skipped", "reason": "liquidity filter: HCA average volume 67,421 < 500,000", "shadow": false, "data_guard": true}
Overnight queue cleared after verification.
Overnight queue retained 1 deferred stale idea(s).
Dashboard watchlist synced (3 symbols) for news/headlines.
Ending portfolio value: $99,311.19
Trade journal: all: 19 trades, 21% win rate, avg -2.19% | breakout: 1 trades, 0% win rate, avg -8.61% | other: 13 trades, 23% win rate, avg -1.93% | technical: 5 trades, 20% win rate, avg -1.58%
Self-learning: breakout: 1 trades, 0% win rate, avg -8.61% (LOSING) | other: 13 trades, 23% win rate, avg -1.93% (LOSING) | technical: 5 trades, 20% win rate, avg -1.58% (LOSING)
Performance: Total return +0.45% | Max drawdown 0.94% | Daily Sharpe 1.61 | 19 closed trades | Win rate 21% | Avg winner +1.83% | Avg loser -3.26% | Open positions: 0 | Equity $99,311.19
Engine P&L: legacy/unknown: realized $-1,705.68 (19 closed, 21% wins), unrealized $+0.00 (0 open) | Books: legacy: realized $-1,705.68, unrealized $+0.00
Reports: daily realized $+0.00; worst symbols none | weekly realized $+0.00; worst symbols none
Shadow report: 23717 shadow candidate(s), 338 rejection group(s)
Timings: account: 0.0s | risk: 0.4s | decide: 7.0s | watchlist: 0.2s | perf: 0.4s

=== Run at 2026-09-17T15:46:26.910055 ===
Build fingerprint: 4f68550affe5
Current time: 2026-09-17 11:46 AM EDT | Market open (per Alpaca): True | Session: REGULAR
Account value: $99,311.19
Cash: $99,311.19 | Holdings (0): none
Sector exposure (cached): unavailable (no holdings)
Fill reconciliation: {'filled': 0, 'partial': 0, 'rejected': 1}
Risk state: peak $99,703.60 | drawdown 0.39% | today +0.00% | halted: False
Market regime: NEUTRAL (position-size multiplier: 100% incl. circuit breaker 100%)
Overnight queue deferred 1 known-stale idea(s) for 30 minutes to preserve Gemini quota.
News: fetched 157, 1 new after dedup, 0 ticker(s) matched.
Quant pre-screen: 18/60 candidates passed.
Gemini proposed 3 trade(s) meeting the conviction bar.
Gemini calls used today (all models combined): 240
  -> {"ticker": "CRWD", "status": "skipped", "reason": "liquidity filter: CRWD average volume 368,614 < 500,000", "shadow": false, "data_guard": true}
  -> {"ticker": "FTNT", "status": "skipped", "reason": "liquidity filter: FTNT average volume 172,319 < 500,000", "shadow": false, "data_guard": true}
  -> {"ticker": "DDOG", "status": "skipped", "reason": "liquidity filter: DDOG average volume 162,336 < 500,000", "shadow": false, "data_guard": true}
Overnight queue cleared after verification.
Overnight queue retained 1 deferred stale idea(s).
Dashboard watchlist synced (3 symbols) for news/headlines.
Ending portfolio value: $99,311.19
Trade journal: all: 19 trades, 21% win rate, avg -2.19% | breakout: 1 trades, 0% win rate, avg -8.61% | other: 13 trades, 23% win rate, avg -1.93% | technical: 5 trades, 20% win rate, avg -1.58%
Self-learning: breakout: 1 trades, 0% win rate, avg -8.61% (LOSING) | other: 13 trades, 23% win rate, avg -1.93% (LOSING) | technical: 5 trades, 20% win rate, avg -1.58% (LOSING)
Performance: Total return +0.45% | Max drawdown 0.94% | Daily Sharpe 1.61 | 19 closed trades | Win rate 21% | Avg winner +1.83% | Avg loser -3.26% | Open positions: 0 | Equity $99,311.19
Engine P&L: legacy/unknown: realized $-1,705.68 (19 closed, 21% wins), unrealized $+0.00 (0 open) | Books: legacy: realized $-1,705.68, unrealized $+0.00
Reports: daily realized $+0.00; worst symbols none | weekly realized $+0.00; worst symbols none
Shadow report: 23720 shadow candidate(s), 335 rejection group(s)
Timings: account: 0.0s | risk: 0.1s | decide: 20.8s | watchlist: 0.1s | perf: 0.3s

=== Run at 2026-09-17T15:48:32.505772 ===
Build fingerprint: 4f68550affe5
Current time: 2026-09-17 11:48 AM EDT | Market open (per Alpaca): True | Session: REGULAR
Account value: $99,311.19
Cash: $99,311.19 | Holdings (0): none
Sector exposure (cached): unavailable (no holdings)
Fill reconciliation: {'filled': 0, 'partial': 0, 'rejected': 1}
Risk state: peak $99,703.60 | drawdown 0.39% | today +0.00% | halted: False
Market regime: NEUTRAL (position-size multiplier: 100% incl. circuit breaker 100%)
Overnight queue deferred 1 known-stale idea(s) for 30 minutes to preserve Gemini quota.
News: fetched 157, 1 new after dedup, 0 ticker(s) matched.
Quant pre-screen: 18/60 candidates passed.
Gemini proposed 2 trade(s) meeting the conviction bar.
Gemini calls used today (all models combined): 241
  -> {"ticker": "CRWD", "status": "skipped", "reason": "liquidity filter: CRWD average volume 368,665 < 500,000", "shadow": false, "data_guard": true}
  -> {"ticker": "FTNT", "status": "skipped", "reason": "liquidity filter: FTNT average volume 172,345 < 500,000", "shadow": false, "data_guard": true}
Overnight queue cleared after verification.
Overnight queue retained 1 deferred stale idea(s).
Dashboard watchlist synced (2 symbols) for news/headlines.
Ending portfolio value: $99,311.19
Trade journal: all: 19 trades, 21% win rate, avg -2.19% | breakout: 1 trades, 0% win rate, avg -8.61% | other: 13 trades, 23% win rate, avg -1.93% | technical: 5 trades, 20% win rate, avg -1.58%
Self-learning: breakout: 1 trades, 0% win rate, avg -8.61% (LOSING) | other: 13 trades, 23% win rate, avg -1.93% (LOSING) | technical: 5 trades, 20% win rate, avg -1.58% (LOSING)
Performance: Total return +0.45% | Max drawdown 0.94% | Daily Sharpe 1.61 | 19 closed trades | Win rate 21% | Avg winner +1.83% | Avg loser -3.26% | Open positions: 0 | Equity $99,311.19
Engine P&L: legacy/unknown: realized $-1,705.68 (19 closed, 21% wins), unrealized $+0.00 (0 open) | Books: legacy: realized $-1,705.68, unrealized $+0.00
Reports: daily realized $+0.00; worst symbols none | weekly realized $+0.00; worst symbols none
Shadow report: 23722 shadow candidate(s), 333 rejection group(s)
Timings: account: 0.0s | risk: 0.4s | decide: 23.3s | watchlist: 0.2s | perf: 0.4s

=== Run at 2026-09-17T15:50:35.328317 ===
Build fingerprint: 4f68550affe5
Current time: 2026-09-17 11:50 AM EDT | Market open (per Alpaca): True | Session: REGULAR
Account value: $99,311.19
Cash: $99,311.19 | Holdings (0): none
Sector exposure (cached): unavailable (no holdings)
Fill reconciliation: {'filled': 0, 'partial': 0, 'rejected': 1}
Risk state: peak $99,703.60 | drawdown 0.39% | today +0.00% | halted: False
Market regime: NEUTRAL (position-size multiplier: 100% incl. circuit breaker 100%)
Overnight queue deferred 1 known-stale idea(s) for 30 minutes to preserve Gemini quota.
News: fetched 157, 1 new after dedup, 0 ticker(s) matched.
Quant pre-screen: 18/60 candidates passed.
Technical fallback (Gemini throttled/unavailable) proposed 6 trade(s) meeting the conviction bar.
Gemini calls used today (all models combined): 241
  -> {"ticker": "FTNT", "status": "skipped", "reason": "liquidity filter: FTNT average volume 172,392 < 500,000", "shadow": false, "data_guard": true}
  -> {"ticker": "CRWD", "status": "skipped", "reason": "liquidity filter: CRWD average volume 368,725 < 500,000", "shadow": false, "data_guard": true}
  -> {"ticker": "GEN", "status": "skipped", "reason": "liquidity filter: GEN average volume 391,869 < 500,000", "shadow": false, "data_guard": true}
  -> {"ticker": "GILD", "status": "skipped", "reason": "liquidity filter: GILD average volume 156,947 < 500,000", "shadow": false, "data_guard": true}
  -> {"ticker": "GM", "status": "skipped", "reason": "liquidity filter: GM average volume 187,919 < 500,000", "shadow": false, "data_guard": true}
  -> {"ticker": "HCA", "status": "skipped", "reason": "liquidity filter: HCA average volume 67,455 < 500,000", "shadow": false, "data_guard": true}
Overnight queue KEPT for next run (Gemini did not verify this round -- technical fallback or decision failure); 3 idea(s) remain subject to the retry cap.
Run budget reserve reached -- skipping dashboard watchlist sync.
Run budget reserve reached -- skipping performance snapshot.
Trade journal: all: 19 trades, 21% win rate, avg -2.19% | breakout: 1 trades, 0% win rate, avg -8.61% | other: 13 trades, 23% win rate, avg -1.93% | technical: 5 trades, 20% win rate, avg -1.58%
Self-learning: breakout: 1 trades, 0% win rate, avg -8.61% (LOSING) | other: 13 trades, 23% win rate, avg -1.93% (LOSING) | technical: 5 trades, 20% win rate, avg -1.58% (LOSING)
Performance: Total return +0.45% | Max drawdown 0.94% | Daily Sharpe 1.61 | 19 closed trades | Win rate 21% | Avg winner +1.83% | Avg loser -3.26% | Open positions: 0 | Equity $99,311.19
Engine P&L: legacy/unknown: realized $-1,705.68 (19 closed, 21% wins), unrealized $+0.00 (0 open) | Books: legacy: realized $-1,705.68, unrealized $+0.00
Reports: daily realized $+0.00; worst symbols none | weekly realized $+0.00; worst symbols none
Shadow report: 23728 shadow candidate(s), 327 rejection group(s)
Timings: account: 0.0s | risk: 0.4s | decide: 26.0s | watchlist: 0.0s | perf: 0.3s

=== Run at 2026-09-17T15:52:29.782474 ===
Build fingerprint: 4f68550affe5
Current time: 2026-09-17 11:52 AM EDT | Market open (per Alpaca): True | Session: REGULAR
Account value: $99,311.19
Cash: $99,311.19 | Holdings (0): none
Sector exposure (cached): unavailable (no holdings)
Fill reconciliation: {'filled': 0, 'partial': 0, 'rejected': 1}
Risk state: peak $99,703.60 | drawdown 0.39% | today +0.00% | halted: False
Market regime: NEUTRAL (position-size multiplier: 100% incl. circuit breaker 100%)
Morning verification: 4 overnight-queued trade(s) handed to Gemini for re-verification against fresh data.
News: fetched 157, 0 new after dedup, 0 ticker(s) matched.
Quant pre-screen: 18/60 candidates passed.
Gemini proposed 2 trade(s) meeting the conviction bar.
Gemini calls used today (all models combined): 242
  -> {"ticker": "DDOG", "status": "skipped", "reason": "liquidity filter: DDOG average volume 162,392 < 500,000", "shadow": false, "data_guard": true}
  -> {"ticker": "CRWD", "status": "skipped", "reason": "liquidity filter: CRWD average volume 368,762 < 500,000", "shadow": false, "data_guard": true}
Overnight queue cleared after verification.
Dashboard watchlist synced (2 symbols) for news/headlines.
Ending portfolio value: $99,311.19
Trade journal: all: 19 trades, 21% win rate, avg -2.19% | breakout: 1 trades, 0% win rate, avg -8.61% | other: 13 trades, 23% win rate, avg -1.93% | technical: 5 trades, 20% win rate, avg -1.58%
Self-learning: breakout: 1 trades, 0% win rate, avg -8.61% (LOSING) | other: 13 trades, 23% win rate, avg -1.93% (LOSING) | technical: 5 trades, 20% win rate, avg -1.58% (LOSING)
Performance: Total return +0.45% | Max drawdown 0.94% | Daily Sharpe 1.61 | 19 closed trades | Win rate 21% | Avg winner +1.83% | Avg loser -3.26% | Open positions: 0 | Equity $99,311.19
Engine P&L: legacy/unknown: realized $-1,705.68 (19 closed, 21% wins), unrealized $+0.00 (0 open) | Books: legacy: realized $-1,705.68, unrealized $+0.00
Reports: daily realized $+0.00; worst symbols none | weekly realized $+0.00; worst symbols none
Shadow report: 23730 shadow candidate(s), 325 rejection group(s)
Timings: account: 0.0s | risk: 0.4s | decide: 13.9s | watchlist: 0.2s | perf: 0.4s

=== Run at 2026-09-17T15:54:26.531283 ===
Build fingerprint: 4f68550affe5
Current time: 2026-09-17 11:54 AM EDT | Market open (per Alpaca): True | Session: REGULAR
Account value: $99,311.19
Cash: $99,311.19 | Holdings (0): none
Sector exposure (cached): unavailable (no holdings)
Fill reconciliation: {'filled': 0, 'partial': 0, 'rejected': 1}
Risk state: peak $99,703.60 | drawdown 0.39% | today +0.00% | halted: False
Market regime: NEUTRAL (position-size multiplier: 100% incl. circuit breaker 100%)
News: fetched 157, 2 new after dedup, 6 ticker(s) matched.
Quant pre-screen: 13/52 candidates passed.
Gemini proposed 2 trade(s) meeting the conviction bar.
Gemini calls used today (all models combined): 243
  -> {"ticker": "CRWD", "status": "skipped", "reason": "liquidity filter: CRWD average volume 368,793 < 500,000", "shadow": false, "data_guard": true}
  -> {"ticker": "DDOG", "status": "skipped", "reason": "liquidity filter: DDOG average volume 162,402 < 500,000", "shadow": false, "data_guard": true}
Overnight queue cleared after verification.
Dashboard watchlist synced (8 symbols) for news/headlines.
Ending portfolio value: $99,311.19
Trade journal: all: 19 trades, 21% win rate, avg -2.19% | breakout: 1 trades, 0% win rate, avg -8.61% | other: 13 trades, 23% win rate, avg -1.93% | technical: 5 trades, 20% win rate, avg -1.58%
Self-learning: breakout: 1 trades, 0% win rate, avg -8.61% (LOSING) | other: 13 trades, 23% win rate, avg -1.93% (LOSING) | technical: 5 trades, 20% win rate, avg -1.58% (LOSING)
Performance: Total return +0.45% | Max drawdown 0.94% | Daily Sharpe 1.61 | 19 closed trades | Win rate 21% | Avg winner +1.83% | Avg loser -3.26% | Open positions: 0 | Equity $99,311.19
Engine P&L: legacy/unknown: realized $-1,705.68 (19 closed, 21% wins), unrealized $+0.00 (0 open) | Books: legacy: realized $-1,705.68, unrealized $+0.00
Reports: daily realized $+0.00; worst symbols none | weekly realized $+0.00; worst symbols none
Shadow report: 23732 shadow candidate(s), 323 rejection group(s)
Timings: account: 0.0s | risk: 0.2s | decide: 10.1s | watchlist: 0.1s | perf: 0.2s

=== Run at 2026-09-17T15:56:29.885118 ===
Build fingerprint: 4f68550affe5
Current time: 2026-09-17 11:56 AM EDT | Market open (per Alpaca): True | Session: REGULAR
Account value: $99,311.19
Cash: $99,311.19 | Holdings (0): none
Sector exposure (cached): unavailable (no holdings)
Fill reconciliation: {'filled': 0, 'partial': 0, 'rejected': 1}
Risk state: peak $99,703.60 | drawdown 0.39% | today +0.00% | halted: False
Market regime: NEUTRAL (position-size multiplier: 100% incl. circuit breaker 100%)
News: fetched 157, 1 new after dedup, 0 ticker(s) matched.
Quant pre-screen: 19/60 candidates passed.
Gemini proposed 3 trade(s) meeting the conviction bar.
Gemini calls used today (all models combined): 244
  -> {"ticker": "CRWD", "status": "skipped", "reason": "liquidity filter: CRWD average volume 368,838 < 500,000", "shadow": false, "data_guard": true}
  -> {"ticker": "FTNT", "status": "skipped", "reason": "liquidity filter: FTNT average volume 172,472 < 500,000", "shadow": false, "data_guard": true}
  -> {"ticker": "HCA", "status": "skipped", "reason": "liquidity filter: HCA average volume 67,486 < 500,000", "shadow": false, "data_guard": true}
Overnight queue cleared after verification.
Dashboard watchlist synced (3 symbols) for news/headlines.
Ending portfolio value: $99,311.19
Trade journal: all: 19 trades, 21% win rate, avg -2.19% | breakout: 1 trades, 0% win rate, avg -8.61% | other: 13 trades, 23% win rate, avg -1.93% | technical: 5 trades, 20% win rate, avg -1.58%
Self-learning: breakout: 1 trades, 0% win rate, avg -8.61% (LOSING) | other: 13 trades, 23% win rate, avg -1.93% (LOSING) | technical: 5 trades, 20% win rate, avg -1.58% (LOSING)
Performance: Total return +0.45% | Max drawdown 0.94% | Daily Sharpe 1.61 | 19 closed trades | Win rate 21% | Avg winner +1.83% | Avg loser -3.26% | Open positions: 0 | Equity $99,311.19
Engine P&L: legacy/unknown: realized $-1,705.68 (19 closed, 21% wins), unrealized $+0.00 (0 open) | Books: legacy: realized $-1,705.68, unrealized $+0.00
Reports: daily realized $+0.00; worst symbols none | weekly realized $+0.00; worst symbols none
Shadow report: 23735 shadow candidate(s), 320 rejection group(s)
Timings: account: 0.0s | risk: 0.4s | decide: 6.8s | watchlist: 0.1s | perf: 0.4s

=== Run at 2026-09-17T15:58:27.260473 ===
Build fingerprint: 4f68550affe5
Current time: 2026-09-17 11:58 AM EDT | Market open (per Alpaca): True | Session: REGULAR
Account value: $99,311.19
Cash: $99,311.19 | Holdings (0): none
Sector exposure (cached): unavailable (no holdings)
Fill reconciliation: {'filled': 0, 'partial': 0, 'rejected': 1}
Risk state: peak $99,703.60 | drawdown 0.39% | today +0.00% | halted: False
Market regime: NEUTRAL (position-size multiplier: 100% incl. circuit breaker 100%)
News: fetched 157, 0 new after dedup, 0 ticker(s) matched.
Quant pre-screen: 19/60 candidates passed.
Gemini proposed 2 trade(s) meeting the conviction bar.
Gemini calls used today (all models combined): 245
  -> {"ticker": "CRWD", "status": "skipped", "reason": "liquidity filter: CRWD average volume 368,852 < 500,000", "shadow": false, "data_guard": true}
  -> {"ticker": "FTNT", "status": "skipped", "reason": "stale quote for FTNT (190.923934s old; limit 180s)", "shadow": false, "data_guard": true}
Overnight queue kept 1 idea(s) whose market data was stale; they will be retried after fresh quotes arrive.
Dashboard watchlist synced (2 symbols) for news/headlines.
Ending portfolio value: $99,311.19
Trade journal: all: 19 trades, 21% win rate, avg -2.19% | breakout: 1 trades, 0% win rate, avg -8.61% | other: 13 trades, 23% win rate, avg -1.93% | technical: 5 trades, 20% win rate, avg -1.58%
Self-learning: breakout: 1 trades, 0% win rate, avg -8.61% (LOSING) | other: 13 trades, 23% win rate, avg -1.93% (LOSING) | technical: 5 trades, 20% win rate, avg -1.58% (LOSING)
Performance: Total return +0.45% | Max drawdown 0.94% | Daily Sharpe 1.61 | 19 closed trades | Win rate 21% | Avg winner +1.83% | Avg loser -3.26% | Open positions: 0 | Equity $99,311.19
Engine P&L: legacy/unknown: realized $-1,705.68 (19 closed, 21% wins), unrealized $+0.00 (0 open) | Books: legacy: realized $-1,705.68, unrealized $+0.00
Reports: daily realized $+0.00; worst symbols none | weekly realized $+0.00; worst symbols none
Shadow report: 23737 shadow candidate(s), 319 rejection group(s)
Timings: account: 0.0s | risk: 0.1s | decide: 4.6s | watchlist: 0.1s | perf: 0.3s

=== Run at 2026-09-17T16:00:38.176080 ===
Build fingerprint: 4f68550affe5
Current time: 2026-09-17 12:00 PM EDT | Market open (per Alpaca): True | Session: REGULAR
Account value: $99,311.19
Cash: $99,311.19 | Holdings (0): none
Sector exposure (cached): unavailable (no holdings)
Fill reconciliation: {'filled': 0, 'partial': 0, 'rejected': 1}
Risk state: peak $99,703.60 | drawdown 0.39% | today +0.00% | halted: False
Market regime: NEUTRAL (position-size multiplier: 100% incl. circuit breaker 100%)
Overnight queue deferred 1 known-stale idea(s) for 30 minutes to preserve Gemini quota.
News: fetched 157, 2 new after dedup, 0 ticker(s) matched.
Quant pre-screen: 5/12 candidates passed.
Technical fallback (Gemini throttled/unavailable) proposed 2 trade(s) meeting the conviction bar.
Gemini calls used today (all models combined): 245
  -> {"ticker": "FTNT", "status": "skipped", "reason": "liquidity filter: FTNT average volume 172,514 < 500,000", "shadow": false, "data_guard": true}
  -> {"ticker": "CRWD", "status": "skipped", "reason": "liquidity filter: CRWD average volume 368,904 < 500,000", "shadow": false, "data_guard": true}
Overnight queue KEPT for next run (Gemini did not verify this round -- technical fallback or decision failure); 3 idea(s) remain subject to the retry cap.
Run budget reserve reached -- skipping dashboard watchlist sync.
Run budget reserve reached -- skipping performance snapshot.
Trade journal: all: 19 trades, 21% win rate, avg -2.19% | breakout: 1 trades, 0% win rate, avg -8.61% | other: 13 trades, 23% win rate, avg -1.93% | technical: 5 trades, 20% win rate, avg -1.58%
Self-learning: breakout: 1 trades, 0% win rate, avg -8.61% (LOSING) | other: 13 trades, 23% win rate, avg -1.93% (LOSING) | technical: 5 trades, 20% win rate, avg -1.58% (LOSING)
Performance: Total return +0.45% | Max drawdown 0.94% | Daily Sharpe 1.61 | 19 closed trades | Win rate 21% | Avg winner +1.83% | Avg loser -3.26% | Open positions: 0 | Equity $99,311.19
Engine P&L: legacy/unknown: realized $-1,705.68 (19 closed, 21% wins), unrealized $+0.00 (0 open) | Books: legacy: realized $-1,705.68, unrealized $+0.00
Reports: daily realized $+0.00; worst symbols none | weekly realized $+0.00; worst symbols none
Shadow report: 23739 shadow candidate(s), 317 rejection group(s)
Timings: account: 0.0s | risk: 0.4s | decide: 23.7s | watchlist: 0.0s | perf: 0.1s

=== Run at 2026-09-17T16:02:30.126974 ===
Build fingerprint: 4f68550affe5
Current time: 2026-09-17 12:02 PM EDT | Market open (per Alpaca): True | Session: REGULAR
Account value: $99,311.19
Cash: $99,311.19 | Holdings (0): none
Sector exposure (cached): unavailable (no holdings)
Fill reconciliation: {'filled': 0, 'partial': 0, 'rejected': 1}
Risk state: peak $99,703.60 | drawdown 0.39% | today +0.00% | halted: False
Market regime: NEUTRAL (position-size multiplier: 100% incl. circuit breaker 100%)
Overnight queue deferred 1 known-stale idea(s) for 30 minutes to preserve Gemini quota.
Morning verification: 3 overnight-queued trade(s) handed to Gemini for re-verification against fresh data.
News: fetched 158, 4 new after dedup, 3 ticker(s) matched.
Quant pre-screen: 7/16 candidates passed.
Gemini proposed 1 trade(s) meeting the conviction bar.
Gemini calls used today (all models combined): 246
  -> {"ticker": "CRWD", "status": "skipped", "reason": "liquidity filter: CRWD average volume 368,937 < 500,000", "shadow": false, "data_guard": true}
Overnight queue cleared after verification.
Overnight queue retained 1 deferred stale idea(s).
Dashboard watchlist synced (4 symbols) for news/headlines.
Ending portfolio value: $99,311.19
Trade journal: all: 19 trades, 21% win rate, avg -2.19% | breakout: 1 trades, 0% win rate, avg -8.61% | other: 13 trades, 23% win rate, avg -1.93% | technical: 5 trades, 20% win rate, avg -1.58%
Self-learning: breakout: 1 trades, 0% win rate, avg -8.61% (LOSING) | other: 13 trades, 23% win rate, avg -1.93% (LOSING) | technical: 5 trades, 20% win rate, avg -1.58% (LOSING)
Performance: Total return +0.45% | Max drawdown 0.94% | Daily Sharpe 1.61 | 19 closed trades | Win rate 21% | Avg winner +1.83% | Avg loser -3.26% | Open positions: 0 | Equity $99,311.19
Engine P&L: legacy/unknown: realized $-1,705.68 (19 closed, 21% wins), unrealized $+0.00 (0 open) | Books: legacy: realized $-1,705.68, unrealized $+0.00
Reports: daily realized $+0.00; worst symbols none | weekly realized $+0.00; worst symbols none
Shadow report: 23740 shadow candidate(s), 316 rejection group(s)
Timings: account: 0.0s | risk: 0.1s | decide: 4.9s | watchlist: 0.0s | perf: 0.3s

=== Run at 2026-09-17T16:04:27.691317 ===
Build fingerprint: 4f68550affe5
Current time: 2026-09-17 12:04 PM EDT | Market open (per Alpaca): True | Session: REGULAR
Account value: $99,311.19
Cash: $99,311.19 | Holdings (0): none
Sector exposure (cached): unavailable (no holdings)
Fill reconciliation: {'filled': 0, 'partial': 0, 'rejected': 1}
Risk state: peak $99,703.60 | drawdown 0.39% | today +0.00% | halted: False
Market regime: NEUTRAL (position-size multiplier: 100% incl. circuit breaker 100%)
Overnight queue deferred 1 known-stale idea(s) for 30 minutes to preserve Gemini quota.
News: fetched 158, 1 new after dedup, 3 ticker(s) matched.
Quant pre-screen: 9/26 candidates passed.
Technical fallback (Gemini throttled/unavailable) proposed 5 trade(s) meeting the conviction bar.
Gemini calls used today (all models combined): 246
  -> {"ticker": "FTNT", "status": "skipped", "reason": "liquidity filter: FTNT average volume 172,560 < 500,000", "shadow": false, "data_guard": true}
  -> {"ticker": "CRWD", "status": "skipped", "reason": "liquidity filter: CRWD average volume 368,968 < 500,000", "shadow": false, "data_guard": true}
  -> {"ticker": "HCA", "status": "skipped", "reason": "stale quote for HCA (233.176565s old; limit 180s)", "shadow": false, "data_guard": true}
  -> {"ticker": "HPE", "status": "skipped", "reason": "market data unavailable for HPE (bid/ask spread missing)", "shadow": false, "data_guard": true}
  -> {"ticker": "HPQ", "status": "skipped", "reason": "market data unavailable for HPQ (bid/ask spread missing)", "shadow": false, "data_guard": true}
Overnight queue KEPT for next run (Gemini did not verify this round -- technical fallback or decision failure); 3 idea(s) remain subject to the retry cap.
Run budget reserve reached -- skipping dashboard watchlist sync.
Run budget reserve reached -- skipping performance snapshot.
Trade journal: all: 19 trades, 21% win rate, avg -2.19% | breakout: 1 trades, 0% win rate, avg -8.61% | other: 13 trades, 23% win rate, avg -1.93% | technical: 5 trades, 20% win rate, avg -1.58%
Self-learning: breakout: 1 trades, 0% win rate, avg -8.61% (LOSING) | other: 13 trades, 23% win rate, avg -1.93% (LOSING) | technical: 5 trades, 20% win rate, avg -1.58% (LOSING)
Performance: Total return +0.45% | Max drawdown 0.94% | Daily Sharpe 1.61 | 19 closed trades | Win rate 21% | Avg winner +1.83% | Avg loser -3.26% | Open positions: 0 | Equity $99,311.19
Engine P&L: legacy/unknown: realized $-1,705.68 (19 closed, 21% wins), unrealized $+0.00 (0 open) | Books: legacy: realized $-1,705.68, unrealized $+0.00
Reports: daily realized $+0.00; worst symbols none | weekly realized $+0.00; worst symbols none
Shadow report: 23745 shadow candidate(s), 314 rejection group(s)
Timings: account: 0.0s | risk: 0.2s | decide: 25.5s | watchlist: 0.0s | perf: 0.2s

=== Run at 2026-09-17T16:06:30.578114 ===
Build fingerprint: 4f68550affe5
Current time: 2026-09-17 12:06 PM EDT | Market open (per Alpaca): True | Session: REGULAR
Account value: $99,311.19
Cash: $99,311.19 | Holdings (0): none
Sector exposure (cached): unavailable (no holdings)
Fill reconciliation: {'filled': 0, 'partial': 0, 'rejected': 1}
Risk state: peak $99,703.60 | drawdown 0.39% | today +0.00% | halted: False
Market regime: NEUTRAL (position-size multiplier: 100% incl. circuit breaker 100%)
Overnight queue deferred 1 known-stale idea(s) for 30 minutes to preserve Gemini quota.
Morning verification: 3 overnight-queued trade(s) handed to Gemini for re-verification against fresh data.
News: fetched 158, 4 new after dedup, 0 ticker(s) matched.
Quant pre-screen: 10/35 candidates passed.
Gemini proposed 3 trade(s) meeting the conviction bar.
Gemini calls used today (all models combined): 247
  -> {"ticker": "HPE", "status": "skipped", "reason": "market data unavailable for HPE (bid/ask spread missing)", "shadow": false, "data_guard": true}
  -> {"ticker": "HCA", "status": "skipped", "reason": "liquidity filter: HCA average volume 67,578 < 500,000", "shadow": false, "data_guard": true}
  -> {"ticker": "DDOG", "status": "skipped", "reason": "liquidity filter: DDOG average volume 162,533 < 500,000", "shadow": false, "data_guard": true}
Overnight queue kept 5 idea(s) whose market data was stale; they will be retried after fresh quotes arrive.
Dashboard watchlist synced (3 symbols) for news/headlines.
Ending portfolio value: $99,311.19
Trade journal: all: 19 trades, 21% win rate, avg -2.19% | breakout: 1 trades, 0% win rate, avg -8.61% | other: 13 trades, 23% win rate, avg -1.93% | technical: 5 trades, 20% win rate, avg -1.58%
Self-learning: breakout: 1 trades, 0% win rate, avg -8.61% (LOSING) | other: 13 trades, 23% win rate, avg -1.93% (LOSING) | technical: 5 trades, 20% win rate, avg -1.58% (LOSING)
Performance: Total return +0.45% | Max drawdown 0.94% | Daily Sharpe 1.61 | 19 closed trades | Win rate 21% | Avg winner +1.83% | Avg loser -3.26% | Open positions: 0 | Equity $99,311.19
Engine P&L: legacy/unknown: realized $-1,705.68 (19 closed, 21% wins), unrealized $+0.00 (0 open) | Books: legacy: realized $-1,705.68, unrealized $+0.00
Reports: daily realized $+0.00; worst symbols none | weekly realized $+0.00; worst symbols none
Shadow report: 23748 shadow candidate(s), 312 rejection group(s)
Timings: account: 0.0s | risk: 0.1s | decide: 24.8s | watchlist: 0.0s | perf: 0.3s

=== Run at 2026-09-17T16:08:25.965275 ===
Build fingerprint: 4f68550affe5
Current time: 2026-09-17 12:08 PM EDT | Market open (per Alpaca): True | Session: REGULAR
Account value: $99,311.19
Cash: $99,311.19 | Holdings (0): none
Sector exposure (cached): unavailable (no holdings)
Fill reconciliation: {'filled': 0, 'partial': 0, 'rejected': 1}
Risk state: peak $99,703.60 | drawdown 0.39% | today +0.00% | halted: False
Market regime: NEUTRAL (position-size multiplier: 100% incl. circuit breaker 100%)
Overnight queue deferred 2 known-stale idea(s) for 30 minutes to preserve Gemini quota.
Morning verification: 3 overnight-queued trade(s) handed to Gemini for re-verification against fresh data.
News: fetched 158, 2 new after dedup, 0 ticker(s) matched.
Quant pre-screen: 11/47 candidates passed.
Gemini proposed 3 trade(s) meeting the conviction bar.
Gemini calls used today (all models combined): 248
  -> {"ticker": "HPE", "status": "skipped", "reason": "market data unavailable for HPE (bid/ask spread missing)", "shadow": false, "data_guard": true}
  -> {"ticker": "DDOG", "status": "skipped", "reason": "liquidity filter: DDOG average volume 162,576 < 500,000", "shadow": false, "data_guard": true}
  -> {"ticker": "FTNT", "status": "skipped", "reason": "liquidity filter: FTNT average volume 172,617 < 500,000", "shadow": false, "data_guard": true}
Overnight queue kept 5 idea(s) whose market data was stale; they will be retried after fresh quotes arrive.
Dashboard watchlist synced (3 symbols) for news/headlines.
Ending portfolio value: $99,311.19
Trade journal: all: 19 trades, 21% win rate, avg -2.19% | breakout: 1 trades, 0% win rate, avg -8.61% | other: 13 trades, 23% win rate, avg -1.93% | technical: 5 trades, 20% win rate, avg -1.58%
Self-learning: breakout: 1 trades, 0% win rate, avg -8.61% (LOSING) | other: 13 trades, 23% win rate, avg -1.93% (LOSING) | technical: 5 trades, 20% win rate, avg -1.58% (LOSING)
Performance: Total return +0.45% | Max drawdown 0.94% | Daily Sharpe 1.61 | 19 closed trades | Win rate 21% | Avg winner +1.83% | Avg loser -3.26% | Open positions: 0 | Equity $99,311.19
Engine P&L: legacy/unknown: realized $-1,705.68 (19 closed, 21% wins), unrealized $+0.00 (0 open) | Books: legacy: realized $-1,705.68, unrealized $+0.00
Reports: daily realized $+0.00; worst symbols none | weekly realized $+0.00; worst symbols none
Shadow report: 23751 shadow candidate(s), 309 rejection group(s)
Timings: account: 0.0s | risk: 0.1s | decide: 14.3s | watchlist: 0.0s | perf: 0.3s

=== Run at 2026-09-17T16:10:34.914434 ===
Build fingerprint: 4f68550affe5
Current time: 2026-09-17 12:10 PM EDT | Market open (per Alpaca): True | Session: REGULAR
Account value: $99,311.19
Cash: $99,311.19 | Holdings (0): none
Sector exposure (cached): unavailable (no holdings)
Fill reconciliation: {'filled': 0, 'partial': 0, 'rejected': 1}
Risk state: peak $99,703.60 | drawdown 0.39% | today +0.00% | halted: False
Market regime: NEUTRAL (position-size multiplier: 100% incl. circuit breaker 100%)
Overnight queue deferred 2 known-stale idea(s) for 30 minutes to preserve Gemini quota.
Morning verification: 3 overnight-queued trade(s) handed to Gemini for re-verification against fresh data.
News: fetched 158, 2 new after dedup, 0 ticker(s) matched.
Quant pre-screen: 18/59 candidates passed.
Technical fallback (Gemini throttled/unavailable) proposed 6 trade(s) meeting the conviction bar.
Gemini calls used today (all models combined): 248
  -> {"ticker": "HPE", "status": "skipped", "reason": "market data unavailable for HPE (bid/ask spread missing)", "shadow": false, "data_guard": true}
  -> {"ticker": "FTNT", "status": "skipped", "reason": "liquidity filter: FTNT average volume 172,661 < 500,000", "shadow": false, "data_guard": true}
  -> {"ticker": "HCA", "status": "skipped", "reason": "liquidity filter: HCA average volume 67,599 < 500,000", "shadow": false, "data_guard": true}
  -> {"ticker": "GEN", "status": "skipped", "reason": "liquidity filter: GEN average volume 392,383 < 500,000", "shadow": false, "data_guard": true}
  -> {"ticker": "GILD", "status": "skipped", "reason": "liquidity filter: GILD average volume 157,145 < 500,000", "shadow": false, "data_guard": true}
  -> {"ticker": "GM", "status": "skipped", "reason": "liquidity filter: GM average volume 188,566 < 500,000", "shadow": false, "data_guard": true}
Overnight queue KEPT for next run (Gemini did not verify this round -- technical fallback or decision failure); 3 idea(s) remain subject to the retry cap.
Run budget reserve reached -- skipping dashboard watchlist sync.
Run budget reserve reached -- skipping performance snapshot.
Trade journal: all: 19 trades, 21% win rate, avg -2.19% | breakout: 1 trades, 0% win rate, avg -8.61% | other: 13 trades, 23% win rate, avg -1.93% | technical: 5 trades, 20% win rate, avg -1.58%
Self-learning: breakout: 1 trades, 0% win rate, avg -8.61% (LOSING) | other: 13 trades, 23% win rate, avg -1.93% (LOSING) | technical: 5 trades, 20% win rate, avg -1.58% (LOSING)
Performance: Total return +0.45% | Max drawdown 0.94% | Daily Sharpe 1.61 | 19 closed trades | Win rate 21% | Avg winner +1.83% | Avg loser -3.26% | Open positions: 0 | Equity $99,311.19
Engine P&L: legacy/unknown: realized $-1,705.68 (19 closed, 21% wins), unrealized $+0.00 (0 open) | Books: legacy: realized $-1,705.68, unrealized $+0.00
Reports: daily realized $+0.00; worst symbols none | weekly realized $+0.00; worst symbols none
Shadow report: 23757 shadow candidate(s), 303 rejection group(s)
Timings: account: 0.0s | risk: 0.4s | decide: 25.6s | watchlist: 0.0s | perf: 0.3s

=== Run at 2026-09-17T16:12:24.835812 ===
Build fingerprint: 4f68550affe5
Current time: 2026-09-17 12:12 PM EDT | Market open (per Alpaca): True | Session: REGULAR
Account value: $99,311.19
Cash: $99,311.19 | Holdings (0): none
Sector exposure (cached): unavailable (no holdings)
Fill reconciliation: {'filled': 0, 'partial': 0, 'rejected': 1}
Risk state: peak $99,703.60 | drawdown 0.39% | today +0.00% | halted: False
Market regime: NEUTRAL (position-size multiplier: 100% incl. circuit breaker 100%)
Overnight queue deferred 2 known-stale idea(s) for 30 minutes to preserve Gemini quota.
Morning verification: 3 overnight-queued trade(s) handed to Gemini for re-verification against fresh data.
News: fetched 158, 1 new after dedup, 0 ticker(s) matched.
Quant pre-screen: 19/60 candidates passed.
Technical fallback (Gemini throttled/unavailable) proposed 6 trade(s) meeting the conviction bar.
Gemini calls used today (all models combined): 248
  -> {"ticker": "HPE", "status": "skipped", "reason": "market data unavailable for HPE (bid/ask spread missing)", "shadow": false, "data_guard": true}
  -> {"ticker": "FTNT", "status": "skipped", "reason": "stale quote for FTNT (228.950861s old; limit 180s)", "shadow": false, "data_guard": true}
  -> {"ticker": "GEN", "status": "skipped", "reason": "liquidity filter: GEN average volume 392,414 < 500,000", "shadow": false, "data_guard": true}
  -> {"ticker": "GILD", "status": "skipped", "reason": "liquidity filter: GILD average volume 157,185 < 500,000", "shadow": false, "data_guard": true}
  -> {"ticker": "GM", "status": "skipped", "reason": "liquidity filter: GM average volume 188,588 < 500,000", "shadow": false, "data_guard": true}
  -> {"ticker": "HCA", "status": "skipped", "reason": "liquidity filter: HCA average volume 67,600 < 500,000", "shadow": false, "data_guard": true}
Overnight queue KEPT for next run (Gemini did not verify this round -- technical fallback or decision failure); 3 idea(s) remain subject to the retry cap.
Dashboard watchlist synced (6 symbols) for news/headlines.
Ending portfolio value: $99,311.19
Trade journal: all: 19 trades, 21% win rate, avg -2.19% | breakout: 1 trades, 0% win rate, avg -8.61% | other: 13 trades, 23% win rate, avg -1.93% | technical: 5 trades, 20% win rate, avg -1.58%
Self-learning: breakout: 1 trades, 0% win rate, avg -8.61% (LOSING) | other: 13 trades, 23% win rate, avg -1.93% (LOSING) | technical: 5 trades, 20% win rate, avg -1.58% (LOSING)
Performance: Total return +0.45% | Max drawdown 0.94% | Daily Sharpe 1.61 | 19 closed trades | Win rate 21% | Avg winner +1.83% | Avg loser -3.26% | Open positions: 0 | Equity $99,311.19
Engine P&L: legacy/unknown: realized $-1,705.68 (19 closed, 21% wins), unrealized $+0.00 (0 open) | Books: legacy: realized $-1,705.68, unrealized $+0.00
Reports: daily realized $+0.00; worst symbols none | weekly realized $+0.00; worst symbols none
Shadow report: 23763 shadow candidate(s), 298 rejection group(s)
Timings: account: 0.0s | risk: 0.0s | decide: 22.7s | watchlist: 0.0s | perf: 0.2s

=== Run at 2026-09-17T16:14:24.608420 ===
Build fingerprint: 4f68550affe5
Current time: 2026-09-17 12:14 PM EDT | Market open (per Alpaca): True | Session: REGULAR
Account value: $99,311.19
Cash: $99,311.19 | Holdings (0): none
Sector exposure (cached): unavailable (no holdings)
Fill reconciliation: {'filled': 0, 'partial': 0, 'rejected': 1}
Risk state: peak $99,703.60 | drawdown 0.39% | today +0.00% | halted: False
Market regime: NEUTRAL (position-size multiplier: 100% incl. circuit breaker 100%)
Overnight queue deferred 2 known-stale idea(s) for 30 minutes to preserve Gemini quota.
Morning verification: 3 overnight-queued trade(s) handed to Gemini for re-verification against fresh data.
News: fetched 158, 4 new after dedup, 1 ticker(s) matched.
Quant pre-screen: 13/41 candidates passed.
Technical fallback (Gemini throttled/unavailable) proposed 5 trade(s) meeting the conviction bar.
Gemini calls used today (all models combined): 248
  -> {"ticker": "HPE", "status": "skipped", "reason": "market data unavailable for HPE (bid/ask spread missing)", "shadow": false, "data_guard": true}
  -> {"ticker": "FTNT", "status": "skipped", "reason": "liquidity filter: FTNT average volume 172,703 < 500,000", "shadow": false, "data_guard": true}
  -> {"ticker": "DELL", "status": "skipped", "reason": "liquidity filter: DELL average volume 255,621 < 500,000", "shadow": false, "data_guard": true}
  -> {"ticker": "DGX", "status": "skipped", "reason": "liquidity filter: DGX average volume 51,863 < 500,000", "shadow": false, "data_guard": true}
  -> {"ticker": "DHR", "status": "skipped", "reason": "liquidity filter: DHR average volume 174,172 < 500,000", "shadow": false, "data_guard": true}
Overnight queue KEPT for next run (Gemini did not verify this round -- technical fallback or decision failure); 3 idea(s) remain subject to the retry cap.
Run budget reserve reached -- skipping dashboard watchlist sync.
Run budget reserve reached -- skipping performance snapshot.
Trade journal: all: 19 trades, 21% win rate, avg -2.19% | breakout: 1 trades, 0% win rate, avg -8.61% | other: 13 trades, 23% win rate, avg -1.93% | technical: 5 trades, 20% win rate, avg -1.58%
Self-learning: breakout: 1 trades, 0% win rate, avg -8.61% (LOSING) | other: 13 trades, 23% win rate, avg -1.93% (LOSING) | technical: 5 trades, 20% win rate, avg -1.58% (LOSING)
Performance: Total return +0.45% | Max drawdown 0.94% | Daily Sharpe 1.61 | 19 closed trades | Win rate 21% | Avg winner +1.83% | Avg loser -3.26% | Open positions: 0 | Equity $99,311.19
Engine P&L: legacy/unknown: realized $-1,705.68 (19 closed, 21% wins), unrealized $+0.00 (0 open) | Books: legacy: realized $-1,705.68, unrealized $+0.00
Reports: daily realized $+0.00; worst symbols none | weekly realized $+0.00; worst symbols none
Shadow report: 23768 shadow candidate(s), 293 rejection group(s)
Timings: account: 0.0s | risk: 0.2s | decide: 25.0s | watchlist: 0.0s | perf: 0.2s

=== Run at 2026-09-17T16:16:31.739876 ===
Build fingerprint: 4f68550affe5
Current time: 2026-09-17 12:16 PM EDT | Market open (per Alpaca): True | Session: REGULAR
Account value: $99,311.19
Cash: $99,311.19 | Holdings (0): none
Sector exposure (cached): unavailable (no holdings)
Fill reconciliation: {'filled': 0, 'partial': 0, 'rejected': 1}
Risk state: peak $99,703.60 | drawdown 0.39% | today +0.00% | halted: False
Market regime: NEUTRAL (position-size multiplier: 100% incl. circuit breaker 100%)
Overnight queue deferred 2 known-stale idea(s) for 30 minutes to preserve Gemini quota.
Morning verification: 3 overnight-queued trade(s) handed to Gemini for re-verification against fresh data.
News: fetched 158, 1 new after dedup, 0 ticker(s) matched.
Quant pre-screen: 19/60 candidates passed.
Gemini proposed 2 trade(s) meeting the conviction bar.
Gemini calls used today (all models combined): 249
  -> {"ticker": "HPE", "status": "skipped", "reason": "market data unavailable for HPE (bid/ask spread missing)", "shadow": false, "data_guard": true}
  -> {"ticker": "FTNT", "status": "skipped", "reason": "liquidity filter: FTNT average volume 172,727 < 500,000", "shadow": false, "data_guard": true}
Overnight queue kept 5 idea(s) whose market data was stale; they will be retried after fresh quotes arrive.
Dashboard watchlist synced (2 symbols) for news/headlines.
Ending portfolio value: $99,311.19
Trade journal: all: 19 trades, 21% win rate, avg -2.19% | breakout: 1 trades, 0% win rate, avg -8.61% | other: 13 trades, 23% win rate, avg -1.93% | technical: 5 trades, 20% win rate, avg -1.58%
Self-learning: breakout: 1 trades, 0% win rate, avg -8.61% (LOSING) | other: 13 trades, 23% win rate, avg -1.93% (LOSING) | technical: 5 trades, 20% win rate, avg -1.58% (LOSING)
Performance: Total return +0.45% | Max drawdown 0.94% | Daily Sharpe 1.61 | 19 closed trades | Win rate 21% | Avg winner +1.83% | Avg loser -3.26% | Open positions: 0 | Equity $99,311.19
Engine P&L: legacy/unknown: realized $-1,705.68 (19 closed, 21% wins), unrealized $+0.00 (0 open) | Books: legacy: realized $-1,705.68, unrealized $+0.00
Reports: daily realized $+0.00; worst symbols none | weekly realized $+0.00; worst symbols none
Shadow report: 23770 shadow candidate(s), 291 rejection group(s)
Timings: account: 0.0s | risk: 0.2s | decide: 5.5s | watchlist: 0.1s | perf: 0.3s

=== Run at 2026-09-17T16:18:28.766928 ===
Build fingerprint: 4f68550affe5
Current time: 2026-09-17 12:18 PM EDT | Market open (per Alpaca): True | Session: REGULAR
Account value: $99,311.19
Cash: $99,311.19 | Holdings (0): none
Sector exposure (cached): unavailable (no holdings)
Fill reconciliation: {'filled': 0, 'partial': 0, 'rejected': 1}
Risk state: peak $99,703.60 | drawdown 0.39% | today +0.00% | halted: False
Market regime: NEUTRAL (position-size multiplier: 100% incl. circuit breaker 100%)
Overnight queue deferred 2 known-stale idea(s) for 30 minutes to preserve Gemini quota.
Morning verification: 3 overnight-queued trade(s) handed to Gemini for re-verification against fresh data.
News: fetched 158, 0 new after dedup, 0 ticker(s) matched.
Quant pre-screen: 19/60 candidates passed.
Gemini proposed 3 trade(s) meeting the conviction bar.
Gemini calls used today (all models combined): 250
  -> {"ticker": "HPE", "status": "skipped", "reason": "market data unavailable for HPE (bid/ask spread missing)", "shadow": false, "data_guard": true}
  -> {"ticker": "DDOG", "status": "skipped", "reason": "liquidity filter: DDOG average volume 162,615 < 500,000", "shadow": false, "data_guard": true}
  -> {"ticker": "FTNT", "status": "skipped", "reason": "liquidity filter: FTNT average volume 172,732 < 500,000", "shadow": false, "data_guard": true}
Overnight queue kept 5 idea(s) whose market data was stale; they will be retried after fresh quotes arrive.
Dashboard watchlist synced (3 symbols) for news/headlines.
Ending portfolio value: $99,311.19
Trade journal: all: 19 trades, 21% win rate, avg -2.19% | breakout: 1 trades, 0% win rate, avg -8.61% | other: 13 trades, 23% win rate, avg -1.93% | technical: 5 trades, 20% win rate, avg -1.58%
Self-learning: breakout: 1 trades, 0% win rate, avg -8.61% (LOSING) | other: 13 trades, 23% win rate, avg -1.93% (LOSING) | technical: 5 trades, 20% win rate, avg -1.58% (LOSING)
Performance: Total return +0.45% | Max drawdown 0.94% | Daily Sharpe 1.61 | 19 closed trades | Win rate 21% | Avg winner +1.83% | Avg loser -3.26% | Open positions: 0 | Equity $99,311.19
Engine P&L: legacy/unknown: realized $-1,705.68 (19 closed, 21% wins), unrealized $+0.00 (0 open) | Books: legacy: realized $-1,705.68, unrealized $+0.00
Reports: daily realized $+0.00; worst symbols none | weekly realized $+0.00; worst symbols none
Shadow report: 23773 shadow candidate(s), 288 rejection group(s)
Timings: account: 0.0s | risk: 0.3s | decide: 6.6s | watchlist: 0.1s | perf: 0.3s

=== Run at 2026-09-17T16:20:35.423956 ===
Build fingerprint: 4f68550affe5
Current time: 2026-09-17 12:20 PM EDT | Market open (per Alpaca): True | Session: REGULAR
Account value: $99,311.19
Cash: $99,311.19 | Holdings (0): none
Sector exposure (cached): unavailable (no holdings)
Fill reconciliation: {'filled': 0, 'partial': 0, 'rejected': 1}
Risk state: peak $99,703.60 | drawdown 0.39% | today +0.00% | halted: False
Market regime: NEUTRAL (position-size multiplier: 100% incl. circuit breaker 100%)
Overnight queue deferred 2 known-stale idea(s) for 30 minutes to preserve Gemini quota.
Morning verification: 3 overnight-queued trade(s) handed to Gemini for re-verification against fresh data.
News: fetched 158, 4 new after dedup, 0 ticker(s) matched.
Quant pre-screen: 19/60 candidates passed.
Gemini proposed 1 trade(s) meeting the conviction bar.
Gemini calls used today (all models combined): 251
  -> {"ticker": "HPE", "status": "skipped", "reason": "market data unavailable for HPE (bid/ask spread missing)", "shadow": false, "data_guard": true}
Overnight queue kept 5 idea(s) whose market data was stale; they will be retried after fresh quotes arrive.
Dashboard watchlist synced (1 symbols) for news/headlines.
Ending portfolio value: $99,311.19
Trade journal: all: 19 trades, 21% win rate, avg -2.19% | breakout: 1 trades, 0% win rate, avg -8.61% | other: 13 trades, 23% win rate, avg -1.93% | technical: 5 trades, 20% win rate, avg -1.58%
Self-learning: breakout: 1 trades, 0% win rate, avg -8.61% (LOSING) | other: 13 trades, 23% win rate, avg -1.93% (LOSING) | technical: 5 trades, 20% win rate, avg -1.58% (LOSING)
Performance: Total return +0.45% | Max drawdown 0.94% | Daily Sharpe 1.61 | 19 closed trades | Win rate 21% | Avg winner +1.83% | Avg loser -3.26% | Open positions: 0 | Equity $99,311.19
Engine P&L: legacy/unknown: realized $-1,705.68 (19 closed, 21% wins), unrealized $+0.00 (0 open) | Books: legacy: realized $-1,705.68, unrealized $+0.00
Reports: daily realized $+0.00; worst symbols none | weekly realized $+0.00; worst symbols none
Shadow report: 23774 shadow candidate(s), 287 rejection group(s)
Timings: account: 0.0s | risk: 0.3s | decide: 6.7s | watchlist: 0.1s | perf: 0.3s

=== Run at 2026-09-17T16:22:26.139647 ===
Build fingerprint: 4f68550affe5
Current time: 2026-09-17 12:22 PM EDT | Market open (per Alpaca): True | Session: REGULAR
Account value: $99,311.19
Cash: $99,311.19 | Holdings (0): none
Sector exposure (cached): unavailable (no holdings)
Fill reconciliation: {'filled': 0, 'partial': 0, 'rejected': 1}
Risk state: peak $99,703.60 | drawdown 0.39% | today +0.00% | halted: False
Market regime: NEUTRAL (position-size multiplier: 100% incl. circuit breaker 100%)
Overnight queue deferred 2 known-stale idea(s) for 30 minutes to preserve Gemini quota.
Morning verification: 3 overnight-queued trade(s) handed to Gemini for re-verification against fresh data.
News: fetched 158, 2 new after dedup, 0 ticker(s) matched.
Quant pre-screen: 19/60 candidates passed.
Gemini proposed 3 trade(s) meeting the conviction bar.
Gemini calls used today (all models combined): 252
  -> {"ticker": "HPE", "status": "skipped", "reason": "market data unavailable for HPE (bid/ask spread missing)", "shadow": false, "data_guard": true}
  -> {"ticker": "FTNT", "status": "skipped", "reason": "liquidity filter: FTNT average volume 172,877 < 500,000", "shadow": false, "data_guard": true}
  -> {"ticker": "HCA", "status": "skipped", "reason": "liquidity filter: HCA average volume 67,669 < 500,000", "shadow": false, "data_guard": true}
Overnight queue kept 5 idea(s) whose market data was stale; they will be retried after fresh quotes arrive.
Dashboard watchlist synced (3 symbols) for news/headlines.
Ending portfolio value: $99,311.19
Trade journal: all: 19 trades, 21% win rate, avg -2.19% | breakout: 1 trades, 0% win rate, avg -8.61% | other: 13 trades, 23% win rate, avg -1.93% | technical: 5 trades, 20% win rate, avg -1.58%
Self-learning: breakout: 1 trades, 0% win rate, avg -8.61% (LOSING) | other: 13 trades, 23% win rate, avg -1.93% (LOSING) | technical: 5 trades, 20% win rate, avg -1.58% (LOSING)
Performance: Total return +0.45% | Max drawdown 0.94% | Daily Sharpe 1.61 | 19 closed trades | Win rate 21% | Avg winner +1.83% | Avg loser -3.26% | Open positions: 0 | Equity $99,311.19
Engine P&L: legacy/unknown: realized $-1,705.68 (19 closed, 21% wins), unrealized $+0.00 (0 open) | Books: legacy: realized $-1,705.68, unrealized $+0.00
Reports: daily realized $+0.00; worst symbols none | weekly realized $+0.00; worst symbols none
Shadow report: 23777 shadow candidate(s), 284 rejection group(s)
Timings: account: 0.0s | risk: 0.1s | decide: 15.9s | watchlist: 0.0s | perf: 0.3s

=== Run at 2026-09-17T16:24:26.908989 ===
Build fingerprint: 4f68550affe5
Current time: 2026-09-17 12:24 PM EDT | Market open (per Alpaca): True | Session: REGULAR
Account value: $99,311.19
Cash: $99,311.19 | Holdings (0): none
Sector exposure (cached): unavailable (no holdings)
Fill reconciliation: {'filled': 0, 'partial': 0, 'rejected': 1}
Risk state: peak $99,703.60 | drawdown 0.39% | today +0.00% | halted: False
Market regime: NEUTRAL (position-size multiplier: 100% incl. circuit breaker 100%)
Overnight queue deferred 2 known-stale idea(s) for 30 minutes to preserve Gemini quota.
Morning verification: 3 overnight-queued trade(s) handed to Gemini for re-verification against fresh data.
News: fetched 158, 0 new after dedup, 0 ticker(s) matched.
Quant pre-screen: 19/60 candidates passed.
Gemini proposed 2 trade(s) meeting the conviction bar.
Gemini calls used today (all models combined): 253
  -> {"ticker": "HPE", "status": "skipped", "reason": "market data unavailable for HPE (bid/ask spread missing)", "shadow": false, "data_guard": true}
  -> {"ticker": "DDOG", "status": "skipped", "reason": "liquidity filter: DDOG average volume 162,668 < 500,000", "shadow": false, "data_guard": true}
Overnight queue kept 5 idea(s) whose market data was stale; they will be retried after fresh quotes arrive.
Dashboard watchlist synced (2 symbols) for news/headlines.
Ending portfolio value: $99,311.19
Trade journal: all: 19 trades, 21% win rate, avg -2.19% | breakout: 1 trades, 0% win rate, avg -8.61% | other: 13 trades, 23% win rate, avg -1.93% | technical: 5 trades, 20% win rate, avg -1.58%
Self-learning: breakout: 1 trades, 0% win rate, avg -8.61% (LOSING) | other: 13 trades, 23% win rate, avg -1.93% (LOSING) | technical: 5 trades, 20% win rate, avg -1.58% (LOSING)
Performance: Total return +0.45% | Max drawdown 0.94% | Daily Sharpe 1.61 | 19 closed trades | Win rate 21% | Avg winner +1.83% | Avg loser -3.26% | Open positions: 0 | Equity $99,311.19
Engine P&L: legacy/unknown: realized $-1,705.68 (19 closed, 21% wins), unrealized $+0.00 (0 open) | Books: legacy: realized $-1,705.68, unrealized $+0.00
Reports: daily realized $+0.00; worst symbols none | weekly realized $+0.00; worst symbols none
Shadow report: 23779 shadow candidate(s), 282 rejection group(s)
Timings: account: 0.0s | risk: 0.1s | decide: 3.0s | watchlist: 0.0s | perf: 0.3s

=== Run at 2026-09-17T16:26:33.168461 ===
Build fingerprint: 4f68550affe5
Current time: 2026-09-17 12:26 PM EDT | Market open (per Alpaca): True | Session: REGULAR
Account value: $99,311.19
Cash: $99,311.19 | Holdings (0): none
Sector exposure (cached): unavailable (no holdings)
Fill reconciliation: {'filled': 0, 'partial': 0, 'rejected': 1}
Risk state: peak $99,703.60 | drawdown 0.39% | today +0.00% | halted: False
Market regime: NEUTRAL (position-size multiplier: 100% incl. circuit breaker 100%)
Overnight queue deferred 2 known-stale idea(s) for 30 minutes to preserve Gemini quota.
Morning verification: 3 overnight-queued trade(s) handed to Gemini for re-verification against fresh data.
News: fetched 158, 0 new after dedup, 0 ticker(s) matched.
Quant pre-screen: 19/60 candidates passed.
Gemini proposed 2 trade(s) meeting the conviction bar.
Gemini calls used today (all models combined): 254
  -> {"ticker": "HPE", "status": "skipped", "reason": "market data unavailable for HPE (bid/ask spread missing)", "shadow": false, "data_guard": true}
  -> {"ticker": "FTNT", "status": "skipped", "reason": "liquidity filter: FTNT average volume 172,924 < 500,000", "shadow": false, "data_guard": true}
Overnight queue kept 5 idea(s) whose market data was stale; they will be retried after fresh quotes arrive.
Dashboard watchlist synced (2 symbols) for news/headlines.
Ending portfolio value: $99,311.19
Trade journal: all: 19 trades, 21% win rate, avg -2.19% | breakout: 1 trades, 0% win rate, avg -8.61% | other: 13 trades, 23% win rate, avg -1.93% | technical: 5 trades, 20% win rate, avg -1.58%
Self-learning: breakout: 1 trades, 0% win rate, avg -8.61% (LOSING) | other: 13 trades, 23% win rate, avg -1.93% (LOSING) | technical: 5 trades, 20% win rate, avg -1.58% (LOSING)
Performance: Total return +0.45% | Max drawdown 0.94% | Daily Sharpe 1.61 | 19 closed trades | Win rate 21% | Avg winner +1.83% | Avg loser -3.26% | Open positions: 0 | Equity $99,311.19
Engine P&L: legacy/unknown: realized $-1,705.68 (19 closed, 21% wins), unrealized $+0.00 (0 open) | Books: legacy: realized $-1,705.68, unrealized $+0.00
Reports: daily realized $+0.00; worst symbols none | weekly realized $+0.00; worst symbols none
Shadow report: 23781 shadow candidate(s), 280 rejection group(s)
Timings: account: 0.0s | risk: 0.2s | decide: 7.7s | watchlist: 0.1s | perf: 0.2s

=== Run at 2026-09-17T16:28:31.538622 ===
Build fingerprint: 4f68550affe5
Current time: 2026-09-17 12:28 PM EDT | Market open (per Alpaca): True | Session: REGULAR
Account value: $99,311.19
Cash: $99,311.19 | Holdings (0): none
Sector exposure (cached): unavailable (no holdings)
Fill reconciliation: {'filled': 0, 'partial': 0, 'rejected': 1}
Risk state: peak $99,703.60 | drawdown 0.39% | today +0.00% | halted: False
Market regime: NEUTRAL (position-size multiplier: 100% incl. circuit breaker 100%)
Overnight queue deferred 1 known-stale idea(s) for 30 minutes to preserve Gemini quota.
Morning verification: 4 overnight-queued trade(s) handed to Gemini for re-verification against fresh data.
News: fetched 158, 0 new after dedup, 0 ticker(s) matched.
Quant pre-screen: 19/60 candidates passed.
Gemini proposed 3 trade(s) meeting the conviction bar.
Gemini calls used today (all models combined): 255
  -> {"ticker": "FTNT", "status": "skipped", "reason": "liquidity filter: FTNT average volume 172,971 < 500,000", "shadow": false, "data_guard": true}
  -> {"ticker": "HPE", "status": "skipped", "reason": "market data unavailable for HPE (bid/ask spread missing)", "shadow": false, "data_guard": true}
  -> {"ticker": "HCA", "status": "skipped", "reason": "liquidity filter: HCA average volume 67,700 < 500,000", "shadow": false, "data_guard": true}
Overnight queue kept 5 idea(s) whose market data was stale; they will be retried after fresh quotes arrive.
Dashboard watchlist synced (3 symbols) for news/headlines.
Ending portfolio value: $99,311.19
Trade journal: all: 19 trades, 21% win rate, avg -2.19% | breakout: 1 trades, 0% win rate, avg -8.61% | other: 13 trades, 23% win rate, avg -1.93% | technical: 5 trades, 20% win rate, avg -1.58%
Self-learning: breakout: 1 trades, 0% win rate, avg -8.61% (LOSING) | other: 13 trades, 23% win rate, avg -1.93% (LOSING) | technical: 5 trades, 20% win rate, avg -1.58% (LOSING)
Performance: Total return +0.45% | Max drawdown 0.94% | Daily Sharpe 1.61 | 19 closed trades | Win rate 21% | Avg winner +1.83% | Avg loser -3.26% | Open positions: 0 | Equity $99,311.19
Engine P&L: legacy/unknown: realized $-1,705.68 (19 closed, 21% wins), unrealized $+0.00 (0 open) | Books: legacy: realized $-1,705.68, unrealized $+0.00
Reports: daily realized $+0.00; worst symbols none | weekly realized $+0.00; worst symbols none
Shadow report: 23784 shadow candidate(s), 277 rejection group(s)
Timings: account: 0.0s | risk: 0.4s | decide: 6.7s | watchlist: 0.2s | perf: 0.3s

=== Run at 2026-09-17T16:30:34.285546 ===
Build fingerprint: 4f68550affe5
Current time: 2026-09-17 12:30 PM EDT | Market open (per Alpaca): True | Session: REGULAR
Account value: $99,311.19
Cash: $99,311.19 | Holdings (0): none
Sector exposure (cached): unavailable (no holdings)
Fill reconciliation: {'filled': 0, 'partial': 0, 'rejected': 1}
Risk state: peak $99,703.60 | drawdown 0.39% | today +0.00% | halted: False
Market regime: NEUTRAL (position-size multiplier: 100% incl. circuit breaker 100%)
Overnight queue deferred 1 known-stale idea(s) for 30 minutes to preserve Gemini quota.
Morning verification: 4 overnight-queued trade(s) handed to Gemini for re-verification against fresh data.
News: fetched 158, 0 new after dedup, 0 ticker(s) matched.
Quant pre-screen: 19/60 candidates passed.
Gemini proposed 2 trade(s) meeting the conviction bar.
Gemini calls used today (all models combined): 256
  -> {"ticker": "HPE", "status": "skipped", "reason": "market data unavailable for HPE (bid/ask spread missing)", "shadow": false, "data_guard": true}
  -> {"ticker": "FTNT", "status": "skipped", "reason": "liquidity filter: FTNT average volume 173,000 < 500,000", "shadow": false, "data_guard": true}
Overnight queue kept 5 idea(s) whose market data was stale; they will be retried after fresh quotes arrive.
Dashboard watchlist synced (2 symbols) for news/headlines.
Ending portfolio value: $99,311.19
Trade journal: all: 19 trades, 21% win rate, avg -2.19% | breakout: 1 trades, 0% win rate, avg -8.61% | other: 13 trades, 23% win rate, avg -1.93% | technical: 5 trades, 20% win rate, avg -1.58%
Self-learning: breakout: 1 trades, 0% win rate, avg -8.61% (LOSING) | other: 13 trades, 23% win rate, avg -1.93% (LOSING) | technical: 5 trades, 20% win rate, avg -1.58% (LOSING)
Performance: Total return +0.45% | Max drawdown 0.94% | Daily Sharpe 1.61 | 19 closed trades | Win rate 21% | Avg winner +1.83% | Avg loser -3.26% | Open positions: 0 | Equity $99,311.19
Engine P&L: legacy/unknown: realized $-1,705.68 (19 closed, 21% wins), unrealized $+0.00 (0 open) | Books: legacy: realized $-1,705.68, unrealized $+0.00
Reports: daily realized $+0.00; worst symbols none | weekly realized $+0.00; worst symbols none
Shadow report: 23786 shadow candidate(s), 275 rejection group(s)
Timings: account: 0.0s | risk: 0.0s | decide: 3.9s | watchlist: 0.0s | perf: 0.3s

=== Run at 2026-09-17T16:32:34.045876 ===
Build fingerprint: 4f68550affe5
Current time: 2026-09-17 12:32 PM EDT | Market open (per Alpaca): True | Session: REGULAR
Account value: $99,311.19
Cash: $99,311.19 | Holdings (0): none
Sector exposure (cached): unavailable (no holdings)
Fill reconciliation: {'filled': 0, 'partial': 0, 'rejected': 1}
Risk state: peak $99,703.60 | drawdown 0.39% | today +0.00% | halted: False
Market regime: NEUTRAL (position-size multiplier: 100% incl. circuit breaker 100%)
Overnight queue deferred 1 known-stale idea(s) for 30 minutes to preserve Gemini quota.
Morning verification: 4 overnight-queued trade(s) handed to Gemini for re-verification against fresh data.
News: fetched 158, 1 new after dedup, 0 ticker(s) matched.
Quant pre-screen: 19/60 candidates passed.
Gemini proposed 1 trade(s) meeting the conviction bar.
Gemini calls used today (all models combined): 257
  -> {"ticker": "FTNT", "status": "skipped", "reason": "liquidity filter: FTNT average volume 173,058 < 500,000", "shadow": false, "data_guard": true}
Overnight queue cleared after verification.
Overnight queue retained 1 deferred stale idea(s).
Dashboard watchlist synced (1 symbols) for news/headlines.
Ending portfolio value: $99,311.19
Trade journal: all: 19 trades, 21% win rate, avg -2.19% | breakout: 1 trades, 0% win rate, avg -8.61% | other: 13 trades, 23% win rate, avg -1.93% | technical: 5 trades, 20% win rate, avg -1.58%
Self-learning: breakout: 1 trades, 0% win rate, avg -8.61% (LOSING) | other: 13 trades, 23% win rate, avg -1.93% (LOSING) | technical: 5 trades, 20% win rate, avg -1.58% (LOSING)
Performance: Total return +0.45% | Max drawdown 0.94% | Daily Sharpe 1.61 | 19 closed trades | Win rate 21% | Avg winner +1.83% | Avg loser -3.26% | Open positions: 0 | Equity $99,311.19
Engine P&L: legacy/unknown: realized $-1,705.68 (19 closed, 21% wins), unrealized $+0.00 (0 open) | Books: legacy: realized $-1,705.68, unrealized $+0.00
Reports: daily realized $+0.00; worst symbols none | weekly realized $+0.00; worst symbols none
Shadow report: 23787 shadow candidate(s), 274 rejection group(s)
Timings: account: 0.0s | risk: 0.1s | decide: 5.4s | watchlist: 0.0s | perf: 0.3s

=== Run at 2026-09-17T16:34:29.015444 ===
Build fingerprint: 4f68550affe5
Current time: 2026-09-17 12:34 PM EDT | Market open (per Alpaca): True | Session: REGULAR
Account value: $99,311.19
Cash: $99,311.19 | Holdings (0): none
Sector exposure (cached): unavailable (no holdings)
Fill reconciliation: {'filled': 0, 'partial': 0, 'rejected': 1}
Risk state: peak $99,703.60 | drawdown 0.39% | today +0.00% | halted: False
Market regime: NEUTRAL (position-size multiplier: 100% incl. circuit breaker 100%)
Overnight queue deferred 1 known-stale idea(s) for 30 minutes to preserve Gemini quota.
News: fetched 158, 1 new after dedup, 0 ticker(s) matched.
Quant pre-screen: 19/60 candidates passed.
Gemini proposed 3 trade(s) meeting the conviction bar.
Gemini calls used today (all models combined): 258
  -> {"ticker": "HPE", "status": "skipped", "reason": "market data unavailable for HPE (bid/ask spread missing)", "shadow": false, "data_guard": true}
  -> {"ticker": "HCA", "status": "skipped", "reason": "liquidity filter: HCA average volume 67,749 < 500,000", "shadow": false, "data_guard": true}
  -> {"ticker": "FTNT", "status": "skipped", "reason": "liquidity filter: FTNT average volume 173,084 < 500,000", "shadow": false, "data_guard": true}
Overnight queue kept 1 idea(s) whose market data was stale; they will be retried after fresh quotes arrive.
Dashboard watchlist synced (3 symbols) for news/headlines.
Ending portfolio value: $99,311.19
Trade journal: all: 19 trades, 21% win rate, avg -2.19% | breakout: 1 trades, 0% win rate, avg -8.61% | other: 13 trades, 23% win rate, avg -1.93% | technical: 5 trades, 20% win rate, avg -1.58%
Self-learning: breakout: 1 trades, 0% win rate, avg -8.61% (LOSING) | other: 13 trades, 23% win rate, avg -1.93% (LOSING) | technical: 5 trades, 20% win rate, avg -1.58% (LOSING)
Performance: Total return +0.45% | Max drawdown 0.94% | Daily Sharpe 1.61 | 19 closed trades | Win rate 21% | Avg winner +1.83% | Avg loser -3.26% | Open positions: 0 | Equity $99,311.19
Engine P&L: legacy/unknown: realized $-1,705.68 (19 closed, 21% wins), unrealized $+0.00 (0 open) | Books: legacy: realized $-1,705.68, unrealized $+0.00
Reports: daily realized $+0.00; worst symbols none | weekly realized $+0.00; worst symbols none
Shadow report: 23790 shadow candidate(s), 271 rejection group(s)
Timings: account: 0.0s | risk: 0.1s | decide: 5.6s | watchlist: 0.0s | perf: 0.3s

=== Run at 2026-09-17T16:36:28.774378 ===
Build fingerprint: 4f68550affe5
Current time: 2026-09-17 12:36 PM EDT | Market open (per Alpaca): True | Session: REGULAR
Account value: $99,311.19
Cash: $99,311.19 | Holdings (0): none
Sector exposure (cached): unavailable (no holdings)
Fill reconciliation: {'filled': 0, 'partial': 0, 'rejected': 1}
Risk state: peak $99,703.60 | drawdown 0.39% | today +0.00% | halted: False
Market regime: NEUTRAL (position-size multiplier: 100% incl. circuit breaker 100%)
Overnight queue deferred 1 known-stale idea(s) for 30 minutes to preserve Gemini quota.
News: fetched 158, 1 new after dedup, 0 ticker(s) matched.
Quant pre-screen: 19/60 candidates passed.
Technical fallback (Gemini throttled/unavailable) proposed 6 trade(s) meeting the conviction bar.
Gemini calls used today (all models combined): 258
  -> {"ticker": "HPE", "status": "skipped", "reason": "market data unavailable for HPE (bid/ask spread missing)", "shadow": false, "data_guard": true}
  -> {"ticker": "FTNT", "status": "skipped", "reason": "liquidity filter: FTNT average volume 173,089 < 500,000", "shadow": false, "data_guard": true}
  -> {"ticker": "GEN", "status": "skipped", "reason": "liquidity filter: GEN average volume 392,727 < 500,000", "shadow": false, "data_guard": true}
  -> {"ticker": "GILD", "status": "skipped", "reason": "liquidity filter: GILD average volume 157,583 < 500,000", "shadow": false, "data_guard": true}
  -> {"ticker": "GM", "status": "skipped", "reason": "liquidity filter: GM average volume 189,025 < 500,000", "shadow": false, "data_guard": true}
  -> {"ticker": "HCA", "status": "skipped", "reason": "liquidity filter: HCA average volume 67,759 < 500,000", "shadow": false, "data_guard": true}
Overnight queue KEPT for next run (Gemini did not verify this round -- technical fallback or decision failure); 3 idea(s) remain subject to the retry cap.
Run budget reserve reached -- skipping dashboard watchlist sync.
Run budget reserve reached -- skipping performance snapshot.
Trade journal: all: 19 trades, 21% win rate, avg -2.19% | breakout: 1 trades, 0% win rate, avg -8.61% | other: 13 trades, 23% win rate, avg -1.93% | technical: 5 trades, 20% win rate, avg -1.58%
Self-learning: breakout: 1 trades, 0% win rate, avg -8.61% (LOSING) | other: 13 trades, 23% win rate, avg -1.93% (LOSING) | technical: 5 trades, 20% win rate, avg -1.58% (LOSING)
Performance: Total return +0.45% | Max drawdown 0.94% | Daily Sharpe 1.61 | 19 closed trades | Win rate 21% | Avg winner +1.83% | Avg loser -3.26% | Open positions: 0 | Equity $99,311.19
Engine P&L: legacy/unknown: realized $-1,705.68 (19 closed, 21% wins), unrealized $+0.00 (0 open) | Books: legacy: realized $-1,705.68, unrealized $+0.00
Reports: daily realized $+0.00; worst symbols none | weekly realized $+0.00; worst symbols none
Shadow report: 23796 shadow candidate(s), 265 rejection group(s)
Timings: account: 0.0s | risk: 0.3s | decide: 25.9s | watchlist: 0.0s | perf: 0.3s

=== Run at 2026-09-17T16:38:26.732584 ===
Build fingerprint: 4f68550affe5
Current time: 2026-09-17 12:38 PM EDT | Market open (per Alpaca): True | Session: REGULAR
Account value: $99,311.19
Cash: $99,311.19 | Holdings (0): none
Sector exposure (cached): unavailable (no holdings)
Fill reconciliation: {'filled': 0, 'partial': 0, 'rejected': 1}
Risk state: peak $99,703.60 | drawdown 0.39% | today +0.00% | halted: False
Market regime: NEUTRAL (position-size multiplier: 100% incl. circuit breaker 100%)
Overnight queue deferred 1 known-stale idea(s) for 30 minutes to preserve Gemini quota.
Morning verification: 3 overnight-queued trade(s) handed to Gemini for re-verification against fresh data.
News: fetched 158, 0 new after dedup, 0 ticker(s) matched.
Quant pre-screen: 19/60 candidates passed.
Gemini proposed 2 trade(s) meeting the conviction bar.
Gemini calls used today (all models combined): 259
  -> {"ticker": "HPE", "status": "skipped", "reason": "market data unavailable for HPE (bid/ask spread missing)", "shadow": false, "data_guard": true}
  -> {"ticker": "FTNT", "status": "skipped", "reason": "liquidity filter: FTNT average volume 173,174 < 500,000", "shadow": false, "data_guard": true}
Overnight queue kept 4 idea(s) whose market data was stale; they will be retried after fresh quotes arrive.
Dashboard watchlist synced (2 symbols) for news/headlines.
Ending portfolio value: $99,311.19
Trade journal: all: 19 trades, 21% win rate, avg -2.19% | breakout: 1 trades, 0% win rate, avg -8.61% | other: 13 trades, 23% win rate, avg -1.93% | technical: 5 trades, 20% win rate, avg -1.58%
Self-learning: breakout: 1 trades, 0% win rate, avg -8.61% (LOSING) | other: 13 trades, 23% win rate, avg -1.93% (LOSING) | technical: 5 trades, 20% win rate, avg -1.58% (LOSING)
Performance: Total return +0.45% | Max drawdown 0.94% | Daily Sharpe 1.61 | 19 closed trades | Win rate 21% | Avg winner +1.83% | Avg loser -3.26% | Open positions: 0 | Equity $99,311.19
Engine P&L: legacy/unknown: realized $-1,705.68 (19 closed, 21% wins), unrealized $+0.00 (0 open) | Books: legacy: realized $-1,705.68, unrealized $+0.00
Reports: daily realized $+0.00; worst symbols none | weekly realized $+0.00; worst symbols none
Shadow report: 23798 shadow candidate(s), 263 rejection group(s)
Timings: account: 0.0s | risk: 0.1s | decide: 3.8s | watchlist: 0.0s | perf: 0.3s

=== Run at 2026-09-17T16:40:32.094779 ===
Build fingerprint: 4f68550affe5
Current time: 2026-09-17 12:40 PM EDT | Market open (per Alpaca): True | Session: REGULAR
Account value: $99,311.19
Cash: $99,311.19 | Holdings (0): none
Sector exposure (cached): unavailable (no holdings)
Fill reconciliation: {'filled': 0, 'partial': 0, 'rejected': 1}
Risk state: peak $99,703.60 | drawdown 0.39% | today +0.00% | halted: False
Market regime: NEUTRAL (position-size multiplier: 100% incl. circuit breaker 100%)
Overnight queue deferred 1 known-stale idea(s) for 30 minutes to preserve Gemini quota.
Morning verification: 3 overnight-queued trade(s) handed to Gemini for re-verification against fresh data.
News: fetched 158, 0 new after dedup, 0 ticker(s) matched.
Quant pre-screen: 19/60 candidates passed.
Gemini proposed 1 trade(s) meeting the conviction bar.
Gemini calls used today (all models combined): 260
  -> {"ticker": "HPE", "status": "skipped", "reason": "market data unavailable for HPE (bid/ask spread missing)", "shadow": false, "data_guard": true}
Overnight queue kept 4 idea(s) whose market data was stale; they will be retried after fresh quotes arrive.
Dashboard watchlist synced (1 symbols) for news/headlines.
Ending portfolio value: $99,311.19
Trade journal: all: 19 trades, 21% win rate, avg -2.19% | breakout: 1 trades, 0% win rate, avg -8.61% | other: 13 trades, 23% win rate, avg -1.93% | technical: 5 trades, 20% win rate, avg -1.58%
Self-learning: breakout: 1 trades, 0% win rate, avg -8.61% (LOSING) | other: 13 trades, 23% win rate, avg -1.93% (LOSING) | technical: 5 trades, 20% win rate, avg -1.58% (LOSING)
Performance: Total return +0.45% | Max drawdown 0.94% | Daily Sharpe 1.61 | 19 closed trades | Win rate 21% | Avg winner +1.83% | Avg loser -3.26% | Open positions: 0 | Equity $99,311.19
Engine P&L: legacy/unknown: realized $-1,705.68 (19 closed, 21% wins), unrealized $+0.00 (0 open) | Books: legacy: realized $-1,705.68, unrealized $+0.00
Reports: daily realized $+0.00; worst symbols none | weekly realized $+0.00; worst symbols none
Shadow report: 23799 shadow candidate(s), 262 rejection group(s)
Timings: account: 0.0s | risk: 0.3s | decide: 6.3s | watchlist: 0.1s | perf: 0.3s

=== Run at 2026-09-17T16:42:29.025895 ===
Build fingerprint: 4f68550affe5
Current time: 2026-09-17 12:42 PM EDT | Market open (per Alpaca): True | Session: REGULAR
Account value: $99,311.19
Cash: $99,311.19 | Holdings (0): none
Sector exposure (cached): unavailable (no holdings)
Fill reconciliation: {'filled': 0, 'partial': 0, 'rejected': 1}
Risk state: peak $99,703.60 | drawdown 0.39% | today +0.00% | halted: False
Market regime: NEUTRAL (position-size multiplier: 100% incl. circuit breaker 100%)
Overnight queue deferred 1 known-stale idea(s) for 30 minutes to preserve Gemini quota.
Morning verification: 3 overnight-queued trade(s) handed to Gemini for re-verification against fresh data.
News: fetched 158, 1 new after dedup, 1 ticker(s) matched.
Quant pre-screen: 17/53 candidates passed.
Gemini proposed 3 trade(s) meeting the conviction bar.
Gemini calls used today (all models combined): 261
  -> {"ticker": "EG", "status": "skipped", "reason": "stale quote for EG (359.875852s old; limit 180s)", "shadow": false, "data_guard": true}
  -> {"ticker": "DGX", "status": "skipped", "reason": "stale quote for DGX (183.497668s old; limit 180s)", "shadow": false, "data_guard": true}
  -> {"ticker": "HPE", "status": "skipped", "reason": "market data unavailable for HPE (bid/ask spread missing)", "shadow": false, "data_guard": true}
Overnight queue kept 5 idea(s) whose market data was stale; they will be retried after fresh quotes arrive.
Dashboard watchlist synced (4 symbols) for news/headlines.
Ending portfolio value: $99,311.19
Trade journal: all: 19 trades, 21% win rate, avg -2.19% | breakout: 1 trades, 0% win rate, avg -8.61% | other: 13 trades, 23% win rate, avg -1.93% | technical: 5 trades, 20% win rate, avg -1.58%
Self-learning: breakout: 1 trades, 0% win rate, avg -8.61% (LOSING) | other: 13 trades, 23% win rate, avg -1.93% (LOSING) | technical: 5 trades, 20% win rate, avg -1.58% (LOSING)
Performance: Total return +0.45% | Max drawdown 0.94% | Daily Sharpe 1.61 | 19 closed trades | Win rate 21% | Avg winner +1.83% | Avg loser -3.26% | Open positions: 0 | Equity $99,311.19
Engine P&L: legacy/unknown: realized $-1,705.68 (19 closed, 21% wins), unrealized $+0.00 (0 open) | Books: legacy: realized $-1,705.68, unrealized $+0.00
Reports: daily realized $+0.00; worst symbols none | weekly realized $+0.00; worst symbols none
Shadow report: 23802 shadow candidate(s), 261 rejection group(s)
Timings: account: 0.0s | risk: 0.1s | decide: 5.6s | watchlist: 0.0s | perf: 0.3s

=== Run at 2026-09-17T16:44:28.159373 ===
Build fingerprint: 4f68550affe5
Current time: 2026-09-17 12:44 PM EDT | Market open (per Alpaca): True | Session: REGULAR
Account value: $99,311.19
Cash: $99,311.19 | Holdings (0): none
Sector exposure (cached): unavailable (no holdings)
Fill reconciliation: {'filled': 0, 'partial': 0, 'rejected': 1}
Risk state: peak $99,703.60 | drawdown 0.39% | today +0.00% | halted: False
Market regime: NEUTRAL (position-size multiplier: 100% incl. circuit breaker 100%)
Overnight queue deferred 3 known-stale idea(s) for 30 minutes to preserve Gemini quota.
Morning verification: 2 overnight-queued trade(s) handed to Gemini for re-verification against fresh data.
News: fetched 158, 0 new after dedup, 0 ticker(s) matched.
Quant pre-screen: 19/60 candidates passed.
Gemini proposed 2 trade(s) meeting the conviction bar.
Gemini calls used today (all models combined): 262
  -> {"ticker": "HPE", "status": "skipped", "reason": "market data unavailable for HPE (bid/ask spread missing)", "shadow": false, "data_guard": true}
  -> {"ticker": "FTNT", "status": "skipped", "reason": "liquidity filter: FTNT average volume 173,257 < 500,000", "shadow": false, "data_guard": true}
Overnight queue kept 5 idea(s) whose market data was stale; they will be retried after fresh quotes arrive.
Dashboard watchlist synced (2 symbols) for news/headlines.
Ending portfolio value: $99,311.19
Trade journal: all: 19 trades, 21% win rate, avg -2.19% | breakout: 1 trades, 0% win rate, avg -8.61% | other: 13 trades, 23% win rate, avg -1.93% | technical: 5 trades, 20% win rate, avg -1.58%
Self-learning: breakout: 1 trades, 0% win rate, avg -8.61% (LOSING) | other: 13 trades, 23% win rate, avg -1.93% (LOSING) | technical: 5 trades, 20% win rate, avg -1.58% (LOSING)
Performance: Total return +0.45% | Max drawdown 0.94% | Daily Sharpe 1.61 | 19 closed trades | Win rate 21% | Avg winner +1.83% | Avg loser -3.26% | Open positions: 0 | Equity $99,311.19
Engine P&L: legacy/unknown: realized $-1,705.68 (19 closed, 21% wins), unrealized $+0.00 (0 open) | Books: legacy: realized $-1,705.68, unrealized $+0.00
Reports: daily realized $+0.00; worst symbols none | weekly realized $+0.00; worst symbols none
Shadow report: 23804 shadow candidate(s), 259 rejection group(s)
Timings: account: 0.0s | risk: 0.3s | decide: 7.5s | watchlist: 0.1s | perf: 0.4s

=== Run at 2026-09-17T16:46:26.129041 ===
Build fingerprint: 4f68550affe5
Current time: 2026-09-17 12:46 PM EDT | Market open (per Alpaca): True | Session: REGULAR
Account value: $99,311.19
Cash: $99,311.19 | Holdings (0): none
Sector exposure (cached): unavailable (no holdings)
Fill reconciliation: {'filled': 0, 'partial': 0, 'rejected': 1}
Risk state: peak $99,703.60 | drawdown 0.39% | today +0.00% | halted: False
Market regime: NEUTRAL (position-size multiplier: 100% incl. circuit breaker 100%)
Overnight queue deferred 3 known-stale idea(s) for 30 minutes to preserve Gemini quota.
Morning verification: 2 overnight-queued trade(s) handed to Gemini for re-verification against fresh data.
News: fetched 158, 1 new after dedup, 0 ticker(s) matched.
Quant pre-screen: 19/60 candidates passed.
Gemini proposed 2 trade(s) meeting the conviction bar.
Gemini calls used today (all models combined): 263
  -> {"ticker": "HPE", "status": "skipped", "reason": "market data unavailable for HPE (bid/ask spread missing)", "shadow": false, "data_guard": true}
  -> {"ticker": "FTNT", "status": "skipped", "reason": "liquidity filter: FTNT average volume 173,287 < 500,000", "shadow": false, "data_guard": true}
Overnight queue kept 5 idea(s) whose market data was stale; they will be retried after fresh quotes arrive.
Dashboard watchlist synced (2 symbols) for news/headlines.
Ending portfolio value: $99,311.19
Trade journal: all: 19 trades, 21% win rate, avg -2.19% | breakout: 1 trades, 0% win rate, avg -8.61% | other: 13 trades, 23% win rate, avg -1.93% | technical: 5 trades, 20% win rate, avg -1.58%
Self-learning: breakout: 1 trades, 0% win rate, avg -8.61% (LOSING) | other: 13 trades, 23% win rate, avg -1.93% (LOSING) | technical: 5 trades, 20% win rate, avg -1.58% (LOSING)
Performance: Total return +0.45% | Max drawdown 0.94% | Daily Sharpe 1.61 | 19 closed trades | Win rate 21% | Avg winner +1.83% | Avg loser -3.26% | Open positions: 0 | Equity $99,311.19
Engine P&L: legacy/unknown: realized $-1,705.68 (19 closed, 21% wins), unrealized $+0.00 (0 open) | Books: legacy: realized $-1,705.68, unrealized $+0.00
Reports: daily realized $+0.00; worst symbols none | weekly realized $+0.00; worst symbols none
Shadow report: 23806 shadow candidate(s), 257 rejection group(s)
Timings: account: 0.0s | risk: 0.2s | decide: 9.7s | watchlist: 0.1s | perf: 0.2s

=== Run at 2026-09-17T16:48:26.763437 ===
Build fingerprint: 4f68550affe5
Current time: 2026-09-17 12:48 PM EDT | Market open (per Alpaca): True | Session: REGULAR
Account value: $99,311.19
Cash: $99,311.19 | Holdings (0): none
Sector exposure (cached): unavailable (no holdings)
Fill reconciliation: {'filled': 0, 'partial': 0, 'rejected': 1}
Risk state: peak $99,703.60 | drawdown 0.39% | today +0.00% | halted: False
Market regime: NEUTRAL (position-size multiplier: 100% incl. circuit breaker 100%)
Overnight queue deferred 3 known-stale idea(s) for 30 minutes to preserve Gemini quota.
Morning verification: 2 overnight-queued trade(s) handed to Gemini for re-verification against fresh data.
News: fetched 158, 0 new after dedup, 0 ticker(s) matched.
Quant pre-screen: 19/60 candidates passed.
Gemini proposed 1 trade(s) meeting the conviction bar.
Gemini calls used today (all models combined): 264
  -> {"ticker": "HPE", "status": "skipped", "reason": "market data unavailable for HPE (bid/ask spread missing)", "shadow": false, "data_guard": true}
Overnight queue kept 5 idea(s) whose market data was stale; they will be retried after fresh quotes arrive.
Dashboard watchlist synced (1 symbols) for news/headlines.
Ending portfolio value: $99,311.19
Trade journal: all: 19 trades, 21% win rate, avg -2.19% | breakout: 1 trades, 0% win rate, avg -8.61% | other: 13 trades, 23% win rate, avg -1.93% | technical: 5 trades, 20% win rate, avg -1.58%
Self-learning: breakout: 1 trades, 0% win rate, avg -8.61% (LOSING) | other: 13 trades, 23% win rate, avg -1.93% (LOSING) | technical: 5 trades, 20% win rate, avg -1.58% (LOSING)
Performance: Total return +0.45% | Max drawdown 0.94% | Daily Sharpe 1.61 | 19 closed trades | Win rate 21% | Avg winner +1.83% | Avg loser -3.26% | Open positions: 0 | Equity $99,311.19
Engine P&L: legacy/unknown: realized $-1,705.68 (19 closed, 21% wins), unrealized $+0.00 (0 open) | Books: legacy: realized $-1,705.68, unrealized $+0.00
Reports: daily realized $+0.00; worst symbols none | weekly realized $+0.00; worst symbols none
Shadow report: 23807 shadow candidate(s), 256 rejection group(s)
Timings: account: 0.0s | risk: 0.1s | decide: 3.8s | watchlist: 0.0s | perf: 0.3s

=== Run at 2026-09-17T16:50:32.093023 ===
Build fingerprint: 4f68550affe5
Current time: 2026-09-17 12:50 PM EDT | Market open (per Alpaca): True | Session: REGULAR
Account value: $99,311.19
Cash: $99,311.19 | Holdings (0): none
Sector exposure (cached): unavailable (no holdings)
Fill reconciliation: {'filled': 0, 'partial': 0, 'rejected': 1}
Risk state: peak $99,703.60 | drawdown 0.39% | today +0.00% | halted: False
Market regime: NEUTRAL (position-size multiplier: 100% incl. circuit breaker 100%)
Overnight queue deferred 3 known-stale idea(s) for 30 minutes to preserve Gemini quota.
Morning verification: 2 overnight-queued trade(s) handed to Gemini for re-verification against fresh data.
News: fetched 158, 1 new after dedup, 0 ticker(s) matched.
Quant pre-screen: 19/60 candidates passed.
Gemini proposed 1 trade(s) meeting the conviction bar.
Gemini calls used today (all models combined): 265
  -> {"ticker": "HPE", "status": "skipped", "reason": "market data unavailable for HPE (bid/ask spread missing)", "shadow": false, "data_guard": true}
Overnight queue kept 5 idea(s) whose market data was stale; they will be retried after fresh quotes arrive.
Dashboard watchlist synced (1 symbols) for news/headlines.
Ending portfolio value: $99,311.19
Trade journal: all: 19 trades, 21% win rate, avg -2.19% | breakout: 1 trades, 0% win rate, avg -8.61% | other: 13 trades, 23% win rate, avg -1.93% | technical: 5 trades, 20% win rate, avg -1.58%
Self-learning: breakout: 1 trades, 0% win rate, avg -8.61% (LOSING) | other: 13 trades, 23% win rate, avg -1.93% (LOSING) | technical: 5 trades, 20% win rate, avg -1.58% (LOSING)
Performance: Total return +0.45% | Max drawdown 0.94% | Daily Sharpe 1.61 | 19 closed trades | Win rate 21% | Avg winner +1.83% | Avg loser -3.26% | Open positions: 0 | Equity $99,311.19
Engine P&L: legacy/unknown: realized $-1,705.68 (19 closed, 21% wins), unrealized $+0.00 (0 open) | Books: legacy: realized $-1,705.68, unrealized $+0.00
Reports: daily realized $+0.00; worst symbols none | weekly realized $+0.00; worst symbols none
Shadow report: 23808 shadow candidate(s), 255 rejection group(s)
Timings: account: 0.0s | risk: 0.1s | decide: 5.3s | watchlist: 0.0s | perf: 0.3s

=== Run at 2026-09-17T16:52:28.294558 ===
Build fingerprint: 4f68550affe5
Current time: 2026-09-17 12:52 PM EDT | Market open (per Alpaca): True | Session: REGULAR
Account value: $99,311.19
Cash: $99,311.19 | Holdings (0): none
Sector exposure (cached): unavailable (no holdings)
Fill reconciliation: {'filled': 0, 'partial': 0, 'rejected': 1}
Risk state: peak $99,703.60 | drawdown 0.39% | today +0.00% | halted: False
Market regime: NEUTRAL (position-size multiplier: 100% incl. circuit breaker 100%)
Overnight queue deferred 3 known-stale idea(s) for 30 minutes to preserve Gemini quota.
Morning verification: 2 overnight-queued trade(s) handed to Gemini for re-verification against fresh data.
News: fetched 158, 2 new after dedup, 0 ticker(s) matched.
Quant pre-screen: 19/60 candidates passed.
Gemini proposed 2 trade(s) meeting the conviction bar.
Gemini calls used today (all models combined): 266
  -> {"ticker": "HPE", "status": "skipped", "reason": "market data unavailable for HPE (bid/ask spread missing)", "shadow": false, "data_guard": true}
  -> {"ticker": "FTNT", "status": "skipped", "reason": "liquidity filter: FTNT average volume 173,373 < 500,000", "shadow": false, "data_guard": true}
Overnight queue kept 5 idea(s) whose market data was stale; they will be retried after fresh quotes arrive.
Dashboard watchlist synced (2 symbols) for news/headlines.
Ending portfolio value: $99,311.19
Trade journal: all: 19 trades, 21% win rate, avg -2.19% | breakout: 1 trades, 0% win rate, avg -8.61% | other: 13 trades, 23% win rate, avg -1.93% | technical: 5 trades, 20% win rate, avg -1.58%
Self-learning: breakout: 1 trades, 0% win rate, avg -8.61% (LOSING) | other: 13 trades, 23% win rate, avg -1.93% (LOSING) | technical: 5 trades, 20% win rate, avg -1.58% (LOSING)
Performance: Total return +0.45% | Max drawdown 0.94% | Daily Sharpe 1.61 | 19 closed trades | Win rate 21% | Avg winner +1.83% | Avg loser -3.26% | Open positions: 0 | Equity $99,311.19
Engine P&L: legacy/unknown: realized $-1,705.68 (19 closed, 21% wins), unrealized $+0.00 (0 open) | Books: legacy: realized $-1,705.68, unrealized $+0.00
Reports: daily realized $+0.00; worst symbols none | weekly realized $+0.00; worst symbols none
Shadow report: 23810 shadow candidate(s), 253 rejection group(s)
Timings: account: 0.0s | risk: 0.2s | decide: 6.0s | watchlist: 0.1s | perf: 0.3s

=== Run at 2026-09-17T16:54:29.857815 ===
Build fingerprint: 4f68550affe5
Current time: 2026-09-17 12:54 PM EDT | Market open (per Alpaca): True | Session: REGULAR
Account value: $99,311.19
Cash: $99,311.19 | Holdings (0): none
Sector exposure (cached): unavailable (no holdings)
Fill reconciliation: {'filled': 0, 'partial': 0, 'rejected': 1}
Risk state: peak $99,703.60 | drawdown 0.39% | today +0.00% | halted: False
Market regime: NEUTRAL (position-size multiplier: 100% incl. circuit breaker 100%)
Overnight queue deferred 3 known-stale idea(s) for 30 minutes to preserve Gemini quota.
Morning verification: 2 overnight-queued trade(s) handed to Gemini for re-verification against fresh data.
News: fetched 158, 2 new after dedup, 0 ticker(s) matched.
Quant pre-screen: 19/60 candidates passed.
Gemini proposed 2 trade(s) meeting the conviction bar.
Gemini calls used today (all models combined): 267
  -> {"ticker": "HPE", "status": "skipped", "reason": "market data unavailable for HPE (bid/ask spread missing)", "shadow": false, "data_guard": true}
  -> {"ticker": "FTNT", "status": "skipped", "reason": "liquidity filter: FTNT average volume 173,423 < 500,000", "shadow": false, "data_guard": true}
Overnight queue kept 5 idea(s) whose market data was stale; they will be retried after fresh quotes arrive.
Dashboard watchlist synced (2 symbols) for news/headlines.
Ending portfolio value: $99,311.19
Trade journal: all: 19 trades, 21% win rate, avg -2.19% | breakout: 1 trades, 0% win rate, avg -8.61% | other: 13 trades, 23% win rate, avg -1.93% | technical: 5 trades, 20% win rate, avg -1.58%
Self-learning: breakout: 1 trades, 0% win rate, avg -8.61% (LOSING) | other: 13 trades, 23% win rate, avg -1.93% (LOSING) | technical: 5 trades, 20% win rate, avg -1.58% (LOSING)
Performance: Total return +0.45% | Max drawdown 0.94% | Daily Sharpe 1.61 | 19 closed trades | Win rate 21% | Avg winner +1.83% | Avg loser -3.26% | Open positions: 0 | Equity $99,311.19
Engine P&L: legacy/unknown: realized $-1,705.68 (19 closed, 21% wins), unrealized $+0.00 (0 open) | Books: legacy: realized $-1,705.68, unrealized $+0.00
Reports: daily realized $+0.00; worst symbols none | weekly realized $+0.00; worst symbols none
Shadow report: 23812 shadow candidate(s), 251 rejection group(s)
Timings: account: 0.0s | risk: 0.0s | decide: 3.1s | watchlist: 0.0s | perf: 0.3s

=== Run at 2026-09-17T16:56:26.163080 ===
Build fingerprint: 4f68550affe5
Current time: 2026-09-17 12:56 PM EDT | Market open (per Alpaca): True | Session: REGULAR
Account value: $99,311.19
Cash: $99,311.19 | Holdings (0): none
Sector exposure (cached): unavailable (no holdings)
Fill reconciliation: {'filled': 0, 'partial': 0, 'rejected': 1}
Risk state: peak $99,703.60 | drawdown 0.39% | today +0.00% | halted: False
Market regime: NEUTRAL (position-size multiplier: 100% incl. circuit breaker 100%)
Overnight queue deferred 3 known-stale idea(s) for 30 minutes to preserve Gemini quota.
Morning verification: 2 overnight-queued trade(s) handed to Gemini for re-verification against fresh data.
News: fetched 158, 2 new after dedup, 0 ticker(s) matched.
Quant pre-screen: 19/60 candidates passed.
Gemini proposed 2 trade(s) meeting the conviction bar.
Gemini calls used today (all models combined): 268
  -> {"ticker": "HPE", "status": "skipped", "reason": "market data unavailable for HPE (bid/ask spread missing)", "shadow": false, "data_guard": true}
  -> {"ticker": "FTNT", "status": "skipped", "reason": "liquidity filter: FTNT average volume 173,466 < 500,000", "shadow": false, "data_guard": true}
Overnight queue kept 5 idea(s) whose market data was stale; they will be retried after fresh quotes arrive.
Dashboard watchlist synced (2 symbols) for news/headlines.
Ending portfolio value: $99,311.19
Trade journal: all: 19 trades, 21% win rate, avg -2.19% | breakout: 1 trades, 0% win rate, avg -8.61% | other: 13 trades, 23% win rate, avg -1.93% | technical: 5 trades, 20% win rate, avg -1.58%
Self-learning: breakout: 1 trades, 0% win rate, avg -8.61% (LOSING) | other: 13 trades, 23% win rate, avg -1.93% (LOSING) | technical: 5 trades, 20% win rate, avg -1.58% (LOSING)
Performance: Total return +0.45% | Max drawdown 0.94% | Daily Sharpe 1.61 | 19 closed trades | Win rate 21% | Avg winner +1.83% | Avg loser -3.26% | Open positions: 0 | Equity $99,311.19
Engine P&L: legacy/unknown: realized $-1,705.68 (19 closed, 21% wins), unrealized $+0.00 (0 open) | Books: legacy: realized $-1,705.68, unrealized $+0.00
Reports: daily realized $+0.00; worst symbols none | weekly realized $+0.00; worst symbols none
Shadow report: 23814 shadow candidate(s), 249 rejection group(s)
Timings: account: 0.0s | risk: 0.2s | decide: 5.3s | watchlist: 0.1s | perf: 0.3s

=== Run at 2026-09-17T16:58:29.051936 ===
Build fingerprint: 4f68550affe5
Current time: 2026-09-17 12:58 PM EDT | Market open (per Alpaca): True | Session: REGULAR
Account value: $99,311.19
Cash: $99,311.19 | Holdings (0): none
Sector exposure (cached): unavailable (no holdings)
Fill reconciliation: {'filled': 0, 'partial': 0, 'rejected': 1}
Risk state: peak $99,703.60 | drawdown 0.39% | today +0.00% | halted: False
Market regime: NEUTRAL (position-size multiplier: 100% incl. circuit breaker 100%)
Overnight queue deferred 3 known-stale idea(s) for 30 minutes to preserve Gemini quota.
Morning verification: 2 overnight-queued trade(s) handed to Gemini for re-verification against fresh data.
News: fetched 158, 2 new after dedup, 0 ticker(s) matched.
Quant pre-screen: 19/60 candidates passed.
Gemini proposed 2 trade(s) meeting the conviction bar.
Gemini calls used today (all models combined): 269
  -> {"ticker": "HPE", "status": "skipped", "reason": "market data unavailable for HPE (bid/ask spread missing)", "shadow": false, "data_guard": true}
  -> {"ticker": "FTNT", "status": "skipped", "reason": "liquidity filter: FTNT average volume 173,493 < 500,000", "shadow": false, "data_guard": true}
Overnight queue kept 5 idea(s) whose market data was stale; they will be retried after fresh quotes arrive.
Dashboard watchlist synced (2 symbols) for news/headlines.
Ending portfolio value: $99,311.19
Trade journal: all: 19 trades, 21% win rate, avg -2.19% | breakout: 1 trades, 0% win rate, avg -8.61% | other: 13 trades, 23% win rate, avg -1.93% | technical: 5 trades, 20% win rate, avg -1.58%
Self-learning: breakout: 1 trades, 0% win rate, avg -8.61% (LOSING) | other: 13 trades, 23% win rate, avg -1.93% (LOSING) | technical: 5 trades, 20% win rate, avg -1.58% (LOSING)
Performance: Total return +0.45% | Max drawdown 0.94% | Daily Sharpe 1.61 | 19 closed trades | Win rate 21% | Avg winner +1.83% | Avg loser -3.26% | Open positions: 0 | Equity $99,311.19
Engine P&L: legacy/unknown: realized $-1,705.68 (19 closed, 21% wins), unrealized $+0.00 (0 open) | Books: legacy: realized $-1,705.68, unrealized $+0.00
Reports: daily realized $+0.00; worst symbols none | weekly realized $+0.00; worst symbols none
Shadow report: 23816 shadow candidate(s), 247 rejection group(s)
Timings: account: 0.0s | risk: 0.0s | decide: 4.0s | watchlist: 0.0s | perf: 0.3s

=== Run at 2026-09-17T17:00:39.232850 ===
Build fingerprint: 4f68550affe5
Current time: 2026-09-17 01:00 PM EDT | Market open (per Alpaca): True | Session: REGULAR
Account value: $99,311.19
Cash: $99,311.19 | Holdings (0): none
Sector exposure (cached): unavailable (no holdings)
Fill reconciliation: {'filled': 0, 'partial': 0, 'rejected': 1}
Risk state: peak $99,703.60 | drawdown 0.39% | today +0.00% | halted: False
Market regime: NEUTRAL (position-size multiplier: 100% incl. circuit breaker 100%)
Overnight queue deferred 3 known-stale idea(s) for 30 minutes to preserve Gemini quota.
Morning verification: 2 overnight-queued trade(s) handed to Gemini for re-verification against fresh data.
News fetch failed, proceeding with watchlist only: HTTPSConnectionPool(host='finnhub.io', port=443): Read timed out. (read timeout=15.0)
Quant pre-screen: 0/0 candidates passed.
Gemini proposed 0 trade(s) meeting the conviction bar.
Gemini calls used today (all models combined): 270
Overnight queue cleared after verification.
Overnight queue retained 3 deferred stale idea(s).
Ending portfolio value: $99,311.19
Trade journal: all: 19 trades, 21% win rate, avg -2.19% | breakout: 1 trades, 0% win rate, avg -8.61% | other: 13 trades, 23% win rate, avg -1.93% | technical: 5 trades, 20% win rate, avg -1.58%
Self-learning: breakout: 1 trades, 0% win rate, avg -8.61% (LOSING) | other: 13 trades, 23% win rate, avg -1.93% (LOSING) | technical: 5 trades, 20% win rate, avg -1.58% (LOSING)
Performance: Total return +0.45% | Max drawdown 0.94% | Daily Sharpe 1.61 | 19 closed trades | Win rate 21% | Avg winner +1.83% | Avg loser -3.26% | Open positions: 0 | Equity $99,311.19
Engine P&L: legacy/unknown: realized $-1,705.68 (19 closed, 21% wins), unrealized $+0.00 (0 open) | Books: legacy: realized $-1,705.68, unrealized $+0.00
Reports: daily realized $+0.00; worst symbols none | weekly realized $+0.00; worst symbols none
Shadow report: 23816 shadow candidate(s), 247 rejection group(s)
Timings: account: 0.0s | risk: 0.1s | decide: 16.7s | watchlist: 0.0s | perf: 0.3s

=== Run at 2026-09-17T17:02:26.350025 ===
Build fingerprint: 4f68550affe5
Current time: 2026-09-17 01:02 PM EDT | Market open (per Alpaca): True | Session: REGULAR
Account value: $99,311.19
Cash: $99,311.19 | Holdings (0): none
Sector exposure (cached): unavailable (no holdings)
Fill reconciliation: {'filled': 0, 'partial': 0, 'rejected': 1}
Risk state: peak $99,703.60 | drawdown 0.39% | today +0.00% | halted: False
Market regime: NEUTRAL (position-size multiplier: 100% incl. circuit breaker 100%)
Overnight queue deferred 3 known-stale idea(s) for 30 minutes to preserve Gemini quota.
News: fetched 158, 1 new after dedup, 0 ticker(s) matched.
Quant pre-screen: 5/12 candidates passed.
Gemini proposed 2 trade(s) meeting the conviction bar.
Gemini calls used today (all models combined): 271
  -> {"ticker": "HPE", "status": "skipped", "reason": "market data unavailable for HPE (bid/ask spread missing)", "shadow": false, "data_guard": true}
  -> {"ticker": "DDOG", "status": "skipped", "reason": "liquidity filter: DDOG average volume 162,997 < 500,000", "shadow": false, "data_guard": true}
Overnight queue kept 3 idea(s) whose market data was stale; they will be retried after fresh quotes arrive.
Dashboard watchlist synced (2 symbols) for news/headlines.
Ending portfolio value: $99,311.19
Trade journal: all: 19 trades, 21% win rate, avg -2.19% | breakout: 1 trades, 0% win rate, avg -8.61% | other: 13 trades, 23% win rate, avg -1.93% | technical: 5 trades, 20% win rate, avg -1.58%
Self-learning: breakout: 1 trades, 0% win rate, avg -8.61% (LOSING) | other: 13 trades, 23% win rate, avg -1.93% (LOSING) | technical: 5 trades, 20% win rate, avg -1.58% (LOSING)
Performance: Total return +0.45% | Max drawdown 0.94% | Daily Sharpe 1.61 | 19 closed trades | Win rate 21% | Avg winner +1.83% | Avg loser -3.26% | Open positions: 0 | Equity $99,311.19
Engine P&L: legacy/unknown: realized $-1,705.68 (19 closed, 21% wins), unrealized $+0.00 (0 open) | Books: legacy: realized $-1,705.68, unrealized $+0.00
Reports: daily realized $+0.00; worst symbols none | weekly realized $+0.00; worst symbols none
Shadow report: 23818 shadow candidate(s), 245 rejection group(s)
Timings: account: 0.0s | risk: 0.1s | decide: 4.4s | watchlist: 0.0s | perf: 0.3s

=== Run at 2026-09-17T17:04:29.137674 ===
Build fingerprint: 4f68550affe5
Current time: 2026-09-17 01:04 PM EDT | Market open (per Alpaca): True | Session: REGULAR
Account value: $99,311.19
Cash: $99,311.19 | Holdings (0): none
Sector exposure (cached): unavailable (no holdings)
Fill reconciliation: {'filled': 0, 'partial': 0, 'rejected': 1}
Risk state: peak $99,703.60 | drawdown 0.39% | today +0.00% | halted: False
Market regime: NEUTRAL (position-size multiplier: 100% incl. circuit breaker 100%)
Overnight queue deferred 3 known-stale idea(s) for 30 minutes to preserve Gemini quota.
News: fetched 158, 1 new after dedup, 0 ticker(s) matched.
Quant pre-screen: 9/24 candidates passed.
Technical fallback (Gemini throttled/unavailable) proposed 2 trade(s) meeting the conviction bar.
Gemini calls used today (all models combined): 271
  -> {"ticker": "HPE", "status": "skipped", "reason": "market data unavailable for HPE (bid/ask spread missing)", "shadow": false, "data_guard": true}
  -> {"ticker": "FTNT", "status": "skipped", "reason": "liquidity filter: FTNT average volume 173,596 < 500,000", "shadow": false, "data_guard": true}
Overnight queue KEPT for next run (Gemini did not verify this round -- technical fallback or decision failure); 3 idea(s) remain subject to the retry cap.
Dashboard watchlist synced (2 symbols) for news/headlines.
Ending portfolio value: $99,311.19
Trade journal: all: 19 trades, 21% win rate, avg -2.19% | breakout: 1 trades, 0% win rate, avg -8.61% | other: 13 trades, 23% win rate, avg -1.93% | technical: 5 trades, 20% win rate, avg -1.58%
Self-learning: breakout: 1 trades, 0% win rate, avg -8.61% (LOSING) | other: 13 trades, 23% win rate, avg -1.93% (LOSING) | technical: 5 trades, 20% win rate, avg -1.58% (LOSING)
Performance: Total return +0.45% | Max drawdown 0.94% | Daily Sharpe 1.61 | 19 closed trades | Win rate 21% | Avg winner +1.83% | Avg loser -3.26% | Open positions: 0 | Equity $99,311.19
Engine P&L: legacy/unknown: realized $-1,705.68 (19 closed, 21% wins), unrealized $+0.00 (0 open) | Books: legacy: realized $-1,705.68, unrealized $+0.00
Reports: daily realized $+0.00; worst symbols none | weekly realized $+0.00; worst symbols none
Shadow report: 23820 shadow candidate(s), 243 rejection group(s)
Timings: account: 0.0s | risk: 0.1s | decide: 23.9s | watchlist: 0.0s | perf: 0.3s

=== Run at 2026-09-17T17:06:26.048345 ===
Build fingerprint: 4f68550affe5
Current time: 2026-09-17 01:06 PM EDT | Market open (per Alpaca): True | Session: REGULAR
Account value: $99,311.19
Cash: $99,311.19 | Holdings (0): none
Sector exposure (cached): unavailable (no holdings)
Fill reconciliation: {'filled': 0, 'partial': 0, 'rejected': 1}
Risk state: peak $99,703.60 | drawdown 0.39% | today +0.00% | halted: False
Market regime: NEUTRAL (position-size multiplier: 100% incl. circuit breaker 100%)
Overnight queue deferred 4 known-stale idea(s) for 30 minutes to preserve Gemini quota.
Morning verification: 2 overnight-queued trade(s) handed to Gemini for re-verification against fresh data.
News: fetched 58, 4 new after dedup, 0 ticker(s) matched.
Quant pre-screen: 10/36 candidates passed.
Gemini proposed 2 trade(s) meeting the conviction bar.
Gemini calls used today (all models combined): 272
  -> {"ticker": "HPE", "status": "skipped", "reason": "market data unavailable for HPE (bid/ask spread missing)", "shadow": false, "data_guard": true}
  -> {"ticker": "DDOG", "status": "skipped", "reason": "liquidity filter: DDOG average volume 163,041 < 500,000", "shadow": false, "data_guard": true}
Overnight queue kept 5 idea(s) whose market data was stale; they will be retried after fresh quotes arrive.
Dashboard watchlist synced (2 symbols) for news/headlines.
Ending portfolio value: $99,311.19
Trade journal: all: 19 trades, 21% win rate, avg -2.19% | breakout: 1 trades, 0% win rate, avg -8.61% | other: 13 trades, 23% win rate, avg -1.93% | technical: 5 trades, 20% win rate, avg -1.58%
Self-learning: breakout: 1 trades, 0% win rate, avg -8.61% (LOSING) | other: 13 trades, 23% win rate, avg -1.93% (LOSING) | technical: 5 trades, 20% win rate, avg -1.58% (LOSING)
Performance: Total return +0.45% | Max drawdown 0.94% | Daily Sharpe 1.61 | 19 closed trades | Win rate 21% | Avg winner +1.83% | Avg loser -3.26% | Open positions: 0 | Equity $99,311.19
Engine P&L: legacy/unknown: realized $-1,705.68 (19 closed, 21% wins), unrealized $+0.00 (0 open) | Books: legacy: realized $-1,705.68, unrealized $+0.00
Reports: daily realized $+0.00; worst symbols none | weekly realized $+0.00; worst symbols none
Shadow report: 23822 shadow candidate(s), 241 rejection group(s)
Timings: account: 0.0s | risk: 0.1s | decide: 21.0s | watchlist: 0.0s | perf: 0.3s

=== Run at 2026-09-17T17:08:30.139312 ===
Build fingerprint: 4f68550affe5
Current time: 2026-09-17 01:08 PM EDT | Market open (per Alpaca): True | Session: REGULAR
Account value: $99,311.19
Cash: $99,311.19 | Holdings (0): none
Sector exposure (cached): unavailable (no holdings)
Fill reconciliation: {'filled': 0, 'partial': 0, 'rejected': 1}
Risk state: peak $99,703.60 | drawdown 0.39% | today +0.00% | halted: False
Market regime: NEUTRAL (position-size multiplier: 100% incl. circuit breaker 100%)
Overnight queue deferred 3 known-stale idea(s) for 30 minutes to preserve Gemini quota.
Morning verification: 2 overnight-queued trade(s) handed to Gemini for re-verification against fresh data.
News: fetched 158, 2 new after dedup, 0 ticker(s) matched.
Quant pre-screen: 18/48 candidates passed.
Technical fallback (Gemini throttled/unavailable) proposed 5 trade(s) meeting the conviction bar.
Gemini calls used today (all models combined): 272
  -> {"ticker": "HPE", "status": "skipped", "reason": "market data unavailable for HPE (bid/ask spread missing)", "shadow": false, "data_guard": true}
  -> {"ticker": "FTNT", "status": "skipped", "reason": "liquidity filter: FTNT average volume 173,637 < 500,000", "shadow": false, "data_guard": true}
  -> {"ticker": "GEN", "status": "skipped", "reason": "liquidity filter: GEN average volume 393,242 < 500,000", "shadow": false, "data_guard": true}
  -> {"ticker": "GILD", "status": "skipped", "reason": "stale quote for GILD (218.451031s old; limit 180s)", "shadow": false, "data_guard": true}
  -> {"ticker": "GM", "status": "skipped", "reason": "liquidity filter: GM average volume 189,493 < 500,000", "shadow": false, "data_guard": true}
Overnight queue KEPT for next run (Gemini did not verify this round -- technical fallback or decision failure); 3 idea(s) remain subject to the retry cap.
Run budget reserve reached -- skipping dashboard watchlist sync.
Run budget reserve reached -- skipping performance snapshot.
Trade journal: all: 19 trades, 21% win rate, avg -2.19% | breakout: 1 trades, 0% win rate, avg -8.61% | other: 13 trades, 23% win rate, avg -1.93% | technical: 5 trades, 20% win rate, avg -1.58%
Self-learning: breakout: 1 trades, 0% win rate, avg -8.61% (LOSING) | other: 13 trades, 23% win rate, avg -1.93% (LOSING) | technical: 5 trades, 20% win rate, avg -1.58% (LOSING)
Performance: Total return +0.45% | Max drawdown 0.94% | Daily Sharpe 1.61 | 19 closed trades | Win rate 21% | Avg winner +1.83% | Avg loser -3.26% | Open positions: 0 | Equity $99,311.19
Engine P&L: legacy/unknown: realized $-1,705.68 (19 closed, 21% wins), unrealized $+0.00 (0 open) | Books: legacy: realized $-1,705.68, unrealized $+0.00
Reports: daily realized $+0.00; worst symbols none | weekly realized $+0.00; worst symbols none
Shadow report: 23827 shadow candidate(s), 237 rejection group(s)
Timings: account: 0.0s | risk: 0.1s | decide: 25.2s | watchlist: 0.0s | perf: 0.3s

=== Run at 2026-09-17T17:10:35.782748 ===
Build fingerprint: 4f68550affe5
Current time: 2026-09-17 01:10 PM EDT | Market open (per Alpaca): True | Session: REGULAR
Account value: $99,311.19
Cash: $99,311.19 | Holdings (0): none
Sector exposure (cached): unavailable (no holdings)
Fill reconciliation: {'filled': 0, 'partial': 0, 'rejected': 1}
Risk state: peak $99,703.60 | drawdown 0.39% | today +0.00% | halted: False
Market regime: NEUTRAL (position-size multiplier: 100% incl. circuit breaker 100%)
Overnight queue deferred 4 known-stale idea(s) for 30 minutes to preserve Gemini quota.
Morning verification: 2 overnight-queued trade(s) handed to Gemini for re-verification against fresh data.
News: fetched 158, 5 new after dedup, 5 ticker(s) matched.
Quant pre-screen: 17/36 candidates passed.
Gemini proposed 2 trade(s) meeting the conviction bar.
Gemini calls used today (all models combined): 273
  -> {"ticker": "HPE", "status": "skipped", "reason": "market data unavailable for HPE (bid/ask spread missing)", "shadow": false, "data_guard": true}
  -> {"ticker": "DGX", "status": "skipped", "reason": "liquidity filter: DGX average volume 52,259 < 500,000", "shadow": false, "data_guard": true}
Overnight queue kept 5 idea(s) whose market data was stale; they will be retried after fresh quotes arrive.
Dashboard watchlist synced (7 symbols) for news/headlines.
Ending portfolio value: $99,311.19
Trade journal: all: 19 trades, 21% win rate, avg -2.19% | breakout: 1 trades, 0% win rate, avg -8.61% | other: 13 trades, 23% win rate, avg -1.93% | technical: 5 trades, 20% win rate, avg -1.58%
Self-learning: breakout: 1 trades, 0% win rate, avg -8.61% (LOSING) | other: 13 trades, 23% win rate, avg -1.93% (LOSING) | technical: 5 trades, 20% win rate, avg -1.58% (LOSING)
Performance: Total return +0.45% | Max drawdown 0.94% | Daily Sharpe 1.61 | 19 closed trades | Win rate 21% | Avg winner +1.83% | Avg loser -3.26% | Open positions: 0 | Equity $99,311.19
Engine P&L: legacy/unknown: realized $-1,705.68 (19 closed, 21% wins), unrealized $+0.00 (0 open) | Books: legacy: realized $-1,705.68, unrealized $+0.00
Reports: daily realized $+0.00; worst symbols none | weekly realized $+0.00; worst symbols none
Shadow report: 23829 shadow candidate(s), 235 rejection group(s)
Timings: account: 0.0s | risk: 0.4s | decide: 12.7s | watchlist: 0.2s | perf: 0.4s

=== Run at 2026-09-17T17:12:23.938396 ===
Build fingerprint: 4f68550affe5
Current time: 2026-09-17 01:12 PM EDT | Market open (per Alpaca): True | Session: REGULAR
Account value: $99,311.19
Cash: $99,311.19 | Holdings (0): none
Sector exposure (cached): unavailable (no holdings)
Fill reconciliation: {'filled': 0, 'partial': 0, 'rejected': 1}
Risk state: peak $99,703.60 | drawdown 0.39% | today +0.00% | halted: False
Market regime: NEUTRAL (position-size multiplier: 100% incl. circuit breaker 100%)
Overnight queue deferred 3 known-stale idea(s) for 30 minutes to preserve Gemini quota.
Morning verification: 2 overnight-queued trade(s) handed to Gemini for re-verification against fresh data.
News: fetched 158, 3 new after dedup, 0 ticker(s) matched.
Quant pre-screen: 21/60 candidates passed.
Gemini proposed 2 trade(s) meeting the conviction bar.
Gemini calls used today (all models combined): 274
  -> {"ticker": "HPE", "status": "skipped", "reason": "market data unavailable for HPE (bid/ask spread missing)", "shadow": false, "data_guard": true}
  -> {"ticker": "FTNT", "status": "skipped", "reason": "liquidity filter: FTNT average volume 173,705 < 500,000", "shadow": false, "data_guard": true}
Overnight queue kept 5 idea(s) whose market data was stale; they will be retried after fresh quotes arrive.
Dashboard watchlist synced (2 symbols) for news/headlines.
Ending portfolio value: $99,311.19
Trade journal: all: 19 trades, 21% win rate, avg -2.19% | breakout: 1 trades, 0% win rate, avg -8.61% | other: 13 trades, 23% win rate, avg -1.93% | technical: 5 trades, 20% win rate, avg -1.58%
Self-learning: breakout: 1 trades, 0% win rate, avg -8.61% (LOSING) | other: 13 trades, 23% win rate, avg -1.93% (LOSING) | technical: 5 trades, 20% win rate, avg -1.58% (LOSING)
Performance: Total return +0.45% | Max drawdown 0.94% | Daily Sharpe 1.61 | 19 closed trades | Win rate 21% | Avg winner +1.83% | Avg loser -3.26% | Open positions: 0 | Equity $99,311.19
Engine P&L: legacy/unknown: realized $-1,705.68 (19 closed, 21% wins), unrealized $+0.00 (0 open) | Books: legacy: realized $-1,705.68, unrealized $+0.00
Reports: daily realized $+0.00; worst symbols none | weekly realized $+0.00; worst symbols none
Shadow report: 23831 shadow candidate(s), 233 rejection group(s)
Timings: account: 0.0s | risk: 0.2s | decide: 10.1s | watchlist: 0.1s | perf: 0.3s

=== Run at 2026-09-17T17:14:27.231688 ===
Build fingerprint: 4f68550affe5
Current time: 2026-09-17 01:14 PM EDT | Market open (per Alpaca): True | Session: REGULAR
Account value: $99,311.19
Cash: $99,311.19 | Holdings (0): none
Sector exposure (cached): unavailable (no holdings)
Fill reconciliation: {'filled': 0, 'partial': 0, 'rejected': 1}
Risk state: peak $99,703.60 | drawdown 0.39% | today +0.00% | halted: False
Market regime: NEUTRAL (position-size multiplier: 100% incl. circuit breaker 100%)
Overnight queue deferred 1 known-stale idea(s) for 30 minutes to preserve Gemini quota.
Morning verification: 4 overnight-queued trade(s) handed to Gemini for re-verification against fresh data.
News: fetched 158, 1 new after dedup, 0 ticker(s) matched.
Quant pre-screen: 21/60 candidates passed.
Gemini proposed 2 trade(s) meeting the conviction bar.
Gemini calls used today (all models combined): 275
  -> {"ticker": "HPE", "status": "skipped", "reason": "market data unavailable for HPE (bid/ask spread missing)", "shadow": false, "data_guard": true}
  -> {"ticker": "FTNT", "status": "skipped", "reason": "liquidity filter: FTNT average volume 173,775 < 500,000", "shadow": false, "data_guard": true}
Overnight queue kept 5 idea(s) whose market data was stale; they will be retried after fresh quotes arrive.
Dashboard watchlist synced (2 symbols) for news/headlines.
Ending portfolio value: $99,311.19
Trade journal: all: 19 trades, 21% win rate, avg -2.19% | breakout: 1 trades, 0% win rate, avg -8.61% | other: 13 trades, 23% win rate, avg -1.93% | technical: 5 trades, 20% win rate, avg -1.58%
Self-learning: breakout: 1 trades, 0% win rate, avg -8.61% (LOSING) | other: 13 trades, 23% win rate, avg -1.93% (LOSING) | technical: 5 trades, 20% win rate, avg -1.58% (LOSING)
Performance: Total return +0.45% | Max drawdown 0.94% | Daily Sharpe 1.61 | 19 closed trades | Win rate 21% | Avg winner +1.83% | Avg loser -3.26% | Open positions: 0 | Equity $99,311.19
Engine P&L: legacy/unknown: realized $-1,705.68 (19 closed, 21% wins), unrealized $+0.00 (0 open) | Books: legacy: realized $-1,705.68, unrealized $+0.00
Reports: daily realized $+0.00; worst symbols none | weekly realized $+0.00; worst symbols none
Shadow report: 23833 shadow candidate(s), 231 rejection group(s)
Timings: account: 0.0s | risk: 0.0s | decide: 4.9s | watchlist: 0.0s | perf: 0.3s

=== Run at 2026-09-17T17:17:17.898259 ===
Build fingerprint: 4f68550affe5
Current time: 2026-09-17 01:17 PM EDT | Market open (per Alpaca): True | Session: REGULAR
Account value: $99,311.19
Cash: $99,311.19 | Holdings (0): none
Sector exposure (cached): unavailable (no holdings)
Fill reconciliation: {'filled': 0, 'partial': 0, 'rejected': 1}
Risk state: peak $99,703.60 | drawdown 0.39% | today +0.00% | halted: False
Market regime: NEUTRAL (position-size multiplier: 100% incl. circuit breaker 100%)
Overnight queue deferred 1 known-stale idea(s) for 30 minutes to preserve Gemini quota.
Morning verification: 4 overnight-queued trade(s) handed to Gemini for re-verification against fresh data.
News: fetched 158, 2 new after dedup, 0 ticker(s) matched.
Quant pre-screen: 21/60 candidates passed.
Gemini proposed 2 trade(s) meeting the conviction bar.
Gemini calls used today (all models combined): 276
  -> {"ticker": "HPE", "status": "skipped", "reason": "market data unavailable for HPE (bid/ask spread missing)", "shadow": false, "data_guard": true}
  -> {"ticker": "DDOG", "status": "skipped", "reason": "stale quote for DDOG (235.367709s old; limit 180s)", "shadow": false, "data_guard": true}
Overnight queue kept 6 idea(s) whose market data was stale; they will be retried after fresh quotes arrive.
Dashboard watchlist synced (2 symbols) for news/headlines.
Ending portfolio value: $99,311.19
Trade journal: all: 19 trades, 21% win rate, avg -2.19% | breakout: 1 trades, 0% win rate, avg -8.61% | other: 13 trades, 23% win rate, avg -1.93% | technical: 5 trades, 20% win rate, avg -1.58%
Self-learning: breakout: 1 trades, 0% win rate, avg -8.61% (LOSING) | other: 13 trades, 23% win rate, avg -1.93% (LOSING) | technical: 5 trades, 20% win rate, avg -1.58% (LOSING)
Performance: Total return +0.45% | Max drawdown 0.94% | Daily Sharpe 1.61 | 19 closed trades | Win rate 21% | Avg winner +1.83% | Avg loser -3.26% | Open positions: 0 | Equity $99,311.19
Engine P&L: legacy/unknown: realized $-1,705.68 (19 closed, 21% wins), unrealized $+0.00 (0 open) | Books: legacy: realized $-1,705.68, unrealized $+0.00
Reports: daily realized $+0.00; worst symbols none | weekly realized $+0.00; worst symbols none
Shadow report: 23835 shadow candidate(s), 230 rejection group(s)
Timings: account: 0.0s | risk: 0.3s | decide: 11.4s | watchlist: 0.1s | perf: 1.2s

=== Run at 2026-09-17T17:18:28.836121 ===
Build fingerprint: 4f68550affe5
Current time: 2026-09-17 01:18 PM EDT | Market open (per Alpaca): True | Session: REGULAR
Account value: $99,311.19
Cash: $99,311.19 | Holdings (0): none
Sector exposure (cached): unavailable (no holdings)
Fill reconciliation: {'filled': 0, 'partial': 0, 'rejected': 1}
Risk state: peak $99,703.60 | drawdown 0.39% | today +0.00% | halted: False
Market regime: NEUTRAL (position-size multiplier: 100% incl. circuit breaker 100%)
Overnight queue deferred 2 known-stale idea(s) for 30 minutes to preserve Gemini quota.
Morning verification: 4 overnight-queued trade(s) handed to Gemini for re-verification against fresh data.
News: fetched 158, 2 new after dedup, 0 ticker(s) matched.
Quant pre-screen: 21/60 candidates passed.
Gemini proposed 2 trade(s) meeting the conviction bar.
Gemini calls used today (all models combined): 277
  -> {"ticker": "HPE", "status": "skipped", "reason": "market data unavailable for HPE (bid/ask spread missing)", "shadow": false, "data_guard": true}
  -> {"ticker": "FTNT", "status": "skipped", "reason": "liquidity filter: FTNT average volume 173,829 < 500,000", "shadow": false, "data_guard": true}
Overnight queue kept 6 idea(s) whose market data was stale; they will be retried after fresh quotes arrive.
Dashboard watchlist synced (2 symbols) for news/headlines.
Ending portfolio value: $99,311.19
Trade journal: all: 19 trades, 21% win rate, avg -2.19% | breakout: 1 trades, 0% win rate, avg -8.61% | other: 13 trades, 23% win rate, avg -1.93% | technical: 5 trades, 20% win rate, avg -1.58%
Self-learning: breakout: 1 trades, 0% win rate, avg -8.61% (LOSING) | other: 13 trades, 23% win rate, avg -1.93% (LOSING) | technical: 5 trades, 20% win rate, avg -1.58% (LOSING)
Performance: Total return +0.45% | Max drawdown 0.94% | Daily Sharpe 1.61 | 19 closed trades | Win rate 21% | Avg winner +1.83% | Avg loser -3.26% | Open positions: 0 | Equity $99,311.19
Engine P&L: legacy/unknown: realized $-1,705.68 (19 closed, 21% wins), unrealized $+0.00 (0 open) | Books: legacy: realized $-1,705.68, unrealized $+0.00
Reports: daily realized $+0.00; worst symbols none | weekly realized $+0.00; worst symbols none
Shadow report: 23837 shadow candidate(s), 228 rejection group(s)
Timings: account: 0.0s | risk: 0.0s | decide: 5.3s | watchlist: 0.0s | perf: 0.3s

=== Run at 2026-09-17T17:20:34.012847 ===
Build fingerprint: 4f68550affe5
Current time: 2026-09-17 01:20 PM EDT | Market open (per Alpaca): True | Session: REGULAR
Account value: $99,311.19
Cash: $99,311.19 | Holdings (0): none
Sector exposure (cached): unavailable (no holdings)
Fill reconciliation: {'filled': 0, 'partial': 0, 'rejected': 1}
Risk state: peak $99,703.60 | drawdown 0.39% | today +0.00% | halted: False
Market regime: NEUTRAL (position-size multiplier: 100% incl. circuit breaker 100%)
Overnight queue deferred 2 known-stale idea(s) for 30 minutes to preserve Gemini quota.
Morning verification: 4 overnight-queued trade(s) handed to Gemini for re-verification against fresh data.
News: fetched 158, 3 new after dedup, 0 ticker(s) matched.
Quant pre-screen: 21/60 candidates passed.
Gemini proposed 2 trade(s) meeting the conviction bar.
Gemini calls used today (all models combined): 278
  -> {"ticker": "HPE", "status": "skipped", "reason": "market data unavailable for HPE (bid/ask spread missing)", "shadow": false, "data_guard": true}
  -> {"ticker": "DDOG", "status": "skipped", "reason": "stale quote for DDOG (425.382155s old; limit 180s)", "shadow": false, "data_guard": true}
Overnight queue kept 6 idea(s) whose market data was stale; they will be retried after fresh quotes arrive.
Dashboard watchlist synced (2 symbols) for news/headlines.
Ending portfolio value: $99,311.19
Trade journal: all: 19 trades, 21% win rate, avg -2.19% | breakout: 1 trades, 0% win rate, avg -8.61% | other: 13 trades, 23% win rate, avg -1.93% | technical: 5 trades, 20% win rate, avg -1.58%
Self-learning: breakout: 1 trades, 0% win rate, avg -8.61% (LOSING) | other: 13 trades, 23% win rate, avg -1.93% (LOSING) | technical: 5 trades, 20% win rate, avg -1.58% (LOSING)
Performance: Total return +0.45% | Max drawdown 0.94% | Daily Sharpe 1.61 | 19 closed trades | Win rate 21% | Avg winner +1.83% | Avg loser -3.26% | Open positions: 0 | Equity $99,311.19
Engine P&L: legacy/unknown: realized $-1,705.68 (19 closed, 21% wins), unrealized $+0.00 (0 open) | Books: legacy: realized $-1,705.68, unrealized $+0.00
Reports: daily realized $+0.00; worst symbols none | weekly realized $+0.00; worst symbols none
Shadow report: 23839 shadow candidate(s), 227 rejection group(s)
Timings: account: 0.0s | risk: 0.1s | decide: 5.7s | watchlist: 0.0s | perf: 0.3s

=== Run at 2026-09-17T17:22:26.930126 ===
Build fingerprint: 4f68550affe5
Current time: 2026-09-17 01:22 PM EDT | Market open (per Alpaca): True | Session: REGULAR
Account value: $99,311.19
Cash: $99,311.19 | Holdings (0): none
Sector exposure (cached): unavailable (no holdings)
Fill reconciliation: {'filled': 0, 'partial': 0, 'rejected': 1}
Risk state: peak $99,703.60 | drawdown 0.39% | today +0.00% | halted: False
Market regime: NEUTRAL (position-size multiplier: 100% incl. circuit breaker 100%)
Overnight queue deferred 2 known-stale idea(s) for 30 minutes to preserve Gemini quota.
Morning verification: 4 overnight-queued trade(s) handed to Gemini for re-verification against fresh data.
News: fetched 158, 1 new after dedup, 0 ticker(s) matched.
Quant pre-screen: 21/60 candidates passed.
Gemini proposed 3 trade(s) meeting the conviction bar.
Gemini calls used today (all models combined): 279
  -> {"ticker": "HPE", "status": "skipped", "reason": "market data unavailable for HPE (bid/ask spread missing)", "shadow": false, "data_guard": true}
  -> {"ticker": "DDOG", "status": "skipped", "reason": "liquidity filter: DDOG average volume 163,148 < 500,000", "shadow": false, "data_guard": true}
  -> {"ticker": "FTNT", "status": "skipped", "reason": "liquidity filter: FTNT average volume 173,898 < 500,000", "shadow": false, "data_guard": true}
Overnight queue kept 6 idea(s) whose market data was stale; they will be retried after fresh quotes arrive.
Dashboard watchlist synced (3 symbols) for news/headlines.
Ending portfolio value: $99,311.19
Trade journal: all: 19 trades, 21% win rate, avg -2.19% | breakout: 1 trades, 0% win rate, avg -8.61% | other: 13 trades, 23% win rate, avg -1.93% | technical: 5 trades, 20% win rate, avg -1.58%
Self-learning: breakout: 1 trades, 0% win rate, avg -8.61% (LOSING) | other: 13 trades, 23% win rate, avg -1.93% (LOSING) | technical: 5 trades, 20% win rate, avg -1.58% (LOSING)
Performance: Total return +0.45% | Max drawdown 0.94% | Daily Sharpe 1.61 | 19 closed trades | Win rate 21% | Avg winner +1.83% | Avg loser -3.26% | Open positions: 0 | Equity $99,311.19
Engine P&L: legacy/unknown: realized $-1,705.68 (19 closed, 21% wins), unrealized $+0.00 (0 open) | Books: legacy: realized $-1,705.68, unrealized $+0.00
Reports: daily realized $+0.00; worst symbols none | weekly realized $+0.00; worst symbols none
Shadow report: 23842 shadow candidate(s), 224 rejection group(s)
Timings: account: 0.0s | risk: 0.0s | decide: 4.2s | watchlist: 0.0s | perf: 0.3s

=== Run at 2026-09-17T17:24:28.371427 ===
Build fingerprint: 4f68550affe5
Current time: 2026-09-17 01:24 PM EDT | Market open (per Alpaca): True | Session: REGULAR
Account value: $99,311.19
Cash: $99,311.19 | Holdings (0): none
Sector exposure (cached): unavailable (no holdings)
Fill reconciliation: {'filled': 0, 'partial': 0, 'rejected': 1}
Risk state: peak $99,703.60 | drawdown 0.39% | today +0.00% | halted: False
Market regime: NEUTRAL (position-size multiplier: 100% incl. circuit breaker 100%)
Overnight queue deferred 2 known-stale idea(s) for 30 minutes to preserve Gemini quota.
Morning verification: 4 overnight-queued trade(s) handed to Gemini for re-verification against fresh data.
News: fetched 158, 0 new after dedup, 0 ticker(s) matched.
Quant pre-screen: 21/60 candidates passed.
Gemini proposed 3 trade(s) meeting the conviction bar.
Gemini calls used today (all models combined): 280
  -> {"ticker": "HPE", "status": "skipped", "reason": "market data unavailable for HPE (bid/ask spread missing)", "shadow": false, "data_guard": true}
  -> {"ticker": "DDOG", "status": "skipped", "reason": "liquidity filter: DDOG average volume 163,175 < 500,000", "shadow": false, "data_guard": true}
  -> {"ticker": "FTNT", "status": "skipped", "reason": "liquidity filter: FTNT average volume 173,953 < 500,000", "shadow": false, "data_guard": true}
Overnight queue kept 6 idea(s) whose market data was stale; they will be retried after fresh quotes arrive.
Dashboard watchlist synced (3 symbols) for news/headlines.
Ending portfolio value: $99,311.19
Trade journal: all: 19 trades, 21% win rate, avg -2.19% | breakout: 1 trades, 0% win rate, avg -8.61% | other: 13 trades, 23% win rate, avg -1.93% | technical: 5 trades, 20% win rate, avg -1.58%
Self-learning: breakout: 1 trades, 0% win rate, avg -8.61% (LOSING) | other: 13 trades, 23% win rate, avg -1.93% (LOSING) | technical: 5 trades, 20% win rate, avg -1.58% (LOSING)
Performance: Total return +0.45% | Max drawdown 0.94% | Daily Sharpe 1.61 | 19 closed trades | Win rate 21% | Avg winner +1.83% | Avg loser -3.26% | Open positions: 0 | Equity $99,311.19
Engine P&L: legacy/unknown: realized $-1,705.68 (19 closed, 21% wins), unrealized $+0.00 (0 open) | Books: legacy: realized $-1,705.68, unrealized $+0.00
Reports: daily realized $+0.00; worst symbols none | weekly realized $+0.00; worst symbols none
Shadow report: 23845 shadow candidate(s), 221 rejection group(s)
Timings: account: 0.0s | risk: 0.3s | decide: 11.2s | watchlist: 0.1s | perf: 0.3s

=== Run at 2026-09-17T17:26:27.212938 ===
Build fingerprint: 4f68550affe5
Current time: 2026-09-17 01:26 PM EDT | Market open (per Alpaca): True | Session: REGULAR
Account value: $99,311.19
Cash: $99,311.19 | Holdings (0): none
Sector exposure (cached): unavailable (no holdings)
Fill reconciliation: {'filled': 0, 'partial': 0, 'rejected': 1}
Risk state: peak $99,703.60 | drawdown 0.39% | today +0.00% | halted: False
Market regime: NEUTRAL (position-size multiplier: 100% incl. circuit breaker 100%)
Overnight queue deferred 2 known-stale idea(s) for 30 minutes to preserve Gemini quota.
Morning verification: 4 overnight-queued trade(s) handed to Gemini for re-verification against fresh data.
News: fetched 158, 2 new after dedup, 0 ticker(s) matched.
Quant pre-screen: 21/60 candidates passed.
Gemini proposed 2 trade(s) meeting the conviction bar.
Gemini calls used today (all models combined): 281
  -> {"ticker": "HPE", "status": "skipped", "reason": "market data unavailable for HPE (bid/ask spread missing)", "shadow": false, "data_guard": true}
  -> {"ticker": "FTNT", "status": "skipped", "reason": "liquidity filter: FTNT average volume 173,983 < 500,000", "shadow": false, "data_guard": true}
Overnight queue kept 6 idea(s) whose market data was stale; they will be retried after fresh quotes arrive.
Dashboard watchlist synced (2 symbols) for news/headlines.
Ending portfolio value: $99,311.19
Trade journal: all: 19 trades, 21% win rate, avg -2.19% | breakout: 1 trades, 0% win rate, avg -8.61% | other: 13 trades, 23% win rate, avg -1.93% | technical: 5 trades, 20% win rate, avg -1.58%
Self-learning: breakout: 1 trades, 0% win rate, avg -8.61% (LOSING) | other: 13 trades, 23% win rate, avg -1.93% (LOSING) | technical: 5 trades, 20% win rate, avg -1.58% (LOSING)
Performance: Total return +0.45% | Max drawdown 0.94% | Daily Sharpe 1.61 | 19 closed trades | Win rate 21% | Avg winner +1.83% | Avg loser -3.26% | Open positions: 0 | Equity $99,311.19
Engine P&L: legacy/unknown: realized $-1,705.68 (19 closed, 21% wins), unrealized $+0.00 (0 open) | Books: legacy: realized $-1,705.68, unrealized $+0.00
Reports: daily realized $+0.00; worst symbols none | weekly realized $+0.00; worst symbols none
Shadow report: 23847 shadow candidate(s), 219 rejection group(s)
Timings: account: 0.0s | risk: 0.1s | decide: 7.7s | watchlist: 0.0s | perf: 0.3s

=== Run at 2026-09-17T17:28:35.522858 ===
Build fingerprint: 4f68550affe5
Current time: 2026-09-17 01:28 PM EDT | Market open (per Alpaca): True | Session: REGULAR
Account value: $99,311.19
Cash: $99,311.19 | Holdings (0): none
Sector exposure (cached): unavailable (no holdings)
Fill reconciliation: {'filled': 0, 'partial': 0, 'rejected': 1}
Risk state: peak $99,703.60 | drawdown 0.39% | today +0.00% | halted: False
Market regime: NEUTRAL (position-size multiplier: 100% incl. circuit breaker 100%)
Overnight queue deferred 2 known-stale idea(s) for 30 minutes to preserve Gemini quota.
Morning verification: 4 overnight-queued trade(s) handed to Gemini for re-verification against fresh data.
News: fetched 158, 0 new after dedup, 0 ticker(s) matched.
Quant pre-screen: 21/60 candidates passed.
Gemini proposed 2 trade(s) meeting the conviction bar.
Gemini calls used today (all models combined): 282
  -> {"ticker": "HPE", "status": "skipped", "reason": "market data unavailable for HPE (bid/ask spread missing)", "shadow": false, "data_guard": true}
  -> {"ticker": "FTNT", "status": "skipped", "reason": "liquidity filter: FTNT average volume 173,999 < 500,000", "shadow": false, "data_guard": true}
Overnight queue kept 6 idea(s) whose market data was stale; they will be retried after fresh quotes arrive.
Dashboard watchlist synced (2 symbols) for news/headlines.
Ending portfolio value: $99,311.19
Trade journal: all: 19 trades, 21% win rate, avg -2.19% | breakout: 1 trades, 0% win rate, avg -8.61% | other: 13 trades, 23% win rate, avg -1.93% | technical: 5 trades, 20% win rate, avg -1.58%
Self-learning: breakout: 1 trades, 0% win rate, avg -8.61% (LOSING) | other: 13 trades, 23% win rate, avg -1.93% (LOSING) | technical: 5 trades, 20% win rate, avg -1.58% (LOSING)
Performance: Total return +0.45% | Max drawdown 0.94% | Daily Sharpe 1.61 | 19 closed trades | Win rate 21% | Avg winner +1.83% | Avg loser -3.26% | Open positions: 0 | Equity $99,311.19
Engine P&L: legacy/unknown: realized $-1,705.68 (19 closed, 21% wins), unrealized $+0.00 (0 open) | Books: legacy: realized $-1,705.68, unrealized $+0.00
Reports: daily realized $+0.00; worst symbols none | weekly realized $+0.00; worst symbols none
Shadow report: 23849 shadow candidate(s), 217 rejection group(s)
Timings: account: 0.0s | risk: 0.4s | decide: 6.3s | watchlist: 0.1s | perf: 0.4s

=== Run at 2026-09-17T17:30:34.523637 ===
Build fingerprint: 4f68550affe5
Current time: 2026-09-17 01:30 PM EDT | Market open (per Alpaca): True | Session: REGULAR
Account value: $99,311.19
Cash: $99,311.19 | Holdings (0): none
Sector exposure (cached): unavailable (no holdings)
Fill reconciliation: {'filled': 0, 'partial': 0, 'rejected': 1}
Risk state: peak $99,703.60 | drawdown 0.39% | today +0.00% | halted: False
Market regime: NEUTRAL (position-size multiplier: 100% incl. circuit breaker 100%)
Overnight queue deferred 2 known-stale idea(s) for 30 minutes to preserve Gemini quota.
Morning verification: 4 overnight-queued trade(s) handed to Gemini for re-verification against fresh data.
News: fetched 158, 3 new after dedup, 0 ticker(s) matched.
Quant pre-screen: 21/60 candidates passed.
Gemini proposed 2 trade(s) meeting the conviction bar.
Gemini calls used today (all models combined): 283
  -> {"ticker": "HPE", "status": "skipped", "reason": "market data unavailable for HPE (bid/ask spread missing)", "shadow": false, "data_guard": true}
  -> {"ticker": "DDOG", "status": "skipped", "reason": "liquidity filter: DDOG average volume 163,199 < 500,000", "shadow": false, "data_guard": true}
Overnight queue kept 6 idea(s) whose market data was stale; they will be retried after fresh quotes arrive.
Dashboard watchlist synced (2 symbols) for news/headlines.
Ending portfolio value: $99,311.19
Trade journal: all: 19 trades, 21% win rate, avg -2.19% | breakout: 1 trades, 0% win rate, avg -8.61% | other: 13 trades, 23% win rate, avg -1.93% | technical: 5 trades, 20% win rate, avg -1.58%
Self-learning: breakout: 1 trades, 0% win rate, avg -8.61% (LOSING) | other: 13 trades, 23% win rate, avg -1.93% (LOSING) | technical: 5 trades, 20% win rate, avg -1.58% (LOSING)
Performance: Total return +0.45% | Max drawdown 0.94% | Daily Sharpe 1.61 | 19 closed trades | Win rate 21% | Avg winner +1.83% | Avg loser -3.26% | Open positions: 0 | Equity $99,311.19
Engine P&L: legacy/unknown: realized $-1,705.68 (19 closed, 21% wins), unrealized $+0.00 (0 open) | Books: legacy: realized $-1,705.68, unrealized $+0.00
Reports: daily realized $+0.00; worst symbols none | weekly realized $+0.00; worst symbols none
Shadow report: 23851 shadow candidate(s), 215 rejection group(s)
Timings: account: 0.0s | risk: 0.2s | decide: 6.4s | watchlist: 0.1s | perf: 0.3s

=== Run at 2026-09-17T17:32:27.054745 ===
Build fingerprint: 4f68550affe5
Current time: 2026-09-17 01:32 PM EDT | Market open (per Alpaca): True | Session: REGULAR
Account value: $99,311.19
Cash: $99,311.19 | Holdings (0): none
Sector exposure (cached): unavailable (no holdings)
Fill reconciliation: {'filled': 0, 'partial': 0, 'rejected': 1}
Risk state: peak $99,703.60 | drawdown 0.39% | today +0.00% | halted: False
Market regime: NEUTRAL (position-size multiplier: 100% incl. circuit breaker 100%)
Overnight queue deferred 2 known-stale idea(s) for 30 minutes to preserve Gemini quota.
Morning verification: 4 overnight-queued trade(s) handed to Gemini for re-verification against fresh data.
News: fetched 158, 4 new after dedup, 0 ticker(s) matched.
Quant pre-screen: 21/60 candidates passed.
Gemini proposed 2 trade(s) meeting the conviction bar.
Gemini calls used today (all models combined): 284
  -> {"ticker": "HPE", "status": "skipped", "reason": "market data unavailable for HPE (bid/ask spread missing)", "shadow": false, "data_guard": true}
  -> {"ticker": "DDOG", "status": "skipped", "reason": "liquidity filter: DDOG average volume 163,216 < 500,000", "shadow": false, "data_guard": true}
Overnight queue kept 6 idea(s) whose market data was stale; they will be retried after fresh quotes arrive.
Dashboard watchlist synced (2 symbols) for news/headlines.
Ending portfolio value: $99,311.19
Trade journal: all: 19 trades, 21% win rate, avg -2.19% | breakout: 1 trades, 0% win rate, avg -8.61% | other: 13 trades, 23% win rate, avg -1.93% | technical: 5 trades, 20% win rate, avg -1.58%
Self-learning: breakout: 1 trades, 0% win rate, avg -8.61% (LOSING) | other: 13 trades, 23% win rate, avg -1.93% (LOSING) | technical: 5 trades, 20% win rate, avg -1.58% (LOSING)
Performance: Total return +0.45% | Max drawdown 0.94% | Daily Sharpe 1.61 | 19 closed trades | Win rate 21% | Avg winner +1.83% | Avg loser -3.26% | Open positions: 0 | Equity $99,311.19
Engine P&L: legacy/unknown: realized $-1,705.68 (19 closed, 21% wins), unrealized $+0.00 (0 open) | Books: legacy: realized $-1,705.68, unrealized $+0.00
Reports: daily realized $+0.00; worst symbols none | weekly realized $+0.00; worst symbols none
Shadow report: 23853 shadow candidate(s), 213 rejection group(s)
Timings: account: 0.0s | risk: 0.1s | decide: 10.9s | watchlist: 0.0s | perf: 0.3s

=== Run at 2026-09-17T17:34:26.572093 ===
Build fingerprint: 4f68550affe5
Current time: 2026-09-17 01:34 PM EDT | Market open (per Alpaca): True | Session: REGULAR
Account value: $99,311.19
Cash: $99,311.19 | Holdings (0): none
Sector exposure (cached): unavailable (no holdings)
Fill reconciliation: {'filled': 0, 'partial': 0, 'rejected': 1}
Risk state: peak $99,703.60 | drawdown 0.39% | today +0.00% | halted: False
Market regime: NEUTRAL (position-size multiplier: 100% incl. circuit breaker 100%)
Overnight queue deferred 2 known-stale idea(s) for 30 minutes to preserve Gemini quota.
Morning verification: 4 overnight-queued trade(s) handed to Gemini for re-verification against fresh data.
News: fetched 158, 1 new after dedup, 0 ticker(s) matched.
Quant pre-screen: 21/60 candidates passed.
Gemini proposed 2 trade(s) meeting the conviction bar.
Gemini calls used today (all models combined): 285
  -> {"ticker": "HPE", "status": "skipped", "reason": "market data unavailable for HPE (bid/ask spread missing)", "shadow": false, "data_guard": true}
  -> {"ticker": "FTNT", "status": "skipped", "reason": "liquidity filter: FTNT average volume 174,054 < 500,000", "shadow": false, "data_guard": true}
Overnight queue kept 6 idea(s) whose market data was stale; they will be retried after fresh quotes arrive.
Dashboard watchlist synced (2 symbols) for news/headlines.
Ending portfolio value: $99,311.19
Trade journal: all: 19 trades, 21% win rate, avg -2.19% | breakout: 1 trades, 0% win rate, avg -8.61% | other: 13 trades, 23% win rate, avg -1.93% | technical: 5 trades, 20% win rate, avg -1.58%
Self-learning: breakout: 1 trades, 0% win rate, avg -8.61% (LOSING) | other: 13 trades, 23% win rate, avg -1.93% (LOSING) | technical: 5 trades, 20% win rate, avg -1.58% (LOSING)
Performance: Total return +0.45% | Max drawdown 0.94% | Daily Sharpe 1.61 | 19 closed trades | Win rate 21% | Avg winner +1.83% | Avg loser -3.26% | Open positions: 0 | Equity $99,311.19
Engine P&L: legacy/unknown: realized $-1,705.68 (19 closed, 21% wins), unrealized $+0.00 (0 open) | Books: legacy: realized $-1,705.68, unrealized $+0.00
Reports: daily realized $+0.00; worst symbols none | weekly realized $+0.00; worst symbols none
Shadow report: 23855 shadow candidate(s), 211 rejection group(s)
Timings: account: 0.0s | risk: 0.0s | decide: 4.1s | watchlist: 0.0s | perf: 0.3s

=== Run at 2026-09-17T17:36:26.791332 ===
Build fingerprint: 4f68550affe5
Current time: 2026-09-17 01:36 PM EDT | Market open (per Alpaca): True | Session: REGULAR
Account value: $99,311.19
Cash: $99,311.19 | Holdings (0): none
Sector exposure (cached): unavailable (no holdings)
Fill reconciliation: {'filled': 0, 'partial': 0, 'rejected': 1}
Risk state: peak $99,703.60 | drawdown 0.39% | today +0.00% | halted: False
Market regime: NEUTRAL (position-size multiplier: 100% incl. circuit breaker 100%)
Overnight queue deferred 2 known-stale idea(s) for 30 minutes to preserve Gemini quota.
Morning verification: 4 overnight-queued trade(s) handed to Gemini for re-verification against fresh data.
News: fetched 120, 0 new after dedup, 0 ticker(s) matched.
Quant pre-screen: 21/60 candidates passed.
Gemini proposed 2 trade(s) meeting the conviction bar.
Gemini calls used today (all models combined): 286
  -> {"ticker": "HPE", "status": "skipped", "reason": "market data unavailable for HPE (bid/ask spread missing)", "shadow": false, "data_guard": true}
  -> {"ticker": "FTNT", "status": "skipped", "reason": "liquidity filter: FTNT average volume 174,070 < 500,000", "shadow": false, "data_guard": true}
Overnight queue kept 6 idea(s) whose market data was stale; they will be retried after fresh quotes arrive.
Dashboard watchlist synced (2 symbols) for news/headlines.
Ending portfolio value: $99,311.19
Trade journal: all: 19 trades, 21% win rate, avg -2.19% | breakout: 1 trades, 0% win rate, avg -8.61% | other: 13 trades, 23% win rate, avg -1.93% | technical: 5 trades, 20% win rate, avg -1.58%
Self-learning: breakout: 1 trades, 0% win rate, avg -8.61% (LOSING) | other: 13 trades, 23% win rate, avg -1.93% (LOSING) | technical: 5 trades, 20% win rate, avg -1.58% (LOSING)
Performance: Total return +0.45% | Max drawdown 0.94% | Daily Sharpe 1.61 | 19 closed trades | Win rate 21% | Avg winner +1.83% | Avg loser -3.26% | Open positions: 0 | Equity $99,311.19
Engine P&L: legacy/unknown: realized $-1,705.68 (19 closed, 21% wins), unrealized $+0.00 (0 open) | Books: legacy: realized $-1,705.68, unrealized $+0.00
Reports: daily realized $+0.00; worst symbols none | weekly realized $+0.00; worst symbols none
Shadow report: 23857 shadow candidate(s), 209 rejection group(s)
Timings: account: 0.0s | risk: 0.0s | decide: 10.9s | watchlist: 0.0s | perf: 0.3s

=== Run at 2026-09-17T17:38:23.844643 ===
Build fingerprint: 4f68550affe5
Current time: 2026-09-17 01:38 PM EDT | Market open (per Alpaca): True | Session: REGULAR
Account value: $99,311.19
Cash: $99,311.19 | Holdings (0): none
Sector exposure (cached): unavailable (no holdings)
Fill reconciliation: {'filled': 0, 'partial': 0, 'rejected': 1}
Risk state: peak $99,703.60 | drawdown 0.39% | today +0.00% | halted: False
Market regime: NEUTRAL (position-size multiplier: 100% incl. circuit breaker 100%)
Overnight queue deferred 2 known-stale idea(s) for 30 minutes to preserve Gemini quota.
Morning verification: 4 overnight-queued trade(s) handed to Gemini for re-verification against fresh data.
News: fetched 158, 0 new after dedup, 0 ticker(s) matched.
Quant pre-screen: 21/60 candidates passed.
Gemini proposed 2 trade(s) meeting the conviction bar.
Gemini calls used today (all models combined): 287
  -> {"ticker": "HPE", "status": "skipped", "reason": "market data unavailable for HPE (bid/ask spread missing)", "shadow": false, "data_guard": true}
  -> {"ticker": "FTNT", "status": "skipped", "reason": "liquidity filter: FTNT average volume 174,081 < 500,000", "shadow": false, "data_guard": true}
Overnight queue kept 6 idea(s) whose market data was stale; they will be retried after fresh quotes arrive.
Dashboard watchlist synced (2 symbols) for news/headlines.
Ending portfolio value: $99,311.19
Trade journal: all: 19 trades, 21% win rate, avg -2.19% | breakout: 1 trades, 0% win rate, avg -8.61% | other: 13 trades, 23% win rate, avg -1.93% | technical: 5 trades, 20% win rate, avg -1.58%
Self-learning: breakout: 1 trades, 0% win rate, avg -8.61% (LOSING) | other: 13 trades, 23% win rate, avg -1.93% (LOSING) | technical: 5 trades, 20% win rate, avg -1.58% (LOSING)
Performance: Total return +0.45% | Max drawdown 0.94% | Daily Sharpe 1.61 | 19 closed trades | Win rate 21% | Avg winner +1.83% | Avg loser -3.26% | Open positions: 0 | Equity $99,311.19
Engine P&L: legacy/unknown: realized $-1,705.68 (19 closed, 21% wins), unrealized $+0.00 (0 open) | Books: legacy: realized $-1,705.68, unrealized $+0.00
Reports: daily realized $+0.00; worst symbols none | weekly realized $+0.00; worst symbols none
Shadow report: 23859 shadow candidate(s), 207 rejection group(s)
Timings: account: 0.0s | risk: 0.2s | decide: 7.1s | watchlist: 0.1s | perf: 0.2s

=== Run at 2026-09-17T17:40:31.961269 ===
Build fingerprint: 4f68550affe5
Current time: 2026-09-17 01:40 PM EDT | Market open (per Alpaca): True | Session: REGULAR
Account value: $99,311.19
Cash: $99,311.19 | Holdings (0): none
Sector exposure (cached): unavailable (no holdings)
Fill reconciliation: {'filled': 0, 'partial': 0, 'rejected': 1}
Risk state: peak $99,703.60 | drawdown 0.39% | today +0.00% | halted: False
Market regime: NEUTRAL (position-size multiplier: 100% incl. circuit breaker 100%)
Overnight queue deferred 2 known-stale idea(s) for 30 minutes to preserve Gemini quota.
Morning verification: 4 overnight-queued trade(s) handed to Gemini for re-verification against fresh data.
News: fetched 158, 4 new after dedup, 0 ticker(s) matched.
Quant pre-screen: 21/60 candidates passed.
Gemini proposed 2 trade(s) meeting the conviction bar.
Gemini calls used today (all models combined): 288
  -> {"ticker": "HPE", "status": "skipped", "reason": "market data unavailable for HPE (bid/ask spread missing)", "shadow": false, "data_guard": true}
  -> {"ticker": "FTNT", "status": "skipped", "reason": "stale quote for FTNT (245.220688s old; limit 180s)", "shadow": false, "data_guard": true}
Overnight queue kept 7 idea(s) whose market data was stale; they will be retried after fresh quotes arrive.
Dashboard watchlist synced (2 symbols) for news/headlines.
Ending portfolio value: $99,311.19
Trade journal: all: 19 trades, 21% win rate, avg -2.19% | breakout: 1 trades, 0% win rate, avg -8.61% | other: 13 trades, 23% win rate, avg -1.93% | technical: 5 trades, 20% win rate, avg -1.58%
Self-learning: breakout: 1 trades, 0% win rate, avg -8.61% (LOSING) | other: 13 trades, 23% win rate, avg -1.93% (LOSING) | technical: 5 trades, 20% win rate, avg -1.58% (LOSING)
Performance: Total return +0.45% | Max drawdown 0.94% | Daily Sharpe 1.61 | 19 closed trades | Win rate 21% | Avg winner +1.83% | Avg loser -3.26% | Open positions: 0 | Equity $99,311.19
Engine P&L: legacy/unknown: realized $-1,705.68 (19 closed, 21% wins), unrealized $+0.00 (0 open) | Books: legacy: realized $-1,705.68, unrealized $+0.00
Reports: daily realized $+0.00; worst symbols none | weekly realized $+0.00; worst symbols none
Shadow report: 23861 shadow candidate(s), 206 rejection group(s)
Timings: account: 0.0s | risk: 0.0s | decide: 6.0s | watchlist: 0.0s | perf: 0.3s

=== Run at 2026-09-17T17:42:30.569786 ===
Build fingerprint: 4f68550affe5
Current time: 2026-09-17 01:42 PM EDT | Market open (per Alpaca): True | Session: REGULAR
Account value: $99,311.19
Cash: $99,311.19 | Holdings (0): none
Sector exposure (cached): unavailable (no holdings)
Fill reconciliation: {'filled': 0, 'partial': 0, 'rejected': 1}
Risk state: peak $99,703.60 | drawdown 0.39% | today +0.00% | halted: False
Market regime: NEUTRAL (position-size multiplier: 100% incl. circuit breaker 100%)
Overnight queue deferred 3 known-stale idea(s) for 30 minutes to preserve Gemini quota.
Morning verification: 4 overnight-queued trade(s) handed to Gemini for re-verification against fresh data.
News: fetched 158, 1 new after dedup, 0 ticker(s) matched.
Quant pre-screen: 21/60 candidates passed.
Gemini proposed 3 trade(s) meeting the conviction bar.
Gemini calls used today (all models combined): 289
  -> {"ticker": "HPE", "status": "skipped", "reason": "market data unavailable for HPE (bid/ask spread missing)", "shadow": false, "data_guard": true}
  -> {"ticker": "DDOG", "status": "skipped", "reason": "liquidity filter: DDOG average volume 163,409 < 500,000", "shadow": false, "data_guard": true}
  -> {"ticker": "FTNT", "status": "skipped", "reason": "liquidity filter: FTNT average volume 174,107 < 500,000", "shadow": false, "data_guard": true}
Overnight queue kept 7 idea(s) whose market data was stale; they will be retried after fresh quotes arrive.
Dashboard watchlist synced (3 symbols) for news/headlines.
Ending portfolio value: $99,311.19
Trade journal: all: 19 trades, 21% win rate, avg -2.19% | breakout: 1 trades, 0% win rate, avg -8.61% | other: 13 trades, 23% win rate, avg -1.93% | technical: 5 trades, 20% win rate, avg -1.58%
Self-learning: breakout: 1 trades, 0% win rate, avg -8.61% (LOSING) | other: 13 trades, 23% win rate, avg -1.93% (LOSING) | technical: 5 trades, 20% win rate, avg -1.58% (LOSING)
Performance: Total return +0.45% | Max drawdown 0.94% | Daily Sharpe 1.61 | 19 closed trades | Win rate 21% | Avg winner +1.83% | Avg loser -3.26% | Open positions: 0 | Equity $99,311.19
Engine P&L: legacy/unknown: realized $-1,705.68 (19 closed, 21% wins), unrealized $+0.00 (0 open) | Books: legacy: realized $-1,705.68, unrealized $+0.00
Reports: daily realized $+0.00; worst symbols none | weekly realized $+0.00; worst symbols none
Shadow report: 23864 shadow candidate(s), 203 rejection group(s)
Timings: account: 0.0s | risk: 0.1s | decide: 6.0s | watchlist: 0.0s | perf: 0.3s

=== Run at 2026-09-17T17:44:26.990411 ===
Build fingerprint: 4f68550affe5
Current time: 2026-09-17 01:44 PM EDT | Market open (per Alpaca): True | Session: REGULAR
Account value: $99,311.19
Cash: $99,311.19 | Holdings (0): none
Sector exposure (cached): unavailable (no holdings)
Fill reconciliation: {'filled': 0, 'partial': 0, 'rejected': 1}
Risk state: peak $99,703.60 | drawdown 0.39% | today +0.00% | halted: False
Market regime: NEUTRAL (position-size multiplier: 100% incl. circuit breaker 100%)
Overnight queue deferred 3 known-stale idea(s) for 30 minutes to preserve Gemini quota.
Morning verification: 4 overnight-queued trade(s) handed to Gemini for re-verification against fresh data.
News: fetched 158, 0 new after dedup, 0 ticker(s) matched.
Quant pre-screen: 21/60 candidates passed.
Gemini proposed 2 trade(s) meeting the conviction bar.
Gemini calls used today (all models combined): 290
  -> {"ticker": "HPE", "status": "skipped", "reason": "market data unavailable for HPE (bid/ask spread missing)", "shadow": false, "data_guard": true}
  -> {"ticker": "DDOG", "status": "skipped", "reason": "liquidity filter: DDOG average volume 163,435 < 500,000", "shadow": false, "data_guard": true}
Overnight queue kept 7 idea(s) whose market data was stale; they will be retried after fresh quotes arrive.
Dashboard watchlist synced (2 symbols) for news/headlines.
Ending portfolio value: $99,311.19
Trade journal: all: 19 trades, 21% win rate, avg -2.19% | breakout: 1 trades, 0% win rate, avg -8.61% | other: 13 trades, 23% win rate, avg -1.93% | technical: 5 trades, 20% win rate, avg -1.58%
Self-learning: breakout: 1 trades, 0% win rate, avg -8.61% (LOSING) | other: 13 trades, 23% win rate, avg -1.93% (LOSING) | technical: 5 trades, 20% win rate, avg -1.58% (LOSING)
Performance: Total return +0.45% | Max drawdown 0.94% | Daily Sharpe 1.61 | 19 closed trades | Win rate 21% | Avg winner +1.83% | Avg loser -3.26% | Open positions: 0 | Equity $99,311.19
Engine P&L: legacy/unknown: realized $-1,705.68 (19 closed, 21% wins), unrealized $+0.00 (0 open) | Books: legacy: realized $-1,705.68, unrealized $+0.00
Reports: daily realized $+0.00; worst symbols none | weekly realized $+0.00; worst symbols none
Shadow report: 23866 shadow candidate(s), 201 rejection group(s)
Timings: account: 0.0s | risk: 0.0s | decide: 3.5s | watchlist: 0.0s | perf: 0.3s

=== Run at 2026-09-17T17:46:30.376319 ===
Build fingerprint: 4f68550affe5
Current time: 2026-09-17 01:46 PM EDT | Market open (per Alpaca): True | Session: REGULAR
Account value: $99,311.19
Cash: $99,311.19 | Holdings (0): none
Sector exposure (cached): unavailable (no holdings)
Fill reconciliation: {'filled': 0, 'partial': 0, 'rejected': 1}
Risk state: peak $99,703.60 | drawdown 0.39% | today +0.00% | halted: False
Market regime: NEUTRAL (position-size multiplier: 100% incl. circuit breaker 100%)
Overnight queue deferred 3 known-stale idea(s) for 30 minutes to preserve Gemini quota.
Morning verification: 4 overnight-queued trade(s) handed to Gemini for re-verification against fresh data.
News: fetched 158, 2 new after dedup, 0 ticker(s) matched.
Quant pre-screen: 21/60 candidates passed.
Technical fallback (Gemini throttled/unavailable) proposed 6 trade(s) meeting the conviction bar.
Gemini calls used today (all models combined): 290
  -> {"ticker": "HPE", "status": "skipped", "reason": "market data unavailable for HPE (bid/ask spread missing)", "shadow": false, "data_guard": true}
  -> {"ticker": "FTNT", "status": "skipped", "reason": "liquidity filter: FTNT average volume 174,139 < 500,000", "shadow": false, "data_guard": true}
  -> {"ticker": "GEN", "status": "skipped", "reason": "liquidity filter: GEN average volume 394,108 < 500,000", "shadow": false, "data_guard": true}
  -> {"ticker": "GILD", "status": "skipped", "reason": "liquidity filter: GILD average volume 158,336 < 500,000", "shadow": false, "data_guard": true}
  -> {"ticker": "GM", "status": "skipped", "reason": "liquidity filter: GM average volume 190,045 < 500,000", "shadow": false, "data_guard": true}
  -> {"ticker": "HCA", "status": "skipped", "reason": "liquidity filter: HCA average volume 68,189 < 500,000", "shadow": false, "data_guard": true}
Overnight queue KEPT for next run (Gemini did not verify this round -- technical fallback or decision failure); 4 idea(s) remain subject to the retry cap.
Run budget reserve reached -- skipping dashboard watchlist sync.
Run budget reserve reached -- skipping performance snapshot.
Trade journal: all: 19 trades, 21% win rate, avg -2.19% | breakout: 1 trades, 0% win rate, avg -8.61% | other: 13 trades, 23% win rate, avg -1.93% | technical: 5 trades, 20% win rate, avg -1.58%
Self-learning: breakout: 1 trades, 0% win rate, avg -8.61% (LOSING) | other: 13 trades, 23% win rate, avg -1.93% (LOSING) | technical: 5 trades, 20% win rate, avg -1.58% (LOSING)
Performance: Total return +0.45% | Max drawdown 0.94% | Daily Sharpe 1.61 | 19 closed trades | Win rate 21% | Avg winner +1.83% | Avg loser -3.26% | Open positions: 0 | Equity $99,311.19
Engine P&L: legacy/unknown: realized $-1,705.68 (19 closed, 21% wins), unrealized $+0.00 (0 open) | Books: legacy: realized $-1,705.68, unrealized $+0.00
Reports: daily realized $+0.00; worst symbols none | weekly realized $+0.00; worst symbols none
Shadow report: 23872 shadow candidate(s), 195 rejection group(s)
Timings: account: 0.0s | risk: 0.2s | decide: 25.9s | watchlist: 0.0s | perf: 0.2s

=== Run at 2026-09-17T17:48:31.887128 ===
Build fingerprint: 4f68550affe5
Current time: 2026-09-17 01:48 PM EDT | Market open (per Alpaca): True | Session: REGULAR
Account value: $99,311.19
Cash: $99,311.19 | Holdings (0): none
Sector exposure (cached): unavailable (no holdings)
Fill reconciliation: {'filled': 0, 'partial': 0, 'rejected': 1}
Risk state: peak $99,703.60 | drawdown 0.39% | today +0.00% | halted: False
Market regime: NEUTRAL (position-size multiplier: 100% incl. circuit breaker 100%)
Overnight queue deferred 3 known-stale idea(s) for 30 minutes to preserve Gemini quota.
Morning verification: 4 overnight-queued trade(s) handed to Gemini for re-verification against fresh data.
News: fetched 158, 1 new after dedup, 0 ticker(s) matched.
Quant pre-screen: 21/60 candidates passed.
Gemini proposed 2 trade(s) meeting the conviction bar.
Gemini calls used today (all models combined): 291
  -> {"ticker": "HPE", "status": "skipped", "reason": "market data unavailable for HPE (bid/ask spread missing)", "shadow": false, "data_guard": true}
  -> {"ticker": "FTNT", "status": "skipped", "reason": "liquidity filter: FTNT average volume 174,163 < 500,000", "shadow": false, "data_guard": true}
Overnight queue kept 7 idea(s) whose market data was stale; they will be retried after fresh quotes arrive.
Dashboard watchlist synced (2 symbols) for news/headlines.
Ending portfolio value: $99,311.19
Trade journal: all: 19 trades, 21% win rate, avg -2.19% | breakout: 1 trades, 0% win rate, avg -8.61% | other: 13 trades, 23% win rate, avg -1.93% | technical: 5 trades, 20% win rate, avg -1.58%
Self-learning: breakout: 1 trades, 0% win rate, avg -8.61% (LOSING) | other: 13 trades, 23% win rate, avg -1.93% (LOSING) | technical: 5 trades, 20% win rate, avg -1.58% (LOSING)
Performance: Total return +0.45% | Max drawdown 0.94% | Daily Sharpe 1.61 | 19 closed trades | Win rate 21% | Avg winner +1.83% | Avg loser -3.26% | Open positions: 0 | Equity $99,311.19
Engine P&L: legacy/unknown: realized $-1,705.68 (19 closed, 21% wins), unrealized $+0.00 (0 open) | Books: legacy: realized $-1,705.68, unrealized $+0.00
Reports: daily realized $+0.00; worst symbols none | weekly realized $+0.00; worst symbols none
Shadow report: 23874 shadow candidate(s), 193 rejection group(s)
Timings: account: 0.0s | risk: 0.3s | decide: 7.6s | watchlist: 0.1s | perf: 0.4s

=== Run at 2026-09-17T17:50:33.487602 ===
Build fingerprint: 4f68550affe5
Current time: 2026-09-17 01:50 PM EDT | Market open (per Alpaca): True | Session: REGULAR
Account value: $99,311.19
Cash: $99,311.19 | Holdings (0): none
Sector exposure (cached): unavailable (no holdings)
Fill reconciliation: {'filled': 0, 'partial': 0, 'rejected': 1}
Risk state: peak $99,703.60 | drawdown 0.39% | today +0.00% | halted: False
Market regime: NEUTRAL (position-size multiplier: 100% incl. circuit breaker 100%)
Overnight queue deferred 3 known-stale idea(s) for 30 minutes to preserve Gemini quota.
Morning verification: 4 overnight-queued trade(s) handed to Gemini for re-verification against fresh data.
News: fetched 158, 3 new after dedup, 0 ticker(s) matched.
Quant pre-screen: 21/60 candidates passed.
Gemini proposed 2 trade(s) meeting the conviction bar.
Gemini calls used today (all models combined): 292
  -> {"ticker": "HPE", "status": "skipped", "reason": "market data unavailable for HPE (bid/ask spread missing)", "shadow": false, "data_guard": true}
  -> {"ticker": "DDOG", "status": "skipped", "reason": "liquidity filter: DDOG average volume 163,456 < 500,000", "shadow": false, "data_guard": true}
Overnight queue kept 7 idea(s) whose market data was stale; they will be retried after fresh quotes arrive.
Dashboard watchlist synced (2 symbols) for news/headlines.
Ending portfolio value: $99,311.19
Trade journal: all: 19 trades, 21% win rate, avg -2.19% | breakout: 1 trades, 0% win rate, avg -8.61% | other: 13 trades, 23% win rate, avg -1.93% | technical: 5 trades, 20% win rate, avg -1.58%
Self-learning: breakout: 1 trades, 0% win rate, avg -8.61% (LOSING) | other: 13 trades, 23% win rate, avg -1.93% (LOSING) | technical: 5 trades, 20% win rate, avg -1.58% (LOSING)
Performance: Total return +0.45% | Max drawdown 0.94% | Daily Sharpe 1.61 | 19 closed trades | Win rate 21% | Avg winner +1.83% | Avg loser -3.26% | Open positions: 0 | Equity $99,311.19
Engine P&L: legacy/unknown: realized $-1,705.68 (19 closed, 21% wins), unrealized $+0.00 (0 open) | Books: legacy: realized $-1,705.68, unrealized $+0.00
Reports: daily realized $+0.00; worst symbols none | weekly realized $+0.00; worst symbols none
Shadow report: 23876 shadow candidate(s), 191 rejection group(s)
Timings: account: 0.0s | risk: 0.4s | decide: 7.2s | watchlist: 0.1s | perf: 0.4s

=== Run at 2026-09-17T17:52:29.309915 ===
Build fingerprint: 4f68550affe5
Current time: 2026-09-17 01:52 PM EDT | Market open (per Alpaca): True | Session: REGULAR
Account value: $99,311.19
Cash: $99,311.19 | Holdings (0): none
Sector exposure (cached): unavailable (no holdings)
Fill reconciliation: {'filled': 0, 'partial': 0, 'rejected': 1}
Risk state: peak $99,703.60 | drawdown 0.39% | today +0.00% | halted: False
Market regime: NEUTRAL (position-size multiplier: 100% incl. circuit breaker 100%)
Overnight queue deferred 2 known-stale idea(s) for 30 minutes to preserve Gemini quota.
Morning verification: 5 overnight-queued trade(s) handed to Gemini for re-verification against fresh data.
News: fetched 158, 3 new after dedup, 0 ticker(s) matched.
Quant pre-screen: 21/60 candidates passed.
Gemini proposed 3 trade(s) meeting the conviction bar.
Gemini calls used today (all models combined): 293
  -> {"ticker": "HPE", "status": "skipped", "reason": "market data unavailable for HPE (bid/ask spread missing)", "shadow": false, "data_guard": true}
  -> {"ticker": "DDOG", "status": "skipped", "reason": "liquidity filter: DDOG average volume 163,502 < 500,000", "shadow": false, "data_guard": true}
  -> {"ticker": "FTNT", "status": "skipped", "reason": "stale quote for FTNT (212.97709s old; limit 180s)", "shadow": false, "data_guard": true}
Overnight queue kept 7 idea(s) whose market data was stale; they will be retried after fresh quotes arrive.
Dashboard watchlist synced (3 symbols) for news/headlines.
Ending portfolio value: $99,311.19
Trade journal: all: 19 trades, 21% win rate, avg -2.19% | breakout: 1 trades, 0% win rate, avg -8.61% | other: 13 trades, 23% win rate, avg -1.93% | technical: 5 trades, 20% win rate, avg -1.58%
Self-learning: breakout: 1 trades, 0% win rate, avg -8.61% (LOSING) | other: 13 trades, 23% win rate, avg -1.93% (LOSING) | technical: 5 trades, 20% win rate, avg -1.58% (LOSING)
Performance: Total return +0.45% | Max drawdown 0.94% | Daily Sharpe 1.61 | 19 closed trades | Win rate 21% | Avg winner +1.83% | Avg loser -3.26% | Open positions: 0 | Equity $99,311.19
Engine P&L: legacy/unknown: realized $-1,705.68 (19 closed, 21% wins), unrealized $+0.00 (0 open) | Books: legacy: realized $-1,705.68, unrealized $+0.00
Reports: daily realized $+0.00; worst symbols none | weekly realized $+0.00; worst symbols none
Shadow report: 23879 shadow candidate(s), 189 rejection group(s)
Timings: account: 0.0s | risk: 0.4s | decide: 8.4s | watchlist: 0.2s | perf: 0.4s

=== Run at 2026-09-17T17:54:59.371386 ===
=== Run at 2026-09-17T17:54:27.606294 ===
Build fingerprint: 4f68550affe5
Current time: 2026-09-17 01:54 PM EDT | Market open (per Alpaca): True | Session: REGULAR
Account value: $99,311.19
Cash: $99,311.19 | Holdings (0): none
Sector exposure (cached): unavailable (no holdings)
Fill reconciliation: {'filled': 0, 'partial': 0, 'rejected': 1}
Risk state: peak $99,703.60 | drawdown 0.39% | today +0.00% | halted: False
Market regime: NEUTRAL (position-size multiplier: 100% incl. circuit breaker 100%)
Overnight queue deferred 2 known-stale idea(s) for 30 minutes to preserve Gemini quota.
Morning verification: 5 overnight-queued trade(s) handed to Gemini for re-verification against fresh data.
News: fetched 158, 2 new after dedup, 0 ticker(s) matched.
Quant pre-screen: 21/60 candidates passed.
Gemini proposed 2 trade(s) meeting the conviction bar.
Gemini calls used today (all models combined): 294
  -> {"ticker": "HPE", "status": "skipped", "reason": "market data unavailable for HPE (bid/ask spread missing)", "shadow": false, "data_guard": true}
  -> {"ticker": "DDOG", "status": "skipped", "reason": "liquidity filter: DDOG average volume 163,650 < 500,000", "shadow": false, "data_guard": true}
Overnight queue kept 7 idea(s) whose market data was stale; they will be retried after fresh quotes arrive.
Dashboard watchlist synced (2 symbols) for news/headlines.
Gemini proposed 3 trade(s) meeting the conviction bar.
Gemini calls used today (all models combined): 294
  -> {"ticker": "HPE", "status": "skipped", "reason": "market data unavailable for HPE (bid/ask spread missing)", "shadow": false, "data_guard": true}
  -> {"ticker": "DDOG", "status": "skipped", "reason": "liquidity filter: DDOG average volume 163,646 < 500,000", "shadow": false, "data_guard": true}
  -> {"ticker": "FTNT", "status": "skipped", "reason": "stale quote for FTNT (328.305009s old; limit 180s)", "shadow": false, "data_guard": true}
Overnight queue kept 7 idea(s) whose market data was stale; they will be retried after fresh quotes arrive.
Dashboard watchlist synced (3 symbols) for news/headlines.
Ending portfolio value: $99,311.19
Trade journal: all: 19 trades, 21% win rate, avg -2.19% | breakout: 1 trades, 0% win rate, avg -8.61% | other: 13 trades, 23% win rate, avg -1.93% | technical: 5 trades, 20% win rate, avg -1.58%
Self-learning: breakout: 1 trades, 0% win rate, avg -8.61% (LOSING) | other: 13 trades, 23% win rate, avg -1.93% (LOSING) | technical: 5 trades, 20% win rate, avg -1.58% (LOSING)
Performance: Total return +0.45% | Max drawdown 0.94% | Daily Sharpe 1.61 | 19 closed trades | Win rate 21% | Avg winner +1.83% | Avg loser -3.26% | Open positions: 0 | Equity $99,311.19
Engine P&L: legacy/unknown: realized $-1,705.68 (19 closed, 21% wins), unrealized $+0.00 (0 open) | Books: legacy: realized $-1,705.68, unrealized $+0.00
Reports: daily realized $+0.00; worst symbols none | weekly realized $+0.00; worst symbols none
Shadow report: 23881 shadow candidate(s), 187 rejection group(s)
Timings: account: 0.0s | risk: 0.0s | decide: 8.1s | watchlist: 0.0s | perf: 0.3s
Shadow report: 23882 shadow candidate(s), 187 rejection group(s)
Timings: account: 0.0s | risk: 0.1s | decide: 6.4s | watchlist: 0.0s | perf: 0.3s

=== Run at 2026-09-17T17:56:28.829021 ===
Build fingerprint: 4f68550affe5
Current time: 2026-09-17 01:56 PM EDT | Market open (per Alpaca): True | Session: REGULAR
Account value: $99,311.19
Cash: $99,311.19 | Holdings (0): none
Sector exposure (cached): unavailable (no holdings)
Fill reconciliation: {'filled': 0, 'partial': 0, 'rejected': 1}
Risk state: peak $99,703.60 | drawdown 0.39% | today +0.00% | halted: False
Market regime: NEUTRAL (position-size multiplier: 100% incl. circuit breaker 100%)
Overnight queue deferred 2 known-stale idea(s) for 30 minutes to preserve Gemini quota.
Morning verification: 5 overnight-queued trade(s) handed to Gemini for re-verification against fresh data.
News: fetched 157, 3 new after dedup, 0 ticker(s) matched.
Quant pre-screen: 21/60 candidates passed.
Gemini proposed 3 trade(s) meeting the conviction bar.
Gemini calls used today (all models combined): 295
  -> {"ticker": "HPE", "status": "skipped", "reason": "market data unavailable for HPE (bid/ask spread missing)", "shadow": false, "data_guard": true}
  -> {"ticker": "DDOG", "status": "skipped", "reason": "liquidity filter: DDOG average volume 163,737 < 500,000", "shadow": false, "data_guard": true}
  -> {"ticker": "FTNT", "status": "skipped", "reason": "liquidity filter: FTNT average volume 174,237 < 500,000", "shadow": false, "data_guard": true}
Overnight queue kept 7 idea(s) whose market data was stale; they will be retried after fresh quotes arrive.
Dashboard watchlist synced (3 symbols) for news/headlines.
Ending portfolio value: $99,311.19
Trade journal: all: 19 trades, 21% win rate, avg -2.19% | breakout: 1 trades, 0% win rate, avg -8.61% | other: 13 trades, 23% win rate, avg -1.93% | technical: 5 trades, 20% win rate, avg -1.58%
Self-learning: breakout: 1 trades, 0% win rate, avg -8.61% (LOSING) | other: 13 trades, 23% win rate, avg -1.93% (LOSING) | technical: 5 trades, 20% win rate, avg -1.58% (LOSING)
Performance: Total return +0.45% | Max drawdown 0.94% | Daily Sharpe 1.61 | 19 closed trades | Win rate 21% | Avg winner +1.83% | Avg loser -3.26% | Open positions: 0 | Equity $99,311.19
Engine P&L: legacy/unknown: realized $-1,705.68 (19 closed, 21% wins), unrealized $+0.00 (0 open) | Books: legacy: realized $-1,705.68, unrealized $+0.00
Reports: daily realized $+0.00; worst symbols none | weekly realized $+0.00; worst symbols none
Shadow report: 23884 shadow candidate(s), 184 rejection group(s)
Timings: account: 0.0s | risk: 0.1s | decide: 6.0s | watchlist: 0.1s | perf: 0.2s

=== Run at 2026-09-17T17:58:37.110142 ===
Build fingerprint: 4f68550affe5
Current time: 2026-09-17 01:58 PM EDT | Market open (per Alpaca): True | Session: REGULAR
Account value: $99,311.19
Cash: $99,311.19 | Holdings (0): none
Sector exposure (cached): unavailable (no holdings)
Fill reconciliation: {'filled': 0, 'partial': 0, 'rejected': 1}
Risk state: peak $99,703.60 | drawdown 0.39% | today +0.00% | halted: False
Market regime: NEUTRAL (position-size multiplier: 100% incl. circuit breaker 100%)
Overnight queue deferred 2 known-stale idea(s) for 30 minutes to preserve Gemini quota.
Morning verification: 5 overnight-queued trade(s) handed to Gemini for re-verification against fresh data.
News: fetched 157, 1 new after dedup, 0 ticker(s) matched.
Quant pre-screen: 21/60 candidates passed.
Technical fallback (Gemini throttled/unavailable) proposed 6 trade(s) meeting the conviction bar.
Gemini calls used today (all models combined): 295
  -> {"ticker": "HPE", "status": "skipped", "reason": "market data unavailable for HPE (bid/ask spread missing)", "shadow": false, "data_guard": true}
  -> {"ticker": "FTNT", "status": "skipped", "reason": "liquidity filter: FTNT average volume 174,254 < 500,000", "shadow": false, "data_guard": true}
  -> {"ticker": "GEN", "status": "skipped", "reason": "liquidity filter: GEN average volume 394,281 < 500,000", "shadow": false, "data_guard": true}
  -> {"ticker": "GILD", "status": "skipped", "reason": "stale quote for GILD (183.598455s old; limit 180s)", "shadow": false, "data_guard": true}
  -> {"ticker": "GM", "status": "skipped", "reason": "liquidity filter: GM average volume 190,293 < 500,000", "shadow": false, "data_guard": true}
  -> {"ticker": "HCA", "status": "skipped", "reason": "liquidity filter: HCA average volume 68,294 < 500,000", "shadow": false, "data_guard": true}
Overnight queue KEPT for next run (Gemini did not verify this round -- technical fallback or decision failure); 5 idea(s) remain subject to the retry cap.
Run budget reserve reached -- skipping dashboard watchlist sync.
Run budget reserve reached -- skipping performance snapshot.
Trade journal: all: 19 trades, 21% win rate, avg -2.19% | breakout: 1 trades, 0% win rate, avg -8.61% | other: 13 trades, 23% win rate, avg -1.93% | technical: 5 trades, 20% win rate, avg -1.58%
Self-learning: breakout: 1 trades, 0% win rate, avg -8.61% (LOSING) | other: 13 trades, 23% win rate, avg -1.93% (LOSING) | technical: 5 trades, 20% win rate, avg -1.58% (LOSING)
Performance: Total return +0.45% | Max drawdown 0.94% | Daily Sharpe 1.61 | 19 closed trades | Win rate 21% | Avg winner +1.83% | Avg loser -3.26% | Open positions: 0 | Equity $99,311.19
Engine P&L: legacy/unknown: realized $-1,705.68 (19 closed, 21% wins), unrealized $+0.00 (0 open) | Books: legacy: realized $-1,705.68, unrealized $+0.00
Reports: daily realized $+0.00; worst symbols none | weekly realized $+0.00; worst symbols none
Shadow report: 23890 shadow candidate(s), 179 rejection group(s)
Timings: account: 0.0s | risk: 0.3s | decide: 34.8s | watchlist: 0.0s | perf: 0.1s

=== Run at 2026-09-17T18:00:35.187812 ===
Build fingerprint: 4f68550affe5
Current time: 2026-09-17 02:00 PM EDT | Market open (per Alpaca): True | Session: REGULAR
Account value: $99,311.19
Cash: $99,311.19 | Holdings (0): none
Sector exposure (cached): unavailable (no holdings)
Fill reconciliation: {'filled': 0, 'partial': 0, 'rejected': 1}
Risk state: peak $99,703.60 | drawdown 0.39% | today +0.00% | halted: False
Market regime: NEUTRAL (position-size multiplier: 100% incl. circuit breaker 100%)
Overnight queue deferred 2 known-stale idea(s) for 30 minutes to preserve Gemini quota.
Morning verification: 5 overnight-queued trade(s) handed to Gemini for re-verification against fresh data.
News: fetched 157, 1 new after dedup, 0 ticker(s) matched.
Quant pre-screen: 5/8 candidates passed.
Gemini proposed 2 trade(s) meeting the conviction bar.
Gemini calls used today (all models combined): 296
  -> {"ticker": "HPE", "status": "skipped", "reason": "market data unavailable for HPE (bid/ask spread missing)", "shadow": false, "data_guard": true}
  -> {"ticker": "DDOG", "status": "skipped", "reason": "liquidity filter: DDOG average volume 163,786 < 500,000", "shadow": false, "data_guard": true}
Overnight queue kept 7 idea(s) whose market data was stale; they will be retried after fresh quotes arrive.
Dashboard watchlist synced (2 symbols) for news/headlines.
Ending portfolio value: $99,311.19
Trade journal: all: 19 trades, 21% win rate, avg -2.19% | breakout: 1 trades, 0% win rate, avg -8.61% | other: 13 trades, 23% win rate, avg -1.93% | technical: 5 trades, 20% win rate, avg -1.58%
Self-learning: breakout: 1 trades, 0% win rate, avg -8.61% (LOSING) | other: 13 trades, 23% win rate, avg -1.93% (LOSING) | technical: 5 trades, 20% win rate, avg -1.58% (LOSING)
Performance: Total return +0.45% | Max drawdown 0.94% | Daily Sharpe 1.61 | 19 closed trades | Win rate 21% | Avg winner +1.83% | Avg loser -3.26% | Open positions: 0 | Equity $99,311.19
Engine P&L: legacy/unknown: realized $-1,705.68 (19 closed, 21% wins), unrealized $+0.00 (0 open) | Books: legacy: realized $-1,705.68, unrealized $+0.00
Reports: daily realized $+0.00; worst symbols none | weekly realized $+0.00; worst symbols none
Shadow report: 23892 shadow candidate(s), 177 rejection group(s)
Timings: account: 0.0s | risk: 0.2s | decide: 16.4s | watchlist: 0.1s | perf: 0.3s

=== Run at 2026-09-17T18:02:28.670589 ===
Build fingerprint: 4f68550affe5
Current time: 2026-09-17 02:02 PM EDT | Market open (per Alpaca): True | Session: REGULAR
Account value: $99,311.19
Cash: $99,311.19 | Holdings (0): none
Sector exposure (cached): unavailable (no holdings)
Fill reconciliation: {'filled': 0, 'partial': 0, 'rejected': 1}
Risk state: peak $99,703.60 | drawdown 0.39% | today +0.00% | halted: False
Market regime: NEUTRAL (position-size multiplier: 100% incl. circuit breaker 100%)
Overnight queue deferred 2 known-stale idea(s) for 30 minutes to preserve Gemini quota.
Morning verification: 5 overnight-queued trade(s) handed to Gemini for re-verification against fresh data.
News: fetched 157, 6 new after dedup, 0 ticker(s) matched.
Quant pre-screen: 9/20 candidates passed.
Technical fallback (Gemini throttled/unavailable) proposed 3 trade(s) meeting the conviction bar.
Gemini calls used today (all models combined): 296
  -> {"ticker": "HPE", "status": "skipped", "reason": "market data unavailable for HPE (bid/ask spread missing)", "shadow": false, "data_guard": true}
  -> {"ticker": "FTNT", "status": "skipped", "reason": "liquidity filter: FTNT average volume 174,331 < 500,000", "shadow": false, "data_guard": true}
  -> {"ticker": "EXPD", "status": "skipped", "reason": "liquidity filter: EXPD average volume 37,897 < 500,000", "shadow": false, "data_guard": true}
Overnight queue KEPT for next run (Gemini did not verify this round -- technical fallback or decision failure); 5 idea(s) remain subject to the retry cap.
Run budget reserve reached -- skipping dashboard watchlist sync.
Run budget reserve reached -- skipping performance snapshot.
Trade journal: all: 19 trades, 21% win rate, avg -2.19% | breakout: 1 trades, 0% win rate, avg -8.61% | other: 13 trades, 23% win rate, avg -1.93% | technical: 5 trades, 20% win rate, avg -1.58%
Self-learning: breakout: 1 trades, 0% win rate, avg -8.61% (LOSING) | other: 13 trades, 23% win rate, avg -1.93% (LOSING) | technical: 5 trades, 20% win rate, avg -1.58% (LOSING)
Performance: Total return +0.45% | Max drawdown 0.94% | Daily Sharpe 1.61 | 19 closed trades | Win rate 21% | Avg winner +1.83% | Avg loser -3.26% | Open positions: 0 | Equity $99,311.19
Engine P&L: legacy/unknown: realized $-1,705.68 (19 closed, 21% wins), unrealized $+0.00 (0 open) | Books: legacy: realized $-1,705.68, unrealized $+0.00
Reports: daily realized $+0.00; worst symbols none | weekly realized $+0.00; worst symbols none
Shadow report: 23895 shadow candidate(s), 174 rejection group(s)
Timings: account: 0.0s | risk: 0.1s | decide: 25.7s | watchlist: 0.0s | perf: 0.2s

=== Run at 2026-09-17T18:04:33.268615 ===
Build fingerprint: 4f68550affe5
Current time: 2026-09-17 02:04 PM EDT | Market open (per Alpaca): True | Session: REGULAR
Account value: $99,311.19
Cash: $99,311.19 | Holdings (0): none
Sector exposure (cached): unavailable (no holdings)
Fill reconciliation: {'filled': 0, 'partial': 0, 'rejected': 1}
Risk state: peak $99,703.60 | drawdown 0.39% | today +0.00% | halted: False
Market regime: NEUTRAL (position-size multiplier: 100% incl. circuit breaker 100%)
Overnight queue deferred 2 known-stale idea(s) for 30 minutes to preserve Gemini quota.
Morning verification: 5 overnight-queued trade(s) handed to Gemini for re-verification against fresh data.
News: fetched 157, 1 new after dedup, 0 ticker(s) matched.
Quant pre-screen: 10/32 candidates passed.
Gemini proposed 2 trade(s) meeting the conviction bar.
Gemini calls used today (all models combined): 297
  -> {"ticker": "HPE", "status": "skipped", "reason": "market data unavailable for HPE (bid/ask spread missing)", "shadow": false, "data_guard": true}
  -> {"ticker": "DDOG", "status": "skipped", "reason": "liquidity filter: DDOG average volume 163,825 < 500,000", "shadow": false, "data_guard": true}
Overnight queue kept 7 idea(s) whose market data was stale; they will be retried after fresh quotes arrive.
Dashboard watchlist synced (2 symbols) for news/headlines.
Ending portfolio value: $99,311.19
Trade journal: all: 19 trades, 21% win rate, avg -2.19% | breakout: 1 trades, 0% win rate, avg -8.61% | other: 13 trades, 23% win rate, avg -1.93% | technical: 5 trades, 20% win rate, avg -1.58%
Self-learning: breakout: 1 trades, 0% win rate, avg -8.61% (LOSING) | other: 13 trades, 23% win rate, avg -1.93% (LOSING) | technical: 5 trades, 20% win rate, avg -1.58% (LOSING)
Performance: Total return +0.45% | Max drawdown 0.94% | Daily Sharpe 1.61 | 19 closed trades | Win rate 21% | Avg winner +1.83% | Avg loser -3.26% | Open positions: 0 | Equity $99,311.19
Engine P&L: legacy/unknown: realized $-1,705.68 (19 closed, 21% wins), unrealized $+0.00 (0 open) | Books: legacy: realized $-1,705.68, unrealized $+0.00
Reports: daily realized $+0.00; worst symbols none | weekly realized $+0.00; worst symbols none
Shadow report: 23897 shadow candidate(s), 172 rejection group(s)
Timings: account: 0.0s | risk: 0.0s | decide: 6.2s | watchlist: 0.0s | perf: 0.3s

=== Run at 2026-09-17T18:06:26.009390 ===
Build fingerprint: 4f68550affe5
Current time: 2026-09-17 02:06 PM EDT | Market open (per Alpaca): True | Session: REGULAR
Account value: $99,311.19
Cash: $99,311.19 | Holdings (0): none
Sector exposure (cached): unavailable (no holdings)
Fill reconciliation: {'filled': 0, 'partial': 0, 'rejected': 1}
Risk state: peak $99,703.60 | drawdown 0.39% | today +0.00% | halted: False
Market regime: NEUTRAL (position-size multiplier: 100% incl. circuit breaker 100%)
Overnight queue deferred 2 known-stale idea(s) for 30 minutes to preserve Gemini quota.
Morning verification: 5 overnight-queued trade(s) handed to Gemini for re-verification against fresh data.
News: fetched 157, 2 new after dedup, 0 ticker(s) matched.
Quant pre-screen: 14/44 candidates passed.
Gemini proposed 2 trade(s) meeting the conviction bar.
Gemini calls used today (all models combined): 298
  -> {"ticker": "HPE", "status": "skipped", "reason": "market data unavailable for HPE (bid/ask spread missing)", "shadow": false, "data_guard": true}
  -> {"ticker": "DDOG", "status": "skipped", "reason": "liquidity filter: DDOG average volume 163,838 < 500,000", "shadow": false, "data_guard": true}
Overnight queue kept 7 idea(s) whose market data was stale; they will be retried after fresh quotes arrive.
Dashboard watchlist synced (2 symbols) for news/headlines.
Ending portfolio value: $99,311.19
Trade journal: all: 19 trades, 21% win rate, avg -2.19% | breakout: 1 trades, 0% win rate, avg -8.61% | other: 13 trades, 23% win rate, avg -1.93% | technical: 5 trades, 20% win rate, avg -1.58%
Self-learning: breakout: 1 trades, 0% win rate, avg -8.61% (LOSING) | other: 13 trades, 23% win rate, avg -1.93% (LOSING) | technical: 5 trades, 20% win rate, avg -1.58% (LOSING)
Performance: Total return +0.45% | Max drawdown 0.94% | Daily Sharpe 1.61 | 19 closed trades | Win rate 21% | Avg winner +1.83% | Avg loser -3.26% | Open positions: 0 | Equity $99,311.19
Engine P&L: legacy/unknown: realized $-1,705.68 (19 closed, 21% wins), unrealized $+0.00 (0 open) | Books: legacy: realized $-1,705.68, unrealized $+0.00
Reports: daily realized $+0.00; worst symbols none | weekly realized $+0.00; worst symbols none
Shadow report: 23899 shadow candidate(s), 170 rejection group(s)
Timings: account: 0.0s | risk: 0.1s | decide: 9.0s | watchlist: 0.0s | perf: 0.3s

=== Run at 2026-09-17T18:08:37.728343 ===
Build fingerprint: 4f68550affe5
Current time: 2026-09-17 02:08 PM EDT | Market open (per Alpaca): True | Session: REGULAR
Account value: $99,311.19
Cash: $99,311.19 | Holdings (0): none
Sector exposure (cached): unavailable (no holdings)
Fill reconciliation: {'filled': 0, 'partial': 0, 'rejected': 1}
Risk state: peak $99,703.60 | drawdown 0.39% | today +0.00% | halted: False
Market regime: NEUTRAL (position-size multiplier: 100% incl. circuit breaker 100%)
Overnight queue deferred 2 known-stale idea(s) for 30 minutes to preserve Gemini quota.
Morning verification: 5 overnight-queued trade(s) handed to Gemini for re-verification against fresh data.
News: fetched 157, 2 new after dedup, 0 ticker(s) matched.
Quant pre-screen: 19/56 candidates passed.
Gemini proposed 3 trade(s) meeting the conviction bar.
Gemini calls used today (all models combined): 299
  -> {"ticker": "HPE", "status": "skipped", "reason": "market data unavailable for HPE (bid/ask spread missing)", "shadow": false, "data_guard": true}
  -> {"ticker": "DDOG", "status": "skipped", "reason": "liquidity filter: DDOG average volume 163,850 < 500,000", "shadow": false, "data_guard": true}
  -> {"ticker": "HCA", "status": "skipped", "reason": "liquidity filter: HCA average volume 68,355 < 500,000", "shadow": false, "data_guard": true}
Overnight queue kept 7 idea(s) whose market data was stale; they will be retried after fresh quotes arrive.
Dashboard watchlist synced (3 symbols) for news/headlines.
Ending portfolio value: $99,311.19
Trade journal: all: 19 trades, 21% win rate, avg -2.19% | breakout: 1 trades, 0% win rate, avg -8.61% | other: 13 trades, 23% win rate, avg -1.93% | technical: 5 trades, 20% win rate, avg -1.58%
Self-learning: breakout: 1 trades, 0% win rate, avg -8.61% (LOSING) | other: 13 trades, 23% win rate, avg -1.93% (LOSING) | technical: 5 trades, 20% win rate, avg -1.58% (LOSING)
Performance: Total return +0.45% | Max drawdown 0.94% | Daily Sharpe 1.61 | 19 closed trades | Win rate 21% | Avg winner +1.83% | Avg loser -3.26% | Open positions: 0 | Equity $99,311.19
Engine P&L: legacy/unknown: realized $-1,705.68 (19 closed, 21% wins), unrealized $+0.00 (0 open) | Books: legacy: realized $-1,705.68, unrealized $+0.00
Reports: daily realized $+0.00; worst symbols none | weekly realized $+0.00; worst symbols none
Shadow report: 23902 shadow candidate(s), 167 rejection group(s)
Timings: account: 0.0s | risk: 0.2s | decide: 21.1s | watchlist: 0.1s | perf: 0.3s

=== Run at 2026-09-17T18:10:38.682577 ===
Build fingerprint: 4f68550affe5
Current time: 2026-09-17 02:10 PM EDT | Market open (per Alpaca): True | Session: REGULAR
Account value: $99,311.19
Cash: $99,311.19 | Holdings (0): none
Sector exposure (cached): unavailable (no holdings)
Fill reconciliation: {'filled': 0, 'partial': 0, 'rejected': 1}
Risk state: peak $99,703.60 | drawdown 0.39% | today +0.00% | halted: False
Market regime: NEUTRAL (position-size multiplier: 100% incl. circuit breaker 100%)
Overnight queue deferred 2 known-stale idea(s) for 30 minutes to preserve Gemini quota.
Morning verification: 5 overnight-queued trade(s) handed to Gemini for re-verification against fresh data.
News: fetched 157, 2 new after dedup, 0 ticker(s) matched.
Quant pre-screen: 19/60 candidates passed.
Gemini proposed 2 trade(s) meeting the conviction bar.
Gemini calls used today (all models combined): 300
  -> {"ticker": "HPE", "status": "skipped", "reason": "market data unavailable for HPE (bid/ask spread missing)", "shadow": false, "data_guard": true}
  -> {"ticker": "DDOG", "status": "skipped", "reason": "liquidity filter: DDOG average volume 163,883 < 500,000", "shadow": false, "data_guard": true}
Overnight queue kept 7 idea(s) whose market data was stale; they will be retried after fresh quotes arrive.
Dashboard watchlist synced (2 symbols) for news/headlines.
Ending portfolio value: $99,311.19
Trade journal: all: 19 trades, 21% win rate, avg -2.19% | breakout: 1 trades, 0% win rate, avg -8.61% | other: 13 trades, 23% win rate, avg -1.93% | technical: 5 trades, 20% win rate, avg -1.58%
Self-learning: breakout: 1 trades, 0% win rate, avg -8.61% (LOSING) | other: 13 trades, 23% win rate, avg -1.93% (LOSING) | technical: 5 trades, 20% win rate, avg -1.58% (LOSING)
Performance: Total return +0.45% | Max drawdown 0.94% | Daily Sharpe 1.61 | 19 closed trades | Win rate 21% | Avg winner +1.83% | Avg loser -3.26% | Open positions: 0 | Equity $99,311.19
Engine P&L: legacy/unknown: realized $-1,705.68 (19 closed, 21% wins), unrealized $+0.00 (0 open) | Books: legacy: realized $-1,705.68, unrealized $+0.00
Reports: daily realized $+0.00; worst symbols none | weekly realized $+0.00; worst symbols none
Shadow report: 23904 shadow candidate(s), 165 rejection group(s)
Timings: account: 0.0s | risk: 0.4s | decide: 8.6s | watchlist: 0.1s | perf: 0.4s

=== Run at 2026-09-17T18:12:29.670009 ===
Build fingerprint: 4f68550affe5
Current time: 2026-09-17 02:12 PM EDT | Market open (per Alpaca): True | Session: REGULAR
Account value: $99,311.19
Cash: $99,311.19 | Holdings (0): none
Sector exposure (cached): unavailable (no holdings)
Fill reconciliation: {'filled': 0, 'partial': 0, 'rejected': 1}
Risk state: peak $99,703.60 | drawdown 0.39% | today +0.00% | halted: False
Market regime: NEUTRAL (position-size multiplier: 100% incl. circuit breaker 100%)
Overnight queue deferred 2 known-stale idea(s) for 30 minutes to preserve Gemini quota.
Morning verification: 5 overnight-queued trade(s) handed to Gemini for re-verification against fresh data.
News: fetched 157, 4 new after dedup, 0 ticker(s) matched.
Quant pre-screen: 19/60 candidates passed.
Gemini proposed 1 trade(s) meeting the conviction bar.
Gemini calls used today (all models combined): 301
  -> {"ticker": "HPE", "status": "skipped", "reason": "market data unavailable for HPE (bid/ask spread missing)", "shadow": false, "data_guard": true}
Overnight queue kept 7 idea(s) whose market data was stale; they will be retried after fresh quotes arrive.
Dashboard watchlist synced (1 symbols) for news/headlines.
Ending portfolio value: $99,311.19
Trade journal: all: 19 trades, 21% win rate, avg -2.19% | breakout: 1 trades, 0% win rate, avg -8.61% | other: 13 trades, 23% win rate, avg -1.93% | technical: 5 trades, 20% win rate, avg -1.58%
Self-learning: breakout: 1 trades, 0% win rate, avg -8.61% (LOSING) | other: 13 trades, 23% win rate, avg -1.93% (LOSING) | technical: 5 trades, 20% win rate, avg -1.58% (LOSING)
Performance: Total return +0.45% | Max drawdown 0.94% | Daily Sharpe 1.61 | 19 closed trades | Win rate 21% | Avg winner +1.83% | Avg loser -3.26% | Open positions: 0 | Equity $99,311.19
Engine P&L: legacy/unknown: realized $-1,705.68 (19 closed, 21% wins), unrealized $+0.00 (0 open) | Books: legacy: realized $-1,705.68, unrealized $+0.00
Reports: daily realized $+0.00; worst symbols none | weekly realized $+0.00; worst symbols none
Shadow report: 23905 shadow candidate(s), 164 rejection group(s)
Timings: account: 0.0s | risk: 0.2s | decide: 5.4s | watchlist: 0.1s | perf: 0.3s

=== Run at 2026-09-17T18:14:27.983689 ===
Build fingerprint: 4f68550affe5
Current time: 2026-09-17 02:14 PM EDT | Market open (per Alpaca): True | Session: REGULAR
Account value: $99,311.19
Cash: $99,311.19 | Holdings (0): none
Sector exposure (cached): unavailable (no holdings)
Fill reconciliation: {'filled': 0, 'partial': 0, 'rejected': 1}
Risk state: peak $99,703.60 | drawdown 0.39% | today +0.00% | halted: False
Market regime: NEUTRAL (position-size multiplier: 100% incl. circuit breaker 100%)
Overnight queue deferred 2 known-stale idea(s) for 30 minutes to preserve Gemini quota.
Morning verification: 5 overnight-queued trade(s) handed to Gemini for re-verification against fresh data.
News: fetched 157, 2 new after dedup, 0 ticker(s) matched.
Quant pre-screen: 19/60 candidates passed.
Gemini proposed 2 trade(s) meeting the conviction bar.
Gemini calls used today (all models combined): 302
  -> {"ticker": "HPE", "status": "skipped", "reason": "market data unavailable for HPE (bid/ask spread missing)", "shadow": false, "data_guard": true}
  -> {"ticker": "DDOG", "status": "skipped", "reason": "liquidity filter: DDOG average volume 163,959 < 500,000", "shadow": false, "data_guard": true}
Overnight queue kept 7 idea(s) whose market data was stale; they will be retried after fresh quotes arrive.
Dashboard watchlist synced (2 symbols) for news/headlines.
Ending portfolio value: $99,311.19
Trade journal: all: 19 trades, 21% win rate, avg -2.19% | breakout: 1 trades, 0% win rate, avg -8.61% | other: 13 trades, 23% win rate, avg -1.93% | technical: 5 trades, 20% win rate, avg -1.58%
Self-learning: breakout: 1 trades, 0% win rate, avg -8.61% (LOSING) | other: 13 trades, 23% win rate, avg -1.93% (LOSING) | technical: 5 trades, 20% win rate, avg -1.58% (LOSING)
Performance: Total return +0.45% | Max drawdown 0.94% | Daily Sharpe 1.61 | 19 closed trades | Win rate 21% | Avg winner +1.83% | Avg loser -3.26% | Open positions: 0 | Equity $99,311.19
Engine P&L: legacy/unknown: realized $-1,705.68 (19 closed, 21% wins), unrealized $+0.00 (0 open) | Books: legacy: realized $-1,705.68, unrealized $+0.00
Reports: daily realized $+0.00; worst symbols none | weekly realized $+0.00; worst symbols none
Shadow report: 23907 shadow candidate(s), 162 rejection group(s)
Timings: account: 0.0s | risk: 0.1s | decide: 4.3s | watchlist: 0.0s | perf: 0.3s

=== Run at 2026-09-17T18:16:35.425428 ===
Build fingerprint: 4f68550affe5
Current time: 2026-09-17 02:16 PM EDT | Market open (per Alpaca): True | Session: REGULAR
Account value: $99,311.19
Cash: $99,311.19 | Holdings (0): none
Sector exposure (cached): unavailable (no holdings)
Fill reconciliation: {'filled': 0, 'partial': 0, 'rejected': 1}
Risk state: peak $99,703.60 | drawdown 0.39% | today +0.00% | halted: False
Market regime: NEUTRAL (position-size multiplier: 100% incl. circuit breaker 100%)
Overnight queue deferred 2 known-stale idea(s) for 30 minutes to preserve Gemini quota.
Morning verification: 5 overnight-queued trade(s) handed to Gemini for re-verification against fresh data.
News: fetched 157, 0 new after dedup, 0 ticker(s) matched.
Quant pre-screen: 19/60 candidates passed.
Gemini proposed 2 trade(s) meeting the conviction bar.
Gemini calls used today (all models combined): 303
  -> {"ticker": "HPE", "status": "skipped", "reason": "market data unavailable for HPE (bid/ask spread missing)", "shadow": false, "data_guard": true}
  -> {"ticker": "DDOG", "status": "skipped", "reason": "liquidity filter: DDOG average volume 163,987 < 500,000", "shadow": false, "data_guard": true}
Overnight queue kept 7 idea(s) whose market data was stale; they will be retried after fresh quotes arrive.
Dashboard watchlist synced (2 symbols) for news/headlines.
Ending portfolio value: $99,311.19
Trade journal: all: 19 trades, 21% win rate, avg -2.19% | breakout: 1 trades, 0% win rate, avg -8.61% | other: 13 trades, 23% win rate, avg -1.93% | technical: 5 trades, 20% win rate, avg -1.58%
Self-learning: breakout: 1 trades, 0% win rate, avg -8.61% (LOSING) | other: 13 trades, 23% win rate, avg -1.93% (LOSING) | technical: 5 trades, 20% win rate, avg -1.58% (LOSING)
Performance: Total return +0.45% | Max drawdown 0.94% | Daily Sharpe 1.61 | 19 closed trades | Win rate 21% | Avg winner +1.83% | Avg loser -3.26% | Open positions: 0 | Equity $99,311.19
Engine P&L: legacy/unknown: realized $-1,705.68 (19 closed, 21% wins), unrealized $+0.00 (0 open) | Books: legacy: realized $-1,705.68, unrealized $+0.00
Reports: daily realized $+0.00; worst symbols none | weekly realized $+0.00; worst symbols none
Shadow report: 23909 shadow candidate(s), 160 rejection group(s)
Timings: account: 0.0s | risk: 0.2s | decide: 8.7s | watchlist: 0.1s | perf: 0.2s

=== Run at 2026-09-17T18:18:27.701324 ===
Build fingerprint: 4f68550affe5
Current time: 2026-09-17 02:18 PM EDT | Market open (per Alpaca): True | Session: REGULAR
Account value: $99,311.19
Cash: $99,311.19 | Holdings (0): none
Sector exposure (cached): unavailable (no holdings)
Fill reconciliation: {'filled': 0, 'partial': 0, 'rejected': 1}
Risk state: peak $99,703.60 | drawdown 0.39% | today +0.00% | halted: False
Market regime: NEUTRAL (position-size multiplier: 100% incl. circuit breaker 100%)
Overnight queue deferred 2 known-stale idea(s) for 30 minutes to preserve Gemini quota.
Morning verification: 5 overnight-queued trade(s) handed to Gemini for re-verification against fresh data.
News: fetched 157, 2 new after dedup, 0 ticker(s) matched.
Quant pre-screen: 19/60 candidates passed.
Gemini proposed 3 trade(s) meeting the conviction bar.
Gemini calls used today (all models combined): 304
  -> {"ticker": "HPE", "status": "skipped", "reason": "market data unavailable for HPE (bid/ask spread missing)", "shadow": false, "data_guard": true}
  -> {"ticker": "DDOG", "status": "skipped", "reason": "liquidity filter: DDOG average volume 164,007 < 500,000", "shadow": false, "data_guard": true}
  -> {"ticker": "HCA", "status": "skipped", "reason": "liquidity filter: HCA average volume 68,446 < 500,000", "shadow": false, "data_guard": true}
Overnight queue kept 7 idea(s) whose market data was stale; they will be retried after fresh quotes arrive.
Dashboard watchlist synced (3 symbols) for news/headlines.
Ending portfolio value: $99,311.19
Trade journal: all: 19 trades, 21% win rate, avg -2.19% | breakout: 1 trades, 0% win rate, avg -8.61% | other: 13 trades, 23% win rate, avg -1.93% | technical: 5 trades, 20% win rate, avg -1.58%
Self-learning: breakout: 1 trades, 0% win rate, avg -8.61% (LOSING) | other: 13 trades, 23% win rate, avg -1.93% (LOSING) | technical: 5 trades, 20% win rate, avg -1.58% (LOSING)
Performance: Total return +0.45% | Max drawdown 0.94% | Daily Sharpe 1.61 | 19 closed trades | Win rate 21% | Avg winner +1.83% | Avg loser -3.26% | Open positions: 0 | Equity $99,311.19
Engine P&L: legacy/unknown: realized $-1,705.68 (19 closed, 21% wins), unrealized $+0.00 (0 open) | Books: legacy: realized $-1,705.68, unrealized $+0.00
Reports: daily realized $+0.00; worst symbols none | weekly realized $+0.00; worst symbols none
Shadow report: 23912 shadow candidate(s), 157 rejection group(s)
Timings: account: 0.0s | risk: 0.0s | decide: 3.3s | watchlist: 0.0s | perf: 0.3s

=== Run at 2026-09-17T18:20:32.868673 ===
Build fingerprint: 4f68550affe5
Current time: 2026-09-17 02:20 PM EDT | Market open (per Alpaca): True | Session: REGULAR
Account value: $99,311.19
Cash: $99,311.19 | Holdings (0): none
Sector exposure (cached): unavailable (no holdings)
Fill reconciliation: {'filled': 0, 'partial': 0, 'rejected': 1}
Risk state: peak $99,703.60 | drawdown 0.39% | today +0.00% | halted: False
Market regime: NEUTRAL (position-size multiplier: 100% incl. circuit breaker 100%)
Overnight queue deferred 2 known-stale idea(s) for 30 minutes to preserve Gemini quota.
Morning verification: 5 overnight-queued trade(s) handed to Gemini for re-verification against fresh data.
News: fetched 157, 0 new after dedup, 0 ticker(s) matched.
Quant pre-screen: 19/60 candidates passed.
Gemini proposed 2 trade(s) meeting the conviction bar.
Gemini calls used today (all models combined): 305
  -> {"ticker": "HPE", "status": "skipped", "reason": "market data unavailable for HPE (bid/ask spread missing)", "shadow": false, "data_guard": true}
  -> {"ticker": "DDOG", "status": "skipped", "reason": "liquidity filter: DDOG average volume 164,044 < 500,000", "shadow": false, "data_guard": true}
Overnight queue kept 7 idea(s) whose market data was stale; they will be retried after fresh quotes arrive.
Dashboard watchlist synced (2 symbols) for news/headlines.
Ending portfolio value: $99,311.19
Trade journal: all: 19 trades, 21% win rate, avg -2.19% | breakout: 1 trades, 0% win rate, avg -8.61% | other: 13 trades, 23% win rate, avg -1.93% | technical: 5 trades, 20% win rate, avg -1.58%
Self-learning: breakout: 1 trades, 0% win rate, avg -8.61% (LOSING) | other: 13 trades, 23% win rate, avg -1.93% (LOSING) | technical: 5 trades, 20% win rate, avg -1.58% (LOSING)
Performance: Total return +0.45% | Max drawdown 0.94% | Daily Sharpe 1.61 | 19 closed trades | Win rate 21% | Avg winner +1.83% | Avg loser -3.26% | Open positions: 0 | Equity $99,311.19
Engine P&L: legacy/unknown: realized $-1,705.68 (19 closed, 21% wins), unrealized $+0.00 (0 open) | Books: legacy: realized $-1,705.68, unrealized $+0.00
Reports: daily realized $+0.00; worst symbols none | weekly realized $+0.00; worst symbols none
Shadow report: 23914 shadow candidate(s), 155 rejection group(s)
Timings: account: 0.0s | risk: 0.0s | decide: 13.8s | watchlist: 0.0s | perf: 0.3s

=== Run at 2026-09-17T18:22:26.448034 ===
Build fingerprint: 4f68550affe5
Current time: 2026-09-17 02:22 PM EDT | Market open (per Alpaca): True | Session: REGULAR
Account value: $99,311.19
Cash: $99,311.19 | Holdings (0): none
Sector exposure (cached): unavailable (no holdings)
Fill reconciliation: {'filled': 0, 'partial': 0, 'rejected': 1}
Risk state: peak $99,703.60 | drawdown 0.39% | today +0.00% | halted: False
Market regime: NEUTRAL (position-size multiplier: 100% incl. circuit breaker 100%)
Overnight queue deferred 2 known-stale idea(s) for 30 minutes to preserve Gemini quota.
Morning verification: 5 overnight-queued trade(s) handed to Gemini for re-verification against fresh data.
News: fetched 157, 1 new after dedup, 0 ticker(s) matched.
Quant pre-screen: 19/60 candidates passed.
Gemini proposed 2 trade(s) meeting the conviction bar.
Gemini calls used today (all models combined): 306
  -> {"ticker": "HPE", "status": "skipped", "reason": "market data unavailable for HPE (bid/ask spread missing)", "shadow": false, "data_guard": true}
  -> {"ticker": "DDOG", "status": "skipped", "reason": "liquidity filter: DDOG average volume 164,063 < 500,000", "shadow": false, "data_guard": true}
Overnight queue kept 7 idea(s) whose market data was stale; they will be retried after fresh quotes arrive.
Dashboard watchlist synced (2 symbols) for news/headlines.
Ending portfolio value: $99,311.19
Trade journal: all: 19 trades, 21% win rate, avg -2.19% | breakout: 1 trades, 0% win rate, avg -8.61% | other: 13 trades, 23% win rate, avg -1.93% | technical: 5 trades, 20% win rate, avg -1.58%
Self-learning: breakout: 1 trades, 0% win rate, avg -8.61% (LOSING) | other: 13 trades, 23% win rate, avg -1.93% (LOSING) | technical: 5 trades, 20% win rate, avg -1.58% (LOSING)
Performance: Total return +0.45% | Max drawdown 0.94% | Daily Sharpe 1.61 | 19 closed trades | Win rate 21% | Avg winner +1.83% | Avg loser -3.26% | Open positions: 0 | Equity $99,311.19
Engine P&L: legacy/unknown: realized $-1,705.68 (19 closed, 21% wins), unrealized $+0.00 (0 open) | Books: legacy: realized $-1,705.68, unrealized $+0.00
Reports: daily realized $+0.00; worst symbols none | weekly realized $+0.00; worst symbols none
Shadow report: 23916 shadow candidate(s), 153 rejection group(s)
Timings: account: 0.0s | risk: 0.2s | decide: 12.2s | watchlist: 0.1s | perf: 0.3s

=== Run at 2026-09-17T18:24:28.449868 ===
Build fingerprint: 4f68550affe5
Current time: 2026-09-17 02:24 PM EDT | Market open (per Alpaca): True | Session: REGULAR
Account value: $99,311.19
Cash: $99,311.19 | Holdings (0): none
Sector exposure (cached): unavailable (no holdings)
Fill reconciliation: {'filled': 0, 'partial': 0, 'rejected': 1}
Risk state: peak $99,703.60 | drawdown 0.39% | today +0.00% | halted: False
Market regime: NEUTRAL (position-size multiplier: 100% incl. circuit breaker 100%)
Overnight queue deferred 1 known-stale idea(s) for 30 minutes to preserve Gemini quota.
Morning verification: 6 overnight-queued trade(s) handed to Gemini for re-verification against fresh data.
News: fetched 157, 2 new after dedup, 0 ticker(s) matched.
Quant pre-screen: 19/60 candidates passed.
Gemini proposed 2 trade(s) meeting the conviction bar.
Gemini calls used today (all models combined): 307
  -> {"ticker": "HPE", "status": "skipped", "reason": "market data unavailable for HPE (bid/ask spread missing)", "shadow": false, "data_guard": true}
  -> {"ticker": "FTNT", "status": "skipped", "reason": "liquidity filter: FTNT average volume 174,615 < 500,000", "shadow": false, "data_guard": true}
Overnight queue kept 7 idea(s) whose market data was stale; they will be retried after fresh quotes arrive.
Dashboard watchlist synced (2 symbols) for news/headlines.
Ending portfolio value: $99,311.19
Trade journal: all: 19 trades, 21% win rate, avg -2.19% | breakout: 1 trades, 0% win rate, avg -8.61% | other: 13 trades, 23% win rate, avg -1.93% | technical: 5 trades, 20% win rate, avg -1.58%
Self-learning: breakout: 1 trades, 0% win rate, avg -8.61% (LOSING) | other: 13 trades, 23% win rate, avg -1.93% (LOSING) | technical: 5 trades, 20% win rate, avg -1.58% (LOSING)
Performance: Total return +0.45% | Max drawdown 0.94% | Daily Sharpe 1.61 | 19 closed trades | Win rate 21% | Avg winner +1.83% | Avg loser -3.26% | Open positions: 0 | Equity $99,311.19
Engine P&L: legacy/unknown: realized $-1,705.68 (19 closed, 21% wins), unrealized $+0.00 (0 open) | Books: legacy: realized $-1,705.68, unrealized $+0.00
Reports: daily realized $+0.00; worst symbols none | weekly realized $+0.00; worst symbols none
Shadow report: 23918 shadow candidate(s), 151 rejection group(s)
Timings: account: 0.0s | risk: 0.1s | decide: 10.8s | watchlist: 0.0s | perf: 0.3s

=== Run at 2026-09-17T18:26:36.680416 ===
Build fingerprint: 4f68550affe5
Current time: 2026-09-17 02:26 PM EDT | Market open (per Alpaca): True | Session: REGULAR
Account value: $99,311.19
Cash: $99,311.19 | Holdings (0): none
Sector exposure (cached): unavailable (no holdings)
Fill reconciliation: {'filled': 0, 'partial': 0, 'rejected': 1}
Risk state: peak $99,703.60 | drawdown 0.39% | today +0.00% | halted: False
Market regime: NEUTRAL (position-size multiplier: 100% incl. circuit breaker 100%)
Overnight queue deferred 1 known-stale idea(s) for 30 minutes to preserve Gemini quota.
Morning verification: 6 overnight-queued trade(s) handed to Gemini for re-verification against fresh data.
News: fetched 157, 1 new after dedup, 0 ticker(s) matched.
Quant pre-screen: 19/60 candidates passed.
Gemini proposed 3 trade(s) meeting the conviction bar.
Gemini calls used today (all models combined): 308
  -> {"ticker": "HPE", "status": "skipped", "reason": "market data unavailable for HPE (bid/ask spread missing)", "shadow": false, "data_guard": true}
  -> {"ticker": "DDOG", "status": "skipped", "reason": "stale quote for DDOG (190.369943s old; limit 180s)", "shadow": false, "data_guard": true}
  -> {"ticker": "FTNT", "status": "skipped", "reason": "liquidity filter: FTNT average volume 174,632 < 500,000", "shadow": false, "data_guard": true}
Overnight queue kept 7 idea(s) whose market data was stale; they will be retried after fresh quotes arrive.
Dashboard watchlist synced (3 symbols) for news/headlines.
Ending portfolio value: $99,311.19
Trade journal: all: 19 trades, 21% win rate, avg -2.19% | breakout: 1 trades, 0% win rate, avg -8.61% | other: 13 trades, 23% win rate, avg -1.93% | technical: 5 trades, 20% win rate, avg -1.58%
Self-learning: breakout: 1 trades, 0% win rate, avg -8.61% (LOSING) | other: 13 trades, 23% win rate, avg -1.93% (LOSING) | technical: 5 trades, 20% win rate, avg -1.58% (LOSING)
Performance: Total return +0.45% | Max drawdown 0.94% | Daily Sharpe 1.61 | 19 closed trades | Win rate 21% | Avg winner +1.83% | Avg loser -3.26% | Open positions: 0 | Equity $99,311.19
Engine P&L: legacy/unknown: realized $-1,705.68 (19 closed, 21% wins), unrealized $+0.00 (0 open) | Books: legacy: realized $-1,705.68, unrealized $+0.00
Reports: daily realized $+0.00; worst symbols none | weekly realized $+0.00; worst symbols none
Shadow report: 23921 shadow candidate(s), 149 rejection group(s)
Timings: account: 0.0s | risk: 0.4s | decide: 7.5s | watchlist: 0.1s | perf: 0.4s

=== Run at 2026-09-17T18:28:29.037806 ===
Build fingerprint: 4f68550affe5
Current time: 2026-09-17 02:28 PM EDT | Market open (per Alpaca): True | Session: REGULAR
Account value: $99,311.19
Cash: $99,311.19 | Holdings (0): none
Sector exposure (cached): unavailable (no holdings)
Fill reconciliation: {'filled': 0, 'partial': 0, 'rejected': 1}
Risk state: peak $99,703.60 | drawdown 0.39% | today +0.00% | halted: False
Market regime: NEUTRAL (position-size multiplier: 100% incl. circuit breaker 100%)
Overnight queue deferred 2 known-stale idea(s) for 30 minutes to preserve Gemini quota.
Morning verification: 5 overnight-queued trade(s) handed to Gemini for re-verification against fresh data.
News: fetched 157, 1 new after dedup, 0 ticker(s) matched.
Quant pre-screen: 19/60 candidates passed.
Gemini proposed 3 trade(s) meeting the conviction bar.
Gemini calls used today (all models combined): 309
  -> {"ticker": "HPE", "status": "skipped", "reason": "market data unavailable for HPE (bid/ask spread missing)", "shadow": false, "data_guard": true}
  -> {"ticker": "FTNT", "status": "skipped", "reason": "stale quote for FTNT (245.539974s old; limit 180s)", "shadow": false, "data_guard": true}
  -> {"ticker": "GILD", "status": "skipped", "reason": "liquidity filter: GILD average volume 158,871 < 500,000", "shadow": false, "data_guard": true}
Overnight queue kept 7 idea(s) whose market data was stale; they will be retried after fresh quotes arrive.
Dashboard watchlist synced (3 symbols) for news/headlines.
Ending portfolio value: $99,311.19
Trade journal: all: 19 trades, 21% win rate, avg -2.19% | breakout: 1 trades, 0% win rate, avg -8.61% | other: 13 trades, 23% win rate, avg -1.93% | technical: 5 trades, 20% win rate, avg -1.58%
Self-learning: breakout: 1 trades, 0% win rate, avg -8.61% (LOSING) | other: 13 trades, 23% win rate, avg -1.93% (LOSING) | technical: 5 trades, 20% win rate, avg -1.58% (LOSING)
Performance: Total return +0.45% | Max drawdown 0.94% | Daily Sharpe 1.61 | 19 closed trades | Win rate 21% | Avg winner +1.83% | Avg loser -3.26% | Open positions: 0 | Equity $99,311.19
Engine P&L: legacy/unknown: realized $-1,705.68 (19 closed, 21% wins), unrealized $+0.00 (0 open) | Books: legacy: realized $-1,705.68, unrealized $+0.00
Reports: daily realized $+0.00; worst symbols none | weekly realized $+0.00; worst symbols none
Shadow report: 23924 shadow candidate(s), 147 rejection group(s)
Timings: account: 0.0s | risk: 0.4s | decide: 6.7s | watchlist: 0.3s | perf: 0.4s

=== Run at 2026-09-17T18:30:41.431037 ===
Build fingerprint: 4f68550affe5
Current time: 2026-09-17 02:30 PM EDT | Market open (per Alpaca): True | Session: REGULAR
Account value: $99,311.19
Cash: $99,311.19 | Holdings (0): none
Sector exposure (cached): unavailable (no holdings)
Fill reconciliation: {'filled': 0, 'partial': 0, 'rejected': 1}
Risk state: peak $99,703.60 | drawdown 0.39% | today +0.00% | halted: False
Market regime: NEUTRAL (position-size multiplier: 100% incl. circuit breaker 100%)
Overnight queue deferred 3 known-stale idea(s) for 30 minutes to preserve Gemini quota.
Morning verification: 4 overnight-queued trade(s) handed to Gemini for re-verification against fresh data.
News: fetched 157, 1 new after dedup, 0 ticker(s) matched.
Quant pre-screen: 19/60 candidates passed.
Gemini proposed 2 trade(s) meeting the conviction bar.
Gemini calls used today (all models combined): 310
  -> {"ticker": "HPE", "status": "skipped", "reason": "market data unavailable for HPE (bid/ask spread missing)", "shadow": false, "data_guard": true}
  -> {"ticker": "DDOG", "status": "skipped", "reason": "liquidity filter: DDOG average volume 164,139 < 500,000", "shadow": false, "data_guard": true}
Overnight queue kept 7 idea(s) whose market data was stale; they will be retried after fresh quotes arrive.
Dashboard watchlist synced (2 symbols) for news/headlines.
Ending portfolio value: $99,311.19
Trade journal: all: 19 trades, 21% win rate, avg -2.19% | breakout: 1 trades, 0% win rate, avg -8.61% | other: 13 trades, 23% win rate, avg -1.93% | technical: 5 trades, 20% win rate, avg -1.58%
Self-learning: breakout: 1 trades, 0% win rate, avg -8.61% (LOSING) | other: 13 trades, 23% win rate, avg -1.93% (LOSING) | technical: 5 trades, 20% win rate, avg -1.58% (LOSING)
Performance: Total return +0.45% | Max drawdown 0.94% | Daily Sharpe 1.61 | 19 closed trades | Win rate 21% | Avg winner +1.83% | Avg loser -3.26% | Open positions: 0 | Equity $99,311.19
Engine P&L: legacy/unknown: realized $-1,705.68 (19 closed, 21% wins), unrealized $+0.00 (0 open) | Books: legacy: realized $-1,705.68, unrealized $+0.00
Reports: daily realized $+0.00; worst symbols none | weekly realized $+0.00; worst symbols none
Shadow report: 23926 shadow candidate(s), 145 rejection group(s)
Timings: account: 0.0s | risk: 0.4s | decide: 10.4s | watchlist: 0.2s | perf: 0.4s

=== Run at 2026-09-17T18:32:27.906887 ===
Build fingerprint: 4f68550affe5
Current time: 2026-09-17 02:32 PM EDT | Market open (per Alpaca): True | Session: REGULAR
Account value: $99,311.19
Cash: $99,311.19 | Holdings (0): none
Sector exposure (cached): unavailable (no holdings)
Fill reconciliation: {'filled': 0, 'partial': 0, 'rejected': 1}
Risk state: peak $99,703.60 | drawdown 0.39% | today +0.00% | halted: False
Market regime: NEUTRAL (position-size multiplier: 100% incl. circuit breaker 100%)
Overnight queue deferred 3 known-stale idea(s) for 30 minutes to preserve Gemini quota.
Morning verification: 4 overnight-queued trade(s) handed to Gemini for re-verification against fresh data.
News: fetched 158, 1 new after dedup, 0 ticker(s) matched.
Quant pre-screen: 19/60 candidates passed.
Gemini proposed 2 trade(s) meeting the conviction bar.
Gemini calls used today (all models combined): 311
  -> {"ticker": "HPE", "status": "skipped", "reason": "market data unavailable for HPE (bid/ask spread missing)", "shadow": false, "data_guard": true}
  -> {"ticker": "GILD", "status": "skipped", "reason": "liquidity filter: GILD average volume 158,931 < 500,000", "shadow": false, "data_guard": true}
Overnight queue kept 7 idea(s) whose market data was stale; they will be retried after fresh quotes arrive.
Dashboard watchlist synced (2 symbols) for news/headlines.
Ending portfolio value: $99,311.19
Trade journal: all: 19 trades, 21% win rate, avg -2.19% | breakout: 1 trades, 0% win rate, avg -8.61% | other: 13 trades, 23% win rate, avg -1.93% | technical: 5 trades, 20% win rate, avg -1.58%
Self-learning: breakout: 1 trades, 0% win rate, avg -8.61% (LOSING) | other: 13 trades, 23% win rate, avg -1.93% (LOSING) | technical: 5 trades, 20% win rate, avg -1.58% (LOSING)
Performance: Total return +0.45% | Max drawdown 0.94% | Daily Sharpe 1.61 | 19 closed trades | Win rate 21% | Avg winner +1.83% | Avg loser -3.26% | Open positions: 0 | Equity $99,311.19
Engine P&L: legacy/unknown: realized $-1,705.68 (19 closed, 21% wins), unrealized $+0.00 (0 open) | Books: legacy: realized $-1,705.68, unrealized $+0.00
Reports: daily realized $+0.00; worst symbols none | weekly realized $+0.00; worst symbols none
Shadow report: 23928 shadow candidate(s), 143 rejection group(s)
Timings: account: 0.0s | risk: 0.1s | decide: 4.8s | watchlist: 0.0s | perf: 0.3s

=== Run at 2026-09-17T18:34:27.767323 ===
Build fingerprint: 4f68550affe5
Current time: 2026-09-17 02:34 PM EDT | Market open (per Alpaca): True | Session: REGULAR
Account value: $99,311.19
Cash: $99,311.19 | Holdings (0): none
Sector exposure (cached): unavailable (no holdings)
Fill reconciliation: {'filled': 0, 'partial': 0, 'rejected': 1}
Risk state: peak $99,703.60 | drawdown 0.39% | today +0.00% | halted: False
Market regime: NEUTRAL (position-size multiplier: 100% incl. circuit breaker 100%)
Overnight queue deferred 3 known-stale idea(s) for 30 minutes to preserve Gemini quota.
Morning verification: 4 overnight-queued trade(s) handed to Gemini for re-verification against fresh data.
News: fetched 158, 2 new after dedup, 0 ticker(s) matched.
Quant pre-screen: 19/60 candidates passed.
Gemini proposed 1 trade(s) meeting the conviction bar.
Gemini calls used today (all models combined): 312
  -> {"ticker": "HPE", "status": "skipped", "reason": "market data unavailable for HPE (bid/ask spread missing)", "shadow": false, "data_guard": true}
Overnight queue kept 7 idea(s) whose market data was stale; they will be retried after fresh quotes arrive.
Dashboard watchlist synced (1 symbols) for news/headlines.
Ending portfolio value: $99,311.19
Trade journal: all: 19 trades, 21% win rate, avg -2.19% | breakout: 1 trades, 0% win rate, avg -8.61% | other: 13 trades, 23% win rate, avg -1.93% | technical: 5 trades, 20% win rate, avg -1.58%
Self-learning: breakout: 1 trades, 0% win rate, avg -8.61% (LOSING) | other: 13 trades, 23% win rate, avg -1.93% (LOSING) | technical: 5 trades, 20% win rate, avg -1.58% (LOSING)
Performance: Total return +0.45% | Max drawdown 0.94% | Daily Sharpe 1.61 | 19 closed trades | Win rate 21% | Avg winner +1.83% | Avg loser -3.26% | Open positions: 0 | Equity $99,311.19
Engine P&L: legacy/unknown: realized $-1,705.68 (19 closed, 21% wins), unrealized $+0.00 (0 open) | Books: legacy: realized $-1,705.68, unrealized $+0.00
Reports: daily realized $+0.00; worst symbols none | weekly realized $+0.00; worst symbols none
Shadow report: 23929 shadow candidate(s), 142 rejection group(s)
Timings: account: 0.0s | risk: 0.0s | decide: 3.4s | watchlist: 0.0s | perf: 0.3s

=== Run at 2026-09-17T18:36:26.578554 ===
Build fingerprint: 4f68550affe5
Current time: 2026-09-17 02:36 PM EDT | Market open (per Alpaca): True | Session: REGULAR
Account value: $99,311.19
Cash: $99,311.19 | Holdings (0): none
Sector exposure (cached): unavailable (no holdings)
Fill reconciliation: {'filled': 0, 'partial': 0, 'rejected': 1}
Risk state: peak $99,703.60 | drawdown 0.39% | today +0.00% | halted: False
Market regime: NEUTRAL (position-size multiplier: 100% incl. circuit breaker 100%)
Overnight queue deferred 3 known-stale idea(s) for 30 minutes to preserve Gemini quota.
Morning verification: 4 overnight-queued trade(s) handed to Gemini for re-verification against fresh data.
News: fetched 158, 4 new after dedup, 0 ticker(s) matched.
Quant pre-screen: 19/60 candidates passed.
Gemini proposed 1 trade(s) meeting the conviction bar.
Gemini calls used today (all models combined): 313
  -> {"ticker": "HPE", "status": "skipped", "reason": "market data unavailable for HPE (bid/ask spread missing)", "shadow": false, "data_guard": true}
Overnight queue kept 7 idea(s) whose market data was stale; they will be retried after fresh quotes arrive.
Dashboard watchlist synced (1 symbols) for news/headlines.
Ending portfolio value: $99,311.19
Trade journal: all: 19 trades, 21% win rate, avg -2.19% | breakout: 1 trades, 0% win rate, avg -8.61% | other: 13 trades, 23% win rate, avg -1.93% | technical: 5 trades, 20% win rate, avg -1.58%
Self-learning: breakout: 1 trades, 0% win rate, avg -8.61% (LOSING) | other: 13 trades, 23% win rate, avg -1.93% (LOSING) | technical: 5 trades, 20% win rate, avg -1.58% (LOSING)
Performance: Total return +0.45% | Max drawdown 0.94% | Daily Sharpe 1.61 | 19 closed trades | Win rate 21% | Avg winner +1.83% | Avg loser -3.26% | Open positions: 0 | Equity $99,311.19
Engine P&L: legacy/unknown: realized $-1,705.68 (19 closed, 21% wins), unrealized $+0.00 (0 open) | Books: legacy: realized $-1,705.68, unrealized $+0.00
Reports: daily realized $+0.00; worst symbols none | weekly realized $+0.00; worst symbols none
Shadow report: 23930 shadow candidate(s), 141 rejection group(s)
Timings: account: 0.0s | risk: 0.3s | decide: 10.5s | watchlist: 0.1s | perf: 0.3s

=== Run at 2026-09-17T18:38:30.325421 ===
Build fingerprint: 4f68550affe5
Current time: 2026-09-17 02:38 PM EDT | Market open (per Alpaca): True | Session: REGULAR
Account value: $99,311.19
Cash: $99,311.19 | Holdings (0): none
Sector exposure (cached): unavailable (no holdings)
Fill reconciliation: {'filled': 0, 'partial': 0, 'rejected': 1}
Risk state: peak $99,703.60 | drawdown 0.39% | today +0.00% | halted: False
Market regime: NEUTRAL (position-size multiplier: 100% incl. circuit breaker 100%)
Overnight queue deferred 3 known-stale idea(s) for 30 minutes to preserve Gemini quota.
Morning verification: 4 overnight-queued trade(s) handed to Gemini for re-verification against fresh data.
News: fetched 158, 0 new after dedup, 0 ticker(s) matched.
Quant pre-screen: 19/60 candidates passed.
Gemini proposed 3 trade(s) meeting the conviction bar.
Gemini calls used today (all models combined): 314
  -> {"ticker": "HPE", "status": "skipped", "reason": "market data unavailable for HPE (bid/ask spread missing)", "shadow": false, "data_guard": true}
  -> {"ticker": "DDOG", "status": "skipped", "reason": "stale quote for DDOG (273.518926s old; limit 180s)", "shadow": false, "data_guard": true}
  -> {"ticker": "HCA", "status": "skipped", "reason": "liquidity filter: HCA average volume 68,671 < 500,000", "shadow": false, "data_guard": true}
Overnight queue kept 7 idea(s) whose market data was stale; they will be retried after fresh quotes arrive.
Dashboard watchlist synced (3 symbols) for news/headlines.
Ending portfolio value: $99,311.19
Trade journal: all: 19 trades, 21% win rate, avg -2.19% | breakout: 1 trades, 0% win rate, avg -8.61% | other: 13 trades, 23% win rate, avg -1.93% | technical: 5 trades, 20% win rate, avg -1.58%
Self-learning: breakout: 1 trades, 0% win rate, avg -8.61% (LOSING) | other: 13 trades, 23% win rate, avg -1.93% (LOSING) | technical: 5 trades, 20% win rate, avg -1.58% (LOSING)
Performance: Total return +0.45% | Max drawdown 0.94% | Daily Sharpe 1.61 | 19 closed trades | Win rate 21% | Avg winner +1.83% | Avg loser -3.26% | Open positions: 0 | Equity $99,311.19
Engine P&L: legacy/unknown: realized $-1,705.68 (19 closed, 21% wins), unrealized $+0.00 (0 open) | Books: legacy: realized $-1,705.68, unrealized $+0.00
Reports: daily realized $+0.00; worst symbols none | weekly realized $+0.00; worst symbols none
Shadow report: 23933 shadow candidate(s), 139 rejection group(s)
Timings: account: 0.0s | risk: 0.3s | decide: 17.9s | watchlist: 0.1s | perf: 0.4s

=== Run at 2026-09-17T18:40:33.220225 ===
Build fingerprint: 4f68550affe5
Current time: 2026-09-17 02:40 PM EDT | Market open (per Alpaca): True | Session: REGULAR
Account value: $99,311.19
Cash: $99,311.19 | Holdings (0): none
Sector exposure (cached): unavailable (no holdings)
Fill reconciliation: {'filled': 0, 'partial': 0, 'rejected': 1}
Risk state: peak $99,703.60 | drawdown 0.39% | today +0.00% | halted: False
Market regime: NEUTRAL (position-size multiplier: 100% incl. circuit breaker 100%)
Overnight queue deferred 3 known-stale idea(s) for 30 minutes to preserve Gemini quota.
Morning verification: 4 overnight-queued trade(s) handed to Gemini for re-verification against fresh data.
News: fetched 158, 0 new after dedup, 0 ticker(s) matched.
Quant pre-screen: 19/60 candidates passed.
Gemini proposed 2 trade(s) meeting the conviction bar.
Gemini calls used today (all models combined): 315
  -> {"ticker": "HPE", "status": "skipped", "reason": "market data unavailable for HPE (bid/ask spread missing)", "shadow": false, "data_guard": true}
  -> {"ticker": "DDOG", "status": "skipped", "reason": "stale quote for DDOG (386.730981s old; limit 180s)", "shadow": false, "data_guard": true}
Overnight queue kept 7 idea(s) whose market data was stale; they will be retried after fresh quotes arrive.
Dashboard watchlist synced (2 symbols) for news/headlines.
Ending portfolio value: $99,311.19
Trade journal: all: 19 trades, 21% win rate, avg -2.19% | breakout: 1 trades, 0% win rate, avg -8.61% | other: 13 trades, 23% win rate, avg -1.93% | technical: 5 trades, 20% win rate, avg -1.58%
Self-learning: breakout: 1 trades, 0% win rate, avg -8.61% (LOSING) | other: 13 trades, 23% win rate, avg -1.93% (LOSING) | technical: 5 trades, 20% win rate, avg -1.58% (LOSING)
Performance: Total return +0.45% | Max drawdown 0.94% | Daily Sharpe 1.61 | 19 closed trades | Win rate 21% | Avg winner +1.83% | Avg loser -3.26% | Open positions: 0 | Equity $99,311.19
Engine P&L: legacy/unknown: realized $-1,705.68 (19 closed, 21% wins), unrealized $+0.00 (0 open) | Books: legacy: realized $-1,705.68, unrealized $+0.00
Reports: daily realized $+0.00; worst symbols none | weekly realized $+0.00; worst symbols none
Shadow report: 23935 shadow candidate(s), 138 rejection group(s)
Timings: account: 0.0s | risk: 0.4s | decide: 7.7s | watchlist: 0.1s | perf: 0.4s

=== Run at 2026-09-17T18:42:27.736274 ===
Build fingerprint: 4f68550affe5
Current time: 2026-09-17 02:42 PM EDT | Market open (per Alpaca): True | Session: REGULAR
Account value: $99,311.19
Cash: $99,311.19 | Holdings (0): none
Sector exposure (cached): unavailable (no holdings)
Fill reconciliation: {'filled': 0, 'partial': 0, 'rejected': 1}
Risk state: peak $99,703.60 | drawdown 0.39% | today +0.00% | halted: False
Market regime: NEUTRAL (position-size multiplier: 100% incl. circuit breaker 100%)
Overnight queue deferred 3 known-stale idea(s) for 30 minutes to preserve Gemini quota.
Morning verification: 4 overnight-queued trade(s) handed to Gemini for re-verification against fresh data.
News: fetched 58, 2 new after dedup, 0 ticker(s) matched.
Quant pre-screen: 19/60 candidates passed.
Gemini proposed 3 trade(s) meeting the conviction bar.
Gemini calls used today (all models combined): 316
  -> {"ticker": "HPE", "status": "skipped", "reason": "market data unavailable for HPE (bid/ask spread missing)", "shadow": false, "data_guard": true}
  -> {"ticker": "DDOG", "status": "skipped", "reason": "liquidity filter: DDOG average volume 164,208 < 500,000", "shadow": false, "data_guard": true}
  -> {"ticker": "HCA", "status": "skipped", "reason": "liquidity filter: HCA average volume 68,693 < 500,000", "shadow": false, "data_guard": true}
Overnight queue kept 7 idea(s) whose market data was stale; they will be retried after fresh quotes arrive.
Dashboard watchlist synced (3 symbols) for news/headlines.
Ending portfolio value: $99,311.19
Trade journal: all: 19 trades, 21% win rate, avg -2.19% | breakout: 1 trades, 0% win rate, avg -8.61% | other: 13 trades, 23% win rate, avg -1.93% | technical: 5 trades, 20% win rate, avg -1.58%
Self-learning: breakout: 1 trades, 0% win rate, avg -8.61% (LOSING) | other: 13 trades, 23% win rate, avg -1.93% (LOSING) | technical: 5 trades, 20% win rate, avg -1.58% (LOSING)
Performance: Total return +0.45% | Max drawdown 0.94% | Daily Sharpe 1.61 | 19 closed trades | Win rate 21% | Avg winner +1.83% | Avg loser -3.26% | Open positions: 0 | Equity $99,311.19
Engine P&L: legacy/unknown: realized $-1,705.68 (19 closed, 21% wins), unrealized $+0.00 (0 open) | Books: legacy: realized $-1,705.68, unrealized $+0.00
Reports: daily realized $+0.00; worst symbols none | weekly realized $+0.00; worst symbols none
Shadow report: 23938 shadow candidate(s), 135 rejection group(s)
Timings: account: 0.0s | risk: 0.3s | decide: 8.3s | watchlist: 0.1s | perf: 0.3s

=== Run at 2026-09-17T18:44:29.193210 ===
Build fingerprint: 4f68550affe5
Current time: 2026-09-17 02:44 PM EDT | Market open (per Alpaca): True | Session: REGULAR
Account value: $99,311.19
Cash: $99,311.19 | Holdings (0): none
Sector exposure (cached): unavailable (no holdings)
Fill reconciliation: {'filled': 0, 'partial': 0, 'rejected': 1}
Risk state: peak $99,703.60 | drawdown 0.39% | today +0.00% | halted: False
Market regime: NEUTRAL (position-size multiplier: 100% incl. circuit breaker 100%)
Overnight queue deferred 3 known-stale idea(s) for 30 minutes to preserve Gemini quota.
Morning verification: 4 overnight-queued trade(s) handed to Gemini for re-verification against fresh data.
News: fetched 158, 0 new after dedup, 0 ticker(s) matched.
Quant pre-screen: 19/60 candidates passed.
Gemini proposed 2 trade(s) meeting the conviction bar.
Gemini calls used today (all models combined): 317
  -> {"ticker": "HPE", "status": "skipped", "reason": "market data unavailable for HPE (bid/ask spread missing)", "shadow": false, "data_guard": true}
  -> {"ticker": "DDOG", "status": "skipped", "reason": "liquidity filter: DDOG average volume 164,224 < 500,000", "shadow": false, "data_guard": true}
Overnight queue kept 7 idea(s) whose market data was stale; they will be retried after fresh quotes arrive.
Dashboard watchlist synced (2 symbols) for news/headlines.
Ending portfolio value: $99,311.19
Trade journal: all: 19 trades, 21% win rate, avg -2.19% | breakout: 1 trades, 0% win rate, avg -8.61% | other: 13 trades, 23% win rate, avg -1.93% | technical: 5 trades, 20% win rate, avg -1.58%
Self-learning: breakout: 1 trades, 0% win rate, avg -8.61% (LOSING) | other: 13 trades, 23% win rate, avg -1.93% (LOSING) | technical: 5 trades, 20% win rate, avg -1.58% (LOSING)
Performance: Total return +0.45% | Max drawdown 0.94% | Daily Sharpe 1.61 | 19 closed trades | Win rate 21% | Avg winner +1.83% | Avg loser -3.26% | Open positions: 0 | Equity $99,311.19
Engine P&L: legacy/unknown: realized $-1,705.68 (19 closed, 21% wins), unrealized $+0.00 (0 open) | Books: legacy: realized $-1,705.68, unrealized $+0.00
Reports: daily realized $+0.00; worst symbols none | weekly realized $+0.00; worst symbols none
Shadow report: 23940 shadow candidate(s), 133 rejection group(s)
Timings: account: 0.0s | risk: 0.1s | decide: 4.2s | watchlist: 0.0s | perf: 0.3s

=== Run at 2026-09-17T18:46:34.028806 ===
Build fingerprint: 4f68550affe5
Current time: 2026-09-17 02:46 PM EDT | Market open (per Alpaca): True | Session: REGULAR
Account value: $99,311.19
Cash: $99,311.19 | Holdings (0): none
Sector exposure (cached): unavailable (no holdings)
Fill reconciliation: {'filled': 0, 'partial': 0, 'rejected': 1}
Risk state: peak $99,703.60 | drawdown 0.39% | today +0.00% | halted: False
Market regime: NEUTRAL (position-size multiplier: 100% incl. circuit breaker 100%)
Overnight queue deferred 3 known-stale idea(s) for 30 minutes to preserve Gemini quota.
Morning verification: 4 overnight-queued trade(s) handed to Gemini for re-verification against fresh data.
News: fetched 158, 0 new after dedup, 0 ticker(s) matched.
Quant pre-screen: 19/60 candidates passed.
Technical fallback (Gemini throttled/unavailable) proposed 7 trade(s) meeting the conviction bar.
Gemini calls used today (all models combined): 317
  -> {"ticker": "HPE", "status": "skipped", "reason": "market data unavailable for HPE (bid/ask spread missing)", "shadow": false, "data_guard": true}
  -> {"ticker": "EXPD", "status": "skipped", "reason": "entry alignment: price $189.18 is not above SMA-20 $189.22"}
  -> {"ticker": "FTNT", "status": "skipped", "reason": "liquidity filter: FTNT average volume 174,983 < 500,000", "shadow": false, "data_guard": true}
  -> {"ticker": "GEN", "status": "skipped", "reason": "liquidity filter: GEN average volume 395,180 < 500,000", "shadow": false, "data_guard": true}
  -> {"ticker": "GILD", "status": "skipped", "reason": "liquidity filter: GILD average volume 159,094 < 500,000", "shadow": false, "data_guard": true}
  -> {"ticker": "GM", "status": "skipped", "reason": "liquidity filter: GM average volume 191,154 < 500,000", "shadow": false, "data_guard": true}
  -> {"ticker": "HCA", "status": "skipped", "reason": "liquidity filter: HCA average volume 68,737 < 500,000", "shadow": false, "data_guard": true}
Overnight queue KEPT for next run (Gemini did not verify this round -- technical fallback or decision failure); 4 idea(s) remain subject to the retry cap.
Run budget reserve reached -- skipping dashboard watchlist sync.
Run budget reserve reached -- skipping performance snapshot.
Trade journal: all: 19 trades, 21% win rate, avg -2.19% | breakout: 1 trades, 0% win rate, avg -8.61% | other: 13 trades, 23% win rate, avg -1.93% | technical: 5 trades, 20% win rate, avg -1.58%
Self-learning: breakout: 1 trades, 0% win rate, avg -8.61% (LOSING) | other: 13 trades, 23% win rate, avg -1.93% (LOSING) | technical: 5 trades, 20% win rate, avg -1.58% (LOSING)
Performance: Total return +0.45% | Max drawdown 0.94% | Daily Sharpe 1.61 | 19 closed trades | Win rate 21% | Avg winner +1.83% | Avg loser -3.26% | Open positions: 0 | Equity $99,311.19
Engine P&L: legacy/unknown: realized $-1,705.68 (19 closed, 21% wins), unrealized $+0.00 (0 open) | Books: legacy: realized $-1,705.68, unrealized $+0.00
Reports: daily realized $+0.00; worst symbols none | weekly realized $+0.00; worst symbols none
Shadow report: 23946 shadow candidate(s), 127 rejection group(s)
Timings: account: 0.0s | risk: 0.0s | decide: 25.6s | watchlist: 0.0s | perf: 0.2s

=== Run at 2026-09-17T18:48:27.552930 ===
Build fingerprint: 4f68550affe5
Current time: 2026-09-17 02:48 PM EDT | Market open (per Alpaca): True | Session: REGULAR
Account value: $99,311.19
Cash: $99,311.19 | Holdings (0): none
Sector exposure (cached): unavailable (no holdings)
Fill reconciliation: {'filled': 0, 'partial': 0, 'rejected': 1}
Risk state: peak $99,703.60 | drawdown 0.39% | today +0.00% | halted: False
Market regime: NEUTRAL (position-size multiplier: 100% incl. circuit breaker 100%)
Overnight queue expired 2 stale/over-retried idea(s); fresh analysis will replace them.
Overnight queue deferred 3 known-stale idea(s) for 30 minutes to preserve Gemini quota.
Morning verification: 2 overnight-queued trade(s) handed to Gemini for re-verification against fresh data.
News: fetched 158, 1 new after dedup, 0 ticker(s) matched.
Quant pre-screen: 19/60 candidates passed.
Gemini proposed 3 trade(s) meeting the conviction bar.
Gemini calls used today (all models combined): 318
  -> {"ticker": "HPE", "status": "skipped", "reason": "market data unavailable for HPE (bid/ask spread missing)", "shadow": false, "data_guard": true}
  -> {"ticker": "DDOG", "status": "skipped", "reason": "liquidity filter: DDOG average volume 164,262 < 500,000", "shadow": false, "data_guard": true}
  -> {"ticker": "FTNT", "status": "skipped", "reason": "liquidity filter: FTNT average volume 175,018 < 500,000", "shadow": false, "data_guard": true}
Overnight queue kept 5 idea(s) whose market data was stale; they will be retried after fresh quotes arrive.
Dashboard watchlist synced (3 symbols) for news/headlines.
Ending portfolio value: $99,311.19
Trade journal: all: 19 trades, 21% win rate, avg -2.19% | breakout: 1 trades, 0% win rate, avg -8.61% | other: 13 trades, 23% win rate, avg -1.93% | technical: 5 trades, 20% win rate, avg -1.58%
Self-learning: breakout: 1 trades, 0% win rate, avg -8.61% (LOSING) | other: 13 trades, 23% win rate, avg -1.93% (LOSING) | technical: 5 trades, 20% win rate, avg -1.58% (LOSING)
Performance: Total return +0.45% | Max drawdown 0.94% | Daily Sharpe 1.61 | 19 closed trades | Win rate 21% | Avg winner +1.83% | Avg loser -3.26% | Open positions: 0 | Equity $99,311.19
Engine P&L: legacy/unknown: realized $-1,705.68 (19 closed, 21% wins), unrealized $+0.00 (0 open) | Books: legacy: realized $-1,705.68, unrealized $+0.00
Reports: daily realized $+0.00; worst symbols none | weekly realized $+0.00; worst symbols none
Shadow report: 23949 shadow candidate(s), 124 rejection group(s)
Timings: account: 0.0s | risk: 0.1s | decide: 4.6s | watchlist: 0.0s | perf: 0.3s

=== Run at 2026-09-17T18:50:33.255189 ===
Build fingerprint: 4f68550affe5
Current time: 2026-09-17 02:50 PM EDT | Market open (per Alpaca): True | Session: REGULAR
Account value: $99,311.19
Cash: $99,311.19 | Holdings (0): none
Sector exposure (cached): unavailable (no holdings)
Fill reconciliation: {'filled': 0, 'partial': 0, 'rejected': 1}
Risk state: peak $99,703.60 | drawdown 0.39% | today +0.00% | halted: False
Market regime: NEUTRAL (position-size multiplier: 100% incl. circuit breaker 100%)
Overnight queue deferred 3 known-stale idea(s) for 30 minutes to preserve Gemini quota.
Morning verification: 2 overnight-queued trade(s) handed to Gemini for re-verification against fresh data.
News: fetched 158, 0 new after dedup, 0 ticker(s) matched.
Quant pre-screen: 19/60 candidates passed.
Gemini proposed 2 trade(s) meeting the conviction bar.
Gemini calls used today (all models combined): 319
  -> {"ticker": "HPE", "status": "skipped", "reason": "market data unavailable for HPE (bid/ask spread missing)", "shadow": false, "data_guard": true}
  -> {"ticker": "DDOG", "status": "skipped", "reason": "liquidity filter: DDOG average volume 164,302 < 500,000", "shadow": false, "data_guard": true}
Overnight queue kept 5 idea(s) whose market data was stale; they will be retried after fresh quotes arrive.
Dashboard watchlist synced (2 symbols) for news/headlines.
Ending portfolio value: $99,311.19
Trade journal: all: 19 trades, 21% win rate, avg -2.19% | breakout: 1 trades, 0% win rate, avg -8.61% | other: 13 trades, 23% win rate, avg -1.93% | technical: 5 trades, 20% win rate, avg -1.58%
Self-learning: breakout: 1 trades, 0% win rate, avg -8.61% (LOSING) | other: 13 trades, 23% win rate, avg -1.93% (LOSING) | technical: 5 trades, 20% win rate, avg -1.58% (LOSING)
Performance: Total return +0.45% | Max drawdown 0.94% | Daily Sharpe 1.61 | 19 closed trades | Win rate 21% | Avg winner +1.83% | Avg loser -3.26% | Open positions: 0 | Equity $99,311.19
Engine P&L: legacy/unknown: realized $-1,705.68 (19 closed, 21% wins), unrealized $+0.00 (0 open) | Books: legacy: realized $-1,705.68, unrealized $+0.00
Reports: daily realized $+0.00; worst symbols none | weekly realized $+0.00; worst symbols none
Shadow report: 23951 shadow candidate(s), 122 rejection group(s)
Timings: account: 0.0s | risk: 0.4s | decide: 9.1s | watchlist: 0.2s | perf: 0.4s

=== Run at 2026-09-17T18:52:38.097580 ===
Build fingerprint: 4f68550affe5
Current time: 2026-09-17 02:52 PM EDT | Market open (per Alpaca): True | Session: REGULAR
Account value: $99,311.19
Cash: $99,311.19 | Holdings (0): none
Sector exposure (cached): unavailable (no holdings)
Fill reconciliation: {'filled': 0, 'partial': 0, 'rejected': 1}
Risk state: peak $99,703.60 | drawdown 0.39% | today +0.00% | halted: False
Market regime: NEUTRAL (position-size multiplier: 100% incl. circuit breaker 100%)
Overnight queue deferred 3 known-stale idea(s) for 30 minutes to preserve Gemini quota.
Morning verification: 2 overnight-queued trade(s) handed to Gemini for re-verification against fresh data.
News: fetched 158, 2 new after dedup, 1 ticker(s) matched.
Quant pre-screen: 12/39 candidates passed.
Gemini proposed 1 trade(s) meeting the conviction bar.
Gemini calls used today (all models combined): 320
  -> {"ticker": "DGX", "status": "skipped", "reason": "stale quote for DGX (264.008221s old; limit 180s)", "shadow": false, "data_guard": true}
Overnight queue kept 5 idea(s) whose market data was stale; they will be retried after fresh quotes arrive.
Dashboard watchlist synced (2 symbols) for news/headlines.
Ending portfolio value: $99,311.19
Trade journal: all: 19 trades, 21% win rate, avg -2.19% | breakout: 1 trades, 0% win rate, avg -8.61% | other: 13 trades, 23% win rate, avg -1.93% | technical: 5 trades, 20% win rate, avg -1.58%
Self-learning: breakout: 1 trades, 0% win rate, avg -8.61% (LOSING) | other: 13 trades, 23% win rate, avg -1.93% (LOSING) | technical: 5 trades, 20% win rate, avg -1.58% (LOSING)
Performance: Total return +0.45% | Max drawdown 0.94% | Daily Sharpe 1.61 | 19 closed trades | Win rate 21% | Avg winner +1.83% | Avg loser -3.26% | Open positions: 0 | Equity $99,311.19
Engine P&L: legacy/unknown: realized $-1,705.68 (19 closed, 21% wins), unrealized $+0.00 (0 open) | Books: legacy: realized $-1,705.68, unrealized $+0.00
Reports: daily realized $+0.00; worst symbols none | weekly realized $+0.00; worst symbols none
Shadow report: 23952 shadow candidate(s), 122 rejection group(s)
Timings: account: 0.0s | risk: 0.2s | decide: 10.3s | watchlist: 0.1s | perf: 0.2s

=== Run at 2026-09-17T18:54:30.026883 ===
Build fingerprint: 4f68550affe5
Current time: 2026-09-17 02:54 PM EDT | Market open (per Alpaca): True | Session: REGULAR
Account value: $99,311.19
Cash: $99,311.19 | Holdings (0): none
Sector exposure (cached): unavailable (no holdings)
Fill reconciliation: {'filled': 0, 'partial': 0, 'rejected': 1}
Risk state: peak $99,703.60 | drawdown 0.39% | today +0.00% | halted: False
Market regime: NEUTRAL (position-size multiplier: 100% incl. circuit breaker 100%)
Overnight queue deferred 4 known-stale idea(s) for 30 minutes to preserve Gemini quota.
Morning verification: 1 overnight-queued trade(s) handed to Gemini for re-verification against fresh data.
News: fetched 158, 0 new after dedup, 0 ticker(s) matched.
Quant pre-screen: 19/60 candidates passed.
Gemini proposed 2 trade(s) meeting the conviction bar.
Gemini calls used today (all models combined): 321
  -> {"ticker": "HPE", "status": "skipped", "reason": "market data unavailable for HPE (bid/ask spread missing)", "shadow": false, "data_guard": true}
  -> {"ticker": "DDOG", "status": "skipped", "reason": "stale quote for DDOG (289.684455s old; limit 180s)", "shadow": false, "data_guard": true}
Overnight queue kept 5 idea(s) whose market data was stale; they will be retried after fresh quotes arrive.
Dashboard watchlist synced (2 symbols) for news/headlines.
Ending portfolio value: $99,311.19
Trade journal: all: 19 trades, 21% win rate, avg -2.19% | breakout: 1 trades, 0% win rate, avg -8.61% | other: 13 trades, 23% win rate, avg -1.93% | technical: 5 trades, 20% win rate, avg -1.58%
Self-learning: breakout: 1 trades, 0% win rate, avg -8.61% (LOSING) | other: 13 trades, 23% win rate, avg -1.93% (LOSING) | technical: 5 trades, 20% win rate, avg -1.58% (LOSING)
Performance: Total return +0.45% | Max drawdown 0.94% | Daily Sharpe 1.61 | 19 closed trades | Win rate 21% | Avg winner +1.83% | Avg loser -3.26% | Open positions: 0 | Equity $99,311.19
Engine P&L: legacy/unknown: realized $-1,705.68 (19 closed, 21% wins), unrealized $+0.00 (0 open) | Books: legacy: realized $-1,705.68, unrealized $+0.00
Reports: daily realized $+0.00; worst symbols none | weekly realized $+0.00; worst symbols none
Shadow report: 23954 shadow candidate(s), 121 rejection group(s)
Timings: account: 0.0s | risk: 0.1s | decide: 3.3s | watchlist: 0.0s | perf: 0.3s

=== Run at 2026-09-17T18:56:23.811751 ===
Build fingerprint: 4f68550affe5
Current time: 2026-09-17 02:56 PM EDT | Market open (per Alpaca): True | Session: REGULAR
Account value: $99,311.19
Cash: $99,311.19 | Holdings (0): none
Sector exposure (cached): unavailable (no holdings)
Fill reconciliation: {'filled': 0, 'partial': 0, 'rejected': 1}
Risk state: peak $99,703.60 | drawdown 0.39% | today +0.00% | halted: False
Market regime: NEUTRAL (position-size multiplier: 100% incl. circuit breaker 100%)
Overnight queue deferred 4 known-stale idea(s) for 30 minutes to preserve Gemini quota.
Morning verification: 1 overnight-queued trade(s) handed to Gemini for re-verification against fresh data.
News: fetched 158, 2 new after dedup, 4 ticker(s) matched.
Quant pre-screen: 9/17 candidates passed.
Gemini proposed 2 trade(s) meeting the conviction bar.
Gemini calls used today (all models combined): 322
  -> {"ticker": "HPE", "status": "skipped", "reason": "market data unavailable for HPE (bid/ask spread missing)", "shadow": false, "data_guard": true}
  -> {"ticker": "DDOG", "status": "skipped", "reason": "stale quote for DDOG (405.890074s old; limit 180s)", "shadow": false, "data_guard": true}
Overnight queue kept 5 idea(s) whose market data was stale; they will be retried after fresh quotes arrive.
Dashboard watchlist synced (6 symbols) for news/headlines.
Ending portfolio value: $99,311.19
Trade journal: all: 19 trades, 21% win rate, avg -2.19% | breakout: 1 trades, 0% win rate, avg -8.61% | other: 13 trades, 23% win rate, avg -1.93% | technical: 5 trades, 20% win rate, avg -1.58%
Self-learning: breakout: 1 trades, 0% win rate, avg -8.61% (LOSING) | other: 13 trades, 23% win rate, avg -1.93% (LOSING) | technical: 5 trades, 20% win rate, avg -1.58% (LOSING)
Performance: Total return +0.45% | Max drawdown 0.94% | Daily Sharpe 1.61 | 19 closed trades | Win rate 21% | Avg winner +1.83% | Avg loser -3.26% | Open positions: 0 | Equity $99,311.19
Engine P&L: legacy/unknown: realized $-1,705.68 (19 closed, 21% wins), unrealized $+0.00 (0 open) | Books: legacy: realized $-1,705.68, unrealized $+0.00
Reports: daily realized $+0.00; worst symbols none | weekly realized $+0.00; worst symbols none
Shadow report: 23956 shadow candidate(s), 120 rejection group(s)
Timings: account: 0.0s | risk: 0.1s | decide: 5.8s | watchlist: 0.0s | perf: 0.2s

=== Run at 2026-09-17T18:58:26.275675 ===
Build fingerprint: 4f68550affe5
Current time: 2026-09-17 02:58 PM EDT | Market open (per Alpaca): True | Session: REGULAR
Account value: $99,311.19
Cash: $99,311.19 | Holdings (0): none
Sector exposure (cached): unavailable (no holdings)
Fill reconciliation: {'filled': 0, 'partial': 0, 'rejected': 1}
Risk state: peak $99,703.60 | drawdown 0.39% | today +0.00% | halted: False
Market regime: NEUTRAL (position-size multiplier: 100% incl. circuit breaker 100%)
Overnight queue deferred 4 known-stale idea(s) for 30 minutes to preserve Gemini quota.
Morning verification: 1 overnight-queued trade(s) handed to Gemini for re-verification against fresh data.
News: fetched 158, 3 new after dedup, 0 ticker(s) matched.
Quant pre-screen: 19/60 candidates passed.
Gemini proposed 1 trade(s) meeting the conviction bar.
Gemini calls used today (all models combined): 323
  -> {"ticker": "HPE", "status": "skipped", "reason": "market data unavailable for HPE (bid/ask spread missing)", "shadow": false, "data_guard": true}
Overnight queue kept 5 idea(s) whose market data was stale; they will be retried after fresh quotes arrive.
Dashboard watchlist synced (1 symbols) for news/headlines.
Ending portfolio value: $99,311.19
Trade journal: all: 19 trades, 21% win rate, avg -2.19% | breakout: 1 trades, 0% win rate, avg -8.61% | other: 13 trades, 23% win rate, avg -1.93% | technical: 5 trades, 20% win rate, avg -1.58%
Self-learning: breakout: 1 trades, 0% win rate, avg -8.61% (LOSING) | other: 13 trades, 23% win rate, avg -1.93% (LOSING) | technical: 5 trades, 20% win rate, avg -1.58% (LOSING)
Performance: Total return +0.45% | Max drawdown 0.94% | Daily Sharpe 1.61 | 19 closed trades | Win rate 21% | Avg winner +1.83% | Avg loser -3.26% | Open positions: 0 | Equity $99,311.19
Engine P&L: legacy/unknown: realized $-1,705.68 (19 closed, 21% wins), unrealized $+0.00 (0 open) | Books: legacy: realized $-1,705.68, unrealized $+0.00
Reports: daily realized $+0.00; worst symbols none | weekly realized $+0.00; worst symbols none
Shadow report: 23957 shadow candidate(s), 119 rejection group(s)
Timings: account: 0.0s | risk: 0.0s | decide: 2.7s | watchlist: 0.0s | perf: 0.3s

=== Run at 2026-09-17T19:00:38.863000 ===
Build fingerprint: 4f68550affe5
Current time: 2026-09-17 03:00 PM EDT | Market open (per Alpaca): True | Session: REGULAR
Account value: $99,311.19
Cash: $99,311.19 | Holdings (0): none
Sector exposure (cached): unavailable (no holdings)
Fill reconciliation: {'filled': 0, 'partial': 0, 'rejected': 1}
Risk state: peak $99,703.60 | drawdown 0.39% | today +0.00% | halted: False
Market regime: NEUTRAL (position-size multiplier: 100% incl. circuit breaker 100%)
Overnight queue deferred 3 known-stale idea(s) for 30 minutes to preserve Gemini quota.
Morning verification: 2 overnight-queued trade(s) handed to Gemini for re-verification against fresh data.
News: fetched 158, 0 new after dedup, 0 ticker(s) matched.
Quant pre-screen: 7/12 candidates passed.
Technical fallback (Gemini throttled/unavailable) proposed 2 trade(s) meeting the conviction bar.
Gemini calls used today (all models combined): 323
  -> {"ticker": "HPE", "status": "skipped", "reason": "market data unavailable for HPE (bid/ask spread missing)", "shadow": false, "data_guard": true}
  -> {"ticker": "EXPD", "status": "skipped", "reason": "liquidity filter: EXPD average volume 38,177 < 500,000", "shadow": false, "data_guard": true}
Overnight queue KEPT for next run (Gemini did not verify this round -- technical fallback or decision failure); 4 idea(s) remain subject to the retry cap.
Run budget reserve reached -- skipping dashboard watchlist sync.
Run budget reserve reached -- skipping performance snapshot.
Trade journal: all: 19 trades, 21% win rate, avg -2.19% | breakout: 1 trades, 0% win rate, avg -8.61% | other: 13 trades, 23% win rate, avg -1.93% | technical: 5 trades, 20% win rate, avg -1.58%
Self-learning: breakout: 1 trades, 0% win rate, avg -8.61% (LOSING) | other: 13 trades, 23% win rate, avg -1.93% (LOSING) | technical: 5 trades, 20% win rate, avg -1.58% (LOSING)
Performance: Total return +0.45% | Max drawdown 0.94% | Daily Sharpe 1.61 | 19 closed trades | Win rate 21% | Avg winner +1.83% | Avg loser -3.26% | Open positions: 0 | Equity $99,311.19
Engine P&L: legacy/unknown: realized $-1,705.68 (19 closed, 21% wins), unrealized $+0.00 (0 open) | Books: legacy: realized $-1,705.68, unrealized $+0.00
Reports: daily realized $+0.00; worst symbols none | weekly realized $+0.00; worst symbols none
Shadow report: 23959 shadow candidate(s), 117 rejection group(s)
Timings: account: 0.0s | risk: 0.3s | decide: 24.2s | watchlist: 0.0s | perf: 0.2s

=== Run at 2026-09-17T19:02:29.098849 ===
Build fingerprint: 4f68550affe5
Current time: 2026-09-17 03:02 PM EDT | Market open (per Alpaca): True | Session: REGULAR
Account value: $99,311.19
Cash: $99,311.19 | Holdings (0): none
Sector exposure (cached): unavailable (no holdings)
Fill reconciliation: {'filled': 0, 'partial': 0, 'rejected': 1}
Risk state: peak $99,703.60 | drawdown 0.39% | today +0.00% | halted: False
Market regime: NEUTRAL (position-size multiplier: 100% incl. circuit breaker 100%)
Overnight queue expired 1 stale/over-retried idea(s); fresh analysis will replace them.
Overnight queue deferred 3 known-stale idea(s) for 30 minutes to preserve Gemini quota.
Morning verification: 3 overnight-queued trade(s) handed to Gemini for re-verification against fresh data.
News: fetched 158, 0 new after dedup, 0 ticker(s) matched.
Quant pre-screen: 11/24 candidates passed.
Technical fallback (Gemini throttled/unavailable) proposed 2 trade(s) meeting the conviction bar.
Gemini calls used today (all models combined): 323
  -> {"ticker": "HPE", "status": "skipped", "reason": "market data unavailable for HPE (bid/ask spread missing)", "shadow": false, "data_guard": true}
  -> {"ticker": "EXPD", "status": "skipped", "reason": "liquidity filter: EXPD average volume 38,195 < 500,000", "shadow": false, "data_guard": true}
Overnight queue KEPT for next run (Gemini did not verify this round -- technical fallback or decision failure); 4 idea(s) remain subject to the retry cap.
Run budget reserve reached -- skipping dashboard watchlist sync.
Run budget reserve reached -- skipping performance snapshot.
Trade journal: all: 19 trades, 21% win rate, avg -2.19% | breakout: 1 trades, 0% win rate, avg -8.61% | other: 13 trades, 23% win rate, avg -1.93% | technical: 5 trades, 20% win rate, avg -1.58%
Self-learning: breakout: 1 trades, 0% win rate, avg -8.61% (LOSING) | other: 13 trades, 23% win rate, avg -1.93% (LOSING) | technical: 5 trades, 20% win rate, avg -1.58% (LOSING)
Performance: Total return +0.45% | Max drawdown 0.94% | Daily Sharpe 1.61 | 19 closed trades | Win rate 21% | Avg winner +1.83% | Avg loser -3.26% | Open positions: 0 | Equity $99,311.19
Engine P&L: legacy/unknown: realized $-1,705.68 (19 closed, 21% wins), unrealized $+0.00 (0 open) | Books: legacy: realized $-1,705.68, unrealized $+0.00
Reports: daily realized $+0.00; worst symbols none | weekly realized $+0.00; worst symbols none
Shadow report: 23961 shadow candidate(s), 115 rejection group(s)
Timings: account: 0.0s | risk: 0.3s | decide: 24.7s | watchlist: 0.0s | perf: 0.2s

=== Run at 2026-09-17T19:04:32.580308 ===
Build fingerprint: 4f68550affe5
Current time: 2026-09-17 03:04 PM EDT | Market open (per Alpaca): True | Session: REGULAR
Account value: $99,311.19
Cash: $99,311.19 | Holdings (0): none
Sector exposure (cached): unavailable (no holdings)
Fill reconciliation: {'filled': 0, 'partial': 0, 'rejected': 1}
Risk state: peak $99,703.60 | drawdown 0.39% | today +0.00% | halted: False
Market regime: NEUTRAL (position-size multiplier: 100% incl. circuit breaker 100%)
Overnight queue deferred 3 known-stale idea(s) for 30 minutes to preserve Gemini quota.
Morning verification: 4 overnight-queued trade(s) handed to Gemini for re-verification against fresh data.
News: fetched 158, 3 new after dedup, 0 ticker(s) matched.
Quant pre-screen: 13/36 candidates passed.
Gemini proposed 3 trade(s) meeting the conviction bar.
Gemini calls used today (all models combined): 324
  -> {"ticker": "FTNT", "status": "skipped", "reason": "liquidity filter: FTNT average volume 175,204 < 500,000", "shadow": false, "data_guard": true}
  -> {"ticker": "HPE", "status": "skipped", "reason": "market data unavailable for HPE (bid/ask spread missing)", "shadow": false, "data_guard": true}
  -> {"ticker": "DDOG", "status": "skipped", "reason": "liquidity filter: DDOG average volume 164,867 < 500,000", "shadow": false, "data_guard": true}
Overnight queue kept 7 idea(s) whose market data was stale; they will be retried after fresh quotes arrive.
Dashboard watchlist synced (3 symbols) for news/headlines.
Ending portfolio value: $99,311.19
Trade journal: all: 19 trades, 21% win rate, avg -2.19% | breakout: 1 trades, 0% win rate, avg -8.61% | other: 13 trades, 23% win rate, avg -1.93% | technical: 5 trades, 20% win rate, avg -1.58%
Self-learning: breakout: 1 trades, 0% win rate, avg -8.61% (LOSING) | other: 13 trades, 23% win rate, avg -1.93% (LOSING) | technical: 5 trades, 20% win rate, avg -1.58% (LOSING)
Performance: Total return +0.45% | Max drawdown 0.94% | Daily Sharpe 1.61 | 19 closed trades | Win rate 21% | Avg winner +1.83% | Avg loser -3.26% | Open positions: 0 | Equity $99,311.19
Engine P&L: legacy/unknown: realized $-1,705.68 (19 closed, 21% wins), unrealized $+0.00 (0 open) | Books: legacy: realized $-1,705.68, unrealized $+0.00
Reports: daily realized $+0.00; worst symbols none | weekly realized $+0.00; worst symbols none
Shadow report: 23964 shadow candidate(s), 112 rejection group(s)
Timings: account: 0.0s | risk: 0.4s | decide: 10.8s | watchlist: 0.1s | perf: 0.4s

=== Run at 2026-09-17T19:06:28.058723 ===
Build fingerprint: 4f68550affe5
Current time: 2026-09-17 03:06 PM EDT | Market open (per Alpaca): True | Session: REGULAR
Account value: $99,311.19
Cash: $99,311.19 | Holdings (0): none
Sector exposure (cached): unavailable (no holdings)
Fill reconciliation: {'filled': 0, 'partial': 0, 'rejected': 1}
Risk state: peak $99,703.60 | drawdown 0.39% | today +0.00% | halted: False
Market regime: NEUTRAL (position-size multiplier: 100% incl. circuit breaker 100%)
Overnight queue deferred 3 known-stale idea(s) for 30 minutes to preserve Gemini quota.
Morning verification: 4 overnight-queued trade(s) handed to Gemini for re-verification against fresh data.
News: fetched 158, 0 new after dedup, 0 ticker(s) matched.
Quant pre-screen: 21/48 candidates passed.
Gemini proposed 2 trade(s) meeting the conviction bar.
Gemini calls used today (all models combined): 325
  -> {"ticker": "FTNT", "status": "skipped", "reason": "liquidity filter: FTNT average volume 175,204 < 500,000", "shadow": false, "data_guard": true}
  -> {"ticker": "HPE", "status": "skipped", "reason": "market data unavailable for HPE (bid/ask spread missing)", "shadow": false, "data_guard": true}
Overnight queue kept 7 idea(s) whose market data was stale; they will be retried after fresh quotes arrive.
Dashboard watchlist synced (2 symbols) for news/headlines.
Ending portfolio value: $99,311.19
Trade journal: all: 19 trades, 21% win rate, avg -2.19% | breakout: 1 trades, 0% win rate, avg -8.61% | other: 13 trades, 23% win rate, avg -1.93% | technical: 5 trades, 20% win rate, avg -1.58%
Self-learning: breakout: 1 trades, 0% win rate, avg -8.61% (LOSING) | other: 13 trades, 23% win rate, avg -1.93% (LOSING) | technical: 5 trades, 20% win rate, avg -1.58% (LOSING)
Performance: Total return +0.45% | Max drawdown 0.94% | Daily Sharpe 1.61 | 19 closed trades | Win rate 21% | Avg winner +1.83% | Avg loser -3.26% | Open positions: 0 | Equity $99,311.19
Engine P&L: legacy/unknown: realized $-1,705.68 (19 closed, 21% wins), unrealized $+0.00 (0 open) | Books: legacy: realized $-1,705.68, unrealized $+0.00
Reports: daily realized $+0.00; worst symbols none | weekly realized $+0.00; worst symbols none
Shadow report: 23966 shadow candidate(s), 110 rejection group(s)
Timings: account: 0.0s | risk: 0.2s | decide: 11.4s | watchlist: 0.1s | perf: 0.3s

=== Run at 2026-09-17T19:08:23.752723 ===
Build fingerprint: 4f68550affe5
Current time: 2026-09-17 03:08 PM EDT | Market open (per Alpaca): True | Session: REGULAR
Account value: $99,311.19
Cash: $99,311.19 | Holdings (0): none
Sector exposure (cached): unavailable (no holdings)
Fill reconciliation: {'filled': 0, 'partial': 0, 'rejected': 1}
Risk state: peak $99,703.60 | drawdown 0.39% | today +0.00% | halted: False
Market regime: NEUTRAL (position-size multiplier: 100% incl. circuit breaker 100%)
Overnight queue deferred 3 known-stale idea(s) for 30 minutes to preserve Gemini quota.
Morning verification: 4 overnight-queued trade(s) handed to Gemini for re-verification against fresh data.
News: fetched 158, 4 new after dedup, 4 ticker(s) matched.
Quant pre-screen: 11/17 candidates passed.
Gemini proposed 2 trade(s) meeting the conviction bar.
Gemini calls used today (all models combined): 326
  -> {"ticker": "HPE", "status": "skipped", "reason": "market data unavailable for HPE (bid/ask spread missing)", "shadow": false, "data_guard": true}
  -> {"ticker": "DDOG", "status": "skipped", "reason": "liquidity filter: DDOG average volume 164,934 < 500,000", "shadow": false, "data_guard": true}
Overnight queue kept 7 idea(s) whose market data was stale; they will be retried after fresh quotes arrive.
Dashboard watchlist synced (6 symbols) for news/headlines.
Ending portfolio value: $99,311.19
Trade journal: all: 19 trades, 21% win rate, avg -2.19% | breakout: 1 trades, 0% win rate, avg -8.61% | other: 13 trades, 23% win rate, avg -1.93% | technical: 5 trades, 20% win rate, avg -1.58%
Self-learning: breakout: 1 trades, 0% win rate, avg -8.61% (LOSING) | other: 13 trades, 23% win rate, avg -1.93% (LOSING) | technical: 5 trades, 20% win rate, avg -1.58% (LOSING)
Performance: Total return +0.45% | Max drawdown 0.94% | Daily Sharpe 1.61 | 19 closed trades | Win rate 21% | Avg winner +1.83% | Avg loser -3.26% | Open positions: 0 | Equity $99,311.19
Engine P&L: legacy/unknown: realized $-1,705.68 (19 closed, 21% wins), unrealized $+0.00 (0 open) | Books: legacy: realized $-1,705.68, unrealized $+0.00
Reports: daily realized $+0.00; worst symbols none | weekly realized $+0.00; worst symbols none
Shadow report: 23968 shadow candidate(s), 108 rejection group(s)
Timings: account: 0.0s | risk: 0.2s | decide: 4.2s | watchlist: 0.0s | perf: 0.3s

=== Run at 2026-09-17T19:10:31.412261 ===
Build fingerprint: 4f68550affe5
Current time: 2026-09-17 03:10 PM EDT | Market open (per Alpaca): True | Session: REGULAR
Account value: $99,311.19
Cash: $99,311.19 | Holdings (0): none
Sector exposure (cached): unavailable (no holdings)
Fill reconciliation: {'filled': 0, 'partial': 0, 'rejected': 1}
Risk state: peak $99,703.60 | drawdown 0.39% | today +0.00% | halted: False
Market regime: NEUTRAL (position-size multiplier: 100% incl. circuit breaker 100%)
Overnight queue deferred 3 known-stale idea(s) for 30 minutes to preserve Gemini quota.
Morning verification: 4 overnight-queued trade(s) handed to Gemini for re-verification against fresh data.
News: fetched 158, 0 new after dedup, 0 ticker(s) matched.
Quant pre-screen: 23/60 candidates passed.
Gemini proposed 1 trade(s) meeting the conviction bar.
Gemini calls used today (all models combined): 327
  -> {"ticker": "HPE", "status": "skipped", "reason": "market data unavailable for HPE (bid/ask spread missing)", "shadow": false, "data_guard": true}
Overnight queue kept 7 idea(s) whose market data was stale; they will be retried after fresh quotes arrive.
Dashboard watchlist synced (1 symbols) for news/headlines.
Ending portfolio value: $99,311.19
Trade journal: all: 19 trades, 21% win rate, avg -2.19% | breakout: 1 trades, 0% win rate, avg -8.61% | other: 13 trades, 23% win rate, avg -1.93% | technical: 5 trades, 20% win rate, avg -1.58%
Self-learning: breakout: 1 trades, 0% win rate, avg -8.61% (LOSING) | other: 13 trades, 23% win rate, avg -1.93% (LOSING) | technical: 5 trades, 20% win rate, avg -1.58% (LOSING)
Performance: Total return +0.45% | Max drawdown 0.94% | Daily Sharpe 1.61 | 19 closed trades | Win rate 21% | Avg winner +1.83% | Avg loser -3.26% | Open positions: 0 | Equity $99,311.19
Engine P&L: legacy/unknown: realized $-1,705.68 (19 closed, 21% wins), unrealized $+0.00 (0 open) | Books: legacy: realized $-1,705.68, unrealized $+0.00
Reports: daily realized $+0.00; worst symbols none | weekly realized $+0.00; worst symbols none
Shadow report: 23969 shadow candidate(s), 107 rejection group(s)
Timings: account: 0.0s | risk: 0.3s | decide: 16.3s | watchlist: 0.1s | perf: 0.4s

=== Run at 2026-09-17T19:12:28.462079 ===
Build fingerprint: 4f68550affe5
Current time: 2026-09-17 03:12 PM EDT | Market open (per Alpaca): True | Session: REGULAR
Account value: $99,311.19
Cash: $99,311.19 | Holdings (0): none
Sector exposure (cached): unavailable (no holdings)
Fill reconciliation: {'filled': 0, 'partial': 0, 'rejected': 1}
Risk state: peak $99,703.60 | drawdown 0.39% | today +0.00% | halted: False
Market regime: NEUTRAL (position-size multiplier: 100% incl. circuit breaker 100%)
Overnight queue deferred 3 known-stale idea(s) for 30 minutes to preserve Gemini quota.
Morning verification: 4 overnight-queued trade(s) handed to Gemini for re-verification against fresh data.
News: fetched 158, 2 new after dedup, 3 ticker(s) matched.
Quant pre-screen: 10/27 candidates passed.
Technical fallback (Gemini throttled/unavailable) proposed 4 trade(s) meeting the conviction bar.
Gemini calls used today (all models combined): 327
  -> {"ticker": "HPE", "status": "skipped", "reason": "market data unavailable for HPE (bid/ask spread missing)", "shadow": false, "data_guard": true}
  -> {"ticker": "HCA", "status": "skipped", "reason": "liquidity filter: HCA average volume 68,905 < 500,000", "shadow": false, "data_guard": true}
  -> {"ticker": "HPQ", "status": "skipped", "reason": "market data unavailable for HPQ (bid/ask spread missing)", "shadow": false, "data_guard": true}
  -> {"ticker": "IBM", "status": "skipped", "reason": "liquidity filter: IBM average volume 175,470 < 500,000", "shadow": false, "data_guard": true}
Overnight queue KEPT for next run (Gemini did not verify this round -- technical fallback or decision failure); 4 idea(s) remain subject to the retry cap.
Run budget reserve reached -- skipping dashboard watchlist sync.
Run budget reserve reached -- skipping performance snapshot.
Trade journal: all: 19 trades, 21% win rate, avg -2.19% | breakout: 1 trades, 0% win rate, avg -8.61% | other: 13 trades, 23% win rate, avg -1.93% | technical: 5 trades, 20% win rate, avg -1.58%
Self-learning: breakout: 1 trades, 0% win rate, avg -8.61% (LOSING) | other: 13 trades, 23% win rate, avg -1.93% (LOSING) | technical: 5 trades, 20% win rate, avg -1.58% (LOSING)
Performance: Total return +0.45% | Max drawdown 0.94% | Daily Sharpe 1.61 | 19 closed trades | Win rate 21% | Avg winner +1.83% | Avg loser -3.26% | Open positions: 0 | Equity $99,311.19
Engine P&L: legacy/unknown: realized $-1,705.68 (19 closed, 21% wins), unrealized $+0.00 (0 open) | Books: legacy: realized $-1,705.68, unrealized $+0.00
Reports: daily realized $+0.00; worst symbols none | weekly realized $+0.00; worst symbols none
Shadow report: 23973 shadow candidate(s), 103 rejection group(s)
Timings: account: 0.0s | risk: 0.1s | decide: 24.9s | watchlist: 0.0s | perf: 0.3s

=== Run at 2026-09-17T19:14:30.467993 ===
Build fingerprint: 4f68550affe5
Current time: 2026-09-17 03:14 PM EDT | Market open (per Alpaca): True | Session: REGULAR
Account value: $99,311.19
Cash: $99,311.19 | Holdings (0): none
Sector exposure (cached): unavailable (no holdings)
Fill reconciliation: {'filled': 0, 'partial': 0, 'rejected': 1}
Risk state: peak $99,703.60 | drawdown 0.39% | today +0.00% | halted: False
Market regime: NEUTRAL (position-size multiplier: 100% incl. circuit breaker 100%)
Overnight queue deferred 3 known-stale idea(s) for 30 minutes to preserve Gemini quota.
Morning verification: 4 overnight-queued trade(s) handed to Gemini for re-verification against fresh data.
News: fetched 158, 0 new after dedup, 0 ticker(s) matched.
Quant pre-screen: 23/60 candidates passed.
Gemini proposed 2 trade(s) meeting the conviction bar.
Gemini calls used today (all models combined): 328
  -> {"ticker": "HPQ", "status": "skipped", "reason": "market data unavailable for HPQ (bid/ask spread missing)", "shadow": false, "data_guard": true}
  -> {"ticker": "HPE", "status": "skipped", "reason": "market data unavailable for HPE (bid/ask spread missing)", "shadow": false, "data_guard": true}
Overnight queue kept 8 idea(s) whose market data was stale; they will be retried after fresh quotes arrive.
Dashboard watchlist synced (2 symbols) for news/headlines.
Ending portfolio value: $99,311.19
Trade journal: all: 19 trades, 21% win rate, avg -2.19% | breakout: 1 trades, 0% win rate, avg -8.61% | other: 13 trades, 23% win rate, avg -1.93% | technical: 5 trades, 20% win rate, avg -1.58%
Self-learning: breakout: 1 trades, 0% win rate, avg -8.61% (LOSING) | other: 13 trades, 23% win rate, avg -1.93% (LOSING) | technical: 5 trades, 20% win rate, avg -1.58% (LOSING)
Performance: Total return +0.45% | Max drawdown 0.94% | Daily Sharpe 1.61 | 19 closed trades | Win rate 21% | Avg winner +1.83% | Avg loser -3.26% | Open positions: 0 | Equity $99,311.19
Engine P&L: legacy/unknown: realized $-1,705.68 (19 closed, 21% wins), unrealized $+0.00 (0 open) | Books: legacy: realized $-1,705.68, unrealized $+0.00
Reports: daily realized $+0.00; worst symbols none | weekly realized $+0.00; worst symbols none
Shadow report: 23975 shadow candidate(s), 102 rejection group(s)
Timings: account: 0.0s | risk: 0.0s | decide: 3.0s | watchlist: 0.0s | perf: 0.2s

=== Run at 2026-09-17T19:16:29.368502 ===
Build fingerprint: 4f68550affe5
Current time: 2026-09-17 03:16 PM EDT | Market open (per Alpaca): True | Session: REGULAR
Account value: $99,311.19
Cash: $99,311.19 | Holdings (0): none
Sector exposure (cached): unavailable (no holdings)
Fill reconciliation: {'filled': 0, 'partial': 0, 'rejected': 1}
Risk state: peak $99,703.60 | drawdown 0.39% | today +0.00% | halted: False
Market regime: NEUTRAL (position-size multiplier: 100% incl. circuit breaker 100%)
Overnight queue deferred 4 known-stale idea(s) for 30 minutes to preserve Gemini quota.
Morning verification: 4 overnight-queued trade(s) handed to Gemini for re-verification against fresh data.
News: fetched 158, 3 new after dedup, 0 ticker(s) matched.
Quant pre-screen: 23/60 candidates passed.
Gemini proposed 1 trade(s) meeting the conviction bar.
Gemini calls used today (all models combined): 329
  -> {"ticker": "HPQ", "status": "skipped", "reason": "market data unavailable for HPQ (bid/ask spread missing)", "shadow": false, "data_guard": true}
Overnight queue kept 8 idea(s) whose market data was stale; they will be retried after fresh quotes arrive.
Dashboard watchlist synced (1 symbols) for news/headlines.
Ending portfolio value: $99,311.19
Trade journal: all: 19 trades, 21% win rate, avg -2.19% | breakout: 1 trades, 0% win rate, avg -8.61% | other: 13 trades, 23% win rate, avg -1.93% | technical: 5 trades, 20% win rate, avg -1.58%
Self-learning: breakout: 1 trades, 0% win rate, avg -8.61% (LOSING) | other: 13 trades, 23% win rate, avg -1.93% (LOSING) | technical: 5 trades, 20% win rate, avg -1.58% (LOSING)
Performance: Total return +0.45% | Max drawdown 0.94% | Daily Sharpe 1.61 | 19 closed trades | Win rate 21% | Avg winner +1.83% | Avg loser -3.26% | Open positions: 0 | Equity $99,311.19
Engine P&L: legacy/unknown: realized $-1,705.68 (19 closed, 21% wins), unrealized $+0.00 (0 open) | Books: legacy: realized $-1,705.68, unrealized $+0.00
Reports: daily realized $+0.00; worst symbols none | weekly realized $+0.00; worst symbols none
Shadow report: 23976 shadow candidate(s), 101 rejection group(s)
Timings: account: 0.0s | risk: 0.4s | decide: 7.9s | watchlist: 0.2s | perf: 0.4s

=== Run at 2026-09-17T19:18:28.017403 ===
Build fingerprint: 4f68550affe5
Current time: 2026-09-17 03:18 PM EDT | Market open (per Alpaca): True | Session: REGULAR
Account value: $99,311.19
Cash: $99,311.19 | Holdings (0): none
Sector exposure (cached): unavailable (no holdings)
Fill reconciliation: {'filled': 0, 'partial': 0, 'rejected': 1}
Risk state: peak $99,703.60 | drawdown 0.39% | today +0.00% | halted: False
Market regime: NEUTRAL (position-size multiplier: 100% incl. circuit breaker 100%)
Overnight queue deferred 4 known-stale idea(s) for 30 minutes to preserve Gemini quota.
Morning verification: 4 overnight-queued trade(s) handed to Gemini for re-verification against fresh data.
News: fetched 158, 3 new after dedup, 2 ticker(s) matched.
Quant pre-screen: 13/24 candidates passed.
Gemini proposed 2 trade(s) meeting the conviction bar.
Gemini calls used today (all models combined): 330
  -> {"ticker": "HPQ", "status": "skipped", "reason": "market data unavailable for HPQ (bid/ask spread missing)", "shadow": false, "data_guard": true}
  -> {"ticker": "HPE", "status": "skipped", "reason": "market data unavailable for HPE (bid/ask spread missing)", "shadow": false, "data_guard": true}
Overnight queue kept 8 idea(s) whose market data was stale; they will be retried after fresh quotes arrive.
Dashboard watchlist synced (4 symbols) for news/headlines.
Ending portfolio value: $99,311.19
Trade journal: all: 19 trades, 21% win rate, avg -2.19% | breakout: 1 trades, 0% win rate, avg -8.61% | other: 13 trades, 23% win rate, avg -1.93% | technical: 5 trades, 20% win rate, avg -1.58%
Self-learning: breakout: 1 trades, 0% win rate, avg -8.61% (LOSING) | other: 13 trades, 23% win rate, avg -1.93% (LOSING) | technical: 5 trades, 20% win rate, avg -1.58% (LOSING)
Performance: Total return +0.45% | Max drawdown 0.94% | Daily Sharpe 1.61 | 19 closed trades | Win rate 21% | Avg winner +1.83% | Avg loser -3.26% | Open positions: 0 | Equity $99,311.19
Engine P&L: legacy/unknown: realized $-1,705.68 (19 closed, 21% wins), unrealized $+0.00 (0 open) | Books: legacy: realized $-1,705.68, unrealized $+0.00
Reports: daily realized $+0.00; worst symbols none | weekly realized $+0.00; worst symbols none
Shadow report: 23978 shadow candidate(s), 99 rejection group(s)
Timings: account: 0.0s | risk: 0.1s | decide: 4.7s | watchlist: 0.0s | perf: 0.3s

=== Run at 2026-09-17T19:20:31.991604 ===
Build fingerprint: 4f68550affe5
Current time: 2026-09-17 03:20 PM EDT | Market open (per Alpaca): True | Session: REGULAR
Account value: $99,311.19
Cash: $99,311.19 | Holdings (0): none
Sector exposure (cached): unavailable (no holdings)
Fill reconciliation: {'filled': 0, 'partial': 0, 'rejected': 1}
Risk state: peak $99,703.60 | drawdown 0.39% | today +0.00% | halted: False
Market regime: NEUTRAL (position-size multiplier: 100% incl. circuit breaker 100%)
Overnight queue deferred 4 known-stale idea(s) for 30 minutes to preserve Gemini quota.
Morning verification: 4 overnight-queued trade(s) handed to Gemini for re-verification against fresh data.
News: fetched 158, 1 new after dedup, 0 ticker(s) matched.
Quant pre-screen: 23/60 candidates passed.
Gemini proposed 2 trade(s) meeting the conviction bar.
Gemini calls used today (all models combined): 331
  -> {"ticker": "HPQ", "status": "skipped", "reason": "market data unavailable for HPQ (bid/ask spread missing)", "shadow": false, "data_guard": true}
  -> {"ticker": "FTNT", "status": "skipped", "reason": "liquidity filter: FTNT average volume 175,385 < 500,000", "shadow": false, "data_guard": true}
Overnight queue kept 8 idea(s) whose market data was stale; they will be retried after fresh quotes arrive.
Dashboard watchlist synced (2 symbols) for news/headlines.
Ending portfolio value: $99,311.19
Trade journal: all: 19 trades, 21% win rate, avg -2.19% | breakout: 1 trades, 0% win rate, avg -8.61% | other: 13 trades, 23% win rate, avg -1.93% | technical: 5 trades, 20% win rate, avg -1.58%
Self-learning: breakout: 1 trades, 0% win rate, avg -8.61% (LOSING) | other: 13 trades, 23% win rate, avg -1.93% (LOSING) | technical: 5 trades, 20% win rate, avg -1.58% (LOSING)
Performance: Total return +0.45% | Max drawdown 0.94% | Daily Sharpe 1.61 | 19 closed trades | Win rate 21% | Avg winner +1.83% | Avg loser -3.26% | Open positions: 0 | Equity $99,311.19
Engine P&L: legacy/unknown: realized $-1,705.68 (19 closed, 21% wins), unrealized $+0.00 (0 open) | Books: legacy: realized $-1,705.68, unrealized $+0.00
Reports: daily realized $+0.00; worst symbols none | weekly realized $+0.00; worst symbols none
Shadow report: 23980 shadow candidate(s), 97 rejection group(s)
Timings: account: 0.0s | risk: 0.1s | decide: 3.4s | watchlist: 0.0s | perf: 0.3s

=== Run at 2026-09-17T19:22:32.376232 ===
Build fingerprint: 4f68550affe5
Current time: 2026-09-17 03:22 PM EDT | Market open (per Alpaca): True | Session: REGULAR
Account value: $99,311.19
Cash: $99,311.19 | Holdings (0): none
Sector exposure (cached): unavailable (no holdings)
Fill reconciliation: {'filled': 0, 'partial': 0, 'rejected': 1}
Risk state: peak $99,703.60 | drawdown 0.39% | today +0.00% | halted: False
Market regime: NEUTRAL (position-size multiplier: 100% incl. circuit breaker 100%)
Overnight queue deferred 4 known-stale idea(s) for 30 minutes to preserve Gemini quota.
Morning verification: 4 overnight-queued trade(s) handed to Gemini for re-verification against fresh data.
News: fetched 120, 2 new after dedup, 0 ticker(s) matched.
Quant pre-screen: 23/60 candidates passed.
Gemini proposed 3 trade(s) meeting the conviction bar.
Gemini calls used today (all models combined): 332
  -> {"ticker": "HPQ", "status": "skipped", "reason": "market data unavailable for HPQ (bid/ask spread missing)", "shadow": false, "data_guard": true}
  -> {"ticker": "HPE", "status": "skipped", "reason": "market data unavailable for HPE (bid/ask spread missing)", "shadow": false, "data_guard": true}
  -> {"ticker": "FTNT", "status": "skipped", "reason": "liquidity filter: FTNT average volume 175,417 < 500,000", "shadow": false, "data_guard": true}
Overnight queue kept 8 idea(s) whose market data was stale; they will be retried after fresh quotes arrive.
Dashboard watchlist synced (3 symbols) for news/headlines.
Ending portfolio value: $99,311.19
Trade journal: all: 19 trades, 21% win rate, avg -2.19% | breakout: 1 trades, 0% win rate, avg -8.61% | other: 13 trades, 23% win rate, avg -1.93% | technical: 5 trades, 20% win rate, avg -1.58%
Self-learning: breakout: 1 trades, 0% win rate, avg -8.61% (LOSING) | other: 13 trades, 23% win rate, avg -1.93% (LOSING) | technical: 5 trades, 20% win rate, avg -1.58% (LOSING)
Performance: Total return +0.45% | Max drawdown 0.94% | Daily Sharpe 1.61 | 19 closed trades | Win rate 21% | Avg winner +1.83% | Avg loser -3.26% | Open positions: 0 | Equity $99,311.19
Engine P&L: legacy/unknown: realized $-1,705.68 (19 closed, 21% wins), unrealized $+0.00 (0 open) | Books: legacy: realized $-1,705.68, unrealized $+0.00
Reports: daily realized $+0.00; worst symbols none | weekly realized $+0.00; worst symbols none
Shadow report: 23983 shadow candidate(s), 94 rejection group(s)
Timings: account: 0.0s | risk: 0.3s | decide: 12.2s | watchlist: 0.1s | perf: 0.4s

=== Run at 2026-09-17T19:24:32.346835 ===
Build fingerprint: 4f68550affe5
Current time: 2026-09-17 03:24 PM EDT | Market open (per Alpaca): True | Session: REGULAR
Account value: $99,311.19
Cash: $99,311.19 | Holdings (0): none
Sector exposure (cached): unavailable (no holdings)
Fill reconciliation: {'filled': 0, 'partial': 0, 'rejected': 1}
Risk state: peak $99,703.60 | drawdown 0.39% | today +0.00% | halted: False
Market regime: NEUTRAL (position-size multiplier: 100% incl. circuit breaker 100%)
Overnight queue deferred 3 known-stale idea(s) for 30 minutes to preserve Gemini quota.
Morning verification: 5 overnight-queued trade(s) handed to Gemini for re-verification against fresh data.
News: fetched 158, 1 new after dedup, 0 ticker(s) matched.
Quant pre-screen: 23/60 candidates passed.
Gemini proposed 3 trade(s) meeting the conviction bar.
Gemini calls used today (all models combined): 333
  -> {"ticker": "HPQ", "status": "skipped", "reason": "market data unavailable for HPQ (bid/ask spread missing)", "shadow": false, "data_guard": true}
  -> {"ticker": "HPE", "status": "skipped", "reason": "market data unavailable for HPE (bid/ask spread missing)", "shadow": false, "data_guard": true}
  -> {"ticker": "FTNT", "status": "skipped", "reason": "liquidity filter: FTNT average volume 175,430 < 500,000", "shadow": false, "data_guard": true}
Overnight queue kept 8 idea(s) whose market data was stale; they will be retried after fresh quotes arrive.
Dashboard watchlist synced (3 symbols) for news/headlines.
Ending portfolio value: $99,311.19
Trade journal: all: 19 trades, 21% win rate, avg -2.19% | breakout: 1 trades, 0% win rate, avg -8.61% | other: 13 trades, 23% win rate, avg -1.93% | technical: 5 trades, 20% win rate, avg -1.58%
Self-learning: breakout: 1 trades, 0% win rate, avg -8.61% (LOSING) | other: 13 trades, 23% win rate, avg -1.93% (LOSING) | technical: 5 trades, 20% win rate, avg -1.58% (LOSING)
Performance: Total return +0.45% | Max drawdown 0.94% | Daily Sharpe 1.61 | 19 closed trades | Win rate 21% | Avg winner +1.83% | Avg loser -3.26% | Open positions: 0 | Equity $99,311.19
Engine P&L: legacy/unknown: realized $-1,705.68 (19 closed, 21% wins), unrealized $+0.00 (0 open) | Books: legacy: realized $-1,705.68, unrealized $+0.00
Reports: daily realized $+0.00; worst symbols none | weekly realized $+0.00; worst symbols none
Shadow report: 23986 shadow candidate(s), 91 rejection group(s)
Timings: account: 0.0s | risk: 0.0s | decide: 3.4s | watchlist: 0.0s | perf: 0.3s

=== Run at 2026-09-17T19:26:27.336860 ===
Build fingerprint: 4f68550affe5
Current time: 2026-09-17 03:26 PM EDT | Market open (per Alpaca): True | Session: REGULAR
Account value: $99,311.19
Cash: $99,311.19 | Holdings (0): none
Sector exposure (cached): unavailable (no holdings)
Fill reconciliation: {'filled': 0, 'partial': 0, 'rejected': 1}
Risk state: peak $99,703.60 | drawdown 0.39% | today +0.00% | halted: False
Market regime: NEUTRAL (position-size multiplier: 100% incl. circuit breaker 100%)
Overnight queue deferred 3 known-stale idea(s) for 30 minutes to preserve Gemini quota.
Morning verification: 5 overnight-queued trade(s) handed to Gemini for re-verification against fresh data.
News: fetched 158, 0 new after dedup, 0 ticker(s) matched.
Quant pre-screen: 23/60 candidates passed.
Gemini proposed 2 trade(s) meeting the conviction bar.
Gemini calls used today (all models combined): 334
  -> {"ticker": "HPQ", "status": "skipped", "reason": "market data unavailable for HPQ (bid/ask spread missing)", "shadow": false, "data_guard": true}
  -> {"ticker": "HPE", "status": "skipped", "reason": "market data unavailable for HPE (bid/ask spread missing)", "shadow": false, "data_guard": true}
Overnight queue kept 8 idea(s) whose market data was stale; they will be retried after fresh quotes arrive.
Dashboard watchlist synced (2 symbols) for news/headlines.
Ending portfolio value: $99,311.19
Trade journal: all: 19 trades, 21% win rate, avg -2.19% | breakout: 1 trades, 0% win rate, avg -8.61% | other: 13 trades, 23% win rate, avg -1.93% | technical: 5 trades, 20% win rate, avg -1.58%
Self-learning: breakout: 1 trades, 0% win rate, avg -8.61% (LOSING) | other: 13 trades, 23% win rate, avg -1.93% (LOSING) | technical: 5 trades, 20% win rate, avg -1.58% (LOSING)
Performance: Total return +0.45% | Max drawdown 0.94% | Daily Sharpe 1.61 | 19 closed trades | Win rate 21% | Avg winner +1.83% | Avg loser -3.26% | Open positions: 0 | Equity $99,311.19
Engine P&L: legacy/unknown: realized $-1,705.68 (19 closed, 21% wins), unrealized $+0.00 (0 open) | Books: legacy: realized $-1,705.68, unrealized $+0.00
Reports: daily realized $+0.00; worst symbols none | weekly realized $+0.00; worst symbols none
Shadow report: 23988 shadow candidate(s), 89 rejection group(s)
Timings: account: 0.0s | risk: 0.2s | decide: 5.8s | watchlist: 0.1s | perf: 0.3s

=== Run at 2026-09-17T19:28:28.873446 ===
Build fingerprint: 4f68550affe5
Current time: 2026-09-17 03:28 PM EDT | Market open (per Alpaca): True | Session: REGULAR
Account value: $99,311.19
Cash: $99,311.19 | Holdings (0): none
Sector exposure (cached): unavailable (no holdings)
Fill reconciliation: {'filled': 0, 'partial': 0, 'rejected': 1}
Risk state: peak $99,703.60 | drawdown 0.39% | today +0.00% | halted: False
Market regime: NEUTRAL (position-size multiplier: 100% incl. circuit breaker 100%)
Overnight queue deferred 2 known-stale idea(s) for 30 minutes to preserve Gemini quota.
Morning verification: 6 overnight-queued trade(s) handed to Gemini for re-verification against fresh data.
News: fetched 158, 2 new after dedup, 0 ticker(s) matched.
Quant pre-screen: 23/60 candidates passed.
Gemini proposed 1 trade(s) meeting the conviction bar.
Gemini calls used today (all models combined): 335
  -> {"ticker": "HPQ", "status": "skipped", "reason": "market data unavailable for HPQ (bid/ask spread missing)", "shadow": false, "data_guard": true}
Overnight queue kept 8 idea(s) whose market data was stale; they will be retried after fresh quotes arrive.
Dashboard watchlist synced (1 symbols) for news/headlines.
Ending portfolio value: $99,311.19
Trade journal: all: 19 trades, 21% win rate, avg -2.19% | breakout: 1 trades, 0% win rate, avg -8.61% | other: 13 trades, 23% win rate, avg -1.93% | technical: 5 trades, 20% win rate, avg -1.58%
Self-learning: breakout: 1 trades, 0% win rate, avg -8.61% (LOSING) | other: 13 trades, 23% win rate, avg -1.93% (LOSING) | technical: 5 trades, 20% win rate, avg -1.58% (LOSING)
Performance: Total return +0.45% | Max drawdown 0.94% | Daily Sharpe 1.61 | 19 closed trades | Win rate 21% | Avg winner +1.83% | Avg loser -3.26% | Open positions: 0 | Equity $99,311.19
Engine P&L: legacy/unknown: realized $-1,705.68 (19 closed, 21% wins), unrealized $+0.00 (0 open) | Books: legacy: realized $-1,705.68, unrealized $+0.00
Reports: daily realized $+0.00; worst symbols none | weekly realized $+0.00; worst symbols none
Shadow report: 23989 shadow candidate(s), 88 rejection group(s)
Timings: account: 0.0s | risk: 0.3s | decide: 7.4s | watchlist: 0.1s | perf: 0.4s

=== Run at 2026-09-17T19:30:43.416787 ===
Build fingerprint: 4f68550affe5
Current time: 2026-09-17 03:30 PM EDT | Market open (per Alpaca): True | Session: REGULAR
Account value: $99,311.19
Cash: $99,311.19 | Holdings (0): none
Sector exposure (cached): unavailable (no holdings)
Fill reconciliation: {'filled': 0, 'partial': 0, 'rejected': 1}
Risk state: peak $99,703.60 | drawdown 0.39% | today +0.00% | halted: False
Market regime: NEUTRAL (position-size multiplier: 100% incl. circuit breaker 100%)
Overnight queue deferred 2 known-stale idea(s) for 30 minutes to preserve Gemini quota.
Morning verification: 6 overnight-queued trade(s) handed to Gemini for re-verification against fresh data.
News: fetched 158, 0 new after dedup, 0 ticker(s) matched.
Quant pre-screen: 23/60 candidates passed.
Gemini proposed 2 trade(s) meeting the conviction bar.
Gemini calls used today (all models combined): 336
  -> {"ticker": "HPQ", "status": "skipped", "reason": "market data unavailable for HPQ (bid/ask spread missing)", "shadow": false, "data_guard": true}
  -> {"ticker": "FTNT", "status": "skipped", "reason": "liquidity filter: FTNT average volume 175,563 < 500,000", "shadow": false, "data_guard": true}
Overnight queue kept 8 idea(s) whose market data was stale; they will be retried after fresh quotes arrive.
Dashboard watchlist synced (2 symbols) for news/headlines.
Ending portfolio value: $99,311.19
Trade journal: all: 19 trades, 21% win rate, avg -2.19% | breakout: 1 trades, 0% win rate, avg -8.61% | other: 13 trades, 23% win rate, avg -1.93% | technical: 5 trades, 20% win rate, avg -1.58%
Self-learning: breakout: 1 trades, 0% win rate, avg -8.61% (LOSING) | other: 13 trades, 23% win rate, avg -1.93% (LOSING) | technical: 5 trades, 20% win rate, avg -1.58% (LOSING)
Performance: Total return +0.45% | Max drawdown 0.94% | Daily Sharpe 1.61 | 19 closed trades | Win rate 21% | Avg winner +1.83% | Avg loser -3.26% | Open positions: 0 | Equity $99,311.19
Engine P&L: legacy/unknown: realized $-1,705.68 (19 closed, 21% wins), unrealized $+0.00 (0 open) | Books: legacy: realized $-1,705.68, unrealized $+0.00
Reports: daily realized $+0.00; worst symbols none | weekly realized $+0.00; worst symbols none
Shadow report: 23991 shadow candidate(s), 86 rejection group(s)
Timings: account: 0.0s | risk: 0.3s | decide: 9.2s | watchlist: 0.1s | perf: 0.4s

=== Run at 2026-09-17T19:32:29.297616 ===
Build fingerprint: 4f68550affe5
Current time: 2026-09-17 03:32 PM EDT | Market open (per Alpaca): True | Session: REGULAR
Account value: $99,311.19
Cash: $99,311.19 | Holdings (0): none
Sector exposure (cached): unavailable (no holdings)
Fill reconciliation: {'filled': 0, 'partial': 0, 'rejected': 1}
Risk state: peak $99,703.60 | drawdown 0.39% | today +0.00% | halted: False
Market regime: NEUTRAL (position-size multiplier: 100% incl. circuit breaker 100%)
Overnight queue deferred 2 known-stale idea(s) for 30 minutes to preserve Gemini quota.
Morning verification: 6 overnight-queued trade(s) handed to Gemini for re-verification against fresh data.
News: fetched 158, 6 new after dedup, 0 ticker(s) matched.
Quant pre-screen: 23/60 candidates passed.
Technical fallback (Gemini throttled/unavailable) proposed 8 trade(s) meeting the conviction bar.
Gemini calls used today (all models combined): 336
  -> {"ticker": "HPE", "status": "skipped", "reason": "market data unavailable for HPE (bid/ask spread missing)", "shadow": false, "data_guard": true}
  -> {"ticker": "HPQ", "status": "skipped", "reason": "market data unavailable for HPQ (bid/ask spread missing)", "shadow": false, "data_guard": true}
  -> {"ticker": "EXPD", "status": "skipped", "reason": "liquidity filter: EXPD average volume 38,321 < 500,000", "shadow": false, "data_guard": true}
  -> {"ticker": "FTNT", "status": "skipped", "reason": "liquidity filter: FTNT average volume 175,569 < 500,000", "shadow": false, "data_guard": true}
  -> {"ticker": "GEN", "status": "skipped", "reason": "liquidity filter: GEN average volume 396,968 < 500,000", "shadow": false, "data_guard": true}
  -> {"ticker": "GILD", "status": "skipped", "reason": "liquidity filter: GILD average volume 160,501 < 500,000", "shadow": false, "data_guard": true}
  -> {"ticker": "GM", "status": "skipped", "reason": "liquidity filter: GM average volume 192,061 < 500,000", "shadow": false, "data_guard": true}
  -> {"ticker": "HCA", "status": "skipped", "reason": "liquidity filter: HCA average volume 69,155 < 500,000", "shadow": false, "data_guard": true}
Overnight queue KEPT for next run (Gemini did not verify this round -- technical fallback or decision failure); 6 idea(s) remain subject to the retry cap.
Run budget reserve reached -- skipping dashboard watchlist sync.
Run budget reserve reached -- skipping performance snapshot.
Trade journal: all: 19 trades, 21% win rate, avg -2.19% | breakout: 1 trades, 0% win rate, avg -8.61% | other: 13 trades, 23% win rate, avg -1.93% | technical: 5 trades, 20% win rate, avg -1.58%
Self-learning: breakout: 1 trades, 0% win rate, avg -8.61% (LOSING) | other: 13 trades, 23% win rate, avg -1.93% (LOSING) | technical: 5 trades, 20% win rate, avg -1.58% (LOSING)
Performance: Total return +0.45% | Max drawdown 0.94% | Daily Sharpe 1.61 | 19 closed trades | Win rate 21% | Avg winner +1.83% | Avg loser -3.26% | Open positions: 0 | Equity $99,311.19
Engine P&L: legacy/unknown: realized $-1,705.68 (19 closed, 21% wins), unrealized $+0.00 (0 open) | Books: legacy: realized $-1,705.68, unrealized $+0.00
Reports: daily realized $+0.00; worst symbols none | weekly realized $+0.00; worst symbols none
Shadow report: 23999 shadow candidate(s), 78 rejection group(s)
Timings: account: 0.0s | risk: 0.3s | decide: 38.3s | watchlist: 0.0s | perf: 0.3s

=== Run at 2026-09-17T19:34:35.503917 ===
Build fingerprint: 4f68550affe5
Current time: 2026-09-17 03:34 PM EDT | Market open (per Alpaca): True | Session: REGULAR
Account value: $99,311.19
Cash: $99,311.19 | Holdings (0): none
Sector exposure (cached): unavailable (no holdings)
Fill reconciliation: {'filled': 0, 'partial': 0, 'rejected': 1}
Risk state: peak $99,703.60 | drawdown 0.39% | today +0.00% | halted: False
Market regime: NEUTRAL (position-size multiplier: 100% incl. circuit breaker 100%)
Overnight queue deferred 2 known-stale idea(s) for 30 minutes to preserve Gemini quota.
Morning verification: 6 overnight-queued trade(s) handed to Gemini for re-verification against fresh data.
News: fetched 158, 3 new after dedup, 0 ticker(s) matched.
Quant pre-screen: 23/60 candidates passed.
Gemini proposed 2 trade(s) meeting the conviction bar.
Gemini calls used today (all models combined): 337
  -> {"ticker": "HPQ", "status": "skipped", "reason": "market data unavailable for HPQ (bid/ask spread missing)", "shadow": false, "data_guard": true}
  -> {"ticker": "FTNT", "status": "skipped", "reason": "liquidity filter: FTNT average volume 175,608 < 500,000", "shadow": false, "data_guard": true}
Overnight queue kept 8 idea(s) whose market data was stale; they will be retried after fresh quotes arrive.
Dashboard watchlist synced (2 symbols) for news/headlines.
Ending portfolio value: $99,311.19
Trade journal: all: 19 trades, 21% win rate, avg -2.19% | breakout: 1 trades, 0% win rate, avg -8.61% | other: 13 trades, 23% win rate, avg -1.93% | technical: 5 trades, 20% win rate, avg -1.58%
Self-learning: breakout: 1 trades, 0% win rate, avg -8.61% (LOSING) | other: 13 trades, 23% win rate, avg -1.93% (LOSING) | technical: 5 trades, 20% win rate, avg -1.58% (LOSING)
Performance: Total return +0.45% | Max drawdown 0.94% | Daily Sharpe 1.61 | 19 closed trades | Win rate 21% | Avg winner +1.83% | Avg loser -3.26% | Open positions: 0 | Equity $99,311.19
Engine P&L: legacy/unknown: realized $-1,705.68 (19 closed, 21% wins), unrealized $+0.00 (0 open) | Books: legacy: realized $-1,705.68, unrealized $+0.00
Reports: daily realized $+0.00; worst symbols none | weekly realized $+0.00; worst symbols none
Shadow report: 24001 shadow candidate(s), 76 rejection group(s)
Timings: account: 0.0s | risk: 0.4s | decide: 6.0s | watchlist: 0.1s | perf: 0.4s

=== Run at 2026-09-17T19:36:31.171372 ===
Build fingerprint: 4f68550affe5
Current time: 2026-09-17 03:36 PM EDT | Market open (per Alpaca): True | Session: REGULAR
Account value: $99,311.19
Cash: $99,311.19 | Holdings (0): none
Sector exposure (cached): unavailable (no holdings)
Fill reconciliation: {'filled': 0, 'partial': 0, 'rejected': 1}
Risk state: peak $99,703.60 | drawdown 0.39% | today +0.00% | halted: False
Market regime: NEUTRAL (position-size multiplier: 100% incl. circuit breaker 100%)
Overnight queue deferred 2 known-stale idea(s) for 30 minutes to preserve Gemini quota.
Morning verification: 6 overnight-queued trade(s) handed to Gemini for re-verification against fresh data.
News: fetched 158, 3 new after dedup, 0 ticker(s) matched.
Quant pre-screen: 23/60 candidates passed.
Gemini proposed 3 trade(s) meeting the conviction bar.
Gemini calls used today (all models combined): 338
  -> {"ticker": "HPQ", "status": "skipped", "reason": "market data unavailable for HPQ (bid/ask spread missing)", "shadow": false, "data_guard": true}
  -> {"ticker": "HPE", "status": "skipped", "reason": "market data unavailable for HPE (bid/ask spread missing)", "shadow": false, "data_guard": true}
  -> {"ticker": "FTNT", "status": "skipped", "reason": "liquidity filter: FTNT average volume 175,664 < 500,000", "shadow": false, "data_guard": true}
Overnight queue kept 8 idea(s) whose market data was stale; they will be retried after fresh quotes arrive.
Dashboard watchlist synced (3 symbols) for news/headlines.
Ending portfolio value: $99,311.19
Trade journal: all: 19 trades, 21% win rate, avg -2.19% | breakout: 1 trades, 0% win rate, avg -8.61% | other: 13 trades, 23% win rate, avg -1.93% | technical: 5 trades, 20% win rate, avg -1.58%
Self-learning: breakout: 1 trades, 0% win rate, avg -8.61% (LOSING) | other: 13 trades, 23% win rate, avg -1.93% (LOSING) | technical: 5 trades, 20% win rate, avg -1.58% (LOSING)
Performance: Total return +0.45% | Max drawdown 0.94% | Daily Sharpe 1.61 | 19 closed trades | Win rate 21% | Avg winner +1.83% | Avg loser -3.26% | Open positions: 0 | Equity $99,311.19
Engine P&L: legacy/unknown: realized $-1,705.68 (19 closed, 21% wins), unrealized $+0.00 (0 open) | Books: legacy: realized $-1,705.68, unrealized $+0.00
Reports: daily realized $+0.00; worst symbols none | weekly realized $+0.00; worst symbols none
Shadow report: 24004 shadow candidate(s), 73 rejection group(s)
Timings: account: 0.0s | risk: 0.2s | decide: 7.9s | watchlist: 0.1s | perf: 0.2s

=== Run at 2026-09-17T19:38:31.922996 ===
Build fingerprint: 4f68550affe5
Current time: 2026-09-17 03:38 PM EDT | Market open (per Alpaca): True | Session: REGULAR
Account value: $99,311.19
Cash: $99,311.19 | Holdings (0): none
Sector exposure (cached): unavailable (no holdings)
Fill reconciliation: {'filled': 0, 'partial': 0, 'rejected': 1}
Risk state: peak $99,703.60 | drawdown 0.39% | today +0.00% | halted: False
Market regime: NEUTRAL (position-size multiplier: 100% incl. circuit breaker 100%)
Overnight queue deferred 2 known-stale idea(s) for 30 minutes to preserve Gemini quota.
Morning verification: 6 overnight-queued trade(s) handed to Gemini for re-verification against fresh data.
News: fetched 158, 0 new after dedup, 0 ticker(s) matched.
Quant pre-screen: 23/60 candidates passed.
Gemini proposed 1 trade(s) meeting the conviction bar.
Gemini calls used today (all models combined): 339
  -> {"ticker": "HPQ", "status": "skipped", "reason": "market data unavailable for HPQ (bid/ask spread missing)", "shadow": false, "data_guard": true}
Overnight queue kept 8 idea(s) whose market data was stale; they will be retried after fresh quotes arrive.
Dashboard watchlist synced (1 symbols) for news/headlines.
Ending portfolio value: $99,311.19
Trade journal: all: 19 trades, 21% win rate, avg -2.19% | breakout: 1 trades, 0% win rate, avg -8.61% | other: 13 trades, 23% win rate, avg -1.93% | technical: 5 trades, 20% win rate, avg -1.58%
Self-learning: breakout: 1 trades, 0% win rate, avg -8.61% (LOSING) | other: 13 trades, 23% win rate, avg -1.93% (LOSING) | technical: 5 trades, 20% win rate, avg -1.58% (LOSING)
Performance: Total return +0.45% | Max drawdown 0.94% | Daily Sharpe 1.61 | 19 closed trades | Win rate 21% | Avg winner +1.83% | Avg loser -3.26% | Open positions: 0 | Equity $99,311.19
Engine P&L: legacy/unknown: realized $-1,705.68 (19 closed, 21% wins), unrealized $+0.00 (0 open) | Books: legacy: realized $-1,705.68, unrealized $+0.00
Reports: daily realized $+0.00; worst symbols none | weekly realized $+0.00; worst symbols none
Shadow report: 24005 shadow candidate(s), 72 rejection group(s)
Timings: account: 0.0s | risk: 0.0s | decide: 8.0s | watchlist: 0.0s | perf: 0.3s

=== Run at 2026-09-17T19:40:31.367773 ===
Build fingerprint: 4f68550affe5
Current time: 2026-09-17 03:40 PM EDT | Market open (per Alpaca): True | Session: REGULAR
Account value: $99,311.19
Cash: $99,311.19 | Holdings (0): none
Sector exposure (cached): unavailable (no holdings)
Fill reconciliation: {'filled': 0, 'partial': 0, 'rejected': 1}
Risk state: peak $99,703.60 | drawdown 0.39% | today +0.00% | halted: False
Market regime: NEUTRAL (position-size multiplier: 100% incl. circuit breaker 100%)
Overnight queue deferred 2 known-stale idea(s) for 30 minutes to preserve Gemini quota.
Morning verification: 6 overnight-queued trade(s) handed to Gemini for re-verification against fresh data.
News: fetched 158, 0 new after dedup, 0 ticker(s) matched.
Quant pre-screen: 23/60 candidates passed.
Gemini proposed 1 trade(s) meeting the conviction bar.
Gemini calls used today (all models combined): 340
  -> {"ticker": "HPQ", "status": "skipped", "reason": "market data unavailable for HPQ (bid/ask spread missing)", "shadow": false, "data_guard": true}
Overnight queue kept 8 idea(s) whose market data was stale; they will be retried after fresh quotes arrive.
Dashboard watchlist synced (1 symbols) for news/headlines.
Ending portfolio value: $99,311.19
Trade journal: all: 19 trades, 21% win rate, avg -2.19% | breakout: 1 trades, 0% win rate, avg -8.61% | other: 13 trades, 23% win rate, avg -1.93% | technical: 5 trades, 20% win rate, avg -1.58%
Self-learning: breakout: 1 trades, 0% win rate, avg -8.61% (LOSING) | other: 13 trades, 23% win rate, avg -1.93% (LOSING) | technical: 5 trades, 20% win rate, avg -1.58% (LOSING)
Performance: Total return +0.45% | Max drawdown 0.94% | Daily Sharpe 1.61 | 19 closed trades | Win rate 21% | Avg winner +1.83% | Avg loser -3.26% | Open positions: 0 | Equity $99,311.19
Engine P&L: legacy/unknown: realized $-1,705.68 (19 closed, 21% wins), unrealized $+0.00 (0 open) | Books: legacy: realized $-1,705.68, unrealized $+0.00
Reports: daily realized $+0.00; worst symbols none | weekly realized $+0.00; worst symbols none
Shadow report: 24006 shadow candidate(s), 71 rejection group(s)
Timings: account: 0.0s | risk: 0.0s | decide: 3.9s | watchlist: 0.0s | perf: 0.3s

=== Run at 2026-09-17T19:42:26.950214 ===
Build fingerprint: 4f68550affe5
Current time: 2026-09-17 03:42 PM EDT | Market open (per Alpaca): True | Session: REGULAR
Account value: $99,311.19
Cash: $99,311.19 | Holdings (0): none
Sector exposure (cached): unavailable (no holdings)
Fill reconciliation: {'filled': 0, 'partial': 0, 'rejected': 1}
Risk state: peak $99,703.60 | drawdown 0.39% | today +0.00% | halted: False
Market regime: NEUTRAL (position-size multiplier: 100% incl. circuit breaker 100%)
Overnight queue deferred 2 known-stale idea(s) for 30 minutes to preserve Gemini quota.
Morning verification: 6 overnight-queued trade(s) handed to Gemini for re-verification against fresh data.
News: fetched 158, 2 new after dedup, 0 ticker(s) matched.
Quant pre-screen: 23/60 candidates passed.
Gemini proposed 2 trade(s) meeting the conviction bar.
Gemini calls used today (all models combined): 341
  -> {"ticker": "HPQ", "status": "skipped", "reason": "market data unavailable for HPQ (bid/ask spread missing)", "shadow": false, "data_guard": true}
  -> {"ticker": "FTNT", "status": "skipped", "reason": "liquidity filter: FTNT average volume 175,765 < 500,000", "shadow": false, "data_guard": true}
Overnight queue kept 8 idea(s) whose market data was stale; they will be retried after fresh quotes arrive.
Dashboard watchlist synced (2 symbols) for news/headlines.
Ending portfolio value: $99,311.19
Trade journal: all: 19 trades, 21% win rate, avg -2.19% | breakout: 1 trades, 0% win rate, avg -8.61% | other: 13 trades, 23% win rate, avg -1.93% | technical: 5 trades, 20% win rate, avg -1.58%
Self-learning: breakout: 1 trades, 0% win rate, avg -8.61% (LOSING) | other: 13 trades, 23% win rate, avg -1.93% (LOSING) | technical: 5 trades, 20% win rate, avg -1.58% (LOSING)
Performance: Total return +0.45% | Max drawdown 0.94% | Daily Sharpe 1.61 | 19 closed trades | Win rate 21% | Avg winner +1.83% | Avg loser -3.26% | Open positions: 0 | Equity $99,311.19
Engine P&L: legacy/unknown: realized $-1,705.68 (19 closed, 21% wins), unrealized $+0.00 (0 open) | Books: legacy: realized $-1,705.68, unrealized $+0.00
Reports: daily realized $+0.00; worst symbols none | weekly realized $+0.00; worst symbols none
Shadow report: 24008 shadow candidate(s), 69 rejection group(s)
Timings: account: 0.0s | risk: 0.2s | decide: 6.1s | watchlist: 0.1s | perf: 0.3s

=== Run at 2026-09-17T19:44:24.499810 ===
Build fingerprint: 4f68550affe5
Current time: 2026-09-17 03:44 PM EDT | Market open (per Alpaca): True | Session: REGULAR
Account value: $99,311.19
Cash: $99,311.19 | Holdings (0): none
Sector exposure (cached): unavailable (no holdings)
Fill reconciliation: {'filled': 0, 'partial': 0, 'rejected': 1}
Risk state: peak $99,703.60 | drawdown 0.39% | today +0.00% | halted: False
Market regime: NEUTRAL (position-size multiplier: 100% incl. circuit breaker 100%)
Overnight queue deferred 2 known-stale idea(s) for 30 minutes to preserve Gemini quota.
Morning verification: 6 overnight-queued trade(s) handed to Gemini for re-verification against fresh data.
News: fetched 158, 1 new after dedup, 0 ticker(s) matched.
Quant pre-screen: 23/60 candidates passed.
Technical fallback (Gemini throttled/unavailable) proposed 8 trade(s) meeting the conviction bar.
Gemini calls used today (all models combined): 341
  -> {"ticker": "HPE", "status": "skipped", "reason": "market data unavailable for HPE (bid/ask spread missing)", "shadow": false, "data_guard": true}
  -> {"ticker": "HPQ", "status": "skipped", "reason": "market data unavailable for HPQ (bid/ask spread missing)", "shadow": false, "data_guard": true}
  -> {"ticker": "EXPD", "status": "skipped", "reason": "liquidity filter: EXPD average volume 38,362 < 500,000", "shadow": false, "data_guard": true}
  -> {"ticker": "FTNT", "status": "skipped", "reason": "liquidity filter: FTNT average volume 175,817 < 500,000", "shadow": false, "data_guard": true}
  -> {"ticker": "GEN", "status": "skipped", "reason": "liquidity filter: GEN average volume 397,631 < 500,000", "shadow": false, "data_guard": true}
  -> {"ticker": "GILD", "status": "skipped", "reason": "liquidity filter: GILD average volume 160,774 < 500,000", "shadow": false, "data_guard": true}
  -> {"ticker": "GM", "status": "skipped", "reason": "liquidity filter: GM average volume 192,440 < 500,000", "shadow": false, "data_guard": true}
  -> {"ticker": "HCA", "status": "skipped", "reason": "liquidity filter: HCA average volume 69,311 < 500,000", "shadow": false, "data_guard": true}
Overnight queue KEPT for next run (Gemini did not verify this round -- technical fallback or decision failure); 6 idea(s) remain subject to the retry cap.
Run budget reserve reached -- skipping dashboard watchlist sync.
Run budget reserve reached -- skipping performance snapshot.
Trade journal: all: 19 trades, 21% win rate, avg -2.19% | breakout: 1 trades, 0% win rate, avg -8.61% | other: 13 trades, 23% win rate, avg -1.93% | technical: 5 trades, 20% win rate, avg -1.58%
Self-learning: breakout: 1 trades, 0% win rate, avg -8.61% (LOSING) | other: 13 trades, 23% win rate, avg -1.93% (LOSING) | technical: 5 trades, 20% win rate, avg -1.58% (LOSING)
Performance: Total return +0.45% | Max drawdown 0.94% | Daily Sharpe 1.61 | 19 closed trades | Win rate 21% | Avg winner +1.83% | Avg loser -3.26% | Open positions: 0 | Equity $99,311.19
Engine P&L: legacy/unknown: realized $-1,705.68 (19 closed, 21% wins), unrealized $+0.00 (0 open) | Books: legacy: realized $-1,705.68, unrealized $+0.00
Reports: daily realized $+0.00; worst symbols none | weekly realized $+0.00; worst symbols none
Shadow report: 24016 shadow candidate(s), 61 rejection group(s)
Timings: account: 0.0s | risk: 0.1s | decide: 25.4s | watchlist: 0.0s | perf: 0.2s

=== Run at 2026-09-17T19:46:28.402167 ===
Build fingerprint: 4f68550affe5
Current time: 2026-09-17 03:46 PM EDT | Market open (per Alpaca): True | Session: REGULAR
Account value: $99,311.19
Cash: $99,311.19 | Holdings (0): none
Sector exposure (cached): unavailable (no holdings)
Fill reconciliation: {'filled': 0, 'partial': 0, 'rejected': 1}
Risk state: peak $99,703.60 | drawdown 0.39% | today +0.00% | halted: False
Market regime: NEUTRAL (position-size multiplier: 100% incl. circuit breaker 100%)
Overnight queue expired 1 stale/over-retried idea(s); fresh analysis will replace them.
Overnight queue deferred 2 known-stale idea(s) for 30 minutes to preserve Gemini quota.
Morning verification: 5 overnight-queued trade(s) handed to Gemini for re-verification against fresh data.
News: fetched 158, 0 new after dedup, 0 ticker(s) matched.
Quant pre-screen: 23/60 candidates passed.
Gemini proposed 3 trade(s) meeting the conviction bar.
Gemini calls used today (all models combined): 342
  -> {"ticker": "HPQ", "status": "skipped", "reason": "market data unavailable for HPQ (bid/ask spread missing)", "shadow": false, "data_guard": true}
  -> {"ticker": "HPE", "status": "skipped", "reason": "market data unavailable for HPE (bid/ask spread missing)", "shadow": false, "data_guard": true}
  -> {"ticker": "FTNT", "status": "skipped", "reason": "liquidity filter: FTNT average volume 175,870 < 500,000", "shadow": false, "data_guard": true}
Overnight queue kept 7 idea(s) whose market data was stale; they will be retried after fresh quotes arrive.
Dashboard watchlist synced (3 symbols) for news/headlines.
Ending portfolio value: $99,311.19
Trade journal: all: 19 trades, 21% win rate, avg -2.19% | breakout: 1 trades, 0% win rate, avg -8.61% | other: 13 trades, 23% win rate, avg -1.93% | technical: 5 trades, 20% win rate, avg -1.58%
Self-learning: breakout: 1 trades, 0% win rate, avg -8.61% (LOSING) | other: 13 trades, 23% win rate, avg -1.93% (LOSING) | technical: 5 trades, 20% win rate, avg -1.58% (LOSING)
Performance: Total return +0.45% | Max drawdown 0.94% | Daily Sharpe 1.61 | 19 closed trades | Win rate 21% | Avg winner +1.83% | Avg loser -3.26% | Open positions: 0 | Equity $99,311.19
Engine P&L: legacy/unknown: realized $-1,705.68 (19 closed, 21% wins), unrealized $+0.00 (0 open) | Books: legacy: realized $-1,705.68, unrealized $+0.00
Reports: daily realized $+0.00; worst symbols none | weekly realized $+0.00; worst symbols none
Shadow report: 24019 shadow candidate(s), 58 rejection group(s)
Timings: account: 0.0s | risk: 0.1s | decide: 3.8s | watchlist: 0.0s | perf: 0.3s

=== Run at 2026-09-17T19:48:28.706573 ===
Build fingerprint: 4f68550affe5
Current time: 2026-09-17 03:48 PM EDT | Market open (per Alpaca): True | Session: REGULAR
Account value: $99,311.19
Cash: $99,311.19 | Holdings (0): none
Sector exposure (cached): unavailable (no holdings)
Fill reconciliation: {'filled': 0, 'partial': 0, 'rejected': 1}
Risk state: peak $99,703.60 | drawdown 0.39% | today +0.00% | halted: False
Market regime: NEUTRAL (position-size multiplier: 100% incl. circuit breaker 100%)
Overnight queue deferred 2 known-stale idea(s) for 30 minutes to preserve Gemini quota.
Morning verification: 5 overnight-queued trade(s) handed to Gemini for re-verification against fresh data.
News: fetched 158, 0 new after dedup, 0 ticker(s) matched.
Quant pre-screen: 23/60 candidates passed.
Gemini proposed 3 trade(s) meeting the conviction bar.
Gemini calls used today (all models combined): 343
  -> {"ticker": "HPQ", "status": "skipped", "reason": "market data unavailable for HPQ (bid/ask spread missing)", "shadow": false, "data_guard": true}
  -> {"ticker": "HPE", "status": "skipped", "reason": "market data unavailable for HPE (bid/ask spread missing)", "shadow": false, "data_guard": true}
  -> {"ticker": "FTNT", "status": "skipped", "reason": "liquidity filter: FTNT average volume 175,933 < 500,000", "shadow": false, "data_guard": true}
Overnight queue kept 7 idea(s) whose market data was stale; they will be retried after fresh quotes arrive.
Dashboard watchlist synced (3 symbols) for news/headlines.
Ending portfolio value: $99,311.19
Trade journal: all: 19 trades, 21% win rate, avg -2.19% | breakout: 1 trades, 0% win rate, avg -8.61% | other: 13 trades, 23% win rate, avg -1.93% | technical: 5 trades, 20% win rate, avg -1.58%
Self-learning: breakout: 1 trades, 0% win rate, avg -8.61% (LOSING) | other: 13 trades, 23% win rate, avg -1.93% (LOSING) | technical: 5 trades, 20% win rate, avg -1.58% (LOSING)
Performance: Total return +0.45% | Max drawdown 0.94% | Daily Sharpe 1.61 | 19 closed trades | Win rate 21% | Avg winner +1.83% | Avg loser -3.26% | Open positions: 0 | Equity $99,311.19
Engine P&L: legacy/unknown: realized $-1,705.68 (19 closed, 21% wins), unrealized $+0.00 (0 open) | Books: legacy: realized $-1,705.68, unrealized $+0.00
Reports: daily realized $+0.00; worst symbols none | weekly realized $+0.00; worst symbols none
Shadow report: 24022 shadow candidate(s), 55 rejection group(s)
Timings: account: 0.0s | risk: 0.1s | decide: 3.7s | watchlist: 0.0s | perf: 0.3s

=== Run at 2026-09-17T19:50:36.974168 ===
Build fingerprint: 4f68550affe5
Current time: 2026-09-17 03:50 PM EDT | Market open (per Alpaca): True | Session: REGULAR
Account value: $99,311.19
Cash: $99,311.19 | Holdings (0): none
Sector exposure (cached): unavailable (no holdings)
Fill reconciliation: {'filled': 0, 'partial': 0, 'rejected': 1}
Risk state: peak $99,703.60 | drawdown 0.39% | today +0.00% | halted: False
Market regime: NEUTRAL (position-size multiplier: 100% incl. circuit breaker 100%)
Overnight queue deferred 2 known-stale idea(s) for 30 minutes to preserve Gemini quota.
Morning verification: 5 overnight-queued trade(s) handed to Gemini for re-verification against fresh data.
News: fetched 158, 2 new after dedup, 0 ticker(s) matched.
Quant pre-screen: 23/60 candidates passed.
Gemini proposed 2 trade(s) meeting the conviction bar.
Gemini calls used today (all models combined): 344
  -> {"ticker": "HPQ", "status": "skipped", "reason": "market data unavailable for HPQ (bid/ask spread missing)", "shadow": false, "data_guard": true}
  -> {"ticker": "HPE", "status": "skipped", "reason": "market data unavailable for HPE (bid/ask spread missing)", "shadow": false, "data_guard": true}
Overnight queue kept 7 idea(s) whose market data was stale; they will be retried after fresh quotes arrive.
Dashboard watchlist synced (2 symbols) for news/headlines.
Ending portfolio value: $99,311.19
Trade journal: all: 19 trades, 21% win rate, avg -2.19% | breakout: 1 trades, 0% win rate, avg -8.61% | other: 13 trades, 23% win rate, avg -1.93% | technical: 5 trades, 20% win rate, avg -1.58%
Self-learning: breakout: 1 trades, 0% win rate, avg -8.61% (LOSING) | other: 13 trades, 23% win rate, avg -1.93% (LOSING) | technical: 5 trades, 20% win rate, avg -1.58% (LOSING)
Performance: Total return +0.45% | Max drawdown 0.94% | Daily Sharpe 1.61 | 19 closed trades | Win rate 21% | Avg winner +1.83% | Avg loser -3.26% | Open positions: 0 | Equity $99,311.19
Engine P&L: legacy/unknown: realized $-1,705.68 (19 closed, 21% wins), unrealized $+0.00 (0 open) | Books: legacy: realized $-1,705.68, unrealized $+0.00
Reports: daily realized $+0.00; worst symbols none | weekly realized $+0.00; worst symbols none
Shadow report: 24024 shadow candidate(s), 53 rejection group(s)
Timings: account: 0.0s | risk: 0.4s | decide: 6.1s | watchlist: 0.1s | perf: 0.4s

=== Run at 2026-09-17T19:52:33.104671 ===
Build fingerprint: 4f68550affe5
Current time: 2026-09-17 03:52 PM EDT | Market open (per Alpaca): True | Session: REGULAR
Account value: $99,311.19
Cash: $99,311.19 | Holdings (0): none
Sector exposure (cached): unavailable (no holdings)
Fill reconciliation: {'filled': 0, 'partial': 0, 'rejected': 1}
Risk state: peak $99,703.60 | drawdown 0.39% | today +0.00% | halted: False
Market regime: NEUTRAL (position-size multiplier: 100% incl. circuit breaker 100%)
Overnight queue deferred 2 known-stale idea(s) for 30 minutes to preserve Gemini quota.
Morning verification: 5 overnight-queued trade(s) handed to Gemini for re-verification against fresh data.
News: fetched 158, 1 new after dedup, 0 ticker(s) matched.
Quant pre-screen: 23/60 candidates passed.
Gemini proposed 2 trade(s) meeting the conviction bar.
Gemini calls used today (all models combined): 345
  -> {"ticker": "HPQ", "status": "skipped", "reason": "market data unavailable for HPQ (bid/ask spread missing)", "shadow": false, "data_guard": true}
  -> {"ticker": "HPE", "status": "skipped", "reason": "market data unavailable for HPE (bid/ask spread missing)", "shadow": false, "data_guard": true}
Overnight queue kept 7 idea(s) whose market data was stale; they will be retried after fresh quotes arrive.
Dashboard watchlist synced (2 symbols) for news/headlines.
Ending portfolio value: $99,311.19
Trade journal: all: 19 trades, 21% win rate, avg -2.19% | breakout: 1 trades, 0% win rate, avg -8.61% | other: 13 trades, 23% win rate, avg -1.93% | technical: 5 trades, 20% win rate, avg -1.58%
Self-learning: breakout: 1 trades, 0% win rate, avg -8.61% (LOSING) | other: 13 trades, 23% win rate, avg -1.93% (LOSING) | technical: 5 trades, 20% win rate, avg -1.58% (LOSING)
Performance: Total return +0.45% | Max drawdown 0.94% | Daily Sharpe 1.61 | 19 closed trades | Win rate 21% | Avg winner +1.83% | Avg loser -3.26% | Open positions: 0 | Equity $99,311.19
Engine P&L: legacy/unknown: realized $-1,705.68 (19 closed, 21% wins), unrealized $+0.00 (0 open) | Books: legacy: realized $-1,705.68, unrealized $+0.00
Reports: daily realized $+0.00; worst symbols none | weekly realized $+0.00; worst symbols none
Shadow report: 24026 shadow candidate(s), 51 rejection group(s)
Timings: account: 0.0s | risk: 0.4s | decide: 5.9s | watchlist: 0.2s | perf: 0.4s

=== Run at 2026-09-17T19:54:30.418054 ===
Build fingerprint: 4f68550affe5
Current time: 2026-09-17 03:54 PM EDT | Market open (per Alpaca): True | Session: REGULAR
Account value: $99,311.19
Cash: $99,311.19 | Holdings (0): none
Sector exposure (cached): unavailable (no holdings)
Fill reconciliation: {'filled': 0, 'partial': 0, 'rejected': 1}
Risk state: peak $99,703.60 | drawdown 0.39% | today +0.00% | halted: False
Market regime: NEUTRAL (position-size multiplier: 100% incl. circuit breaker 100%)
Overnight queue deferred 2 known-stale idea(s) for 30 minutes to preserve Gemini quota.
Morning verification: 5 overnight-queued trade(s) handed to Gemini for re-verification against fresh data.
News: fetched 158, 2 new after dedup, 0 ticker(s) matched.
Quant pre-screen: 23/60 candidates passed.
Gemini proposed 2 trade(s) meeting the conviction bar.
Gemini calls used today (all models combined): 346
  -> {"ticker": "HPQ", "status": "skipped", "reason": "market data unavailable for HPQ (bid/ask spread missing)", "shadow": false, "data_guard": true}
  -> {"ticker": "FTNT", "status": "skipped", "reason": "liquidity filter: FTNT average volume 176,243 < 500,000", "shadow": false, "data_guard": true}
Overnight queue kept 7 idea(s) whose market data was stale; they will be retried after fresh quotes arrive.
Dashboard watchlist synced (2 symbols) for news/headlines.
Ending portfolio value: $99,311.19
Trade journal: all: 19 trades, 21% win rate, avg -2.19% | breakout: 1 trades, 0% win rate, avg -8.61% | other: 13 trades, 23% win rate, avg -1.93% | technical: 5 trades, 20% win rate, avg -1.58%
Self-learning: breakout: 1 trades, 0% win rate, avg -8.61% (LOSING) | other: 13 trades, 23% win rate, avg -1.93% (LOSING) | technical: 5 trades, 20% win rate, avg -1.58% (LOSING)
Performance: Total return +0.45% | Max drawdown 0.94% | Daily Sharpe 1.61 | 19 closed trades | Win rate 21% | Avg winner +1.83% | Avg loser -3.26% | Open positions: 0 | Equity $99,311.19
Engine P&L: legacy/unknown: realized $-1,705.68 (19 closed, 21% wins), unrealized $+0.00 (0 open) | Books: legacy: realized $-1,705.68, unrealized $+0.00
Reports: daily realized $+0.00; worst symbols none | weekly realized $+0.00; worst symbols none
Shadow report: 24028 shadow candidate(s), 49 rejection group(s)
Timings: account: 0.0s | risk: 0.3s | decide: 16.3s | watchlist: 0.1s | perf: 0.4s

=== Run at 2026-09-17T19:56:26.666018 ===
Build fingerprint: 4f68550affe5
Current time: 2026-09-17 03:56 PM EDT | Market open (per Alpaca): True | Session: REGULAR
Account value: $99,311.19
Cash: $99,311.19 | Holdings (0): none
Sector exposure (cached): unavailable (no holdings)
Fill reconciliation: {'filled': 0, 'partial': 0, 'rejected': 1}
Risk state: peak $99,703.60 | drawdown 0.39% | today +0.00% | halted: False
Market regime: NEUTRAL (position-size multiplier: 100% incl. circuit breaker 100%)
Overnight queue deferred 2 known-stale idea(s) for 30 minutes to preserve Gemini quota.
Morning verification: 5 overnight-queued trade(s) handed to Gemini for re-verification against fresh data.
News: fetched 158, 3 new after dedup, 0 ticker(s) matched.
Quant pre-screen: 23/60 candidates passed.
Gemini proposed 2 trade(s) meeting the conviction bar.
Gemini calls used today (all models combined): 347
  -> {"ticker": "HPQ", "status": "skipped", "reason": "market data unavailable for HPQ (bid/ask spread missing)", "shadow": false, "data_guard": true}
  -> {"ticker": "FTNT", "status": "skipped", "reason": "liquidity filter: FTNT average volume 176,512 < 500,000", "shadow": false, "data_guard": true}
Overnight queue kept 7 idea(s) whose market data was stale; they will be retried after fresh quotes arrive.
Dashboard watchlist synced (2 symbols) for news/headlines.
Ending portfolio value: $99,311.19
Trade journal: all: 19 trades, 21% win rate, avg -2.19% | breakout: 1 trades, 0% win rate, avg -8.61% | other: 13 trades, 23% win rate, avg -1.93% | technical: 5 trades, 20% win rate, avg -1.58%
Self-learning: breakout: 1 trades, 0% win rate, avg -8.61% (LOSING) | other: 13 trades, 23% win rate, avg -1.93% (LOSING) | technical: 5 trades, 20% win rate, avg -1.58% (LOSING)
Performance: Total return +0.45% | Max drawdown 0.94% | Daily Sharpe 1.61 | 19 closed trades | Win rate 21% | Avg winner +1.83% | Avg loser -3.26% | Open positions: 0 | Equity $99,311.19
Engine P&L: legacy/unknown: realized $-1,705.68 (19 closed, 21% wins), unrealized $+0.00 (0 open) | Books: legacy: realized $-1,705.68, unrealized $+0.00
Reports: daily realized $+0.00; worst symbols none | weekly realized $+0.00; worst symbols none
Shadow report: 24030 shadow candidate(s), 47 rejection group(s)
Timings: account: 0.0s | risk: 0.0s | decide: 3.1s | watchlist: 0.0s | perf: 0.3s

=== Run at 2026-09-17T19:58:30.090538 ===
Build fingerprint: 4f68550affe5
Current time: 2026-09-17 03:58 PM EDT | Market open (per Alpaca): True | Session: REGULAR
Account value: $99,311.19
Cash: $99,311.19 | Holdings (0): none
Sector exposure (cached): unavailable (no holdings)
Fill reconciliation: {'filled': 0, 'partial': 0, 'rejected': 1}
Risk state: peak $99,703.60 | drawdown 0.39% | today +0.00% | halted: False
Market regime: NEUTRAL (position-size multiplier: 100% incl. circuit breaker 100%)
Overnight queue deferred 2 known-stale idea(s) for 30 minutes to preserve Gemini quota.
Morning verification: 5 overnight-queued trade(s) handed to Gemini for re-verification against fresh data.
News: fetched 158, 1 new after dedup, 0 ticker(s) matched.
Quant pre-screen: 23/60 candidates passed.
Gemini proposed 2 trade(s) meeting the conviction bar.
Gemini calls used today (all models combined): 348
  -> {"ticker": "HPQ", "status": "skipped", "reason": "market data unavailable for HPQ (bid/ask spread missing)", "shadow": false, "data_guard": true}
  -> {"ticker": "HPE", "status": "skipped", "reason": "market data unavailable for HPE (bid/ask spread missing)", "shadow": false, "data_guard": true}
Overnight queue kept 7 idea(s) whose market data was stale; they will be retried after fresh quotes arrive.
Dashboard watchlist synced (2 symbols) for news/headlines.
Ending portfolio value: $99,311.19
Trade journal: all: 19 trades, 21% win rate, avg -2.19% | breakout: 1 trades, 0% win rate, avg -8.61% | other: 13 trades, 23% win rate, avg -1.93% | technical: 5 trades, 20% win rate, avg -1.58%
Self-learning: breakout: 1 trades, 0% win rate, avg -8.61% (LOSING) | other: 13 trades, 23% win rate, avg -1.93% (LOSING) | technical: 5 trades, 20% win rate, avg -1.58% (LOSING)
Performance: Total return +0.45% | Max drawdown 0.94% | Daily Sharpe 1.61 | 19 closed trades | Win rate 21% | Avg winner +1.83% | Avg loser -3.26% | Open positions: 0 | Equity $99,311.19
Engine P&L: legacy/unknown: realized $-1,705.68 (19 closed, 21% wins), unrealized $+0.00 (0 open) | Books: legacy: realized $-1,705.68, unrealized $+0.00
Reports: daily realized $+0.00; worst symbols none | weekly realized $+0.00; worst symbols none
Shadow report: 24032 shadow candidate(s), 45 rejection group(s)
Timings: account: 0.0s | risk: 0.3s | decide: 7.0s | watchlist: 0.1s | perf: 0.4s

=== Run at 2026-09-17T20:00:39.874961 ===
Build fingerprint: 4f68550affe5
Current time: 2026-09-17 04:00 PM EDT | Market open (per Alpaca): False | Session: CLOSED
Account value: $99,311.19
Cash: $99,311.19 | Holdings (0): none
Sector exposure (cached): unavailable (no holdings)
Fill reconciliation: {'filled': 0, 'partial': 0, 'rejected': 1}
Risk state: peak $99,703.60 | drawdown 0.39% | today +0.00% | halted: False
Market regime: NEUTRAL (position-size multiplier: 100% incl. circuit breaker 100%)
News: fetched 158, 5 new after dedup, 0 ticker(s) matched.
Quant pre-screen: 14/17 candidates passed.
Gemini proposed 1 trade(s) meeting the conviction bar.
Gemini calls used today (all models combined): 349
Market closed (overnight): queued 7 trade idea(s) for next-morning verification -- nothing submitted yet.
  -> queued HPE buy (conf 92, stop 58.5, tp 66.0)
  -> queued HPQ buy (conf 85, stop 32.56, tp 36.23)
  -> queued DDOG buy (conf 80, stop 226.5, tp 250.0)
  -> queued FTNT buy (conf 80, stop 168.13, tp 176.0)
  -> queued ELV buy (conf 90.0, stop None, tp None)
  -> queued EPAM buy (conf 80.0, stop None, tp None)
  -> queued EG buy (conf 80.0, stop None, tp None)
Dashboard watchlist synced (1 symbols) for news/headlines.
Ending portfolio value: $99,311.19
Trade journal: all: 19 trades, 21% win rate, avg -2.19% | breakout: 1 trades, 0% win rate, avg -8.61% | other: 13 trades, 23% win rate, avg -1.93% | technical: 5 trades, 20% win rate, avg -1.58%
Self-learning: breakout: 1 trades, 0% win rate, avg -8.61% (LOSING) | other: 13 trades, 23% win rate, avg -1.93% (LOSING) | technical: 5 trades, 20% win rate, avg -1.58% (LOSING)
Performance: Total return +0.45% | Max drawdown 0.94% | Daily Sharpe 1.61 | 19 closed trades | Win rate 21% | Avg winner +1.83% | Avg loser -3.26% | Open positions: 0 | Equity $99,311.19
Engine P&L: legacy/unknown: realized $-1,705.68 (19 closed, 21% wins), unrealized $+0.00 (0 open) | Books: legacy: realized $-1,705.68, unrealized $+0.00
Reports: daily realized $+0.00; worst symbols none | weekly realized $+0.00; worst symbols none
Shadow report: 24032 shadow candidate(s), 45 rejection group(s)
Timings: account: 0.0s | risk: 0.4s | decide: 12.7s | watchlist: 0.2s | perf: 0.4s

=== Run at 2026-09-17T20:02:32.323740 ===
Build fingerprint: 4f68550affe5
Current time: 2026-09-17 04:02 PM EDT | Market open (per Alpaca): False | Session: CLOSED
Account value: $99,311.19
Cash: $99,311.19 | Holdings (0): none
Sector exposure (cached): unavailable (no holdings)
Fill reconciliation: {'filled': 0, 'partial': 0, 'rejected': 1}
Risk state: peak $99,703.60 | drawdown 0.39% | today +0.00% | halted: False
Market regime: NEUTRAL (position-size multiplier: 100% incl. circuit breaker 100%)
News: fetched 158, 0 new after dedup, 0 ticker(s) matched.
Quant pre-screen: 18/28 candidates passed.
Gemini proposed 2 trade(s) meeting the conviction bar.
Gemini calls used today (all models combined): 350
Market closed (overnight): queued 7 trade idea(s) for next-morning verification -- nothing submitted yet.
  -> queued HPE buy (conf 85, stop 58.5, tp 66.00000000000001)
  -> queued HPQ buy (conf 85, stop 32.56, tp 36.23)
  -> queued DDOG buy (conf 80, stop 226.5, tp 250.0)
  -> queued FTNT buy (conf 80, stop 168.13, tp 176.0)
  -> queued ELV buy (conf 78, stop 395.0, tp 435.00000000000006)
  -> queued EPAM buy (conf 80.0, stop None, tp None)
  -> queued EG buy (conf 80.0, stop None, tp None)
Dashboard watchlist synced (2 symbols) for news/headlines.
Ending portfolio value: $99,311.19
Trade journal: all: 19 trades, 21% win rate, avg -2.19% | breakout: 1 trades, 0% win rate, avg -8.61% | other: 13 trades, 23% win rate, avg -1.93% | technical: 5 trades, 20% win rate, avg -1.58%
Self-learning: breakout: 1 trades, 0% win rate, avg -8.61% (LOSING) | other: 13 trades, 23% win rate, avg -1.93% (LOSING) | technical: 5 trades, 20% win rate, avg -1.58% (LOSING)
Performance: Total return +0.45% | Max drawdown 0.94% | Daily Sharpe 1.61 | 19 closed trades | Win rate 21% | Avg winner +1.83% | Avg loser -3.26% | Open positions: 0 | Equity $99,311.19
Engine P&L: legacy/unknown: realized $-1,705.68 (19 closed, 21% wins), unrealized $+0.00 (0 open) | Books: legacy: realized $-1,705.68, unrealized $+0.00
Reports: daily realized $+0.00; worst symbols none | weekly realized $+0.00; worst symbols none
Shadow report: 24032 shadow candidate(s), 45 rejection group(s)
Timings: account: 0.0s | risk: 0.4s | decide: 10.7s | watchlist: 0.1s | perf: 0.4s

=== Run at 2026-09-17T20:04:30.324648 ===
Build fingerprint: 4f68550affe5
Current time: 2026-09-17 04:04 PM EDT | Market open (per Alpaca): False | Session: CLOSED
Account value: $99,311.19
Cash: $99,311.19 | Holdings (0): none
Sector exposure (cached): unavailable (no holdings)
Fill reconciliation: {'filled': 0, 'partial': 0, 'rejected': 1}
Risk state: peak $99,703.60 | drawdown 0.39% | today +0.00% | halted: False
Market regime: NEUTRAL (position-size multiplier: 100% incl. circuit breaker 100%)
News: fetched 158, 2 new after dedup, 1 ticker(s) matched.
Quant pre-screen: 16/21 candidates passed.
Gemini proposed 3 trade(s) meeting the conviction bar.
Gemini calls used today (all models combined): 351
Market closed (overnight): queued 7 trade idea(s) for next-morning verification -- nothing submitted yet.
  -> queued HPE buy (conf 90, stop 45.7, tp 62.15)
  -> queued HPQ buy (conf 85, stop 32.56, tp 36.23)
  -> queued DDOG buy (conf 80, stop 226.5, tp 250.0)
  -> queued FTNT buy (conf 80, stop 168.13, tp 176.0)
  -> queued ELV buy (conf 88, stop 391.4, tp 426.39000000000004)
  -> queued EPAM buy (conf 80.0, stop None, tp None)
  -> queued EG buy (conf 85, stop 363.76, tp 387.53000000000003)
Dashboard watchlist synced (4 symbols) for news/headlines.
Ending portfolio value: $99,311.19
Trade journal: all: 19 trades, 21% win rate, avg -2.19% | breakout: 1 trades, 0% win rate, avg -8.61% | other: 13 trades, 23% win rate, avg -1.93% | technical: 5 trades, 20% win rate, avg -1.58%
Self-learning: breakout: 1 trades, 0% win rate, avg -8.61% (LOSING) | other: 13 trades, 23% win rate, avg -1.93% (LOSING) | technical: 5 trades, 20% win rate, avg -1.58% (LOSING)
Performance: Total return +0.45% | Max drawdown 0.94% | Daily Sharpe 1.61 | 19 closed trades | Win rate 21% | Avg winner +1.83% | Avg loser -3.26% | Open positions: 0 | Equity $99,311.19
Engine P&L: legacy/unknown: realized $-1,705.68 (19 closed, 21% wins), unrealized $+0.00 (0 open) | Books: legacy: realized $-1,705.68, unrealized $+0.00
Reports: daily realized $+0.00; worst symbols none | weekly realized $+0.00; worst symbols none
Shadow report: 24032 shadow candidate(s), 45 rejection group(s)
Timings: account: 0.0s | risk: 0.3s | decide: 10.7s | watchlist: 0.1s | perf: 0.3s

=== Run at 2026-09-17T20:06:27.283585 ===
Build fingerprint: 4f68550affe5
Current time: 2026-09-17 04:06 PM EDT | Market open (per Alpaca): False | Session: CLOSED
Account value: $99,311.19
Cash: $99,311.19 | Holdings (0): none
Sector exposure (cached): unavailable (no holdings)
Fill reconciliation: {'filled': 0, 'partial': 0, 'rejected': 1}
Risk state: peak $99,703.60 | drawdown 0.39% | today +0.00% | halted: False
Market regime: NEUTRAL (position-size multiplier: 100% incl. circuit breaker 100%)
News: fetched 158, 0 new after dedup, 0 ticker(s) matched.
Quant pre-screen: 28/52 candidates passed.
Gemini proposed 2 trade(s) meeting the conviction bar.
Gemini calls used today (all models combined): 352
Market closed (overnight): queued 7 trade idea(s) for next-morning verification -- nothing submitted yet.
  -> queued HPE buy (conf 85, stop 57.0, tp 66.0)
  -> queued HPQ buy (conf 85, stop 32.56, tp 36.23)
  -> queued DDOG buy (conf 80, stop 226.5, tp 250.0)
  -> queued FTNT buy (conf 80, stop 168.13, tp 176.0)
  -> queued ELV buy (conf 88, stop 391.4, tp 426.39000000000004)
  -> queued EPAM buy (conf 80.0, stop None, tp None)
  -> queued EG buy (conf 78, stop 365.0, tp 395.0)
Dashboard watchlist synced (2 symbols) for news/headlines.
Ending portfolio value: $99,311.19
Trade journal: all: 19 trades, 21% win rate, avg -2.19% | breakout: 1 trades, 0% win rate, avg -8.61% | other: 13 trades, 23% win rate, avg -1.93% | technical: 5 trades, 20% win rate, avg -1.58%
Self-learning: breakout: 1 trades, 0% win rate, avg -8.61% (LOSING) | other: 13 trades, 23% win rate, avg -1.93% (LOSING) | technical: 5 trades, 20% win rate, avg -1.58% (LOSING)
Performance: Total return +0.45% | Max drawdown 0.94% | Daily Sharpe 1.61 | 19 closed trades | Win rate 21% | Avg winner +1.83% | Avg loser -3.26% | Open positions: 0 | Equity $99,311.19
Engine P&L: legacy/unknown: realized $-1,705.68 (19 closed, 21% wins), unrealized $+0.00 (0 open) | Books: legacy: realized $-1,705.68, unrealized $+0.00
Reports: daily realized $+0.00; worst symbols none | weekly realized $+0.00; worst symbols none
Shadow report: 24032 shadow candidate(s), 45 rejection group(s)
Timings: account: 0.0s | risk: 0.3s | decide: 12.5s | watchlist: 0.1s | perf: 0.3s

=== Run at 2026-09-17T20:08:28.124334 ===
Build fingerprint: 4f68550affe5
Current time: 2026-09-17 04:08 PM EDT | Market open (per Alpaca): False | Session: CLOSED
Account value: $99,311.19
Cash: $99,311.19 | Holdings (0): none
Sector exposure (cached): unavailable (no holdings)
Fill reconciliation: {'filled': 0, 'partial': 0, 'rejected': 1}
Risk state: peak $99,703.60 | drawdown 0.39% | today +0.00% | halted: False
Market regime: NEUTRAL (position-size multiplier: 100% incl. circuit breaker 100%)
News: fetched 158, 2 new after dedup, 0 ticker(s) matched.
Quant pre-screen: 36/64 candidates passed.
Gemini proposed 1 trade(s) meeting the conviction bar.
Gemini calls used today (all models combined): 353
Market closed (overnight): queued 7 trade idea(s) for next-morning verification -- nothing submitted yet.
  -> queued HPE buy (conf 85, stop 58.2, tp 66.5)
  -> queued HPQ buy (conf 85, stop 32.56, tp 36.23)
  -> queued DDOG buy (conf 80, stop 226.5, tp 250.0)
  -> queued FTNT buy (conf 80, stop 168.13, tp 176.0)
  -> queued ELV buy (conf 88, stop 391.4, tp 426.39000000000004)
  -> queued EPAM buy (conf 80.0, stop None, tp None)
  -> queued EG buy (conf 78, stop 365.0, tp 395.0)
Dashboard watchlist synced (1 symbols) for news/headlines.
Ending portfolio value: $99,311.19
Trade journal: all: 19 trades, 21% win rate, avg -2.19% | breakout: 1 trades, 0% win rate, avg -8.61% | other: 13 trades, 23% win rate, avg -1.93% | technical: 5 trades, 20% win rate, avg -1.58%
Self-learning: breakout: 1 trades, 0% win rate, avg -8.61% (LOSING) | other: 13 trades, 23% win rate, avg -1.93% (LOSING) | technical: 5 trades, 20% win rate, avg -1.58% (LOSING)
Performance: Total return +0.45% | Max drawdown 0.94% | Daily Sharpe 1.61 | 19 closed trades | Win rate 21% | Avg winner +1.83% | Avg loser -3.26% | Open positions: 0 | Equity $99,311.19
Engine P&L: legacy/unknown: realized $-1,705.68 (19 closed, 21% wins), unrealized $+0.00 (0 open) | Books: legacy: realized $-1,705.68, unrealized $+0.00
Reports: daily realized $+0.00; worst symbols none | weekly realized $+0.00; worst symbols none
Shadow report: 24032 shadow candidate(s), 45 rejection group(s)
Timings: account: 0.0s | risk: 0.1s | decide: 4.6s | watchlist: 0.0s | perf: 0.3s

=== Run at 2026-09-17T20:10:32.139255 ===
Build fingerprint: 4f68550affe5
Current time: 2026-09-17 04:10 PM EDT | Market open (per Alpaca): False | Session: CLOSED
Account value: $99,311.19
Cash: $99,311.19 | Holdings (0): none
Sector exposure (cached): unavailable (no holdings)
Fill reconciliation: {'filled': 0, 'partial': 0, 'rejected': 1}
Risk state: peak $99,703.60 | drawdown 0.39% | today +0.00% | halted: False
Market regime: NEUTRAL (position-size multiplier: 100% incl. circuit breaker 100%)
News: fetched 158, 1 new after dedup, 0 ticker(s) matched.
Quant pre-screen: 36/65 candidates passed.
Gemini proposed 1 trade(s) meeting the conviction bar.
Gemini calls used today (all models combined): 354
Market closed (overnight): queued 7 trade idea(s) for next-morning verification -- nothing submitted yet.
  -> queued HPE buy (conf 88, stop 57.07, tp 64.24)
  -> queued HPQ buy (conf 85, stop 32.56, tp 36.23)
  -> queued DDOG buy (conf 80, stop 226.5, tp 250.0)
  -> queued FTNT buy (conf 80, stop 168.13, tp 176.0)
  -> queued ELV buy (conf 88, stop 391.4, tp 426.39000000000004)
  -> queued EPAM buy (conf 80.0, stop None, tp None)
  -> queued EG buy (conf 78, stop 365.0, tp 395.0)
Dashboard watchlist synced (1 symbols) for news/headlines.
Ending portfolio value: $99,311.19
Trade journal: all: 19 trades, 21% win rate, avg -2.19% | breakout: 1 trades, 0% win rate, avg -8.61% | other: 13 trades, 23% win rate, avg -1.93% | technical: 5 trades, 20% win rate, avg -1.58%
Self-learning: breakout: 1 trades, 0% win rate, avg -8.61% (LOSING) | other: 13 trades, 23% win rate, avg -1.93% (LOSING) | technical: 5 trades, 20% win rate, avg -1.58% (LOSING)
Performance: Total return +0.45% | Max drawdown 0.94% | Daily Sharpe 1.61 | 19 closed trades | Win rate 21% | Avg winner +1.83% | Avg loser -3.26% | Open positions: 0 | Equity $99,311.19
Engine P&L: legacy/unknown: realized $-1,705.68 (19 closed, 21% wins), unrealized $+0.00 (0 open) | Books: legacy: realized $-1,705.68, unrealized $+0.00
Reports: daily realized $+0.00; worst symbols none | weekly realized $+0.00; worst symbols none
Shadow report: 24032 shadow candidate(s), 45 rejection group(s)
Timings: account: 0.0s | risk: 0.3s | decide: 8.8s | watchlist: 0.1s | perf: 0.3s

=== Run at 2026-09-17T20:12:30.286562 ===
Build fingerprint: 4f68550affe5
Current time: 2026-09-17 04:12 PM EDT | Market open (per Alpaca): False | Session: CLOSED
Account value: $99,311.19
Cash: $99,311.19 | Holdings (0): none
Sector exposure (cached): unavailable (no holdings)
Fill reconciliation: {'filled': 0, 'partial': 0, 'rejected': 1}
Risk state: peak $99,703.60 | drawdown 0.39% | today +0.00% | halted: False
Market regime: NEUTRAL (position-size multiplier: 100% incl. circuit breaker 100%)
News: fetched 120, 0 new after dedup, 0 ticker(s) matched.
Quant pre-screen: 36/65 candidates passed.
Gemini proposed 1 trade(s) meeting the conviction bar.
Gemini calls used today (all models combined): 355
Market closed (overnight): queued 7 trade idea(s) for next-morning verification -- nothing submitted yet.
  -> queued HPE buy (conf 88, stop 57.0, tp 65.5)
  -> queued HPQ buy (conf 85, stop 32.56, tp 36.23)
  -> queued DDOG buy (conf 80, stop 226.5, tp 250.0)
  -> queued FTNT buy (conf 80, stop 168.13, tp 176.0)
  -> queued ELV buy (conf 88, stop 391.4, tp 426.39000000000004)
  -> queued EPAM buy (conf 80.0, stop None, tp None)
  -> queued EG buy (conf 78, stop 365.0, tp 395.0)
Dashboard watchlist synced (1 symbols) for news/headlines.
Ending portfolio value: $99,311.19
Trade journal: all: 19 trades, 21% win rate, avg -2.19% | breakout: 1 trades, 0% win rate, avg -8.61% | other: 13 trades, 23% win rate, avg -1.93% | technical: 5 trades, 20% win rate, avg -1.58%
Self-learning: breakout: 1 trades, 0% win rate, avg -8.61% (LOSING) | other: 13 trades, 23% win rate, avg -1.93% (LOSING) | technical: 5 trades, 20% win rate, avg -1.58% (LOSING)
Performance: Total return +0.45% | Max drawdown 0.94% | Daily Sharpe 1.61 | 19 closed trades | Win rate 21% | Avg winner +1.83% | Avg loser -3.26% | Open positions: 0 | Equity $99,311.19
Engine P&L: legacy/unknown: realized $-1,705.68 (19 closed, 21% wins), unrealized $+0.00 (0 open) | Books: legacy: realized $-1,705.68, unrealized $+0.00
Reports: daily realized $+0.00; worst symbols none | weekly realized $+0.00; worst symbols none
Shadow report: 24032 shadow candidate(s), 45 rejection group(s)
Timings: account: 0.0s | risk: 0.4s | decide: 14.8s | watchlist: 0.2s | perf: 0.4s

=== Run at 2026-09-17T20:14:35.369193 ===
Build fingerprint: 4f68550affe5
Current time: 2026-09-17 04:14 PM EDT | Market open (per Alpaca): False | Session: CLOSED
Account value: $99,311.19
Cash: $99,311.19 | Holdings (0): none
Sector exposure (cached): unavailable (no holdings)
Fill reconciliation: {'filled': 0, 'partial': 0, 'rejected': 1}
Risk state: peak $99,703.60 | drawdown 0.39% | today +0.00% | halted: False
Market regime: NEUTRAL (position-size multiplier: 100% incl. circuit breaker 100%)
News: fetched 158, 3 new after dedup, 0 ticker(s) matched.
Quant pre-screen: 36/65 candidates passed.
Gemini proposed 2 trade(s) meeting the conviction bar.
Gemini calls used today (all models combined): 356
Market closed (overnight): queued 8 trade idea(s) for next-morning verification -- nothing submitted yet.
  -> queued HPE buy (conf 85, stop 58.5, tp 66.0)
  -> queued HPQ buy (conf 85, stop 32.56, tp 36.23)
  -> queued DDOG buy (conf 80, stop 226.5, tp 250.0)
  -> queued FTNT buy (conf 80, stop 168.13, tp 176.0)
  -> queued ELV buy (conf 88, stop 391.4, tp 426.39000000000004)
  -> queued EPAM buy (conf 80.0, stop None, tp None)
  -> queued EG buy (conf 78, stop 365.0, tp 395.0)
  -> queued GILD buy (conf 80, stop 145.0, tp 158.0)
Dashboard watchlist synced (2 symbols) for news/headlines.
Ending portfolio value: $99,311.19
Trade journal: all: 19 trades, 21% win rate, avg -2.19% | breakout: 1 trades, 0% win rate, avg -8.61% | other: 13 trades, 23% win rate, avg -1.93% | technical: 5 trades, 20% win rate, avg -1.58%
Self-learning: breakout: 1 trades, 0% win rate, avg -8.61% (LOSING) | other: 13 trades, 23% win rate, avg -1.93% (LOSING) | technical: 5 trades, 20% win rate, avg -1.58% (LOSING)
Performance: Total return +0.45% | Max drawdown 0.94% | Daily Sharpe 1.61 | 19 closed trades | Win rate 21% | Avg winner +1.83% | Avg loser -3.26% | Open positions: 0 | Equity $99,311.19
Engine P&L: legacy/unknown: realized $-1,705.68 (19 closed, 21% wins), unrealized $+0.00 (0 open) | Books: legacy: realized $-1,705.68, unrealized $+0.00
Reports: daily realized $+0.00; worst symbols none | weekly realized $+0.00; worst symbols none
Shadow report: 24032 shadow candidate(s), 45 rejection group(s)
Timings: account: 0.0s | risk: 0.4s | decide: 17.5s | watchlist: 0.2s | perf: 0.4s

=== Run at 2026-09-17T20:16:28.840675 ===
Build fingerprint: 4f68550affe5
Current time: 2026-09-17 04:16 PM EDT | Market open (per Alpaca): False | Session: CLOSED
Account value: $99,311.19
Cash: $99,311.19 | Holdings (0): none
Sector exposure (cached): unavailable (no holdings)
Fill reconciliation: {'filled': 0, 'partial': 0, 'rejected': 1}
Risk state: peak $99,703.60 | drawdown 0.39% | today +0.00% | halted: False
Market regime: NEUTRAL (position-size multiplier: 100% incl. circuit breaker 100%)
News: fetched 97, 1 new after dedup, 0 ticker(s) matched.
Quant pre-screen: 36/65 candidates passed.
Gemini proposed 3 trade(s) meeting the conviction bar.
Gemini calls used today (all models combined): 357
Market closed (overnight): queued 8 trade idea(s) for next-morning verification -- nothing submitted yet.
  -> queued HPE buy (conf 88, stop 58.5, tp 66.0)
  -> queued HPQ buy (conf 85, stop 32.56, tp 36.23)
  -> queued DDOG buy (conf 80, stop 226.5, tp 250.0)
  -> queued FTNT buy (conf 80, stop 168.13, tp 176.0)
  -> queued ELV buy (conf 82, stop 405.0, tp 435.0)
  -> queued EPAM buy (conf 80.0, stop None, tp None)
  -> queued EG buy (conf 78, stop 365.0, tp 395.0)
  -> queued GILD buy (conf 84, stop 147.0, tp 158.0)
Dashboard watchlist synced (3 symbols) for news/headlines.
Ending portfolio value: $99,311.19
Trade journal: all: 19 trades, 21% win rate, avg -2.19% | breakout: 1 trades, 0% win rate, avg -8.61% | other: 13 trades, 23% win rate, avg -1.93% | technical: 5 trades, 20% win rate, avg -1.58%
Self-learning: breakout: 1 trades, 0% win rate, avg -8.61% (LOSING) | other: 13 trades, 23% win rate, avg -1.93% (LOSING) | technical: 5 trades, 20% win rate, avg -1.58% (LOSING)
Performance: Total return +0.45% | Max drawdown 0.94% | Daily Sharpe 1.61 | 19 closed trades | Win rate 21% | Avg winner +1.83% | Avg loser -3.26% | Open positions: 0 | Equity $99,311.19
Engine P&L: legacy/unknown: realized $-1,705.68 (19 closed, 21% wins), unrealized $+0.00 (0 open) | Books: legacy: realized $-1,705.68, unrealized $+0.00
Reports: daily realized $+0.00; worst symbols none | weekly realized $+0.00; worst symbols none
Shadow report: 24032 shadow candidate(s), 45 rejection group(s)
Timings: account: 0.0s | risk: 0.0s | decide: 3.5s | watchlist: 0.0s | perf: 0.3s

=== Run at 2026-09-17T20:18:25.884810 ===
Build fingerprint: 4f68550affe5
Current time: 2026-09-17 04:18 PM EDT | Market open (per Alpaca): False | Session: CLOSED
Account value: $99,311.19
Cash: $99,311.19 | Holdings (0): none
Sector exposure (cached): unavailable (no holdings)
Fill reconciliation: {'filled': 0, 'partial': 0, 'rejected': 1}
Risk state: peak $99,703.60 | drawdown 0.39% | today +0.00% | halted: False
Market regime: NEUTRAL (position-size multiplier: 100% incl. circuit breaker 100%)
News: fetched 97, 1 new after dedup, 0 ticker(s) matched.
Quant pre-screen: 36/65 candidates passed.
Gemini proposed 1 trade(s) meeting the conviction bar.
Gemini calls used today (all models combined): 358
Market closed (overnight): queued 8 trade idea(s) for next-morning verification -- nothing submitted yet.
  -> queued HPE buy (conf 88, stop 58.5, tp 65.0)
  -> queued HPQ buy (conf 85, stop 32.56, tp 36.23)
  -> queued DDOG buy (conf 80, stop 226.5, tp 250.0)
  -> queued FTNT buy (conf 80, stop 168.13, tp 176.0)
  -> queued ELV buy (conf 82, stop 405.0, tp 435.0)
  -> queued EPAM buy (conf 80.0, stop None, tp None)
  -> queued EG buy (conf 78, stop 365.0, tp 395.0)
  -> queued GILD buy (conf 84, stop 147.0, tp 158.0)
Dashboard watchlist synced (1 symbols) for news/headlines.
Ending portfolio value: $99,311.19
Trade journal: all: 19 trades, 21% win rate, avg -2.19% | breakout: 1 trades, 0% win rate, avg -8.61% | other: 13 trades, 23% win rate, avg -1.93% | technical: 5 trades, 20% win rate, avg -1.58%
Self-learning: breakout: 1 trades, 0% win rate, avg -8.61% (LOSING) | other: 13 trades, 23% win rate, avg -1.93% (LOSING) | technical: 5 trades, 20% win rate, avg -1.58% (LOSING)
Performance: Total return +0.45% | Max drawdown 0.94% | Daily Sharpe 1.61 | 19 closed trades | Win rate 21% | Avg winner +1.83% | Avg loser -3.26% | Open positions: 0 | Equity $99,311.19
Engine P&L: legacy/unknown: realized $-1,705.68 (19 closed, 21% wins), unrealized $+0.00 (0 open) | Books: legacy: realized $-1,705.68, unrealized $+0.00
Reports: daily realized $+0.00; worst symbols none | weekly realized $+0.00; worst symbols none
Shadow report: 24032 shadow candidate(s), 45 rejection group(s)
Timings: account: 0.0s | risk: 0.1s | decide: 3.0s | watchlist: 0.0s | perf: 0.3s

=== Run at 2026-09-17T20:20:30.778389 ===
Build fingerprint: 4f68550affe5
Current time: 2026-09-17 04:20 PM EDT | Market open (per Alpaca): False | Session: CLOSED
Account value: $99,311.19
Cash: $99,311.19 | Holdings (0): none
Sector exposure (cached): unavailable (no holdings)
Fill reconciliation: {'filled': 0, 'partial': 0, 'rejected': 1}
Risk state: peak $99,703.60 | drawdown 0.39% | today +0.00% | halted: False
Market regime: NEUTRAL (position-size multiplier: 100% incl. circuit breaker 100%)
News: fetched 97, 2 new after dedup, 0 ticker(s) matched.
Quant pre-screen: 36/65 candidates passed.
Gemini proposed 3 trade(s) meeting the conviction bar.
Gemini calls used today (all models combined): 359
Market closed (overnight): queued 9 trade idea(s) for next-morning verification -- nothing submitted yet.
  -> queued HPE buy (conf 85, stop 57.0, tp 65.0)
  -> queued HPQ buy (conf 85, stop 32.56, tp 36.23)
  -> queued DDOG buy (conf 80, stop 226.5, tp 250.0)
  -> queued FTNT buy (conf 80, stop 168.13, tp 176.0)
  -> queued ELV buy (conf 82, stop 405.0, tp 435.0)
  -> queued EPAM buy (conf 80.0, stop None, tp None)
  -> queued EG buy (conf 78, stop 365.0, tp 395.0)
  -> queued GILD buy (conf 82, stop 142.99, tp 158.0)
  -> queued EBAY buy (conf 78, stop 108.2, tp 119.0)
Dashboard watchlist synced (3 symbols) for news/headlines.
Ending portfolio value: $99,311.19
Trade journal: all: 19 trades, 21% win rate, avg -2.19% | breakout: 1 trades, 0% win rate, avg -8.61% | other: 13 trades, 23% win rate, avg -1.93% | technical: 5 trades, 20% win rate, avg -1.58%
Self-learning: breakout: 1 trades, 0% win rate, avg -8.61% (LOSING) | other: 13 trades, 23% win rate, avg -1.93% (LOSING) | technical: 5 trades, 20% win rate, avg -1.58% (LOSING)
Performance: Total return +0.45% | Max drawdown 0.94% | Daily Sharpe 1.61 | 19 closed trades | Win rate 21% | Avg winner +1.83% | Avg loser -3.26% | Open positions: 0 | Equity $99,311.19
Engine P&L: legacy/unknown: realized $-1,705.68 (19 closed, 21% wins), unrealized $+0.00 (0 open) | Books: legacy: realized $-1,705.68, unrealized $+0.00
Reports: daily realized $+0.00; worst symbols none | weekly realized $+0.00; worst symbols none
Shadow report: 24032 shadow candidate(s), 45 rejection group(s)
Timings: account: 0.0s | risk: 0.2s | decide: 6.7s | watchlist: 0.1s | perf: 0.3s

=== Run at 2026-09-17T20:22:28.722710 ===
Build fingerprint: 4f68550affe5
Current time: 2026-09-17 04:22 PM EDT | Market open (per Alpaca): False | Session: CLOSED
Account value: $99,311.19
Cash: $99,311.19 | Holdings (0): none
Sector exposure (cached): unavailable (no holdings)
Fill reconciliation: {'filled': 0, 'partial': 0, 'rejected': 1}
Risk state: peak $99,703.60 | drawdown 0.39% | today +0.00% | halted: False
Market regime: NEUTRAL (position-size multiplier: 100% incl. circuit breaker 100%)
News: fetched 158, 4 new after dedup, 0 ticker(s) matched.
Quant pre-screen: 36/65 candidates passed.
Gemini proposed 2 trade(s) meeting the conviction bar.
Gemini calls used today (all models combined): 360
Market closed (overnight): queued 9 trade idea(s) for next-morning verification -- nothing submitted yet.
  -> queued HPE buy (conf 85, stop 57.0, tp 65.0)
  -> queued HPQ buy (conf 85, stop 32.56, tp 36.23)
  -> queued DDOG buy (conf 80, stop 226.5, tp 250.0)
  -> queued FTNT buy (conf 80, stop 168.13, tp 176.0)
  -> queued ELV buy (conf 82, stop 405.0, tp 435.0)
  -> queued EPAM buy (conf 80.0, stop None, tp None)
  -> queued EG buy (conf 78, stop 365.0, tp 395.0)
  -> queued GILD buy (conf 80, stop 145.0, tp 158.0)
  -> queued EBAY buy (conf 78, stop 108.2, tp 119.0)
Dashboard watchlist synced (2 symbols) for news/headlines.
Ending portfolio value: $99,311.19
Trade journal: all: 19 trades, 21% win rate, avg -2.19% | breakout: 1 trades, 0% win rate, avg -8.61% | other: 13 trades, 23% win rate, avg -1.93% | technical: 5 trades, 20% win rate, avg -1.58%
Self-learning: breakout: 1 trades, 0% win rate, avg -8.61% (LOSING) | other: 13 trades, 23% win rate, avg -1.93% (LOSING) | technical: 5 trades, 20% win rate, avg -1.58% (LOSING)
Performance: Total return +0.45% | Max drawdown 0.94% | Daily Sharpe 1.61 | 19 closed trades | Win rate 21% | Avg winner +1.83% | Avg loser -3.26% | Open positions: 0 | Equity $99,311.19
Engine P&L: legacy/unknown: realized $-1,705.68 (19 closed, 21% wins), unrealized $+0.00 (0 open) | Books: legacy: realized $-1,705.68, unrealized $+0.00
Reports: daily realized $+0.00; worst symbols none | weekly realized $+0.00; worst symbols none
Shadow report: 24032 shadow candidate(s), 45 rejection group(s)
Timings: account: 0.0s | risk: 0.1s | decide: 4.9s | watchlist: 0.1s | perf: 0.4s

=== Run at 2026-09-17T20:24:28.832841 ===
Build fingerprint: 4f68550affe5
Current time: 2026-09-17 04:24 PM EDT | Market open (per Alpaca): False | Session: CLOSED
Account value: $99,311.19
Cash: $99,311.19 | Holdings (0): none
Sector exposure (cached): unavailable (no holdings)
Fill reconciliation: {'filled': 0, 'partial': 0, 'rejected': 1}
Risk state: peak $99,703.60 | drawdown 0.39% | today +0.00% | halted: False
Market regime: NEUTRAL (position-size multiplier: 100% incl. circuit breaker 100%)
News: fetched 158, 1 new after dedup, 0 ticker(s) matched.
Quant pre-screen: 36/65 candidates passed.
Gemini proposed 1 trade(s) meeting the conviction bar.
Gemini calls used today (all models combined): 361
Market closed (overnight): queued 9 trade idea(s) for next-morning verification -- nothing submitted yet.
  -> queued HPE buy (conf 88, stop 57.07, tp 65.5)
  -> queued HPQ buy (conf 85, stop 32.56, tp 36.23)
  -> queued DDOG buy (conf 80, stop 226.5, tp 250.0)
  -> queued FTNT buy (conf 80, stop 168.13, tp 176.0)
  -> queued ELV buy (conf 82, stop 405.0, tp 435.0)
  -> queued EPAM buy (conf 80.0, stop None, tp None)
  -> queued EG buy (conf 78, stop 365.0, tp 395.0)
  -> queued GILD buy (conf 80, stop 145.0, tp 158.0)
  -> queued EBAY buy (conf 78, stop 108.2, tp 119.0)
Dashboard watchlist synced (1 symbols) for news/headlines.
Ending portfolio value: $99,311.19
Trade journal: all: 19 trades, 21% win rate, avg -2.19% | breakout: 1 trades, 0% win rate, avg -8.61% | other: 13 trades, 23% win rate, avg -1.93% | technical: 5 trades, 20% win rate, avg -1.58%
Self-learning: breakout: 1 trades, 0% win rate, avg -8.61% (LOSING) | other: 13 trades, 23% win rate, avg -1.93% (LOSING) | technical: 5 trades, 20% win rate, avg -1.58% (LOSING)
Performance: Total return +0.45% | Max drawdown 0.94% | Daily Sharpe 1.61 | 19 closed trades | Win rate 21% | Avg winner +1.83% | Avg loser -3.26% | Open positions: 0 | Equity $99,311.19
Engine P&L: legacy/unknown: realized $-1,705.68 (19 closed, 21% wins), unrealized $+0.00 (0 open) | Books: legacy: realized $-1,705.68, unrealized $+0.00
Reports: daily realized $+0.00; worst symbols none | weekly realized $+0.00; worst symbols none
Shadow report: 24032 shadow candidate(s), 45 rejection group(s)
Timings: account: 0.0s | risk: 0.3s | decide: 6.8s | watchlist: 0.1s | perf: 0.4s

=== Run at 2026-09-17T20:26:27.412336 ===
Build fingerprint: 4f68550affe5
Current time: 2026-09-17 04:26 PM EDT | Market open (per Alpaca): False | Session: CLOSED
Account value: $99,311.19
Cash: $99,311.19 | Holdings (0): none
Sector exposure (cached): unavailable (no holdings)
Fill reconciliation: {'filled': 0, 'partial': 0, 'rejected': 1}
Risk state: peak $99,703.60 | drawdown 0.39% | today +0.00% | halted: False
Market regime: NEUTRAL (position-size multiplier: 100% incl. circuit breaker 100%)
News: fetched 158, 3 new after dedup, 0 ticker(s) matched.
Quant pre-screen: 36/65 candidates passed.
Gemini proposed 2 trade(s) meeting the conviction bar.
Gemini calls used today (all models combined): 362
Market closed (overnight): queued 9 trade idea(s) for next-morning verification -- nothing submitted yet.
  -> queued HPE buy (conf 88, stop 58.0, tp 66.5)
  -> queued HPQ buy (conf 85, stop 32.56, tp 36.23)
  -> queued DDOG buy (conf 80, stop 226.5, tp 250.0)
  -> queued FTNT buy (conf 80, stop 168.13, tp 176.0)
  -> queued ELV buy (conf 82, stop 405.0, tp 435.0)
  -> queued EPAM buy (conf 80.0, stop None, tp None)
  -> queued EG buy (conf 78, stop 365.0, tp 395.0)
  -> queued GILD buy (conf 84, stop 145.5, tp 158.0)
  -> queued EBAY buy (conf 78, stop 108.2, tp 119.0)
Dashboard watchlist synced (2 symbols) for news/headlines.
Ending portfolio value: $99,311.19
Trade journal: all: 19 trades, 21% win rate, avg -2.19% | breakout: 1 trades, 0% win rate, avg -8.61% | other: 13 trades, 23% win rate, avg -1.93% | technical: 5 trades, 20% win rate, avg -1.58%
Self-learning: breakout: 1 trades, 0% win rate, avg -8.61% (LOSING) | other: 13 trades, 23% win rate, avg -1.93% (LOSING) | technical: 5 trades, 20% win rate, avg -1.58% (LOSING)
Performance: Total return +0.45% | Max drawdown 0.94% | Daily Sharpe 1.61 | 19 closed trades | Win rate 21% | Avg winner +1.83% | Avg loser -3.26% | Open positions: 0 | Equity $99,311.19
Engine P&L: legacy/unknown: realized $-1,705.68 (19 closed, 21% wins), unrealized $+0.00 (0 open) | Books: legacy: realized $-1,705.68, unrealized $+0.00
Reports: daily realized $+0.00; worst symbols none | weekly realized $+0.00; worst symbols none
Shadow report: 24032 shadow candidate(s), 45 rejection group(s)
Timings: account: 0.0s | risk: 0.3s | decide: 6.7s | watchlist: 0.1s | perf: 0.3s

=== Run at 2026-09-17T20:28:46.116359 ===
Build fingerprint: 4f68550affe5
Current time: 2026-09-17 04:28 PM EDT | Market open (per Alpaca): False | Session: CLOSED
Account value: $99,311.19
Cash: $99,311.19 | Holdings (0): none
Sector exposure (cached): unavailable (no holdings)
Fill reconciliation: {'filled': 0, 'partial': 0, 'rejected': 1}
Risk state: peak $99,703.60 | drawdown 0.39% | today +0.00% | halted: False
Market regime: NEUTRAL (position-size multiplier: 100% incl. circuit breaker 100%)
News: fetched 158, 2 new after dedup, 0 ticker(s) matched.
Quant pre-screen: 36/65 candidates passed.
Gemini proposed 1 trade(s) meeting the conviction bar.
Gemini calls used today (all models combined): 363
Market closed (overnight): queued 9 trade idea(s) for next-morning verification -- nothing submitted yet.
  -> queued HPE buy (conf 88, stop 58.0, tp 66.5)
  -> queued HPQ buy (conf 85, stop 32.56, tp 36.23)
  -> queued DDOG buy (conf 80, stop 226.5, tp 250.0)
  -> queued FTNT buy (conf 80, stop 168.13, tp 176.0)
  -> queued ELV buy (conf 85, stop 391.4, tp 426.39)
  -> queued EPAM buy (conf 80.0, stop None, tp None)
  -> queued EG buy (conf 78, stop 365.0, tp 395.0)
  -> queued GILD buy (conf 84, stop 145.5, tp 158.0)
  -> queued EBAY buy (conf 78, stop 108.2, tp 119.0)
Dashboard watchlist synced (1 symbols) for news/headlines.
Ending portfolio value: $99,311.19
Trade journal: all: 19 trades, 21% win rate, avg -2.19% | breakout: 1 trades, 0% win rate, avg -8.61% | other: 13 trades, 23% win rate, avg -1.93% | technical: 5 trades, 20% win rate, avg -1.58%
Self-learning: breakout: 1 trades, 0% win rate, avg -8.61% (LOSING) | other: 13 trades, 23% win rate, avg -1.93% (LOSING) | technical: 5 trades, 20% win rate, avg -1.58% (LOSING)
Performance: Total return +0.45% | Max drawdown 0.94% | Daily Sharpe 1.61 | 19 closed trades | Win rate 21% | Avg winner +1.83% | Avg loser -3.26% | Open positions: 0 | Equity $99,311.19
Engine P&L: legacy/unknown: realized $-1,705.68 (19 closed, 21% wins), unrealized $+0.00 (0 open) | Books: legacy: realized $-1,705.68, unrealized $+0.00
Reports: daily realized $+0.00; worst symbols none | weekly realized $+0.00; worst symbols none
Shadow report: 24032 shadow candidate(s), 45 rejection group(s)
Timings: account: 0.0s | risk: 0.0s | decide: 3.0s | watchlist: 0.0s | perf: 0.3s

=== Run at 2026-09-17T20:30:31.328146 ===
Build fingerprint: 4f68550affe5
Current time: 2026-09-17 04:30 PM EDT | Market open (per Alpaca): False | Session: CLOSED
Account value: $99,311.19
Cash: $99,311.19 | Holdings (0): none
Sector exposure (cached): unavailable (no holdings)
Fill reconciliation: {'filled': 0, 'partial': 0, 'rejected': 1}
Risk state: peak $99,703.60 | drawdown 0.39% | today +0.00% | halted: False
Market regime: NEUTRAL (position-size multiplier: 100% incl. circuit breaker 100%)
News: fetched 158, 1 new after dedup, 0 ticker(s) matched.
Quant pre-screen: 36/65 candidates passed.
Gemini proposed 2 trade(s) meeting the conviction bar.
Gemini calls used today (all models combined): 364
Market closed (overnight): queued 9 trade idea(s) for next-morning verification -- nothing submitted yet.
  -> queued HPE buy (conf 85, stop 57.0, tp 66.5)
  -> queued HPQ buy (conf 85, stop 32.56, tp 36.23)
  -> queued DDOG buy (conf 80, stop 226.5, tp 250.0)
  -> queued FTNT buy (conf 80, stop 168.13, tp 176.0)
  -> queued ELV buy (conf 85, stop 391.4, tp 426.39)
  -> queued EPAM buy (conf 80.0, stop None, tp None)
  -> queued EG buy (conf 78, stop 365.0, tp 395.0)
  -> queued GILD buy (conf 80, stop 142.5, tp 158.0)
  -> queued EBAY buy (conf 78, stop 108.2, tp 119.0)
Dashboard watchlist synced (2 symbols) for news/headlines.
Ending portfolio value: $99,311.19
Trade journal: all: 19 trades, 21% win rate, avg -2.19% | breakout: 1 trades, 0% win rate, avg -8.61% | other: 13 trades, 23% win rate, avg -1.93% | technical: 5 trades, 20% win rate, avg -1.58%
Self-learning: breakout: 1 trades, 0% win rate, avg -8.61% (LOSING) | other: 13 trades, 23% win rate, avg -1.93% (LOSING) | technical: 5 trades, 20% win rate, avg -1.58% (LOSING)
Performance: Total return +0.45% | Max drawdown 0.94% | Daily Sharpe 1.61 | 19 closed trades | Win rate 21% | Avg winner +1.83% | Avg loser -3.26% | Open positions: 0 | Equity $99,311.19
Engine P&L: legacy/unknown: realized $-1,705.68 (19 closed, 21% wins), unrealized $+0.00 (0 open) | Books: legacy: realized $-1,705.68, unrealized $+0.00
Reports: daily realized $+0.00; worst symbols none | weekly realized $+0.00; worst symbols none
Shadow report: 24032 shadow candidate(s), 45 rejection group(s)
Timings: account: 0.0s | risk: 0.2s | decide: 7.3s | watchlist: 0.1s | perf: 0.3s

=== Run at 2026-09-17T20:32:26.526871 ===
Build fingerprint: 4f68550affe5
Current time: 2026-09-17 04:32 PM EDT | Market open (per Alpaca): False | Session: CLOSED
Account value: $99,311.19
Cash: $99,311.19 | Holdings (0): none
Sector exposure (cached): unavailable (no holdings)
Fill reconciliation: {'filled': 0, 'partial': 0, 'rejected': 1}
Risk state: peak $99,703.60 | drawdown 0.39% | today +0.00% | halted: False
Market regime: NEUTRAL (position-size multiplier: 100% incl. circuit breaker 100%)
News: fetched 158, 1 new after dedup, 0 ticker(s) matched.
Quant pre-screen: 36/65 candidates passed.
Technical fallback (Gemini throttled/unavailable) proposed 8 trade(s) meeting the conviction bar.
Gemini calls used today (all models combined): 364
Market closed (overnight): queued 11 trade idea(s) for next-morning verification -- nothing submitted yet.
  -> queued HPE buy (conf None, stop 45.7, tp 62.15)
  -> queued HPQ buy (conf 85, stop 32.56, tp 36.23)
  -> queued DDOG buy (conf 80, stop 226.5, tp 250.0)
  -> queued FTNT buy (conf None, stop 152.27, tp 176.0)
  -> queued ELV buy (conf None, stop 391.4, tp 426.39)
  -> queued EPAM buy (conf None, stop 112.035, tp 126.48)
  -> queued EG buy (conf None, stop 363.76, tp 387.53)
  -> queued GILD buy (conf None, stop 142.99, tp 151.465)
  -> queued EBAY buy (conf 78, stop 108.2, tp 119.0)
  -> queued DVN buy (conf None, stop 47.45, tp 51.7)
  -> queued GEN buy (conf None, stop 29.565, tp 31.64)
Dashboard watchlist synced (8 symbols) for news/headlines.
Ending portfolio value: $99,311.19
Trade journal: all: 19 trades, 21% win rate, avg -2.19% | breakout: 1 trades, 0% win rate, avg -8.61% | other: 13 trades, 23% win rate, avg -1.93% | technical: 5 trades, 20% win rate, avg -1.58%
Self-learning: breakout: 1 trades, 0% win rate, avg -8.61% (LOSING) | other: 13 trades, 23% win rate, avg -1.93% (LOSING) | technical: 5 trades, 20% win rate, avg -1.58% (LOSING)
Performance: Total return +0.45% | Max drawdown 0.94% | Daily Sharpe 1.61 | 19 closed trades | Win rate 21% | Avg winner +1.83% | Avg loser -3.26% | Open positions: 0 | Equity $99,311.19
Engine P&L: legacy/unknown: realized $-1,705.68 (19 closed, 21% wins), unrealized $+0.00 (0 open) | Books: legacy: realized $-1,705.68, unrealized $+0.00
Reports: daily realized $+0.00; worst symbols none | weekly realized $+0.00; worst symbols none
Shadow report: 24032 shadow candidate(s), 45 rejection group(s)
Timings: account: 0.0s | risk: 0.0s | decide: 21.9s | watchlist: 0.0s | perf: 0.3s

=== Run at 2026-09-17T20:34:24.285740 ===
Build fingerprint: 4f68550affe5
Current time: 2026-09-17 04:34 PM EDT | Market open (per Alpaca): False | Session: CLOSED
Account value: $99,311.19
Cash: $99,311.19 | Holdings (0): none
Sector exposure (cached): unavailable (no holdings)
Fill reconciliation: {'filled': 0, 'partial': 0, 'rejected': 1}
Risk state: peak $99,703.60 | drawdown 0.39% | today +0.00% | halted: False
Market regime: NEUTRAL (position-size multiplier: 100% incl. circuit breaker 100%)
News: fetched 158, 0 new after dedup, 0 ticker(s) matched.
Quant pre-screen: 36/65 candidates passed.
Gemini proposed 2 trade(s) meeting the conviction bar.
Gemini calls used today (all models combined): 365
Market closed (overnight): queued 11 trade idea(s) for next-morning verification -- nothing submitted yet.
  -> queued HPE buy (conf 88, stop 57.07, tp 68.0)
  -> queued HPQ buy (conf 85, stop 32.56, tp 36.23)
  -> queued DDOG buy (conf 80, stop 226.5, tp 250.0)
  -> queued FTNT buy (conf None, stop 152.27, tp 176.0)
  -> queued ELV buy (conf None, stop 391.4, tp 426.39)
  -> queued EPAM buy (conf None, stop 112.035, tp 126.48)
  -> queued EG buy (conf None, stop 363.76, tp 387.53)
  -> queued GILD buy (conf 82, stop 142.99, tp 158.0)
  -> queued EBAY buy (conf 78, stop 108.2, tp 119.0)
  -> queued DVN buy (conf None, stop 47.45, tp 51.7)
  -> queued GEN buy (conf None, stop 29.565, tp 31.64)
Dashboard watchlist synced (2 symbols) for news/headlines.
Ending portfolio value: $99,311.19
Trade journal: all: 19 trades, 21% win rate, avg -2.19% | breakout: 1 trades, 0% win rate, avg -8.61% | other: 13 trades, 23% win rate, avg -1.93% | technical: 5 trades, 20% win rate, avg -1.58%
Self-learning: breakout: 1 trades, 0% win rate, avg -8.61% (LOSING) | other: 13 trades, 23% win rate, avg -1.93% (LOSING) | technical: 5 trades, 20% win rate, avg -1.58% (LOSING)
Performance: Total return +0.45% | Max drawdown 0.94% | Daily Sharpe 1.61 | 19 closed trades | Win rate 21% | Avg winner +1.83% | Avg loser -3.26% | Open positions: 0 | Equity $99,311.19
Engine P&L: legacy/unknown: realized $-1,705.68 (19 closed, 21% wins), unrealized $+0.00 (0 open) | Books: legacy: realized $-1,705.68, unrealized $+0.00
Reports: daily realized $+0.00; worst symbols none | weekly realized $+0.00; worst symbols none
Shadow report: 24032 shadow candidate(s), 45 rejection group(s)
Timings: account: 0.0s | risk: 0.2s | decide: 6.1s | watchlist: 0.1s | perf: 0.3s

=== Run at 2026-09-17T20:36:30.728377 ===
Build fingerprint: 4f68550affe5
Current time: 2026-09-17 04:36 PM EDT | Market open (per Alpaca): False | Session: CLOSED
Account value: $99,311.19
Cash: $99,311.19 | Holdings (0): none
Sector exposure (cached): unavailable (no holdings)
Fill reconciliation: {'filled': 0, 'partial': 0, 'rejected': 1}
Risk state: peak $99,703.60 | drawdown 0.39% | today +0.00% | halted: False
Market regime: NEUTRAL (position-size multiplier: 100% incl. circuit breaker 100%)
News: fetched 158, 2 new after dedup, 0 ticker(s) matched.
Quant pre-screen: 31/60 candidates passed.
Gemini proposed 1 trade(s) meeting the conviction bar.
Gemini calls used today (all models combined): 366
Market closed (overnight): queued 11 trade idea(s) for next-morning verification -- nothing submitted yet.
  -> queued HPE buy (conf 85, stop 57.07, tp 65.5)
  -> queued HPQ buy (conf 85, stop 32.56, tp 36.23)
  -> queued DDOG buy (conf 80, stop 226.5, tp 250.0)
  -> queued FTNT buy (conf None, stop 152.27, tp 176.0)
  -> queued ELV buy (conf None, stop 391.4, tp 426.39)
  -> queued EPAM buy (conf None, stop 112.035, tp 126.48)
  -> queued EG buy (conf None, stop 363.76, tp 387.53)
  -> queued GILD buy (conf 82, stop 142.99, tp 158.0)
  -> queued EBAY buy (conf 78, stop 108.2, tp 119.0)
  -> queued DVN buy (conf None, stop 47.45, tp 51.7)
  -> queued GEN buy (conf None, stop 29.565, tp 31.64)
Dashboard watchlist synced (1 symbols) for news/headlines.
Ending portfolio value: $99,311.19
Trade journal: all: 19 trades, 21% win rate, avg -2.19% | breakout: 1 trades, 0% win rate, avg -8.61% | other: 13 trades, 23% win rate, avg -1.93% | technical: 5 trades, 20% win rate, avg -1.58%
Self-learning: breakout: 1 trades, 0% win rate, avg -8.61% (LOSING) | other: 13 trades, 23% win rate, avg -1.93% (LOSING) | technical: 5 trades, 20% win rate, avg -1.58% (LOSING)
Performance: Total return +0.45% | Max drawdown 0.94% | Daily Sharpe 1.61 | 19 closed trades | Win rate 21% | Avg winner +1.83% | Avg loser -3.26% | Open positions: 0 | Equity $99,311.19
Engine P&L: legacy/unknown: realized $-1,705.68 (19 closed, 21% wins), unrealized $+0.00 (0 open) | Books: legacy: realized $-1,705.68, unrealized $+0.00
Reports: daily realized $+0.00; worst symbols none | weekly realized $+0.00; worst symbols none
Shadow report: 24032 shadow candidate(s), 45 rejection group(s)
Timings: account: 0.0s | risk: 0.4s | decide: 15.1s | watchlist: 0.2s | perf: 0.4s

=== Run at 2026-09-17T20:38:27.658727 ===
Build fingerprint: 4f68550affe5
Current time: 2026-09-17 04:38 PM EDT | Market open (per Alpaca): False | Session: CLOSED
Account value: $99,311.19
Cash: $99,311.19 | Holdings (0): none
Sector exposure (cached): unavailable (no holdings)
Fill reconciliation: {'filled': 0, 'partial': 0, 'rejected': 1}
Risk state: peak $99,703.60 | drawdown 0.39% | today +0.00% | halted: False
Market regime: NEUTRAL (position-size multiplier: 100% incl. circuit breaker 100%)
News: fetched 120, 0 new after dedup, 0 ticker(s) matched.
Quant pre-screen: 36/65 candidates passed.
Gemini proposed 3 trade(s) meeting the conviction bar.
Gemini calls used today (all models combined): 367
Market closed (overnight): queued 11 trade idea(s) for next-morning verification -- nothing submitted yet.
  -> queued HPE buy (conf 88, stop 57.07, tp None)
  -> queued HPQ buy (conf 85, stop 32.56, tp 36.23)
  -> queued DDOG buy (conf 80, stop 226.5, tp 250.0)
  -> queued FTNT buy (conf None, stop 152.27, tp 176.0)
  -> queued ELV buy (conf 82, stop 391.4, tp None)
  -> queued EPAM buy (conf None, stop 112.035, tp 126.48)
  -> queued EG buy (conf None, stop 363.76, tp 387.53)
  -> queued GILD buy (conf 84, stop 142.99, tp 1.5726000000000001e+59)
  -> queued EBAY buy (conf 78, stop 108.2, tp 119.0)
  -> queued DVN buy (conf None, stop 47.45, tp 51.7)
  -> queued GEN buy (conf None, stop 29.565, tp 31.64)
Dashboard watchlist synced (3 symbols) for news/headlines.
Ending portfolio value: $99,311.19
Trade journal: all: 19 trades, 21% win rate, avg -2.19% | breakout: 1 trades, 0% win rate, avg -8.61% | other: 13 trades, 23% win rate, avg -1.93% | technical: 5 trades, 20% win rate, avg -1.58%
Self-learning: breakout: 1 trades, 0% win rate, avg -8.61% (LOSING) | other: 13 trades, 23% win rate, avg -1.93% (LOSING) | technical: 5 trades, 20% win rate, avg -1.58% (LOSING)
Performance: Total return +0.45% | Max drawdown 0.94% | Daily Sharpe 1.61 | 19 closed trades | Win rate 21% | Avg winner +1.83% | Avg loser -3.26% | Open positions: 0 | Equity $99,311.19
Engine P&L: legacy/unknown: realized $-1,705.68 (19 closed, 21% wins), unrealized $+0.00 (0 open) | Books: legacy: realized $-1,705.68, unrealized $+0.00
Reports: daily realized $+0.00; worst symbols none | weekly realized $+0.00; worst symbols none
Shadow report: 24032 shadow candidate(s), 45 rejection group(s)
Timings: account: 0.0s | risk: 0.1s | decide: 18.9s | watchlist: 0.1s | perf: 0.3s

=== Run at 2026-09-17T20:40:31.189737 ===
Build fingerprint: 4f68550affe5
Current time: 2026-09-17 04:40 PM EDT | Market open (per Alpaca): False | Session: CLOSED
Account value: $99,311.19
Cash: $99,311.19 | Holdings (0): none
Sector exposure (cached): unavailable (no holdings)
Fill reconciliation: {'filled': 0, 'partial': 0, 'rejected': 1}
Risk state: peak $99,703.60 | drawdown 0.39% | today +0.00% | halted: False
Market regime: NEUTRAL (position-size multiplier: 100% incl. circuit breaker 100%)
News: fetched 158, 0 new after dedup, 0 ticker(s) matched.
Quant pre-screen: 36/65 candidates passed.
Gemini proposed 1 trade(s) meeting the conviction bar.
Gemini calls used today (all models combined): 368
Market closed (overnight): queued 11 trade idea(s) for next-morning verification -- nothing submitted yet.
  -> queued HPE buy (conf 85, stop 57.07, tp 66.5)
  -> queued HPQ buy (conf 85, stop 32.56, tp 36.23)
  -> queued DDOG buy (conf 80, stop 226.5, tp 250.0)
  -> queued FTNT buy (conf None, stop 152.27, tp 176.0)
  -> queued ELV buy (conf 82, stop 391.4, tp None)
  -> queued EPAM buy (conf None, stop 112.035, tp 126.48)
  -> queued EG buy (conf None, stop 363.76, tp 387.53)
  -> queued GILD buy (conf 84, stop 142.99, tp 1.5726000000000001e+59)
  -> queued EBAY buy (conf 78, stop 108.2, tp 119.0)
  -> queued DVN buy (conf None, stop 47.45, tp 51.7)
  -> queued GEN buy (conf None, stop 29.565, tp 31.64)
Dashboard watchlist synced (1 symbols) for news/headlines.
Ending portfolio value: $99,311.19
Trade journal: all: 19 trades, 21% win rate, avg -2.19% | breakout: 1 trades, 0% win rate, avg -8.61% | other: 13 trades, 23% win rate, avg -1.93% | technical: 5 trades, 20% win rate, avg -1.58%
Self-learning: breakout: 1 trades, 0% win rate, avg -8.61% (LOSING) | other: 13 trades, 23% win rate, avg -1.93% (LOSING) | technical: 5 trades, 20% win rate, avg -1.58% (LOSING)
Performance: Total return +0.45% | Max drawdown 0.94% | Daily Sharpe 1.61 | 19 closed trades | Win rate 21% | Avg winner +1.83% | Avg loser -3.26% | Open positions: 0 | Equity $99,311.19
Engine P&L: legacy/unknown: realized $-1,705.68 (19 closed, 21% wins), unrealized $+0.00 (0 open) | Books: legacy: realized $-1,705.68, unrealized $+0.00
Reports: daily realized $+0.00; worst symbols none | weekly realized $+0.00; worst symbols none
Shadow report: 24032 shadow candidate(s), 45 rejection group(s)
Timings: account: 0.0s | risk: 0.2s | decide: 7.0s | watchlist: 0.1s | perf: 0.3s

=== Run at 2026-09-17T20:42:28.610548 ===
Build fingerprint: 4f68550affe5
Current time: 2026-09-17 04:42 PM EDT | Market open (per Alpaca): False | Session: CLOSED
Account value: $99,311.19
Cash: $99,311.19 | Holdings (0): none
Sector exposure (cached): unavailable (no holdings)
Fill reconciliation: {'filled': 0, 'partial': 0, 'rejected': 1}
Risk state: peak $99,703.60 | drawdown 0.39% | today +0.00% | halted: False
Market regime: NEUTRAL (position-size multiplier: 100% incl. circuit breaker 100%)
News: fetched 158, 1 new after dedup, 0 ticker(s) matched.
Quant pre-screen: 36/65 candidates passed.
Gemini proposed 1 trade(s) meeting the conviction bar.
Gemini calls used today (all models combined): 369
Market closed (overnight): queued 11 trade idea(s) for next-morning verification -- nothing submitted yet.
  -> queued HPE buy (conf 88, stop 57.07, tp 68.0)
  -> queued HPQ buy (conf 85, stop 32.56, tp 36.23)
  -> queued DDOG buy (conf 80, stop 226.5, tp 250.0)
  -> queued FTNT buy (conf None, stop 152.27, tp 176.0)
  -> queued ELV buy (conf 82, stop 391.4, tp None)
  -> queued EPAM buy (conf None, stop 112.035, tp 126.48)
  -> queued EG buy (conf None, stop 363.76, tp 387.53)
  -> queued GILD buy (conf 84, stop 142.99, tp 1.5726000000000001e+59)
  -> queued EBAY buy (conf 78, stop 108.2, tp 119.0)
  -> queued DVN buy (conf None, stop 47.45, tp 51.7)
  -> queued GEN buy (conf None, stop 29.565, tp 31.64)
Dashboard watchlist synced (1 symbols) for news/headlines.
Ending portfolio value: $99,311.19
Trade journal: all: 19 trades, 21% win rate, avg -2.19% | breakout: 1 trades, 0% win rate, avg -8.61% | other: 13 trades, 23% win rate, avg -1.93% | technical: 5 trades, 20% win rate, avg -1.58%
Self-learning: breakout: 1 trades, 0% win rate, avg -8.61% (LOSING) | other: 13 trades, 23% win rate, avg -1.93% (LOSING) | technical: 5 trades, 20% win rate, avg -1.58% (LOSING)
Performance: Total return +0.45% | Max drawdown 0.94% | Daily Sharpe 1.61 | 19 closed trades | Win rate 21% | Avg winner +1.83% | Avg loser -3.26% | Open positions: 0 | Equity $99,311.19
Engine P&L: legacy/unknown: realized $-1,705.68 (19 closed, 21% wins), unrealized $+0.00 (0 open) | Books: legacy: realized $-1,705.68, unrealized $+0.00
Reports: daily realized $+0.00; worst symbols none | weekly realized $+0.00; worst symbols none
Shadow report: 24032 shadow candidate(s), 45 rejection group(s)
Timings: account: 0.0s | risk: 0.0s | decide: 2.8s | watchlist: 0.0s | perf: 0.3s

=== Run at 2026-09-17T20:44:32.688318 ===
Build fingerprint: 4f68550affe5
Current time: 2026-09-17 04:44 PM EDT | Market open (per Alpaca): False | Session: CLOSED
Account value: $99,311.19
Cash: $99,311.19 | Holdings (0): none
Sector exposure (cached): unavailable (no holdings)
Fill reconciliation: {'filled': 0, 'partial': 0, 'rejected': 1}
Risk state: peak $99,703.60 | drawdown 0.39% | today +0.00% | halted: False
Market regime: NEUTRAL (position-size multiplier: 100% incl. circuit breaker 100%)
News: fetched 158, 0 new after dedup, 0 ticker(s) matched.
Quant pre-screen: 36/65 candidates passed.
Gemini proposed 1 trade(s) meeting the conviction bar.
Gemini calls used today (all models combined): 370
Market closed (overnight): queued 11 trade idea(s) for next-morning verification -- nothing submitted yet.
  -> queued HPE buy (conf 85, stop 57.0, tp 65.0)
  -> queued HPQ buy (conf 85, stop 32.56, tp 36.23)
  -> queued DDOG buy (conf 80, stop 226.5, tp 250.0)
  -> queued FTNT buy (conf None, stop 152.27, tp 176.0)
  -> queued ELV buy (conf 82, stop 391.4, tp None)
  -> queued EPAM buy (conf None, stop 112.035, tp 126.48)
  -> queued EG buy (conf None, stop 363.76, tp 387.53)
  -> queued GILD buy (conf 84, stop 142.99, tp 1.5726000000000001e+59)
  -> queued EBAY buy (conf 78, stop 108.2, tp 119.0)
  -> queued DVN buy (conf None, stop 47.45, tp 51.7)
  -> queued GEN buy (conf None, stop 29.565, tp 31.64)
Dashboard watchlist synced (1 symbols) for news/headlines.
Ending portfolio value: $99,311.19
Trade journal: all: 19 trades, 21% win rate, avg -2.19% | breakout: 1 trades, 0% win rate, avg -8.61% | other: 13 trades, 23% win rate, avg -1.93% | technical: 5 trades, 20% win rate, avg -1.58%
Self-learning: breakout: 1 trades, 0% win rate, avg -8.61% (LOSING) | other: 13 trades, 23% win rate, avg -1.93% (LOSING) | technical: 5 trades, 20% win rate, avg -1.58% (LOSING)
Performance: Total return +0.45% | Max drawdown 0.94% | Daily Sharpe 1.61 | 19 closed trades | Win rate 21% | Avg winner +1.83% | Avg loser -3.26% | Open positions: 0 | Equity $99,311.19
Engine P&L: legacy/unknown: realized $-1,705.68 (19 closed, 21% wins), unrealized $+0.00 (0 open) | Books: legacy: realized $-1,705.68, unrealized $+0.00
Reports: daily realized $+0.00; worst symbols none | weekly realized $+0.00; worst symbols none
Shadow report: 24032 shadow candidate(s), 45 rejection group(s)
Timings: account: 0.0s | risk: 0.2s | decide: 19.4s | watchlist: 0.1s | perf: 0.3s

=== Run at 2026-09-17T20:46:32.157297 ===
Build fingerprint: 4f68550affe5
Current time: 2026-09-17 04:46 PM EDT | Market open (per Alpaca): False | Session: CLOSED
=== Run at 2026-09-17T20:45:55.222078 ===
Build fingerprint: 4f68550affe5
Current time: 2026-09-17 04:45 PM EDT | Market open (per Alpaca): False | Session: CLOSED
Account value: $99,311.19
Cash: $99,311.19 | Holdings (0): none
Sector exposure (cached): unavailable (no holdings)
Fill reconciliation: {'filled': 0, 'partial': 0, 'rejected': 1}
Risk state: peak $99,703.60 | drawdown 0.39% | today +0.00% | halted: False
Market regime: NEUTRAL (position-size multiplier: 100% incl. circuit breaker 100%)
News: fetched 158, 0 new after dedup, 0 ticker(s) matched.
Quant pre-screen: 36/65 candidates passed.
Gemini proposed 2 trade(s) meeting the conviction bar.
Gemini calls used today (all models combined): 371
Market closed (overnight): queued 11 trade idea(s) for next-morning verification -- nothing submitted yet.
  -> queued HPE buy (conf 88, stop 58.0, tp 65.0)
  -> queued HPE buy (conf 85, stop 57.0, tp 65.00000000000001)
  -> queued HPQ buy (conf 85, stop 32.56, tp 36.23)
  -> queued DDOG buy (conf 80, stop 226.5, tp 250.0)
  -> queued FTNT buy (conf None, stop 152.27, tp 176.0)
  -> queued ELV buy (conf 82, stop 391.4, tp None)
  -> queued EPAM buy (conf None, stop 112.035, tp 126.48)
  -> queued EG buy (conf None, stop 363.76, tp 387.53)
  -> queued GILD buy (conf 84, stop 147.0, tp 156.0)
  -> queued GILD buy (conf 82, stop 144.0, tp 158.0)
  -> queued EBAY buy (conf 78, stop 108.2, tp 119.0)
  -> queued DVN buy (conf None, stop 47.45, tp 51.7)
  -> queued GEN buy (conf None, stop 29.565, tp 31.64)
Dashboard watchlist synced (2 symbols) for news/headlines.
Ending portfolio value: $99,311.19
Trade journal: all: 19 trades, 21% win rate, avg -2.19% | breakout: 1 trades, 0% win rate, avg -8.61% | other: 13 trades, 23% win rate, avg -1.93% | technical: 5 trades, 20% win rate, avg -1.58%
Self-learning: breakout: 1 trades, 0% win rate, avg -8.61% (LOSING) | other: 13 trades, 23% win rate, avg -1.93% (LOSING) | technical: 5 trades, 20% win rate, avg -1.58% (LOSING)
Performance: Total return +0.45% | Max drawdown 0.94% | Daily Sharpe 1.61 | 19 closed trades | Win rate 21% | Avg winner +1.83% | Avg loser -3.26% | Open positions: 0 | Equity $99,311.19
Engine P&L: legacy/unknown: realized $-1,705.68 (19 closed, 21% wins), unrealized $+0.00 (0 open) | Books: legacy: realized $-1,705.68, unrealized $+0.00
Reports: daily realized $+0.00; worst symbols none | weekly realized $+0.00; worst symbols none
Shadow report: 24032 shadow candidate(s), 45 rejection group(s)
Timings: account: 0.0s | risk: 0.3s | decide: 7.7s | watchlist: 0.1s | perf: 0.4s
Timings: account: 0.0s | risk: 0.3s | decide: 6.9s | watchlist: 0.1s | perf: 0.4s

=== Run at 2026-09-17T20:48:31.589785 ===
Build fingerprint: 4f68550affe5
Current time: 2026-09-17 04:48 PM EDT | Market open (per Alpaca): False | Session: CLOSED
Account value: $99,311.19
Cash: $99,311.19 | Holdings (0): none
Sector exposure (cached): unavailable (no holdings)
Fill reconciliation: {'filled': 0, 'partial': 0, 'rejected': 1}
Risk state: peak $99,703.60 | drawdown 0.39% | today +0.00% | halted: False
Market regime: NEUTRAL (position-size multiplier: 100% incl. circuit breaker 100%)
News: fetched 158, 3 new after dedup, 3 ticker(s) matched.
Quant pre-screen: 34/51 candidates passed.
Gemini proposed 2 trade(s) meeting the conviction bar.
Gemini calls used today (all models combined): 372
Market closed (overnight): queued 12 trade idea(s) for next-morning verification -- nothing submitted yet.
  -> queued HPE buy (conf 85, stop 57.0, tp 65.5)
  -> queued HPQ buy (conf 85, stop 32.56, tp 36.23)
  -> queued DDOG buy (conf 80, stop 226.5, tp 250.0)
  -> queued FTNT buy (conf None, stop 152.27, tp 176.0)
  -> queued ELV buy (conf 82, stop 391.4, tp None)
  -> queued EPAM buy (conf None, stop 112.035, tp 126.48)
  -> queued EG buy (conf None, stop 363.76, tp 387.53)
  -> queued GILD buy (conf 84, stop 147.0, tp 156.0)
  -> queued EBAY buy (conf 78, stop 108.2, tp 119.0)
  -> queued DVN buy (conf None, stop 47.45, tp 51.7)
  -> queued GEN buy (conf None, stop 29.565, tp 31.64)
  -> queued CVX buy (conf 78, stop 204.5, tp 222.0)
Dashboard watchlist synced (5 symbols) for news/headlines.
Ending portfolio value: $99,311.19
Trade journal: all: 19 trades, 21% win rate, avg -2.19% | breakout: 1 trades, 0% win rate, avg -8.61% | other: 13 trades, 23% win rate, avg -1.93% | technical: 5 trades, 20% win rate, avg -1.58%
Self-learning: breakout: 1 trades, 0% win rate, avg -8.61% (LOSING) | other: 13 trades, 23% win rate, avg -1.93% (LOSING) | technical: 5 trades, 20% win rate, avg -1.58% (LOSING)
Performance: Total return +0.45% | Max drawdown 0.94% | Daily Sharpe 1.61 | 19 closed trades | Win rate 21% | Avg winner +1.83% | Avg loser -3.26% | Open positions: 0 | Equity $99,311.19
Engine P&L: legacy/unknown: realized $-1,705.68 (19 closed, 21% wins), unrealized $+0.00 (0 open) | Books: legacy: realized $-1,705.68, unrealized $+0.00
Reports: daily realized $+0.00; worst symbols none | weekly realized $+0.00; worst symbols none
Shadow report: 24032 shadow candidate(s), 45 rejection group(s)
Timings: account: 0.0s | risk: 0.3s | decide: 11.1s | watchlist: 0.1s | perf: 0.3s

=== Run at 2026-09-17T20:50:35.129982 ===
Build fingerprint: 4f68550affe5
Current time: 2026-09-17 04:50 PM EDT | Market open (per Alpaca): False | Session: CLOSED
Account value: $99,311.19
Cash: $99,311.19 | Holdings (0): none
Sector exposure (cached): unavailable (no holdings)
Fill reconciliation: {'filled': 0, 'partial': 0, 'rejected': 1}
Risk state: peak $99,703.60 | drawdown 0.39% | today +0.00% | halted: False
Market regime: NEUTRAL (position-size multiplier: 100% incl. circuit breaker 100%)
News: fetched 158, 0 new after dedup, 0 ticker(s) matched.
Quant pre-screen: 36/65 candidates passed.
Gemini proposed 2 trade(s) meeting the conviction bar.
Gemini calls used today (all models combined): 373
Market closed (overnight): queued 12 trade idea(s) for next-morning verification -- nothing submitted yet.
  -> queued HPE buy (conf 88, stop 57.07, tp None)
  -> queued HPQ buy (conf 85, stop 32.56, tp 36.23)
  -> queued DDOG buy (conf 80, stop 226.5, tp 250.0)
  -> queued FTNT buy (conf None, stop 152.27, tp 176.0)
  -> queued ELV buy (conf 82, stop 391.4, tp None)
  -> queued EPAM buy (conf None, stop 112.035, tp 126.48)
  -> queued EG buy (conf None, stop 363.76, tp 387.53)
  -> queued GILD buy (conf 82, stop 142.99, tp None)
  -> queued EBAY buy (conf 78, stop 108.2, tp 119.0)
  -> queued DVN buy (conf None, stop 47.45, tp 51.7)
  -> queued GEN buy (conf None, stop 29.565, tp 31.64)
  -> queued CVX buy (conf 78, stop 204.5, tp 222.0)
Dashboard watchlist synced (2 symbols) for news/headlines.
Ending portfolio value: $99,311.19
Trade journal: all: 19 trades, 21% win rate, avg -2.19% | breakout: 1 trades, 0% win rate, avg -8.61% | other: 13 trades, 23% win rate, avg -1.93% | technical: 5 trades, 20% win rate, avg -1.58%
Self-learning: breakout: 1 trades, 0% win rate, avg -8.61% (LOSING) | other: 13 trades, 23% win rate, avg -1.93% (LOSING) | technical: 5 trades, 20% win rate, avg -1.58% (LOSING)
Performance: Total return +0.45% | Max drawdown 0.94% | Daily Sharpe 1.61 | 19 closed trades | Win rate 21% | Avg winner +1.83% | Avg loser -3.26% | Open positions: 0 | Equity $99,311.19
Engine P&L: legacy/unknown: realized $-1,705.68 (19 closed, 21% wins), unrealized $+0.00 (0 open) | Books: legacy: realized $-1,705.68, unrealized $+0.00
Reports: daily realized $+0.00; worst symbols none | weekly realized $+0.00; worst symbols none
Shadow report: 24032 shadow candidate(s), 45 rejection group(s)
Timings: account: 0.0s | risk: 0.1s | decide: 10.9s | watchlist: 0.1s | perf: 0.3s

=== Run at 2026-09-17T20:52:23.974397 ===
Build fingerprint: 4f68550affe5
Current time: 2026-09-17 04:52 PM EDT | Market open (per Alpaca): False | Session: CLOSED
Account value: $99,311.19
Cash: $99,311.19 | Holdings (0): none
Sector exposure (cached): unavailable (no holdings)
Fill reconciliation: {'filled': 0, 'partial': 0, 'rejected': 1}
Risk state: peak $99,703.60 | drawdown 0.39% | today +0.00% | halted: False
Market regime: NEUTRAL (position-size multiplier: 100% incl. circuit breaker 100%)
News: fetched 158, 2 new after dedup, 0 ticker(s) matched.
Quant pre-screen: 36/65 candidates passed.
Gemini proposed 1 trade(s) meeting the conviction bar.
Gemini calls used today (all models combined): 374
Market closed (overnight): queued 12 trade idea(s) for next-morning verification -- nothing submitted yet.
  -> queued HPE buy (conf 85, stop 58.0, tp 66.0)
  -> queued HPQ buy (conf 85, stop 32.56, tp 36.23)
  -> queued DDOG buy (conf 80, stop 226.5, tp 250.0)
  -> queued FTNT buy (conf None, stop 152.27, tp 176.0)
  -> queued ELV buy (conf 82, stop 391.4, tp None)
  -> queued EPAM buy (conf None, stop 112.035, tp 126.48)
  -> queued EG buy (conf None, stop 363.76, tp 387.53)
  -> queued GILD buy (conf 82, stop 142.99, tp None)
  -> queued EBAY buy (conf 78, stop 108.2, tp 119.0)
  -> queued DVN buy (conf None, stop 47.45, tp 51.7)
  -> queued GEN buy (conf None, stop 29.565, tp 31.64)
  -> queued CVX buy (conf 78, stop 204.5, tp 222.0)
Dashboard watchlist synced (1 symbols) for news/headlines.
Ending portfolio value: $99,311.19
Trade journal: all: 19 trades, 21% win rate, avg -2.19% | breakout: 1 trades, 0% win rate, avg -8.61% | other: 13 trades, 23% win rate, avg -1.93% | technical: 5 trades, 20% win rate, avg -1.58%
Self-learning: breakout: 1 trades, 0% win rate, avg -8.61% (LOSING) | other: 13 trades, 23% win rate, avg -1.93% (LOSING) | technical: 5 trades, 20% win rate, avg -1.58% (LOSING)
Performance: Total return +0.45% | Max drawdown 0.94% | Daily Sharpe 1.61 | 19 closed trades | Win rate 21% | Avg winner +1.83% | Avg loser -3.26% | Open positions: 0 | Equity $99,311.19
Engine P&L: legacy/unknown: realized $-1,705.68 (19 closed, 21% wins), unrealized $+0.00 (0 open) | Books: legacy: realized $-1,705.68, unrealized $+0.00
Reports: daily realized $+0.00; worst symbols none | weekly realized $+0.00; worst symbols none
Shadow report: 24032 shadow candidate(s), 45 rejection group(s)
Timings: account: 0.0s | risk: 0.0s | decide: 5.4s | watchlist: 0.0s | perf: 0.2s

=== Run at 2026-09-17T20:54:27.308426 ===
Build fingerprint: 4f68550affe5
Current time: 2026-09-17 04:54 PM EDT | Market open (per Alpaca): False | Session: CLOSED
Account value: $99,311.19
Cash: $99,311.19 | Holdings (0): none
Sector exposure (cached): unavailable (no holdings)
Fill reconciliation: {'filled': 0, 'partial': 0, 'rejected': 1}
Risk state: peak $99,703.60 | drawdown 0.39% | today +0.00% | halted: False
Market regime: NEUTRAL (position-size multiplier: 100% incl. circuit breaker 100%)
News: fetched 158, 1 new after dedup, 3 ticker(s) matched.
Quant pre-screen: 38/61 candidates passed.
Gemini proposed 1 trade(s) meeting the conviction bar.
Gemini calls used today (all models combined): 375
Market closed (overnight): queued 12 trade idea(s) for next-morning verification -- nothing submitted yet.
  -> queued HPE buy (conf 85, stop 58.0, tp 66.0)
  -> queued HPQ buy (conf 85, stop 32.56, tp 36.23)
  -> queued DDOG buy (conf 80, stop 226.5, tp 250.0)
  -> queued FTNT buy (conf None, stop 152.27, tp 176.0)
  -> queued ELV buy (conf 88, stop 391.4, tp 426.39)
  -> queued EPAM buy (conf None, stop 112.035, tp 126.48)
  -> queued EG buy (conf None, stop 363.76, tp 387.53)
  -> queued GILD buy (conf 82, stop 142.99, tp None)
  -> queued EBAY buy (conf 78, stop 108.2, tp 119.0)
  -> queued DVN buy (conf None, stop 47.45, tp 51.7)
  -> queued GEN buy (conf None, stop 29.565, tp 31.64)
  -> queued CVX buy (conf 78, stop 204.5, tp 222.0)
Dashboard watchlist synced (4 symbols) for news/headlines.
Ending portfolio value: $99,311.19
Trade journal: all: 19 trades, 21% win rate, avg -2.19% | breakout: 1 trades, 0% win rate, avg -8.61% | other: 13 trades, 23% win rate, avg -1.93% | technical: 5 trades, 20% win rate, avg -1.58%
Self-learning: breakout: 1 trades, 0% win rate, avg -8.61% (LOSING) | other: 13 trades, 23% win rate, avg -1.93% (LOSING) | technical: 5 trades, 20% win rate, avg -1.58% (LOSING)
Performance: Total return +0.45% | Max drawdown 0.94% | Daily Sharpe 1.61 | 19 closed trades | Win rate 21% | Avg winner +1.83% | Avg loser -3.26% | Open positions: 0 | Equity $99,311.19
Engine P&L: legacy/unknown: realized $-1,705.68 (19 closed, 21% wins), unrealized $+0.00 (0 open) | Books: legacy: realized $-1,705.68, unrealized $+0.00
Reports: daily realized $+0.00; worst symbols none | weekly realized $+0.00; worst symbols none
Shadow report: 24032 shadow candidate(s), 45 rejection group(s)
Timings: account: 0.0s | risk: 0.2s | decide: 8.1s | watchlist: 0.1s | perf: 0.3s

=== Run at 2026-09-17T20:56:27.679824 ===
Build fingerprint: 4f68550affe5
Current time: 2026-09-17 04:56 PM EDT | Market open (per Alpaca): False | Session: CLOSED
Account value: $99,311.19
Cash: $99,311.19 | Holdings (0): none
Sector exposure (cached): unavailable (no holdings)
Fill reconciliation: {'filled': 0, 'partial': 0, 'rejected': 1}
Risk state: peak $99,703.60 | drawdown 0.39% | today +0.00% | halted: False
Market regime: NEUTRAL (position-size multiplier: 100% incl. circuit breaker 100%)
News: fetched 158, 0 new after dedup, 0 ticker(s) matched.
Quant pre-screen: 36/65 candidates passed.
Gemini proposed 2 trade(s) meeting the conviction bar.
Gemini calls used today (all models combined): 376
Market closed (overnight): queued 12 trade idea(s) for next-morning verification -- nothing submitted yet.
  -> queued HPE buy (conf 88, stop 57.0, tp 64.0)
  -> queued HPQ buy (conf 85, stop 32.56, tp 36.23)
  -> queued DDOG buy (conf 80, stop 226.5, tp 250.0)
  -> queued FTNT buy (conf None, stop 152.27, tp 176.0)
  -> queued ELV buy (conf 88, stop 391.4, tp 426.39)
  -> queued EPAM buy (conf None, stop 112.035, tp 126.48)
  -> queued EG buy (conf None, stop 363.76, tp 387.53)
  -> queued GILD buy (conf 84, stop 142.99, tp 157.0)
  -> queued EBAY buy (conf 78, stop 108.2, tp 119.0)
  -> queued DVN buy (conf None, stop 47.45, tp 51.7)
  -> queued GEN buy (conf None, stop 29.565, tp 31.64)
  -> queued CVX buy (conf 78, stop 204.5, tp 222.0)
Dashboard watchlist synced (2 symbols) for news/headlines.
Ending portfolio value: $99,311.19
Trade journal: all: 19 trades, 21% win rate, avg -2.19% | breakout: 1 trades, 0% win rate, avg -8.61% | other: 13 trades, 23% win rate, avg -1.93% | technical: 5 trades, 20% win rate, avg -1.58%
Self-learning: breakout: 1 trades, 0% win rate, avg -8.61% (LOSING) | other: 13 trades, 23% win rate, avg -1.93% (LOSING) | technical: 5 trades, 20% win rate, avg -1.58% (LOSING)
Performance: Total return +0.45% | Max drawdown 0.94% | Daily Sharpe 1.61 | 19 closed trades | Win rate 21% | Avg winner +1.83% | Avg loser -3.26% | Open positions: 0 | Equity $99,311.19
Engine P&L: legacy/unknown: realized $-1,705.68 (19 closed, 21% wins), unrealized $+0.00 (0 open) | Books: legacy: realized $-1,705.68, unrealized $+0.00
Reports: daily realized $+0.00; worst symbols none | weekly realized $+0.00; worst symbols none
Shadow report: 24032 shadow candidate(s), 45 rejection group(s)
Timings: account: 0.0s | risk: 0.1s | decide: 4.9s | watchlist: 0.0s | perf: 0.3s

=== Run at 2026-09-17T20:58:34.303914 ===
Build fingerprint: 4f68550affe5
Current time: 2026-09-17 04:58 PM EDT | Market open (per Alpaca): False | Session: CLOSED
Account value: $99,311.19
Cash: $99,311.19 | Holdings (0): none
Sector exposure (cached): unavailable (no holdings)
Fill reconciliation: {'filled': 0, 'partial': 0, 'rejected': 1}
Risk state: peak $99,703.60 | drawdown 0.39% | today +0.00% | halted: False
Market regime: NEUTRAL (position-size multiplier: 100% incl. circuit breaker 100%)
News: fetched 158, 2 new after dedup, 0 ticker(s) matched.
Quant pre-screen: 36/65 candidates passed.
Gemini proposed 2 trade(s) meeting the conviction bar.
Gemini calls used today (all models combined): 377
Market closed (overnight): queued 12 trade idea(s) for next-morning verification -- nothing submitted yet.
  -> queued HPE buy (conf 85, stop 57.0, tp 66.5)
  -> queued HPQ buy (conf 85, stop 32.56, tp 36.23)
  -> queued DDOG buy (conf 80, stop 226.5, tp 250.0)
  -> queued FTNT buy (conf None, stop 152.27, tp 176.0)
  -> queued ELV buy (conf 88, stop 391.4, tp 426.39)
  -> queued EPAM buy (conf None, stop 112.035, tp 126.48)
  -> queued EG buy (conf None, stop 363.76, tp 387.53)
  -> queued GILD buy (conf 82, stop 145.0, tp 160.0)
  -> queued EBAY buy (conf 78, stop 108.2, tp 119.0)
  -> queued DVN buy (conf None, stop 47.45, tp 51.7)
  -> queued GEN buy (conf None, stop 29.565, tp 31.64)
  -> queued CVX buy (conf 78, stop 204.5, tp 222.0)
Dashboard watchlist synced (2 symbols) for news/headlines.
Ending portfolio value: $99,311.19
Trade journal: all: 19 trades, 21% win rate, avg -2.19% | breakout: 1 trades, 0% win rate, avg -8.61% | other: 13 trades, 23% win rate, avg -1.93% | technical: 5 trades, 20% win rate, avg -1.58%
Self-learning: breakout: 1 trades, 0% win rate, avg -8.61% (LOSING) | other: 13 trades, 23% win rate, avg -1.93% (LOSING) | technical: 5 trades, 20% win rate, avg -1.58% (LOSING)
Performance: Total return +0.45% | Max drawdown 0.94% | Daily Sharpe 1.61 | 19 closed trades | Win rate 21% | Avg winner +1.83% | Avg loser -3.26% | Open positions: 0 | Equity $99,311.19
Engine P&L: legacy/unknown: realized $-1,705.68 (19 closed, 21% wins), unrealized $+0.00 (0 open) | Books: legacy: realized $-1,705.68, unrealized $+0.00
Reports: daily realized $+0.00; worst symbols none | weekly realized $+0.00; worst symbols none
Shadow report: 24032 shadow candidate(s), 45 rejection group(s)
Timings: account: 0.0s | risk: 0.2s | decide: 6.1s | watchlist: 0.1s | perf: 0.2s

=== Run at 2026-09-17T21:00:30.857284 ===
Build fingerprint: 4f68550affe5
Current time: 2026-09-17 05:00 PM EDT | Market open (per Alpaca): False | Session: CLOSED
Account value: $99,311.19
Cash: $99,311.19 | Holdings (0): none
Sector exposure (cached): unavailable (no holdings)
Fill reconciliation: {'filled': 0, 'partial': 0, 'rejected': 1}
Risk state: peak $99,703.60 | drawdown 0.39% | today +0.00% | halted: False
Market regime: NEUTRAL (position-size multiplier: 100% incl. circuit breaker 100%)
News: fetched 158, 3 new after dedup, 0 ticker(s) matched.
Quant pre-screen: 14/17 candidates passed.
Gemini proposed 2 trade(s) meeting the conviction bar.
Gemini calls used today (all models combined): 378
Market closed (overnight): queued 12 trade idea(s) for next-morning verification -- nothing submitted yet.
  -> queued HPE buy (conf 85, stop 58.5, tp 66.00000000000001)
  -> queued HPQ buy (conf 85, stop 32.56, tp 36.23)
  -> queued DDOG buy (conf 80, stop 226.5, tp 250.0)
  -> queued FTNT buy (conf None, stop 152.27, tp 176.0)
  -> queued ELV buy (conf 88, stop 391.4, tp 426.39)
  -> queued EPAM buy (conf None, stop 112.035, tp 126.48)
  -> queued EG buy (conf 80, stop 370.0, tp 395.00000000000006)
  -> queued GILD buy (conf 82, stop 145.0, tp 160.0)
  -> queued EBAY buy (conf 78, stop 108.2, tp 119.0)
  -> queued DVN buy (conf None, stop 47.45, tp 51.7)
  -> queued GEN buy (conf None, stop 29.565, tp 31.64)
  -> queued CVX buy (conf 78, stop 204.5, tp 222.0)
Dashboard watchlist synced (2 symbols) for news/headlines.
Ending portfolio value: $99,311.19
Trade journal: all: 19 trades, 21% win rate, avg -2.19% | breakout: 1 trades, 0% win rate, avg -8.61% | other: 13 trades, 23% win rate, avg -1.93% | technical: 5 trades, 20% win rate, avg -1.58%
Self-learning: breakout: 1 trades, 0% win rate, avg -8.61% (LOSING) | other: 13 trades, 23% win rate, avg -1.93% (LOSING) | technical: 5 trades, 20% win rate, avg -1.58% (LOSING)
Performance: Total return +0.45% | Max drawdown 0.94% | Daily Sharpe 1.61 | 19 closed trades | Win rate 21% | Avg winner +1.83% | Avg loser -3.26% | Open positions: 0 | Equity $99,311.19
Engine P&L: legacy/unknown: realized $-1,705.68 (19 closed, 21% wins), unrealized $+0.00 (0 open) | Books: legacy: realized $-1,705.68, unrealized $+0.00
Reports: daily realized $+0.00; worst symbols none | weekly realized $+0.00; worst symbols none
Shadow report: 24032 shadow candidate(s), 45 rejection group(s)
Timings: account: 0.0s | risk: 0.1s | decide: 8.5s | watchlist: 0.1s | perf: 0.2s

=== Run at 2026-09-17T21:02:29.617440 ===
Build fingerprint: 4f68550affe5
Current time: 2026-09-17 05:02 PM EDT | Market open (per Alpaca): False | Session: CLOSED
Account value: $99,311.19
Cash: $99,311.19 | Holdings (0): none
Sector exposure (cached): unavailable (no holdings)
Fill reconciliation: {'filled': 0, 'partial': 0, 'rejected': 1}
Risk state: peak $99,703.60 | drawdown 0.39% | today +0.00% | halted: False
Market regime: NEUTRAL (position-size multiplier: 100% incl. circuit breaker 100%)
News: fetched 158, 0 new after dedup, 0 ticker(s) matched.
Quant pre-screen: 19/29 candidates passed.
Gemini proposed 2 trade(s) meeting the conviction bar.
Gemini calls used today (all models combined): 379
Market closed (overnight): queued 12 trade idea(s) for next-morning verification -- nothing submitted yet.
  -> queued HPE buy (conf 85, stop 58.5, tp 66.00000000000001)
  -> queued HPQ buy (conf 85, stop 32.56, tp 36.23)
  -> queued DDOG buy (conf 80, stop 226.5, tp 250.0)
  -> queued FTNT buy (conf None, stop 152.27, tp 176.0)
  -> queued ELV buy (conf 85, stop 391.4, tp 433.0)
  -> queued EPAM buy (conf None, stop 112.035, tp 126.48)
  -> queued EG buy (conf 82, stop 363.76, tp 398.0)
  -> queued GILD buy (conf 82, stop 145.0, tp 160.0)
  -> queued EBAY buy (conf 78, stop 108.2, tp 119.0)
  -> queued DVN buy (conf None, stop 47.45, tp 51.7)
  -> queued GEN buy (conf None, stop 29.565, tp 31.64)
  -> queued CVX buy (conf 78, stop 204.5, tp 222.0)
Dashboard watchlist synced (2 symbols) for news/headlines.
Ending portfolio value: $99,311.19
Trade journal: all: 19 trades, 21% win rate, avg -2.19% | breakout: 1 trades, 0% win rate, avg -8.61% | other: 13 trades, 23% win rate, avg -1.93% | technical: 5 trades, 20% win rate, avg -1.58%
Self-learning: breakout: 1 trades, 0% win rate, avg -8.61% (LOSING) | other: 13 trades, 23% win rate, avg -1.93% (LOSING) | technical: 5 trades, 20% win rate, avg -1.58% (LOSING)
Performance: Total return +0.45% | Max drawdown 0.94% | Daily Sharpe 1.61 | 19 closed trades | Win rate 21% | Avg winner +1.83% | Avg loser -3.26% | Open positions: 0 | Equity $99,311.19
Engine P&L: legacy/unknown: realized $-1,705.68 (19 closed, 21% wins), unrealized $+0.00 (0 open) | Books: legacy: realized $-1,705.68, unrealized $+0.00
Reports: daily realized $+0.00; worst symbols none | weekly realized $+0.00; worst symbols none
Shadow report: 24032 shadow candidate(s), 45 rejection group(s)
Timings: account: 0.0s | risk: 0.3s | decide: 10.4s | watchlist: 0.1s | perf: 0.4s

=== Run at 2026-09-17T21:04:30.236126 ===
Build fingerprint: 4f68550affe5
Current time: 2026-09-17 05:04 PM EDT | Market open (per Alpaca): False | Session: CLOSED
Account value: $99,311.19
Cash: $99,311.19 | Holdings (0): none
Sector exposure (cached): unavailable (no holdings)
Fill reconciliation: {'filled': 0, 'partial': 0, 'rejected': 1}
Risk state: peak $99,703.60 | drawdown 0.39% | today +0.00% | halted: False
Market regime: NEUTRAL (position-size multiplier: 100% incl. circuit breaker 100%)
News: fetched 120, 2 new after dedup, 0 ticker(s) matched.
Quant pre-screen: 23/34 candidates passed.
Gemini proposed 3 trade(s) meeting the conviction bar.
Gemini calls used today (all models combined): 380
Market closed (overnight): queued 12 trade idea(s) for next-morning verification -- nothing submitted yet.
  -> queued HPE buy (conf 88, stop 58.5, tp 65.00000000000001)
  -> queued HPQ buy (conf 85, stop 32.56, tp 36.23)
  -> queued DDOG buy (conf 80, stop 226.5, tp 250.0)
  -> queued FTNT buy (conf None, stop 152.27, tp 176.0)
  -> queued ELV buy (conf 82, stop 403.0, tp 435.0)
  -> queued EPAM buy (conf 78, stop 113.5, tp 125.0)
  -> queued EG buy (conf 82, stop 363.76, tp 398.0)
  -> queued GILD buy (conf 82, stop 145.0, tp 160.0)
  -> queued EBAY buy (conf 78, stop 108.2, tp 119.0)
  -> queued DVN buy (conf None, stop 47.45, tp 51.7)
  -> queued GEN buy (conf None, stop 29.565, tp 31.64)
  -> queued CVX buy (conf 78, stop 204.5, tp 222.0)
Dashboard watchlist synced (3 symbols) for news/headlines.
Ending portfolio value: $99,311.19
Trade journal: all: 19 trades, 21% win rate, avg -2.19% | breakout: 1 trades, 0% win rate, avg -8.61% | other: 13 trades, 23% win rate, avg -1.93% | technical: 5 trades, 20% win rate, avg -1.58%
Self-learning: breakout: 1 trades, 0% win rate, avg -8.61% (LOSING) | other: 13 trades, 23% win rate, avg -1.93% (LOSING) | technical: 5 trades, 20% win rate, avg -1.58% (LOSING)
Performance: Total return +0.45% | Max drawdown 0.94% | Daily Sharpe 1.61 | 19 closed trades | Win rate 21% | Avg winner +1.83% | Avg loser -3.26% | Open positions: 0 | Equity $99,311.19
Engine P&L: legacy/unknown: realized $-1,705.68 (19 closed, 21% wins), unrealized $+0.00 (0 open) | Books: legacy: realized $-1,705.68, unrealized $+0.00
Reports: daily realized $+0.00; worst symbols none | weekly realized $+0.00; worst symbols none
Shadow report: 24032 shadow candidate(s), 45 rejection group(s)
Timings: account: 0.0s | risk: 0.4s | decide: 15.5s | watchlist: 0.1s | perf: 0.4s

=== Run at 2026-09-17T21:06:27.952318 ===
Build fingerprint: 4f68550affe5
Current time: 2026-09-17 05:06 PM EDT | Market open (per Alpaca): False | Session: CLOSED
Account value: $99,311.19
Cash: $99,311.19 | Holdings (0): none
Sector exposure (cached): unavailable (no holdings)
Fill reconciliation: {'filled': 0, 'partial': 0, 'rejected': 1}
Risk state: peak $99,703.60 | drawdown 0.39% | today +0.00% | halted: False
Market regime: NEUTRAL (position-size multiplier: 100% incl. circuit breaker 100%)
News: fetched 158, 1 new after dedup, 0 ticker(s) matched.
Quant pre-screen: 28/46 candidates passed.
Gemini proposed 1 trade(s) meeting the conviction bar.
Gemini calls used today (all models combined): 381
Market closed (overnight): queued 12 trade idea(s) for next-morning verification -- nothing submitted yet.
  -> queued HPE buy (conf 85, stop 58.5, tp 66.00000000000001)
  -> queued HPQ buy (conf 85, stop 32.56, tp 36.23)
  -> queued DDOG buy (conf 80, stop 226.5, tp 250.0)
  -> queued FTNT buy (conf None, stop 152.27, tp 176.0)
  -> queued ELV buy (conf 82, stop 403.0, tp 435.0)
  -> queued EPAM buy (conf 78, stop 113.5, tp 125.0)
  -> queued EG buy (conf 82, stop 363.76, tp 398.0)
  -> queued GILD buy (conf 82, stop 145.0, tp 160.0)
  -> queued EBAY buy (conf 78, stop 108.2, tp 119.0)
  -> queued DVN buy (conf None, stop 47.45, tp 51.7)
  -> queued GEN buy (conf None, stop 29.565, tp 31.64)
  -> queued CVX buy (conf 78, stop 204.5, tp 222.0)
Dashboard watchlist synced (1 symbols) for news/headlines.
Ending portfolio value: $99,311.19
Trade journal: all: 19 trades, 21% win rate, avg -2.19% | breakout: 1 trades, 0% win rate, avg -8.61% | other: 13 trades, 23% win rate, avg -1.93% | technical: 5 trades, 20% win rate, avg -1.58%
Self-learning: breakout: 1 trades, 0% win rate, avg -8.61% (LOSING) | other: 13 trades, 23% win rate, avg -1.93% (LOSING) | technical: 5 trades, 20% win rate, avg -1.58% (LOSING)
Performance: Total return +0.45% | Max drawdown 0.94% | Daily Sharpe 1.61 | 19 closed trades | Win rate 21% | Avg winner +1.83% | Avg loser -3.26% | Open positions: 0 | Equity $99,311.19
Engine P&L: legacy/unknown: realized $-1,705.68 (19 closed, 21% wins), unrealized $+0.00 (0 open) | Books: legacy: realized $-1,705.68, unrealized $+0.00
Reports: daily realized $+0.00; worst symbols none | weekly realized $+0.00; worst symbols none
Shadow report: 24032 shadow candidate(s), 45 rejection group(s)
Timings: account: 0.0s | risk: 0.3s | decide: 10.1s | watchlist: 0.1s | perf: 0.3s

=== Run at 2026-09-17T21:08:29.774536 ===
Build fingerprint: 4f68550affe5
Current time: 2026-09-17 05:08 PM EDT | Market open (per Alpaca): False | Session: CLOSED
Account value: $99,311.19
Cash: $99,311.19 | Holdings (0): none
Sector exposure (cached): unavailable (no holdings)
Fill reconciliation: {'filled': 0, 'partial': 0, 'rejected': 1}
Risk state: peak $99,703.60 | drawdown 0.39% | today +0.00% | halted: False
Market regime: NEUTRAL (position-size multiplier: 100% incl. circuit breaker 100%)
News: fetched 158, 4 new after dedup, 1 ticker(s) matched.
Quant pre-screen: 22/39 candidates passed.
Technical fallback (Gemini throttled/unavailable) proposed 5 trade(s) meeting the conviction bar.
Gemini calls used today (all models combined): 381
Market closed (overnight): queued 12 trade idea(s) for next-morning verification -- nothing submitted yet.
  -> queued HPE buy (conf None, stop 45.7, tp 62.15)
  -> queued HPQ buy (conf 85, stop 32.56, tp 36.23)
  -> queued DDOG buy (conf 80, stop 226.5, tp 250.0)
  -> queued FTNT buy (conf None, stop 152.27, tp 176.0)
  -> queued ELV buy (conf None, stop 391.4, tp 426.39)
  -> queued EPAM buy (conf None, stop 112.035, tp 126.48)
  -> queued EG buy (conf None, stop 363.76, tp 387.53)
  -> queued GILD buy (conf 82, stop 145.0, tp 160.0)
  -> queued EBAY buy (conf 78, stop 108.2, tp 119.0)
  -> queued DVN buy (conf None, stop 47.45, tp 51.7)
  -> queued GEN buy (conf None, stop 29.565, tp 31.64)
  -> queued CVX buy (conf 78, stop 204.5, tp 222.0)
Run budget reserve reached -- skipping dashboard watchlist sync.
Run budget reserve reached -- skipping performance snapshot.
Trade journal: all: 19 trades, 21% win rate, avg -2.19% | breakout: 1 trades, 0% win rate, avg -8.61% | other: 13 trades, 23% win rate, avg -1.93% | technical: 5 trades, 20% win rate, avg -1.58%
Self-learning: breakout: 1 trades, 0% win rate, avg -8.61% (LOSING) | other: 13 trades, 23% win rate, avg -1.93% (LOSING) | technical: 5 trades, 20% win rate, avg -1.58% (LOSING)
Performance: Total return +0.45% | Max drawdown 0.94% | Daily Sharpe 1.61 | 19 closed trades | Win rate 21% | Avg winner +1.83% | Avg loser -3.26% | Open positions: 0 | Equity $99,311.19
Engine P&L: legacy/unknown: realized $-1,705.68 (19 closed, 21% wins), unrealized $+0.00 (0 open) | Books: legacy: realized $-1,705.68, unrealized $+0.00
Reports: daily realized $+0.00; worst symbols none | weekly realized $+0.00; worst symbols none
Shadow report: 24032 shadow candidate(s), 45 rejection group(s)
Timings: account: 0.0s | risk: 0.3s | decide: 24.3s | watchlist: 0.0s | perf: 0.2s

=== Run at 2026-09-17T21:10:28.287651 ===
Build fingerprint: 4f68550affe5
Current time: 2026-09-17 05:10 PM EDT | Market open (per Alpaca): False | Session: CLOSED
Account value: $99,311.19
Cash: $99,311.19 | Holdings (0): none
Sector exposure (cached): unavailable (no holdings)
Fill reconciliation: {'filled': 0, 'partial': 0, 'rejected': 1}
Risk state: peak $99,703.60 | drawdown 0.39% | today +0.00% | halted: False
Market regime: NEUTRAL (position-size multiplier: 100% incl. circuit breaker 100%)
News: fetched 158, 2 new after dedup, 0 ticker(s) matched.
Quant pre-screen: 37/65 candidates passed.
Gemini proposed 2 trade(s) meeting the conviction bar.
Gemini calls used today (all models combined): 382
Market closed (overnight): queued 12 trade idea(s) for next-morning verification -- nothing submitted yet.
  -> queued HPE buy (conf 88, stop 57.07, tp 66.0)
  -> queued HPQ buy (conf 85, stop 32.56, tp 36.23)
  -> queued DDOG buy (conf 80, stop 226.5, tp 250.0)
  -> queued FTNT buy (conf None, stop 152.27, tp 176.0)
  -> queued ELV buy (conf None, stop 391.4, tp 426.39)
  -> queued EPAM buy (conf None, stop 112.035, tp 126.48)
  -> queued EG buy (conf None, stop 363.76, tp 387.53)
  -> queued GILD buy (conf 82, stop 142.99, tp 158.0)
  -> queued EBAY buy (conf 78, stop 108.2, tp 119.0)
  -> queued DVN buy (conf None, stop 47.45, tp 51.7)
  -> queued GEN buy (conf None, stop 29.565, tp 31.64)
  -> queued CVX buy (conf 78, stop 204.5, tp 222.0)
Dashboard watchlist synced (2 symbols) for news/headlines.
Ending portfolio value: $99,311.19
Trade journal: all: 19 trades, 21% win rate, avg -2.19% | breakout: 1 trades, 0% win rate, avg -8.61% | other: 13 trades, 23% win rate, avg -1.93% | technical: 5 trades, 20% win rate, avg -1.58%
Self-learning: breakout: 1 trades, 0% win rate, avg -8.61% (LOSING) | other: 13 trades, 23% win rate, avg -1.93% (LOSING) | technical: 5 trades, 20% win rate, avg -1.58% (LOSING)
Performance: Total return +0.45% | Max drawdown 0.94% | Daily Sharpe 1.61 | 19 closed trades | Win rate 21% | Avg winner +1.83% | Avg loser -3.26% | Open positions: 0 | Equity $99,311.19
Engine P&L: legacy/unknown: realized $-1,705.68 (19 closed, 21% wins), unrealized $+0.00 (0 open) | Books: legacy: realized $-1,705.68, unrealized $+0.00
Reports: daily realized $+0.00; worst symbols none | weekly realized $+0.00; worst symbols none
Shadow report: 24032 shadow candidate(s), 45 rejection group(s)
Timings: account: 0.0s | risk: 0.2s | decide: 7.4s | watchlist: 0.1s | perf: 0.3s

=== Run at 2026-09-17T21:12:36.551361 ===
Build fingerprint: 4f68550affe5
Current time: 2026-09-17 05:12 PM EDT | Market open (per Alpaca): False | Session: CLOSED
Account value: $99,311.19
Cash: $99,311.19 | Holdings (0): none
Sector exposure (cached): unavailable (no holdings)
Fill reconciliation: {'filled': 0, 'partial': 0, 'rejected': 1}
Risk state: peak $99,703.60 | drawdown 0.39% | today +0.00% | halted: False
Market regime: NEUTRAL (position-size multiplier: 100% incl. circuit breaker 100%)
News: fetched 158, 0 new after dedup, 0 ticker(s) matched.
Quant pre-screen: 37/65 candidates passed.
Gemini proposed 3 trade(s) meeting the conviction bar.
Gemini calls used today (all models combined): 383
Market closed (overnight): queued 12 trade idea(s) for next-morning verification -- nothing submitted yet.
  -> queued HPE buy (conf 88, stop 58.0, tp 66.50000000000001)
  -> queued HPQ buy (conf 85, stop 32.56, tp 36.23)
  -> queued DDOG buy (conf 80, stop 226.5, tp 250.0)
  -> queued FTNT buy (conf None, stop 152.27, tp 176.0)
  -> queued ELV buy (conf 84, stop 395.0, tp 445.0)
  -> queued EPAM buy (conf None, stop 112.035, tp 126.48)
  -> queued EG buy (conf None, stop 363.76, tp 387.53)
  -> queued GILD buy (conf 82, stop 144.0, tp 160.0)
  -> queued EBAY buy (conf 78, stop 108.2, tp 119.0)
  -> queued DVN buy (conf None, stop 47.45, tp 51.7)
  -> queued GEN buy (conf None, stop 29.565, tp 31.64)
  -> queued CVX buy (conf 78, stop 204.5, tp 222.0)
Dashboard watchlist synced (3 symbols) for news/headlines.
Ending portfolio value: $99,311.19
Trade journal: all: 19 trades, 21% win rate, avg -2.19% | breakout: 1 trades, 0% win rate, avg -8.61% | other: 13 trades, 23% win rate, avg -1.93% | technical: 5 trades, 20% win rate, avg -1.58%
Self-learning: breakout: 1 trades, 0% win rate, avg -8.61% (LOSING) | other: 13 trades, 23% win rate, avg -1.93% (LOSING) | technical: 5 trades, 20% win rate, avg -1.58% (LOSING)
Performance: Total return +0.45% | Max drawdown 0.94% | Daily Sharpe 1.61 | 19 closed trades | Win rate 21% | Avg winner +1.83% | Avg loser -3.26% | Open positions: 0 | Equity $99,311.19
Engine P&L: legacy/unknown: realized $-1,705.68 (19 closed, 21% wins), unrealized $+0.00 (0 open) | Books: legacy: realized $-1,705.68, unrealized $+0.00
Reports: daily realized $+0.00; worst symbols none | weekly realized $+0.00; worst symbols none
Shadow report: 24032 shadow candidate(s), 45 rejection group(s)
Timings: account: 0.0s | risk: 0.2s | decide: 6.4s | watchlist: 0.1s | perf: 0.2s

=== Run at 2026-09-17T21:14:32.131993 ===
Build fingerprint: 4f68550affe5
Current time: 2026-09-17 05:14 PM EDT | Market open (per Alpaca): False | Session: CLOSED
Account value: $99,311.19
Cash: $99,311.19 | Holdings (0): none
Sector exposure (cached): unavailable (no holdings)
Fill reconciliation: {'filled': 0, 'partial': 0, 'rejected': 1}
Risk state: peak $99,703.60 | drawdown 0.39% | today +0.00% | halted: False
Market regime: NEUTRAL (position-size multiplier: 100% incl. circuit breaker 100%)
News: fetched 158, 0 new after dedup, 0 ticker(s) matched.
Quant pre-screen: 37/65 candidates passed.
Gemini proposed 3 trade(s) meeting the conviction bar.
Gemini calls used today (all models combined): 384
Market closed (overnight): queued 12 trade idea(s) for next-morning verification -- nothing submitted yet.
  -> queued HPE buy (conf 88, stop 57.0, tp 66.00000000000001)
  -> queued HPQ buy (conf 85, stop 32.56, tp 36.23)
  -> queued DDOG buy (conf 80, stop 226.5, tp 250.0)
  -> queued FTNT buy (conf None, stop 152.27, tp 176.0)
  -> queued ELV buy (conf 85, stop 395.0, tp 435.0)
  -> queued EPAM buy (conf None, stop 112.035, tp 126.48)
  -> queued EG buy (conf None, stop 363.76, tp 387.53)
  -> queued GILD buy (conf 82, stop 144.0, tp 158.0)
  -> queued EBAY buy (conf 78, stop 108.2, tp 119.0)
  -> queued DVN buy (conf None, stop 47.45, tp 51.7)
  -> queued GEN buy (conf None, stop 29.565, tp 31.64)
  -> queued CVX buy (conf 78, stop 204.5, tp 222.0)
Dashboard watchlist synced (3 symbols) for news/headlines.
Ending portfolio value: $99,311.19
Trade journal: all: 19 trades, 21% win rate, avg -2.19% | breakout: 1 trades, 0% win rate, avg -8.61% | other: 13 trades, 23% win rate, avg -1.93% | technical: 5 trades, 20% win rate, avg -1.58%
Self-learning: breakout: 1 trades, 0% win rate, avg -8.61% (LOSING) | other: 13 trades, 23% win rate, avg -1.93% (LOSING) | technical: 5 trades, 20% win rate, avg -1.58% (LOSING)
Performance: Total return +0.45% | Max drawdown 0.94% | Daily Sharpe 1.61 | 19 closed trades | Win rate 21% | Avg winner +1.83% | Avg loser -3.26% | Open positions: 0 | Equity $99,311.19
Engine P&L: legacy/unknown: realized $-1,705.68 (19 closed, 21% wins), unrealized $+0.00 (0 open) | Books: legacy: realized $-1,705.68, unrealized $+0.00
Reports: daily realized $+0.00; worst symbols none | weekly realized $+0.00; worst symbols none
Shadow report: 24032 shadow candidate(s), 45 rejection group(s)
Timings: account: 0.0s | risk: 0.3s | decide: 7.1s | watchlist: 0.1s | perf: 0.4s

=== Run at 2026-09-17T21:16:26.790066 ===
Build fingerprint: 4f68550affe5
Current time: 2026-09-17 05:16 PM EDT | Market open (per Alpaca): False | Session: CLOSED
Account value: $99,311.19
Cash: $99,311.19 | Holdings (0): none
Sector exposure (cached): unavailable (no holdings)
Fill reconciliation: {'filled': 0, 'partial': 0, 'rejected': 1}
Risk state: peak $99,703.60 | drawdown 0.39% | today +0.00% | halted: False
Market regime: NEUTRAL (position-size multiplier: 100% incl. circuit breaker 100%)
News: fetched 158, 1 new after dedup, 3 ticker(s) matched.
Quant pre-screen: 34/52 candidates passed.
Gemini proposed 2 trade(s) meeting the conviction bar.
Gemini calls used today (all models combined): 385
Market closed (overnight): queued 12 trade idea(s) for next-morning verification -- nothing submitted yet.
  -> queued HPE buy (conf 85, stop 58.5, tp 66.00000000000001)
  -> queued HPQ buy (conf 85, stop 32.56, tp 36.23)
  -> queued DDOG buy (conf 80, stop 226.5, tp 250.0)
  -> queued FTNT buy (conf None, stop 152.27, tp 176.0)
  -> queued ELV buy (conf 85, stop 395.0, tp 435.0)
  -> queued EPAM buy (conf None, stop 112.035, tp 126.48)
  -> queued EG buy (conf None, stop 363.76, tp 387.53)
  -> queued GILD buy (conf 82, stop 144.0, tp 158.0)
  -> queued EBAY buy (conf 78, stop 108.2, tp 119.0)
  -> queued DVN buy (conf None, stop 47.45, tp 51.7)
  -> queued GEN buy (conf None, stop 29.565, tp 31.64)
  -> queued CVX buy (conf 80, stop 204.0, tp 224.0)
Dashboard watchlist synced (5 symbols) for news/headlines.
Ending portfolio value: $99,311.19
Trade journal: all: 19 trades, 21% win rate, avg -2.19% | breakout: 1 trades, 0% win rate, avg -8.61% | other: 13 trades, 23% win rate, avg -1.93% | technical: 5 trades, 20% win rate, avg -1.58%
Self-learning: breakout: 1 trades, 0% win rate, avg -8.61% (LOSING) | other: 13 trades, 23% win rate, avg -1.93% (LOSING) | technical: 5 trades, 20% win rate, avg -1.58% (LOSING)
Performance: Total return +0.45% | Max drawdown 0.94% | Daily Sharpe 1.61 | 19 closed trades | Win rate 21% | Avg winner +1.83% | Avg loser -3.26% | Open positions: 0 | Equity $99,311.19
Engine P&L: legacy/unknown: realized $-1,705.68 (19 closed, 21% wins), unrealized $+0.00 (0 open) | Books: legacy: realized $-1,705.68, unrealized $+0.00
Reports: daily realized $+0.00; worst symbols none | weekly realized $+0.00; worst symbols none
Shadow report: 24032 shadow candidate(s), 45 rejection group(s)
Timings: account: 0.0s | risk: 0.1s | decide: 4.7s | watchlist: 0.0s | perf: 0.3s

=== Run at 2026-09-17T21:18:25.727929 ===
Build fingerprint: 4f68550affe5
Current time: 2026-09-17 05:18 PM EDT | Market open (per Alpaca): False | Session: CLOSED
Account value: $99,311.19
Cash: $99,311.19 | Holdings (0): none
Sector exposure (cached): unavailable (no holdings)
Fill reconciliation: {'filled': 0, 'partial': 0, 'rejected': 1}
Risk state: peak $99,703.60 | drawdown 0.39% | today +0.00% | halted: False
Market regime: NEUTRAL (position-size multiplier: 100% incl. circuit breaker 100%)
News: fetched 158, 0 new after dedup, 0 ticker(s) matched.
Quant pre-screen: 37/65 candidates passed.
Gemini proposed 1 trade(s) meeting the conviction bar.
Gemini calls used today (all models combined): 386
Market closed (overnight): queued 12 trade idea(s) for next-morning verification -- nothing submitted yet.
  -> queued HPE buy (conf 85, stop 57.07, tp 64.24)
  -> queued HPQ buy (conf 85, stop 32.56, tp 36.23)
  -> queued DDOG buy (conf 80, stop 226.5, tp 250.0)
  -> queued FTNT buy (conf None, stop 152.27, tp 176.0)
  -> queued ELV buy (conf 85, stop 395.0, tp 435.0)
  -> queued EPAM buy (conf None, stop 112.035, tp 126.48)
  -> queued EG buy (conf None, stop 363.76, tp 387.53)
  -> queued GILD buy (conf 82, stop 144.0, tp 158.0)
  -> queued EBAY buy (conf 78, stop 108.2, tp 119.0)
  -> queued DVN buy (conf None, stop 47.45, tp 51.7)
  -> queued GEN buy (conf None, stop 29.565, tp 31.64)
  -> queued CVX buy (conf 80, stop 204.0, tp 224.0)
Dashboard watchlist synced (1 symbols) for news/headlines.
Ending portfolio value: $99,311.19
Trade journal: all: 19 trades, 21% win rate, avg -2.19% | breakout: 1 trades, 0% win rate, avg -8.61% | other: 13 trades, 23% win rate, avg -1.93% | technical: 5 trades, 20% win rate, avg -1.58%
Self-learning: breakout: 1 trades, 0% win rate, avg -8.61% (LOSING) | other: 13 trades, 23% win rate, avg -1.93% (LOSING) | technical: 5 trades, 20% win rate, avg -1.58% (LOSING)
Performance: Total return +0.45% | Max drawdown 0.94% | Daily Sharpe 1.61 | 19 closed trades | Win rate 21% | Avg winner +1.83% | Avg loser -3.26% | Open positions: 0 | Equity $99,311.19
Engine P&L: legacy/unknown: realized $-1,705.68 (19 closed, 21% wins), unrealized $+0.00 (0 open) | Books: legacy: realized $-1,705.68, unrealized $+0.00
Reports: daily realized $+0.00; worst symbols none | weekly realized $+0.00; worst symbols none
Shadow report: 24032 shadow candidate(s), 45 rejection group(s)
Timings: account: 0.0s | risk: 0.0s | decide: 3.4s | watchlist: 0.0s | perf: 0.2s

=== Run at 2026-09-17T21:20:25.788698 ===
Build fingerprint: 4f68550affe5
Current time: 2026-09-17 05:20 PM EDT | Market open (per Alpaca): False | Session: CLOSED
Account value: $99,311.19
Cash: $99,311.19 | Holdings (0): none
Sector exposure (cached): unavailable (no holdings)
Fill reconciliation: {'filled': 0, 'partial': 0, 'rejected': 1}
Risk state: peak $99,703.60 | drawdown 0.39% | today +0.00% | halted: False
Market regime: NEUTRAL (position-size multiplier: 100% incl. circuit breaker 100%)
News: fetched 158, 1 new after dedup, 0 ticker(s) matched.
Quant pre-screen: 37/65 candidates passed.
Gemini proposed 1 trade(s) meeting the conviction bar.
Gemini calls used today (all models combined): 387
Market closed (overnight): queued 12 trade idea(s) for next-morning verification -- nothing submitted yet.
  -> queued HPE buy (conf 85, stop 57.07, tp 64.24)
  -> queued HPQ buy (conf 85, stop 32.56, tp 36.23)
  -> queued DDOG buy (conf 80, stop 226.5, tp 250.0)
  -> queued FTNT buy (conf None, stop 152.27, tp 176.0)
  -> queued ELV buy (conf 85, stop None, tp None)
  -> queued EPAM buy (conf None, stop 112.035, tp 126.48)
  -> queued EG buy (conf None, stop 363.76, tp 387.53)
  -> queued GILD buy (conf 82, stop 144.0, tp 158.0)
  -> queued EBAY buy (conf 78, stop 108.2, tp 119.0)
  -> queued DVN buy (conf None, stop 47.45, tp 51.7)
  -> queued GEN buy (conf None, stop 29.565, tp 31.64)
  -> queued CVX buy (conf 80, stop 204.0, tp 224.0)
Dashboard watchlist synced (1 symbols) for news/headlines.
Ending portfolio value: $99,311.19
Trade journal: all: 19 trades, 21% win rate, avg -2.19% | breakout: 1 trades, 0% win rate, avg -8.61% | other: 13 trades, 23% win rate, avg -1.93% | technical: 5 trades, 20% win rate, avg -1.58%
Self-learning: breakout: 1 trades, 0% win rate, avg -8.61% (LOSING) | other: 13 trades, 23% win rate, avg -1.93% (LOSING) | technical: 5 trades, 20% win rate, avg -1.58% (LOSING)
Performance: Total return +0.45% | Max drawdown 0.94% | Daily Sharpe 1.61 | 19 closed trades | Win rate 21% | Avg winner +1.83% | Avg loser -3.26% | Open positions: 0 | Equity $99,311.19
Engine P&L: legacy/unknown: realized $-1,705.68 (19 closed, 21% wins), unrealized $+0.00 (0 open) | Books: legacy: realized $-1,705.68, unrealized $+0.00
Reports: daily realized $+0.00; worst symbols none | weekly realized $+0.00; worst symbols none
Shadow report: 24032 shadow candidate(s), 45 rejection group(s)
Timings: account: 0.0s | risk: 0.2s | decide: 6.0s | watchlist: 0.1s | perf: 0.3s

=== Run at 2026-09-17T21:22:34.460827 ===
Build fingerprint: 4f68550affe5
Current time: 2026-09-17 05:22 PM EDT | Market open (per Alpaca): False | Session: CLOSED
Account value: $99,311.19
Cash: $99,311.19 | Holdings (0): none
Sector exposure (cached): unavailable (no holdings)
Fill reconciliation: {'filled': 0, 'partial': 0, 'rejected': 1}
Risk state: peak $99,703.60 | drawdown 0.39% | today +0.00% | halted: False
Market regime: NEUTRAL (position-size multiplier: 100% incl. circuit breaker 100%)
News: fetched 158, 1 new after dedup, 0 ticker(s) matched.
Quant pre-screen: 37/65 candidates passed.
Gemini proposed 1 trade(s) meeting the conviction bar.
Gemini calls used today (all models combined): 388
Market closed (overnight): queued 12 trade idea(s) for next-morning verification -- nothing submitted yet.
  -> queued HPE buy (conf 88, stop 57.07, tp 68.0)
  -> queued HPQ buy (conf 85, stop 32.56, tp 36.23)
  -> queued DDOG buy (conf 80, stop 226.5, tp 250.0)
  -> queued FTNT buy (conf None, stop 152.27, tp 176.0)
  -> queued ELV buy (conf 85, stop None, tp None)
  -> queued EPAM buy (conf None, stop 112.035, tp 126.48)
  -> queued EG buy (conf None, stop 363.76, tp 387.53)
  -> queued GILD buy (conf 82, stop 144.0, tp 158.0)
  -> queued EBAY buy (conf 78, stop 108.2, tp 119.0)
  -> queued DVN buy (conf None, stop 47.45, tp 51.7)
  -> queued GEN buy (conf None, stop 29.565, tp 31.64)
  -> queued CVX buy (conf 80, stop 204.0, tp 224.0)
Dashboard watchlist synced (1 symbols) for news/headlines.
Ending portfolio value: $99,311.19
Trade journal: all: 19 trades, 21% win rate, avg -2.19% | breakout: 1 trades, 0% win rate, avg -8.61% | other: 13 trades, 23% win rate, avg -1.93% | technical: 5 trades, 20% win rate, avg -1.58%
Self-learning: breakout: 1 trades, 0% win rate, avg -8.61% (LOSING) | other: 13 trades, 23% win rate, avg -1.93% (LOSING) | technical: 5 trades, 20% win rate, avg -1.58% (LOSING)
Performance: Total return +0.45% | Max drawdown 0.94% | Daily Sharpe 1.61 | 19 closed trades | Win rate 21% | Avg winner +1.83% | Avg loser -3.26% | Open positions: 0 | Equity $99,311.19
Engine P&L: legacy/unknown: realized $-1,705.68 (19 closed, 21% wins), unrealized $+0.00 (0 open) | Books: legacy: realized $-1,705.68, unrealized $+0.00
Reports: daily realized $+0.00; worst symbols none | weekly realized $+0.00; worst symbols none
Shadow report: 24032 shadow candidate(s), 45 rejection group(s)
Timings: account: 0.0s | risk: 0.3s | decide: 6.8s | watchlist: 0.1s | perf: 0.3s

=== Run at 2026-09-17T21:24:29.719988 ===
Build fingerprint: 4f68550affe5
Current time: 2026-09-17 05:24 PM EDT | Market open (per Alpaca): False | Session: CLOSED
Account value: $99,311.19
Cash: $99,311.19 | Holdings (0): none
Sector exposure (cached): unavailable (no holdings)
Fill reconciliation: {'filled': 0, 'partial': 0, 'rejected': 1}
Risk state: peak $99,703.60 | drawdown 0.39% | today +0.00% | halted: False
Market regime: NEUTRAL (position-size multiplier: 100% incl. circuit breaker 100%)
News: fetched 158, 0 new after dedup, 0 ticker(s) matched.
Quant pre-screen: 37/65 candidates passed.
Gemini proposed 2 trade(s) meeting the conviction bar.
Gemini calls used today (all models combined): 389
Market closed (overnight): queued 12 trade idea(s) for next-morning verification -- nothing submitted yet.
  -> queued HPE buy (conf 85, stop 58.0, tp 66.0)
  -> queued HPQ buy (conf 85, stop 32.56, tp 36.23)
  -> queued DDOG buy (conf 80, stop 226.5, tp 250.0)
  -> queued FTNT buy (conf None, stop 152.27, tp 176.0)
  -> queued ELV buy (conf 85, stop None, tp None)
  -> queued EPAM buy (conf None, stop 112.035, tp 126.48)
  -> queued EG buy (conf None, stop 363.76, tp 387.53)
  -> queued GILD buy (conf 80, stop 147.0, tp 156.0)
  -> queued EBAY buy (conf 78, stop 108.2, tp 119.0)
  -> queued DVN buy (conf None, stop 47.45, tp 51.7)
  -> queued GEN buy (conf None, stop 29.565, tp 31.64)
  -> queued CVX buy (conf 80, stop 204.0, tp 224.0)
Dashboard watchlist synced (2 symbols) for news/headlines.
Ending portfolio value: $99,311.19
Trade journal: all: 19 trades, 21% win rate, avg -2.19% | breakout: 1 trades, 0% win rate, avg -8.61% | other: 13 trades, 23% win rate, avg -1.93% | technical: 5 trades, 20% win rate, avg -1.58%
Self-learning: breakout: 1 trades, 0% win rate, avg -8.61% (LOSING) | other: 13 trades, 23% win rate, avg -1.93% (LOSING) | technical: 5 trades, 20% win rate, avg -1.58% (LOSING)
Performance: Total return +0.45% | Max drawdown 0.94% | Daily Sharpe 1.61 | 19 closed trades | Win rate 21% | Avg winner +1.83% | Avg loser -3.26% | Open positions: 0 | Equity $99,311.19
Engine P&L: legacy/unknown: realized $-1,705.68 (19 closed, 21% wins), unrealized $+0.00 (0 open) | Books: legacy: realized $-1,705.68, unrealized $+0.00
Reports: daily realized $+0.00; worst symbols none | weekly realized $+0.00; worst symbols none
Shadow report: 24032 shadow candidate(s), 45 rejection group(s)
Timings: account: 0.0s | risk: 0.4s | decide: 6.7s | watchlist: 0.1s | perf: 0.4s

=== Run at 2026-09-17T21:26:24.825328 ===
Build fingerprint: 4f68550affe5
Current time: 2026-09-17 05:26 PM EDT | Market open (per Alpaca): False | Session: CLOSED
Account value: $99,311.19
Cash: $99,311.19 | Holdings (0): none
Sector exposure (cached): unavailable (no holdings)
Fill reconciliation: {'filled': 0, 'partial': 0, 'rejected': 1}
Risk state: peak $99,703.60 | drawdown 0.39% | today +0.00% | halted: False
Market regime: NEUTRAL (position-size multiplier: 100% incl. circuit breaker 100%)
News: fetched 158, 0 new after dedup, 0 ticker(s) matched.
Quant pre-screen: 37/65 candidates passed.
Gemini proposed 1 trade(s) meeting the conviction bar.
Gemini calls used today (all models combined): 390
Market closed (overnight): queued 12 trade idea(s) for next-morning verification -- nothing submitted yet.
  -> queued HPE buy (conf 85, stop 58.0, tp 66.0)
  -> queued HPQ buy (conf 85, stop 32.56, tp 36.23)
  -> queued DDOG buy (conf 80, stop 226.5, tp 250.0)
  -> queued FTNT buy (conf None, stop 152.27, tp 176.0)
  -> queued ELV buy (conf 85, stop 391.4, tp 433.64)
  -> queued EPAM buy (conf None, stop 112.035, tp 126.48)
  -> queued EG buy (conf None, stop 363.76, tp 387.53)
  -> queued GILD buy (conf 80, stop 147.0, tp 156.0)
  -> queued EBAY buy (conf 78, stop 108.2, tp 119.0)
  -> queued DVN buy (conf None, stop 47.45, tp 51.7)
  -> queued GEN buy (conf None, stop 29.565, tp 31.64)
  -> queued CVX buy (conf 80, stop 204.0, tp 224.0)
Dashboard watchlist synced (1 symbols) for news/headlines.
Ending portfolio value: $99,311.19
Trade journal: all: 19 trades, 21% win rate, avg -2.19% | breakout: 1 trades, 0% win rate, avg -8.61% | other: 13 trades, 23% win rate, avg -1.93% | technical: 5 trades, 20% win rate, avg -1.58%
Self-learning: breakout: 1 trades, 0% win rate, avg -8.61% (LOSING) | other: 13 trades, 23% win rate, avg -1.93% (LOSING) | technical: 5 trades, 20% win rate, avg -1.58% (LOSING)
Performance: Total return +0.45% | Max drawdown 0.94% | Daily Sharpe 1.61 | 19 closed trades | Win rate 21% | Avg winner +1.83% | Avg loser -3.26% | Open positions: 0 | Equity $99,311.19
Engine P&L: legacy/unknown: realized $-1,705.68 (19 closed, 21% wins), unrealized $+0.00 (0 open) | Books: legacy: realized $-1,705.68, unrealized $+0.00
Reports: daily realized $+0.00; worst symbols none | weekly realized $+0.00; worst symbols none
Shadow report: 24032 shadow candidate(s), 45 rejection group(s)
Timings: account: 0.0s | risk: 0.3s | decide: 6.4s | watchlist: 0.1s | perf: 0.3s

=== Run at 2026-09-17T21:28:25.312845 ===
Build fingerprint: 4f68550affe5
Current time: 2026-09-17 05:28 PM EDT | Market open (per Alpaca): False | Session: CLOSED
Account value: $99,311.19
Cash: $99,311.19 | Holdings (0): none
Sector exposure (cached): unavailable (no holdings)
Fill reconciliation: {'filled': 0, 'partial': 0, 'rejected': 1}
Risk state: peak $99,703.60 | drawdown 0.39% | today +0.00% | halted: False
Market regime: NEUTRAL (position-size multiplier: 100% incl. circuit breaker 100%)
News: fetched 158, 0 new after dedup, 0 ticker(s) matched.
Quant pre-screen: 37/65 candidates passed.
Gemini proposed 2 trade(s) meeting the conviction bar.
Gemini calls used today (all models combined): 391
Market closed (overnight): queued 12 trade idea(s) for next-morning verification -- nothing submitted yet.
  -> queued HPE buy (conf 88, stop 58.0, tp 66.0)
  -> queued HPQ buy (conf 85, stop 32.56, tp 36.23)
  -> queued DDOG buy (conf 80, stop 226.5, tp 250.0)
  -> queued FTNT buy (conf None, stop 152.27, tp 176.0)
  -> queued ELV buy (conf 85, stop 391.4, tp 433.64)
  -> queued EPAM buy (conf None, stop 112.035, tp 126.48)
  -> queued EG buy (conf None, stop 363.76, tp 387.53)
  -> queued GILD buy (conf 84, stop 145.0, tp 158.0)
  -> queued EBAY buy (conf 78, stop 108.2, tp 119.0)
  -> queued DVN buy (conf None, stop 47.45, tp 51.7)
  -> queued GEN buy (conf None, stop 29.565, tp 31.64)
  -> queued CVX buy (conf 80, stop 204.0, tp 224.0)
Dashboard watchlist synced (2 symbols) for news/headlines.
Ending portfolio value: $99,311.19
Trade journal: all: 19 trades, 21% win rate, avg -2.19% | breakout: 1 trades, 0% win rate, avg -8.61% | other: 13 trades, 23% win rate, avg -1.93% | technical: 5 trades, 20% win rate, avg -1.58%
Self-learning: breakout: 1 trades, 0% win rate, avg -8.61% (LOSING) | other: 13 trades, 23% win rate, avg -1.93% (LOSING) | technical: 5 trades, 20% win rate, avg -1.58% (LOSING)
Performance: Total return +0.45% | Max drawdown 0.94% | Daily Sharpe 1.61 | 19 closed trades | Win rate 21% | Avg winner +1.83% | Avg loser -3.26% | Open positions: 0 | Equity $99,311.19
Engine P&L: legacy/unknown: realized $-1,705.68 (19 closed, 21% wins), unrealized $+0.00 (0 open) | Books: legacy: realized $-1,705.68, unrealized $+0.00
Reports: daily realized $+0.00; worst symbols none | weekly realized $+0.00; worst symbols none
Shadow report: 24032 shadow candidate(s), 45 rejection group(s)
Timings: account: 0.0s | risk: 0.4s | decide: 5.7s | watchlist: 0.1s | perf: 0.3s

=== Run at 2026-09-17T21:30:32.929582 ===
Build fingerprint: 4f68550affe5
Current time: 2026-09-17 05:30 PM EDT | Market open (per Alpaca): False | Session: EXTENDED
Account value: $99,311.19
Cash: $99,311.19 | Holdings (0): none
Sector exposure (cached): unavailable (no holdings)
Fill reconciliation: {'filled': 0, 'partial': 0, 'rejected': 1}
Risk state: peak $99,703.60 | drawdown 0.39% | today +0.00% | halted: False
Market regime: NEUTRAL (position-size multiplier: 100% incl. circuit breaker 100%)
Morning verification: 12 overnight-queued trade(s) handed to Gemini for re-verification against fresh data.
News: fetched 158, 1 new after dedup, 0 ticker(s) matched.
Quant pre-screen: 29/52 candidates passed.
Gemini proposed 2 trade(s) meeting the conviction bar.
Gemini calls used today (all models combined): 392
  -> {"ticker": "HPE", "status": "skipped", "reason": "stale quote for HPE (5436.417898s old; limit 180s)", "shadow": false, "data_guard": true}
  -> {"ticker": "GILD", "status": "skipped", "reason": "stale quote for GILD (5443.227338s old; limit 180s)", "shadow": false, "data_guard": true}
Overnight queue kept 12 idea(s) whose market data was stale; they will be retried after fresh quotes arrive.
Dashboard watchlist synced (2 symbols) for news/headlines.
Ending portfolio value: $99,311.19
Trade journal: all: 19 trades, 21% win rate, avg -2.19% | breakout: 1 trades, 0% win rate, avg -8.61% | other: 13 trades, 23% win rate, avg -1.93% | technical: 5 trades, 20% win rate, avg -1.58%
Self-learning: breakout: 1 trades, 0% win rate, avg -8.61% (LOSING) | other: 13 trades, 23% win rate, avg -1.93% (LOSING) | technical: 5 trades, 20% win rate, avg -1.58% (LOSING)
Performance: Total return +0.45% | Max drawdown 0.94% | Daily Sharpe 1.61 | 19 closed trades | Win rate 21% | Avg winner +1.83% | Avg loser -3.26% | Open positions: 0 | Equity $99,311.19
Engine P&L: legacy/unknown: realized $-1,705.68 (19 closed, 21% wins), unrealized $+0.00 (0 open) | Books: legacy: realized $-1,705.68, unrealized $+0.00
Reports: daily realized $+0.00; worst symbols none | weekly realized $+0.00; worst symbols none
Shadow report: 24034 shadow candidate(s), 45 rejection group(s)
Timings: account: 0.0s | risk: 0.1s | decide: 3.3s | watchlist: 0.0s | perf: 0.3s

=== Run at 2026-09-17T21:32:28.866500 ===
Build fingerprint: 4f68550affe5
Current time: 2026-09-17 05:32 PM EDT | Market open (per Alpaca): False | Session: EXTENDED
Account value: $99,311.19
Cash: $99,311.19 | Holdings (0): none
Sector exposure (cached): unavailable (no holdings)
Fill reconciliation: {'filled': 0, 'partial': 0, 'rejected': 1}
Risk state: peak $99,703.60 | drawdown 0.39% | today +0.00% | halted: False
Market regime: NEUTRAL (position-size multiplier: 100% incl. circuit breaker 100%)
Overnight queue deferred 2 known-stale idea(s) for 30 minutes to preserve Gemini quota.
Morning verification: 10 overnight-queued trade(s) handed to Gemini for re-verification against fresh data.
News: fetched 158, 3 new after dedup, 0 ticker(s) matched.
Quant pre-screen: 31/60 candidates passed.
Gemini proposed 1 trade(s) meeting the conviction bar.
Gemini calls used today (all models combined): 393
  -> {"ticker": "HPQ", "status": "skipped", "reason": "stale quote for HPQ (5557.020016s old; limit 180s)", "shadow": false, "data_guard": true}
Overnight queue kept 12 idea(s) whose market data was stale; they will be retried after fresh quotes arrive.
Dashboard watchlist synced (1 symbols) for news/headlines.
Ending portfolio value: $99,311.19
Trade journal: all: 19 trades, 21% win rate, avg -2.19% | breakout: 1 trades, 0% win rate, avg -8.61% | other: 13 trades, 23% win rate, avg -1.93% | technical: 5 trades, 20% win rate, avg -1.58%
Self-learning: breakout: 1 trades, 0% win rate, avg -8.61% (LOSING) | other: 13 trades, 23% win rate, avg -1.93% (LOSING) | technical: 5 trades, 20% win rate, avg -1.58% (LOSING)
Performance: Total return +0.45% | Max drawdown 0.94% | Daily Sharpe 1.61 | 19 closed trades | Win rate 21% | Avg winner +1.83% | Avg loser -3.26% | Open positions: 0 | Equity $99,311.19
Engine P&L: legacy/unknown: realized $-1,705.68 (19 closed, 21% wins), unrealized $+0.00 (0 open) | Books: legacy: realized $-1,705.68, unrealized $+0.00
Reports: daily realized $+0.00; worst symbols none | weekly realized $+0.00; worst symbols none
Shadow report: 24035 shadow candidate(s), 45 rejection group(s)
Timings: account: 0.0s | risk: 0.4s | decide: 9.2s | watchlist: 0.2s | perf: 0.4s

=== Run at 2026-09-17T21:34:26.792583 ===
Build fingerprint: 4f68550affe5
Current time: 2026-09-17 05:34 PM EDT | Market open (per Alpaca): False | Session: EXTENDED
Account value: $99,311.19
Cash: $99,311.19 | Holdings (0): none
Sector exposure (cached): unavailable (no holdings)
Fill reconciliation: {'filled': 0, 'partial': 0, 'rejected': 1}
Risk state: peak $99,703.60 | drawdown 0.39% | today +0.00% | halted: False
Market regime: NEUTRAL (position-size multiplier: 100% incl. circuit breaker 100%)
Overnight queue deferred 3 known-stale idea(s) for 30 minutes to preserve Gemini quota.
Morning verification: 9 overnight-queued trade(s) handed to Gemini for re-verification against fresh data.
News: fetched 158, 2 new after dedup, 0 ticker(s) matched.
Quant pre-screen: 31/60 candidates passed.
Gemini proposed 1 trade(s) meeting the conviction bar.
Gemini calls used today (all models combined): 394
  -> {"ticker": "HPE", "status": "skipped", "reason": "stale quote for HPE (5689.43621s old; limit 180s)", "shadow": false, "data_guard": true}
Overnight queue kept 12 idea(s) whose market data was stale; they will be retried after fresh quotes arrive.
Dashboard watchlist synced (1 symbols) for news/headlines.
Ending portfolio value: $99,311.19
Trade journal: all: 19 trades, 21% win rate, avg -2.19% | breakout: 1 trades, 0% win rate, avg -8.61% | other: 13 trades, 23% win rate, avg -1.93% | technical: 5 trades, 20% win rate, avg -1.58%
Self-learning: breakout: 1 trades, 0% win rate, avg -8.61% (LOSING) | other: 13 trades, 23% win rate, avg -1.93% (LOSING) | technical: 5 trades, 20% win rate, avg -1.58% (LOSING)
Performance: Total return +0.45% | Max drawdown 0.94% | Daily Sharpe 1.61 | 19 closed trades | Win rate 21% | Avg winner +1.83% | Avg loser -3.26% | Open positions: 0 | Equity $99,311.19
Engine P&L: legacy/unknown: realized $-1,705.68 (19 closed, 21% wins), unrealized $+0.00 (0 open) | Books: legacy: realized $-1,705.68, unrealized $+0.00
Reports: daily realized $+0.00; worst symbols none | weekly realized $+0.00; worst symbols none
Shadow report: 24036 shadow candidate(s), 45 rejection group(s)
Timings: account: 0.0s | risk: 0.0s | decide: 22.5s | watchlist: 0.0s | perf: 0.3s

=== Run at 2026-09-17T21:37:05.761383 ===
Build fingerprint: 4f68550affe5
Current time: 2026-09-17 05:37 PM EDT | Market open (per Alpaca): False | Session: EXTENDED
Account value: $99,311.19
Cash: $99,311.19 | Holdings (0): none
Sector exposure (cached): unavailable (no holdings)
Fill reconciliation: {'filled': 0, 'partial': 0, 'rejected': 1}
Risk state: peak $99,703.60 | drawdown 0.39% | today +0.00% | halted: False
Market regime: NEUTRAL (position-size multiplier: 100% incl. circuit breaker 100%)
Overnight queue deferred 3 known-stale idea(s) for 30 minutes to preserve Gemini quota.
Morning verification: 9 overnight-queued trade(s) handed to Gemini for re-verification against fresh data.
News: fetched 158, 2 new after dedup, 0 ticker(s) matched.
Quant pre-screen: 31/60 candidates passed.
Gemini proposed 1 trade(s) meeting the conviction bar.
Gemini calls used today (all models combined): 395
  -> {"ticker": "HPE", "status": "skipped", "reason": "stale quote for HPE (5832.179436s old; limit 180s)", "shadow": false, "data_guard": true}
Overnight queue kept 12 idea(s) whose market data was stale; they will be retried after fresh quotes arrive.
Dashboard watchlist synced (1 symbols) for news/headlines.
Ending portfolio value: $99,311.19
Trade journal: all: 19 trades, 21% win rate, avg -2.19% | breakout: 1 trades, 0% win rate, avg -8.61% | other: 13 trades, 23% win rate, avg -1.93% | technical: 5 trades, 20% win rate, avg -1.58%
Self-learning: breakout: 1 trades, 0% win rate, avg -8.61% (LOSING) | other: 13 trades, 23% win rate, avg -1.93% (LOSING) | technical: 5 trades, 20% win rate, avg -1.58% (LOSING)
Performance: Total return +0.45% | Max drawdown 0.94% | Daily Sharpe 1.61 | 19 closed trades | Win rate 21% | Avg winner +1.83% | Avg loser -3.26% | Open positions: 0 | Equity $99,311.19
Engine P&L: legacy/unknown: realized $-1,705.68 (19 closed, 21% wins), unrealized $+0.00 (0 open) | Books: legacy: realized $-1,705.68, unrealized $+0.00
Reports: daily realized $+0.00; worst symbols none | weekly realized $+0.00; worst symbols none
Shadow report: 24037 shadow candidate(s), 45 rejection group(s)
Timings: account: 0.0s | risk: 0.1s | decide: 6.1s | watchlist: 0.0s | perf: 0.3s

=== Run at 2026-09-17T21:38:26.090049 ===
Build fingerprint: 4f68550affe5
Current time: 2026-09-17 05:38 PM EDT | Market open (per Alpaca): False | Session: EXTENDED
Account value: $99,311.19
Cash: $99,311.19 | Holdings (0): none
Sector exposure (cached): unavailable (no holdings)
Fill reconciliation: {'filled': 0, 'partial': 0, 'rejected': 1}
Risk state: peak $99,703.60 | drawdown 0.39% | today +0.00% | halted: False
Market regime: NEUTRAL (position-size multiplier: 100% incl. circuit breaker 100%)
Overnight queue deferred 3 known-stale idea(s) for 30 minutes to preserve Gemini quota.
Morning verification: 9 overnight-queued trade(s) handed to Gemini for re-verification against fresh data.
News: fetched 158, 0 new after dedup, 0 ticker(s) matched.
Quant pre-screen: 31/60 candidates passed.
Gemini proposed 2 trade(s) meeting the conviction bar.
Gemini calls used today (all models combined): 396
  -> {"ticker": "HPE", "status": "skipped", "reason": "stale quote for HPE (5909.254655s old; limit 180s)", "shadow": false, "data_guard": true}
  -> {"ticker": "GILD", "status": "skipped", "reason": "stale quote for GILD (5916.076073s old; limit 180s)", "shadow": false, "data_guard": true}
Overnight queue kept 12 idea(s) whose market data was stale; they will be retried after fresh quotes arrive.
Dashboard watchlist synced (2 symbols) for news/headlines.
Ending portfolio value: $99,311.19
Trade journal: all: 19 trades, 21% win rate, avg -2.19% | breakout: 1 trades, 0% win rate, avg -8.61% | other: 13 trades, 23% win rate, avg -1.93% | technical: 5 trades, 20% win rate, avg -1.58%
Self-learning: breakout: 1 trades, 0% win rate, avg -8.61% (LOSING) | other: 13 trades, 23% win rate, avg -1.93% (LOSING) | technical: 5 trades, 20% win rate, avg -1.58% (LOSING)
Performance: Total return +0.45% | Max drawdown 0.94% | Daily Sharpe 1.61 | 19 closed trades | Win rate 21% | Avg winner +1.83% | Avg loser -3.26% | Open positions: 0 | Equity $99,311.19
Engine P&L: legacy/unknown: realized $-1,705.68 (19 closed, 21% wins), unrealized $+0.00 (0 open) | Books: legacy: realized $-1,705.68, unrealized $+0.00
Reports: daily realized $+0.00; worst symbols none | weekly realized $+0.00; worst symbols none
Shadow report: 24039 shadow candidate(s), 45 rejection group(s)
Timings: account: 0.0s | risk: 0.1s | decide: 3.0s | watchlist: 0.0s | perf: 0.3s

=== Run at 2026-09-17T21:40:36.212159 ===
Build fingerprint: 4f68550affe5
Current time: 2026-09-17 05:40 PM EDT | Market open (per Alpaca): False | Session: EXTENDED
Account value: $99,311.19
Cash: $99,311.19 | Holdings (0): none
Sector exposure (cached): unavailable (no holdings)
Fill reconciliation: {'filled': 0, 'partial': 0, 'rejected': 1}
Risk state: peak $99,703.60 | drawdown 0.39% | today +0.00% | halted: False
Market regime: NEUTRAL (position-size multiplier: 100% incl. circuit breaker 100%)
Overnight queue deferred 3 known-stale idea(s) for 30 minutes to preserve Gemini quota.
Morning verification: 9 overnight-queued trade(s) handed to Gemini for re-verification against fresh data.
News: fetched 158, 2 new after dedup, 0 ticker(s) matched.
Quant pre-screen: 31/60 candidates passed.
Gemini proposed 1 trade(s) meeting the conviction bar.
Gemini calls used today (all models combined): 397
  -> {"ticker": "HPE", "status": "skipped", "reason": "stale quote for HPE (6042.620006s old; limit 180s)", "shadow": false, "data_guard": true}
Overnight queue kept 12 idea(s) whose market data was stale; they will be retried after fresh quotes arrive.
Dashboard watchlist synced (1 symbols) for news/headlines.
Ending portfolio value: $99,311.19
Trade journal: all: 19 trades, 21% win rate, avg -2.19% | breakout: 1 trades, 0% win rate, avg -8.61% | other: 13 trades, 23% win rate, avg -1.93% | technical: 5 trades, 20% win rate, avg -1.58%
Self-learning: breakout: 1 trades, 0% win rate, avg -8.61% (LOSING) | other: 13 trades, 23% win rate, avg -1.93% (LOSING) | technical: 5 trades, 20% win rate, avg -1.58% (LOSING)
Performance: Total return +0.45% | Max drawdown 0.94% | Daily Sharpe 1.61 | 19 closed trades | Win rate 21% | Avg winner +1.83% | Avg loser -3.26% | Open positions: 0 | Equity $99,311.19
Engine P&L: legacy/unknown: realized $-1,705.68 (19 closed, 21% wins), unrealized $+0.00 (0 open) | Books: legacy: realized $-1,705.68, unrealized $+0.00
Reports: daily realized $+0.00; worst symbols none | weekly realized $+0.00; worst symbols none
Shadow report: 24040 shadow candidate(s), 45 rejection group(s)
Timings: account: 0.0s | risk: 0.4s | decide: 5.2s | watchlist: 0.1s | perf: 0.4s

=== Run at 2026-09-17T21:42:29.947914 ===
Build fingerprint: 4f68550affe5
Current time: 2026-09-17 05:42 PM EDT | Market open (per Alpaca): False | Session: EXTENDED
Account value: $99,311.19
Cash: $99,311.19 | Holdings (0): none
Sector exposure (cached): unavailable (no holdings)
Fill reconciliation: {'filled': 0, 'partial': 0, 'rejected': 1}
Risk state: peak $99,703.60 | drawdown 0.39% | today +0.00% | halted: False
Market regime: NEUTRAL (position-size multiplier: 100% incl. circuit breaker 100%)
Overnight queue deferred 3 known-stale idea(s) for 30 minutes to preserve Gemini quota.
Morning verification: 9 overnight-queued trade(s) handed to Gemini for re-verification against fresh data.
News: fetched 158, 2 new after dedup, 0 ticker(s) matched.
Quant pre-screen: 31/60 candidates passed.
Gemini proposed 1 trade(s) meeting the conviction bar.
Gemini calls used today (all models combined): 398
  -> {"ticker": "HPE", "status": "skipped", "reason": "stale quote for HPE (6154.308394s old; limit 180s)", "shadow": false, "data_guard": true}
Overnight queue kept 12 idea(s) whose market data was stale; they will be retried after fresh quotes arrive.
Dashboard watchlist synced (1 symbols) for news/headlines.
Ending portfolio value: $99,311.19
Trade journal: all: 19 trades, 21% win rate, avg -2.19% | breakout: 1 trades, 0% win rate, avg -8.61% | other: 13 trades, 23% win rate, avg -1.93% | technical: 5 trades, 20% win rate, avg -1.58%
Self-learning: breakout: 1 trades, 0% win rate, avg -8.61% (LOSING) | other: 13 trades, 23% win rate, avg -1.93% (LOSING) | technical: 5 trades, 20% win rate, avg -1.58% (LOSING)
Performance: Total return +0.45% | Max drawdown 0.94% | Daily Sharpe 1.61 | 19 closed trades | Win rate 21% | Avg winner +1.83% | Avg loser -3.26% | Open positions: 0 | Equity $99,311.19
Engine P&L: legacy/unknown: realized $-1,705.68 (19 closed, 21% wins), unrealized $+0.00 (0 open) | Books: legacy: realized $-1,705.68, unrealized $+0.00
Reports: daily realized $+0.00; worst symbols none | weekly realized $+0.00; worst symbols none
Shadow report: 24041 shadow candidate(s), 45 rejection group(s)
Timings: account: 0.0s | risk: 0.1s | decide: 4.0s | watchlist: 0.0s | perf: 0.3s

=== Run at 2026-09-17T21:44:27.838894 ===
Build fingerprint: 4f68550affe5
Current time: 2026-09-17 05:44 PM EDT | Market open (per Alpaca): False | Session: EXTENDED
Account value: $99,311.19
Cash: $99,311.19 | Holdings (0): none
Sector exposure (cached): unavailable (no holdings)
Fill reconciliation: {'filled': 0, 'partial': 0, 'rejected': 1}
Risk state: peak $99,703.60 | drawdown 0.39% | today +0.00% | halted: False
Market regime: NEUTRAL (position-size multiplier: 100% incl. circuit breaker 100%)
Overnight queue deferred 3 known-stale idea(s) for 30 minutes to preserve Gemini quota.
Morning verification: 9 overnight-queued trade(s) handed to Gemini for re-verification against fresh data.
News: fetched 158, 0 new after dedup, 0 ticker(s) matched.
Quant pre-screen: 31/60 candidates passed.
Gemini proposed 1 trade(s) meeting the conviction bar.
Gemini calls used today (all models combined): 399
  -> {"ticker": "HPE", "status": "skipped", "reason": "stale quote for HPE (6272.266483s old; limit 180s)", "shadow": false, "data_guard": true}
Overnight queue kept 12 idea(s) whose market data was stale; they will be retried after fresh quotes arrive.
Dashboard watchlist synced (1 symbols) for news/headlines.
Ending portfolio value: $99,311.19
Trade journal: all: 19 trades, 21% win rate, avg -2.19% | breakout: 1 trades, 0% win rate, avg -8.61% | other: 13 trades, 23% win rate, avg -1.93% | technical: 5 trades, 20% win rate, avg -1.58%
Self-learning: breakout: 1 trades, 0% win rate, avg -8.61% (LOSING) | other: 13 trades, 23% win rate, avg -1.93% (LOSING) | technical: 5 trades, 20% win rate, avg -1.58% (LOSING)
Performance: Total return +0.45% | Max drawdown 0.94% | Daily Sharpe 1.61 | 19 closed trades | Win rate 21% | Avg winner +1.83% | Avg loser -3.26% | Open positions: 0 | Equity $99,311.19
Engine P&L: legacy/unknown: realized $-1,705.68 (19 closed, 21% wins), unrealized $+0.00 (0 open) | Books: legacy: realized $-1,705.68, unrealized $+0.00
Reports: daily realized $+0.00; worst symbols none | weekly realized $+0.00; worst symbols none
Shadow report: 24042 shadow candidate(s), 46 rejection group(s)
Timings: account: 0.0s | risk: 0.0s | decide: 3.9s | watchlist: 0.0s | perf: 0.3s

=== Run at 2026-09-17T21:46:27.068279 ===
Build fingerprint: 4f68550affe5
Current time: 2026-09-17 05:46 PM EDT | Market open (per Alpaca): False | Session: EXTENDED
Account value: $99,311.19
Cash: $99,311.19 | Holdings (0): none
Sector exposure (cached): unavailable (no holdings)
Fill reconciliation: {'filled': 0, 'partial': 0, 'rejected': 1}
Risk state: peak $99,703.60 | drawdown 0.39% | today +0.00% | halted: False
Market regime: NEUTRAL (position-size multiplier: 100% incl. circuit breaker 100%)
Overnight queue deferred 3 known-stale idea(s) for 30 minutes to preserve Gemini quota.
Morning verification: 9 overnight-queued trade(s) handed to Gemini for re-verification against fresh data.
News: fetched 158, 2 new after dedup, 0 ticker(s) matched.
Quant pre-screen: 31/60 candidates passed.
Technical fallback (Gemini throttled/unavailable) proposed 7 trade(s) meeting the conviction bar.
Gemini calls used today (all models combined): 399
  -> {"ticker": "HPE", "status": "skipped", "reason": "stale quote for HPE (6412.407212s old; limit 180s)", "shadow": false, "data_guard": true}
  -> {"ticker": "FTNT", "status": "skipped", "reason": "stale quote for FTNT (6418.332064s old; limit 180s)", "shadow": false, "data_guard": true}
  -> {"ticker": "GEN", "status": "skipped", "reason": "stale quote for GEN (6413.577994s old; limit 180s)", "shadow": false, "data_guard": true}
  -> {"ticker": "GILD", "status": "skipped", "reason": "stale quote for GILD (6419.908829s old; limit 180s)", "shadow": false, "data_guard": true}
  -> {"ticker": "GM", "status": "skipped", "reason": "stale quote for GM (6422.792871s old; limit 180s)", "shadow": false, "data_guard": true}
  -> {"ticker": "HCA", "status": "skipped", "reason": "stale quote for HCA (6423.531399s old; limit 180s)", "shadow": false, "data_guard": true}
  -> {"ticker": "HPQ", "status": "skipped", "reason": "stale quote for HPQ (6414.944839s old; limit 180s)", "shadow": false, "data_guard": true}
Overnight queue KEPT for next run (Gemini did not verify this round -- technical fallback or decision failure); 9 idea(s) remain subject to the retry cap.
Run budget reserve reached -- skipping dashboard watchlist sync.
Run budget reserve reached -- skipping performance snapshot.
Trade journal: all: 19 trades, 21% win rate, avg -2.19% | breakout: 1 trades, 0% win rate, avg -8.61% | other: 13 trades, 23% win rate, avg -1.93% | technical: 5 trades, 20% win rate, avg -1.58%
Self-learning: breakout: 1 trades, 0% win rate, avg -8.61% (LOSING) | other: 13 trades, 23% win rate, avg -1.93% (LOSING) | technical: 5 trades, 20% win rate, avg -1.58% (LOSING)
Performance: Total return +0.45% | Max drawdown 0.94% | Daily Sharpe 1.61 | 19 closed trades | Win rate 21% | Avg winner +1.83% | Avg loser -3.26% | Open positions: 0 | Equity $99,311.19
Engine P&L: legacy/unknown: realized $-1,705.68 (19 closed, 21% wins), unrealized $+0.00 (0 open) | Books: legacy: realized $-1,705.68, unrealized $+0.00
Reports: daily realized $+0.00; worst symbols none | weekly realized $+0.00; worst symbols none
Shadow report: 24049 shadow candidate(s), 52 rejection group(s)
Timings: account: 0.0s | risk: 0.4s | decide: 26.0s | watchlist: 0.0s | perf: 0.2s

=== Run at 2026-09-17T21:48:27.385794 ===
Build fingerprint: 4f68550affe5
Current time: 2026-09-17 05:48 PM EDT | Market open (per Alpaca): False | Session: EXTENDED
Account value: $99,311.19
Cash: $99,311.19 | Holdings (0): none
Sector exposure (cached): unavailable (no holdings)
Fill reconciliation: {'filled': 0, 'partial': 0, 'rejected': 1}
Risk state: peak $99,703.60 | drawdown 0.39% | today +0.00% | halted: False
Market regime: NEUTRAL (position-size multiplier: 100% incl. circuit breaker 100%)
Overnight queue expired 3 stale/over-retried idea(s); fresh analysis will replace them.
Overnight queue deferred 3 known-stale idea(s) for 30 minutes to preserve Gemini quota.
Morning verification: 6 overnight-queued trade(s) handed to Gemini for re-verification against fresh data.
News: fetched 158, 2 new after dedup, 2 ticker(s) matched.
Quant pre-screen: 32/52 candidates passed.
Gemini proposed 3 trade(s) meeting the conviction bar.
Gemini calls used today (all models combined): 400
  -> {"ticker": "INTC", "status": "skipped", "reason": "stale quote for INTC (3579.661177s old; limit 180s)", "shadow": false, "data_guard": true}
  -> {"ticker": "HPE", "status": "skipped", "reason": "stale quote for HPE (6511.434841s old; limit 180s)", "shadow": false, "data_guard": true}
  -> {"ticker": "DELL", "status": "skipped", "reason": "stale quote for DELL (6512.73474s old; limit 180s)", "shadow": false, "data_guard": true}
Overnight queue kept 11 idea(s) whose market data was stale; they will be retried after fresh quotes arrive.
Dashboard watchlist synced (4 symbols) for news/headlines.
Ending portfolio value: $99,311.19
Trade journal: all: 19 trades, 21% win rate, avg -2.19% | breakout: 1 trades, 0% win rate, avg -8.61% | other: 13 trades, 23% win rate, avg -1.93% | technical: 5 trades, 20% win rate, avg -1.58%
Self-learning: breakout: 1 trades, 0% win rate, avg -8.61% (LOSING) | other: 13 trades, 23% win rate, avg -1.93% (LOSING) | technical: 5 trades, 20% win rate, avg -1.58% (LOSING)
Performance: Total return +0.45% | Max drawdown 0.94% | Daily Sharpe 1.61 | 19 closed trades | Win rate 21% | Avg winner +1.83% | Avg loser -3.26% | Open positions: 0 | Equity $99,311.19
Engine P&L: legacy/unknown: realized $-1,705.68 (19 closed, 21% wins), unrealized $+0.00 (0 open) | Books: legacy: realized $-1,705.68, unrealized $+0.00
Reports: daily realized $+0.00; worst symbols none | weekly realized $+0.00; worst symbols none
Shadow report: 24052 shadow candidate(s), 55 rejection group(s)
Timings: account: 0.0s | risk: 0.0s | decide: 3.8s | watchlist: 0.0s | perf: 0.3s

=== Run at 2026-09-17T21:51:09.275490 ===
Build fingerprint: 4f68550affe5
Current time: 2026-09-17 05:51 PM EDT | Market open (per Alpaca): False | Session: EXTENDED
Account value: $99,311.19
Cash: $99,311.19 | Holdings (0): none
Sector exposure (cached): unavailable (no holdings)
Fill reconciliation: {'filled': 0, 'partial': 0, 'rejected': 1}
Risk state: peak $99,703.60 | drawdown 0.39% | today +0.00% | halted: False
Market regime: NEUTRAL (position-size multiplier: 100% incl. circuit breaker 100%)
Overnight queue deferred 5 known-stale idea(s) for 30 minutes to preserve Gemini quota.
Morning verification: 6 overnight-queued trade(s) handed to Gemini for re-verification against fresh data.
News: fetched 158, 1 new after dedup, 0 ticker(s) matched.
Quant pre-screen: 31/60 candidates passed.
Technical fallback (Gemini throttled/unavailable) proposed 7 trade(s) meeting the conviction bar.
Gemini calls used today (all models combined): 400
  -> {"ticker": "HPE", "status": "skipped", "reason": "stale quote for HPE (6692.375329s old; limit 180s)", "shadow": false, "data_guard": true}
  -> {"ticker": "FTNT", "status": "skipped", "reason": "stale quote for FTNT (6698.161483s old; limit 180s)", "shadow": false, "data_guard": true}
  -> {"ticker": "GEN", "status": "skipped", "reason": "stale quote for GEN (6693.28788s old; limit 180s)", "shadow": false, "data_guard": true}
  -> {"ticker": "GILD", "status": "skipped", "reason": "stale quote for GILD (6699.483882s old; limit 180s)", "shadow": false, "data_guard": true}
  -> {"ticker": "GM", "status": "skipped", "reason": "stale quote for GM (6702.204752s old; limit 180s)", "shadow": false, "data_guard": true}
  -> {"ticker": "HCA", "status": "skipped", "reason": "stale quote for HCA (6702.814363s old; limit 180s)", "shadow": false, "data_guard": true}
  -> {"ticker": "HPQ", "status": "skipped", "reason": "stale quote for HPQ (6694.12968s old; limit 180s)", "shadow": false, "data_guard": true}
Overnight queue KEPT for next run (Gemini did not verify this round -- technical fallback or decision failure); 8 idea(s) remain subject to the retry cap.
Dashboard watchlist synced (7 symbols) for news/headlines.
Ending portfolio value: $99,311.19
Trade journal: all: 19 trades, 21% win rate, avg -2.19% | breakout: 1 trades, 0% win rate, avg -8.61% | other: 13 trades, 23% win rate, avg -1.93% | technical: 5 trades, 20% win rate, avg -1.58%
Self-learning: breakout: 1 trades, 0% win rate, avg -8.61% (LOSING) | other: 13 trades, 23% win rate, avg -1.93% (LOSING) | technical: 5 trades, 20% win rate, avg -1.58% (LOSING)
Performance: Total return +0.45% | Max drawdown 0.94% | Daily Sharpe 1.61 | 19 closed trades | Win rate 21% | Avg winner +1.83% | Avg loser -3.26% | Open positions: 0 | Equity $99,311.19
Engine P&L: legacy/unknown: realized $-1,705.68 (19 closed, 21% wins), unrealized $+0.00 (0 open) | Books: legacy: realized $-1,705.68, unrealized $+0.00
Reports: daily realized $+0.00; worst symbols none | weekly realized $+0.00; worst symbols none
Shadow report: 24059 shadow candidate(s), 62 rejection group(s)
Timings: account: 0.0s | risk: 0.1s | decide: 23.5s | watchlist: 0.1s | perf: 0.3s

=== Run at 2026-09-17T21:52:25.602008 ===
Build fingerprint: 4f68550affe5
Current time: 2026-09-17 05:52 PM EDT | Market open (per Alpaca): False | Session: EXTENDED
Account value: $99,311.19
Cash: $99,311.19 | Holdings (0): none
Sector exposure (cached): unavailable (no holdings)
Fill reconciliation: {'filled': 0, 'partial': 0, 'rejected': 1}
Risk state: peak $99,703.60 | drawdown 0.39% | today +0.00% | halted: False
Market regime: NEUTRAL (position-size multiplier: 100% incl. circuit breaker 100%)
Overnight queue expired 2 stale/over-retried idea(s); fresh analysis will replace them.
Overnight queue deferred 5 known-stale idea(s) for 30 minutes to preserve Gemini quota.
Morning verification: 6 overnight-queued trade(s) handed to Gemini for re-verification against fresh data.
News: fetched 158, 0 new after dedup, 0 ticker(s) matched.
Quant pre-screen: 31/60 candidates passed.
Gemini proposed 2 trade(s) meeting the conviction bar.
Gemini calls used today (all models combined): 401
  -> {"ticker": "HPE", "status": "skipped", "reason": "stale quote for HPE (6749.459026s old; limit 180s)", "shadow": false, "data_guard": true}
  -> {"ticker": "GILD", "status": "skipped", "reason": "stale quote for GILD (6756.32523s old; limit 180s)", "shadow": false, "data_guard": true}
Overnight queue kept 11 idea(s) whose market data was stale; they will be retried after fresh quotes arrive.
Dashboard watchlist synced (2 symbols) for news/headlines.
Ending portfolio value: $99,311.19
Trade journal: all: 19 trades, 21% win rate, avg -2.19% | breakout: 1 trades, 0% win rate, avg -8.61% | other: 13 trades, 23% win rate, avg -1.93% | technical: 5 trades, 20% win rate, avg -1.58%
Self-learning: breakout: 1 trades, 0% win rate, avg -8.61% (LOSING) | other: 13 trades, 23% win rate, avg -1.93% (LOSING) | technical: 5 trades, 20% win rate, avg -1.58% (LOSING)
Performance: Total return +0.45% | Max drawdown 0.94% | Daily Sharpe 1.61 | 19 closed trades | Win rate 21% | Avg winner +1.83% | Avg loser -3.26% | Open positions: 0 | Equity $99,311.19
Engine P&L: legacy/unknown: realized $-1,705.68 (19 closed, 21% wins), unrealized $+0.00 (0 open) | Books: legacy: realized $-1,705.68, unrealized $+0.00
Reports: daily realized $+0.00; worst symbols none | weekly realized $+0.00; worst symbols none
Shadow report: 24061 shadow candidate(s), 64 rejection group(s)
Timings: account: 0.0s | risk: 0.1s | decide: 3.6s | watchlist: 0.1s | perf: 0.3s

=== Run at 2026-09-17T21:54:26.691135 ===
Build fingerprint: 4f68550affe5
Current time: 2026-09-17 05:54 PM EDT | Market open (per Alpaca): False | Session: EXTENDED
Account value: $99,311.19
Cash: $99,311.19 | Holdings (0): none
Sector exposure (cached): unavailable (no holdings)
Fill reconciliation: {'filled': 0, 'partial': 0, 'rejected': 1}
Risk state: peak $99,703.60 | drawdown 0.39% | today +0.00% | halted: False
Market regime: NEUTRAL (position-size multiplier: 100% incl. circuit breaker 100%)
Overnight queue deferred 5 known-stale idea(s) for 30 minutes to preserve Gemini quota.
Morning verification: 6 overnight-queued trade(s) handed to Gemini for re-verification against fresh data.
News: fetched 158, 1 new after dedup, 0 ticker(s) matched.
Quant pre-screen: 31/60 candidates passed.
Gemini proposed 2 trade(s) meeting the conviction bar.
Gemini calls used today (all models combined): 402
  -> {"ticker": "HPE", "status": "skipped", "reason": "stale quote for HPE (6875.686653s old; limit 180s)", "shadow": false, "data_guard": true}
  -> {"ticker": "GILD", "status": "skipped", "reason": "stale quote for GILD (6882.490727s old; limit 180s)", "shadow": false, "data_guard": true}
Overnight queue kept 11 idea(s) whose market data was stale; they will be retried after fresh quotes arrive.
Dashboard watchlist synced (2 symbols) for news/headlines.
Ending portfolio value: $99,311.19
Trade journal: all: 19 trades, 21% win rate, avg -2.19% | breakout: 1 trades, 0% win rate, avg -8.61% | other: 13 trades, 23% win rate, avg -1.93% | technical: 5 trades, 20% win rate, avg -1.58%
Self-learning: breakout: 1 trades, 0% win rate, avg -8.61% (LOSING) | other: 13 trades, 23% win rate, avg -1.93% (LOSING) | technical: 5 trades, 20% win rate, avg -1.58% (LOSING)
Performance: Total return +0.45% | Max drawdown 0.94% | Daily Sharpe 1.61 | 19 closed trades | Win rate 21% | Avg winner +1.83% | Avg loser -3.26% | Open positions: 0 | Equity $99,311.19
Engine P&L: legacy/unknown: realized $-1,705.68 (19 closed, 21% wins), unrealized $+0.00 (0 open) | Books: legacy: realized $-1,705.68, unrealized $+0.00
Reports: daily realized $+0.00; worst symbols none | weekly realized $+0.00; worst symbols none
Shadow report: 24063 shadow candidate(s), 66 rejection group(s)
Timings: account: 0.0s | risk: 0.0s | decide: 8.7s | watchlist: 0.0s | perf: 0.3s

=== Run at 2026-09-17T21:56:32.457012 ===
Build fingerprint: 4f68550affe5
Current time: 2026-09-17 05:56 PM EDT | Market open (per Alpaca): False | Session: EXTENDED
Account value: $99,311.19
Cash: $99,311.19 | Holdings (0): none
Sector exposure (cached): unavailable (no holdings)
Fill reconciliation: {'filled': 0, 'partial': 0, 'rejected': 1}
Risk state: peak $99,703.60 | drawdown 0.39% | today +0.00% | halted: False
Market regime: NEUTRAL (position-size multiplier: 100% incl. circuit breaker 100%)
Overnight queue deferred 5 known-stale idea(s) for 30 minutes to preserve Gemini quota.
Morning verification: 6 overnight-queued trade(s) handed to Gemini for re-verification against fresh data.
News: fetched 158, 0 new after dedup, 0 ticker(s) matched.
Quant pre-screen: 31/60 candidates passed.
Gemini proposed 2 trade(s) meeting the conviction bar.
Gemini calls used today (all models combined): 403
  -> {"ticker": "HPE", "status": "skipped", "reason": "stale quote for HPE (6998.396352s old; limit 180s)", "shadow": false, "data_guard": true}
  -> {"ticker": "FTNT", "status": "skipped", "reason": "stale quote for FTNT (7004.205648s old; limit 180s)", "shadow": false, "data_guard": true}
Overnight queue kept 12 idea(s) whose market data was stale; they will be retried after fresh quotes arrive.
Dashboard watchlist synced (2 symbols) for news/headlines.
Ending portfolio value: $99,311.19
Trade journal: all: 19 trades, 21% win rate, avg -2.19% | breakout: 1 trades, 0% win rate, avg -8.61% | other: 13 trades, 23% win rate, avg -1.93% | technical: 5 trades, 20% win rate, avg -1.58%
Self-learning: breakout: 1 trades, 0% win rate, avg -8.61% (LOSING) | other: 13 trades, 23% win rate, avg -1.93% (LOSING) | technical: 5 trades, 20% win rate, avg -1.58% (LOSING)
Performance: Total return +0.45% | Max drawdown 0.94% | Daily Sharpe 1.61 | 19 closed trades | Win rate 21% | Avg winner +1.83% | Avg loser -3.26% | Open positions: 0 | Equity $99,311.19
Engine P&L: legacy/unknown: realized $-1,705.68 (19 closed, 21% wins), unrealized $+0.00 (0 open) | Books: legacy: realized $-1,705.68, unrealized $+0.00
Reports: daily realized $+0.00; worst symbols none | weekly realized $+0.00; worst symbols none
Shadow report: 24065 shadow candidate(s), 68 rejection group(s)
Timings: account: 0.0s | risk: 0.2s | decide: 5.7s | watchlist: 0.1s | perf: 0.2s

=== Run at 2026-09-17T21:58:25.801957 ===
Build fingerprint: 4f68550affe5
Current time: 2026-09-17 05:58 PM EDT | Market open (per Alpaca): False | Session: EXTENDED
Account value: $99,311.19
Cash: $99,311.19 | Holdings (0): none
Sector exposure (cached): unavailable (no holdings)
Fill reconciliation: {'filled': 0, 'partial': 0, 'rejected': 1}
Risk state: peak $99,703.60 | drawdown 0.39% | today +0.00% | halted: False
Market regime: NEUTRAL (position-size multiplier: 100% incl. circuit breaker 100%)
Overnight queue deferred 6 known-stale idea(s) for 30 minutes to preserve Gemini quota.
Morning verification: 6 overnight-queued trade(s) handed to Gemini for re-verification against fresh data.
News: fetched 158, 1 new after dedup, 0 ticker(s) matched.
Quant pre-screen: 31/60 candidates passed.
Gemini proposed 3 trade(s) meeting the conviction bar.
Gemini calls used today (all models combined): 404
  -> {"ticker": "HPE", "status": "skipped", "reason": "stale quote for HPE (7110.053415s old; limit 180s)", "shadow": false, "data_guard": true}
  -> {"ticker": "HPQ", "status": "skipped", "reason": "stale quote for HPQ (7111.193754s old; limit 180s)", "shadow": false, "data_guard": true}
  -> {"ticker": "GILD", "status": "skipped", "reason": "stale quote for GILD (7117.052076s old; limit 180s)", "shadow": false, "data_guard": true}
Overnight queue kept 12 idea(s) whose market data was stale; they will be retried after fresh quotes arrive.
Dashboard watchlist synced (3 symbols) for news/headlines.
Ending portfolio value: $99,311.19
Trade journal: all: 19 trades, 21% win rate, avg -2.19% | breakout: 1 trades, 0% win rate, avg -8.61% | other: 13 trades, 23% win rate, avg -1.93% | technical: 5 trades, 20% win rate, avg -1.58%
Self-learning: breakout: 1 trades, 0% win rate, avg -8.61% (LOSING) | other: 13 trades, 23% win rate, avg -1.93% (LOSING) | technical: 5 trades, 20% win rate, avg -1.58% (LOSING)
Performance: Total return +0.45% | Max drawdown 0.94% | Daily Sharpe 1.61 | 19 closed trades | Win rate 21% | Avg winner +1.83% | Avg loser -3.26% | Open positions: 0 | Equity $99,311.19
Engine P&L: legacy/unknown: realized $-1,705.68 (19 closed, 21% wins), unrealized $+0.00 (0 open) | Books: legacy: realized $-1,705.68, unrealized $+0.00
Reports: daily realized $+0.00; worst symbols none | weekly realized $+0.00; worst symbols none
Shadow report: 24068 shadow candidate(s), 71 rejection group(s)
Timings: account: 0.0s | risk: 0.1s | decide: 4.2s | watchlist: 0.0s | perf: 0.3s

=== Run at 2026-09-17T22:00:43.854549 ===
Build fingerprint: 4f68550affe5
Current time: 2026-09-17 06:00 PM EDT | Market open (per Alpaca): False | Session: EXTENDED
Account value: $99,311.19
Cash: $99,311.19 | Holdings (0): none
Sector exposure (cached): unavailable (no holdings)
Fill reconciliation: {'filled': 0, 'partial': 0, 'rejected': 1}
Risk state: peak $99,703.60 | drawdown 0.39% | today +0.00% | halted: False
Market regime: NEUTRAL (position-size multiplier: 100% incl. circuit breaker 100%)
Overnight queue deferred 6 known-stale idea(s) for 30 minutes to preserve Gemini quota.
Morning verification: 6 overnight-queued trade(s) handed to Gemini for re-verification against fresh data.
News: fetched 158, 11 new after dedup, 0 ticker(s) matched.
Quant pre-screen: 8/12 candidates passed.
Gemini proposed 1 trade(s) meeting the conviction bar.
Gemini calls used today (all models combined): 405
  -> {"ticker": "HPE", "status": "skipped", "reason": "stale quote for HPE (7248.520176s old; limit 180s)", "shadow": false, "data_guard": true}
Overnight queue kept 12 idea(s) whose market data was stale; they will be retried after fresh quotes arrive.
Dashboard watchlist synced (1 symbols) for news/headlines.
Ending portfolio value: $99,311.19
Trade journal: all: 19 trades, 21% win rate, avg -2.19% | breakout: 1 trades, 0% win rate, avg -8.61% | other: 13 trades, 23% win rate, avg -1.93% | technical: 5 trades, 20% win rate, avg -1.58%
Self-learning: breakout: 1 trades, 0% win rate, avg -8.61% (LOSING) | other: 13 trades, 23% win rate, avg -1.93% (LOSING) | technical: 5 trades, 20% win rate, avg -1.58% (LOSING)
Performance: Total return +0.45% | Max drawdown 0.94% | Daily Sharpe 1.61 | 19 closed trades | Win rate 21% | Avg winner +1.83% | Avg loser -3.26% | Open positions: 0 | Equity $99,311.19
Engine P&L: legacy/unknown: realized $-1,705.68 (19 closed, 21% wins), unrealized $+0.00 (0 open) | Books: legacy: realized $-1,705.68, unrealized $+0.00
Reports: daily realized $+0.00; worst symbols none | weekly realized $+0.00; worst symbols none
Shadow report: 24069 shadow candidate(s), 72 rejection group(s)
Timings: account: 0.0s | risk: 0.4s | decide: 9.8s | watchlist: 0.2s | perf: 0.4s

=== Run at 2026-09-17T22:02:27.939865 ===
Build fingerprint: 4f68550affe5
Current time: 2026-09-17 06:02 PM EDT | Market open (per Alpaca): False | Session: EXTENDED
Account value: $99,311.19
Cash: $99,311.19 | Holdings (0): none
Sector exposure (cached): unavailable (no holdings)
Fill reconciliation: {'filled': 0, 'partial': 0, 'rejected': 1}
Risk state: peak $99,703.60 | drawdown 0.39% | today +0.00% | halted: False
Market regime: NEUTRAL (position-size multiplier: 100% incl. circuit breaker 100%)
Overnight queue deferred 6 known-stale idea(s) for 30 minutes to preserve Gemini quota.
Morning verification: 6 overnight-queued trade(s) handed to Gemini for re-verification against fresh data.
News: fetched 158, 14 new after dedup, 1 ticker(s) matched.
Quant pre-screen: 15/25 candidates passed.
Gemini proposed 2 trade(s) meeting the conviction bar.
Gemini calls used today (all models combined): 406
  -> {"ticker": "HPE", "status": "skipped", "reason": "stale quote for HPE (7351.795583s old; limit 180s)", "shadow": false, "data_guard": true}
  -> {"ticker": "MRK", "status": "skipped", "reason": "entry alignment: price $147.12 is not above SMA-20 $148.86"}
Overnight queue kept 12 idea(s) whose market data was stale; they will be retried after fresh quotes arrive.
Dashboard watchlist synced (2 symbols) for news/headlines.
Ending portfolio value: $99,311.19
Trade journal: all: 19 trades, 21% win rate, avg -2.19% | breakout: 1 trades, 0% win rate, avg -8.61% | other: 13 trades, 23% win rate, avg -1.93% | technical: 5 trades, 20% win rate, avg -1.58%
Self-learning: breakout: 1 trades, 0% win rate, avg -8.61% (LOSING) | other: 13 trades, 23% win rate, avg -1.93% (LOSING) | technical: 5 trades, 20% win rate, avg -1.58% (LOSING)
Performance: Total return +0.45% | Max drawdown 0.94% | Daily Sharpe 1.61 | 19 closed trades | Win rate 21% | Avg winner +1.83% | Avg loser -3.26% | Open positions: 0 | Equity $99,311.19
Engine P&L: legacy/unknown: realized $-1,705.68 (19 closed, 21% wins), unrealized $+0.00 (0 open) | Books: legacy: realized $-1,705.68, unrealized $+0.00
Reports: daily realized $+0.00; worst symbols none | weekly realized $+0.00; worst symbols none
Shadow report: 24070 shadow candidate(s), 73 rejection group(s)
Timings: account: 0.0s | risk: 0.0s | decide: 3.6s | watchlist: 0.0s | perf: 0.3s

=== Run at 2026-09-17T22:04:29.075668 ===
Build fingerprint: 4f68550affe5
Current time: 2026-09-17 06:04 PM EDT | Market open (per Alpaca): False | Session: EXTENDED
Account value: $99,311.19
Cash: $99,311.19 | Holdings (0): none
Sector exposure (cached): unavailable (no holdings)
Fill reconciliation: {'filled': 0, 'partial': 0, 'rejected': 1}
Risk state: peak $99,703.60 | drawdown 0.39% | today +0.00% | halted: False
Market regime: NEUTRAL (position-size multiplier: 100% incl. circuit breaker 100%)
Overnight queue deferred 6 known-stale idea(s) for 30 minutes to preserve Gemini quota.
Morning verification: 6 overnight-queued trade(s) handed to Gemini for re-verification against fresh data.
News: fetched 158, 2 new after dedup, 0 ticker(s) matched.
Quant pre-screen: 11/24 candidates passed.
Gemini proposed 2 trade(s) meeting the conviction bar.
Gemini calls used today (all models combined): 407
  -> {"ticker": "HPE", "status": "skipped", "reason": "stale quote for HPE (7474.174676s old; limit 180s)", "shadow": false, "data_guard": true}
  -> {"ticker": "FFIV", "status": "skipped", "reason": "stale quote for FFIV (7476.818562s old; limit 180s)", "shadow": false, "data_guard": true}
Overnight queue kept 12 idea(s) whose market data was stale; they will be retried after fresh quotes arrive.
Dashboard watchlist synced (2 symbols) for news/headlines.
Ending portfolio value: $99,311.19
Trade journal: all: 19 trades, 21% win rate, avg -2.19% | breakout: 1 trades, 0% win rate, avg -8.61% | other: 13 trades, 23% win rate, avg -1.93% | technical: 5 trades, 20% win rate, avg -1.58%
Self-learning: breakout: 1 trades, 0% win rate, avg -8.61% (LOSING) | other: 13 trades, 23% win rate, avg -1.93% (LOSING) | technical: 5 trades, 20% win rate, avg -1.58% (LOSING)
Performance: Total return +0.45% | Max drawdown 0.94% | Daily Sharpe 1.61 | 19 closed trades | Win rate 21% | Avg winner +1.83% | Avg loser -3.26% | Open positions: 0 | Equity $99,311.19
Engine P&L: legacy/unknown: realized $-1,705.68 (19 closed, 21% wins), unrealized $+0.00 (0 open) | Books: legacy: realized $-1,705.68, unrealized $+0.00
Reports: daily realized $+0.00; worst symbols none | weekly realized $+0.00; worst symbols none
Shadow report: 24072 shadow candidate(s), 75 rejection group(s)
Timings: account: 0.0s | risk: 0.1s | decide: 4.9s | watchlist: 0.0s | perf: 0.3s

=== Run at 2026-09-17T22:06:27.282765 ===
Build fingerprint: 4f68550affe5
Current time: 2026-09-17 06:06 PM EDT | Market open (per Alpaca): False | Session: EXTENDED
Account value: $99,311.19
Cash: $99,311.19 | Holdings (0): none
Sector exposure (cached): unavailable (no holdings)
Fill reconciliation: {'filled': 0, 'partial': 0, 'rejected': 1}
Risk state: peak $99,703.60 | drawdown 0.39% | today +0.00% | halted: False
Market regime: NEUTRAL (position-size multiplier: 100% incl. circuit breaker 100%)
Overnight queue deferred 7 known-stale idea(s) for 30 minutes to preserve Gemini quota.
Morning verification: 5 overnight-queued trade(s) handed to Gemini for re-verification against fresh data.
News: fetched 158, 1 new after dedup, 0 ticker(s) matched.
Quant pre-screen: 19/36 candidates passed.
Technical fallback (Gemini throttled/unavailable) proposed 4 trade(s) meeting the conviction bar.
Gemini calls used today (all models combined): 407
  -> {"ticker": "HPE", "status": "skipped", "reason": "stale quote for HPE (7612.587391s old; limit 180s)", "shadow": false, "data_guard": true}
  -> {"ticker": "FTNT", "status": "skipped", "reason": "stale quote for FTNT (7596.437037s old; limit 180s)", "shadow": false, "data_guard": true}
  -> {"ticker": "GEN", "status": "skipped", "reason": "stale quote for GEN (7592.402638s old; limit 180s)", "shadow": false, "data_guard": true}
  -> {"ticker": "GILD", "status": "skipped", "reason": "stale quote for GILD (7598.805623s old; limit 180s)", "shadow": false, "data_guard": true}
Overnight queue KEPT for next run (Gemini did not verify this round -- technical fallback or decision failure); 6 idea(s) remain subject to the retry cap.
Run budget reserve reached -- skipping dashboard watchlist sync.
Run budget reserve reached -- skipping performance snapshot.
Trade journal: all: 19 trades, 21% win rate, avg -2.19% | breakout: 1 trades, 0% win rate, avg -8.61% | other: 13 trades, 23% win rate, avg -1.93% | technical: 5 trades, 20% win rate, avg -1.58%
Self-learning: breakout: 1 trades, 0% win rate, avg -8.61% (LOSING) | other: 13 trades, 23% win rate, avg -1.93% (LOSING) | technical: 5 trades, 20% win rate, avg -1.58% (LOSING)
Performance: Total return +0.45% | Max drawdown 0.94% | Daily Sharpe 1.61 | 19 closed trades | Win rate 21% | Avg winner +1.83% | Avg loser -3.26% | Open positions: 0 | Equity $99,311.19
Engine P&L: legacy/unknown: realized $-1,705.68 (19 closed, 21% wins), unrealized $+0.00 (0 open) | Books: legacy: realized $-1,705.68, unrealized $+0.00
Reports: daily realized $+0.00; worst symbols none | weekly realized $+0.00; worst symbols none
Shadow report: 24076 shadow candidate(s), 79 rejection group(s)
Timings: account: 0.0s | risk: 0.2s | decide: 25.0s | watchlist: 0.0s | perf: 0.3s

=== Run at 2026-09-17T22:08:35.015248 ===
Build fingerprint: 4f68550affe5
Current time: 2026-09-17 06:08 PM EDT | Market open (per Alpaca): False | Session: EXTENDED
Account value: $99,311.19
Cash: $99,311.19 | Holdings (0): none
Sector exposure (cached): unavailable (no holdings)
Fill reconciliation: {'filled': 0, 'partial': 0, 'rejected': 1}
Risk state: peak $99,703.60 | drawdown 0.39% | today +0.00% | halted: False
Market regime: NEUTRAL (position-size multiplier: 100% incl. circuit breaker 100%)
Overnight queue deferred 7 known-stale idea(s) for 30 minutes to preserve Gemini quota.
Morning verification: 6 overnight-queued trade(s) handed to Gemini for re-verification against fresh data.
News: fetched 158, 1 new after dedup, 4 ticker(s) matched.
Quant pre-screen: 12/17 candidates passed.
Gemini proposed 2 trade(s) meeting the conviction bar.
Gemini calls used today (all models combined): 408
  -> {"ticker": "HPE", "status": "skipped", "reason": "stale quote for HPE (7727.790256s old; limit 180s)", "shadow": false, "data_guard": true}
  -> {"ticker": "ARE", "status": "skipped", "reason": "stale quote for ARE (7727.798524s old; limit 180s)", "shadow": false, "data_guard": true}
Overnight queue kept 12 idea(s) whose market data was stale; they will be retried after fresh quotes arrive.
Dashboard watchlist synced (5 symbols) for news/headlines.
Ending portfolio value: $99,311.19
Trade journal: all: 19 trades, 21% win rate, avg -2.19% | breakout: 1 trades, 0% win rate, avg -8.61% | other: 13 trades, 23% win rate, avg -1.93% | technical: 5 trades, 20% win rate, avg -1.58%
Self-learning: breakout: 1 trades, 0% win rate, avg -8.61% (LOSING) | other: 13 trades, 23% win rate, avg -1.93% (LOSING) | technical: 5 trades, 20% win rate, avg -1.58% (LOSING)
Performance: Total return +0.45% | Max drawdown 0.94% | Daily Sharpe 1.61 | 19 closed trades | Win rate 21% | Avg winner +1.83% | Avg loser -3.26% | Open positions: 0 | Equity $99,311.19
Engine P&L: legacy/unknown: realized $-1,705.68 (19 closed, 21% wins), unrealized $+0.00 (0 open) | Books: legacy: realized $-1,705.68, unrealized $+0.00
Reports: daily realized $+0.00; worst symbols none | weekly realized $+0.00; worst symbols none
Shadow report: 24078 shadow candidate(s), 81 rejection group(s)
Timings: account: 0.0s | risk: 0.4s | decide: 11.9s | watchlist: 0.2s | perf: 0.4s

=== Run at 2026-09-17T22:10:25.602592 ===
Build fingerprint: 4f68550affe5
Current time: 2026-09-17 06:10 PM EDT | Market open (per Alpaca): False | Session: EXTENDED
Account value: $99,311.19
Cash: $99,311.19 | Holdings (0): none
Sector exposure (cached): unavailable (no holdings)
Fill reconciliation: {'filled': 0, 'partial': 0, 'rejected': 1}
Risk state: peak $99,703.60 | drawdown 0.39% | today +0.00% | halted: False
Market regime: NEUTRAL (position-size multiplier: 100% incl. circuit breaker 100%)
Overnight queue deferred 7 known-stale idea(s) for 30 minutes to preserve Gemini quota.
Morning verification: 5 overnight-queued trade(s) handed to Gemini for re-verification against fresh data.
News: fetched 158, 0 new after dedup, 0 ticker(s) matched.
Quant pre-screen: 26/48 candidates passed.
Gemini proposed 2 trade(s) meeting the conviction bar.
Gemini calls used today (all models combined): 409
  -> {"ticker": "HPE", "status": "skipped", "reason": "stale quote for HPE (7833.569718s old; limit 180s)", "shadow": false, "data_guard": true}
  -> {"ticker": "GILD", "status": "skipped", "reason": "stale quote for GILD (7840.489554s old; limit 180s)", "shadow": false, "data_guard": true}
Overnight queue kept 12 idea(s) whose market data was stale; they will be retried after fresh quotes arrive.
Dashboard watchlist synced (2 symbols) for news/headlines.
Ending portfolio value: $99,311.19
Trade journal: all: 19 trades, 21% win rate, avg -2.19% | breakout: 1 trades, 0% win rate, avg -8.61% | other: 13 trades, 23% win rate, avg -1.93% | technical: 5 trades, 20% win rate, avg -1.58%
Self-learning: breakout: 1 trades, 0% win rate, avg -8.61% (LOSING) | other: 13 trades, 23% win rate, avg -1.93% (LOSING) | technical: 5 trades, 20% win rate, avg -1.58% (LOSING)
Performance: Total return +0.45% | Max drawdown 0.94% | Daily Sharpe 1.61 | 19 closed trades | Win rate 21% | Avg winner +1.83% | Avg loser -3.26% | Open positions: 0 | Equity $99,311.19
Engine P&L: legacy/unknown: realized $-1,705.68 (19 closed, 21% wins), unrealized $+0.00 (0 open) | Books: legacy: realized $-1,705.68, unrealized $+0.00
Reports: daily realized $+0.00; worst symbols none | weekly realized $+0.00; worst symbols none
Shadow report: 24080 shadow candidate(s), 82 rejection group(s)
Timings: account: 0.0s | risk: 0.2s | decide: 7.5s | watchlist: 0.1s | perf: 0.2s

=== Run at 2026-09-17T22:12:26.199440 ===
Build fingerprint: 4f68550affe5
Current time: 2026-09-17 06:12 PM EDT | Market open (per Alpaca): False | Session: EXTENDED
Account value: $99,311.19
Cash: $99,311.19 | Holdings (0): none
Sector exposure (cached): unavailable (no holdings)
Fill reconciliation: {'filled': 0, 'partial': 0, 'rejected': 1}
Risk state: peak $99,703.60 | drawdown 0.39% | today +0.00% | halted: False
Market regime: NEUTRAL (position-size multiplier: 100% incl. circuit breaker 100%)
Overnight queue deferred 7 known-stale idea(s) for 30 minutes to preserve Gemini quota.
Morning verification: 5 overnight-queued trade(s) handed to Gemini for re-verification against fresh data.
News: fetched 158, 11 new after dedup, 2 ticker(s) matched.
Quant pre-screen: 23/37 candidates passed.
Gemini proposed 2 trade(s) meeting the conviction bar.
Gemini calls used today (all models combined): 410
  -> {"ticker": "HPE", "status": "skipped", "reason": "stale quote for HPE (7949.905705s old; limit 180s)", "shadow": false, "data_guard": true}
  -> {"ticker": "CVX", "status": "skipped", "reason": "stale quote for CVX (7948.710426s old; limit 180s)", "shadow": false, "data_guard": true}
Overnight queue kept 12 idea(s) whose market data was stale; they will be retried after fresh quotes arrive.
Dashboard watchlist synced (4 symbols) for news/headlines.
Ending portfolio value: $99,311.19
Trade journal: all: 19 trades, 21% win rate, avg -2.19% | breakout: 1 trades, 0% win rate, avg -8.61% | other: 13 trades, 23% win rate, avg -1.93% | technical: 5 trades, 20% win rate, avg -1.58%
Self-learning: breakout: 1 trades, 0% win rate, avg -8.61% (LOSING) | other: 13 trades, 23% win rate, avg -1.93% (LOSING) | technical: 5 trades, 20% win rate, avg -1.58% (LOSING)
Performance: Total return +0.45% | Max drawdown 0.94% | Daily Sharpe 1.61 | 19 closed trades | Win rate 21% | Avg winner +1.83% | Avg loser -3.26% | Open positions: 0 | Equity $99,311.19
Engine P&L: legacy/unknown: realized $-1,705.68 (19 closed, 21% wins), unrealized $+0.00 (0 open) | Books: legacy: realized $-1,705.68, unrealized $+0.00
Reports: daily realized $+0.00; worst symbols none | weekly realized $+0.00; worst symbols none
Shadow report: 24082 shadow candidate(s), 83 rejection group(s)
Timings: account: 0.0s | risk: 0.1s | decide: 3.5s | watchlist: 0.0s | perf: 0.3s

=== Run at 2026-09-17T22:14:21.587266 ===
Build fingerprint: 4f68550affe5
Current time: 2026-09-17 06:14 PM EDT | Market open (per Alpaca): False | Session: EXTENDED
Account value: $99,311.19
Cash: $99,311.19 | Holdings (0): none
Sector exposure (cached): unavailable (no holdings)
Fill reconciliation: {'filled': 0, 'partial': 0, 'rejected': 1}
Risk state: peak $99,703.60 | drawdown 0.39% | today +0.00% | halted: False
Market regime: NEUTRAL (position-size multiplier: 100% incl. circuit breaker 100%)
Overnight queue deferred 8 known-stale idea(s) for 30 minutes to preserve Gemini quota.
Morning verification: 4 overnight-queued trade(s) handed to Gemini for re-verification against fresh data.
News: fetched 158, 0 new after dedup, 0 ticker(s) matched.
Quant pre-screen: 30/60 candidates passed.
Gemini proposed 1 trade(s) meeting the conviction bar.
Gemini calls used today (all models combined): 411
  -> {"ticker": "HPE", "status": "skipped", "reason": "stale quote for HPE (8068.49962s old; limit 180s)", "shadow": false, "data_guard": true}
Overnight queue kept 12 idea(s) whose market data was stale; they will be retried after fresh quotes arrive.
Dashboard watchlist synced (1 symbols) for news/headlines.
Ending portfolio value: $99,311.19
Trade journal: all: 19 trades, 21% win rate, avg -2.19% | breakout: 1 trades, 0% win rate, avg -8.61% | other: 13 trades, 23% win rate, avg -1.93% | technical: 5 trades, 20% win rate, avg -1.58%
Self-learning: breakout: 1 trades, 0% win rate, avg -8.61% (LOSING) | other: 13 trades, 23% win rate, avg -1.93% (LOSING) | technical: 5 trades, 20% win rate, avg -1.58% (LOSING)
Performance: Total return +0.45% | Max drawdown 0.94% | Daily Sharpe 1.61 | 19 closed trades | Win rate 21% | Avg winner +1.83% | Avg loser -3.26% | Open positions: 0 | Equity $99,311.19
Engine P&L: legacy/unknown: realized $-1,705.68 (19 closed, 21% wins), unrealized $+0.00 (0 open) | Books: legacy: realized $-1,705.68, unrealized $+0.00
Reports: daily realized $+0.00; worst symbols none | weekly realized $+0.00; worst symbols none
Shadow report: 24083 shadow candidate(s), 83 rejection group(s)
Timings: account: 0.0s | risk: 0.2s | decide: 6.4s | watchlist: 0.1s | perf: 0.2s

=== Run at 2026-09-17T22:16:26.542498 ===
Build fingerprint: 4f68550affe5
Current time: 2026-09-17 06:16 PM EDT | Market open (per Alpaca): False | Session: EXTENDED
Account value: $99,311.19
Cash: $99,311.19 | Holdings (0): none
Sector exposure (cached): unavailable (no holdings)
Fill reconciliation: {'filled': 0, 'partial': 0, 'rejected': 1}
Risk state: peak $99,703.60 | drawdown 0.39% | today +0.00% | halted: False
Market regime: NEUTRAL (position-size multiplier: 100% incl. circuit breaker 100%)
Overnight queue deferred 8 known-stale idea(s) for 30 minutes to preserve Gemini quota.
Morning verification: 4 overnight-queued trade(s) handed to Gemini for re-verification against fresh data.
News: fetched 158, 0 new after dedup, 0 ticker(s) matched.
Quant pre-screen: 30/60 candidates passed.
Gemini proposed 3 trade(s) meeting the conviction bar.
Gemini calls used today (all models combined): 412
  -> {"ticker": "HPE", "status": "skipped", "reason": "stale quote for HPE (8201.59225s old; limit 180s)", "shadow": false, "data_guard": true}
  -> {"ticker": "HPQ", "status": "skipped", "reason": "stale quote for HPQ (8202.749355s old; limit 180s)", "shadow": false, "data_guard": true}
  -> {"ticker": "GILD", "status": "skipped", "reason": "stale quote for GILD (8208.625205s old; limit 180s)", "shadow": false, "data_guard": true}
Overnight queue kept 12 idea(s) whose market data was stale; they will be retried after fresh quotes arrive.
Dashboard watchlist synced (3 symbols) for news/headlines.
Ending portfolio value: $99,311.19
Trade journal: all: 19 trades, 21% win rate, avg -2.19% | breakout: 1 trades, 0% win rate, avg -8.61% | other: 13 trades, 23% win rate, avg -1.93% | technical: 5 trades, 20% win rate, avg -1.58%
Self-learning: breakout: 1 trades, 0% win rate, avg -8.61% (LOSING) | other: 13 trades, 23% win rate, avg -1.93% (LOSING) | technical: 5 trades, 20% win rate, avg -1.58% (LOSING)
Performance: Total return +0.45% | Max drawdown 0.94% | Daily Sharpe 1.61 | 19 closed trades | Win rate 21% | Avg winner +1.83% | Avg loser -3.26% | Open positions: 0 | Equity $99,311.19
Engine P&L: legacy/unknown: realized $-1,705.68 (19 closed, 21% wins), unrealized $+0.00 (0 open) | Books: legacy: realized $-1,705.68, unrealized $+0.00
Reports: daily realized $+0.00; worst symbols none | weekly realized $+0.00; worst symbols none
Shadow report: 24086 shadow candidate(s), 86 rejection group(s)
Timings: account: 0.0s | risk: 0.2s | decide: 14.9s | watchlist: 0.1s | perf: 0.2s

=== Run at 2026-09-17T22:18:33.179949 ===
Build fingerprint: 4f68550affe5
Current time: 2026-09-17 06:18 PM EDT | Market open (per Alpaca): False | Session: EXTENDED
Account value: $99,311.19
Cash: $99,311.19 | Holdings (0): none
Sector exposure (cached): unavailable (no holdings)
Fill reconciliation: {'filled': 0, 'partial': 0, 'rejected': 1}
Risk state: peak $99,703.60 | drawdown 0.39% | today +0.00% | halted: False
Market regime: NEUTRAL (position-size multiplier: 100% incl. circuit breaker 100%)
Overnight queue deferred 6 known-stale idea(s) for 30 minutes to preserve Gemini quota.
Morning verification: 6 overnight-queued trade(s) handed to Gemini for re-verification against fresh data.
News: fetched 158, 0 new after dedup, 0 ticker(s) matched.
Quant pre-screen: 30/60 candidates passed.
Gemini proposed 1 trade(s) meeting the conviction bar.
Gemini calls used today (all models combined): 413
  -> {"ticker": "HPE", "status": "skipped", "reason": "stale quote for HPE (8323.205284s old; limit 180s)", "shadow": false, "data_guard": true}
Overnight queue kept 12 idea(s) whose market data was stale; they will be retried after fresh quotes arrive.
Dashboard watchlist synced (1 symbols) for news/headlines.
Ending portfolio value: $99,311.19
Trade journal: all: 19 trades, 21% win rate, avg -2.19% | breakout: 1 trades, 0% win rate, avg -8.61% | other: 13 trades, 23% win rate, avg -1.93% | technical: 5 trades, 20% win rate, avg -1.58%
Self-learning: breakout: 1 trades, 0% win rate, avg -8.61% (LOSING) | other: 13 trades, 23% win rate, avg -1.93% (LOSING) | technical: 5 trades, 20% win rate, avg -1.58% (LOSING)
Performance: Total return +0.45% | Max drawdown 0.94% | Daily Sharpe 1.61 | 19 closed trades | Win rate 21% | Avg winner +1.83% | Avg loser -3.26% | Open positions: 0 | Equity $99,311.19
Engine P&L: legacy/unknown: realized $-1,705.68 (19 closed, 21% wins), unrealized $+0.00 (0 open) | Books: legacy: realized $-1,705.68, unrealized $+0.00
Reports: daily realized $+0.00; worst symbols none | weekly realized $+0.00; worst symbols none
Shadow report: 24087 shadow candidate(s), 87 rejection group(s)
Timings: account: 0.0s | risk: 0.4s | decide: 9.2s | watchlist: 0.2s | perf: 0.4s

=== Run at 2026-09-17T22:20:26.624456 ===
Build fingerprint: 4f68550affe5
Current time: 2026-09-17 06:20 PM EDT | Market open (per Alpaca): False | Session: EXTENDED
Account value: $99,311.19
Cash: $99,311.19 | Holdings (0): none
Sector exposure (cached): unavailable (no holdings)
Fill reconciliation: {'filled': 0, 'partial': 0, 'rejected': 1}
Risk state: peak $99,703.60 | drawdown 0.39% | today +0.00% | halted: False
Market regime: NEUTRAL (position-size multiplier: 100% incl. circuit breaker 100%)
Overnight queue deferred 6 known-stale idea(s) for 30 minutes to preserve Gemini quota.
Morning verification: 6 overnight-queued trade(s) handed to Gemini for re-verification against fresh data.
News: fetched 158, 0 new after dedup, 0 ticker(s) matched.
Quant pre-screen: 30/60 candidates passed.
Gemini proposed 3 trade(s) meeting the conviction bar.
Gemini calls used today (all models combined): 414
  -> {"ticker": "HPE", "status": "skipped", "reason": "stale quote for HPE (8432.015011s old; limit 180s)", "shadow": false, "data_guard": true}
  -> {"ticker": "HPQ", "status": "skipped", "reason": "stale quote for HPQ (8433.194638s old; limit 180s)", "shadow": false, "data_guard": true}
  -> {"ticker": "GILD", "status": "skipped", "reason": "stale quote for GILD (8439.071661s old; limit 180s)", "shadow": false, "data_guard": true}
Overnight queue kept 12 idea(s) whose market data was stale; they will be retried after fresh quotes arrive.
Dashboard watchlist synced (3 symbols) for news/headlines.
Ending portfolio value: $99,311.19
Trade journal: all: 19 trades, 21% win rate, avg -2.19% | breakout: 1 trades, 0% win rate, avg -8.61% | other: 13 trades, 23% win rate, avg -1.93% | technical: 5 trades, 20% win rate, avg -1.58%
Self-learning: breakout: 1 trades, 0% win rate, avg -8.61% (LOSING) | other: 13 trades, 23% win rate, avg -1.93% (LOSING) | technical: 5 trades, 20% win rate, avg -1.58% (LOSING)
Performance: Total return +0.45% | Max drawdown 0.94% | Daily Sharpe 1.61 | 19 closed trades | Win rate 21% | Avg winner +1.83% | Avg loser -3.26% | Open positions: 0 | Equity $99,311.19
Engine P&L: legacy/unknown: realized $-1,705.68 (19 closed, 21% wins), unrealized $+0.00 (0 open) | Books: legacy: realized $-1,705.68, unrealized $+0.00
Reports: daily realized $+0.00; worst symbols none | weekly realized $+0.00; worst symbols none
Shadow report: 24090 shadow candidate(s), 89 rejection group(s)
Timings: account: 0.0s | risk: 0.2s | decide: 5.2s | watchlist: 0.1s | perf: 0.4s

=== Run at 2026-09-17T22:22:29.585337 ===
Build fingerprint: 4f68550affe5
Current time: 2026-09-17 06:22 PM EDT | Market open (per Alpaca): False | Session: EXTENDED
Account value: $99,311.19
Cash: $99,311.19 | Holdings (0): none
Sector exposure (cached): unavailable (no holdings)
Fill reconciliation: {'filled': 0, 'partial': 0, 'rejected': 1}
Risk state: peak $99,703.60 | drawdown 0.39% | today +0.00% | halted: False
Market regime: NEUTRAL (position-size multiplier: 100% incl. circuit breaker 100%)
Overnight queue deferred 6 known-stale idea(s) for 30 minutes to preserve Gemini quota.
Morning verification: 6 overnight-queued trade(s) handed to Gemini for re-verification against fresh data.
News: fetched 158, 10 new after dedup, 0 ticker(s) matched.
Quant pre-screen: 30/60 candidates passed.
Gemini proposed 3 trade(s) meeting the conviction bar.
Gemini calls used today (all models combined): 415
  -> {"ticker": "HPE", "status": "skipped", "reason": "stale quote for HPE (8555.872739s old; limit 180s)", "shadow": false, "data_guard": true}
  -> {"ticker": "HPQ", "status": "skipped", "reason": "stale quote for HPQ (8557.049498s old; limit 180s)", "shadow": false, "data_guard": true}
  -> {"ticker": "GILD", "status": "skipped", "reason": "stale quote for GILD (8562.933003s old; limit 180s)", "shadow": false, "data_guard": true}
Overnight queue kept 12 idea(s) whose market data was stale; they will be retried after fresh quotes arrive.
Dashboard watchlist synced (3 symbols) for news/headlines.
Ending portfolio value: $99,311.19
Trade journal: all: 19 trades, 21% win rate, avg -2.19% | breakout: 1 trades, 0% win rate, avg -8.61% | other: 13 trades, 23% win rate, avg -1.93% | technical: 5 trades, 20% win rate, avg -1.58%
Self-learning: breakout: 1 trades, 0% win rate, avg -8.61% (LOSING) | other: 13 trades, 23% win rate, avg -1.93% (LOSING) | technical: 5 trades, 20% win rate, avg -1.58% (LOSING)
Performance: Total return +0.45% | Max drawdown 0.94% | Daily Sharpe 1.61 | 19 closed trades | Win rate 21% | Avg winner +1.83% | Avg loser -3.26% | Open positions: 0 | Equity $99,311.19
Engine P&L: legacy/unknown: realized $-1,705.68 (19 closed, 21% wins), unrealized $+0.00 (0 open) | Books: legacy: realized $-1,705.68, unrealized $+0.00
Reports: daily realized $+0.00; worst symbols none | weekly realized $+0.00; worst symbols none
Shadow report: 24093 shadow candidate(s), 92 rejection group(s)
Timings: account: 0.0s | risk: 0.2s | decide: 5.9s | watchlist: 0.1s | perf: 0.3s

=== Run at 2026-09-17T22:24:29.937854 ===
Build fingerprint: 4f68550affe5
Current time: 2026-09-17 06:24 PM EDT | Market open (per Alpaca): False | Session: EXTENDED
Account value: $99,311.19
Cash: $99,311.19 | Holdings (0): none
Sector exposure (cached): unavailable (no holdings)
Fill reconciliation: {'filled': 0, 'partial': 0, 'rejected': 1}
Risk state: peak $99,703.60 | drawdown 0.39% | today +0.00% | halted: False
Market regime: NEUTRAL (position-size multiplier: 100% incl. circuit breaker 100%)
Overnight queue deferred 6 known-stale idea(s) for 30 minutes to preserve Gemini quota.
Morning verification: 6 overnight-queued trade(s) handed to Gemini for re-verification against fresh data.
News: fetched 158, 0 new after dedup, 0 ticker(s) matched.
Quant pre-screen: 30/60 candidates passed.
Gemini proposed 2 trade(s) meeting the conviction bar.
Gemini calls used today (all models combined): 416
  -> {"ticker": "HPE", "status": "skipped", "reason": "stale quote for HPE (8675.712392s old; limit 180s)", "shadow": false, "data_guard": true}
  -> {"ticker": "GILD", "status": "skipped", "reason": "stale quote for GILD (8682.753473s old; limit 180s)", "shadow": false, "data_guard": true}
Overnight queue kept 12 idea(s) whose market data was stale; they will be retried after fresh quotes arrive.
Dashboard watchlist synced (2 symbols) for news/headlines.
Ending portfolio value: $99,311.19
Trade journal: all: 19 trades, 21% win rate, avg -2.19% | breakout: 1 trades, 0% win rate, avg -8.61% | other: 13 trades, 23% win rate, avg -1.93% | technical: 5 trades, 20% win rate, avg -1.58%
Self-learning: breakout: 1 trades, 0% win rate, avg -8.61% (LOSING) | other: 13 trades, 23% win rate, avg -1.93% (LOSING) | technical: 5 trades, 20% win rate, avg -1.58% (LOSING)
Performance: Total return +0.45% | Max drawdown 0.94% | Daily Sharpe 1.61 | 19 closed trades | Win rate 21% | Avg winner +1.83% | Avg loser -3.26% | Open positions: 0 | Equity $99,311.19
Engine P&L: legacy/unknown: realized $-1,705.68 (19 closed, 21% wins), unrealized $+0.00 (0 open) | Books: legacy: realized $-1,705.68, unrealized $+0.00
Reports: daily realized $+0.00; worst symbols none | weekly realized $+0.00; worst symbols none
Shadow report: 24095 shadow candidate(s), 94 rejection group(s)
Timings: account: 0.0s | risk: 0.4s | decide: 5.2s | watchlist: 0.1s | perf: 0.4s

=== Run at 2026-09-17T22:26:32.232522 ===
Build fingerprint: 4f68550affe5
Current time: 2026-09-17 06:26 PM EDT | Market open (per Alpaca): False | Session: EXTENDED
Account value: $99,311.19
Cash: $99,311.19 | Holdings (0): none
Sector exposure (cached): unavailable (no holdings)
Fill reconciliation: {'filled': 0, 'partial': 0, 'rejected': 1}
Risk state: peak $99,703.60 | drawdown 0.39% | today +0.00% | halted: False
Market regime: NEUTRAL (position-size multiplier: 100% incl. circuit breaker 100%)
Overnight queue deferred 6 known-stale idea(s) for 30 minutes to preserve Gemini quota.
Morning verification: 6 overnight-queued trade(s) handed to Gemini for re-verification against fresh data.
News: fetched 158, 0 new after dedup, 0 ticker(s) matched.
Quant pre-screen: 30/60 candidates passed.
Gemini proposed 2 trade(s) meeting the conviction bar.
Gemini calls used today (all models combined): 417
  -> {"ticker": "HPE", "status": "skipped", "reason": "stale quote for HPE (8798.85541s old; limit 180s)", "shadow": false, "data_guard": true}
  -> {"ticker": "GILD", "status": "skipped", "reason": "stale quote for GILD (8805.853937s old; limit 180s)", "shadow": false, "data_guard": true}
Overnight queue kept 12 idea(s) whose market data was stale; they will be retried after fresh quotes arrive.
Dashboard watchlist synced (2 symbols) for news/headlines.
Ending portfolio value: $99,311.19
Trade journal: all: 19 trades, 21% win rate, avg -2.19% | breakout: 1 trades, 0% win rate, avg -8.61% | other: 13 trades, 23% win rate, avg -1.93% | technical: 5 trades, 20% win rate, avg -1.58%
Self-learning: breakout: 1 trades, 0% win rate, avg -8.61% (LOSING) | other: 13 trades, 23% win rate, avg -1.93% (LOSING) | technical: 5 trades, 20% win rate, avg -1.58% (LOSING)
Performance: Total return +0.45% | Max drawdown 0.94% | Daily Sharpe 1.61 | 19 closed trades | Win rate 21% | Avg winner +1.83% | Avg loser -3.26% | Open positions: 0 | Equity $99,311.19
Engine P&L: legacy/unknown: realized $-1,705.68 (19 closed, 21% wins), unrealized $+0.00 (0 open) | Books: legacy: realized $-1,705.68, unrealized $+0.00
Reports: daily realized $+0.00; worst symbols none | weekly realized $+0.00; worst symbols none
Shadow report: 24097 shadow candidate(s), 96 rejection group(s)
Timings: account: 0.0s | risk: 0.3s | decide: 6.2s | watchlist: 0.1s | perf: 0.4s

=== Run at 2026-09-17T22:28:28.058089 ===
Build fingerprint: 4f68550affe5
Current time: 2026-09-17 06:28 PM EDT | Market open (per Alpaca): False | Session: EXTENDED
Account value: $99,311.19
Cash: $99,311.19 | Holdings (0): none
Sector exposure (cached): unavailable (no holdings)
Fill reconciliation: {'filled': 0, 'partial': 0, 'rejected': 1}
Risk state: peak $99,703.60 | drawdown 0.39% | today +0.00% | halted: False
Market regime: NEUTRAL (position-size multiplier: 100% incl. circuit breaker 100%)
Overnight queue deferred 5 known-stale idea(s) for 30 minutes to preserve Gemini quota.
Morning verification: 7 overnight-queued trade(s) handed to Gemini for re-verification against fresh data.
News: fetched 158, 1 new after dedup, 0 ticker(s) matched.
Quant pre-screen: 30/60 candidates passed.
Gemini proposed 1 trade(s) meeting the conviction bar.
Gemini calls used today (all models combined): 418
  -> {"ticker": "HPE", "status": "skipped", "reason": "stale quote for HPE (8916.209631s old; limit 180s)", "shadow": false, "data_guard": true}
Overnight queue kept 12 idea(s) whose market data was stale; they will be retried after fresh quotes arrive.
Dashboard watchlist synced (1 symbols) for news/headlines.
Ending portfolio value: $99,311.19
Trade journal: all: 19 trades, 21% win rate, avg -2.19% | breakout: 1 trades, 0% win rate, avg -8.61% | other: 13 trades, 23% win rate, avg -1.93% | technical: 5 trades, 20% win rate, avg -1.58%
Self-learning: breakout: 1 trades, 0% win rate, avg -8.61% (LOSING) | other: 13 trades, 23% win rate, avg -1.93% (LOSING) | technical: 5 trades, 20% win rate, avg -1.58% (LOSING)
Performance: Total return +0.45% | Max drawdown 0.94% | Daily Sharpe 1.61 | 19 closed trades | Win rate 21% | Avg winner +1.83% | Avg loser -3.26% | Open positions: 0 | Equity $99,311.19
Engine P&L: legacy/unknown: realized $-1,705.68 (19 closed, 21% wins), unrealized $+0.00 (0 open) | Books: legacy: realized $-1,705.68, unrealized $+0.00
Reports: daily realized $+0.00; worst symbols none | weekly realized $+0.00; worst symbols none
Shadow report: 24098 shadow candidate(s), 96 rejection group(s)
Timings: account: 0.0s | risk: 0.4s | decide: 7.3s | watchlist: 0.2s | perf: 0.4s

=== Run at 2026-09-17T22:30:37.406120 ===
Build fingerprint: 4f68550affe5
Current time: 2026-09-17 06:30 PM EDT | Market open (per Alpaca): False | Session: EXTENDED
Account value: $99,311.19
Cash: $99,311.19 | Holdings (0): none
Sector exposure (cached): unavailable (no holdings)
Fill reconciliation: {'filled': 0, 'partial': 0, 'rejected': 1}
Risk state: peak $99,703.60 | drawdown 0.39% | today +0.00% | halted: False
Market regime: NEUTRAL (position-size multiplier: 100% incl. circuit breaker 100%)
Overnight queue deferred 5 known-stale idea(s) for 30 minutes to preserve Gemini quota.
Morning verification: 7 overnight-queued trade(s) handed to Gemini for re-verification against fresh data.
News: fetched 158, 1 new after dedup, 0 ticker(s) matched.
Quant pre-screen: 30/60 candidates passed.
Gemini proposed 2 trade(s) meeting the conviction bar.
Gemini calls used today (all models combined): 419
  -> {"ticker": "HPE", "status": "skipped", "reason": "stale quote for HPE (9044.305416s old; limit 180s)", "shadow": false, "data_guard": true}
  -> {"ticker": "FTNT", "status": "skipped", "reason": "stale quote for FTNT (9050.296951s old; limit 180s)", "shadow": false, "data_guard": true}
Overnight queue kept 12 idea(s) whose market data was stale; they will be retried after fresh quotes arrive.
Dashboard watchlist synced (2 symbols) for news/headlines.
Ending portfolio value: $99,311.19
Trade journal: all: 19 trades, 21% win rate, avg -2.19% | breakout: 1 trades, 0% win rate, avg -8.61% | other: 13 trades, 23% win rate, avg -1.93% | technical: 5 trades, 20% win rate, avg -1.58%
Self-learning: breakout: 1 trades, 0% win rate, avg -8.61% (LOSING) | other: 13 trades, 23% win rate, avg -1.93% (LOSING) | technical: 5 trades, 20% win rate, avg -1.58% (LOSING)
Performance: Total return +0.45% | Max drawdown 0.94% | Daily Sharpe 1.61 | 19 closed trades | Win rate 21% | Avg winner +1.83% | Avg loser -3.26% | Open positions: 0 | Equity $99,311.19
Engine P&L: legacy/unknown: realized $-1,705.68 (19 closed, 21% wins), unrealized $+0.00 (0 open) | Books: legacy: realized $-1,705.68, unrealized $+0.00
Reports: daily realized $+0.00; worst symbols none | weekly realized $+0.00; worst symbols none
Shadow report: 24100 shadow candidate(s), 98 rejection group(s)
Timings: account: 0.0s | risk: 0.4s | decide: 6.4s | watchlist: 0.1s | perf: 0.4s

=== Run at 2026-09-17T22:32:27.682845 ===
Build fingerprint: 4f68550affe5
Current time: 2026-09-17 06:32 PM EDT | Market open (per Alpaca): False | Session: EXTENDED
Account value: $99,311.19
Cash: $99,311.19 | Holdings (0): none
Sector exposure (cached): unavailable (no holdings)
Fill reconciliation: {'filled': 0, 'partial': 0, 'rejected': 1}
Risk state: peak $99,703.60 | drawdown 0.39% | today +0.00% | halted: False
Market regime: NEUTRAL (position-size multiplier: 100% incl. circuit breaker 100%)
Overnight queue deferred 6 known-stale idea(s) for 30 minutes to preserve Gemini quota.
Morning verification: 6 overnight-queued trade(s) handed to Gemini for re-verification against fresh data.
News: fetched 158, 0 new after dedup, 0 ticker(s) matched.
Quant pre-screen: 30/60 candidates passed.
Gemini proposed 2 trade(s) meeting the conviction bar.
Gemini calls used today (all models combined): 420
  -> {"ticker": "HPE", "status": "skipped", "reason": "stale quote for HPE (9151.303211s old; limit 180s)", "shadow": false, "data_guard": true}
  -> {"ticker": "GILD", "status": "skipped", "reason": "stale quote for GILD (9158.115865s old; limit 180s)", "shadow": false, "data_guard": true}
Overnight queue kept 12 idea(s) whose market data was stale; they will be retried after fresh quotes arrive.
Dashboard watchlist synced (2 symbols) for news/headlines.
Ending portfolio value: $99,311.19
Trade journal: all: 19 trades, 21% win rate, avg -2.19% | breakout: 1 trades, 0% win rate, avg -8.61% | other: 13 trades, 23% win rate, avg -1.93% | technical: 5 trades, 20% win rate, avg -1.58%
Self-learning: breakout: 1 trades, 0% win rate, avg -8.61% (LOSING) | other: 13 trades, 23% win rate, avg -1.93% (LOSING) | technical: 5 trades, 20% win rate, avg -1.58% (LOSING)
Performance: Total return +0.45% | Max drawdown 0.94% | Daily Sharpe 1.61 | 19 closed trades | Win rate 21% | Avg winner +1.83% | Avg loser -3.26% | Open positions: 0 | Equity $99,311.19
Engine P&L: legacy/unknown: realized $-1,705.68 (19 closed, 21% wins), unrealized $+0.00 (0 open) | Books: legacy: realized $-1,705.68, unrealized $+0.00
Reports: daily realized $+0.00; worst symbols none | weekly realized $+0.00; worst symbols none
Shadow report: 24102 shadow candidate(s), 100 rejection group(s)
Timings: account: 0.0s | risk: 0.1s | decide: 3.4s | watchlist: 0.0s | perf: 0.3s

=== Run at 2026-09-17T22:34:29.553599 ===
Build fingerprint: 4f68550affe5
Current time: 2026-09-17 06:34 PM EDT | Market open (per Alpaca): False | Session: EXTENDED
Account value: $99,311.19
Cash: $99,311.19 | Holdings (0): none
Sector exposure (cached): unavailable (no holdings)
Fill reconciliation: {'filled': 0, 'partial': 0, 'rejected': 1}
Risk state: peak $99,703.60 | drawdown 0.39% | today +0.00% | halted: False
Market regime: NEUTRAL (position-size multiplier: 100% incl. circuit breaker 100%)
Overnight queue deferred 6 known-stale idea(s) for 30 minutes to preserve Gemini quota.
Morning verification: 6 overnight-queued trade(s) handed to Gemini for re-verification against fresh data.
News: fetched 158, 2 new after dedup, 0 ticker(s) matched.
Quant pre-screen: 30/60 candidates passed.
Gemini proposed 2 trade(s) meeting the conviction bar.
Gemini calls used today (all models combined): 421
  -> {"ticker": "HPE", "status": "skipped", "reason": "stale quote for HPE (9272.186995s old; limit 180s)", "shadow": false, "data_guard": true}
  -> {"ticker": "GILD", "status": "skipped", "reason": "stale quote for GILD (9278.985868s old; limit 180s)", "shadow": false, "data_guard": true}
Overnight queue kept 12 idea(s) whose market data was stale; they will be retried after fresh quotes arrive.
Dashboard watchlist synced (2 symbols) for news/headlines.
Ending portfolio value: $99,311.19
Trade journal: all: 19 trades, 21% win rate, avg -2.19% | breakout: 1 trades, 0% win rate, avg -8.61% | other: 13 trades, 23% win rate, avg -1.93% | technical: 5 trades, 20% win rate, avg -1.58%
Self-learning: breakout: 1 trades, 0% win rate, avg -8.61% (LOSING) | other: 13 trades, 23% win rate, avg -1.93% (LOSING) | technical: 5 trades, 20% win rate, avg -1.58% (LOSING)
Performance: Total return +0.45% | Max drawdown 0.94% | Daily Sharpe 1.61 | 19 closed trades | Win rate 21% | Avg winner +1.83% | Avg loser -3.26% | Open positions: 0 | Equity $99,311.19
Engine P&L: legacy/unknown: realized $-1,705.68 (19 closed, 21% wins), unrealized $+0.00 (0 open) | Books: legacy: realized $-1,705.68, unrealized $+0.00
Reports: daily realized $+0.00; worst symbols none | weekly realized $+0.00; worst symbols none
Shadow report: 24104 shadow candidate(s), 102 rejection group(s)
Timings: account: 0.0s | risk: 0.0s | decide: 2.5s | watchlist: 0.0s | perf: 0.3s

=== Run at 2026-09-17T22:36:35.624678 ===
Build fingerprint: 4f68550affe5
Current time: 2026-09-17 06:36 PM EDT | Market open (per Alpaca): False | Session: EXTENDED
Account value: $99,311.19
Cash: $99,311.19 | Holdings (0): none
Sector exposure (cached): unavailable (no holdings)
Fill reconciliation: {'filled': 0, 'partial': 0, 'rejected': 1}
Risk state: peak $99,703.60 | drawdown 0.39% | today +0.00% | halted: False
Market regime: NEUTRAL (position-size multiplier: 100% incl. circuit breaker 100%)
Overnight queue deferred 6 known-stale idea(s) for 30 minutes to preserve Gemini quota.
Morning verification: 6 overnight-queued trade(s) handed to Gemini for re-verification against fresh data.
News: fetched 158, 2 new after dedup, 1 ticker(s) matched.
Quant pre-screen: 26/52 candidates passed.
Gemini proposed 3 trade(s) meeting the conviction bar.
Gemini calls used today (all models combined): 422
  -> {"ticker": "EG", "status": "skipped", "reason": "stale quote for EG (9421.912705s old; limit 180s)", "shadow": false, "data_guard": true}
  -> {"ticker": "ELV", "status": "skipped", "reason": "stale quote for ELV (9406.107239s old; limit 180s)", "shadow": false, "data_guard": true}
  -> {"ticker": "HPE", "status": "skipped", "reason": "stale quote for HPE (9406.115697s old; limit 180s)", "shadow": false, "data_guard": true}
Overnight queue kept 12 idea(s) whose market data was stale; they will be retried after fresh quotes arrive.
Dashboard watchlist synced (4 symbols) for news/headlines.
Ending portfolio value: $99,311.19
Trade journal: all: 19 trades, 21% win rate, avg -2.19% | breakout: 1 trades, 0% win rate, avg -8.61% | other: 13 trades, 23% win rate, avg -1.93% | technical: 5 trades, 20% win rate, avg -1.58%
Self-learning: breakout: 1 trades, 0% win rate, avg -8.61% (LOSING) | other: 13 trades, 23% win rate, avg -1.93% (LOSING) | technical: 5 trades, 20% win rate, avg -1.58% (LOSING)
Performance: Total return +0.45% | Max drawdown 0.94% | Daily Sharpe 1.61 | 19 closed trades | Win rate 21% | Avg winner +1.83% | Avg loser -3.26% | Open positions: 0 | Equity $99,311.19
Engine P&L: legacy/unknown: realized $-1,705.68 (19 closed, 21% wins), unrealized $+0.00 (0 open) | Books: legacy: realized $-1,705.68, unrealized $+0.00
Reports: daily realized $+0.00; worst symbols none | weekly realized $+0.00; worst symbols none
Shadow report: 24107 shadow candidate(s), 105 rejection group(s)
Timings: account: 0.0s | risk: 0.3s | decide: 9.6s | watchlist: 0.1s | perf: 0.3s

=== Run at 2026-09-17T22:38:28.588759 ===
Build fingerprint: 4f68550affe5
Current time: 2026-09-17 06:38 PM EDT | Market open (per Alpaca): False | Session: EXTENDED
Account value: $99,311.19
Cash: $99,311.19 | Holdings (0): none
Sector exposure (cached): unavailable (no holdings)
Fill reconciliation: {'filled': 0, 'partial': 0, 'rejected': 1}
Risk state: peak $99,703.60 | drawdown 0.39% | today +0.00% | halted: False
Market regime: NEUTRAL (position-size multiplier: 100% incl. circuit breaker 100%)
Overnight queue deferred 8 known-stale idea(s) for 30 minutes to preserve Gemini quota.
Morning verification: 4 overnight-queued trade(s) handed to Gemini for re-verification against fresh data.
News: fetched 158, 0 new after dedup, 0 ticker(s) matched.
Quant pre-screen: 30/60 candidates passed.
Gemini proposed 2 trade(s) meeting the conviction bar.
Gemini calls used today (all models combined): 423
  -> {"ticker": "HPE", "status": "skipped", "reason": "stale quote for HPE (9512.101407s old; limit 180s)", "shadow": false, "data_guard": true}
  -> {"ticker": "GILD", "status": "skipped", "reason": "stale quote for GILD (9518.909194s old; limit 180s)", "shadow": false, "data_guard": true}
Overnight queue kept 12 idea(s) whose market data was stale; they will be retried after fresh quotes arrive.
Dashboard watchlist synced (2 symbols) for news/headlines.
Ending portfolio value: $99,311.19
Trade journal: all: 19 trades, 21% win rate, avg -2.19% | breakout: 1 trades, 0% win rate, avg -8.61% | other: 13 trades, 23% win rate, avg -1.93% | technical: 5 trades, 20% win rate, avg -1.58%
Self-learning: breakout: 1 trades, 0% win rate, avg -8.61% (LOSING) | other: 13 trades, 23% win rate, avg -1.93% (LOSING) | technical: 5 trades, 20% win rate, avg -1.58% (LOSING)
Performance: Total return +0.45% | Max drawdown 0.94% | Daily Sharpe 1.61 | 19 closed trades | Win rate 21% | Avg winner +1.83% | Avg loser -3.26% | Open positions: 0 | Equity $99,311.19
Engine P&L: legacy/unknown: realized $-1,705.68 (19 closed, 21% wins), unrealized $+0.00 (0 open) | Books: legacy: realized $-1,705.68, unrealized $+0.00
Reports: daily realized $+0.00; worst symbols none | weekly realized $+0.00; worst symbols none
Shadow report: 24109 shadow candidate(s), 107 rejection group(s)
Timings: account: 0.0s | risk: 0.1s | decide: 3.3s | watchlist: 0.0s | perf: 0.3s

=== Run at 2026-09-17T22:40:29.967129 ===
Build fingerprint: 4f68550affe5
Current time: 2026-09-17 06:40 PM EDT | Market open (per Alpaca): False | Session: EXTENDED
Account value: $99,311.19
Cash: $99,311.19 | Holdings (0): none
Sector exposure (cached): unavailable (no holdings)
Fill reconciliation: {'filled': 0, 'partial': 0, 'rejected': 1}
Risk state: peak $99,703.60 | drawdown 0.39% | today +0.00% | halted: False
Market regime: NEUTRAL (position-size multiplier: 100% incl. circuit breaker 100%)
Overnight queue deferred 7 known-stale idea(s) for 30 minutes to preserve Gemini quota.
Morning verification: 5 overnight-queued trade(s) handed to Gemini for re-verification against fresh data.
News: fetched 158, 0 new after dedup, 0 ticker(s) matched.
Quant pre-screen: 30/60 candidates passed.
Gemini proposed 3 trade(s) meeting the conviction bar.
Gemini calls used today (all models combined): 424
  -> {"ticker": "HPE", "status": "skipped", "reason": "stale quote for HPE (9633.277261s old; limit 180s)", "shadow": false, "data_guard": true}
  -> {"ticker": "HPQ", "status": "skipped", "reason": "stale quote for HPQ (9634.3764s old; limit 180s)", "shadow": false, "data_guard": true}
  -> {"ticker": "GILD", "status": "skipped", "reason": "stale quote for GILD (9640.170128s old; limit 180s)", "shadow": false, "data_guard": true}
Overnight queue kept 12 idea(s) whose market data was stale; they will be retried after fresh quotes arrive.
Dashboard watchlist synced (3 symbols) for news/headlines.
Ending portfolio value: $99,311.19
Trade journal: all: 19 trades, 21% win rate, avg -2.19% | breakout: 1 trades, 0% win rate, avg -8.61% | other: 13 trades, 23% win rate, avg -1.93% | technical: 5 trades, 20% win rate, avg -1.58%
Self-learning: breakout: 1 trades, 0% win rate, avg -8.61% (LOSING) | other: 13 trades, 23% win rate, avg -1.93% (LOSING) | technical: 5 trades, 20% win rate, avg -1.58% (LOSING)
Performance: Total return +0.45% | Max drawdown 0.94% | Daily Sharpe 1.61 | 19 closed trades | Win rate 21% | Avg winner +1.83% | Avg loser -3.26% | Open positions: 0 | Equity $99,311.19
Engine P&L: legacy/unknown: realized $-1,705.68 (19 closed, 21% wins), unrealized $+0.00 (0 open) | Books: legacy: realized $-1,705.68, unrealized $+0.00
Reports: daily realized $+0.00; worst symbols none | weekly realized $+0.00; worst symbols none
Shadow report: 24112 shadow candidate(s), 110 rejection group(s)
Timings: account: 0.0s | risk: 0.1s | decide: 3.2s | watchlist: 0.0s | perf: 0.3s

