ter position cap ($14,900.40), room ($9,933.60), regime multiplier (100%), and cash reserve ($4,966.80 kept of $2,352.38 cash)"}
  -> {"ticker": "HAL", "status": "skipped", "reason": "below minimum trade size ($25) after position cap ($14,900.40), room ($9,933.60), regime multiplier (100%), and cash reserve ($4,966.80 kept of $2,352.38 cash)"}
  -> {"ticker": "RF", "status": "skipped", "reason": "below minimum trade size ($25) after position cap ($14,900.40), room ($9,933.60), regime multiplier (100%), and cash reserve ($4,966.80 kept of $2,352.38 cash)"}
  -> {"ticker": "RJF", "status": "skipped", "reason": "below minimum trade size ($25) after position cap ($14,900.40), room ($9,933.60), regime multiplier (100%), and cash reserve ($4,966.80 kept of $2,352.38 cash)"}
  -> {"ticker": "RL", "status": "skipped", "reason": "below minimum trade size ($25) after position cap ($14,900.40), room ($9,933.60), regime multiplier (100%), and cash reserve ($4,966.80 kept of $2,352.38 cash)"}
  -> {"ticker": "RMD", "status": "skipped", "reason": "below minimum trade size ($25) after position cap ($14,900.40), room ($9,933.60), regime multiplier (100%), and cash reserve ($4,966.80 kept of $2,352.38 cash)"}
  -> {"ticker": "ROP", "status": "skipped", "reason": "below minimum trade size ($25) after position cap ($14,900.40), room ($9,933.60), regime multiplier (100%), and cash reserve ($4,966.80 kept of $2,352.38 cash)"}
  -> {"ticker": "ROST", "status": "skipped", "reason": "below minimum trade size ($25) after position cap ($14,900.40), room ($9,933.60), regime multiplier (100%), and cash reserve ($4,966.80 kept of $2,352.38 cash)"}
  -> {"ticker": "RSG", "status": "skipped", "reason": "below minimum trade size ($25) after position cap ($14,900.40), room ($9,933.60), regime multiplier (100%), and cash reserve ($4,966.80 kept of $2,352.38 cash)"}
  -> {"ticker": "RTX", "status": "skipped", "reason": "below minimum trade size ($25) after position cap ($14,900.40), room ($9,933.60), regime multiplier (100%), and cash reserve ($4,966.80 kept of $2,352.38 cash)"}
  -> {"ticker": "RVTY", "status": "skipped", "reason": "below minimum trade size ($25) after position cap ($14,900.40), room ($9,933.60), regime multiplier (100%), and cash reserve ($4,966.80 kept of $2,352.38 cash)"}
  -> {"ticker": "SBAC", "status": "skipped", "reason": "below minimum trade size ($25) after position cap ($14,900.40), room ($9,933.60), regime multiplier (100%), and cash reserve ($4,966.80 kept of $2,352.38 cash)"}
  -> {"ticker": "SBUX", "status": "skipped", "reason": "below minimum trade size ($25) after position cap ($14,900.40), room ($9,933.60), regime multiplier (100%), and cash reserve ($4,966.80 kept of $2,352.38 cash)"}
  -> {"ticker": "SCHW", "status": "skipped", "reason": "below minimum trade size ($25) after position cap ($14,900.40), room ($9,933.60), regime multiplier (100%), and cash reserve ($4,966.80 kept of $2,352.38 cash)"}
  -> {"ticker": "SHW", "status": "skipped", "reason": "below minimum trade size ($25) after position cap ($14,900.40), room ($9,933.60), regime multiplier (100%), and cash reserve ($4,966.80 kept of $2,352.38 cash)"}
  -> {"ticker": "SJM", "status": "skipped", "reason": "below minimum trade size ($25) after position cap ($14,900.40), room ($9,933.60), regime multiplier (100%), and cash reserve ($4,966.80 kept of $2,352.38 cash)"}
  -> {"ticker": "SLB", "status": "skipped", "reason": "below minimum trade size ($25) after position cap ($14,900.40), room ($9,933.60), regime multiplier (100%), and cash reserve ($4,966.80 kept of $2,352.38 cash)"}
  -> {"ticker": "SMCI", "status": "skipped", "reason": "below minimum trade size ($25) after position cap ($14,900.40), room ($9,933.60), regime multiplier (100%), and cash reserve ($4,966.80 kept of $2,352.38 cash)"}
  -> {"ticker": "SNDK", "status": "skipped", "reason": "below minimum trade size ($25) after position cap ($14,900.40), room ($9,933.60), regime multiplier (100%), and cash reserve ($4,966.80 kept of $2,352.38 cash)"}
  -> {"ticker": "SNPS", "status": "skipped", "reason": "below minimum trade size ($25) after position cap ($14,900.40), room ($9,933.60), regime multiplier (100%), and cash reserve ($4,966.80 kept of $2,352.38 cash)"}
  -> {"ticker": "SOLV", "status": "skipped", "reason": "below minimum trade size ($25) after position cap ($14,900.40), room ($9,933.60), regime multiplier (100%), and cash reserve ($4,966.80 kept of $2,352.38 cash)"}
  -> {"ticker": "STE", "status": "skipped", "reason": "below minimum trade size ($25) after position cap ($14,900.40), room ($9,933.60), regime multiplier (100%), and cash reserve ($4,966.80 kept of $2,352.38 cash)"}
  -> {"ticker": "STT", "status": "skipped", "reason": "below minimum trade size ($25) after position cap ($14,900.40), room ($9,933.60), regime multiplier (100%), and cash reserve ($4,966.80 kept of $2,352.38 cash)"}
  -> {"ticker": "STX", "status": "skipped", "reason": "below minimum trade size ($25) after position cap ($14,900.40), room ($9,933.60), regime multiplier (100%), and cash reserve ($4,966.80 kept of $2,352.38 cash)"}
  -> {"ticker": "STZ", "status": "skipped", "reason": "below minimum trade size ($25) after position cap ($14,900.40), room ($9,933.60), regime multiplier (100%), and cash reserve ($4,966.80 kept of $2,352.38 cash)"}
  -> {"ticker": "SW", "status": "skipped", "reason": "below minimum trade size ($25) after position cap ($14,900.40), room ($9,933.60), regime multiplier (100%), and cash reserve ($4,966.80 kept of $2,352.38 cash)"}
  -> {"ticker": "SWK", "status": "skipped", "reason": "below minimum trade size ($25) after position cap ($14,900.40), room ($9,933.60), regime multiplier (100%), and cash reserve ($4,966.80 kept of $2,352.38 cash)"}
  -> {"ticker": "SWKS", "status": "skipped", "reason": "below minimum trade size ($25) after position cap ($14,900.40), room ($9,933.60), regime multiplier (100%), and cash reserve ($4,966.80 kept of $2,352.38 cash)"}
  -> {"ticker": "SYF", "status": "skipped", "reason": "below minimum trade size ($25) after position cap ($14,900.40), room ($9,933.60), regime multiplier (100%), and cash reserve ($4,966.80 kept of $2,352.38 cash)"}
  -> {"ticker": "SYK", "status": "skipped", "reason": "below minimum trade size ($25) after position cap ($14,900.40), room ($9,933.60), regime multiplier (100%), and cash reserve ($4,966.80 kept of $2,352.38 cash)"}
  -> {"ticker": "T", "status": "skipped", "reason": "below minimum trade size ($25) after position cap ($14,900.40), room ($9,933.60), regime multiplier (100%), and cash reserve ($4,966.80 kept of $2,352.38 cash)"}
  -> {"ticker": "TAP", "status": "skipped", "reason": "below minimum trade size ($25) after position cap ($14,900.40), room ($9,933.60), regime multiplier (100%), and cash reserve ($4,966.80 kept of $2,352.38 cash)"}
  -> {"ticker": "TDY", "status": "skipped", "reason": "below minimum trade size ($25) after position cap ($14,900.40), room ($9,933.60), regime multiplier (100%), and cash reserve ($4,966.80 kept of $2,352.38 cash)"}
  -> {"ticker": "TEL", "status": "skipped", "reason": "below minimum trade size ($25) after position cap ($14,900.40), room ($9,933.60), regime multiplier (100%), and cash reserve ($4,966.80 kept of $2,352.38 cash)"}
  -> {"ticker": "TER", "status": "skipped", "reason": "below minimum trade size ($25) after position cap ($14,900.40), room ($9,933.60), regime multiplier (100%), and cash reserve ($4,966.80 kept of $2,352.38 cash)"}
  -> {"ticker": "TFC", "status": "skipped", "reason": "below minimum trade size ($25) after position cap ($14,900.40), room ($9,933.60), regime multiplier (100%), and cash reserve ($4,966.80 kept of $2,352.38 cash)"}
  -> {"ticker": "TGT", "status": "skipped", "reason": "below minimum trade size ($25) after position cap ($14,900.40), room ($9,933.60), regime multiplier (100%), and cash reserve ($4,966.80 kept of $2,352.38 cash)"}
  -> {"ticker": "TKO", "status": "skipped", "reason": "below minimum trade size ($25) after position cap ($14,900.40), room ($9,933.60), regime multiplier (100%), and cash reserve ($4,966.80 kept of $2,352.38 cash)"}
  -> {"ticker": "TMO", "status": "skipped", "reason": "below minimum trade size ($25) after position cap ($14,900.40), room ($9,933.60), regime multiplier (100%), and cash reserve ($4,966.80 kept of $2,352.38 cash)"}
  -> {"ticker": "TMUS", "status": "skipped", "reason": "below minimum trade size ($25) after position cap ($14,900.40), room ($9,933.60), regime multiplier (100%), and cash reserve ($4,966.80 kept of $2,352.38 cash)"}
  -> {"ticker": "TRGP", "status": "skipped", "reason": "below minimum trade size ($25) after position cap ($14,900.40), room ($9,933.60), regime multiplier (100%), and cash reserve ($4,966.80 kept of $2,352.38 cash)"}
  -> {"ticker": "TRMB", "status": "skipped", "reason": "below minimum trade size ($25) after position cap ($14,900.40), room ($9,933.60), regime multiplier (100%), and cash reserve ($4,966.80 kept of $2,352.38 cash)"}
  -> {"ticker": "TSCO", "status": "skipped", "reason": "below minimum trade size ($25) after position cap ($14,900.40), room ($9,933.60), regime multiplier (100%), and cash reserve ($4,966.80 kept of $2,352.38 cash)"}
  -> {"ticker": "TSLA", "status": "skipped", "reason": "below minimum trade size ($25) after position cap ($14,900.40), room ($9,933.60), regime multiplier (100%), and cash reserve ($4,966.80 kept of $2,352.38 cash)"}
Overnight queue KEPT for next run (Gemini did not verify this round -- technical fallback or decision failure); will re-verify when available.
Run budget spent -- skipping dashboard watchlist sync.
Run budget spent -- skipping performance snapshot.
Trade journal: no closed trades yet
Performance: Total return -0.49% | Max drawdown 12.37% | Daily Sharpe 0.26 | Open positions: 14 | Equity $99,336.03
Timings: account: 0.0s | risk: 6.9s | decide: 49.8s | watchlist: 0.0s | perf: 0.0s

=== Run at 2026-08-14T15:28:26.391319 ===
Current time: 2026-08-14 11:28 AM EDT | Market open (per Alpaca): True | Session: REGULAR
Account value: $99,373.31
Cash: $2,352.38 | Holdings (14): {'CEG': '35.6034 sh (+1.73%)', 'CHD': '97.9637 sh (-0.52%)', 'COHR': '7.9896 sh (-5.24%)', 'CVX': '24.8836 sh (+1.38%)', 'GEHC': '0.6136 sh (-0.40%)', 'IVZ': '306.9138 sh (+1.00%)', 'LMT': '16.3555 sh (+0.09%)', 'MS': '43.8344 sh (-1.62%)', 'MSI': '21.1281 sh (-1.14%)', 'NUE': '36.5544 sh (-0.70%)', 'NVDA': '44.2888 sh (+0.53%)', 'NWS': '303.7199 sh (+1.41%)', 'STLD': '0.9216 sh (-1.26%)', 'WSM': '0.1026 sh (-0.87%)'}
Risk state: peak $99,703.60 | drawdown 0.33% | today +0.12% | halted: False
Market regime: NEUTRAL (position-size multiplier: 100% incl. circuit breaker 100%)
News: fetched 120, 1 new after dedup, 0 ticker(s) matched.
Quant pre-screen: 44/60 candidates passed.
Gemini proposed 2 trade(s) meeting the conviction bar.
Gemini calls used today (all models combined): 227
  -> {"ticker": "TDY", "status": "skipped", "reason": "below minimum trade size ($25) after position cap ($14,906.00), room ($9,937.33), regime multiplier (100%), and cash reserve ($4,968.67 kept of $2,352.38 cash)"}
  -> {"ticker": "TEL", "status": "skipped", "reason": "below minimum trade size ($25) after position cap ($14,906.00), room ($9,937.33), regime multiplier (100%), and cash reserve ($4,968.67 kept of $2,352.38 cash)"}
Overnight queue cleared after verification.
Dashboard watchlist synced (16 symbols) for news/headlines.
Ending portfolio value: $99,362.80
Trade journal: no closed trades yet
Performance: Total return -0.47% | Max drawdown 12.37% | Daily Sharpe 0.26 | Open positions: 14 | Equity $99,373.31
Timings: account: 0.0s | risk: 2.9s | decide: 9.8s | watchlist: 0.0s | perf: 0.1s

=== Run at 2026-08-14T15:30:31.881539 ===
Current time: 2026-08-14 11:30 AM EDT | Market open (per Alpaca): True | Session: REGULAR
Account value: $99,407.69
Cash: $2,352.38 | Holdings (14): {'CEG': '35.6034 sh (+1.86%)', 'CHD': '97.9637 sh (-0.56%)', 'COHR': '7.9896 sh (-4.96%)', 'CVX': '24.8836 sh (+1.45%)', 'GEHC': '0.6136 sh (-0.29%)', 'IVZ': '306.9138 sh (+0.92%)', 'LMT': '16.3555 sh (+0.10%)', 'MS': '43.8344 sh (-1.60%)', 'MSI': '21.1281 sh (-1.12%)', 'NUE': '36.5544 sh (-0.65%)', 'NVDA': '44.2888 sh (+0.62%)', 'NWS': '303.7199 sh (+1.43%)', 'STLD': '0.9216 sh (-1.26%)', 'WSM': '0.1026 sh (-0.92%)'}
Risk state: peak $99,703.60 | drawdown 0.30% | today +0.15% | halted: False
Market regime: NEUTRAL (position-size multiplier: 100% incl. circuit breaker 100%)
News: fetched 155, 1 new after dedup, 0 ticker(s) matched.
Quant pre-screen: 44/60 candidates passed.
Gemini proposed 1 trade(s) meeting the conviction bar.
Gemini calls used today (all models combined): 228
  -> {"ticker": "TDY", "status": "skipped", "reason": "below minimum trade size ($25) after position cap ($14,911.15), room ($9,940.77), regime multiplier (100%), and cash reserve ($2,485.19 kept of $2,352.38 cash)"}
Overnight queue cleared after verification.
Dashboard watchlist synced (15 symbols) for news/headlines.
Ending portfolio value: $99,419.46
Trade journal: no closed trades yet
Performance: Total return -0.41% | Max drawdown 12.37% | Daily Sharpe 0.27 | Open positions: 14 | Equity $99,407.69
Timings: account: 0.0s | risk: 6.6s | decide: 1.7s | watchlist: 0.0s | perf: 0.1s

=== Run at 2026-08-14T15:32:24.563443 ===
Current time: 2026-08-14 11:32 AM EDT | Market open (per Alpaca): True | Session: REGULAR
Account value: $99,392.26
Cash: $2,352.38 | Holdings (14): {'CEG': '35.6034 sh (+1.90%)', 'CHD': '97.9637 sh (-0.50%)', 'COHR': '7.9896 sh (-4.93%)', 'CVX': '24.8836 sh (+1.49%)', 'GEHC': '0.6136 sh (-0.36%)', 'IVZ': '306.9138 sh (+0.78%)', 'LMT': '16.3555 sh (+0.11%)', 'MS': '43.8344 sh (-1.66%)', 'MSI': '21.1281 sh (-0.95%)', 'NUE': '36.5544 sh (-0.80%)', 'NVDA': '44.2888 sh (+0.53%)', 'NWS': '303.7199 sh (+1.41%)', 'STLD': '0.9216 sh (-1.45%)', 'WSM': '0.1026 sh (-0.92%)'}
Risk state: peak $99,703.60 | drawdown 0.31% | today +0.14% | halted: False
Market regime: NEUTRAL (position-size multiplier: 100% incl. circuit breaker 100%)
News: fetched 156, 17 new after dedup, 1 ticker(s) matched.
Quant pre-screen: 41/61 candidates passed.
Gemini proposed 1 trade(s) meeting the conviction bar.
Gemini calls used today (all models combined): 229
  -> {"ticker": "DAL", "status": "skipped", "reason": "below minimum trade size ($25) after position cap ($14,908.84), room ($9,939.23), regime multiplier (100%), and cash reserve ($2,484.81 kept of $2,352.38 cash)"}
Overnight queue cleared after verification.
Dashboard watchlist synced (16 symbols) for news/headlines.
Ending portfolio value: $99,423.02
Trade journal: no closed trades yet
Performance: Total return -0.41% | Max drawdown 12.37% | Daily Sharpe 0.28 | Open positions: 14 | Equity $99,392.26
Timings: account: 0.0s | risk: 9.8s | decide: 5.8s | watchlist: 0.1s | perf: 0.1s

=== Run at 2026-08-14T15:34:25.393821 ===
Current time: 2026-08-14 11:34 AM EDT | Market open (per Alpaca): True | Session: REGULAR
Account value: $99,409.01
Cash: $2,352.38 | Holdings (14): {'CEG': '35.6034 sh (+1.90%)', 'CHD': '97.9637 sh (-0.54%)', 'COHR': '7.9896 sh (-5.25%)', 'CVX': '24.8836 sh (+1.49%)', 'GEHC': '0.6136 sh (-0.41%)', 'IVZ': '306.9138 sh (+0.89%)', 'LMT': '16.3555 sh (+0.11%)', 'MS': '43.8344 sh (-1.66%)', 'MSI': '21.1281 sh (-0.89%)', 'NUE': '36.5544 sh (-0.65%)', 'NVDA': '44.2888 sh (+0.49%)', 'NWS': '303.7199 sh (+1.41%)', 'STLD': '0.9216 sh (-1.20%)', 'WSM': '0.1026 sh (-0.88%)'}
Risk state: peak $99,703.60 | drawdown 0.30% | today +0.16% | halted: False
Market regime: NEUTRAL (position-size multiplier: 100% incl. circuit breaker 100%)
News: fetched 156, 3 new after dedup, 0 ticker(s) matched.
Quant pre-screen: 44/60 candidates passed.
Gemini proposed 3 trade(s) meeting the conviction bar.
Gemini calls used today (all models combined): 230
  -> {"ticker": "HAL", "status": "skipped", "reason": "below minimum trade size ($25) after position cap ($14,911.35), room ($9,940.90), regime multiplier (100%), and cash reserve ($4,970.45 kept of $2,352.38 cash)"}
  -> {"ticker": "TEL", "status": "skipped", "reason": "below minimum trade size ($25) after position cap ($14,911.35), room ($9,940.90), regime multiplier (100%), and cash reserve ($4,970.45 kept of $2,352.38 cash)"}
  -> {"ticker": "TDY", "status": "skipped", "reason": "below minimum trade size ($25) after position cap ($14,911.35), room ($9,940.90), regime multiplier (100%), and cash reserve ($4,970.45 kept of $2,352.38 cash)"}
Overnight queue cleared after verification.
Dashboard watchlist synced (17 symbols) for news/headlines.
Ending portfolio value: $99,413.32
Trade journal: no closed trades yet
Performance: Total return -0.42% | Max drawdown 12.37% | Daily Sharpe 0.27 | Open positions: 14 | Equity $99,409.01
Timings: account: 0.0s | risk: 9.3s | decide: 3.5s | watchlist: 0.1s | perf: 0.1s

=== Run at 2026-08-14T15:36:31.284011 ===
Current time: 2026-08-14 11:36 AM EDT | Market open (per Alpaca): True | Session: REGULAR
Account value: $99,411.85
Cash: $2,352.38 | Holdings (14): {'CEG': '35.6034 sh (+2.00%)', 'CHD': '97.9637 sh (-0.55%)', 'COHR': '7.9896 sh (-5.04%)', 'CVX': '24.8836 sh (+1.55%)', 'GEHC': '0.6136 sh (-0.46%)', 'IVZ': '306.9138 sh (+0.78%)', 'LMT': '16.3555 sh (+0.11%)', 'MS': '43.8344 sh (-1.79%)', 'MSI': '21.1281 sh (-0.89%)', 'NUE': '36.5544 sh (-0.71%)', 'NVDA': '44.2888 sh (+0.56%)', 'NWS': '303.7199 sh (+1.50%)', 'STLD': '0.9216 sh (-1.25%)', 'WSM': '0.1026 sh (-0.87%)'}
Risk state: peak $99,703.60 | drawdown 0.29% | today +0.16% | halted: False
Market regime: NEUTRAL (position-size multiplier: 100% incl. circuit breaker 100%)
News: fetched 155, 1 new after dedup, 0 ticker(s) matched.
Quant pre-screen: 44/60 candidates passed.
Gemini proposed 2 trade(s) meeting the conviction bar.
Gemini calls used today (all models combined): 231
  -> {"ticker": "TDY", "status": "skipped", "reason": "below minimum trade size ($25) after position cap ($14,911.78), room ($9,941.19), regime multiplier (100%), and cash reserve ($2,485.30 kept of $2,352.38 cash)"}
  -> {"ticker": "TEL", "status": "skipped", "reason": "below minimum trade size ($25) after position cap ($14,911.78), room ($9,941.19), regime multiplier (100%), and cash reserve ($4,970.59 kept of $2,352.38 cash)"}
Overnight queue cleared after verification.
Dashboard watchlist synced (16 symbols) for news/headlines.
Ending portfolio value: $99,406.46
Trade journal: no closed trades yet
Performance: Total return -0.43% | Max drawdown 12.37% | Daily Sharpe 0.27 | Open positions: 14 | Equity $99,411.85
Timings: account: 0.0s | risk: 11.6s | decide: 3.3s | watchlist: 0.1s | perf: 0.2s

=== Run at 2026-08-14T15:38:28.826220 ===
Current time: 2026-08-14 11:38 AM EDT | Market open (per Alpaca): True | Session: REGULAR
Account value: $99,382.69
Cash: $2,352.38 | Holdings (14): {'CEG': '35.6034 sh (+1.90%)', 'CHD': '97.9637 sh (-0.43%)', 'COHR': '7.9896 sh (-5.19%)', 'CVX': '24.8836 sh (+1.51%)', 'GEHC': '0.6136 sh (-0.42%)', 'IVZ': '306.9138 sh (+0.75%)', 'LMT': '16.3555 sh (+0.10%)', 'MS': '43.8344 sh (-1.96%)', 'MSI': '21.1281 sh (-0.87%)', 'NUE': '36.5544 sh (-0.69%)', 'NVDA': '44.2888 sh (+0.46%)', 'NWS': '303.7199 sh (+1.50%)', 'STLD': '0.9216 sh (-1.31%)', 'WSM': '0.1026 sh (-0.87%)'}
Risk state: peak $99,703.60 | drawdown 0.32% | today +0.13% | halted: False
Market regime: NEUTRAL (position-size multiplier: 100% incl. circuit breaker 100%)
News: fetched 155, 2 new after dedup, 0 ticker(s) matched.
Quant pre-screen: 44/60 candidates passed.
Gemini proposed 2 trade(s) meeting the conviction bar.
Gemini calls used today (all models combined): 232
  -> {"ticker": "HAL", "status": "skipped", "reason": "below minimum trade size ($25) after position cap ($14,907.40), room ($9,938.27), regime multiplier (100%), and cash reserve ($2,484.57 kept of $2,352.38 cash)"}
  -> {"ticker": "RL", "status": "skipped", "reason": "below minimum trade size ($25) after position cap ($14,907.40), room ($9,938.27), regime multiplier (100%), and cash reserve ($4,969.13 kept of $2,352.38 cash)"}
Overnight queue cleared after verification.
Dashboard watchlist synced (16 symbols) for news/headlines.
Ending portfolio value: $99,383.92
Trade journal: no closed trades yet
Performance: Total return -0.45% | Max drawdown 12.37% | Daily Sharpe 0.27 | Open positions: 14 | Equity $99,382.69
Timings: account: 0.0s | risk: 9.9s | decide: 2.7s | watchlist: 0.0s | perf: 0.2s

=== Run at 2026-08-14T15:40:29.328762 ===
Current time: 2026-08-14 11:40 AM EDT | Market open (per Alpaca): True | Session: REGULAR
Account value: $99,364.89
Cash: $2,352.38 | Holdings (14): {'CEG': '35.6034 sh (+1.86%)', 'CHD': '97.9637 sh (-0.40%)', 'COHR': '7.9896 sh (-5.50%)', 'CVX': '24.8836 sh (+1.52%)', 'GEHC': '0.6136 sh (-0.36%)', 'IVZ': '306.9138 sh (+0.70%)', 'LMT': '16.3555 sh (+0.23%)', 'MS': '43.8344 sh (-2.00%)', 'MSI': '21.1281 sh (-0.78%)', 'NUE': '36.5544 sh (-0.92%)', 'NVDA': '44.2888 sh (+0.29%)', 'NWS': '303.7199 sh (+1.69%)', 'STLD': '0.9216 sh (-1.56%)', 'WSM': '0.1026 sh (-1.03%)'}
Risk state: peak $99,703.60 | drawdown 0.34% | today +0.11% | halted: False
Market regime: NEUTRAL (position-size multiplier: 100% incl. circuit breaker 100%)
News: fetched 156, 3 new after dedup, 0 ticker(s) matched.
Quant pre-screen: 44/60 candidates passed.
Gemini proposed 2 trade(s) meeting the conviction bar.
Gemini calls used today (all models combined): 233
  -> {"ticker": "TDY", "status": "skipped", "reason": "below minimum trade size ($25) after position cap ($14,904.73), room ($9,936.49), regime multiplier (100%), and cash reserve ($2,484.12 kept of $2,352.38 cash)"}
  -> {"ticker": "TEL", "status": "skipped", "reason": "below minimum trade size ($25) after position cap ($14,904.73), room ($9,936.49), regime multiplier (100%), and cash reserve ($4,968.24 kept of $2,352.38 cash)"}
Overnight queue cleared after verification.
Dashboard watchlist synced (16 symbols) for news/headlines.
Ending portfolio value: $99,353.84
Trade journal: no closed trades yet
Performance: Total return -0.48% | Max drawdown 12.37% | Daily Sharpe 0.26 | Open positions: 14 | Equity $99,364.89
Timings: account: 0.0s | risk: 11.4s | decide: 2.2s | watchlist: 0.1s | perf: 0.1s

=== Run at 2026-08-14T15:43:04.572993 ===
Current time: 2026-08-14 11:43 AM EDT | Market open (per Alpaca): True | Session: REGULAR
Account value: $99,350.13
Cash: $2,352.38 | Holdings (14): {'CEG': '35.6034 sh (+1.99%)', 'CHD': '97.9637 sh (-0.31%)', 'COHR': '7.9896 sh (-5.49%)', 'CVX': '24.8836 sh (+1.52%)', 'GEHC': '0.6136 sh (-0.35%)', 'IVZ': '306.9138 sh (+0.69%)', 'LMT': '16.3555 sh (+0.20%)', 'MS': '43.8344 sh (-2.09%)', 'MSI': '21.1281 sh (-0.79%)', 'NUE': '36.5544 sh (-1.11%)', 'NVDA': '44.2888 sh (+0.27%)', 'NWS': '303.7199 sh (+1.69%)', 'STLD': '0.9216 sh (-1.76%)', 'WSM': '0.1026 sh (-1.26%)'}
Risk state: peak $99,703.60 | drawdown 0.35% | today +0.10% | halted: False
Market regime: NEUTRAL (position-size multiplier: 100% incl. circuit breaker 100%)
News: fetched 156, 2 new after dedup, 0 ticker(s) matched.
Quant pre-screen: 44/60 candidates passed.
Gemini proposed 2 trade(s) meeting the conviction bar.
Gemini calls used today (all models combined): 234
  -> {"ticker": "TDY", "status": "skipped", "reason": "below minimum trade size ($25) after position cap ($14,902.52), room ($9,935.01), regime multiplier (100%), and cash reserve ($2,483.75 kept of $2,352.38 cash)"}
  -> {"ticker": "TEL", "status": "skipped", "reason": "below minimum trade size ($25) after position cap ($14,902.52), room ($9,935.01), regime multiplier (100%), and cash reserve ($4,967.51 kept of $2,352.38 cash)"}
Overnight queue cleared after verification.
Dashboard watchlist synced (16 symbols) for news/headlines.
Ending portfolio value: $99,349.99
Trade journal: no closed trades yet
Performance: Total return -0.48% | Max drawdown 12.37% | Daily Sharpe 0.26 | Open positions: 14 | Equity $99,350.13
Timings: account: 0.0s | risk: 8.6s | decide: 2.0s | watchlist: 0.1s | perf: 0.1s
=== Run at 2026-08-14T15:42:13.491170 ===
Current time: 2026-08-14 11:42 AM EDT | Market open (per Alpaca): True | Session: REGULAR
Account value: $99,358.09
Cash: $2,352.38 | Holdings (14): {'CEG': '35.6034 sh (+1.92%)', 'CHD': '97.9637 sh (-0.34%)', 'COHR': '7.9896 sh (-5.50%)', 'CVX': '24.8836 sh (+1.50%)', 'GEHC': '0.6136 sh (-0.38%)', 'IVZ': '306.9138 sh (+0.69%)', 'LMT': '16.3555 sh (+0.15%)', 'MS': '43.8344 sh (-2.03%)', 'MSI': '21.1281 sh (-0.79%)', 'NUE': '36.5544 sh (-0.98%)', 'NVDA': '44.2888 sh (+0.33%)', 'NWS': '303.7199 sh (+1.69%)', 'STLD': '0.9216 sh (-1.70%)', 'WSM': '0.1026 sh (-1.24%)'}
Risk state: peak $99,703.60 | drawdown 0.35% | today +0.10% | halted: False
Market regime: NEUTRAL (position-size multiplier: 100% incl. circuit breaker 100%)
News: fetched 156, 1 new after dedup, 0 ticker(s) matched.
Quant pre-screen: 44/60 candidates passed.
Gemini proposed 2 trade(s) meeting the conviction bar.
Gemini calls used today (all models combined): 234
  -> {"ticker": "TDY", "status": "skipped", "reason": "below minimum trade size ($25) after position cap ($14,903.71), room ($9,935.81), regime multiplier (100%), and cash reserve ($2,483.95 kept of $2,352.38 cash)"}
  -> {"ticker": "TEL", "status": "skipped", "reason": "below minimum trade size ($25) after position cap ($14,903.71), room ($9,935.81), regime multiplier (100%), and cash reserve ($4,967.90 kept of $2,352.38 cash)"}
Overnight queue cleared after verification.
Dashboard watchlist synced (16 symbols) for news/headlines.
Ending portfolio value: $99,350.75
Trade journal: no closed trades yet
Performance: Total return -0.48% | Max drawdown 12.37% | Daily Sharpe 0.26 | Open positions: 14 | Equity $99,358.09
Timings: account: 0.0s | risk: 11.2s | decide: 2.1s | watchlist: 0.0s | perf: 0.1s

=== Run at 2026-08-14T15:44:30.547955 ===
Current time: 2026-08-14 11:44 AM EDT | Market open (per Alpaca): True | Session: REGULAR
Account value: $99,357.33
Cash: $2,352.38 | Holdings (14): {'CEG': '35.6034 sh (+2.09%)', 'CHD': '97.9637 sh (-0.33%)', 'COHR': '7.9896 sh (-5.46%)', 'CVX': '24.8836 sh (+1.45%)', 'GEHC': '0.6136 sh (-0.31%)', 'IVZ': '306.9138 sh (+0.65%)', 'LMT': '16.3555 sh (+0.18%)', 'MS': '43.8344 sh (-2.13%)', 'MSI': '21.1281 sh (-0.73%)', 'NUE': '36.5544 sh (-1.06%)', 'NVDA': '44.2888 sh (+0.31%)', 'NWS': '303.7199 sh (+1.66%)', 'STLD': '0.9216 sh (-1.79%)', 'WSM': '0.1026 sh (-1.23%)'}
Risk state: peak $99,703.60 | drawdown 0.35% | today +0.10% | halted: False
Market regime: NEUTRAL (position-size multiplier: 100% incl. circuit breaker 100%)
News: fetched 156, 3 new after dedup, 0 ticker(s) matched.
Quant pre-screen: 44/60 candidates passed.
Gemini proposed 2 trade(s) meeting the conviction bar.
Gemini calls used today (all models combined): 235
  -> {"ticker": "TDY", "status": "skipped", "reason": "below minimum trade size ($25) after position cap ($14,903.60), room ($9,935.73), regime multiplier (100%), and cash reserve ($2,483.93 kept of $2,352.38 cash)"}
  -> {"ticker": "TEL", "status": "skipped", "reason": "below minimum trade size ($25) after position cap ($14,903.60), room ($9,935.73), regime multiplier (100%), and cash reserve ($4,967.87 kept of $2,352.38 cash)"}
Overnight queue cleared after verification.
Dashboard watchlist synced (16 symbols) for news/headlines.
Ending portfolio value: $99,365.01
Trade journal: no closed trades yet
Performance: Total return -0.47% | Max drawdown 12.37% | Daily Sharpe 0.26 | Open positions: 14 | Equity $99,357.33
Timings: account: 0.0s | risk: 10.6s | decide: 3.0s | watchlist: 0.2s | perf: 0.3s

=== Run at 2026-08-14T15:46:24.214631 ===
Current time: 2026-08-14 11:46 AM EDT | Market open (per Alpaca): True | Session: REGULAR
Account value: $99,395.99
Cash: $2,352.38 | Holdings (14): {'CEG': '35.6034 sh (+2.14%)', 'CHD': '97.9637 sh (-0.36%)', 'COHR': '7.9896 sh (-5.31%)', 'CVX': '24.8836 sh (+1.51%)', 'GEHC': '0.6136 sh (-0.32%)', 'IVZ': '306.9138 sh (+0.70%)', 'LMT': '16.3555 sh (+0.12%)', 'MS': '43.8344 sh (-1.98%)', 'MSI': '21.1281 sh (-0.75%)', 'NUE': '36.5544 sh (-0.98%)', 'NVDA': '44.2888 sh (+0.39%)', 'NWS': '303.7199 sh (+1.66%)', 'STLD': '0.9216 sh (-1.70%)', 'WSM': '0.1026 sh (-1.23%)'}
Risk state: peak $99,703.60 | drawdown 0.31% | today +0.14% | halted: False
Market regime: NEUTRAL (position-size multiplier: 100% incl. circuit breaker 100%)
News: fetched 156, 1 new after dedup, 0 ticker(s) matched.
Quant pre-screen: 44/60 candidates passed.
Technical fallback (Gemini throttled/unavailable) proposed 48 trade(s) meeting the conviction bar.
Gemini calls used today (all models combined): 235
  -> {"ticker": "IVZ", "status": "skipped", "reason": "below minimum trade size ($25) after position cap ($14,909.40), room ($1.73), regime multiplier (100%), and cash reserve ($4,969.80 kept of $2,352.38 cash)"}
  -> {"ticker": "LMT", "status": "skipped", "reason": "below minimum trade size ($25) after position cap ($14,909.40), room ($4.53), regime multiplier (100%), and cash reserve ($4,969.80 kept of $2,352.38 cash)"}
  -> {"ticker": "MSI", "status": "skipped", "reason": "below minimum trade size ($25) after position cap ($14,909.40), room ($89.89), regime multiplier (100%), and cash reserve ($4,969.80 kept of $2,352.38 cash)"}
  -> {"ticker": "NWS", "status": "skipped", "reason": "below minimum trade size ($25) after position cap ($14,909.40), room ($0.00), regime multiplier (100%), and cash reserve ($4,969.80 kept of $2,352.38 cash)"}
  -> {"ticker": "CPRT", "status": "skipped", "reason": "below minimum trade size ($25) after position cap ($14,909.40), room ($9,939.60), regime multiplier (100%), and cash reserve ($4,969.80 kept of $2,352.38 cash)"}
  -> {"ticker": "HAL", "status": "skipped", "reason": "below minimum trade size ($25) after position cap ($14,909.40), room ($9,939.60), regime multiplier (100%), and cash reserve ($4,969.80 kept of $2,352.38 cash)"}
  -> {"ticker": "RF", "status": "skipped", "reason": "below minimum trade size ($25) after position cap ($14,909.40), room ($9,939.60), regime multiplier (100%), and cash reserve ($4,969.80 kept of $2,352.38 cash)"}
  -> {"ticker": "RJF", "status": "skipped", "reason": "below minimum trade size ($25) after position cap ($14,909.40), room ($9,939.60), regime multiplier (100%), and cash reserve ($4,969.80 kept of $2,352.38 cash)"}
  -> {"ticker": "RL", "status": "skipped", "reason": "below minimum trade size ($25) after position cap ($14,909.40), room ($9,939.60), regime multiplier (100%), and cash reserve ($4,969.80 kept of $2,352.38 cash)"}
  -> {"ticker": "RMD", "status": "skipped", "reason": "below minimum trade size ($25) after position cap ($14,909.40), room ($9,939.60), regime multiplier (100%), and cash reserve ($4,969.80 kept of $2,352.38 cash)"}
  -> {"ticker": "ROP", "status": "skipped", "reason": "below minimum trade size ($25) after position cap ($14,909.40), room ($9,939.60), regime multiplier (100%), and cash reserve ($4,969.80 kept of $2,352.38 cash)"}
  -> {"ticker": "ROST", "status": "skipped", "reason": "below minimum trade size ($25) after position cap ($14,909.40), room ($9,939.60), regime multiplier (100%), and cash reserve ($4,969.80 kept of $2,352.38 cash)"}
  -> {"ticker": "RSG", "status": "skipped", "reason": "below minimum trade size ($25) after position cap ($14,909.40), room ($9,939.60), regime multiplier (100%), and cash reserve ($4,969.80 kept of $2,352.38 cash)"}
  -> {"ticker": "RTX", "status": "skipped", "reason": "below minimum trade size ($25) after position cap ($14,909.40), room ($9,939.60), regime multiplier (100%), and cash reserve ($4,969.80 kept of $2,352.38 cash)"}
  -> {"ticker": "RVTY", "status": "skipped", "reason": "below minimum trade size ($25) after position cap ($14,909.40), room ($9,939.60), regime multiplier (100%), and cash reserve ($4,969.80 kept of $2,352.38 cash)"}
  -> {"ticker": "SBAC", "status": "skipped", "reason": "below minimum trade size ($25) after position cap ($14,909.40), room ($9,939.60), regime multiplier (100%), and cash reserve ($4,969.80 kept of $2,352.38 cash)"}
  -> {"ticker": "SBUX", "status": "skipped", "reason": "below minimum trade size ($25) after position cap ($14,909.40), room ($9,939.60), regime multiplier (100%), and cash reserve ($4,969.80 kept of $2,352.38 cash)"}
  -> {"ticker": "SCHW", "status": "skipped", "reason": "below minimum trade size ($25) after position cap ($14,909.40), room ($9,939.60), regime multiplier (100%), and cash reserve ($4,969.80 kept of $2,352.38 cash)"}
  -> {"ticker": "SHW", "status": "skipped", "reason": "below minimum trade size ($25) after position cap ($14,909.40), room ($9,939.60), regime multiplier (100%), and cash reserve ($4,969.80 kept of $2,352.38 cash)"}
  -> {"ticker": "SJM", "status": "skipped", "reason": "below minimum trade size ($25) after position cap ($14,909.40), room ($9,939.60), regime multiplier (100%), and cash reserve ($4,969.80 kept of $2,352.38 cash)"}
  -> {"ticker": "SLB", "status": "skipped", "reason": "below minimum trade size ($25) after position cap ($14,909.40), room ($9,939.60), regime multiplier (100%), and cash reserve ($4,969.80 kept of $2,352.38 cash)"}
  -> {"ticker": "SMCI", "status": "skipped", "reason": "below minimum trade size ($25) after position cap ($14,909.40), room ($9,939.60), regime multiplier (100%), and cash reserve ($4,969.80 kept of $2,352.38 cash)"}
  -> {"ticker": "SNDK", "status": "skipped", "reason": "below minimum trade size ($25) after position cap ($14,909.40), room ($9,939.60), regime multiplier (100%), and cash reserve ($4,969.80 kept of $2,352.38 cash)"}
  -> {"ticker": "SNPS", "status": "skipped", "reason": "below minimum trade size ($25) after position cap ($14,909.40), room ($9,939.60), regime multiplier (100%), and cash reserve ($4,969.80 kept of $2,352.38 cash)"}
  -> {"ticker": "SOLV", "status": "skipped", "reason": "below minimum trade size ($25) after position cap ($14,909.40), room ($9,939.60), regime multiplier (100%), and cash reserve ($4,969.80 kept of $2,352.38 cash)"}
  -> {"ticker": "STE", "status": "skipped", "reason": "below minimum trade size ($25) after position cap ($14,909.40), room ($9,939.60), regime multiplier (100%), and cash reserve ($4,969.80 kept of $2,352.38 cash)"}
  -> {"ticker": "STT", "status": "skipped", "reason": "below minimum trade size ($25) after position cap ($14,909.40), room ($9,939.60), regime multiplier (100%), and cash reserve ($4,969.80 kept of $2,352.38 cash)"}
  -> {"ticker": "STX", "status": "skipped", "reason": "below minimum trade size ($25) after position cap ($14,909.40), room ($9,939.60), regime multiplier (100%), and cash reserve ($4,969.80 kept of $2,352.38 cash)"}
  -> {"ticker": "STZ", "status": "skipped", "reason": "below minimum trade size ($25) after position cap ($14,909.40), room ($9,939.60), regime multiplier (100%), and cash reserve ($4,969.80 kept of $2,352.38 cash)"}
  -> {"ticker": "SW", "status": "skipped", "reason": "below minimum trade size ($25) after position cap ($14,909.40), room ($9,939.60), regime multiplier (100%), and cash reserve ($4,969.80 kept of $2,352.38 cash)"}
  -> {"ticker": "SWK", "status": "skipped", "reason": "below minimum trade size ($25) after position cap ($14,909.40), room ($9,939.60), regime multiplier (100%), and cash reserve ($4,969.80 kept of $2,352.38 cash)"}
  -> {"ticker": "SWKS", "status": "skipped", "reason": "below minimum trade size ($25) after position cap ($14,909.40), room ($9,939.60), regime multiplier (100%), and cash reserve ($4,969.80 kept of $2,352.38 cash)"}
  -> {"ticker": "SYF", "status": "skipped", "reason": "below minimum trade size ($25) after position cap ($14,909.40), room ($9,939.60), regime multiplier (100%), and cash reserve ($4,969.80 kept of $2,352.38 cash)"}
  -> {"ticker": "SYK", "status": "skipped", "reason": "below minimum trade size ($25) after position cap ($14,909.40), room ($9,939.60), regime multiplier (100%), and cash reserve ($4,969.80 kept of $2,352.38 cash)"}
  -> {"ticker": "T", "status": "skipped", "reason": "below minimum trade size ($25) after position cap ($14,909.40), room ($9,939.60), regime multiplier (100%), and cash reserve ($4,969.80 kept of $2,352.38 cash)"}
  -> {"ticker": "TAP", "status": "skipped", "reason": "below minimum trade size ($25) after position cap ($14,909.40), room ($9,939.60), regime multiplier (100%), and cash reserve ($4,969.80 kept of $2,352.38 cash)"}
  -> {"ticker": "TDY", "status": "skipped", "reason": "below minimum trade size ($25) after position cap ($14,909.40), room ($9,939.60), regime multiplier (100%), and cash reserve ($4,969.80 kept of $2,352.38 cash)"}
  -> {"ticker": "TEL", "status": "skipped", "reason": "below minimum trade size ($25) after position cap ($14,909.40), room ($9,939.60), regime multiplier (100%), and cash reserve ($4,969.80 kept of $2,352.38 cash)"}
  -> {"ticker": "TER", "status": "skipped", "reason": "below minimum trade size ($25) after position cap ($14,909.40), room ($9,939.60), regime multiplier (100%), and cash reserve ($4,969.80 kept of $2,352.38 cash)"}
  -> {"ticker": "TFC", "status": "skipped", "reason": "below minimum trade size ($25) after position cap ($14,909.40), room ($9,939.60), regime multiplier (100%), and cash reserve ($4,969.80 kept of $2,352.38 cash)"}
  -> {"ticker": "TGT", "status": "skipped", "reason": "below minimum trade size ($25) after position cap ($14,909.40), room ($9,939.60), regime multiplier (100%), and cash reserve ($4,969.80 kept of $2,352.38 cash)"}
  -> {"ticker": "TKO", "status": "skipped", "reason": "below minimum trade size ($25) after position cap ($14,909.40), room ($9,939.60), regime multiplier (100%), and cash reserve ($4,969.80 kept of $2,352.38 cash)"}
  -> {"ticker": "TMO", "status": "skipped", "reason": "below minimum trade size ($25) after position cap ($14,909.40), room ($9,939.60), regime multiplier (100%), and cash reserve ($4,969.80 kept of $2,352.38 cash)"}
  -> {"ticker": "TMUS", "status": "skipped", "reason": "below minimum trade size ($25) after position cap ($14,909.40), room ($9,939.60), regime multiplier (100%), and cash reserve ($4,969.80 kept of $2,352.38 cash)"}
  -> {"ticker": "TRGP", "status": "skipped", "reason": "below minimum trade size ($25) after position cap ($14,909.40), room ($9,939.60), regime multiplier (100%), and cash reserve ($4,969.80 kept of $2,352.38 cash)"}
  -> {"ticker": "TRMB", "status": "skipped", "reason": "below minimum trade size ($25) after position cap ($14,909.40), room ($9,939.60), regime multiplier (100%), and cash reserve ($4,969.80 kept of $2,352.38 cash)"}
  -> {"ticker": "TSCO", "status": "skipped", "reason": "below minimum trade size ($25) after position cap ($14,909.40), room ($9,939.60), regime multiplier (100%), and cash reserve ($4,969.80 kept of $2,352.38 cash)"}
  -> {"ticker": "TSLA", "status": "skipped", "reason": "below minimum trade size ($25) after position cap ($14,909.40), room ($9,939.60), regime multiplier (100%), and cash reserve ($4,969.80 kept of $2,352.38 cash)"}
Overnight queue KEPT for next run (Gemini did not verify this round -- technical fallback or decision failure); will re-verify when available.
Run budget spent -- skipping dashboard watchlist sync.
Run budget spent -- skipping performance snapshot.
Trade journal: no closed trades yet
Performance: Total return -0.47% | Max drawdown 12.37% | Daily Sharpe 0.26 | Open positions: 14 | Equity $99,395.99
Timings: account: 0.0s | risk: 9.7s | decide: 39.5s | watchlist: 0.0s | perf: 0.0s

=== Run at 2026-08-14T15:48:25.836111 ===
Current time: 2026-08-14 11:48 AM EDT | Market open (per Alpaca): True | Session: REGULAR
Account value: $99,359.57
Cash: $2,352.38 | Holdings (14): {'CEG': '35.6034 sh (+2.09%)', 'CHD': '97.9637 sh (-0.39%)', 'COHR': '7.9896 sh (-5.65%)', 'CVX': '24.8836 sh (+1.52%)', 'GEHC': '0.6136 sh (-0.30%)', 'IVZ': '306.9138 sh (+0.65%)', 'LMT': '16.3555 sh (+0.10%)', 'MS': '43.8344 sh (-2.01%)', 'MSI': '21.1281 sh (-0.75%)', 'NUE': '36.5544 sh (-1.09%)', 'NVDA': '44.2888 sh (+0.35%)', 'NWS': '303.7199 sh (+1.72%)', 'STLD': '0.9216 sh (-2.02%)', 'WSM': '0.1026 sh (-1.26%)'}
Risk state: peak $99,703.60 | drawdown 0.35% | today +0.11% | halted: False
Market regime: NEUTRAL (position-size multiplier: 100% incl. circuit breaker 100%)
News: fetched 158, 4 new after dedup, 2 ticker(s) matched.
Quant pre-screen: 12/16 candidates passed.
Gemini proposed 2 trade(s) meeting the conviction bar.
Gemini calls used today (all models combined): 236
  -> {"ticker": "CPAY", "status": "skipped", "reason": "below minimum trade size ($25) after position cap ($14,903.94), room ($9,935.96), regime multiplier (100%), and cash reserve ($2,483.99 kept of $2,352.38 cash)"}
  -> {"ticker": "HBAN", "status": "skipped", "reason": "below minimum trade size ($25) after position cap ($14,903.94), room ($9,935.96), regime multiplier (100%), and cash reserve ($4,967.98 kept of $2,352.38 cash)"}
Overnight queue cleared after verification.
Dashboard watchlist synced (17 symbols) for news/headlines.
Ending portfolio value: $99,364.68
Trade journal: no closed trades yet
Performance: Total return -0.47% | Max drawdown 12.37% | Daily Sharpe 0.26 | Open positions: 14 | Equity $99,359.57
Timings: account: 0.0s | risk: 9.1s | decide: 10.2s | watchlist: 0.1s | perf: 0.2s

=== Run at 2026-08-14T15:50:33.131557 ===
Current time: 2026-08-14 11:50 AM EDT | Market open (per Alpaca): True | Session: REGULAR
Account value: $99,358.23
Cash: $2,352.38 | Holdings (14): {'CEG': '35.6034 sh (+2.08%)', 'CHD': '97.9637 sh (-0.40%)', 'COHR': '7.9896 sh (-5.63%)', 'CVX': '24.8836 sh (+1.53%)', 'GEHC': '0.6136 sh (-0.14%)', 'IVZ': '306.9138 sh (+0.67%)', 'LMT': '16.3555 sh (+0.13%)', 'MS': '43.8344 sh (-1.99%)', 'MSI': '21.1281 sh (-0.75%)', 'NUE': '36.5544 sh (-1.13%)', 'NVDA': '44.2888 sh (+0.33%)', 'NWS': '303.7199 sh (+1.72%)', 'STLD': '0.9216 sh (-2.01%)', 'WSM': '0.1026 sh (-1.21%)'}
Risk state: peak $99,703.60 | drawdown 0.35% | today +0.10% | halted: False
Market regime: NEUTRAL (position-size multiplier: 100% incl. circuit breaker 100%)
News: fetched 156, 1 new after dedup, 0 ticker(s) matched.
Quant pre-screen: 44/60 candidates passed.
Gemini proposed 1 trade(s) meeting the conviction bar.
Gemini calls used today (all models combined): 237
  -> {"ticker": "TDY", "status": "skipped", "reason": "below minimum trade size ($25) after position cap ($14,903.73), room ($9,935.82), regime multiplier (100%), and cash reserve ($2,483.96 kept of $2,352.38 cash)"}
Overnight queue cleared after verification.
Dashboard watchlist synced (15 symbols) for news/headlines.
Ending portfolio value: $99,377.49
Trade journal: no closed trades yet
Performance: Total return -0.46% | Max drawdown 12.37% | Daily Sharpe 0.26 | Open positions: 14 | Equity $99,358.23
Timings: account: 0.0s | risk: 17.4s | decide: 4.7s | watchlist: 0.1s | perf: 0.2s

=== Run at 2026-08-14T15:52:26.942083 ===
Current time: 2026-08-14 11:52 AM EDT | Market open (per Alpaca): True | Session: REGULAR
Account value: $99,380.79
Cash: $2,352.38 | Holdings (14): {'CEG': '35.6034 sh (+1.98%)', 'CHD': '97.9637 sh (-0.26%)', 'COHR': '7.9896 sh (-5.77%)', 'CVX': '24.8836 sh (+1.51%)', 'GEHC': '0.6136 sh (-0.13%)', 'IVZ': '306.9138 sh (+0.72%)', 'LMT': '16.3555 sh (+0.14%)', 'MS': '43.8344 sh (-1.97%)', 'MSI': '21.1281 sh (-0.69%)', 'NUE': '36.5544 sh (-1.17%)', 'NVDA': '44.2888 sh (+0.43%)', 'NWS': '303.7199 sh (+1.69%)', 'STLD': '0.9216 sh (-2.08%)', 'WSM': '0.1026 sh (-1.27%)'}
Risk state: peak $99,703.60 | drawdown 0.32% | today +0.13% | halted: False
Market regime: NEUTRAL (position-size multiplier: 100% incl. circuit breaker 100%)
News: fetched 158, 1 new after dedup, 0 ticker(s) matched.
Quant pre-screen: 44/60 candidates passed.
Gemini proposed 3 trade(s) meeting the conviction bar.
Gemini calls used today (all models combined): 238
  -> {"ticker": "SHW", "status": "skipped", "reason": "below minimum trade size ($25) after position cap ($14,907.12), room ($9,938.08), regime multiplier (100%), and cash reserve ($2,484.52 kept of $2,352.38 cash)"}
  -> {"ticker": "HAL", "status": "skipped", "reason": "below minimum trade size ($25) after position cap ($14,907.12), room ($9,938.08), regime multiplier (100%), and cash reserve ($4,969.04 kept of $2,352.38 cash)"}
  -> {"ticker": "SLB", "status": "skipped", "reason": "below minimum trade size ($25) after position cap ($14,907.12), room ($9,938.08), regime multiplier (100%), and cash reserve ($4,969.04 kept of $2,352.38 cash)"}
Overnight queue cleared after verification.
Dashboard watchlist synced (17 symbols) for news/headlines.
Ending portfolio value: $99,385.16
Trade journal: no closed trades yet
Performance: Total return -0.45% | Max drawdown 12.37% | Daily Sharpe 0.27 | Open positions: 14 | Equity $99,380.79
Timings: account: 0.0s | risk: 7.4s | decide: 5.2s | watchlist: 0.1s | perf: 0.3s

=== Run at 2026-08-14T15:54:24.921756 ===
Current time: 2026-08-14 11:54 AM EDT | Market open (per Alpaca): True | Session: REGULAR
Account value: $99,410.33
Cash: $2,352.38 | Holdings (14): {'CEG': '35.6034 sh (+2.02%)', 'CHD': '97.9637 sh (-0.32%)', 'COHR': '7.9896 sh (-5.68%)', 'CVX': '24.8836 sh (+1.55%)', 'GEHC': '0.6136 sh (-0.15%)', 'IVZ': '306.9138 sh (+0.69%)', 'LMT': '16.3555 sh (+0.16%)', 'MS': '43.8344 sh (-1.94%)', 'MSI': '21.1281 sh (-0.54%)', 'NUE': '36.5544 sh (-1.08%)', 'NVDA': '44.2888 sh (+0.52%)', 'NWS': '303.7199 sh (+1.69%)', 'STLD': '0.9216 sh (-1.95%)', 'WSM': '0.1026 sh (-1.27%)'}
Risk state: peak $99,703.60 | drawdown 0.29% | today +0.16% | halted: False
Market regime: NEUTRAL (position-size multiplier: 100% incl. circuit breaker 100%)
News: fetched 155, 0 new after dedup, 0 ticker(s) matched.
Quant pre-screen: 44/60 candidates passed.
Gemini proposed 2 trade(s) meeting the conviction bar.
Gemini calls used today (all models combined): 239
  -> {"ticker": "TEL", "status": "skipped", "reason": "below minimum trade size ($25) after position cap ($14,911.55), room ($9,941.03), regime multiplier (100%), and cash reserve ($4,970.52 kept of $2,352.38 cash)"}
  -> {"ticker": "HAL", "status": "skipped", "reason": "below minimum trade size ($25) after position cap ($14,911.55), room ($9,941.03), regime multiplier (100%), and cash reserve ($4,970.52 kept of $2,352.38 cash)"}
Overnight queue cleared after verification.
Dashboard watchlist synced (16 symbols) for news/headlines.
Ending portfolio value: $99,410.00
Trade journal: no closed trades yet
Performance: Total return -0.42% | Max drawdown 12.37% | Daily Sharpe 0.27 | Open positions: 14 | Equity $99,410.33
Timings: account: 0.0s | risk: 4.0s | decide: 2.6s | watchlist: 0.1s | perf: 0.1s

=== Run at 2026-08-14T15:56:24.935778 ===
Current time: 2026-08-14 11:56 AM EDT | Market open (per Alpaca): True | Session: REGULAR
Account value: $99,419.78
Cash: $2,352.38 | Holdings (14): {'CEG': '35.6034 sh (+2.07%)', 'CHD': '97.9637 sh (-0.34%)', 'COHR': '7.9896 sh (-5.61%)', 'CVX': '24.8836 sh (+1.60%)', 'GEHC': '0.6136 sh (-0.16%)', 'IVZ': '306.9138 sh (+0.69%)', 'LMT': '16.3555 sh (+0.22%)', 'MS': '43.8344 sh (-1.89%)', 'MSI': '21.1281 sh (-0.61%)', 'NUE': '36.5544 sh (-1.04%)', 'NVDA': '44.2888 sh (+0.48%)', 'NWS': '303.7199 sh (+1.66%)', 'STLD': '0.9216 sh (-1.98%)', 'WSM': '0.1026 sh (-1.38%)'}
Risk state: peak $99,703.60 | drawdown 0.28% | today +0.17% | halted: False
Market regime: NEUTRAL (position-size multiplier: 100% incl. circuit breaker 100%)
News: fetched 155, 1 new after dedup, 0 ticker(s) matched.
Quant pre-screen: 44/60 candidates passed.
Gemini proposed 2 trade(s) meeting the conviction bar.
Gemini calls used today (all models combined): 240
  -> {"ticker": "TDY", "status": "skipped", "reason": "below minimum trade size ($25) after position cap ($14,912.97), room ($9,941.98), regime multiplier (100%), and cash reserve ($2,485.49 kept of $2,352.38 cash)"}
  -> {"ticker": "TEL", "status": "skipped", "reason": "below minimum trade size ($25) after position cap ($14,912.97), room ($9,941.98), regime multiplier (100%), and cash reserve ($4,970.99 kept of $2,352.38 cash)"}
Overnight queue cleared after verification.
Dashboard watchlist synced (16 symbols) for news/headlines.
Ending portfolio value: $99,420.28
Trade journal: no closed trades yet
Performance: Total return -0.41% | Max drawdown 12.37% | Daily Sharpe 0.27 | Open positions: 14 | Equity $99,419.78
Timings: account: 0.0s | risk: 7.0s | decide: 2.8s | watchlist: 0.1s | perf: 0.1s

=== Run at 2026-08-14T15:58:25.255146 ===
Current time: 2026-08-14 11:58 AM EDT | Market open (per Alpaca): True | Session: REGULAR
Account value: $99,458.88
Cash: $2,352.38 | Holdings (14): {'CEG': '35.6034 sh (+1.99%)', 'CHD': '97.9637 sh (-0.36%)', 'COHR': '7.9896 sh (-5.45%)', 'CVX': '24.8836 sh (+1.70%)', 'GEHC': '0.6136 sh (-0.19%)', 'IVZ': '306.9138 sh (+0.76%)', 'LMT': '16.3555 sh (+0.33%)', 'MS': '43.8344 sh (-1.85%)', 'MSI': '21.1281 sh (-0.48%)', 'NUE': '36.5544 sh (-1.09%)', 'NVDA': '44.2888 sh (+0.57%)', 'NWS': '303.7199 sh (+1.67%)', 'STLD': '0.9216 sh (-2.06%)', 'WSM': '0.1026 sh (-1.37%)'}
Risk state: peak $99,703.60 | drawdown 0.25% | today +0.21% | halted: False
Market regime: NEUTRAL (position-size multiplier: 100% incl. circuit breaker 100%)
News: fetched 156, 3 new after dedup, 0 ticker(s) matched.
Quant pre-screen: 44/60 candidates passed.
Gemini proposed 1 trade(s) meeting the conviction bar.
Gemini calls used today (all models combined): 241
  -> {"ticker": "TDY", "status": "skipped", "reason": "below minimum trade size ($25) after position cap ($14,918.83), room ($9,945.89), regime multiplier (100%), and cash reserve ($2,486.47 kept of $2,352.38 cash)"}
Overnight queue cleared after verification.
Dashboard watchlist synced (15 symbols) for news/headlines.
Ending portfolio value: $99,460.97
Trade journal: no closed trades yet
Performance: Total return -0.37% | Max drawdown 12.37% | Daily Sharpe 0.28 | Open positions: 14 | Equity $99,458.88
Timings: account: 0.0s | risk: 8.2s | decide: 1.7s | watchlist: 0.0s | perf: 0.1s

=== Run at 2026-08-14T16:00:35.522143 ===
Current time: 2026-08-14 12:00 PM EDT | Market open (per Alpaca): True | Session: REGULAR
Account value: $99,456.12
Cash: $2,352.38 | Holdings (14): {'CEG': '35.6034 sh (+2.12%)', 'CHD': '97.9637 sh (-0.41%)', 'COHR': '7.9896 sh (-5.32%)', 'CVX': '24.8836 sh (+1.78%)', 'GEHC': '0.6136 sh (-0.24%)', 'IVZ': '306.9138 sh (+0.81%)', 'LMT': '16.3555 sh (+0.25%)', 'MS': '43.8344 sh (-1.85%)', 'MSI': '21.1281 sh (-0.52%)', 'NUE': '36.5544 sh (-1.19%)', 'NVDA': '44.2888 sh (+0.53%)', 'NWS': '303.7199 sh (+1.69%)', 'STLD': '0.9216 sh (-2.12%)', 'WSM': '0.1026 sh (-1.37%)'}
Risk state: peak $99,703.60 | drawdown 0.25% | today +0.20% | halted: False
Market regime: NEUTRAL (position-size multiplier: 100% incl. circuit breaker 100%)
News: fetched 156, 0 new after dedup, 0 ticker(s) matched.
Quant pre-screen: 10/12 candidates passed.
Technical fallback (Gemini throttled/unavailable) proposed 14 trade(s) meeting the conviction bar.
Gemini calls used today (all models combined): 241
  -> {"ticker": "IVZ", "status": "skipped", "reason": "below minimum trade size ($25) after position cap ($14,918.42), room ($0.00), regime multiplier (100%), and cash reserve ($4,972.81 kept of $2,352.38 cash)"}
  -> {"ticker": "LMT", "status": "skipped", "reason": "below minimum trade size ($25) after position cap ($14,918.42), room ($0.00), regime multiplier (100%), and cash reserve ($4,972.81 kept of $2,352.38 cash)"}
  -> {"ticker": "MSI", "status": "skipped", "reason": "below minimum trade size ($25) after position cap ($14,918.42), room ($70.55), regime multiplier (100%), and cash reserve ($4,972.81 kept of $2,352.38 cash)"}
  -> {"ticker": "NWS", "status": "skipped", "reason": "below minimum trade size ($25) after position cap ($14,918.42), room ($0.00), regime multiplier (100%), and cash reserve ($4,972.81 kept of $2,352.38 cash)"}
  -> {"ticker": "CPRT", "status": "skipped", "reason": "below minimum trade size ($25) after position cap ($14,918.42), room ($9,945.61), regime multiplier (100%), and cash reserve ($4,972.81 kept of $2,352.38 cash)"}
  -> {"ticker": "HAL", "status": "skipped", "reason": "below minimum trade size ($25) after position cap ($14,918.42), room ($9,945.61), regime multiplier (100%), and cash reserve ($4,972.81 kept of $2,352.38 cash)"}
  -> {"ticker": "RJF", "status": "skipped", "reason": "below minimum trade size ($25) after position cap ($14,918.42), room ($9,945.61), regime multiplier (100%), and cash reserve ($4,972.81 kept of $2,352.38 cash)"}
  -> {"ticker": "RL", "status": "skipped", "reason": "below minimum trade size ($25) after position cap ($14,918.42), room ($9,945.61), regime multiplier (100%), and cash reserve ($4,972.81 kept of $2,352.38 cash)"}
  -> {"ticker": "RMD", "status": "skipped", "reason": "below minimum trade size ($25) after position cap ($14,918.42), room ($9,945.61), regime multiplier (100%), and cash reserve ($4,972.81 kept of $2,352.38 cash)"}
  -> {"ticker": "ROP", "status": "skipped", "reason": "below minimum trade size ($25) after position cap ($14,918.42), room ($9,945.61), regime multiplier (100%), and cash reserve ($4,972.81 kept of $2,352.38 cash)"}
  -> {"ticker": "ROST", "status": "skipped", "reason": "below minimum trade size ($25) after position cap ($14,918.42), room ($9,945.61), regime multiplier (100%), and cash reserve ($4,972.81 kept of $2,352.38 cash)"}
  -> {"ticker": "RSG", "status": "skipped", "reason": "below minimum trade size ($25) after position cap ($14,918.42), room ($9,945.61), regime multiplier (100%), and cash reserve ($4,972.81 kept of $2,352.38 cash)"}
  -> {"ticker": "RTX", "status": "skipped", "reason": "below minimum trade size ($25) after position cap ($14,918.42), room ($9,945.61), regime multiplier (100%), and cash reserve ($4,972.81 kept of $2,352.38 cash)"}
  -> {"ticker": "RVTY", "status": "skipped", "reason": "below minimum trade size ($25) after position cap ($14,918.42), room ($9,945.61), regime multiplier (100%), and cash reserve ($4,972.81 kept of $2,352.38 cash)"}
Overnight queue KEPT for next run (Gemini did not verify this round -- technical fallback or decision failure); will re-verify when available.
Run budget spent -- skipping dashboard watchlist sync.
Run budget spent -- skipping performance snapshot.
Trade journal: no closed trades yet
Performance: Total return -0.37% | Max drawdown 12.37% | Daily Sharpe 0.28 | Open positions: 14 | Equity $99,456.12
Timings: account: 0.0s | risk: 14.7s | decide: 16.8s | watchlist: 0.0s | perf: 0.0s

=== Run at 2026-08-14T16:02:27.616000 ===
Current time: 2026-08-14 12:02 PM EDT | Market open (per Alpaca): True | Session: REGULAR
Account value: $99,465.09
Cash: $2,352.38 | Holdings (14): {'CEG': '35.6034 sh (+2.13%)', 'CHD': '97.9637 sh (-0.53%)', 'COHR': '7.9896 sh (-5.31%)', 'CVX': '24.8836 sh (+1.83%)', 'GEHC': '0.6136 sh (-0.28%)', 'IVZ': '306.9138 sh (+0.90%)', 'LMT': '16.3555 sh (+0.30%)', 'MS': '43.8344 sh (-1.81%)', 'MSI': '21.1281 sh (-0.54%)', 'NUE': '36.5544 sh (-1.20%)', 'NVDA': '44.2888 sh (+0.62%)', 'NWS': '303.7199 sh (+1.63%)', 'STLD': '0.9216 sh (-2.06%)', 'WSM': '0.1026 sh (-1.40%)'}
Risk state: peak $99,703.60 | drawdown 0.24% | today +0.21% | halted: False
Market regime: NEUTRAL (position-size multiplier: 100% incl. circuit breaker 100%)
News: fetched 156, 3 new after dedup, 0 ticker(s) matched.
Quant pre-screen: 18/24 candidates passed.
Gemini proposed 3 trade(s) meeting the conviction bar.
Gemini calls used today (all models combined): 242
  -> {"ticker": "RSG", "status": "skipped", "reason": "below minimum trade size ($25) after position cap ($14,919.76), room ($9,946.51), regime multiplier (100%), and cash reserve ($2,486.63 kept of $2,352.38 cash)"}
  -> {"ticker": "SHW", "status": "skipped", "reason": "below minimum trade size ($25) after position cap ($14,919.76), room ($9,946.51), regime multiplier (100%), and cash reserve ($2,486.63 kept of $2,352.38 cash)"}
  -> {"ticker": "SLB", "status": "skipped", "reason": "below minimum trade size ($25) after position cap ($14,919.76), room ($9,946.51), regime multiplier (100%), and cash reserve ($4,973.25 kept of $2,352.38 cash)"}
Overnight queue cleared after verification.
Dashboard watchlist synced (17 symbols) for news/headlines.
Ending portfolio value: $99,453.32
Trade journal: no closed trades yet
Performance: Total return -0.38% | Max drawdown 12.37% | Daily Sharpe 0.28 | Open positions: 14 | Equity $99,465.09
Timings: account: 0.0s | risk: 4.6s | decide: 14.2s | watchlist: 0.1s | perf: 0.2s

=== Run at 2026-08-14T16:04:25.907057 ===
Current time: 2026-08-14 12:04 PM EDT | Market open (per Alpaca): True | Session: REGULAR
Account value: $99,466.42
Cash: $2,352.38 | Holdings (14): {'CEG': '35.6034 sh (+2.22%)', 'CHD': '97.9637 sh (-0.47%)', 'COHR': '7.9896 sh (-5.24%)', 'CVX': '24.8836 sh (+1.75%)', 'GEHC': '0.6136 sh (-0.27%)', 'IVZ': '306.9138 sh (+0.85%)', 'LMT': '16.3555 sh (+0.32%)', 'MS': '43.8344 sh (-1.80%)', 'MSI': '21.1281 sh (-0.54%)', 'NUE': '36.5544 sh (-1.19%)', 'NVDA': '44.2888 sh (+0.63%)', 'NWS': '303.7199 sh (+1.53%)', 'STLD': '0.9216 sh (-2.02%)', 'WSM': '0.1026 sh (-1.48%)'}
Risk state: peak $99,703.60 | drawdown 0.24% | today +0.21% | halted: False
Market regime: NEUTRAL (position-size multiplier: 100% incl. circuit breaker 100%)
News: fetched 158, 6 new after dedup, 5 ticker(s) matched.
Quant pre-screen: 16/20 candidates passed.
Gemini proposed 2 trade(s) meeting the conviction bar.
Gemini calls used today (all models combined): 243
  -> {"ticker": "SLB", "status": "skipped", "reason": "below minimum trade size ($25) after position cap ($14,919.96), room ($9,946.64), regime multiplier (100%), and cash reserve ($4,973.32 kept of $2,352.38 cash)"}
  -> {"ticker": "HAL", "status": "skipped", "reason": "below minimum trade size ($25) after position cap ($14,919.96), room ($9,946.64), regime multiplier (100%), and cash reserve ($4,973.32 kept of $2,352.38 cash)"}
Overnight queue cleared after verification.
Dashboard watchlist synced (21 symbols) for news/headlines.
Ending portfolio value: $99,468.88
Trade journal: no closed trades yet
Performance: Total return -0.36% | Max drawdown 12.37% | Daily Sharpe 0.29 | Open positions: 14 | Equity $99,466.42
Timings: account: 0.0s | risk: 5.4s | decide: 8.7s | watchlist: 0.1s | perf: 0.1s

=== Run at 2026-08-14T16:06:28.112098 ===
Current time: 2026-08-14 12:06 PM EDT | Market open (per Alpaca): True | Session: REGULAR
Account value: $99,429.98
Cash: $2,352.38 | Holdings (14): {'CEG': '35.6034 sh (+2.20%)', 'CHD': '97.9637 sh (-0.50%)', 'COHR': '7.9896 sh (-5.12%)', 'CVX': '24.8836 sh (+1.70%)', 'GEHC': '0.6136 sh (-0.23%)', 'IVZ': '306.9138 sh (+0.87%)', 'LMT': '16.3555 sh (+0.35%)', 'MS': '43.8344 sh (-1.96%)', 'MSI': '21.1281 sh (-0.52%)', 'NUE': '36.5544 sh (-1.35%)', 'NVDA': '44.2888 sh (+0.52%)', 'NWS': '303.7199 sh (+1.56%)', 'STLD': '0.9216 sh (-2.19%)', 'WSM': '0.1026 sh (-1.48%)'}
Risk state: peak $99,703.60 | drawdown 0.27% | today +0.18% | halted: False
Market regime: NEUTRAL (position-size multiplier: 100% incl. circuit breaker 100%)
News: fetched 156, 0 new after dedup, 0 ticker(s) matched.
Quant pre-screen: 27/36 candidates passed.
Gemini proposed 2 trade(s) meeting the conviction bar.
Gemini calls used today (all models combined): 244
  -> {"ticker": "SLB", "status": "skipped", "reason": "below minimum trade size ($25) after position cap ($14,914.50), room ($9,943.00), regime multiplier (100%), and cash reserve ($4,971.50 kept of $2,352.38 cash)"}
  -> {"ticker": "HAL", "status": "skipped", "reason": "below minimum trade size ($25) after position cap ($14,914.50), room ($9,943.00), regime multiplier (100%), and cash reserve ($4,971.50 kept of $2,352.38 cash)"}
Overnight queue cleared after verification.
Dashboard watchlist synced (16 symbols) for news/headlines.
Ending portfolio value: $99,430.81
Trade journal: no closed trades yet
Performance: Total return -0.40% | Max drawdown 12.37% | Daily Sharpe 0.28 | Open positions: 14 | Equity $99,429.98
Timings: account: 0.0s | risk: 8.5s | decide: 15.3s | watchlist: 0.1s | perf: 0.1s

=== Run at 2026-08-14T16:08:31.385958 ===
Current time: 2026-08-14 12:08 PM EDT | Market open (per Alpaca): True | Session: REGULAR
Account value: $99,463.00
Cash: $2,352.38 | Holdings (14): {'CEG': '35.6034 sh (+2.19%)', 'CHD': '97.9637 sh (-0.48%)', 'COHR': '7.9896 sh (-5.20%)', 'CVX': '24.8836 sh (+1.71%)', 'GEHC': '0.6136 sh (-0.24%)', 'IVZ': '306.9138 sh (+0.90%)', 'LMT': '16.3555 sh (+0.34%)', 'MS': '43.8344 sh (-1.92%)', 'MSI': '21.1281 sh (-0.55%)', 'NUE': '36.5544 sh (-1.14%)', 'NVDA': '44.2888 sh (+0.59%)', 'NWS': '303.7199 sh (+1.56%)', 'STLD': '0.9216 sh (-2.04%)', 'WSM': '0.1026 sh (-1.41%)'}
Risk state: peak $99,703.60 | drawdown 0.24% | today +0.21% | halted: False
Market regime: NEUTRAL (position-size multiplier: 100% incl. circuit breaker 100%)
News: fetched 158, 0 new after dedup, 0 ticker(s) matched.
Quant pre-screen: 36/48 candidates passed.
Gemini proposed 2 trade(s) meeting the conviction bar.
Gemini calls used today (all models combined): 245
  -> {"ticker": "SLB", "status": "skipped", "reason": "below minimum trade size ($25) after position cap ($14,919.45), room ($9,946.30), regime multiplier (100%), and cash reserve ($2,486.58 kept of $2,352.38 cash)"}
  -> {"ticker": "TEL", "status": "skipped", "reason": "below minimum trade size ($25) after position cap ($14,919.45), room ($9,946.30), regime multiplier (100%), and cash reserve ($4,973.15 kept of $2,352.38 cash)"}
Overnight queue cleared after verification.
Dashboard watchlist synced (16 symbols) for news/headlines.
Ending portfolio value: $99,450.86
Trade journal: no closed trades yet
Performance: Total return -0.38% | Max drawdown 12.37% | Daily Sharpe 0.28 | Open positions: 14 | Equity $99,463.00
Timings: account: 0.0s | risk: 10.6s | decide: 9.0s | watchlist: 0.2s | perf: 0.3s

=== Run at 2026-08-14T16:10:30.520401 ===
Current time: 2026-08-14 12:10 PM EDT | Market open (per Alpaca): True | Session: REGULAR
Account value: $99,397.16
Cash: $2,352.38 | Holdings (14): {'CEG': '35.6034 sh (+2.08%)', 'CHD': '97.9637 sh (-0.41%)', 'COHR': '7.9896 sh (-5.28%)', 'CVX': '24.8836 sh (+1.69%)', 'GEHC': '0.6136 sh (-0.28%)', 'IVZ': '306.9138 sh (+0.84%)', 'LMT': '16.3555 sh (+0.19%)', 'MS': '43.8344 sh (-2.04%)', 'MSI': '21.1281 sh (-0.57%)', 'NUE': '36.5544 sh (-1.27%)', 'NVDA': '44.2888 sh (+0.54%)', 'NWS': '303.7199 sh (+1.52%)', 'STLD': '0.9216 sh (-2.13%)', 'WSM': '0.1026 sh (-1.46%)'}
Risk state: peak $99,703.60 | drawdown 0.31% | today +0.14% | halted: False
Market regime: NEUTRAL (position-size multiplier: 100% incl. circuit breaker 100%)
News: fetched 158, 3 new after dedup, 0 ticker(s) matched.
Quant pre-screen: 45/60 candidates passed.
Gemini proposed 2 trade(s) meeting the conviction bar.
Gemini calls used today (all models combined): 246
  -> {"ticker": "TEL", "status": "skipped", "reason": "below minimum trade size ($25) after position cap ($14,909.57), room ($9,939.72), regime multiplier (100%), and cash reserve ($4,969.86 kept of $2,352.38 cash)"}
  -> {"ticker": "SLB", "status": "skipped", "reason": "below minimum trade size ($25) after position cap ($14,909.57), room ($9,939.72), regime multiplier (100%), and cash reserve ($4,969.86 kept of $2,352.38 cash)"}
Overnight queue cleared after verification.
Dashboard watchlist synced (16 symbols) for news/headlines.
Ending portfolio value: $99,406.08
Trade journal: no closed trades yet
Performance: Total return -0.43% | Max drawdown 12.37% | Daily Sharpe 0.27 | Open positions: 14 | Equity $99,397.16
Timings: account: 0.0s | risk: 10.9s | decide: 9.1s | watchlist: 0.0s | perf: 0.1s

=== Run at 2026-08-14T16:12:28.353697 ===
Current time: 2026-08-14 12:12 PM EDT | Market open (per Alpaca): True | Session: REGULAR
Account value: $99,411.36
Cash: $2,352.38 | Holdings (14): {'CEG': '35.6034 sh (+2.17%)', 'CHD': '97.9637 sh (-0.42%)', 'COHR': '7.9896 sh (-5.02%)', 'CVX': '24.8836 sh (+1.64%)', 'GEHC': '0.6136 sh (-0.31%)', 'IVZ': '306.9138 sh (+0.90%)', 'LMT': '16.3555 sh (+0.14%)', 'MS': '43.8344 sh (-1.97%)', 'MSI': '21.1281 sh (-0.62%)', 'NUE': '36.5544 sh (-1.35%)', 'NVDA': '44.2888 sh (+0.62%)', 'NWS': '303.7199 sh (+1.50%)', 'STLD': '0.9216 sh (-2.08%)', 'WSM': '0.1026 sh (-1.59%)'}
Risk state: peak $99,703.60 | drawdown 0.29% | today +0.16% | halted: False
Market regime: NEUTRAL (position-size multiplier: 100% incl. circuit breaker 100%)
News: fetched 156, 1 new after dedup, 0 ticker(s) matched.
Quant pre-screen: 45/60 candidates passed.
Gemini proposed 2 trade(s) meeting the conviction bar.
Gemini calls used today (all models combined): 247
  -> {"ticker": "SLB", "status": "skipped", "reason": "below minimum trade size ($25) after position cap ($14,911.70), room ($9,941.14), regime multiplier (100%), and cash reserve ($2,485.28 kept of $2,352.38 cash)"}
  -> {"ticker": "HAL", "status": "skipped", "reason": "below minimum trade size ($25) after position cap ($14,911.70), room ($9,941.14), regime multiplier (100%), and cash reserve ($4,970.57 kept of $2,352.38 cash)"}
Overnight queue cleared after verification.
Dashboard watchlist synced (16 symbols) for news/headlines.
Ending portfolio value: $99,424.99
Trade journal: no closed trades yet
Performance: Total return -0.41% | Max drawdown 12.37% | Daily Sharpe 0.28 | Open positions: 14 | Equity $99,411.36
Timings: account: 0.0s | risk: 15.5s | decide: 2.8s | watchlist: 0.2s | perf: 0.3s

=== Run at 2026-08-14T16:14:25.818118 ===
Current time: 2026-08-14 12:14 PM EDT | Market open (per Alpaca): True | Session: REGULAR
Account value: $99,425.30
Cash: $2,352.38 | Holdings (14): {'CEG': '35.6034 sh (+2.18%)', 'CHD': '97.9637 sh (-0.44%)', 'COHR': '7.9896 sh (-5.17%)', 'CVX': '24.8836 sh (+1.68%)', 'GEHC': '0.6136 sh (-0.35%)', 'IVZ': '306.9138 sh (+0.92%)', 'LMT': '16.3555 sh (+0.17%)', 'MS': '43.8344 sh (-1.92%)', 'MSI': '21.1281 sh (-0.63%)', 'NUE': '36.5544 sh (-1.28%)', 'NVDA': '44.2888 sh (+0.65%)', 'NWS': '303.7199 sh (+1.50%)', 'STLD': '0.9216 sh (-2.06%)', 'WSM': '0.1026 sh (-1.54%)'}
Risk state: peak $99,703.60 | drawdown 0.28% | today +0.17% | halted: False
Market regime: NEUTRAL (position-size multiplier: 100% incl. circuit breaker 100%)
News: fetched 156, 1 new after dedup, 0 ticker(s) matched.
Quant pre-screen: 45/60 candidates passed.
Gemini proposed 2 trade(s) meeting the conviction bar.
Gemini calls used today (all models combined): 248
  -> {"ticker": "SLB", "status": "skipped", "reason": "below minimum trade size ($25) after position cap ($14,913.80), room ($9,942.53), regime multiplier (100%), and cash reserve ($4,971.27 kept of $2,352.38 cash)"}
  -> {"ticker": "TEL", "status": "skipped", "reason": "below minimum trade size ($25) after position cap ($14,913.80), room ($9,942.53), regime multiplier (100%), and cash reserve ($4,971.27 kept of $2,352.38 cash)"}
Overnight queue cleared after verification.
Dashboard watchlist synced (16 symbols) for news/headlines.
Ending portfolio value: $99,429.42
Trade journal: no closed trades yet
Performance: Total return -0.40% | Max drawdown 12.37% | Daily Sharpe 0.28 | Open positions: 14 | Equity $99,425.30
Timings: account: 0.0s | risk: 12.4s | decide: 5.6s | watchlist: 0.1s | perf: 0.2s

=== Run at 2026-08-14T16:16:32.102267 ===
Current time: 2026-08-14 12:16 PM EDT | Market open (per Alpaca): True | Session: REGULAR
Account value: $99,475.24
Cash: $2,352.38 | Holdings (14): {'CEG': '35.6034 sh (+2.26%)', 'CHD': '97.9637 sh (-0.47%)', 'COHR': '7.9896 sh (-4.74%)', 'CVX': '24.8836 sh (+1.73%)', 'GEHC': '0.6136 sh (-0.23%)', 'IVZ': '306.9138 sh (+0.90%)', 'LMT': '16.3555 sh (+0.22%)', 'MS': '43.8344 sh (-1.85%)', 'MSI': '21.1281 sh (-0.64%)', 'NUE': '36.5544 sh (-1.17%)', 'NVDA': '44.2888 sh (+0.74%)', 'NWS': '303.7199 sh (+1.50%)', 'STLD': '0.9216 sh (-1.91%)', 'WSM': '0.1026 sh (-1.57%)'}
Risk state: peak $99,703.60 | drawdown 0.23% | today +0.22% | halted: False
Market regime: NEUTRAL (position-size multiplier: 100% incl. circuit breaker 100%)
News: fetched 158, 2 new after dedup, 1 ticker(s) matched.
Quant pre-screen: 11/16 candidates passed.
Gemini proposed 2 trade(s) meeting the conviction bar.
Gemini calls used today (all models combined): 249
  -> {"ticker": "SLB", "status": "skipped", "reason": "below minimum trade size ($25) after position cap ($14,921.29), room ($9,947.52), regime multiplier (100%), and cash reserve ($4,973.76 kept of $2,352.38 cash)"}
  -> {"ticker": "HAL", "status": "skipped", "reason": "below minimum trade size ($25) after position cap ($14,921.29), room ($9,947.52), regime multiplier (100%), and cash reserve ($4,973.76 kept of $2,352.38 cash)"}
Overnight queue cleared after verification.
Dashboard watchlist synced (17 symbols) for news/headlines.
Ending portfolio value: $99,458.38
Trade journal: no closed trades yet
Performance: Total return -0.37% | Max drawdown 12.37% | Daily Sharpe 0.28 | Open positions: 14 | Equity $99,475.24
Timings: account: 0.0s | risk: 9.8s | decide: 7.5s | watchlist: 0.1s | perf: 0.2s

=== Run at 2026-08-14T16:18:29.358268 ===
Current time: 2026-08-14 12:18 PM EDT | Market open (per Alpaca): True | Session: REGULAR
Account value: $99,512.39
Cash: $2,352.38 | Holdings (14): {'CEG': '35.6034 sh (+2.19%)', 'CHD': '97.9637 sh (-0.41%)', 'COHR': '7.9896 sh (-4.52%)', 'CVX': '24.8836 sh (+1.69%)', 'GEHC': '0.6136 sh (-0.23%)', 'IVZ': '306.9138 sh (+1.15%)', 'LMT': '16.3555 sh (+0.16%)', 'MS': '43.8344 sh (-1.83%)', 'MSI': '21.1281 sh (-0.60%)', 'NUE': '36.5544 sh (-1.05%)', 'NVDA': '44.2888 sh (+0.72%)', 'NWS': '303.7199 sh (+1.50%)', 'STLD': '0.9216 sh (-1.88%)', 'WSM': '0.1026 sh (-1.53%)'}
Risk state: peak $99,703.60 | drawdown 0.19% | today +0.26% | halted: False
Market regime: NEUTRAL (position-size multiplier: 100% incl. circuit breaker 100%)
News: fetched 158, 2 new after dedup, 0 ticker(s) matched.
Quant pre-screen: 45/60 candidates passed.
Gemini proposed 2 trade(s) meeting the conviction bar.
Gemini calls used today (all models combined): 250
  -> {"ticker": "SLB", "status": "skipped", "reason": "below minimum trade size ($25) after position cap ($14,926.86), room ($9,951.24), regime multiplier (100%), and cash reserve ($4,975.62 kept of $2,352.38 cash)"}
  -> {"ticker": "TEL", "status": "skipped", "reason": "below minimum trade size ($25) after position cap ($14,926.86), room ($9,951.24), regime multiplier (100%), and cash reserve ($4,975.62 kept of $2,352.38 cash)"}
Overnight queue cleared after verification.
Dashboard watchlist synced (16 symbols) for news/headlines.
Ending portfolio value: $99,512.78
Trade journal: no closed trades yet
Performance: Total return -0.32% | Max drawdown 12.37% | Daily Sharpe 0.30 | Open positions: 14 | Equity $99,512.39
Timings: account: 0.0s | risk: 5.6s | decide: 3.7s | watchlist: 0.1s | perf: 0.2s

=== Run at 2026-08-14T16:20:29.901177 ===
Current time: 2026-08-14 12:20 PM EDT | Market open (per Alpaca): True | Session: REGULAR
Account value: $99,503.31
Cash: $2,352.38 | Holdings (14): {'CEG': '35.6034 sh (+2.16%)', 'CHD': '97.9637 sh (-0.41%)', 'COHR': '7.9896 sh (-4.75%)', 'CVX': '24.8836 sh (+1.61%)', 'GEHC': '0.6136 sh (-0.23%)', 'IVZ': '306.9138 sh (+1.40%)', 'LMT': '16.3555 sh (+0.17%)', 'MS': '43.8344 sh (-1.91%)', 'MSI': '21.1281 sh (-0.60%)', 'NUE': '36.5544 sh (-1.12%)', 'NVDA': '44.2888 sh (+0.63%)', 'NWS': '303.7199 sh (+1.53%)', 'STLD': '0.9216 sh (-1.84%)', 'WSM': '0.1026 sh (-1.58%)'}
Risk state: peak $99,703.60 | drawdown 0.20% | today +0.25% | halted: False
Market regime: NEUTRAL (position-size multiplier: 100% incl. circuit breaker 100%)
News: fetched 158, 2 new after dedup, 0 ticker(s) matched.
Quant pre-screen: 45/60 candidates passed.
Gemini proposed 3 trade(s) meeting the conviction bar.
Gemini calls used today (all models combined): 251
  -> {"ticker": "SLB", "status": "skipped", "reason": "below minimum trade size ($25) after position cap ($14,925.50), room ($9,950.33), regime multiplier (100%), and cash reserve ($4,975.17 kept of $2,352.38 cash)"}
  -> {"ticker": "HAL", "status": "skipped", "reason": "below minimum trade size ($25) after position cap ($14,925.50), room ($9,950.33), regime multiplier (100%), and cash reserve ($4,975.17 kept of $2,352.38 cash)"}
  -> {"ticker": "TEL", "status": "skipped", "reason": "below minimum trade size ($25) after position cap ($14,925.50), room ($9,950.33), regime multiplier (100%), and cash reserve ($4,975.17 kept of $2,352.38 cash)"}
Overnight queue cleared after verification.
Dashboard watchlist synced (17 symbols) for news/headlines.
Ending portfolio value: $99,512.38
Trade journal: no closed trades yet
Performance: Total return -0.32% | Max drawdown 12.37% | Daily Sharpe 0.30 | Open positions: 14 | Equity $99,503.31
Timings: account: 0.0s | risk: 4.4s | decide: 4.4s | watchlist: 0.1s | perf: 0.2s

=== Run at 2026-08-14T16:22:28.749060 ===
Current time: 2026-08-14 12:22 PM EDT | Market open (per Alpaca): True | Session: REGULAR
Account value: $99,495.32
Cash: $2,352.38 | Holdings (14): {'CEG': '35.6034 sh (+2.12%)', 'CHD': '97.9637 sh (-0.45%)', 'COHR': '7.9896 sh (-4.75%)', 'CVX': '24.8836 sh (+1.60%)', 'GEHC': '0.6136 sh (-0.31%)', 'IVZ': '306.9138 sh (+1.27%)', 'LMT': '16.3555 sh (+0.18%)', 'MS': '43.8344 sh (-1.93%)', 'MSI': '21.1281 sh (-0.56%)', 'NUE': '36.5544 sh (-1.09%)', 'NVDA': '44.2888 sh (+0.73%)', 'NWS': '303.7199 sh (+1.50%)', 'STLD': '0.9216 sh (-1.88%)', 'WSM': '0.1026 sh (-1.75%)'}
Risk state: peak $99,703.60 | drawdown 0.21% | today +0.24% | halted: False
Market regime: NEUTRAL (position-size multiplier: 100% incl. circuit breaker 100%)
News: fetched 157, 3 new after dedup, 0 ticker(s) matched.
Quant pre-screen: 45/60 candidates passed.
Gemini proposed 2 trade(s) meeting the conviction bar.
Gemini calls used today (all models combined): 252
  -> {"ticker": "TEL", "status": "skipped", "reason": "below minimum trade size ($25) after position cap ($14,924.30), room ($9,949.53), regime multiplier (100%), and cash reserve ($4,974.77 kept of $2,352.38 cash)"}
  -> {"ticker": "TDY", "status": "skipped", "reason": "below minimum trade size ($25) after position cap ($14,924.30), room ($9,949.53), regime multiplier (100%), and cash reserve ($4,974.77 kept of $2,352.38 cash)"}
Overnight queue cleared after verification.
Dashboard watchlist synced (16 symbols) for news/headlines.
Ending portfolio value: $99,492.51
Trade journal: no closed trades yet
Performance: Total return -0.34% | Max drawdown 12.37% | Daily Sharpe 0.29 | Open positions: 14 | Equity $99,495.32
Timings: account: 0.0s | risk: 5.3s | decide: 4.2s | watchlist: 0.1s | perf: 0.2s

=== Run at 2026-08-14T16:24:27.894530 ===
Current time: 2026-08-14 12:24 PM EDT | Market open (per Alpaca): True | Session: REGULAR
Account value: $99,481.48
Cash: $2,352.38 | Holdings (14): {'CEG': '35.6034 sh (+2.22%)', 'CHD': '97.9637 sh (-0.49%)', 'COHR': '7.9896 sh (-4.44%)', 'CVX': '24.8836 sh (+1.62%)', 'GEHC': '0.6136 sh (-0.25%)', 'IVZ': '306.9138 sh (+1.15%)', 'LMT': '16.3555 sh (+0.08%)', 'MS': '43.8344 sh (-2.00%)', 'MSI': '21.1281 sh (-0.52%)', 'NUE': '36.5544 sh (-1.10%)', 'NVDA': '44.2888 sh (+0.69%)', 'NWS': '303.7199 sh (+1.50%)', 'STLD': '0.9216 sh (-1.90%)', 'WSM': '0.1026 sh (-1.76%)'}
Risk state: peak $99,703.60 | drawdown 0.22% | today +0.23% | halted: False
Market regime: NEUTRAL (position-size multiplier: 100% incl. circuit breaker 100%)
News: fetched 157, 2 new after dedup, 4 ticker(s) matched.
Quant pre-screen: 15/19 candidates passed.
Gemini proposed 0 trade(s) meeting the conviction bar.
Gemini calls used today (all models combined): 253
Overnight queue cleared after verification.
Dashboard watchlist synced (18 symbols) for news/headlines.
Ending portfolio value: $99,478.83
Trade journal: no closed trades yet
Performance: Total return -0.35% | Max drawdown 12.37% | Daily Sharpe 0.29 | Open positions: 14 | Equity $99,481.48
Timings: account: 0.0s | risk: 5.5s | decide: 10.2s | watchlist: 0.2s | perf: 0.3s

=== Run at 2026-08-14T16:26:28.636081 ===
Current time: 2026-08-14 12:26 PM EDT | Market open (per Alpaca): True | Session: REGULAR
Account value: $99,503.82
Cash: $2,352.38 | Holdings (14): {'CEG': '35.6034 sh (+2.20%)', 'CHD': '97.9637 sh (-0.49%)', 'COHR': '7.9896 sh (-4.29%)', 'CVX': '24.8836 sh (+1.66%)', 'GEHC': '0.6136 sh (-0.25%)', 'IVZ': '306.9138 sh (+1.17%)', 'LMT': '16.3555 sh (+0.16%)', 'MS': '43.8344 sh (-2.02%)', 'MSI': '21.1281 sh (-0.49%)', 'NUE': '36.5544 sh (-1.04%)', 'NVDA': '44.2888 sh (+0.74%)', 'NWS': '303.7199 sh (+1.47%)', 'STLD': '0.9216 sh (-1.71%)', 'WSM': '0.1026 sh (-1.75%)'}
Risk state: peak $99,703.60 | drawdown 0.20% | today +0.25% | halted: False
Market regime: NEUTRAL (position-size multiplier: 100% incl. circuit breaker 100%)
News: fetched 158, 1 new after dedup, 0 ticker(s) matched.
Quant pre-screen: 45/60 candidates passed.
Gemini proposed 3 trade(s) meeting the conviction bar.
Gemini calls used today (all models combined): 254
  -> {"ticker": "SLB", "status": "skipped", "reason": "below minimum trade size ($25) after position cap ($14,925.57), room ($9,950.38), regime multiplier (100%), and cash reserve ($4,975.19 kept of $2,352.38 cash)"}
  -> {"ticker": "HAL", "status": "skipped", "reason": "below minimum trade size ($25) after position cap ($14,925.57), room ($9,950.38), regime multiplier (100%), and cash reserve ($4,975.19 kept of $2,352.38 cash)"}
  -> {"ticker": "RSG", "status": "skipped", "reason": "below minimum trade size ($25) after position cap ($14,925.57), room ($9,950.38), regime multiplier (100%), and cash reserve ($2,487.60 kept of $2,352.38 cash)"}
Overnight queue cleared after verification.
Dashboard watchlist synced (17 symbols) for news/headlines.
Ending portfolio value: $99,508.88
Trade journal: no closed trades yet
Performance: Total return -0.32% | Max drawdown 12.37% | Daily Sharpe 0.30 | Open positions: 14 | Equity $99,503.82
Timings: account: 0.0s | risk: 5.7s | decide: 3.3s | watchlist: 0.2s | perf: 0.3s

=== Run at 2026-08-14T16:28:24.039345 ===
Current time: 2026-08-14 12:28 PM EDT | Market open (per Alpaca): True | Session: REGULAR
Account value: $99,462.56
Cash: $2,352.38 | Holdings (14): {'CEG': '35.6034 sh (+2.10%)', 'CHD': '97.9637 sh (-0.50%)', 'COHR': '7.9896 sh (-4.38%)', 'CVX': '24.8836 sh (+1.57%)', 'GEHC': '0.6136 sh (-0.25%)', 'IVZ': '306.9138 sh (+1.14%)', 'LMT': '16.3555 sh (+0.16%)', 'MS': '43.8344 sh (-2.06%)', 'MSI': '21.1281 sh (-0.59%)', 'NUE': '36.5544 sh (-1.08%)', 'NVDA': '44.2888 sh (+0.70%)', 'NWS': '303.7199 sh (+1.47%)', 'STLD': '0.9216 sh (-1.81%)', 'WSM': '0.1026 sh (-1.68%)'}
Risk state: peak $99,703.60 | drawdown 0.24% | today +0.21% | halted: False
Market regime: NEUTRAL (position-size multiplier: 100% incl. circuit breaker 100%)
News: fetched 158, 4 new after dedup, 1 ticker(s) matched.
Quant pre-screen: 19/26 candidates passed.
Gemini proposed 2 trade(s) meeting the conviction bar.
Gemini calls used today (all models combined): 255
  -> {"ticker": "SLB", "status": "skipped", "reason": "below minimum trade size ($25) after position cap ($14,919.38), room ($9,946.26), regime multiplier (100%), and cash reserve ($2,486.56 kept of $2,352.38 cash)"}
  -> {"ticker": "HAL", "status": "skipped", "reason": "below minimum trade size ($25) after position cap ($14,919.38), room ($9,946.26), regime multiplier (100%), and cash reserve ($4,973.13 kept of $2,352.38 cash)"}
Overnight queue cleared after verification.
Dashboard watchlist synced (17 symbols) for news/headlines.
Ending portfolio value: $99,456.82
Trade journal: no closed trades yet
Performance: Total return -0.38% | Max drawdown 12.37% | Daily Sharpe 0.28 | Open positions: 14 | Equity $99,462.56
Timings: account: 0.0s | risk: 2.6s | decide: 5.1s | watchlist: 0.0s | perf: 0.1s

=== Run at 2026-08-14T16:30:33.257993 ===
Current time: 2026-08-14 12:30 PM EDT | Market open (per Alpaca): True | Session: REGULAR
Account value: $99,472.26
Cash: $2,352.38 | Holdings (14): {'CEG': '35.6034 sh (+2.03%)', 'CHD': '97.9637 sh (-0.40%)', 'COHR': '7.9896 sh (-4.46%)', 'CVX': '24.8836 sh (+1.53%)', 'GEHC': '0.6136 sh (-0.23%)', 'IVZ': '306.9138 sh (+1.07%)', 'LMT': '16.3555 sh (+0.14%)', 'MS': '43.8344 sh (-2.08%)', 'MSI': '21.1281 sh (-0.44%)', 'NUE': '36.5544 sh (-1.03%)', 'NVDA': '44.2888 sh (+0.71%)', 'NWS': '303.7199 sh (+1.47%)', 'STLD': '0.9216 sh (-1.72%)', 'WSM': '0.1026 sh (-1.68%)'}
Risk state: peak $99,703.60 | drawdown 0.23% | today +0.22% | halted: False
Market regime: NEUTRAL (position-size multiplier: 100% incl. circuit breaker 100%)
News: fetched 158, 0 new after dedup, 0 ticker(s) matched.
Quant pre-screen: 45/60 candidates passed.
Gemini proposed 2 trade(s) meeting the conviction bar.
Gemini calls used today (all models combined): 256
  -> {"ticker": "SLB", "status": "skipped", "reason": "below minimum trade size ($25) after position cap ($14,920.84), room ($9,947.23), regime multiplier (100%), and cash reserve ($2,486.81 kept of $2,352.38 cash)"}
  -> {"ticker": "TEL", "status": "skipped", "reason": "below minimum trade size ($25) after position cap ($14,920.84), room ($9,947.23), regime multiplier (100%), and cash reserve ($4,973.61 kept of $2,352.38 cash)"}
Overnight queue cleared after verification.
Dashboard watchlist synced (16 symbols) for news/headlines.
Ending portfolio value: $99,466.74
Trade journal: no closed trades yet
Performance: Total return -0.37% | Max drawdown 12.37% | Daily Sharpe 0.29 | Open positions: 14 | Equity $99,472.26
Timings: account: 0.0s | risk: 8.0s | decide: 6.4s | watchlist: 0.1s | perf: 0.2s

=== Run at 2026-08-14T16:32:28.620422 ===
Current time: 2026-08-14 12:32 PM EDT | Market open (per Alpaca): True | Session: REGULAR
Account value: $99,438.96
Cash: $2,352.38 | Holdings (14): {'CEG': '35.6034 sh (+1.97%)', 'CHD': '97.9637 sh (-0.43%)', 'COHR': '7.9896 sh (-4.56%)', 'CVX': '24.8836 sh (+1.49%)', 'GEHC': '0.6136 sh (-0.26%)', 'IVZ': '306.9138 sh (+1.05%)', 'LMT': '16.3555 sh (+0.09%)', 'MS': '43.8344 sh (-2.07%)', 'MSI': '21.1281 sh (-0.50%)', 'NUE': '36.5544 sh (-1.01%)', 'NVDA': '44.2888 sh (+0.55%)', 'NWS': '303.7199 sh (+1.53%)', 'STLD': '0.9216 sh (-1.67%)', 'WSM': '0.1026 sh (-1.69%)'}
Risk state: peak $99,703.60 | drawdown 0.27% | today +0.19% | halted: False
Market regime: NEUTRAL (position-size multiplier: 100% incl. circuit breaker 100%)
News: fetched 158, 0 new after dedup, 0 ticker(s) matched.
Quant pre-screen: 45/60 candidates passed.
Gemini proposed 2 trade(s) meeting the conviction bar.
Gemini calls used today (all models combined): 257
  -> {"ticker": "TEL", "status": "skipped", "reason": "below minimum trade size ($25) after position cap ($14,915.84), room ($9,943.90), regime multiplier (100%), and cash reserve ($4,971.95 kept of $2,352.38 cash)"}
  -> {"ticker": "TDY", "status": "skipped", "reason": "below minimum trade size ($25) after position cap ($14,915.84), room ($9,943.90), regime multiplier (100%), and cash reserve ($4,971.95 kept of $2,352.38 cash)"}
Overnight queue cleared after verification.
Dashboard watchlist synced (16 symbols) for news/headlines.
Ending portfolio value: $99,436.67
Trade journal: no closed trades yet
Performance: Total return -0.40% | Max drawdown 12.37% | Daily Sharpe 0.28 | Open positions: 14 | Equity $99,438.96
Timings: account: 0.0s | risk: 6.3s | decide: 3.1s | watchlist: 0.1s | perf: 0.2s

=== Run at 2026-08-14T16:34:29.345937 ===
Current time: 2026-08-14 12:34 PM EDT | Market open (per Alpaca): True | Session: REGULAR
Account value: $99,462.05
Cash: $2,352.38 | Holdings (14): {'CEG': '35.6034 sh (+2.01%)', 'CHD': '97.9637 sh (-0.26%)', 'COHR': '7.9896 sh (-4.73%)', 'CVX': '24.8836 sh (+1.58%)', 'GEHC': '0.6136 sh (-0.17%)', 'IVZ': '306.9138 sh (+1.06%)', 'LMT': '16.3555 sh (+0.08%)', 'MS': '43.8344 sh (-2.10%)', 'MSI': '21.1281 sh (-0.46%)', 'NUE': '36.5544 sh (-0.97%)', 'NVDA': '44.2888 sh (+0.50%)', 'NWS': '303.7199 sh (+1.56%)', 'STLD': '0.9216 sh (-1.62%)', 'WSM': '0.1026 sh (-1.58%)'}
Risk state: peak $99,703.60 | drawdown 0.24% | today +0.21% | halted: False
Market regime: NEUTRAL (position-size multiplier: 100% incl. circuit breaker 100%)
News: fetched 158, 3 new after dedup, 0 ticker(s) matched.
Quant pre-screen: 45/60 candidates passed.
Gemini proposed 2 trade(s) meeting the conviction bar.
Gemini calls used today (all models combined): 258
  -> {"ticker": "SLB", "status": "skipped", "reason": "below minimum trade size ($25) after position cap ($14,919.31), room ($9,946.21), regime multiplier (100%), and cash reserve ($2,486.55 kept of $2,352.38 cash)"}
  -> {"ticker": "TEL", "status": "skipped", "reason": "below minimum trade size ($25) after position cap ($14,919.31), room ($9,946.21), regime multiplier (100%), and cash reserve ($4,973.10 kept of $2,352.38 cash)"}
Overnight queue cleared after verification.
Dashboard watchlist synced (16 symbols) for news/headlines.
Ending portfolio value: $99,463.81
Trade journal: no closed trades yet
Performance: Total return -0.37% | Max drawdown 12.37% | Daily Sharpe 0.28 | Open positions: 14 | Equity $99,462.05
Timings: account: 0.0s | risk: 5.4s | decide: 3.4s | watchlist: 0.1s | perf: 0.2s

=== Run at 2026-08-14T16:36:34.194990 ===
Current time: 2026-08-14 12:36 PM EDT | Market open (per Alpaca): True | Session: REGULAR
Account value: $99,491.17
Cash: $2,352.38 | Holdings (14): {'CEG': '35.6034 sh (+2.07%)', 'CHD': '97.9637 sh (-0.26%)', 'COHR': '7.9896 sh (-4.37%)', 'CVX': '24.8836 sh (+1.51%)', 'GEHC': '0.6136 sh (-0.24%)', 'IVZ': '306.9138 sh (+1.07%)', 'LMT': '16.3555 sh (+0.09%)', 'MS': '43.8344 sh (-2.15%)', 'MSI': '21.1281 sh (-0.39%)', 'NUE': '36.5544 sh (-0.89%)', 'NVDA': '44.2888 sh (+0.56%)', 'NWS': '303.7199 sh (+1.53%)', 'STLD': '0.9216 sh (-1.62%)', 'WSM': '0.1026 sh (-1.50%)'}
Risk state: peak $99,703.60 | drawdown 0.21% | today +0.24% | halted: False
Market regime: NEUTRAL (position-size multiplier: 100% incl. circuit breaker 100%)
News: fetched 158, 4 new after dedup, 0 ticker(s) matched.
Quant pre-screen: 45/60 candidates passed.
Technical fallback (Gemini throttled/unavailable) proposed 49 trade(s) meeting the conviction bar.
Gemini calls used today (all models combined): 258
  -> {"ticker": "IVZ", "status": "skipped", "reason": "below minimum trade size ($25) after position cap ($14,923.68), room ($0.00), regime multiplier (100%), and cash reserve ($4,974.56 kept of $2,352.38 cash)"}
  -> {"ticker": "LMT", "status": "skipped", "reason": "below minimum trade size ($25) after position cap ($14,923.68), room ($17.98), regime multiplier (100%), and cash reserve ($4,974.56 kept of $2,352.38 cash)"}
  -> {"ticker": "MSI", "status": "skipped", "reason": "below minimum trade size ($25) after position cap ($14,923.68), room ($62.12), regime multiplier (100%), and cash reserve ($4,974.56 kept of $2,352.38 cash)"}
  -> {"ticker": "NWS", "status": "skipped", "reason": "below minimum trade size ($25) after position cap ($14,923.68), room ($0.00), regime multiplier (100%), and cash reserve ($4,974.56 kept of $2,352.38 cash)"}
  -> {"ticker": "CPRT", "status": "skipped", "reason": "below minimum trade size ($25) after position cap ($14,923.68), room ($9,949.12), regime multiplier (100%), and cash reserve ($4,974.56 kept of $2,352.38 cash)"}
  -> {"ticker": "HAL", "status": "skipped", "reason": "below minimum trade size ($25) after position cap ($14,923.68), room ($9,949.12), regime multiplier (100%), and cash reserve ($4,974.56 kept of $2,352.38 cash)"}
  -> {"ticker": "SLB", "status": "skipped", "reason": "below minimum trade size ($25) after position cap ($14,923.68), room ($9,949.12), regime multiplier (100%), and cash reserve ($4,974.56 kept of $2,352.38 cash)"}
  -> {"ticker": "RJF", "status": "skipped", "reason": "below minimum trade size ($25) after position cap ($14,923.68), room ($9,949.12), regime multiplier (100%), and cash reserve ($4,974.56 kept of $2,352.38 cash)"}
  -> {"ticker": "RL", "status": "skipped", "reason": "below minimum trade size ($25) after position cap ($14,923.68), room ($9,949.12), regime multiplier (100%), and cash reserve ($4,974.56 kept of $2,352.38 cash)"}
  -> {"ticker": "RMD", "status": "skipped", "reason": "below minimum trade size ($25) after position cap ($14,923.68), room ($9,949.12), regime multiplier (100%), and cash reserve ($4,974.56 kept of $2,352.38 cash)"}
  -> {"ticker": "ROP", "status": "skipped", "reason": "below minimum trade size ($25) after position cap ($14,923.68), room ($9,949.12), regime multiplier (100%), and cash reserve ($4,974.56 kept of $2,352.38 cash)"}
  -> {"ticker": "ROST", "status": "skipped", "reason": "below minimum trade size ($25) after position cap ($14,923.68), room ($9,949.12), regime multiplier (100%), and cash reserve ($4,974.56 kept of $2,352.38 cash)"}
  -> {"ticker": "RSG", "status": "skipped", "reason": "below minimum trade size ($25) after position cap ($14,923.68), room ($9,949.12), regime multiplier (100%), and cash reserve ($4,974.56 kept of $2,352.38 cash)"}
  -> {"ticker": "RTX", "status": "skipped", "reason": "below minimum trade size ($25) after position cap ($14,923.68), room ($9,949.12), regime multiplier (100%), and cash reserve ($4,974.56 kept of $2,352.38 cash)"}
  -> {"ticker": "RVTY", "status": "skipped", "reason": "below minimum trade size ($25) after position cap ($14,923.68), room ($9,949.12), regime multiplier (100%), and cash reserve ($4,974.56 kept of $2,352.38 cash)"}
  -> {"ticker": "SBAC", "status": "skipped", "reason": "below minimum trade size ($25) after position cap ($14,923.68), room ($9,949.12), regime multiplier (100%), and cash reserve ($4,974.56 kept of $2,352.38 cash)"}
  -> {"ticker": "SBUX", "status": "skipped", "reason": "below minimum trade size ($25) after position cap ($14,923.68), room ($9,949.12), regime multiplier (100%), and cash reserve ($4,974.56 kept of $2,352.38 cash)"}
  -> {"ticker": "SCHW", "status": "skipped", "reason": "below minimum trade size ($25) after position cap ($14,923.68), room ($9,949.12), regime multiplier (100%), and cash reserve ($4,974.56 kept of $2,352.38 cash)"}
  -> {"ticker": "SHW", "status": "skipped", "reason": "below minimum trade size ($25) after position cap ($14,923.68), room ($9,949.12), regime multiplier (100%), and cash reserve ($4,974.56 kept of $2,352.38 cash)"}
  -> {"ticker": "SJM", "status": "skipped", "reason": "below minimum trade size ($25) after position cap ($14,923.68), room ($9,949.12), regime multiplier (100%), and cash reserve ($4,974.56 kept of $2,352.38 cash)"}
  -> {"ticker": "SNDK", "status": "skipped", "reason": "below minimum trade size ($25) after position cap ($14,923.68), room ($9,949.12), regime multiplier (100%), and cash reserve ($4,974.56 kept of $2,352.38 cash)"}
  -> {"ticker": "SNPS", "status": "skipped", "reason": "below minimum trade size ($25) after position cap ($14,923.68), room ($9,949.12), regime multiplier (100%), and cash reserve ($4,974.56 kept of $2,352.38 cash)"}
  -> {"ticker": "SOLV", "status": "skipped", "reason": "below minimum trade size ($25) after position cap ($14,923.68), room ($9,949.12), regime multiplier (100%), and cash reserve ($4,974.56 kept of $2,352.38 cash)"}
  -> {"ticker": "STE", "status": "skipped", "reason": "below minimum trade size ($25) after position cap ($14,923.68), room ($9,949.12), regime multiplier (100%), and cash reserve ($4,974.56 kept of $2,352.38 cash)"}
  -> {"ticker": "STT", "status": "skipped", "reason": "below minimum trade size ($25) after position cap ($14,923.68), room ($9,949.12), regime multiplier (100%), and cash reserve ($4,974.56 kept of $2,352.38 cash)"}
  -> {"ticker": "STX", "status": "skipped", "reason": "below minimum trade size ($25) after position cap ($14,923.68), room ($9,949.12), regime multiplier (100%), and cash reserve ($4,974.56 kept of $2,352.38 cash)"}
  -> {"ticker": "STZ", "status": "skipped", "reason": "below minimum trade size ($25) after position cap ($14,923.68), room ($9,949.12), regime multiplier (100%), and cash reserve ($4,974.56 kept of $2,352.38 cash)"}
  -> {"ticker": "SW", "status": "skipped", "reason": "below minimum trade size ($25) after position cap ($14,923.68), room ($9,949.12), regime multiplier (100%), and cash reserve ($4,974.56 kept of $2,352.38 cash)"}
  -> {"ticker": "SWK", "status": "skipped", "reason": "below minimum trade size ($25) after position cap ($14,923.68), room ($9,949.12), regime multiplier (100%), and cash reserve ($4,974.56 kept of $2,352.38 cash)"}
  -> {"ticker": "SWKS", "status": "skipped", "reason": "below minimum trade size ($25) after position cap ($14,923.68), room ($9,949.12), regime multiplier (100%), and cash reserve ($4,974.56 kept of $2,352.38 cash)"}
  -> {"ticker": "SYF", "status": "skipped", "reason": "below minimum trade size ($25) after position cap ($14,923.68), room ($9,949.12), regime multiplier (100%), and cash reserve ($4,974.56 kept of $2,352.38 cash)"}
  -> {"ticker": "SYK", "status": "skipped", "reason": "below minimum trade size ($25) after position cap ($14,923.68), room ($9,949.12), regime multiplier (100%), and cash reserve ($4,974.56 kept of $2,352.38 cash)"}
  -> {"ticker": "T", "status": "skipped", "reason": "below minimum trade size ($25) after position cap ($14,923.68), room ($9,949.12), regime multiplier (100%), and cash reserve ($4,974.56 kept of $2,352.38 cash)"}
  -> {"ticker": "TAP", "status": "skipped", "reason": "below minimum trade size ($25) after position cap ($14,923.68), room ($9,949.12), regime multiplier (100%), and cash reserve ($4,974.56 kept of $2,352.38 cash)"}
  -> {"ticker": "TDY", "status": "skipped", "reason": "below minimum trade size ($25) after position cap ($14,923.68), room ($9,949.12), regime multiplier (100%), and cash reserve ($4,974.56 kept of $2,352.38 cash)"}
  -> {"ticker": "TECH", "status": "skipped", "reason": "below minimum trade size ($25) after position cap ($14,923.68), room ($9,949.12), regime multiplier (100%), and cash reserve ($4,974.56 kept of $2,352.38 cash)"}
  -> {"ticker": "TEL", "status": "skipped", "reason": "below minimum trade size ($25) after position cap ($14,923.68), room ($9,949.12), regime multiplier (100%), and cash reserve ($4,974.56 kept of $2,352.38 cash)"}
  -> {"ticker": "TER", "status": "skipped", "reason": "below minimum trade size ($25) after position cap ($14,923.68), room ($9,949.12), regime multiplier (100%), and cash reserve ($4,974.56 kept of $2,352.38 cash)"}
  -> {"ticker": "TFC", "status": "skipped", "reason": "below minimum trade size ($25) after position cap ($14,923.68), room ($9,949.12), regime multiplier (100%), and cash reserve ($4,974.56 kept of $2,352.38 cash)"}
  -> {"ticker": "TGT", "status": "skipped", "reason": "below minimum trade size ($25) after position cap ($14,923.68), room ($9,949.12), regime multiplier (100%), and cash reserve ($4,974.56 kept of $2,352.38 cash)"}
  -> {"ticker": "TKO", "status": "skipped", "reason": "below minimum trade size ($25) after position cap ($14,923.68), room ($9,949.12), regime multiplier (100%), and cash reserve ($4,974.56 kept of $2,352.38 cash)"}
  -> {"ticker": "TMO", "status": "skipped", "reason": "below minimum trade size ($25) after position cap ($14,923.68), room ($9,949.12), regime multiplier (100%), and cash reserve ($4,974.56 kept of $2,352.38 cash)"}
  -> {"ticker": "TMUS", "status": "skipped", "reason": "below minimum trade size ($25) after position cap ($14,923.68), room ($9,949.12), regime multiplier (100%), and cash reserve ($4,974.56 kept of $2,352.38 cash)"}
  -> {"ticker": "TPR", "status": "skipped", "reason": "below minimum trade size ($25) after position cap ($14,923.68), room ($9,949.12), regime multiplier (100%), and cash reserve ($4,974.56 kept of $2,352.38 cash)"}
  -> {"ticker": "TRGP", "status": "skipped", "reason": "below minimum trade size ($25) after position cap ($14,923.68), room ($9,949.12), regime multiplier (100%), and cash reserve ($4,974.56 kept of $2,352.38 cash)"}
  -> {"ticker": "TRMB", "status": "skipped", "reason": "below minimum trade size ($25) after position cap ($14,923.68), room ($9,949.12), regime multiplier (100%), and cash reserve ($4,974.56 kept of $2,352.38 cash)"}
  -> {"ticker": "TSCO", "status": "skipped", "reason": "below minimum trade size ($25) after position cap ($14,923.68), room ($9,949.12), regime multiplier (100%), and cash reserve ($4,974.56 kept of $2,352.38 cash)"}
  -> {"ticker": "TSLA", "status": "skipped", "reason": "below minimum trade size ($25) after position cap ($14,923.68), room ($9,949.12), regime multiplier (100%), and cash reserve ($4,974.56 kept of $2,352.38 cash)"}
  -> {"ticker": "TSN", "status": "skipped", "reason": "below minimum trade size ($25) after position cap ($14,923.68), room ($9,949.12), regime multiplier (100%), and cash reserve ($4,974.56 kept of $2,352.38 cash)"}
Overnight queue KEPT for next run (Gemini did not verify this round -- technical fallback or decision failure); will re-verify when available.
Run budget spent -- skipping dashboard watchlist sync.
Run budget spent -- skipping performance snapshot.
Trade journal: no closed trades yet
Performance: Total return -0.37% | Max drawdown 12.37% | Daily Sharpe 0.28 | Open positions: 14 | Equity $99,491.17
Timings: account: 0.0s | risk: 5.6s | decide: 51.2s | watchlist: 0.0s | perf: 0.0s

=== Run at 2026-08-14T16:38:25.181546 ===
Current time: 2026-08-14 12:38 PM EDT | Market open (per Alpaca): True | Session: REGULAR
Account value: $99,487.47
Cash: $2,352.38 | Holdings (14): {'CEG': '35.6034 sh (+2.09%)', 'CHD': '97.9637 sh (-0.30%)', 'COHR': '7.9896 sh (-4.54%)', 'CVX': '24.8836 sh (+1.56%)', 'GEHC': '0.6136 sh (-0.23%)', 'IVZ': '306.9138 sh (+1.06%)', 'LMT': '16.3555 sh (+0.10%)', 'MS': '43.8344 sh (-2.10%)', 'MSI': '21.1281 sh (-0.34%)', 'NUE': '36.5544 sh (-0.99%)', 'NVDA': '44.2888 sh (+0.51%)', 'NWS': '303.7199 sh (+1.61%)', 'STLD': '0.9216 sh (-1.68%)', 'WSM': '0.1026 sh (-1.44%)'}
Risk state: peak $99,703.60 | drawdown 0.22% | today +0.23% | halted: False
Market regime: NEUTRAL (position-size multiplier: 100% incl. circuit breaker 100%)
News: fetched 158, 0 new after dedup, 0 ticker(s) matched.
Quant pre-screen: 45/60 candidates passed.
Gemini proposed 1 trade(s) meeting the conviction bar.
Gemini calls used today (all models combined): 259
  -> {"ticker": "SLB", "status": "skipped", "reason": "below minimum trade size ($25) after position cap ($14,923.12), room ($9,948.75), regime multiplier (100%), and cash reserve ($4,974.37 kept of $2,352.38 cash)"}
Overnight queue cleared after verification.
Dashboard watchlist synced (15 symbols) for news/headlines.
Ending portfolio value: $99,483.42
Trade journal: no closed trades yet
Performance: Total return -0.35% | Max drawdown 12.37% | Daily Sharpe 0.29 | Open positions: 14 | Equity $99,487.47
Timings: account: 0.0s | risk: 4.7s | decide: 3.6s | watchlist: 0.1s | perf: 0.2s

=== Run at 2026-08-14T16:42:50.717088 ===
Current time: 2026-08-14 12:42 PM EDT | Market open (per Alpaca): True | Session: REGULAR
Account value: $99,485.91
Cash: $2,352.38 | Holdings (14): {'CEG': '35.6034 sh (+2.03%)', 'CHD': '97.9637 sh (-0.33%)', 'COHR': '7.9896 sh (-4.35%)', 'CVX': '24.8836 sh (+1.62%)', 'GEHC': '0.6136 sh (-0.21%)', 'IVZ': '306.9138 sh (+1.12%)', 'LMT': '16.3555 sh (+0.06%)', 'MS': '43.8344 sh (-2.01%)', 'MSI': '21.1281 sh (-0.42%)', 'NUE': '36.5544 sh (-0.97%)', 'NVDA': '44.2888 sh (+0.46%)', 'NWS': '303.7199 sh (+1.61%)', 'STLD': '0.9216 sh (-1.68%)', 'WSM': '0.1026 sh (-1.57%)'}
Risk state: peak $99,703.60 | drawdown 0.22% | today +0.23% | halted: False
Market regime: NEUTRAL (position-size multiplier: 100% incl. circuit breaker 100%)
News: fetched 158, 0 new after dedup, 0 ticker(s) matched.
Quant pre-screen: 45/60 candidates passed.
Gemini proposed 3 trade(s) meeting the conviction bar.
Gemini calls used today (all models combined): 260
  -> {"ticker": "SLB", "status": "skipped", "reason": "below minimum trade size ($25) after position cap ($14,922.89), room ($9,948.59), regime multiplier (100%), and cash reserve ($4,974.30 kept of $2,352.38 cash)"}
  -> {"ticker": "HAL", "status": "skipped", "reason": "below minimum trade size ($25) after position cap ($14,922.89), room ($9,948.59), regime multiplier (100%), and cash reserve ($4,974.30 kept of $2,352.38 cash)"}
  -> {"ticker": "TEL", "status": "skipped", "reason": "below minimum trade size ($25) after position cap ($14,922.89), room ($9,948.59), regime multiplier (100%), and cash reserve ($4,974.30 kept of $2,352.38 cash)"}
Overnight queue cleared after verification.
Dashboard watchlist synced (17 symbols) for news/headlines.
Ending portfolio value: $99,489.44
Trade journal: no closed trades yet
Performance: Total return -0.34% | Max drawdown 12.37% | Daily Sharpe 0.29 | Open positions: 14 | Equity $99,485.91
Timings: account: 0.0s | risk: 3.5s | decide: 4.8s | watchlist: 0.1s | perf: 0.1s
=== Run at 2026-08-14T16:42:01.659839 ===
Current time: 2026-08-14 12:42 PM EDT | Market open (per Alpaca): True | Session: REGULAR
Account value: $99,490.43
Cash: $2,352.38 | Holdings (14): {'CEG': '35.6034 sh (+2.09%)', 'CHD': '97.9637 sh (-0.32%)', 'COHR': '7.9896 sh (-4.30%)', 'CVX': '24.8836 sh (+1.62%)', 'GEHC': '0.6136 sh (-0.20%)', 'IVZ': '306.9138 sh (+1.06%)', 'LMT': '16.3555 sh (+0.10%)', 'MS': '43.8344 sh (-2.03%)', 'MSI': '21.1281 sh (-0.42%)', 'NUE': '36.5544 sh (-0.97%)', 'NVDA': '44.2888 sh (+0.46%)', 'NWS': '303.7199 sh (+1.61%)', 'STLD': '0.9216 sh (-1.71%)', 'WSM': '0.1026 sh (-1.52%)'}
Risk state: peak $99,703.60 | drawdown 0.21% | today +0.24% | halted: False
Market regime: NEUTRAL (position-size multiplier: 100% incl. circuit breaker 100%)
News: fetched 158, 4 new after dedup, 3 ticker(s) matched.
Quant pre-screen: 45/63 candidates passed.
Gemini proposed 2 trade(s) meeting the conviction bar.
Gemini calls used today (all models combined): 260
  -> {"ticker": "SLB", "status": "skipped", "reason": "below minimum trade size ($25) after position cap ($14,923.56), room ($9,949.04), regime multiplier (100%), and cash reserve ($4,974.52 kept of $2,352.38 cash)"}
  -> {"ticker": "SBUX", "status": "skipped", "reason": "below minimum trade size ($25) after position cap ($14,923.56), room ($9,949.04), regime multiplier (100%), and cash reserve ($4,974.52 kept of $2,352.38 cash)"}
Overnight queue cleared after verification.
Dashboard watchlist synced (19 symbols) for news/headlines.
Ending portfolio value: $99,485.13
Trade journal: no closed trades yet
Performance: Total return -0.35% | Max drawdown 12.37% | Daily Sharpe 0.29 | Open positions: 14 | Equity $99,490.43
Timings: account: 0.0s | risk: 6.1s | decide: 18.0s | watchlist: 0.2s | perf: 0.3s

=== Run at 2026-08-14T16:44:24.128534 ===
Current time: 2026-08-14 12:44 PM EDT | Market open (per Alpaca): True | Session: REGULAR
Account value: $99,486.44
Cash: $2,352.38 | Holdings (14): {'CEG': '35.6034 sh (+2.01%)', 'CHD': '97.9637 sh (-0.40%)', 'COHR': '7.9896 sh (-4.39%)', 'CVX': '24.8836 sh (+1.63%)', 'GEHC': '0.6136 sh (-0.27%)', 'IVZ': '306.9138 sh (+1.12%)', 'LMT': '16.3555 sh (+0.04%)', 'MS': '43.8344 sh (-1.97%)', 'MSI': '21.1281 sh (-0.46%)', 'NUE': '36.5544 sh (-0.90%)', 'NVDA': '44.2888 sh (+0.47%)', 'NWS': '303.7199 sh (+1.66%)', 'STLD': '0.9216 sh (-1.68%)', 'WSM': '0.1026 sh (-1.57%)'}
Risk state: peak $99,703.60 | drawdown 0.22% | today +0.23% | halted: False
Market regime: NEUTRAL (position-size multiplier: 100% incl. circuit breaker 100%)
News: fetched 158, 2 new after dedup, 0 ticker(s) matched.
Quant pre-screen: 45/60 candidates passed.
Gemini proposed 2 trade(s) meeting the conviction bar.
Gemini calls used today (all models combined): 261
  -> {"ticker": "SLB", "status": "skipped", "reason": "below minimum trade size ($25) after position cap ($14,922.97), room ($9,948.64), regime multiplier (100%), and cash reserve ($2,487.16 kept of $2,352.38 cash)"}
  -> {"ticker": "TEL", "status": "skipped", "reason": "below minimum trade size ($25) after position cap ($14,922.97), room ($9,948.64), regime multiplier (100%), and cash reserve ($4,974.32 kept of $2,352.38 cash)"}
Overnight queue cleared after verification.
Dashboard watchlist synced (16 symbols) for news/headlines.
Ending portfolio value: $99,475.25
Trade journal: no closed trades yet
Performance: Total return -0.36% | Max drawdown 12.37% | Daily Sharpe 0.29 | Open positions: 14 | Equity $99,486.44
Timings: account: 0.0s | risk: 3.7s | decide: 2.9s | watchlist: 0.0s | perf: 0.1s

=== Run at 2026-08-14T16:49:17.686938 ===
Current time: 2026-08-14 12:49 PM EDT | Market open (per Alpaca): True | Session: REGULAR
Account value: $99,487.36
Cash: $2,352.38 | Holdings (14): {'CEG': '35.6034 sh (+1.94%)', 'CHD': '97.9637 sh (-0.34%)', 'COHR': '7.9896 sh (-4.17%)', 'CVX': '24.8836 sh (+1.63%)', 'GEHC': '0.6136 sh (-0.25%)', 'IVZ': '306.9138 sh (+1.04%)', 'LMT': '16.3555 sh (+0.09%)', 'MS': '43.8344 sh (-1.96%)', 'MSI': '21.1281 sh (-0.50%)', 'NUE': '36.5544 sh (-0.84%)', 'NVDA': '44.2888 sh (+0.47%)', 'NWS': '303.7199 sh (+1.59%)', 'STLD': '0.9216 sh (-1.64%)', 'WSM': '0.1026 sh (-1.70%)'}
Risk state: peak $99,703.60 | drawdown 0.22% | today +0.23% | halted: False
Market regime: NEUTRAL (position-size multiplier: 100% incl. circuit breaker 100%)
News: fetched 158, 1 new after dedup, 0 ticker(s) matched.
Quant pre-screen: 45/60 candidates passed.
Gemini proposed 2 trade(s) meeting the conviction bar.
Gemini calls used today (all models combined): 262
  -> {"ticker": "TEL", "status": "skipped", "reason": "below minimum trade size ($25) after position cap ($14,923.10), room ($9,948.74), regime multiplier (100%), and cash reserve ($4,974.37 kept of $2,352.38 cash)"}
  -> {"ticker": "SLB", "status": "skipped", "reason": "below minimum trade size ($25) after position cap ($14,923.10), room ($9,948.74), regime multiplier (100%), and cash reserve ($2,487.18 kept of $2,352.38 cash)"}
Overnight queue cleared after verification.
Dashboard watchlist synced (16 symbols) for news/headlines.
Ending portfolio value: $99,490.96
Trade journal: no closed trades yet
Performance: Total return -0.34% | Max drawdown 12.37% | Daily Sharpe 0.29 | Open positions: 14 | Equity $99,487.36
Timings: account: 0.0s | risk: 5.0s | decide: 2.6s | watchlist: 0.0s | perf: 0.1s
=== Run at 2026-08-14T16:48:41.990473 ===
Current time: 2026-08-14 12:48 PM EDT | Market open (per Alpaca): True | Session: REGULAR
Account value: $99,472.08
Cash: $2,352.38 | Holdings (14): {'CEG': '35.6034 sh (+1.90%)', 'CHD': '97.9637 sh (-0.34%)', 'COHR': '7.9896 sh (-4.16%)', 'CVX': '24.8836 sh (+1.61%)', 'GEHC': '0.6136 sh (-0.32%)', 'IVZ': '306.9138 sh (+1.03%)', 'LMT': '16.3555 sh (+0.07%)', 'MS': '43.8344 sh (-2.01%)', 'MSI': '21.1281 sh (-0.50%)', 'NUE': '36.5544 sh (-0.84%)', 'NVDA': '44.2888 sh (+0.46%)', 'NWS': '303.7199 sh (+1.59%)', 'STLD': '0.9216 sh (-1.61%)', 'WSM': '0.1026 sh (-1.70%)'}
Risk state: peak $99,703.60 | drawdown 0.23% | today +0.22% | halted: False
Market regime: NEUTRAL (position-size multiplier: 100% incl. circuit breaker 100%)
News: fetched 158, 5 new after dedup, 0 ticker(s) matched.
Quant pre-screen: 45/60 candidates passed.
Gemini proposed 3 trade(s) meeting the conviction bar.
Gemini calls used today (all models combined): 262
  -> {"ticker": "SLB", "status": "skipped", "reason": "below minimum trade size ($25) after position cap ($14,920.81), room ($9,947.21), regime multiplier (100%), and cash reserve ($4,973.60 kept of $2,352.38 cash)"}
  -> {"ticker": "HAL", "status": "skipped", "reason": "below minimum trade size ($25) after position cap ($14,920.81), room ($9,947.21), regime multiplier (100%), and cash reserve ($4,973.60 kept of $2,352.38 cash)"}
  -> {"ticker": "TEL", "status": "skipped", "reason": "below minimum trade size ($25) after position cap ($14,920.81), room ($9,947.21), regime multiplier (100%), and cash reserve ($4,973.60 kept of $2,352.38 cash)"}
Overnight queue cleared after verification.
Dashboard watchlist synced (17 symbols) for news/headlines.
Ending portfolio value: $99,473.07
Trade journal: no closed trades yet
Performance: Total return -0.36% | Max drawdown 12.37% | Daily Sharpe 0.29 | Open positions: 14 | Equity $99,472.08
Timings: account: 0.0s | risk: 5.3s | decide: 4.6s | watchlist: 0.1s | perf: 0.2s

=== Run at 2026-08-14T16:50:39.035096 ===
Current time: 2026-08-14 12:50 PM EDT | Market open (per Alpaca): True | Session: REGULAR
Account value: $99,448.73
Cash: $2,352.38 | Holdings (14): {'CEG': '35.6034 sh (+1.85%)', 'CHD': '97.9637 sh (-0.38%)', 'COHR': '7.9896 sh (-4.21%)', 'CVX': '24.8836 sh (+1.81%)', 'GEHC': '0.6136 sh (-0.34%)', 'IVZ': '306.9138 sh (+0.93%)', 'LMT': '16.3555 sh (+0.06%)', 'MS': '43.8344 sh (-2.01%)', 'MSI': '21.1281 sh (-0.50%)', 'NUE': '36.5544 sh (-0.96%)', 'NVDA': '44.2888 sh (+0.46%)', 'NWS': '303.7199 sh (+1.59%)', 'STLD': '0.9216 sh (-1.72%)', 'WSM': '0.1026 sh (-1.65%)'}
Risk state: peak $99,703.60 | drawdown 0.26% | today +0.20% | halted: False
Market regime: NEUTRAL (position-size multiplier: 100% incl. circuit breaker 100%)
News: fetched 158, 3 new after dedup, 0 ticker(s) matched.
Quant pre-screen: 45/60 candidates passed.
Gemini proposed 2 trade(s) meeting the conviction bar.
Gemini calls used today (all models combined): 263
  -> {"ticker": "SLB", "status": "skipped", "reason": "below minimum trade size ($25) after position cap ($14,917.31), room ($9,944.87), regime multiplier (100%), and cash reserve ($2,486.22 kept of $2,352.38 cash)"}
  -> {"ticker": "HAL", "status": "skipped", "reason": "below minimum trade size ($25) after position cap ($14,917.31), room ($9,944.87), regime multiplier (100%), and cash reserve ($4,972.44 kept of $2,352.38 cash)"}
Overnight queue cleared after verification.
Dashboard watchlist synced (16 symbols) for news/headlines.
Ending portfolio value: $99,441.89
Trade journal: no closed trades yet
Performance: Total return -0.39% | Max drawdown 12.37% | Daily Sharpe 0.28 | Open positions: 14 | Equity $99,448.73
Timings: account: 0.0s | risk: 7.7s | decide: 3.7s | watchlist: 0.1s | perf: 0.3s

=== Run at 2026-08-14T16:52:31.648019 ===
Current time: 2026-08-14 12:52 PM EDT | Market open (per Alpaca): True | Session: REGULAR
Account value: $99,471.05
Cash: $2,352.38 | Holdings (14): {'CEG': '35.6034 sh (+1.83%)', 'CHD': '97.9637 sh (-0.39%)', 'COHR': '7.9896 sh (-4.23%)', 'CVX': '24.8836 sh (+1.85%)', 'GEHC': '0.6136 sh (-0.38%)', 'IVZ': '306.9138 sh (+0.96%)', 'LMT': '16.3555 sh (+0.15%)', 'MS': '43.8344 sh (-1.99%)', 'MSI': '21.1281 sh (-0.52%)', 'NUE': '36.5544 sh (-0.80%)', 'NVDA': '44.2888 sh (+0.44%)', 'NWS': '303.7199 sh (+1.56%)', 'STLD': '0.9216 sh (-1.60%)', 'WSM': '0.1026 sh (-1.67%)'}
Risk state: peak $99,703.60 | drawdown 0.23% | today +0.22% | halted: False
Market regime: NEUTRAL (position-size multiplier: 100% incl. circuit breaker 100%)
News: fetched 158, 3 new after dedup, 0 ticker(s) matched.
Quant pre-screen: 45/60 candidates passed.
Gemini proposed 2 trade(s) meeting the conviction bar.
Gemini calls used today (all models combined): 264
  -> {"ticker": "SLB", "status": "skipped", "reason": "below minimum trade size ($25) after position cap ($14,920.66), room ($9,947.11), regime multiplier (100%), and cash reserve ($2,486.78 kept of $2,352.38 cash)"}
  -> {"ticker": "HAL", "status": "skipped", "reason": "below minimum trade size ($25) after position cap ($14,920.66), room ($9,947.11), regime multiplier (100%), and cash reserve ($4,973.55 kept of $2,352.38 cash)"}
Overnight queue cleared after verification.
Dashboard watchlist synced (16 symbols) for news/headlines.
Ending portfolio value: $99,472.02
Trade journal: no closed trades yet
Performance: Total return -0.36% | Max drawdown 12.37% | Daily Sharpe 0.29 | Open positions: 14 | Equity $99,471.05
Timings: account: 0.0s | risk: 6.6s | decide: 3.8s | watchlist: 0.1s | perf: 0.2s

=== Run at 2026-08-14T16:54:27.787338 ===
Current time: 2026-08-14 12:54 PM EDT | Market open (per Alpaca): True | Session: REGULAR
Account value: $99,460.36
Cash: $2,352.38 | Holdings (14): {'CEG': '35.6034 sh (+1.79%)', 'CHD': '97.9637 sh (-0.44%)', 'COHR': '7.9896 sh (-4.45%)', 'CVX': '24.8836 sh (+1.88%)', 'GEHC': '0.6136 sh (-0.42%)', 'IVZ': '306.9138 sh (+1.01%)', 'LMT': '16.3555 sh (+0.11%)', 'MS': '43.8344 sh (-1.96%)', 'MSI': '21.1281 sh (-0.52%)', 'NUE': '36.5544 sh (-0.83%)', 'NVDA': '44.2888 sh (+0.43%)', 'NWS': '303.7199 sh (+1.58%)', 'STLD': '0.9216 sh (-1.65%)', 'WSM': '0.1026 sh (-1.67%)'}
Risk state: peak $99,703.60 | drawdown 0.24% | today +0.21% | halted: False
Market regime: NEUTRAL (position-size multiplier: 100% incl. circuit breaker 100%)
News: fetched 158, 3 new after dedup, 0 ticker(s) matched.
Quant pre-screen: 45/60 candidates passed.
Gemini proposed 2 trade(s) meeting the conviction bar.
Gemini calls used today (all models combined): 265
  -> {"ticker": "SLB", "status": "skipped", "reason": "below minimum trade size ($25) after position cap ($14,919.05), room ($9,946.04), regime multiplier (100%), and cash reserve ($4,973.02 kept of $2,352.38 cash)"}
  -> {"ticker": "HAL", "status": "skipped", "reason": "below minimum trade size ($25) after position cap ($14,919.05), room ($9,946.04), regime multiplier (100%), and cash reserve ($4,973.02 kept of $2,352.38 cash)"}
Overnight queue cleared after verification.
Dashboard watchlist synced (16 symbols) for news/headlines.
Ending portfolio value: $99,466.89
Trade journal: no closed trades yet
Performance: Total return -0.37% | Max drawdown 12.37% | Daily Sharpe 0.29 | Open positions: 14 | Equity $99,460.36
Timings: account: 0.0s | risk: 3.8s | decide: 20.1s | watchlist: 0.1s | perf: 0.1s

=== Run at 2026-08-14T16:56:23.645447 ===
Current time: 2026-08-14 12:56 PM EDT | Market open (per Alpaca): True | Session: REGULAR
Account value: $99,469.38
Cash: $2,352.38 | Holdings (14): {'CEG': '35.6034 sh (+1.74%)', 'CHD': '97.9637 sh (-0.38%)', 'COHR': '7.9896 sh (-4.55%)', 'CVX': '24.8836 sh (+1.89%)', 'GEHC': '0.6136 sh (-0.37%)', 'IVZ': '306.9138 sh (+1.03%)', 'LMT': '16.3555 sh (+0.17%)', 'MS': '43.8344 sh (-1.94%)', 'MSI': '21.1281 sh (-0.46%)', 'NUE': '36.5544 sh (-0.87%)', 'NVDA': '44.2888 sh (+0.44%)', 'NWS': '303.7199 sh (+1.56%)', 'STLD': '0.9216 sh (-1.75%)', 'WSM': '0.1026 sh (-1.70%)'}
Risk state: peak $99,703.60 | drawdown 0.23% | today +0.22% | halted: False
Market regime: NEUTRAL (position-size multiplier: 100% incl. circuit breaker 100%)
News: fetched 158, 2 new after dedup, 0 ticker(s) matched.
Quant pre-screen: 45/60 candidates passed.
Gemini proposed 2 trade(s) meeting the conviction bar.
Gemini calls used today (all models combined): 266
  -> {"ticker": "SLB", "status": "skipped", "reason": "below minimum trade size ($25) after position cap ($14,920.41), room ($9,946.94), regime multiplier (100%), and cash reserve ($4,973.47 kept of $2,352.38 cash)"}
  -> {"ticker": "HAL", "status": "skipped", "reason": "below minimum trade size ($25) after position cap ($14,920.41), room ($9,946.94), regime multiplier (100%), and cash reserve ($4,973.47 kept of $2,352.38 cash)"}
Overnight queue cleared after verification.
Dashboard watchlist synced (16 symbols) for news/headlines.
Ending portfolio value: $99,469.98
Trade journal: no closed trades yet
Performance: Total return -0.36% | Max drawdown 12.37% | Daily Sharpe 0.29 | Open positions: 14 | Equity $99,469.38
Timings: account: 0.0s | risk: 2.7s | decide: 3.5s | watchlist: 0.0s | perf: 0.1s

=== Run at 2026-08-14T16:58:24.769584 ===
Current time: 2026-08-14 12:58 PM EDT | Market open (per Alpaca): True | Session: REGULAR
Account value: $99,432.91
Cash: $2,352.38 | Holdings (14): {'CEG': '35.6034 sh (+1.82%)', 'CHD': '97.9637 sh (-0.37%)', 'COHR': '7.9896 sh (-4.67%)', 'CVX': '24.8836 sh (+1.91%)', 'GEHC': '0.6136 sh (-0.39%)', 'IVZ': '306.9138 sh (+0.98%)', 'LMT': '16.3555 sh (+0.14%)', 'MS': '43.8344 sh (-2.01%)', 'MSI': '21.1281 sh (-0.52%)', 'NUE': '36.5544 sh (-1.05%)', 'NVDA': '44.2888 sh (+0.40%)', 'NWS': '303.7199 sh (+1.56%)', 'STLD': '0.9216 sh (-2.03%)', 'WSM': '0.1026 sh (-1.70%)'}
Risk state: peak $99,703.60 | drawdown 0.27% | today +0.18% | halted: False
Market regime: NEUTRAL (position-size multiplier: 100% incl. circuit breaker 100%)
News: fetched 158, 2 new after dedup, 0 ticker(s) matched.
Quant pre-screen: 45/60 candidates passed.
Gemini proposed 1 trade(s) meeting the conviction bar.
Gemini calls used today (all models combined): 267
  -> {"ticker": "SLB", "status": "skipped", "reason": "below minimum trade size ($25) after position cap ($14,914.94), room ($9,943.29), regime multiplier (100%), and cash reserve ($2,485.82 kept of $2,352.38 cash)"}
Overnight queue cleared after verification.
Dashboard watchlist synced (15 symbols) for news/headlines.
Ending portfolio value: $99,426.47
Trade journal: no closed trades yet
Performance: Total return -0.41% | Max drawdown 12.37% | Daily Sharpe 0.28 | Open positions: 14 | Equity $99,432.91
Timings: account: 0.0s | risk: 4.0s | decide: 2.7s | watchlist: 0.0s | perf: 0.1s

=== Run at 2026-08-14T17:00:39.489005 ===
Current time: 2026-08-14 01:00 PM EDT | Market open (per Alpaca): True | Session: REGULAR
Account value: $99,442.12
Cash: $2,352.38 | Holdings (14): {'CEG': '35.6034 sh (+1.80%)', 'CHD': '97.9637 sh (-0.37%)', 'COHR': '7.9896 sh (-4.69%)', 'CVX': '24.8836 sh (+1.92%)', 'GEHC': '0.6136 sh (-0.42%)', 'IVZ': '306.9138 sh (+1.01%)', 'LMT': '16.3555 sh (+0.14%)', 'MS': '43.8344 sh (-2.02%)', 'MSI': '21.1281 sh (-0.52%)', 'NUE': '36.5544 sh (-1.04%)', 'NVDA': '44.2888 sh (+0.48%)', 'NWS': '303.7199 sh (+1.56%)', 'STLD': '0.9216 sh (-2.00%)', 'WSM': '0.1026 sh (-1.66%)'}
Risk state: peak $99,703.60 | drawdown 0.26% | today +0.19% | halted: False
Market regime: NEUTRAL (position-size multiplier: 100% incl. circuit breaker 100%)
News: fetched 58, 3 new after dedup, 0 ticker(s) matched.
Quant pre-screen: 9/12 candidates passed.
Gemini proposed 2 trade(s) meeting the conviction bar.
Gemini calls used today (all models combined): 268
  -> {"ticker": "SLB", "status": "skipped", "reason": "below minimum trade size ($25) after position cap ($14,916.32), room ($9,944.21), regime multiplier (100%), and cash reserve ($4,972.11 kept of $2,352.38 cash)"}
  -> {"ticker": "HAL", "status": "skipped", "reason": "below minimum trade size ($25) after position cap ($14,916.32), room ($9,944.21), regime multiplier (100%), and cash reserve ($4,972.11 kept of $2,352.38 cash)"}
Overnight queue cleared after verification.
Dashboard watchlist synced (16 symbols) for news/headlines.
Ending portfolio value: $99,445.47
Trade journal: no closed trades yet
Performance: Total return -0.39% | Max drawdown 12.37% | Daily Sharpe 0.28 | Open positions: 14 | Equity $99,442.12
Timings: account: 0.0s | risk: 9.6s | decide: 16.1s | watchlist: 0.2s | perf: 0.3s

=== Run at 2026-08-14T17:02:24.874112 ===
Current time: 2026-08-14 01:02 PM EDT | Market open (per Alpaca): True | Session: REGULAR
Account value: $99,414.10
Cash: $2,352.38 | Holdings (14): {'CEG': '35.6034 sh (+1.75%)', 'CHD': '97.9637 sh (-0.40%)', 'COHR': '7.9896 sh (-4.69%)', 'CVX': '24.8836 sh (+1.90%)', 'GEHC': '0.6136 sh (-0.42%)', 'IVZ': '306.9138 sh (+0.98%)', 'LMT': '16.3555 sh (+0.25%)', 'MS': '43.8344 sh (-2.08%)', 'MSI': '21.1281 sh (-0.60%)', 'NUE': '36.5544 sh (-1.16%)', 'NVDA': '44.2888 sh (+0.50%)', 'NWS': '303.7199 sh (+1.56%)', 'STLD': '0.9216 sh (-2.07%)', 'WSM': '0.1026 sh (-1.65%)'}
Risk state: peak $99,703.60 | drawdown 0.29% | today +0.16% | halted: False
Market regime: NEUTRAL (position-size multiplier: 100% incl. circuit breaker 100%)
News: fetched 158, 2 new after dedup, 0 ticker(s) matched.
Quant pre-screen: 17/24 candidates passed.
Gemini proposed 2 trade(s) meeting the conviction bar.
Gemini calls used today (all models combined): 269
  -> {"ticker": "HAL", "status": "skipped", "reason": "below minimum trade size ($25) after position cap ($14,912.11), room ($9,941.41), regime multiplier (100%), and cash reserve ($2,485.35 kept of $2,352.38 cash)"}
  -> {"ticker": "SLB", "status": "skipped", "reason": "below minimum trade size ($25) after position cap ($14,912.11), room ($9,941.41), regime multiplier (100%), and cash reserve ($4,970.71 kept of $2,352.38 cash)"}
Overnight queue cleared after verification.
Dashboard watchlist synced (16 symbols) for news/headlines.
Ending portfolio value: $99,427.97
Trade journal: no closed trades yet
Performance: Total return -0.41% | Max drawdown 12.37% | Daily Sharpe 0.28 | Open positions: 14 | Equity $99,414.10
Timings: account: 0.0s | risk: 6.1s | decide: 7.1s | watchlist: 0.0s | perf: 0.1s

=== Run at 2026-08-14T17:04:26.053922 ===
Current time: 2026-08-14 01:04 PM EDT | Market open (per Alpaca): True | Session: REGULAR
Account value: $99,418.08
Cash: $2,352.38 | Holdings (14): {'CEG': '35.6034 sh (+1.73%)', 'CHD': '97.9637 sh (-0.40%)', 'COHR': '7.9896 sh (-4.56%)', 'CVX': '24.8836 sh (+1.91%)', 'GEHC': '0.6136 sh (-0.43%)', 'IVZ': '306.9138 sh (+1.00%)', 'LMT': '16.3555 sh (+0.26%)', 'MS': '43.8344 sh (-2.07%)', 'MSI': '21.1281 sh (-0.62%)', 'NUE': '36.5544 sh (-1.14%)', 'NVDA': '44.2888 sh (+0.50%)', 'NWS': '303.7199 sh (+1.53%)', 'STLD': '0.9216 sh (-2.09%)', 'WSM': '0.1026 sh (-1.65%)'}
Risk state: peak $99,703.60 | drawdown 0.29% | today +0.16% | halted: False
Market regime: NEUTRAL (position-size multiplier: 100% incl. circuit breaker 100%)
News: fetched 158, 2 new after dedup, 0 ticker(s) matched.
Quant pre-screen: 26/36 candidates passed.
Gemini proposed 2 trade(s) meeting the conviction bar.
Gemini calls used today (all models combined): 270
  -> {"ticker": "HAL", "status": "skipped", "reason": "below minimum trade size ($25) after position cap ($14,912.71), room ($9,941.81), regime multiplier (100%), and cash reserve ($2,485.45 kept of $2,352.38 cash)"}
  -> {"ticker": "RSG", "status": "skipped", "reason": "below minimum trade size ($25) after position cap ($14,912.71), room ($9,941.81), regime multiplier (100%), and cash reserve ($2,485.45 kept of $2,352.38 cash)"}
Overnight queue cleared after verification.
Dashboard watchlist synced (16 symbols) for news/headlines.
Ending portfolio value: $99,417.40
Trade journal: no closed trades yet
Performance: Total return -0.42% | Max drawdown 12.37% | Daily Sharpe 0.27 | Open positions: 14 | Equity $99,418.08
Timings: account: 0.0s | risk: 5.4s | decide: 5.0s | watchlist: 0.1s | perf: 0.1s

=== Run at 2026-08-14T17:06:35.845630 ===
Current time: 2026-08-14 01:06 PM EDT | Market open (per Alpaca): True | Session: REGULAR
Account value: $99,412.73
Cash: $2,352.38 | Holdings (14): {'CEG': '35.6034 sh (+1.66%)', 'CHD': '97.9637 sh (-0.39%)', 'COHR': '7.9896 sh (-4.54%)', 'CVX': '24.8836 sh (+1.91%)', 'GEHC': '0.6136 sh (-0.42%)', 'IVZ': '306.9138 sh (+0.98%)', 'LMT': '16.3555 sh (+0.28%)', 'MS': '43.8344 sh (-2.05%)', 'MSI': '21.1281 sh (-0.64%)', 'NUE': '36.5544 sh (-1.14%)', 'NVDA': '44.2888 sh (+0.49%)', 'NWS': '303.7199 sh (+1.53%)', 'STLD': '0.9216 sh (-2.04%)', 'WSM': '0.1026 sh (-1.67%)'}
Risk state: peak $99,703.60 | drawdown 0.29% | today +0.16% | halted: False
Market regime: NEUTRAL (position-size multiplier: 100% incl. circuit breaker 100%)
News: fetched 58, 2 new after dedup, 0 ticker(s) matched.
Quant pre-screen: 36/48 candidates passed.
Gemini proposed 1 trade(s) meeting the conviction bar.
Gemini calls used today (all models combined): 271
  -> {"ticker": "TEL", "status": "skipped", "reason": "below minimum trade size ($25) after position cap ($14,911.91), room ($9,941.27), regime multiplier (100%), and cash reserve ($4,970.64 kept of $2,352.38 cash)"}
Overnight queue cleared after verification.
Dashboard watchlist synced (15 symbols) for news/headlines.
Ending portfolio value: $99,418.22
Trade journal: no closed trades yet
Performance: Total return -0.41% | Max drawdown 12.37% | Daily Sharpe 0.27 | Open positions: 14 | Equity $99,412.73
Timings: account: 0.0s | risk: 5.8s | decide: 4.2s | watchlist: 0.1s | perf: 0.2s

=== Run at 2026-08-14T17:08:30.720083 ===
Current time: 2026-08-14 01:08 PM EDT | Market open (per Alpaca): True | Session: REGULAR
Account value: $99,429.15
Cash: $2,352.38 | Holdings (14): {'CEG': '35.6034 sh (+1.76%)', 'CHD': '97.9637 sh (-0.36%)', 'COHR': '7.9896 sh (-4.46%)', 'CVX': '24.8836 sh (+1.94%)', 'GEHC': '0.6136 sh (-0.46%)', 'IVZ': '306.9138 sh (+0.98%)', 'LMT': '16.3555 sh (+0.27%)', 'MS': '43.8344 sh (-2.06%)', 'MSI': '21.1281 sh (-0.66%)', 'NUE': '36.5544 sh (-1.12%)', 'NVDA': '44.2888 sh (+0.48%)', 'NWS': '303.7199 sh (+1.56%)', 'STLD': '0.9216 sh (-2.06%)', 'WSM': '0.1026 sh (-1.63%)'}
Risk state: peak $99,703.60 | drawdown 0.28% | today +0.18% | halted: False
Market regime: NEUTRAL (position-size multiplier: 100% incl. circuit breaker 100%)
News: fetched 158, 2 new after dedup, 0 ticker(s) matched.
Quant pre-screen: 44/60 candidates passed.
Gemini proposed 2 trade(s) meeting the conviction bar.
Gemini calls used today (all models combined): 272
  -> {"ticker": "TEL", "status": "skipped", "reason": "below minimum trade size ($25) after position cap ($14,914.37), room ($9,942.92), regime multiplier (100%), and cash reserve ($4,971.46 kept of $2,352.38 cash)"}
  -> {"ticker": "TDY", "status": "skipped", "reason": "below minimum trade size ($25) after position cap ($14,914.37), room ($9,942.92), regime multiplier (100%), and cash reserve ($4,971.46 kept of $2,352.38 cash)"}
Overnight queue cleared after verification.
Dashboard watchlist synced (16 symbols) for news/headlines.
Ending portfolio value: $99,438.15
Trade journal: no closed trades yet
Performance: Total return -0.39% | Max drawdown 12.37% | Daily Sharpe 0.28 | Open positions: 14 | Equity $99,429.15
Timings: account: 0.0s | risk: 9.1s | decide: 7.0s | watchlist: 0.2s | perf: 0.3s

=== Run at 2026-08-14T17:10:32.753341 ===
Current time: 2026-08-14 01:10 PM EDT | Market open (per Alpaca): True | Session: REGULAR
Account value: $99,436.38
Cash: $2,352.38 | Holdings (14): {'CEG': '35.6034 sh (+1.83%)', 'CHD': '97.9637 sh (-0.29%)', 'COHR': '7.9896 sh (-4.53%)', 'CVX': '24.8836 sh (+1.94%)', 'GEHC': '0.6136 sh (-0.51%)', 'IVZ': '306.9138 sh (+0.95%)', 'LMT': '16.3555 sh (+0.29%)', 'MS': '43.8344 sh (-2.02%)', 'MSI': '21.1281 sh (-0.66%)', 'NUE': '36.5544 sh (-1.15%)', 'NVDA': '44.2888 sh (+0.50%)', 'NWS': '303.7199 sh (+1.50%)', 'STLD': '0.9216 sh (-2.02%)', 'WSM': '0.1026 sh (-1.67%)'}
Risk state: peak $99,703.60 | drawdown 0.27% | today +0.18% | halted: False
Market regime: NEUTRAL (position-size multiplier: 100% incl. circuit breaker 100%)
News: fetched 158, 3 new after dedup, 0 ticker(s) matched.
Quant pre-screen: 44/60 candidates passed.
Gemini proposed 2 trade(s) meeting the conviction bar.
Gemini calls used today (all models combined): 273
  -> {"ticker": "HAL", "status": "skipped", "reason": "below minimum trade size ($25) after position cap ($14,915.46), room ($9,943.64), regime multiplier (100%), and cash reserve ($2,485.91 kept of $2,352.38 cash)"}
  -> {"ticker": "TEL", "status": "skipped", "reason": "below minimum trade size ($25) after position cap ($14,915.46), room ($9,943.64), regime multiplier (100%), and cash reserve ($4,971.82 kept of $2,352.38 cash)"}
Overnight queue cleared after verification.
Dashboard watchlist synced (16 symbols) for news/headlines.
Ending portfolio value: $99,439.02
Trade journal: no closed trades yet
Performance: Total return -0.39% | Max drawdown 12.37% | Daily Sharpe 0.28 | Open positions: 14 | Equity $99,436.38
Timings: account: 0.0s | risk: 6.3s | decide: 3.2s | watchlist: 0.0s | perf: 0.1s

=== Run at 2026-08-14T17:12:32.368590 ===
Current time: 2026-08-14 01:12 PM EDT | Market open (per Alpaca): True | Session: REGULAR
Account value: $99,439.09
Cash: $2,352.38 | Holdings (14): {'CEG': '35.6034 sh (+1.85%)', 'CHD': '97.9637 sh (-0.27%)', 'COHR': '7.9896 sh (-4.52%)', 'CVX': '24.8836 sh (+1.97%)', 'GEHC': '0.6136 sh (-0.46%)', 'IVZ': '306.9138 sh (+0.93%)', 'LMT': '16.3555 sh (+0.21%)', 'MS': '43.8344 sh (-1.97%)', 'MSI': '21.1281 sh (-0.68%)', 'NUE': '36.5544 sh (-1.18%)', 'NVDA': '44.2888 sh (+0.56%)', 'NWS': '303.7199 sh (+1.52%)', 'STLD': '0.9216 sh (-2.06%)', 'WSM': '0.1026 sh (-1.64%)'}
Risk state: peak $99,703.60 | drawdown 0.27% | today +0.19% | halted: False
Market regime: NEUTRAL (position-size multiplier: 100% incl. circuit breaker 100%)
News: fetched 158, 0 new after dedup, 0 ticker(s) matched.
Quant pre-screen: 44/60 candidates passed.
Gemini proposed 2 trade(s) meeting the conviction bar.
Gemini calls used today (all models combined): 274
  -> {"ticker": "TEL", "status": "skipped", "reason": "below minimum trade size ($25) after position cap ($14,915.86), room ($9,943.91), regime multiplier (100%), and cash reserve ($4,971.95 kept of $2,352.38 cash)"}
  -> {"ticker": "TDY", "status": "skipped", "reason": "below minimum trade size ($25) after position cap ($14,915.86), room ($9,943.91), regime multiplier (100%), and cash reserve ($4,971.95 kept of $2,352.38 cash)"}
Overnight queue cleared after verification.
Dashboard watchlist synced (16 symbols) for news/headlines.
Ending portfolio value: $99,438.99
Trade journal: no closed trades yet
Performance: Total return -0.39% | Max drawdown 12.37% | Daily Sharpe 0.28 | Open positions: 14 | Equity $99,439.09
Timings: account: 0.0s | risk: 6.0s | decide: 3.8s | watchlist: 0.1s | perf: 0.2s

=== Run at 2026-08-14T17:14:26.510390 ===
Current time: 2026-08-14 01:14 PM EDT | Market open (per Alpaca): True | Session: REGULAR
Account value: $99,463.13
Cash: $2,352.38 | Holdings (14): {'CEG': '35.6034 sh (+1.94%)', 'CHD': '97.9637 sh (-0.28%)', 'COHR': '7.9896 sh (-4.58%)', 'CVX': '24.8836 sh (+1.94%)', 'GEHC': '0.6136 sh (-0.38%)', 'IVZ': '306.9138 sh (+1.00%)', 'LMT': '16.3555 sh (+0.35%)', 'MS': '43.8344 sh (-2.00%)', 'MSI': '21.1281 sh (-0.66%)', 'NUE': '36.5544 sh (-1.16%)', 'NVDA': '44.2888 sh (+0.52%)', 'NWS': '303.7199 sh (+1.52%)', 'STLD': '0.9216 sh (-2.04%)', 'WSM': '0.1026 sh (-1.64%)'}
Risk state: peak $99,703.60 | drawdown 0.24% | today +0.21% | halted: False
Market regime: NEUTRAL (position-size multiplier: 100% incl. circuit breaker 100%)
News: fetched 158, 0 new after dedup, 0 ticker(s) matched.
Quant pre-screen: 44/60 candidates passed.
Gemini proposed 1 trade(s) meeting the conviction bar.
Gemini calls used today (all models combined): 275
  -> {"ticker": "TEL", "status": "skipped", "reason": "below minimum trade size ($25) after position cap ($14,919.47), room ($9,946.31), regime multiplier (100%), and cash reserve ($4,973.16 kept of $2,352.38 cash)"}
Overnight queue cleared after verification.
Dashboard watchlist synced (15 symbols) for news/headlines.
Ending portfolio value: $99,455.83
Trade journal: no closed trades yet
Performance: Total return -0.38% | Max drawdown 12.37% | Daily Sharpe 0.28 | Open positions: 14 | Equity $99,463.13
Timings: account: 0.0s | risk: 8.6s | decide: 6.5s | watchlist: 0.1s | perf: 0.2s

=== Run at 2026-08-14T17:16:24.865236 ===
Current time: 2026-08-14 01:16 PM EDT | Market open (per Alpaca): True | Session: REGULAR
Account value: $99,478.74
Cash: $2,352.38 | Holdings (14): {'CEG': '35.6034 sh (+1.96%)', 'CHD': '97.9637 sh (-0.29%)', 'COHR': '7.9896 sh (-4.51%)', 'CVX': '24.8836 sh (+1.94%)', 'GEHC': '0.6136 sh (-0.40%)', 'IVZ': '306.9138 sh (+1.03%)', 'LMT': '16.3555 sh (+0.33%)', 'MS': '43.8344 sh (-1.97%)', 'MSI': '21.1281 sh (-0.75%)', 'NUE': '36.5544 sh (-0.96%)', 'NVDA': '44.2888 sh (+0.51%)', 'NWS': '303.7199 sh (+1.50%)', 'STLD': '0.9216 sh (-1.88%)', 'WSM': '0.1026 sh (-1.64%)'}
Risk state: peak $99,703.60 | drawdown 0.23% | today +0.23% | halted: False
Market regime: NEUTRAL (position-size multiplier: 100% incl. circuit breaker 100%)
News: fetched 158, 1 new after dedup, 0 ticker(s) matched.
Quant pre-screen: 44/60 candidates passed.
Gemini proposed 2 trade(s) meeting the conviction bar.
Gemini calls used today (all models combined): 276
  -> {"ticker": "TEL", "status": "skipped", "reason": "below minimum trade size ($25) after position cap ($14,921.81), room ($9,947.87), regime multiplier (100%), and cash reserve ($4,973.94 kept of $2,352.38 cash)"}
  -> {"ticker": "TDY", "status": "skipped", "reason": "below minimum trade size ($25) after position cap ($14,921.81), room ($9,947.87), regime multiplier (100%), and cash reserve ($4,973.94 kept of $2,352.38 cash)"}
Overnight queue cleared after verification.
Dashboard watchlist synced (16 symbols) for news/headlines.
Ending portfolio value: $99,468.11
Trade journal: no closed trades yet
Performance: Total return -0.36% | Max drawdown 12.37% | Daily Sharpe 0.29 | Open positions: 14 | Equity $99,478.74
Timings: account: 0.0s | risk: 12.5s | decide: 4.5s | watchlist: 0.0s | perf: 0.1s

=== Run at 2026-08-14T17:18:24.013659 ===
Current time: 2026-08-14 01:18 PM EDT | Market open (per Alpaca): True | Session: REGULAR
Account value: $99,462.23
Cash: $2,352.38 | Holdings (14): {'CEG': '35.6034 sh (+1.91%)', 'CHD': '97.9637 sh (-0.36%)', 'COHR': '7.9896 sh (-4.55%)', 'CVX': '24.8836 sh (+1.91%)', 'GEHC': '0.6136 sh (-0.41%)', 'IVZ': '306.9138 sh (+1.03%)', 'LMT': '16.3555 sh (+0.35%)', 'MS': '43.8344 sh (-2.03%)', 'MSI': '21.1281 sh (-0.76%)', 'NUE': '36.5544 sh (-0.94%)', 'NVDA': '44.2888 sh (+0.53%)', 'NWS': '303.7199 sh (+1.47%)', 'STLD': '0.9216 sh (-1.85%)', 'WSM': '0.1026 sh (-1.64%)'}
Risk state: peak $99,703.60 | drawdown 0.24% | today +0.21% | halted: False
Market regime: NEUTRAL (position-size multiplier: 100% incl. circuit breaker 100%)
News: fetched 158, 3 new after dedup, 0 ticker(s) matched.
Quant pre-screen: 44/60 candidates passed.
Gemini proposed 1 trade(s) meeting the conviction bar.
Gemini calls used today (all models combined): 277
  -> {"ticker": "HAL", "status": "skipped", "reason": "below minimum trade size ($25) after position cap ($14,919.33), room ($9,946.22), regime multiplier (100%), and cash reserve ($2,486.56 kept of $2,352.38 cash)"}
Overnight queue cleared after verification.
Dashboard watchlist synced (15 symbols) for news/headlines.
Ending portfolio value: $99,467.15
Trade journal: no closed trades yet
Performance: Total return -0.37% | Max drawdown 12.37% | Daily Sharpe 0.29 | Open positions: 14 | Equity $99,462.23
Timings: account: 0.0s | risk: 11.5s | decide: 16.1s | watchlist: 0.1s | perf: 0.2s

=== Run at 2026-08-14T17:20:32.270318 ===
Current time: 2026-08-14 01:20 PM EDT | Market open (per Alpaca): True | Session: REGULAR
Account value: $99,446.70
Cash: $2,352.38 | Holdings (14): {'CEG': '35.6034 sh (+1.87%)', 'CHD': '97.9637 sh (-0.40%)', 'COHR': '7.9896 sh (-4.58%)', 'CVX': '24.8836 sh (+1.90%)', 'GEHC': '0.6136 sh (-0.41%)', 'IVZ': '306.9138 sh (+0.98%)', 'LMT': '16.3555 sh (+0.33%)', 'MS': '43.8344 sh (-2.00%)', 'MSI': '21.1281 sh (-0.76%)', 'NUE': '36.5544 sh (-0.94%)', 'NVDA': '44.2888 sh (+0.53%)', 'NWS': '303.7199 sh (+1.47%)', 'STLD': '0.9216 sh (-1.85%)', 'WSM': '0.1026 sh (-1.68%)'}
Risk state: peak $99,703.60 | drawdown 0.26% | today +0.19% | halted: False
Market regime: NEUTRAL (position-size multiplier: 100% incl. circuit breaker 100%)
News: fetched 158, 1 new after dedup, 0 ticker(s) matched.
Quant pre-screen: 44/60 candidates passed.
Gemini proposed 1 trade(s) meeting the conviction bar.
Gemini calls used today (all models combined): 278
  -> {"ticker": "TEL", "status": "skipped", "reason": "below minimum trade size ($25) after position cap ($14,917.00), room ($9,944.67), regime multiplier (100%), and cash reserve ($4,972.34 kept of $2,352.38 cash)"}
Overnight queue cleared after verification.
Dashboard watchlist synced (15 symbols) for news/headlines.
Ending portfolio value: $99,453.30
Trade journal: no closed trades yet
Performance: Total return -0.38% | Max drawdown 12.37% | Daily Sharpe 0.28 | Open positions: 14 | Equity $99,446.70
Timings: account: 0.0s | risk: 7.6s | decide: 3.3s | watchlist: 0.0s | perf: 0.1s

=== Run at 2026-08-14T17:22:28.269656 ===
Current time: 2026-08-14 01:22 PM EDT | Market open (per Alpaca): True | Session: REGULAR
Account value: $99,480.79
Cash: $2,352.38 | Holdings (14): {'CEG': '35.6034 sh (+1.94%)', 'CHD': '97.9637 sh (-0.33%)', 'COHR': '7.9896 sh (-4.64%)', 'CVX': '24.8836 sh (+1.96%)', 'GEHC': '0.6136 sh (-0.32%)', 'IVZ': '306.9138 sh (+0.96%)', 'LMT': '16.3555 sh (+0.37%)', 'MS': '43.8344 sh (-1.99%)', 'MSI': '21.1281 sh (-0.76%)', 'NUE': '36.5544 sh (-0.83%)', 'NVDA': '44.2888 sh (+0.56%)', 'NWS': '303.7199 sh (+1.47%)', 'STLD': '0.9216 sh (-1.82%)', 'WSM': '0.1026 sh (-1.62%)'}
Risk state: peak $99,703.60 | drawdown 0.22% | today +0.23% | halted: False
Market regime: NEUTRAL (position-size multiplier: 100% incl. circuit breaker 100%)
News: fetched 158, 1 new after dedup, 0 ticker(s) matched.
Quant pre-screen: 44/60 candidates passed.
Gemini proposed 2 trade(s) meeting the conviction bar.
Gemini calls used today (all models combined): 279
  -> {"ticker": "HAL", "status": "skipped", "reason": "below minimum trade size ($25) after position cap ($14,922.12), room ($9,948.08), regime multiplier (100%), and cash reserve ($2,487.02 kept of $2,352.38 cash)"}
  -> {"ticker": "TEL", "status": "skipped", "reason": "below minimum trade size ($25) after position cap ($14,922.12), room ($9,948.08), regime multiplier (100%), and cash reserve ($4,974.04 kept of $2,352.38 cash)"}
Overnight queue cleared after verification.
Dashboard watchlist synced (16 symbols) for news/headlines.
Ending portfolio value: $99,483.06
Trade journal: no closed trades yet
Performance: Total return -0.35% | Max drawdown 12.37% | Daily Sharpe 0.29 | Open positions: 14 | Equity $99,480.79
Timings: account: 0.0s | risk: 8.9s | decide: 4.2s | watchlist: 0.2s | perf: 0.3s

=== Run at 2026-08-14T17:24:27.441323 ===
Current time: 2026-08-14 01:24 PM EDT | Market open (per Alpaca): True | Session: REGULAR
Account value: $99,450.62
Cash: $2,352.38 | Holdings (14): {'CEG': '35.6034 sh (+2.01%)', 'CHD': '97.9637 sh (-0.36%)', 'COHR': '7.9896 sh (-4.90%)', 'CVX': '24.8836 sh (+1.82%)', 'GEHC': '0.6136 sh (-0.28%)', 'IVZ': '306.9138 sh (+0.98%)', 'LMT': '16.3555 sh (+0.35%)', 'MS': '43.8344 sh (-1.99%)', 'MSI': '21.1281 sh (-0.75%)', 'NUE': '36.5544 sh (-0.92%)', 'NVDA': '44.2888 sh (+0.52%)', 'NWS': '303.7199 sh (+1.40%)', 'STLD': '0.9216 sh (-1.83%)', 'WSM': '0.1026 sh (-1.55%)'}
Risk state: peak $99,703.60 | drawdown 0.25% | today +0.20% | halted: False
Market regime: NEUTRAL (position-size multiplier: 100% incl. circuit breaker 100%)
News: fetched 158, 2 new after dedup, 0 ticker(s) matched.
Quant pre-screen: 44/60 candidates passed.
Gemini proposed 2 trade(s) meeting the conviction bar.
Gemini calls used today (all models combined): 280
  -> {"ticker": "TEL", "status": "skipped", "reason": "below minimum trade size ($25) after position cap ($14,917.59), room ($9,945.06), regime multiplier (100%), and cash reserve ($4,972.53 kept of $2,352.38 cash)"}
  -> {"ticker": "TDY", "status": "skipped", "reason": "below minimum trade size ($25) after position cap ($14,917.59), room ($9,945.06), regime multiplier (100%), and cash reserve ($4,972.53 kept of $2,352.38 cash)"}
Overnight queue cleared after verification.
Dashboard watchlist synced (16 symbols) for news/headlines.
Ending portfolio value: $99,439.23
Trade journal: no closed trades yet
Performance: Total return -0.39% | Max drawdown 12.37% | Daily Sharpe 0.28 | Open positions: 14 | Equity $99,450.62
Timings: account: 0.0s | risk: 5.9s | decide: 4.6s | watchlist: 0.0s | perf: 0.1s

=== Run at 2026-08-14T17:26:27.736068 ===
Current time: 2026-08-14 01:26 PM EDT | Market open (per Alpaca): True | Session: REGULAR
Account value: $99,416.06
Cash: $2,352.38 | Holdings (14): {'CEG': '35.6034 sh (+1.96%)', 'CHD': '97.9637 sh (-0.35%)', 'COHR': '7.9896 sh (-5.10%)', 'CVX': '24.8836 sh (+1.74%)', 'GEHC': '0.6136 sh (-0.24%)', 'IVZ': '306.9138 sh (+1.07%)', 'LMT': '16.3555 sh (+0.28%)', 'MS': '43.8344 sh (-1.98%)', 'MSI': '21.1281 sh (-0.76%)', 'NUE': '36.5544 sh (-1.04%)', 'NVDA': '44.2888 sh (+0.45%)', 'NWS': '303.7199 sh (+1.36%)', 'STLD': '0.9216 sh (-1.88%)', 'WSM': '0.1026 sh (-1.55%)'}
Risk state: peak $99,703.60 | drawdown 0.29% | today +0.16% | halted: False
Market regime: NEUTRAL (position-size multiplier: 100% incl. circuit breaker 100%)
News: fetched 158, 2 new after dedup, 4 ticker(s) matched.
Quant pre-screen: 16/18 candidates passed.
Gemini proposed 2 trade(s) meeting the conviction bar.
Gemini calls used today (all models combined): 281
  -> {"ticker": "WDAY", "status": "skipped", "reason": "below minimum trade size ($25) after position cap ($14,912.41), room ($9,941.61), regime multiplier (100%), and cash reserve ($2,485.40 kept of $2,352.38 cash)"}
  -> {"ticker": "HII", "status": "skipped", "reason": "below minimum trade size ($25) after position cap ($14,912.41), room ($9,941.61), regime multiplier (100%), and cash reserve ($4,970.80 kept of $2,352.38 cash)"}
Overnight queue cleared after verification.
Dashboard watchlist synced (19 symbols) for news/headlines.
Ending portfolio value: $99,420.72
Trade journal: no closed trades yet
Performance: Total return -0.41% | Max drawdown 12.37% | Daily Sharpe 0.27 | Open positions: 14 | Equity $99,416.06
Timings: account: 0.0s | risk: 8.4s | decide: 11.8s | watchlist: 0.1s | perf: 0.2s

=== Run at 2026-08-14T17:28:28.330909 ===
Current time: 2026-08-14 01:28 PM EDT | Market open (per Alpaca): True | Session: REGULAR
Account value: $99,436.82
Cash: $2,352.38 | Holdings (14): {'CEG': '35.6034 sh (+2.02%)', 'CHD': '97.9637 sh (-0.34%)', 'COHR': '7.9896 sh (-5.05%)', 'CVX': '24.8836 sh (+1.77%)', 'GEHC': '0.6136 sh (-0.20%)', 'IVZ': '306.9138 sh (+1.06%)', 'LMT': '16.3555 sh (+0.26%)', 'MS': '43.8344 sh (-1.97%)', 'MSI': '21.1281 sh (-0.75%)', 'NUE': '36.5544 sh (-1.01%)', 'NVDA': '44.2888 sh (+0.50%)', 'NWS': '303.7199 sh (+1.41%)', 'STLD': '0.9216 sh (-1.92%)', 'WSM': '0.1026 sh (-1.55%)'}
Risk state: peak $99,703.60 | drawdown 0.27% | today +0.18% | halted: False
Market regime: NEUTRAL (position-size multiplier: 100% incl. circuit breaker 100%)
News: fetched 58, 3 new after dedup, 0 ticker(s) matched.
Quant pre-screen: 44/60 candidates passed.
Gemini proposed 2 trade(s) meeting the conviction bar.
Gemini calls used today (all models combined): 282
  -> {"ticker": "HAL", "status": "skipped", "reason": "below minimum trade size ($25) after position cap ($14,915.52), room ($9,943.68), regime multiplier (100%), and cash reserve ($4,971.84 kept of $2,352.38 cash)"}
  -> {"ticker": "RL", "status": "skipped", "reason": "below minimum trade size ($25) after position cap ($14,915.52), room ($9,943.68), regime multiplier (100%), and cash reserve ($4,971.84 kept of $2,352.38 cash)"}
Overnight queue cleared after verification.
Dashboard watchlist synced (16 symbols) for news/headlines.
Ending portfolio value: $99,442.48
Trade journal: no closed trades yet
Performance: Total return -0.39% | Max drawdown 12.37% | Daily Sharpe 0.28 | Open positions: 14 | Equity $99,436.82
Timings: account: 0.0s | risk: 7.3s | decide: 2.8s | watchlist: 0.1s | perf: 0.2s

=== Run at 2026-08-14T17:30:30.602174 ===
Current time: 2026-08-14 01:30 PM EDT | Market open (per Alpaca): True | Session: REGULAR
Account value: $99,449.82
Cash: $2,352.38 | Holdings (14): {'CEG': '35.6034 sh (+1.96%)', 'CHD': '97.9637 sh (-0.38%)', 'COHR': '7.9896 sh (-4.93%)', 'CVX': '24.8836 sh (+1.78%)', 'GEHC': '0.6136 sh (-0.24%)', 'IVZ': '306.9138 sh (+1.06%)', 'LMT': '16.3555 sh (+0.30%)', 'MS': '43.8344 sh (-1.91%)', 'MSI': '21.1281 sh (-0.70%)', 'NUE': '36.5544 sh (-0.91%)', 'NVDA': '44.2888 sh (+0.47%)', 'NWS': '303.7199 sh (+1.38%)', 'STLD': '0.9216 sh (-1.77%)', 'WSM': '0.1026 sh (-1.51%)'}
Risk state: peak $99,703.60 | drawdown 0.25% | today +0.20% | halted: False
Market regime: NEUTRAL (position-size multiplier: 100% incl. circuit breaker 100%)
News: fetched 158, 1 new after dedup, 0 ticker(s) matched.
Quant pre-screen: 44/60 candidates passed.
Gemini proposed 2 trade(s) meeting the conviction bar.
Gemini calls used today (all models combined): 283
  -> {"ticker": "HAL", "status": "skipped", "reason": "below minimum trade size ($25) after position cap ($14,917.47), room ($9,944.98), regime multiplier (100%), and cash reserve ($4,972.49 kept of $2,352.38 cash)"}
  -> {"ticker": "TEL", "status": "skipped", "reason": "below minimum trade size ($25) after position cap ($14,917.47), room ($9,944.98), regime multiplier (100%), and cash reserve ($4,972.49 kept of $2,352.38 cash)"}
Overnight queue cleared after verification.
Dashboard watchlist synced (16 symbols) for news/headlines.
Ending portfolio value: $99,444.95
Trade journal: no closed trades yet
Performance: Total return -0.39% | Max drawdown 12.37% | Daily Sharpe 0.28 | Open positions: 14 | Equity $99,449.82
Timings: account: 0.0s | risk: 11.5s | decide: 5.1s | watchlist: 0.0s | perf: 0.1s

=== Run at 2026-08-14T17:32:26.891688 ===
Current time: 2026-08-14 01:32 PM EDT | Market open (per Alpaca): True | Session: REGULAR
Account value: $99,450.87
Cash: $2,352.38 | Holdings (14): {'CEG': '35.6034 sh (+1.95%)', 'CHD': '97.9637 sh (-0.37%)', 'COHR': '7.9896 sh (-4.81%)', 'CVX': '24.8836 sh (+1.83%)', 'GEHC': '0.6136 sh (-0.28%)', 'IVZ': '306.9138 sh (+1.03%)', 'LMT': '16.3555 sh (+0.27%)', 'MS': '43.8344 sh (-1.96%)', 'MSI': '21.1281 sh (-0.73%)', 'NUE': '36.5544 sh (-0.83%)', 'NVDA': '44.2888 sh (+0.51%)', 'NWS': '303.7199 sh (+1.35%)', 'STLD': '0.9216 sh (-1.59%)', 'WSM': '0.1026 sh (-1.53%)'}
Risk state: peak $99,703.60 | drawdown 0.25% | today +0.20% | halted: False
Market regime: NEUTRAL (position-size multiplier: 100% incl. circuit breaker 100%)
News: fetched 158, 1 new after dedup, 0 ticker(s) matched.
Quant pre-screen: 44/60 candidates passed.
Gemini proposed 2 trade(s) meeting the conviction bar.
Gemini calls used today (all models combined): 284
  -> {"ticker": "TEL", "status": "skipped", "reason": "below minimum trade size ($25) after position cap ($14,917.63), room ($9,945.09), regime multiplier (100%), and cash reserve ($4,972.54 kept of $2,352.38 cash)"}
  -> {"ticker": "TDY", "status": "skipped", "reason": "below minimum trade size ($25) after position cap ($14,917.63), room ($9,945.09), regime multiplier (100%), and cash reserve ($4,972.54 kept of $2,352.38 cash)"}
Overnight queue cleared after verification.
Dashboard watchlist synced (16 symbols) for news/headlines.
Ending portfolio value: $99,453.32
Trade journal: no closed trades yet
Performance: Total return -0.38% | Max drawdown 12.37% | Daily Sharpe 0.28 | Open positions: 14 | Equity $99,450.87
Timings: account: 0.0s | risk: 11.8s | decide: 4.2s | watchlist: 1.2s | perf: 0.5s

=== Run at 2026-08-14T17:34:27.204201 ===
Current time: 2026-08-14 01:34 PM EDT | Market open (per Alpaca): True | Session: REGULAR
Account value: $99,423.40
Cash: $2,352.38 | Holdings (14): {'CEG': '35.6034 sh (+1.92%)', 'CHD': '97.9637 sh (-0.44%)', 'COHR': '7.9896 sh (-4.66%)', 'CVX': '24.8836 sh (+1.75%)', 'GEHC': '0.6136 sh (-0.27%)', 'IVZ': '306.9138 sh (+0.98%)', 'LMT': '16.3555 sh (+0.22%)', 'MS': '43.8344 sh (-2.03%)', 'MSI': '21.1281 sh (-0.73%)', 'NUE': '36.5544 sh (-0.83%)', 'NVDA': '44.2888 sh (+0.49%)', 'NWS': '303.7199 sh (+1.35%)', 'STLD': '0.9216 sh (-1.63%)', 'WSM': '0.1026 sh (-1.53%)'}
Risk state: peak $99,703.60 | drawdown 0.28% | today +0.17% | halted: False
Market regime: NEUTRAL (position-size multiplier: 100% incl. circuit breaker 100%)
News: fetched 158, 1 new after dedup, 0 ticker(s) matched.
Quant pre-screen: 44/60 candidates passed.
Gemini proposed 2 trade(s) meeting the conviction bar.
Gemini calls used today (all models combined): 285
  -> {"ticker": "HAL", "status": "skipped", "reason": "below minimum trade size ($25) after position cap ($14,913.51), room ($9,942.34), regime multiplier (100%), and cash reserve ($4,971.17 kept of $2,352.38 cash)"}
  -> {"ticker": "TEL", "status": "skipped", "reason": "below minimum trade size ($25) after position cap ($14,913.51), room ($9,942.34), regime multiplier (100%), and cash reserve ($4,971.17 kept of $2,352.38 cash)"}
Overnight queue cleared after verification.
Dashboard watchlist synced (16 symbols) for news/headlines.
Ending portfolio value: $99,430.06
Trade journal: no closed trades yet
Performance: Total return -0.40% | Max drawdown 12.37% | Daily Sharpe 0.28 | Open positions: 14 | Equity $99,423.40
Timings: account: 0.0s | risk: 7.8s | decide: 2.8s | watchlist: 0.1s | perf: 0.2s

=== Run at 2026-08-14T17:36:27.161499 ===
Current time: 2026-08-14 01:36 PM EDT | Market open (per Alpaca): True | Session: REGULAR
Account value: $99,418.84
Cash: $2,352.38 | Holdings (14): {'CEG': '35.6034 sh (+1.88%)', 'CHD': '97.9637 sh (-0.45%)', 'COHR': '7.9896 sh (-4.57%)', 'CVX': '24.8836 sh (+1.77%)', 'GEHC': '0.6136 sh (-0.28%)', 'IVZ': '306.9138 sh (+0.95%)', 'LMT': '16.3555 sh (+0.18%)', 'MS': '43.8344 sh (-2.00%)', 'MSI': '21.1281 sh (-0.70%)', 'NUE': '36.5544 sh (-0.83%)', 'NVDA': '44.2888 sh (+0.50%)', 'NWS': '303.7199 sh (+1.32%)', 'STLD': '0.9216 sh (-1.54%)', 'WSM': '0.1026 sh (-1.53%)'}
Risk state: peak $99,703.60 | drawdown 0.29% | today +0.17% | halted: False
Market regime: NEUTRAL (position-size multiplier: 100% incl. circuit breaker 100%)
News: fetched 58, 5 new after dedup, 0 ticker(s) matched.
Quant pre-screen: 44/60 candidates passed.
Gemini proposed 3 trade(s) meeting the conviction bar.
Gemini calls used today (all models combined): 286
  -> {"ticker": "TEL", "status": "skipped", "reason": "below minimum trade size ($25) after position cap ($14,912.83), room ($9,941.88), regime multiplier (100%), and cash reserve ($4,970.94 kept of $2,352.38 cash)"}
  -> {"ticker": "HAL", "status": "skipped", "reason": "below minimum trade size ($25) after position cap ($14,912.83), room ($9,941.88), regime multiplier (100%), and cash reserve ($4,970.94 kept of $2,352.38 cash)"}
  -> {"ticker": "TEL", "status": "skipped", "reason": "below minimum trade size ($25) after position cap ($14,912.83), room ($9,941.88), regime multiplier (100%), and cash reserve ($4,970.94 kept of $2,352.38 cash)"}
Overnight queue cleared after verification.
Dashboard watchlist synced (16 symbols) for news/headlines.
Ending portfolio value: $99,408.34
Trade journal: no closed trades yet
Performance: Total return -0.42% | Max drawdown 12.37% | Daily Sharpe 0.27 | Open positions: 14 | Equity $99,418.84
Timings: account: 0.0s | risk: 7.8s | decide: 2.8s | watchlist: 0.0s | perf: 0.3s

=== Run at 2026-08-14T17:38:23.759283 ===
Current time: 2026-08-14 01:38 PM EDT | Market open (per Alpaca): True | Session: REGULAR
Account value: $99,392.86
Cash: $2,352.38 | Holdings (14): {'CEG': '35.6034 sh (+1.80%)', 'CHD': '97.9637 sh (-0.44%)', 'COHR': '7.9896 sh (-4.59%)', 'CVX': '24.8836 sh (+1.71%)', 'GEHC': '0.6136 sh (-0.36%)', 'IVZ': '306.9138 sh (+0.86%)', 'LMT': '16.3555 sh (+0.10%)', 'MS': '43.8344 sh (-2.01%)', 'MSI': '21.1281 sh (-0.73%)', 'NUE': '36.5544 sh (-0.76%)', 'NVDA': '44.2888 sh (+0.47%)', 'NWS': '303.7199 sh (+1.33%)', 'STLD': '0.9216 sh (-1.52%)', 'WSM': '0.1026 sh (-1.59%)'}
Risk state: peak $99,703.60 | drawdown 0.31% | today +0.14% | halted: False
Market regime: NEUTRAL (position-size multiplier: 100% incl. circuit breaker 100%)
News: fetched 158, 3 new after dedup, 0 ticker(s) matched.
Quant pre-screen: 44/60 candidates passed.
Gemini proposed 1 trade(s) meeting the conviction bar.
Gemini calls used today (all models combined): 287
  -> {"ticker": "TEL", "status": "skipped", "reason": "below minimum trade size ($25) after position cap ($14,908.93), room ($9,939.29), regime multiplier (100%), and cash reserve ($4,969.64 kept of $2,352.38 cash)"}
Overnight queue cleared after verification.
Dashboard watchlist synced (15 symbols) for news/headlines.
Ending portfolio value: $99,391.94
Trade journal: no closed trades yet
Performance: Total return -0.44% | Max drawdown 12.37% | Daily Sharpe 0.27 | Open positions: 14 | Equity $99,392.86
Timings: account: 0.0s | risk: 9.0s | decide: 2.7s | watchlist: 0.1s | perf: 0.2s

=== Run at 2026-08-14T17:40:30.346251 ===
Current time: 2026-08-14 01:40 PM EDT | Market open (per Alpaca): True | Session: REGULAR
Account value: $99,396.36
Cash: $2,352.38 | Holdings (14): {'CEG': '35.6034 sh (+1.75%)', 'CHD': '97.9637 sh (-0.44%)', 'COHR': '7.9896 sh (-4.62%)', 'CVX': '24.8836 sh (+1.71%)', 'GEHC': '0.6136 sh (-0.36%)', 'IVZ': '306.9138 sh (+0.87%)', 'LMT': '16.3555 sh (+0.09%)', 'MS': '43.8344 sh (-2.06%)', 'MSI': '21.1281 sh (-0.66%)', 'NUE': '36.5544 sh (-0.75%)', 'NVDA': '44.2888 sh (+0.52%)', 'NWS': '303.7199 sh (+1.35%)', 'STLD': '0.9216 sh (-1.57%)', 'WSM': '0.1026 sh (-1.57%)'}
Risk state: peak $99,703.60 | drawdown 0.31% | today +0.14% | halted: False
Market regime: NEUTRAL (position-size multiplier: 100% incl. circuit breaker 100%)
News: fetched 158, 1 new after dedup, 0 ticker(s) matched.
Quant pre-screen: 44/60 candidates passed.
Technical fallback (Gemini throttled/unavailable) proposed 49 trade(s) meeting the conviction bar.
Gemini calls used today (all models combined): 287
  -> {"ticker": "CVX", "status": "skipped", "reason": "below minimum trade size ($25) after position cap ($14,909.45), room ($4,936.79), regime multiplier (100%), and cash reserve ($4,969.82 kept of $2,352.38 cash)"}
  -> {"ticker": "IVZ", "status": "skipped", "reason": "below minimum trade size ($25) after position cap ($14,909.45), room ($0.00), regime multiplier (100%), and cash reserve ($4,969.82 kept of $2,352.38 cash)"}
  -> {"ticker": "LMT", "status": "skipped", "reason": "below minimum trade size ($25) after position cap ($14,909.45), room ($0.00), regime multiplier (100%), and cash reserve ($4,969.82 kept of $2,352.38 cash)"}
  -> {"ticker": "MSI", "status": "skipped", "reason": "below minimum trade size ($25) after position cap ($14,909.45), room ($83.80), regime multiplier (100%), and cash reserve ($4,969.82 kept of $2,352.38 cash)"}
  -> {"ticker": "NWS", "status": "skipped", "reason": "below minimum trade size ($25) after position cap ($14,909.45), room ($0.00), regime multiplier (100%), and cash reserve ($4,969.82 kept of $2,352.38 cash)"}
  -> {"ticker": "CPRT", "status": "skipped", "reason": "below minimum trade size ($25) after position cap ($14,909.45), room ($9,939.64), regime multiplier (100%), and cash reserve ($4,969.82 kept of $2,352.38 cash)"}
  -> {"ticker": "HAL", "status": "skipped", "reason": "below minimum trade size ($25) after position cap ($14,909.45), room ($9,939.64), regime multiplier (100%), and cash reserve ($4,969.82 kept of $2,352.38 cash)"}
  -> {"ticker": "RL", "status": "skipped", "reason": "below minimum trade size ($25) after position cap ($14,909.45), room ($9,939.64), regime multiplier (100%), and cash reserve ($4,969.82 kept of $2,352.38 cash)"}
  -> {"ticker": "RMD", "status": "skipped", "reason": "below minimum trade size ($25) after position cap ($14,909.45), room ($9,939.64), regime multiplier (100%), and cash reserve ($4,969.82 kept of $2,352.38 cash)"}
  -> {"ticker": "ROP", "status": "skipped", "reason": "below minimum trade size ($25) after position cap ($14,909.45), room ($9,939.64), regime multiplier (100%), and cash reserve ($4,969.82 kept of $2,352.38 cash)"}
  -> {"ticker": "RSG", "status": "skipped", "reason": "below minimum trade size ($25) after position cap ($14,909.45), room ($9,939.64), regime multiplier (100%), and cash reserve ($4,969.82 kept of $2,352.38 cash)"}
  -> {"ticker": "RTX", "status": "skipped", "reason": "below minimum trade size ($25) after position cap ($14,909.45), room ($9,939.64), regime multiplier (100%), and cash reserve ($4,969.82 kept of $2,352.38 cash)"}
  -> {"ticker": "RVTY", "status": "skipped", "reason": "below minimum trade size ($25) after position cap ($14,909.45), room ($9,939.64), regime multiplier (100%), and cash reserve ($4,969.82 kept of $2,352.38 cash)"}
  -> {"ticker": "SBAC", "status": "skipped", "reason": "below minimum trade size ($25) after position cap ($14,909.45), room ($9,939.64), regime multiplier (100%), and cash reserve ($4,969.82 kept of $2,352.38 cash)"}
  -> {"ticker": "SBUX", "status": "skipped", "reason": "below minimum trade size ($25) after position cap ($14,909.45), room ($9,939.64), regime multiplier (100%), and cash reserve ($4,969.82 kept of $2,352.38 cash)"}
  -> {"ticker": "SCHW", "status": "skipped", "reason": "below minimum trade size ($25) after position cap ($14,909.45), room ($9,939.64), regime multiplier (100%), and cash reserve ($4,969.82 kept of $2,352.38 cash)"}
  -> {"ticker": "SHW", "status": "skipped", "reason": "below minimum trade size ($25) after position cap ($14,909.45), room ($9,939.64), regime multiplier (100%), and cash reserve ($4,969.82 kept of $2,352.38 cash)"}
  -> {"ticker": "SJM", "status": "skipped", "reason": "below minimum trade size ($25) after position cap ($14,909.45), room ($9,939.64), regime multiplier (100%), and cash reserve ($4,969.82 kept of $2,352.38 cash)"}
  -> {"ticker": "SLB", "status": "skipped", "reason": "below minimum trade size ($25) after position cap ($14,909.45), room ($9,939.64), regime multiplier (100%), and cash reserve ($4,969.82 kept of $2,352.38 cash)"}
  -> {"ticker": "SNDK", "status": "skipped", "reason": "below minimum trade size ($25) after position cap ($14,909.45), room ($9,939.64), regime multiplier (100%), and cash reserve ($4,969.82 kept of $2,352.38 cash)"}
  -> {"ticker": "SNPS", "status": "skipped", "reason": "below minimum trade size ($25) after position cap ($14,909.45), room ($9,939.64), regime multiplier (100%), and cash reserve ($4,969.82 kept of $2,352.38 cash)"}
  -> {"ticker": "SOLV", "status": "skipped", "reason": "below minimum trade size ($25) after position cap ($14,909.45), room ($9,939.64), regime multiplier (100%), and cash reserve ($4,969.82 kept of $2,352.38 cash)"}
  -> {"ticker": "STE", "status": "skipped", "reason": "below minimum trade size ($25) after position cap ($14,909.45), room ($9,939.64), regime multiplier (100%), and cash reserve ($4,969.82 kept of $2,352.38 cash)"}
  -> {"ticker": "STT", "status": "skipped", "reason": "below minimum trade size ($25) after position cap ($14,909.45), room ($9,939.64), regime multiplier (100%), and cash reserve ($4,969.82 kept of $2,352.38 cash)"}
  -> {"ticker": "STX", "status": "skipped", "reason": "below minimum trade size ($25) after position cap ($14,909.45), room ($9,939.64), regime multiplier (100%), and cash reserve ($4,969.82 kept of $2,352.38 cash)"}
  -> {"ticker": "STZ", "status": "skipped", "reason": "below minimum trade size ($25) after position cap ($14,909.45), room ($9,939.64), regime multiplier (100%), and cash reserve ($4,969.82 kept of $2,352.38 cash)"}
  -> {"ticker": "SW", "status": "skipped", "reason": "below minimum trade size ($25) after position cap ($14,909.45), room ($9,939.64), regime multiplier (100%), and cash reserve ($4,969.82 kept of $2,352.38 cash)"}
  -> {"ticker": "SWK", "status": "skipped", "reason": "below minimum trade size ($25) after position cap ($14,909.45), room ($9,939.64), regime multiplier (100%), and cash reserve ($4,969.82 kept of $2,352.38 cash)"}
  -> {"ticker": "SWKS", "status": "skipped", "reason": "below minimum trade size ($25) after position cap ($14,909.45), room ($9,939.64), regime multiplier (100%), and cash reserve ($4,969.82 kept of $2,352.38 cash)"}
  -> {"ticker": "SYF", "status": "skipped", "reason": "below minimum trade size ($25) after position cap ($14,909.45), room ($9,939.64), regime multiplier (100%), and cash reserve ($4,969.82 kept of $2,352.38 cash)"}
  -> {"ticker": "SYK", "status": "skipped", "reason": "below minimum trade size ($25) after position cap ($14,909.45), room ($9,939.64), regime multiplier (100%), and cash reserve ($4,969.82 kept of $2,352.38 cash)"}
  -> {"ticker": "SYY", "status": "skipped", "reason": "below minimum trade size ($25) after position cap ($14,909.45), room ($9,939.64), regime multiplier (100%), and cash reserve ($4,969.82 kept of $2,352.38 cash)"}
  -> {"ticker": "T", "status": "skipped", "reason": "below minimum trade size ($25) after position cap ($14,909.45), room ($9,939.64), regime multiplier (100%), and cash reserve ($4,969.82 kept of $2,352.38 cash)"}
  -> {"ticker": "TAP", "status": "skipped", "reason": "below minimum trade size ($25) after position cap ($14,909.45), room ($9,939.64), regime multiplier (100%), and cash reserve ($4,969.82 kept of $2,352.38 cash)"}
  -> {"ticker": "TDY", "status": "skipped", "reason": "below minimum trade size ($25) after position cap ($14,909.45), room ($9,939.64), regime multiplier (100%), and cash reserve ($4,969.82 kept of $2,352.38 cash)"}
  -> {"ticker": "TECH", "status": "skipped", "reason": "below minimum trade size ($25) after position cap ($14,909.45), room ($9,939.64), regime multiplier (100%), and cash reserve ($4,969.82 kept of $2,352.38 cash)"}
  -> {"ticker": "TEL", "status": "skipped", "reason": "below minimum trade size ($25) after position cap ($14,909.45), room ($9,939.64), regime multiplier (100%), and cash reserve ($4,969.82 kept of $2,352.38 cash)"}
  -> {"ticker": "TER", "status": "skipped", "reason": "below minimum trade size ($25) after position cap ($14,909.45), room ($9,939.64), regime multiplier (100%), and cash reserve ($4,969.82 kept of $2,352.38 cash)"}
  -> {"ticker": "TFC", "status": "skipped", "reason": "below minimum trade size ($25) after position cap ($14,909.45), room ($9,939.64), regime multiplier (100%), and cash reserve ($4,969.82 kept of $2,352.38 cash)"}
  -> {"ticker": "TGT", "status": "skipped", "reason": "below minimum trade size ($25) after position cap ($14,909.45), room ($9,939.64), regime multiplier (100%), and cash reserve ($4,969.82 kept of $2,352.38 cash)"}
  -> {"ticker": "TKO", "status": "skipped", "reason": "below minimum trade size ($25) after position cap ($14,909.45), room ($9,939.64), regime multiplier (100%), and cash reserve ($4,969.82 kept of $2,352.38 cash)"}
  -> {"ticker": "TMO", "status": "skipped", "reason": "below minimum trade size ($25) after position cap ($14,909.45), room ($9,939.64), regime multiplier (100%), and cash reserve ($4,969.82 kept of $2,352.38 cash)"}
  -> {"ticker": "TMUS", "status": "skipped", "reason": "below minimum trade size ($25) after position cap ($14,909.45), room ($9,939.64), regime multiplier (100%), and cash reserve ($4,969.82 kept of $2,352.38 cash)"}
  -> {"ticker": "TPR", "status": "skipped", "reason": "below minimum trade size ($25) after position cap ($14,909.45), room ($9,939.64), regime multiplier (100%), and cash reserve ($4,969.82 kept of $2,352.38 cash)"}
  -> {"ticker": "TRGP", "status": "skipped", "reason": "below minimum trade size ($25) after position cap ($14,909.45), room ($9,939.64), regime multiplier (100%), and cash reserve ($4,969.82 kept of $2,352.38 cash)"}
  -> {"ticker": "TRMB", "status": "skipped", "reason": "below minimum trade size ($25) after position cap ($14,909.45), room ($9,939.64), regime multiplier (100%), and cash reserve ($4,969.82 kept of $2,352.38 cash)"}
  -> {"ticker": "TSCO", "status": "skipped", "reason": "below minimum trade size ($25) after position cap ($14,909.45), room ($9,939.64), regime multiplier (100%), and cash reserve ($4,969.82 kept of $2,352.38 cash)"}
  -> {"ticker": "TSLA", "status": "skipped", "reason": "below minimum trade size ($25) after position cap ($14,909.45), room ($9,939.64), regime multiplier (100%), and cash reserve ($4,969.82 kept of $2,352.38 cash)"}
  -> {"ticker": "TT", "status": "skipped", "reason": "below minimum trade size ($25) after position cap ($14,909.45), room ($9,939.64), regime multiplier (100%), and cash reserve ($4,969.82 kept of $2,352.38 cash)"}
Overnight queue KEPT for next run (Gemini did not verify this round -- technical fallback or decision failure); will re-verify when available.
Run budget spent -- skipping dashboard watchlist sync.
Run budget spent -- skipping performance snapshot.
Trade journal: no closed trades yet
Performance: Total return -0.44% | Max drawdown 12.37% | Daily Sharpe 0.27 | Open positions: 14 | Equity $99,396.36
Timings: account: 0.0s | risk: 11.0s | decide: 37.5s | watchlist: 0.0s | perf: 0.0s

=== Run at 2026-08-14T17:42:29.232924 ===
Current time: 2026-08-14 01:42 PM EDT | Market open (per Alpaca): True | Session: REGULAR
Account value: $99,404.89
Cash: $2,352.38 | Holdings (14): {'CEG': '35.6034 sh (+1.79%)', 'CHD': '97.9637 sh (-0.43%)', 'COHR': '7.9896 sh (-4.64%)', 'CVX': '24.8836 sh (+1.68%)', 'GEHC': '0.6136 sh (-0.35%)', 'IVZ': '306.9138 sh (+0.93%)', 'LMT': '16.3555 sh (+0.03%)', 'MS': '43.8344 sh (-2.03%)', 'MSI': '21.1281 sh (-0.66%)', 'NUE': '36.5544 sh (-0.78%)', 'NVDA': '44.2888 sh (+0.56%)', 'NWS': '303.7199 sh (+1.36%)', 'STLD': '0.9216 sh (-1.55%)', 'WSM': '0.1026 sh (-1.63%)'}
Risk state: peak $99,703.60 | drawdown 0.30% | today +0.15% | halted: False
Market regime: NEUTRAL (position-size multiplier: 100% incl. circuit breaker 100%)
News: fetched 158, 1 new after dedup, 0 ticker(s) matched.
Quant pre-screen: 44/60 candidates passed.
Gemini proposed 1 trade(s) meeting the conviction bar.
Gemini calls used today (all models combined): 288
  -> {"ticker": "TEL", "status": "skipped", "reason": "below minimum trade size ($25) after position cap ($14,910.73), room ($9,940.49), regime multiplier (100%), and cash reserve ($4,970.24 kept of $2,352.38 cash)"}
Overnight queue cleared after verification.
Dashboard watchlist synced (15 symbols) for news/headlines.
Ending portfolio value: $99,390.25
Trade journal: no closed trades yet
Performance: Total return -0.44% | Max drawdown 12.37% | Daily Sharpe 0.27 | Open positions: 14 | Equity $99,404.89
Timings: account: 0.0s | risk: 8.1s | decide: 2.7s | watchlist: 0.1s | perf: 0.2s

=== Run at 2026-08-14T17:45:14.263780 ===
Current time: 2026-08-14 01:45 PM EDT | Market open (per Alpaca): True | Session: REGULAR
Account value: $99,412.04
Cash: $2,352.38 | Holdings (14): {'CEG': '35.6034 sh (+1.68%)', 'CHD': '97.9637 sh (-0.44%)', 'COHR': '7.9896 sh (-4.75%)', 'CVX': '24.8836 sh (+1.66%)', 'GEHC': '0.6136 sh (-0.26%)', 'IVZ': '306.9138 sh (+0.92%)', 'LMT': '16.3555 sh (+0.15%)', 'MS': '43.8344 sh (-2.01%)', 'MSI': '21.1281 sh (-0.60%)', 'NUE': '36.5544 sh (-0.82%)', 'NVDA': '44.2888 sh (+0.60%)', 'NWS': '303.7199 sh (+1.41%)', 'STLD': '0.9216 sh (-1.62%)', 'WSM': '0.1026 sh (-1.62%)'}
Risk state: peak $99,703.60 | drawdown 0.29% | today +0.16% | halted: False
Market regime: NEUTRAL (position-size multiplier: 100% incl. circuit breaker 100%)
News: fetched 158, 1 new after dedup, 0 ticker(s) matched.
Quant pre-screen: 44/60 candidates passed.
Gemini proposed 2 trade(s) meeting the conviction bar.
Gemini calls used today (all models combined): 289
  -> {"ticker": "TEL", "status": "skipped", "reason": "below minimum trade size ($25) after position cap ($14,911.81), room ($9,941.20), regime multiplier (100%), and cash reserve ($4,970.60 kept of $2,352.38 cash)"}
  -> {"ticker": "HAL", "status": "skipped", "reason": "below minimum trade size ($25) after position cap ($14,911.81), room ($9,941.20), regime multiplier (100%), and cash reserve ($4,970.60 kept of $2,352.38 cash)"}
Overnight queue cleared after verification.
Dashboard watchlist synced (16 symbols) for news/headlines.
Ending portfolio value: $99,404.36
Trade journal: no closed trades yet
Performance: Total return -0.43% | Max drawdown 12.37% | Daily Sharpe 0.27 | Open positions: 14 | Equity $99,412.04
Timings: account: 0.0s | risk: 9.5s | decide: 3.6s | watchlist: 0.1s | perf: 0.1s
=== Run at 2026-08-14T17:44:26.714445 ===
Current time: 2026-08-14 01:44 PM EDT | Market open (per Alpaca): True | Session: REGULAR
Account value: $99,392.00
Cash: $2,352.38 | Holdings (14): {'CEG': '35.6034 sh (+1.64%)', 'CHD': '97.9637 sh (-0.44%)', 'COHR': '7.9896 sh (-4.76%)', 'CVX': '24.8836 sh (+1.66%)', 'GEHC': '0.6136 sh (-0.31%)', 'IVZ': '306.9138 sh (+0.90%)', 'LMT': '16.3555 sh (+0.10%)', 'MS': '43.8344 sh (-2.05%)', 'MSI': '21.1281 sh (-0.60%)', 'NUE': '36.5544 sh (-0.86%)', 'NVDA': '44.2888 sh (+0.57%)', 'NWS': '303.7199 sh (+1.41%)', 'STLD': '0.9216 sh (-1.70%)', 'WSM': '0.1026 sh (-1.62%)'}
Risk state: peak $99,703.60 | drawdown 0.31% | today +0.14% | halted: False
Market regime: NEUTRAL (position-size multiplier: 100% incl. circuit breaker 100%)
News: fetched 158, 0 new after dedup, 0 ticker(s) matched.
Quant pre-screen: 44/60 candidates passed.
Gemini proposed 2 trade(s) meeting the conviction bar.
Gemini calls used today (all models combined): 289
  -> {"ticker": "HAL", "status": "skipped", "reason": "below minimum trade size ($25) after position cap ($14,908.80), room ($9,939.20), regime multiplier (100%), and cash reserve ($4,969.60 kept of $2,352.38 cash)"}
  -> {"ticker": "CPRT", "status": "skipped", "reason": "below minimum trade size ($25) after position cap ($14,908.80), room ($9,939.20), regime multiplier (100%), and cash reserve ($4,969.60 kept of $2,352.38 cash)"}
Overnight queue cleared after verification.
Dashboard watchlist synced (16 symbols) for news/headlines.
Ending portfolio value: $99,398.78
Trade journal: no closed trades yet
Performance: Total return -0.43% | Max drawdown 12.37% | Daily Sharpe 0.27 | Open positions: 14 | Equity $99,392.00
Timings: account: 0.0s | risk: 8.1s | decide: 6.1s | watchlist: 0.1s | perf: 0.2s

=== Run at 2026-08-14T17:46:26.899822 ===
Current time: 2026-08-14 01:46 PM EDT | Market open (per Alpaca): True | Session: REGULAR
Account value: $99,396.54
Cash: $2,352.38 | Holdings (14): {'CEG': '35.6034 sh (+1.69%)', 'CHD': '97.9637 sh (-0.48%)', 'COHR': '7.9896 sh (-4.82%)', 'CVX': '24.8836 sh (+1.57%)', 'GEHC': '0.6136 sh (-0.32%)', 'IVZ': '306.9138 sh (+0.90%)', 'LMT': '16.3555 sh (+0.07%)', 'MS': '43.8344 sh (-2.06%)', 'MSI': '21.1281 sh (-0.57%)', 'NUE': '36.5544 sh (-0.81%)', 'NVDA': '44.2888 sh (+0.64%)', 'NWS': '303.7199 sh (+1.41%)', 'STLD': '0.9216 sh (-1.56%)', 'WSM': '0.1026 sh (-1.62%)'}
Risk state: peak $99,703.60 | drawdown 0.31% | today +0.14% | halted: False
Market regime: NEUTRAL (position-size multiplier: 100% incl. circuit breaker 100%)
News: fetched 158, 0 new after dedup, 0 ticker(s) matched.
Quant pre-screen: 44/60 candidates passed.
Gemini proposed 1 trade(s) meeting the conviction bar.
Gemini calls used today (all models combined): 290
  -> {"ticker": "TEL", "status": "skipped", "reason": "below minimum trade size ($25) after position cap ($14,909.48), room ($9,939.65), regime multiplier (100%), and cash reserve ($4,969.83 kept of $2,352.38 cash)"}
Overnight queue cleared after verification.
Dashboard watchlist synced (15 symbols) for news/headlines.
Ending portfolio value: $99,395.24
Trade journal: no closed trades yet
Performance: Total return -0.44% | Max drawdown 12.37% | Daily Sharpe 0.27 | Open positions: 14 | Equity $99,396.54
Timings: account: 0.0s | risk: 10.1s | decide: 2.5s | watchlist: 0.1s | perf: 0.2s

=== Run at 2026-08-14T17:48:27.103953 ===
Current time: 2026-08-14 01:48 PM EDT | Market open (per Alpaca): True | Session: REGULAR
Account value: $99,369.75
Cash: $2,352.38 | Holdings (14): {'CEG': '35.6034 sh (+1.43%)', 'CHD': '97.9637 sh (-0.51%)', 'COHR': '7.9896 sh (-4.83%)', 'CVX': '24.8836 sh (+1.57%)', 'GEHC': '0.6136 sh (-0.34%)', 'IVZ': '306.9138 sh (+0.90%)', 'LMT': '16.3555 sh (+0.07%)', 'MS': '43.8344 sh (-2.00%)', 'MSI': '21.1281 sh (-0.61%)', 'NUE': '36.5544 sh (-0.81%)', 'NVDA': '44.2888 sh (+0.66%)', 'NWS': '303.7199 sh (+1.40%)', 'STLD': '0.9216 sh (-1.54%)', 'WSM': '0.1026 sh (-1.62%)'}
Risk state: peak $99,703.60 | drawdown 0.33% | today +0.12% | halted: False
Market regime: NEUTRAL (position-size multiplier: 100% incl. circuit breaker 100%)
News: fetched 158, 0 new after dedup, 0 ticker(s) matched.
Quant pre-screen: 44/60 candidates passed.
Gemini proposed 2 trade(s) meeting the conviction bar.
Gemini calls used today (all models combined): 291
  -> {"ticker": "HAL", "status": "skipped", "reason": "below minimum trade size ($25) after position cap ($14,905.46), room ($9,936.98), regime multiplier (100%), and cash reserve ($4,968.49 kept of $2,352.38 cash)"}
  -> {"ticker": "TEL", "status": "skipped", "reason": "below minimum trade size ($25) after position cap ($14,905.46), room ($9,936.98), regime multiplier (100%), and cash reserve ($4,968.49 kept of $2,352.38 cash)"}
Overnight queue cleared after verification.
Dashboard watchlist synced (16 symbols) for news/headlines.
Ending portfolio value: $99,371.25
Trade journal: no closed trades yet
Performance: Total return -0.46% | Max drawdown 12.37% | Daily Sharpe 0.26 | Open positions: 14 | Equity $99,369.75
Timings: account: 0.0s | risk: 10.7s | decide: 4.1s | watchlist: 0.1s | perf: 0.2s

=== Run at 2026-08-14T17:50:31.706172 ===
Current time: 2026-08-14 01:50 PM EDT | Market open (per Alpaca): True | Session: REGULAR
Account value: $99,344.92
Cash: $2,352.38 | Holdings (14): {'CEG': '35.6034 sh (+1.54%)', 'CHD': '97.9637 sh (-0.55%)', 'COHR': '7.9896 sh (-5.31%)', 'CVX': '24.8836 sh (+1.56%)', 'GEHC': '0.6136 sh (-0.38%)', 'IVZ': '306.9138 sh (+0.87%)', 'LMT': '16.3555 sh (+0.05%)', 'MS': '43.8344 sh (-1.96%)', 'MSI': '21.1281 sh (-0.61%)', 'NUE': '36.5544 sh (-0.85%)', 'NVDA': '44.2888 sh (+0.57%)', 'NWS': '303.7199 sh (+1.35%)', 'STLD': '0.9216 sh (-1.70%)', 'WSM': '0.1026 sh (-1.62%)'}
Risk state: peak $99,703.60 | drawdown 0.36% | today +0.09% | halted: False
Market regime: NEUTRAL (position-size multiplier: 100% incl. circuit breaker 100%)
News: fetched 158, 0 new after dedup, 0 ticker(s) matched.
Quant pre-screen: 44/60 candidates passed.
Gemini proposed 2 trade(s) meeting the conviction bar.
Gemini calls used today (all models combined): 292
  -> {"ticker": "TEL", "status": "skipped", "reason": "below minimum trade size ($25) after position cap ($14,901.74), room ($9,934.49), regime multiplier (100%), and cash reserve ($4,967.25 kept of $2,352.38 cash)"}
  -> {"ticker": "HAL", "status": "skipped", "reason": "below minimum trade size ($25) after position cap ($14,901.74), room ($9,934.49), regime multiplier (100%), and cash reserve ($4,967.25 kept of $2,352.38 cash)"}
Overnight queue cleared after verification.
Dashboard watchlist synced (16 symbols) for news/headlines.
Ending portfolio value: $99,336.00
Trade journal: no closed trades yet
Performance: Total return -0.50% | Max drawdown 12.37% | Daily Sharpe 0.25 | Open positions: 14 | Equity $99,344.92
Timings: account: 0.0s | risk: 11.4s | decide: 3.1s | watchlist: 0.1s | perf: 0.2s

=== Run at 2026-08-14T17:52:23.772752 ===
Current time: 2026-08-14 01:52 PM EDT | Market open (per Alpaca): True | Session: REGULAR
Account value: $99,375.58
Cash: $2,352.38 | Holdings (14): {'CEG': '35.6034 sh (+1.62%)', 'CHD': '97.9637 sh (-0.56%)', 'COHR': '7.9896 sh (-5.11%)', 'CVX': '24.8836 sh (+1.60%)', 'GEHC': '0.6136 sh (-0.35%)', 'IVZ': '306.9138 sh (+0.96%)', 'LMT': '16.3555 sh (+0.10%)', 'MS': '43.8344 sh (-1.89%)', 'MSI': '21.1281 sh (-0.62%)', 'NUE': '36.5544 sh (-0.89%)', 'NVDA': '44.2888 sh (+0.57%)', 'NWS': '303.7199 sh (+1.35%)', 'STLD': '0.9216 sh (-1.62%)', 'WSM': '0.1026 sh (-1.62%)'}
Risk state: peak $99,703.60 | drawdown 0.33% | today +0.12% | halted: False
Market regime: NEUTRAL (position-size multiplier: 100% incl. circuit breaker 100%)
News: fetched 58, 0 new after dedup, 0 ticker(s) matched.
Quant pre-screen: 44/60 candidates passed.
Gemini proposed 2 trade(s) meeting the conviction bar.
Gemini calls used today (all models combined): 293
  -> {"ticker": "TEL", "status": "skipped", "reason": "below minimum trade size ($25) after position cap ($14,906.34), room ($9,937.56), regime multiplier (100%), and cash reserve ($4,968.78 kept of $2,352.38 cash)"}
  -> {"ticker": "TDY", "status": "skipped", "reason": "below minimum trade size ($25) after position cap ($14,906.34), room ($9,937.56), regime multiplier (100%), and cash reserve ($4,968.78 kept of $2,352.38 cash)"}
Overnight queue cleared after verification.
Dashboard watchlist synced (16 symbols) for news/headlines.
Ending portfolio value: $99,378.45
Trade journal: no closed trades yet
Performance: Total return -0.45% | Max drawdown 12.37% | Daily Sharpe 0.26 | Open positions: 14 | Equity $99,375.58
Timings: account: 0.0s | risk: 6.7s | decide: 1.7s | watchlist: 0.0s | perf: 0.1s

=== Run at 2026-08-14T17:54:27.970008 ===
Current time: 2026-08-14 01:54 PM EDT | Market open (per Alpaca): True | Session: REGULAR
Account value: $99,369.77
Cash: $2,352.38 | Holdings (14): {'CEG': '35.6034 sh (+1.62%)', 'CHD': '97.9637 sh (-0.60%)', 'COHR': '7.9896 sh (-5.11%)', 'CVX': '24.8836 sh (+1.65%)', 'GEHC': '0.6136 sh (-0.35%)', 'IVZ': '306.9138 sh (+0.93%)', 'LMT': '16.3555 sh (+0.10%)', 'MS': '43.8344 sh (-1.93%)', 'MSI': '21.1281 sh (-0.61%)', 'NUE': '36.5544 sh (-0.85%)', 'NVDA': '44.2888 sh (+0.56%)', 'NWS': '303.7199 sh (+1.35%)', 'STLD': '0.9216 sh (-1.64%)', 'WSM': '0.1026 sh (-1.57%)'}
Risk state: peak $99,703.60 | drawdown 0.33% | today +0.12% | halted: False
Market regime: NEUTRAL (position-size multiplier: 100% incl. circuit breaker 100%)
News: fetched 158, 1 new after dedup, 0 ticker(s) matched.
Quant pre-screen: 44/60 candidates passed.
Gemini proposed 2 trade(s) meeting the conviction bar.
Gemini calls used today (all models combined): 294
  -> {"ticker": "TEL", "status": "skipped", "reason": "below minimum trade size ($25) after position cap ($14,905.47), room ($9,936.98), regime multiplier (100%), and cash reserve ($4,968.49 kept of $2,352.38 cash)"}
  -> {"ticker": "TDY", "status": "skipped", "reason": "below minimum trade size ($25) after position cap ($14,905.47), room ($9,936.98), regime multiplier (100%), and cash reserve ($4,968.49 kept of $2,352.38 cash)"}
Overnight queue cleared after verification.
Dashboard watchlist synced (16 symbols) for news/headlines.
Ending portfolio value: $99,365.59
Trade journal: no closed trades yet
Performance: Total return -0.47% | Max drawdown 12.37% | Daily Sharpe 0.26 | Open positions: 14 | Equity $99,369.77
Timings: account: 0.0s | risk: 9.4s | decide: 3.3s | watchlist: 0.1s | perf: 0.2s

=== Run at 2026-08-14T17:56:27.637460 ===
Current time: 2026-08-14 01:56 PM EDT | Market open (per Alpaca): True | Session: REGULAR
Account value: $99,377.84
Cash: $2,352.38 | Holdings (14): {'CEG': '35.6034 sh (+1.61%)', 'CHD': '97.9637 sh (-0.60%)', 'COHR': '7.9896 sh (-5.02%)', 'CVX': '24.8836 sh (+1.57%)', 'GEHC': '0.6136 sh (-0.27%)', 'IVZ': '306.9138 sh (+0.95%)', 'LMT': '16.3555 sh (+0.07%)', 'MS': '43.8344 sh (-1.95%)', 'MSI': '21.1281 sh (-0.58%)', 'NUE': '36.5544 sh (-0.85%)', 'NVDA': '44.2888 sh (+0.54%)', 'NWS': '303.7199 sh (+1.47%)', 'STLD': '0.9216 sh (-1.66%)', 'WSM': '0.1026 sh (-1.53%)'}
Risk state: peak $99,703.60 | drawdown 0.33% | today +0.12% | halted: False
Market regime: NEUTRAL (position-size multiplier: 100% incl. circuit breaker 100%)
News: fetched 158, 0 new after dedup, 0 ticker(s) matched.
Quant pre-screen: 44/60 candidates passed.
Gemini proposed 1 trade(s) meeting the conviction bar.
Gemini calls used today (all models combined): 295
  -> {"ticker": "HAL", "status": "skipped", "reason": "below minimum trade size ($25) after position cap ($14,906.68), room ($9,937.78), regime multiplier (100%), and cash reserve ($4,968.89 kept of $2,352.38 cash)"}
Overnight queue cleared after verification.
Dashboard watchlist synced (15 symbols) for news/headlines.
Ending portfolio value: $99,376.71
Trade journal: no closed trades yet
Performance: Total return -0.46% | Max drawdown 12.37% | Daily Sharpe 0.26 | Open positions: 14 | Equity $99,377.84
Timings: account: 0.0s | risk: 9.0s | decide: 2.2s | watchlist: 0.1s | perf: 0.2s

=== Run at 2026-08-14T17:58:24.384315 ===
Current time: 2026-08-14 01:58 PM EDT | Market open (per Alpaca): True | Session: REGULAR
Account value: $99,387.04
Cash: $2,352.38 | Holdings (14): {'CEG': '35.6034 sh (+1.62%)', 'CHD': '97.9637 sh (-0.55%)', 'COHR': '7.9896 sh (-5.08%)', 'CVX': '24.8836 sh (+1.57%)', 'GEHC': '0.6136 sh (-0.23%)', 'IVZ': '306.9138 sh (+0.96%)', 'LMT': '16.3555 sh (+0.04%)', 'MS': '43.8344 sh (-1.93%)', 'MSI': '21.1281 sh (-0.61%)', 'NUE': '36.5544 sh (-0.82%)', 'NVDA': '44.2888 sh (+0.61%)', 'NWS': '303.7199 sh (+1.46%)', 'STLD': '0.9216 sh (-1.62%)', 'WSM': '0.1026 sh (-1.49%)'}
Risk state: peak $99,703.60 | drawdown 0.32% | today +0.13% | halted: False
Market regime: NEUTRAL (position-size multiplier: 100% incl. circuit breaker 100%)
News: fetched 158, 2 new after dedup, 1 ticker(s) matched.
Quant pre-screen: 11/15 candidates passed.
Gemini proposed 1 trade(s) meeting the conviction bar.
Gemini calls used today (all models combined): 296
  -> {"ticker": "HAL", "status": "skipped", "reason": "below minimum trade size ($25) after position cap ($14,908.06), room ($9,938.70), regime multiplier (100%), and cash reserve ($4,969.35 kept of $2,352.38 cash)"}
Overnight queue cleared after verification.
Dashboard watchlist synced (16 symbols) for news/headlines.
Ending portfolio value: $99,384.39
Trade journal: no closed trades yet
Performance: Total return -0.45% | Max drawdown 12.37% | Daily Sharpe 0.27 | Open positions: 14 | Equity $99,387.04
Timings: account: 0.0s | risk: 9.4s | decide: 3.1s | watchlist: 0.0s | perf: 0.1s

=== Run at 2026-08-14T18:00:39.409898 ===
Current time: 2026-08-14 02:00 PM EDT | Market open (per Alpaca): True | Session: REGULAR
Account value: $99,381.92
Cash: $2,352.38 | Holdings (14): {'CEG': '35.6034 sh (+1.65%)', 'CHD': '97.9637 sh (-0.56%)', 'COHR': '7.9896 sh (-5.05%)', 'CVX': '24.8836 sh (+1.55%)', 'GEHC': '0.6136 sh (-0.25%)', 'IVZ': '306.9138 sh (+0.93%)', 'LMT': '16.3555 sh (+0.01%)', 'MS': '43.8344 sh (-1.90%)', 'MSI': '21.1281 sh (-0.55%)', 'NUE': '36.5544 sh (-0.84%)', 'NVDA': '44.2888 sh (+0.55%)', 'NWS': '303.7199 sh (+1.44%)', 'STLD': '0.9216 sh (-1.69%)', 'WSM': '0.1026 sh (-1.47%)'}
Risk state: peak $99,703.60 | drawdown 0.32% | today +0.13% | halted: False
Market regime: NEUTRAL (position-size multiplier: 100% incl. circuit breaker 100%)
News: fetched 158, 0 new after dedup, 0 ticker(s) matched.
Quant pre-screen: 8/12 candidates passed.
Gemini proposed 3 trade(s) meeting the conviction bar.
Gemini calls used today (all models combined): 297
  -> {"ticker": "CPRT", "status": "skipped", "reason": "below minimum trade size ($25) after position cap ($14,907.29), room ($9,938.19), regime multiplier (100%), and cash reserve ($4,969.10 kept of $2,352.38 cash)"}
  -> {"ticker": "HAL", "status": "skipped", "reason": "below minimum trade size ($25) after position cap ($14,907.29), room ($9,938.19), regime multiplier (100%), and cash reserve ($4,969.10 kept of $2,352.38 cash)"}
  -> {"ticker": "RVTY", "status": "skipped", "reason": "below minimum trade size ($25) after position cap ($14,907.29), room ($9,938.19), regime multiplier (100%), and cash reserve ($4,969.10 kept of $2,352.38 cash)"}
Overnight queue cleared after verification.
Dashboard watchlist synced (17 symbols) for news/headlines.
Ending portfolio value: $99,376.48
Trade journal: no closed trades yet
Performance: Total return -0.46% | Max drawdown 12.37% | Daily Sharpe 0.26 | Open positions: 14 | Equity $99,381.92
Timings: account: 0.0s | risk: 5.7s | decide: 16.3s | watchlist: 0.0s | perf: 0.1s

=== Run at 2026-08-14T18:02:31.404353 ===
Current time: 2026-08-14 02:02 PM EDT | Market open (per Alpaca): True | Session: REGULAR
Account value: $99,402.70
Cash: $2,352.38 | Holdings (14): {'CEG': '35.6034 sh (+1.67%)', 'CHD': '97.9637 sh (-0.56%)', 'COHR': '7.9896 sh (-5.10%)', 'CVX': '24.8836 sh (+1.62%)', 'GEHC': '0.6136 sh (-0.25%)', 'IVZ': '306.9138 sh (+1.01%)', 'LMT': '16.3555 sh (+0.14%)', 'MS': '43.8344 sh (-1.86%)', 'MSI': '21.1281 sh (-0.48%)', 'NUE': '36.5544 sh (-1.01%)', 'NVDA': '44.2888 sh (+0.59%)', 'NWS': '303.7199 sh (+1.41%)', 'STLD': '0.9216 sh (-1.79%)', 'WSM': '0.1026 sh (-1.50%)'}
Risk state: peak $99,703.60 | drawdown 0.30% | today +0.15% | halted: False
Market regime: NEUTRAL (position-size multiplier: 100% incl. circuit breaker 100%)
News: fetched 158, 0 new after dedup, 0 ticker(s) matched.
Quant pre-screen: 16/24 candidates passed.
Gemini proposed 2 trade(s) meeting the conviction bar.
Gemini calls used today (all models combined): 298
  -> {"ticker": "HAL", "status": "skipped", "reason": "below minimum trade size ($25) after position cap ($14,910.40), room ($9,940.27), regime multiplier (100%), and cash reserve ($4,970.14 kept of $2,352.38 cash)"}
  -> {"ticker": "SOLV", "status": "skipped", "reason": "below minimum trade size ($25) after position cap ($14,910.40), room ($9,940.27), regime multiplier (100%), and cash reserve ($4,970.14 kept of $2,352.38 cash)"}
Overnight queue cleared after verification.
Dashboard watchlist synced (16 symbols) for news/headlines.
Ending portfolio value: $99,406.84
Trade journal: no closed trades yet
Performance: Total return -0.43% | Max drawdown 12.37% | Daily Sharpe 0.27 | Open positions: 14 | Equity $99,402.70
Timings: account: 0.0s | risk: 6.1s | decide: 11.1s | watchlist: 0.2s | perf: 0.3s

=== Run at 2026-08-14T18:04:31.490456 ===
Current time: 2026-08-14 02:04 PM EDT | Market open (per Alpaca): True | Session: REGULAR
Account value: $99,417.85
Cash: $2,352.38 | Holdings (14): {'CEG': '35.6034 sh (+1.69%)', 'CHD': '97.9637 sh (-0.56%)', 'COHR': '7.9896 sh (-4.96%)', 'CVX': '24.8836 sh (+1.58%)', 'GEHC': '0.6136 sh (-0.28%)', 'IVZ': '306.9138 sh (+1.06%)', 'LMT': '16.3555 sh (+0.11%)', 'MS': '43.8344 sh (-1.86%)', 'MSI': '21.1281 sh (-0.48%)', 'NUE': '36.5544 sh (-0.95%)', 'NVDA': '44.2888 sh (+0.64%)', 'NWS': '303.7199 sh (+1.41%)', 'STLD': '0.9216 sh (-1.78%)', 'WSM': '0.1026 sh (-1.43%)'}
Risk state: peak $99,703.60 | drawdown 0.29% | today +0.16% | halted: False
Market regime: NEUTRAL (position-size multiplier: 100% incl. circuit breaker 100%)
News: fetched 158, 0 new after dedup, 0 ticker(s) matched.
Quant pre-screen: 25/36 candidates passed.
Gemini proposed 3 trade(s) meeting the conviction bar.
Gemini calls used today (all models combined): 299
  -> {"ticker": "HAL", "status": "skipped", "reason": "below minimum trade size ($25) after position cap ($14,912.68), room ($9,941.79), regime multiplier (100%), and cash reserve ($4,970.89 kept of $2,352.38 cash)"}
  -> {"ticker": "RSG", "status": "skipped", "reason": "below minimum trade size ($25) after position cap ($14,912.68), room ($9,941.79), regime multiplier (100%), and cash reserve ($4,970.89 kept of $2,352.38 cash)"}
  -> {"ticker": "RVTY", "status": "skipped", "reason": "below minimum trade size ($25) after position cap ($14,912.68), room ($9,941.79), regime multiplier (100%), and cash reserve ($4,970.89 kept of $2,352.38 cash)"}
Overnight queue cleared after verification.
Dashboard watchlist synced (17 symbols) for news/headlines.
Ending portfolio value: $99,412.40
Trade journal: no closed trades yet
Performance: Total return -0.42% | Max drawdown 12.37% | Daily Sharpe 0.27 | Open positions: 14 | Equity $99,417.85
Timings: account: 0.0s | risk: 7.9s | decide: 16.2s | watchlist: 0.2s | perf: 0.3s

=== Run at 2026-08-14T18:06:26.583272 ===
Current time: 2026-08-14 02:06 PM EDT | Market open (per Alpaca): True | Session: REGULAR
Account value: $99,416.13
Cash: $2,352.38 | Holdings (14): {'CEG': '35.6034 sh (+1.63%)', 'CHD': '97.9637 sh (-0.51%)', 'COHR': '7.9896 sh (-5.02%)', 'CVX': '24.8836 sh (+1.59%)', 'GEHC': '0.6136 sh (-0.27%)', 'IVZ': '306.9138 sh (+1.06%)', 'LMT': '16.3555 sh (+0.11%)', 'MS': '43.8344 sh (-1.86%)', 'MSI': '21.1281 sh (-0.49%)', 'NUE': '36.5544 sh (-0.96%)', 'NVDA': '44.2888 sh (+0.65%)', 'NWS': '303.7199 sh (+1.41%)', 'STLD': '0.9216 sh (-1.78%)', 'WSM': '0.1026 sh (-1.41%)'}
Risk state: peak $99,703.60 | drawdown 0.29% | today +0.16% | halted: False
Market regime: NEUTRAL (position-size multiplier: 100% incl. circuit breaker 100%)
News: fetched 158, 0 new after dedup, 0 ticker(s) matched.
Quant pre-screen: 34/48 candidates passed.
Gemini proposed 2 trade(s) meeting the conviction bar.
Gemini calls used today (all models combined): 300
  -> {"ticker": "HAL", "status": "skipped", "reason": "below minimum trade size ($25) after position cap ($14,912.42), room ($9,941.61), regime multiplier (100%), and cash reserve ($4,970.81 kept of $2,352.38 cash)"}
  -> {"ticker": "RSG", "status": "skipped", "reason": "below minimum trade size ($25) after position cap ($14,912.42), room ($9,941.61), regime multiplier (100%), and cash reserve ($4,970.81 kept of $2,352.38 cash)"}
Overnight queue cleared after verification.
Dashboard watchlist synced (16 symbols) for news/headlines.
Ending portfolio value: $99,428.84
Trade journal: no closed trades yet
Performance: Total return -0.40% | Max drawdown 12.37% | Daily Sharpe 0.28 | Open positions: 14 | Equity $99,416.13
Timings: account: 0.0s | risk: 2.1s | decide: 9.8s | watchlist: 0.0s | perf: 0.1s

=== Run at 2026-08-14T18:08:32.690086 ===
Current time: 2026-08-14 02:08 PM EDT | Market open (per Alpaca): True | Session: REGULAR
Account value: $99,415.53
Cash: $2,352.38 | Holdings (14): {'CEG': '35.6034 sh (+1.60%)', 'CHD': '97.9637 sh (-0.52%)', 'COHR': '7.9896 sh (-4.89%)', 'CVX': '24.8836 sh (+1.64%)', 'GEHC': '0.6136 sh (-0.34%)', 'IVZ': '306.9138 sh (+1.14%)', 'LMT': '16.3555 sh (+0.10%)', 'MS': '43.8344 sh (-1.82%)', 'MSI': '21.1281 sh (-0.49%)', 'NUE': '36.5544 sh (-1.03%)', 'NVDA': '44.2888 sh (+0.68%)', 'NWS': '303.7199 sh (+1.33%)', 'STLD': '0.9216 sh (-1.83%)', 'WSM': '0.1026 sh (-1.41%)'}
Risk state: peak $99,703.60 | drawdown 0.29% | today +0.16% | halted: False
Market regime: NEUTRAL (position-size multiplier: 100% incl. circuit breaker 100%)
News: fetched 158, 1 new after dedup, 0 ticker(s) matched.
Quant pre-screen: 41/60 candidates passed.
Gemini proposed 1 trade(s) meeting the conviction bar.
Gemini calls used today (all models combined): 301
  -> {"ticker": "TEL", "status": "skipped", "reason": "below minimum trade size ($25) after position cap ($14,912.33), room ($9,941.55), regime multiplier (100%), and cash reserve ($4,970.78 kept of $2,352.38 cash)"}
Overnight queue cleared after verification.
Dashboard watchlist synced (15 symbols) for news/headlines.
Ending portfolio value: $99,416.76
Trade journal: no closed trades yet
Performance: Total return -0.42% | Max drawdown 12.37% | Daily Sharpe 0.27 | Open positions: 14 | Equity $99,415.53
Timings: account: 0.0s | risk: 11.0s | decide: 9.4s | watchlist: 0.2s | perf: 0.3s

=== Run at 2026-08-14T18:10:30.273420 ===
Current time: 2026-08-14 02:10 PM EDT | Market open (per Alpaca): True | Session: REGULAR
Account value: $99,433.07
Cash: $2,352.38 | Holdings (14): {'CEG': '35.6034 sh (+1.64%)', 'CHD': '97.9637 sh (-0.54%)', 'COHR': '7.9896 sh (-4.98%)', 'CVX': '24.8836 sh (+1.66%)', 'GEHC': '0.6136 sh (-0.32%)', 'IVZ': '306.9138 sh (+1.09%)', 'LMT': '16.3555 sh (+0.14%)', 'MS': '43.8344 sh (-1.77%)', 'MSI': '21.1281 sh (-0.41%)', 'NUE': '36.5544 sh (-0.93%)', 'NVDA': '44.2888 sh (+0.61%)', 'NWS': '303.7199 sh (+1.33%)', 'STLD': '0.9216 sh (-1.68%)', 'WSM': '0.1026 sh (-1.52%)'}
Risk state: peak $99,703.60 | drawdown 0.27% | today +0.18% | halted: False
Market regime: NEUTRAL (position-size multiplier: 100% incl. circuit breaker 100%)
News: fetched 158, 2 new after dedup, 0 ticker(s) matched.
Quant pre-screen: 41/60 candidates passed.
Gemini proposed 2 trade(s) meeting the conviction bar.
Gemini calls used today (all models combined): 302
  -> {"ticker": "TEL", "status": "skipped", "reason": "below minimum trade size ($25) after position cap ($14,914.96), room ($9,943.31), regime multiplier (100%), and cash reserve ($4,971.65 kept of $2,352.38 cash)"}
  -> {"ticker": "TDY", "status": "skipped", "reason": "below minimum trade size ($25) after position cap ($14,914.96), room ($9,943.31), regime multiplier (100%), and cash reserve ($4,971.65 kept of $2,352.38 cash)"}
Overnight queue cleared after verification.
Dashboard watchlist synced (16 symbols) for news/headlines.
Ending portfolio value: $99,436.44
Trade journal: no closed trades yet
Performance: Total return -0.40% | Max drawdown 12.37% | Daily Sharpe 0.28 | Open positions: 14 | Equity $99,433.07
Timings: account: 0.0s | risk: 7.4s | decide: 6.9s | watchlist: 0.1s | perf: 0.3s

=== Run at 2026-08-14T18:12:27.956547 ===
Current time: 2026-08-14 02:12 PM EDT | Market open (per Alpaca): True | Session: REGULAR
Account value: $99,424.11
Cash: $2,352.38 | Holdings (14): {'CEG': '35.6034 sh (+1.62%)', 'CHD': '97.9637 sh (-0.58%)', 'COHR': '7.9896 sh (-4.96%)', 'CVX': '24.8836 sh (+1.62%)', 'GEHC': '0.6136 sh (-0.25%)', 'IVZ': '306.9138 sh (+1.09%)', 'LMT': '16.3555 sh (+0.13%)', 'MS': '43.8344 sh (-1.74%)', 'MSI': '21.1281 sh (-0.45%)', 'NUE': '36.5544 sh (-0.93%)', 'NVDA': '44.2888 sh (+0.56%)', 'NWS': '303.7199 sh (+1.38%)', 'STLD': '0.9216 sh (-1.68%)', 'WSM': '0.1026 sh (-1.42%)'}
Risk state: peak $99,703.60 | drawdown 0.28% | today +0.17% | halted: False
Market regime: NEUTRAL (position-size multiplier: 100% incl. circuit breaker 100%)
News: fetched 158, 3 new after dedup, 0 ticker(s) matched.
Quant pre-screen: 41/60 candidates passed.
Gemini proposed 2 trade(s) meeting the conviction bar.
Gemini calls used today (all models combined): 303
  -> {"ticker": "HAL", "status": "skipped", "reason": "below minimum trade size ($25) after position cap ($14,913.62), room ($9,942.41), regime multiplier (100%), and cash reserve ($4,971.21 kept of $2,352.38 cash)"}
  -> {"ticker": "TEL", "status": "skipped", "reason": "below minimum trade size ($25) after position cap ($14,913.62), room ($9,942.41), regime multiplier (100%), and cash reserve ($4,971.21 kept of $2,352.38 cash)"}
Overnight queue cleared after verification.
Dashboard watchlist synced (16 symbols) for news/headlines.
Ending portfolio value: $99,419.16
Trade journal: no closed trades yet
Performance: Total return -0.41% | Max drawdown 12.37% | Daily Sharpe 0.27 | Open positions: 14 | Equity $99,424.11
Timings: account: 0.0s | risk: 11.5s | decide: 3.8s | watchlist: 0.1s | perf: 0.1s

=== Run at 2026-08-14T18:14:27.093702 ===
Current time: 2026-08-14 02:14 PM EDT | Market open (per Alpaca): True | Session: REGULAR
Account value: $99,475.35
Cash: $2,352.38 | Holdings (14): {'CEG': '35.6034 sh (+1.75%)', 'CHD': '97.9637 sh (-0.57%)', 'COHR': '7.9896 sh (-4.98%)', 'CVX': '24.8836 sh (+1.63%)', 'GEHC': '0.6136 sh (-0.19%)', 'IVZ': '306.9138 sh (+1.14%)', 'LMT': '16.3555 sh (+0.17%)', 'MS': '43.8344 sh (-1.73%)', 'MSI': '21.1281 sh (-0.41%)', 'NUE': '36.5544 sh (-0.82%)', 'NVDA': '44.2888 sh (+0.58%)', 'NWS': '303.7199 sh (+1.50%)', 'STLD': '0.9216 sh (-1.57%)', 'WSM': '0.1026 sh (-1.36%)'}
Risk state: peak $99,703.60 | drawdown 0.23% | today +0.22% | halted: False
Market regime: NEUTRAL (position-size multiplier: 100% incl. circuit breaker 100%)
News: fetched 158, 1 new after dedup, 0 ticker(s) matched.
Quant pre-screen: 41/60 candidates passed.
Gemini proposed 3 trade(s) meeting the conviction bar.
Gemini calls used today (all models combined): 304
  -> {"ticker": "HAL", "status": "skipped", "reason": "below minimum trade size ($25) after position cap ($14,921.30), room ($9,947.54), regime multiplier (100%), and cash reserve ($2,486.88 kept of $2,352.38 cash)"}
  -> {"ticker": "RSG", "status": "skipped", "reason": "below minimum trade size ($25) after position cap ($14,921.30), room ($9,947.54), regime multiplier (100%), and cash reserve ($4,973.77 kept of $2,352.38 cash)"}
  -> {"ticker": "SOLV", "status": "skipped", "reason": "below minimum trade size ($25) after position cap ($14,921.30), room ($9,947.54), regime multiplier (100%), and cash reserve ($4,973.77 kept of $2,352.38 cash)"}
Overnight queue cleared after verification.
Dashboard watchlist synced (17 symbols) for news/headlines.
Ending portfolio value: $99,473.32
Trade journal: no closed trades yet
Performance: Total return -0.36% | Max drawdown 12.37% | Daily Sharpe 0.29 | Open positions: 14 | Equity $99,475.35
Timings: account: 0.0s | risk: 15.0s | decide: 2.1s | watchlist: 0.0s | perf: 0.1s

=== Run at 2026-08-14T18:16:24.787707 ===
Current time: 2026-08-14 02:16 PM EDT | Market open (per Alpaca): True | Session: REGULAR
Account value: $99,478.23
Cash: $2,352.38 | Holdings (14): {'CEG': '35.6034 sh (+1.76%)', 'CHD': '97.9637 sh (-0.59%)', 'COHR': '7.9896 sh (-5.02%)', 'CVX': '24.8836 sh (+1.62%)', 'GEHC': '0.6136 sh (-0.15%)', 'IVZ': '306.9138 sh (+1.18%)', 'LMT': '16.3555 sh (+0.19%)', 'MS': '43.8344 sh (-1.69%)', 'MSI': '21.1281 sh (-0.41%)', 'NUE': '36.5544 sh (-0.84%)', 'NVDA': '44.2888 sh (+0.53%)', 'NWS': '303.7199 sh (+1.50%)', 'STLD': '0.9216 sh (-1.56%)', 'WSM': '0.1026 sh (-1.31%)'}
Risk state: peak $99,703.60 | drawdown 0.23% | today +0.23% | halted: False
Market regime: NEUTRAL (position-size multiplier: 100% incl. circuit breaker 100%)
News: fetched 158, 2 new after dedup, 0 ticker(s) matched.
Quant pre-screen: 41/60 candidates passed.
Gemini proposed 1 trade(s) meeting the conviction bar.
Gemini calls used today (all models combined): 305
  -> {"ticker": "TEL", "status": "skipped", "reason": "below minimum trade size ($25) after position cap ($14,921.73), room ($9,947.82), regime multiplier (100%), and cash reserve ($4,973.91 kept of $2,352.38 cash)"}
Overnight queue cleared after verification.
Dashboard watchlist synced (15 symbols) for news/headlines.
Ending portfolio value: $99,480.27
Trade journal: no closed trades yet
Performance: Total return -0.35% | Max drawdown 12.37% | Daily Sharpe 0.29 | Open positions: 14 | Equity $99,478.23
Timings: account: 0.0s | risk: 7.2s | decide: 2.6s | watchlist: 0.0s | perf: 0.1s

=== Run at 2026-08-14T18:18:27.291280 ===
Current time: 2026-08-14 02:18 PM EDT | Market open (per Alpaca): True | Session: REGULAR
Account value: $99,483.04
Cash: $2,352.38 | Holdings (14): {'CEG': '35.6034 sh (+1.73%)', 'CHD': '97.9637 sh (-0.58%)', 'COHR': '7.9896 sh (-4.96%)', 'CVX': '24.8836 sh (+1.66%)', 'GEHC': '0.6136 sh (-0.16%)', 'IVZ': '306.9138 sh (+1.21%)', 'LMT': '16.3555 sh (+0.12%)', 'MS': '43.8344 sh (-1.68%)', 'MSI': '21.1281 sh (-0.40%)', 'NUE': '36.5544 sh (-0.83%)', 'NVDA': '44.2888 sh (+0.56%)', 'NWS': '303.7199 sh (+1.53%)', 'STLD': '0.9216 sh (-1.60%)', 'WSM': '0.1026 sh (-1.33%)'}
Risk state: peak $99,703.60 | drawdown 0.22% | today +0.23% | halted: False
Market regime: NEUTRAL (position-size multiplier: 100% incl. circuit breaker 100%)
News: fetched 58, 0 new after dedup, 0 ticker(s) matched.
Quant pre-screen: 41/60 candidates passed.
Gemini proposed 2 trade(s) meeting the conviction bar.
Gemini calls used today (all models combined): 306
  -> {"ticker": "HAL", "status": "skipped", "reason": "below minimum trade size ($25) after position cap ($14,922.46), room ($9,948.30), regime multiplier (100%), and cash reserve ($4,974.15 kept of $2,352.38 cash)"}
  -> {"ticker": "CPRT", "status": "skipped", "reason": "below minimum trade size ($25) after position cap ($14,922.46), room ($9,948.30), regime multiplier (100%), and cash reserve ($4,974.15 kept of $2,352.38 cash)"}
Overnight queue cleared after verification.
Dashboard watchlist synced (16 symbols) for news/headlines.
Ending portfolio value: $99,483.23
Trade journal: no closed trades yet
Performance: Total return -0.35% | Max drawdown 12.37% | Daily Sharpe 0.29 | Open positions: 14 | Equity $99,483.04
Timings: account: 0.0s | risk: 8.6s | decide: 6.7s | watchlist: 0.2s | perf: 0.4s

=== Run at 2026-08-14T18:20:28.908195 ===
Current time: 2026-08-14 02:20 PM EDT | Market open (per Alpaca): True | Session: REGULAR
Account value: $99,469.53
Cash: $2,352.38 | Holdings (14): {'CEG': '35.6034 sh (+1.71%)', 'CHD': '97.9637 sh (-0.49%)', 'COHR': '7.9896 sh (-5.17%)', 'CVX': '24.8836 sh (+1.59%)', 'GEHC': '0.6136 sh (-0.11%)', 'IVZ': '306.9138 sh (+1.24%)', 'LMT': '16.3555 sh (+0.20%)', 'MS': '43.8344 sh (-1.69%)', 'MSI': '21.1281 sh (-0.44%)', 'NUE': '36.5544 sh (-0.93%)', 'NVDA': '44.2888 sh (+0.49%)', 'NWS': '303.7199 sh (+1.53%)', 'STLD': '0.9216 sh (-1.62%)', 'WSM': '0.1026 sh (-1.33%)'}
Risk state: peak $99,703.60 | drawdown 0.23% | today +0.22% | halted: False
Market regime: NEUTRAL (position-size multiplier: 100% incl. circuit breaker 100%)
News: fetched 158, 3 new after dedup, 0 ticker(s) matched.
Quant pre-screen: 41/60 candidates passed.
Gemini proposed 2 trade(s) meeting the conviction bar.
Gemini calls used today (all models combined): 307
  -> {"ticker": "TEL", "status": "skipped", "reason": "below minimum trade size ($25) after position cap ($14,920.43), room ($9,946.95), regime multiplier (100%), and cash reserve ($4,973.48 kept of $2,352.38 cash)"}
  -> {"ticker": "HAL", "status": "skipped", "reason": "below minimum trade size ($25) after position cap ($14,920.43), room ($9,946.95), regime multiplier (100%), and cash reserve ($4,973.48 kept of $2,352.38 cash)"}
Overnight queue cleared after verification.
Dashboard watchlist synced (16 symbols) for news/headlines.
Ending portfolio value: $99,469.52
Trade journal: no closed trades yet
Performance: Total return -0.36% | Max drawdown 12.37% | Daily Sharpe 0.29 | Open positions: 14 | Equity $99,469.53
Timings: account: 0.0s | risk: 16.5s | decide: 4.0s | watchlist: 0.1s | perf: 0.1s

=== Run at 2026-08-14T18:22:24.569691 ===
Current time: 2026-08-14 02:22 PM EDT | Market open (per Alpaca): True | Session: REGULAR
Account value: $99,474.59
Cash: $2,352.38 | Holdings (14): {'CEG': '35.6034 sh (+1.75%)', 'CHD': '97.9637 sh (-0.42%)', 'COHR': '7.9896 sh (-5.08%)', 'CVX': '24.8836 sh (+1.56%)', 'GEHC': '0.6136 sh (-0.06%)', 'IVZ': '306.9138 sh (+1.23%)', 'LMT': '16.3555 sh (+0.17%)', 'MS': '43.8344 sh (-1.70%)', 'MSI': '21.1281 sh (-0.43%)', 'NUE': '36.5544 sh (-0.98%)', 'NVDA': '44.2888 sh (+0.50%)', 'NWS': '303.7199 sh (+1.56%)', 'STLD': '0.9216 sh (-1.72%)', 'WSM': '0.1026 sh (-1.33%)'}
Risk state: peak $99,703.60 | drawdown 0.23% | today +0.22% | halted: False
Market regime: NEUTRAL (position-size multiplier: 100% incl. circuit breaker 100%)
News: fetched 158, 0 new after dedup, 0 ticker(s) matched.
Quant pre-screen: 41/60 candidates passed.
Gemini proposed 3 trade(s) meeting the conviction bar.
Gemini calls used today (all models combined): 308
  -> {"ticker": "TEL", "status": "skipped", "reason": "below minimum trade size ($25) after position cap ($14,921.19), room ($9,947.46), regime multiplier (100%), and cash reserve ($4,973.73 kept of $2,352.38 cash)"}
  -> {"ticker": "HAL", "status": "skipped", "reason": "below minimum trade size ($25) after position cap ($14,921.19), room ($9,947.46), regime multiplier (100%), and cash reserve ($4,973.73 kept of $2,352.38 cash)"}
  -> {"ticker": "RSG", "status": "skipped", "reason": "below minimum trade size ($25) after position cap ($14,921.19), room ($9,947.46), regime multiplier (100%), and cash reserve ($2,486.86 kept of $2,352.38 cash)"}
Overnight queue cleared after verification.
Dashboard watchlist synced (17 symbols) for news/headlines.
Ending portfolio value: $99,479.09
Trade journal: no closed trades yet
Performance: Total return -0.35% | Max drawdown 12.37% | Daily Sharpe 0.29 | Open positions: 14 | Equity $99,474.59
Timings: account: 0.0s | risk: 6.9s | decide: 3.1s | watchlist: 0.0s | perf: 0.1s

=== Run at 2026-08-14T18:24:28.639766 ===
Current time: 2026-08-14 02:24 PM EDT | Market open (per Alpaca): True | Session: REGULAR
Account value: $99,474.90
Cash: $2,352.38 | Holdings (14): {'CEG': '35.6034 sh (+1.78%)', 'CHD': '97.9637 sh (-0.41%)', 'COHR': '7.9896 sh (-5.18%)', 'CVX': '24.8836 sh (+1.46%)', 'GEHC': '0.6136 sh (-0.00%)', 'IVZ': '306.9138 sh (+1.26%)', 'LMT': '16.3555 sh (+0.18%)', 'MS': '43.8344 sh (-1.67%)', 'MSI': '21.1281 sh (-0.45%)', 'NUE': '36.5544 sh (-0.98%)', 'NVDA': '44.2888 sh (+0.47%)', 'NWS': '303.7199 sh (+1.56%)', 'STLD': '0.9216 sh (-1.72%)', 'WSM': '0.1026 sh (-1.30%)'}
Risk state: peak $99,703.60 | drawdown 0.23% | today +0.22% | halted: False
Market regime: NEUTRAL (position-size multiplier: 100% incl. circuit breaker 100%)
News: fetched 158, 1 new after dedup, 1 ticker(s) matched.
Quant pre-screen: 11/15 candidates passed.
Gemini proposed 2 trade(s) meeting the conviction bar.
Gemini calls used today (all models combined): 309
  -> {"ticker": "ON", "status": "skipped", "reason": "below minimum trade size ($25) after position cap ($14,921.23), room ($9,947.49), regime multiplier (100%), and cash reserve ($4,973.74 kept of $2,352.38 cash)"}
  -> {"ticker": "CPRT", "status": "skipped", "reason": "below minimum trade size ($25) after position cap ($14,921.23), room ($9,947.49), regime multiplier (100%), and cash reserve ($4,973.74 kept of $2,352.38 cash)"}
Overnight queue cleared after verification.
Dashboard watchlist synced (16 symbols) for news/headlines.
Ending portfolio value: $99,479.57
Trade journal: no closed trades yet
Performance: Total return -0.35% | Max drawdown 12.37% | Daily Sharpe 0.29 | Open positions: 14 | Equity $99,474.90
Timings: account: 0.0s | risk: 7.0s | decide: 7.8s | watchlist: 0.2s | perf: 0.3s

=== Run at 2026-08-14T18:26:29.670520 ===
Current time: 2026-08-14 02:26 PM EDT | Market open (per Alpaca): True | Session: REGULAR
Account value: $99,483.78
Cash: $2,352.38 | Holdings (14): {'CEG': '35.6034 sh (+1.79%)', 'CHD': '97.9637 sh (-0.46%)', 'COHR': '7.9896 sh (-4.90%)', 'CVX': '24.8836 sh (+1.52%)', 'GEHC': '0.6136 sh (+0.04%)', 'IVZ': '306.9138 sh (+1.29%)', 'LMT': '16.3555 sh (+0.17%)', 'MS': '43.8344 sh (-1.59%)', 'MSI': '21.1281 sh (-0.45%)', 'NUE': '36.5544 sh (-1.00%)', 'NVDA': '44.2888 sh (+0.42%)', 'NWS': '303.7199 sh (+1.56%)', 'STLD': '0.9216 sh (-1.71%)', 'WSM': '0.1026 sh (-1.29%)'}
Risk state: peak $99,703.60 | drawdown 0.22% | today +0.23% | halted: False
Market regime: NEUTRAL (position-size multiplier: 100% incl. circuit breaker 100%)
News: fetched 158, 1 new after dedup, 0 ticker(s) matched.
Quant pre-screen: 41/60 candidates passed.
Gemini proposed 2 trade(s) meeting the conviction bar.
Gemini calls used today (all models combined): 310
  -> {"ticker": "TEL", "status": "skipped", "reason": "below minimum trade size ($25) after position cap ($14,922.57), room ($9,948.38), regime multiplier (100%), and cash reserve ($4,974.19 kept of $2,352.38 cash)"}
  -> {"ticker": "TDY", "status": "skipped", "reason": "below minimum trade size ($25) after position cap ($14,922.57), room ($9,948.38), regime multiplier (100%), and cash reserve ($4,974.19 kept of $2,352.38 cash)"}
Overnight queue cleared after verification.
Dashboard watchlist synced (16 symbols) for news/headlines.
Ending portfolio value: $99,477.53
Trade journal: no closed trades yet
Performance: Total return -0.36% | Max drawdown 12.37% | Daily Sharpe 0.29 | Open positions: 14 | Equity $99,483.78
Timings: account: 0.0s | risk: 7.3s | decide: 14.1s | watchlist: 0.2s | perf: 0.3s

=== Run at 2026-08-14T18:28:31.272430 ===
Current time: 2026-08-14 02:28 PM EDT | Market open (per Alpaca): True | Session: REGULAR
Account value: $99,457.91
Cash: $2,352.38 | Holdings (14): {'CEG': '35.6034 sh (+1.73%)', 'CHD': '97.9637 sh (-0.50%)', 'COHR': '7.9896 sh (-4.87%)', 'CVX': '24.8836 sh (+1.56%)', 'GEHC': '0.6136 sh (+0.04%)', 'IVZ': '306.9138 sh (+1.26%)', 'LMT': '16.3555 sh (+0.16%)', 'MS': '43.8344 sh (-1.57%)', 'MSI': '21.1281 sh (-0.44%)', 'NUE': '36.5544 sh (-0.99%)', 'NVDA': '44.2888 sh (+0.26%)', 'NWS': '303.7199 sh (+1.55%)', 'STLD': '0.9216 sh (-1.77%)', 'WSM': '0.1026 sh (-1.29%)'}
Risk state: peak $99,703.60 | drawdown 0.25% | today +0.20% | halted: False
Market regime: NEUTRAL (position-size multiplier: 100% incl. circuit breaker 100%)
News: fetched 158, 4 new after dedup, 0 ticker(s) matched.
Quant pre-screen: 41/60 candidates passed.
Gemini proposed 2 trade(s) meeting the conviction bar.
Gemini calls used today (all models combined): 311
  -> {"ticker": "TEL", "status": "skipped", "reason": "below minimum trade size ($25) after position cap ($14,918.69), room ($9,945.79), regime multiplier (100%), and cash reserve ($4,972.90 kept of $2,352.38 cash)"}
  -> {"ticker": "HAL", "status": "skipped", "reason": "below minimum trade size ($25) after position cap ($14,918.69), room ($9,945.79), regime multiplier (100%), and cash reserve ($4,972.90 kept of $2,352.38 cash)"}
Overnight queue cleared after verification.
Dashboard watchlist synced (16 symbols) for news/headlines.
Ending portfolio value: $99,458.81
Trade journal: no closed trades yet
Performance: Total return -0.37% | Max drawdown 12.37% | Daily Sharpe 0.28 | Open positions: 14 | Equity $99,457.91
Timings: account: 0.0s | risk: 7.1s | decide: 5.0s | watchlist: 0.2s | perf: 0.3s

=== Run at 2026-08-14T18:30:37.949304 ===
Current time: 2026-08-14 02:30 PM EDT | Market open (per Alpaca): True | Session: REGULAR
Account value: $99,475.57
Cash: $2,352.38 | Holdings (14): {'CEG': '35.6034 sh (+1.74%)', 'CHD': '97.9637 sh (-0.51%)', 'COHR': '7.9896 sh (-4.60%)', 'CVX': '24.8836 sh (+1.56%)', 'GEHC': '0.6136 sh (+0.00%)', 'IVZ': '306.9138 sh (+1.21%)', 'LMT': '16.3555 sh (+0.15%)', 'MS': '43.8344 sh (-1.42%)', 'MSI': '21.1281 sh (-0.49%)', 'NUE': '36.5544 sh (-1.04%)', 'NVDA': '44.2888 sh (+0.31%)', 'NWS': '303.7199 sh (+1.59%)', 'STLD': '0.9216 sh (-1.73%)', 'WSM': '0.1026 sh (-1.34%)'}
Risk state: peak $99,703.60 | drawdown 0.23% | today +0.22% | halted: False
Market regime: NEUTRAL (position-size multiplier: 100% incl. circuit breaker 100%)
News: fetched 158, 2 new after dedup, 0 ticker(s) matched.
Quant pre-screen: 41/60 candidates passed.
Gemini proposed 1 trade(s) meeting the conviction bar.
Gemini calls used today (all models combined): 312
  -> {"ticker": "TEL", "status": "skipped", "reason": "below minimum trade size ($25) after position cap ($14,921.34), room ($9,947.56), regime multiplier (100%), and cash reserve ($4,973.78 kept of $2,352.38 cash)"}
Overnight queue cleared after verification.
Dashboard watchlist synced (15 symbols) for news/headlines.
Ending portfolio value: $99,481.06
Trade journal: no closed trades yet
Performance: Total return -0.35% | Max drawdown 12.37% | Daily Sharpe 0.29 | Open positions: 14 | Equity $99,475.57
Timings: account: 0.0s | risk: 8.2s | decide: 4.6s | watchlist: 0.1s | perf: 0.2s

=== Run at 2026-08-14T18:32:26.145258 ===
Current time: 2026-08-14 02:32 PM EDT | Market open (per Alpaca): True | Session: REGULAR
Account value: $99,446.93
Cash: $2,352.38 | Holdings (14): {'CEG': '35.6034 sh (+1.66%)', 'CHD': '97.9637 sh (-0.51%)', 'COHR': '7.9896 sh (-4.88%)', 'CVX': '24.8836 sh (+1.56%)', 'GEHC': '0.6136 sh (+0.05%)', 'IVZ': '306.9138 sh (+1.23%)', 'LMT': '16.3555 sh (+0.11%)', 'MS': '43.8344 sh (-1.53%)', 'MSI': '21.1281 sh (-0.53%)', 'NUE': '36.5544 sh (-0.97%)', 'NVDA': '44.2888 sh (+0.29%)', 'NWS': '303.7199 sh (+1.59%)', 'STLD': '0.9216 sh (-1.76%)', 'WSM': '0.1026 sh (-1.34%)'}
Risk state: peak $99,703.60 | drawdown 0.26% | today +0.19% | halted: False
Market regime: NEUTRAL (position-size multiplier: 100% incl. circuit breaker 100%)
News: fetched 158, 0 new after dedup, 0 ticker(s) matched.
Quant pre-screen: 41/60 candidates passed.
Gemini proposed 3 trade(s) meeting the conviction bar.
Gemini calls used today (all models combined): 313
  -> {"ticker": "TEL", "status": "skipped", "reason": "below minimum trade size ($25) after position cap ($14,917.04), room ($9,944.69), regime multiplier (100%), and cash reserve ($4,972.35 kept of $2,352.38 cash)"}
  -> {"ticker": "HAL", "status": "skipped", "reason": "below minimum trade size ($25) after position cap ($14,917.04), room ($9,944.69), regime multiplier (100%), and cash reserve ($4,972.35 kept of $2,352.38 cash)"}
  -> {"ticker": "TDY", "status": "skipped", "reason": "below minimum trade size ($25) after position cap ($14,917.04), room ($9,944.69), regime multiplier (100%), and cash reserve ($4,972.35 kept of $2,352.38 cash)"}
Overnight queue cleared after verification.
Dashboard watchlist synced (17 symbols) for news/headlines.
Ending portfolio value: $99,448.14
Trade journal: no closed trades yet
Performance: Total return -0.38% | Max drawdown 12.37% | Daily Sharpe 0.28 | Open positions: 14 | Equity $99,446.93
Timings: account: 0.0s | risk: 5.4s | decide: 6.4s | watchlist: 0.0s | perf: 0.1s

=== Run at 2026-08-14T18:34:24.238725 ===
Current time: 2026-08-14 02:34 PM EDT | Market open (per Alpaca): True | Session: REGULAR
Account value: $99,466.27
Cash: $2,352.38 | Holdings (14): {'CEG': '35.6034 sh (+1.73%)', 'CHD': '97.9637 sh (-0.51%)', 'COHR': '7.9896 sh (-4.81%)', 'CVX': '24.8836 sh (+1.57%)', 'GEHC': '0.6136 sh (-0.03%)', 'IVZ': '306.9138 sh (+1.26%)', 'LMT': '16.3555 sh (+0.05%)', 'MS': '43.8344 sh (-1.54%)', 'MSI': '21.1281 sh (-0.51%)', 'NUE': '36.5544 sh (-0.92%)', 'NVDA': '44.2888 sh (+0.33%)', 'NWS': '303.7199 sh (+1.63%)', 'STLD': '0.9216 sh (-1.76%)', 'WSM': '0.1026 sh (-1.35%)'}
Risk state: peak $99,703.60 | drawdown 0.24% | today +0.21% | halted: False
Market regime: NEUTRAL (position-size multiplier: 100% incl. circuit breaker 100%)
News: fetched 158, 0 new after dedup, 0 ticker(s) matched.
Quant pre-screen: 41/60 candidates passed.
Gemini proposed 1 trade(s) meeting the conviction bar.
Gemini calls used today (all models combined): 314
  -> {"ticker": "HAL", "status": "skipped", "reason": "below minimum trade size ($25) after position cap ($14,919.94), room ($9,946.63), regime multiplier (100%), and cash reserve ($2,486.66 kept of $2,352.38 cash)"}
Overnight queue cleared after verification.
Dashboard watchlist synced (15 symbols) for news/headlines.
Ending portfolio value: $99,456.13
Trade journal: no closed trades yet
Performance: Total return -0.38% | Max drawdown 12.37% | Daily Sharpe 0.28 | Open positions: 14 | Equity $99,466.27
Timings: account: 0.0s | risk: 5.1s | decide: 17.6s | watchlist: 0.0s | perf: 0.1s

=== Run at 2026-08-14T18:36:24.900132 ===
Current time: 2026-08-14 02:36 PM EDT | Market open (per Alpaca): True | Session: REGULAR
Account value: $99,457.73
Cash: $2,352.38 | Holdings (14): {'CEG': '35.6034 sh (+1.71%)', 'CHD': '97.9637 sh (-0.47%)', 'COHR': '7.9896 sh (-4.79%)', 'CVX': '24.8836 sh (+1.52%)', 'GEHC': '0.6136 sh (-0.00%)', 'IVZ': '306.9138 sh (+1.24%)', 'LMT': '16.3555 sh (-0.06%)', 'MS': '43.8344 sh (-1.55%)', 'MSI': '21.1281 sh (-0.50%)', 'NUE': '36.5544 sh (-0.97%)', 'NVDA': '44.2888 sh (+0.39%)', 'NWS': '303.7199 sh (+1.66%)', 'STLD': '0.9216 sh (-1.84%)', 'WSM': '0.1026 sh (-1.34%)'}
Risk state: peak $99,703.60 | drawdown 0.25% | today +0.20% | halted: False
Market regime: NEUTRAL (position-size multiplier: 100% incl. circuit breaker 100%)
News: fetched 158, 1 new after dedup, 0 ticker(s) matched.
Quant pre-screen: 41/60 candidates passed.
Gemini proposed 3 trade(s) meeting the conviction bar.
Gemini calls used today (all models combined): 315
  -> {"ticker": "TEL", "status": "skipped", "reason": "below minimum trade size ($25) after position cap ($14,918.66), room ($9,945.77), regime multiplier (100%), and cash reserve ($4,972.89 kept of $2,352.38 cash)"}
  -> {"ticker": "HAL", "status": "skipped", "reason": "below minimum trade size ($25) after position cap ($14,918.66), room ($9,945.77), regime multiplier (100%), and cash reserve ($4,972.89 kept of $2,352.38 cash)"}
  -> {"ticker": "RSG", "status": "skipped", "reason": "below minimum trade size ($25) after position cap ($14,918.66), room ($9,945.77), regime multiplier (100%), and cash reserve ($2,486.44 kept of $2,352.38 cash)"}
Overnight queue cleared after verification.
Dashboard watchlist synced (17 symbols) for news/headlines.
Ending portfolio value: $99,450.48
Trade journal: no closed trades yet
Performance: Total return -0.38% | Max drawdown 12.37% | Daily Sharpe 0.28 | Open positions: 14 | Equity $99,457.73
Timings: account: 0.0s | risk: 6.3s | decide: 5.4s | watchlist: 0.1s | perf: 0.2s

=== Run at 2026-08-14T18:38:28.915135 ===
Current time: 2026-08-14 02:38 PM EDT | Market open (per Alpaca): True | Session: REGULAR
Account value: $99,484.45
Cash: $2,352.38 | Holdings (14): {'CEG': '35.6034 sh (+1.71%)', 'CHD': '97.9637 sh (-0.47%)', 'COHR': '7.9896 sh (-4.84%)', 'CVX': '24.8836 sh (+1.54%)', 'GEHC': '0.6136 sh (-0.04%)', 'IVZ': '306.9138 sh (+1.24%)', 'LMT': '16.3555 sh (+0.06%)', 'MS': '43.8344 sh (-1.53%)', 'MSI': '21.1281 sh (-0.49%)', 'NUE': '36.5544 sh (-0.94%)', 'NVDA': '44.2888 sh (+0.42%)', 'NWS': '303.7199 sh (+1.72%)', 'STLD': '0.9216 sh (-1.77%)', 'WSM': '0.1026 sh (-1.35%)'}
Risk state: peak $99,703.60 | drawdown 0.22% | today +0.23% | halted: False
Market regime: NEUTRAL (position-size multiplier: 100% incl. circuit breaker 100%)
News: fetched 158, 0 new after dedup, 0 ticker(s) matched.
Quant pre-screen: 41/60 candidates passed.
Gemini proposed 3 trade(s) meeting the conviction bar.
Gemini calls used today (all models combined): 316
  -> {"ticker": "HAL", "status": "skipped", "reason": "below minimum trade size ($25) after position cap ($14,922.67), room ($9,948.44), regime multiplier (100%), and cash reserve ($4,974.22 kept of $2,352.38 cash)"}
  -> {"ticker": "RSG", "status": "skipped", "reason": "below minimum trade size ($25) after position cap ($14,922.67), room ($9,948.44), regime multiplier (100%), and cash reserve ($4,974.22 kept of $2,352.38 cash)"}
  -> {"ticker": "TEL", "status": "skipped", "reason": "below minimum trade size ($25) after position cap ($14,922.67), room ($9,948.44), regime multiplier (100%), and cash reserve ($4,974.22 kept of $2,352.38 cash)"}
Overnight queue cleared after verification.
Dashboard watchlist synced (17 symbols) for news/headlines.
Ending portfolio value: $99,489.67
Trade journal: no closed trades yet
Performance: Total return -0.34% | Max drawdown 12.37% | Daily Sharpe 0.29 | Open positions: 14 | Equity $99,484.45
Timings: account: 0.0s | risk: 6.8s | decide: 6.6s | watchlist: 0.2s | perf: 0.3s

=== Run at 2026-08-14T18:41:04.174903 ===
Current time: 2026-08-14 02:41 PM EDT | Market open (per Alpaca): True | Session: REGULAR
Account value: $99,506.68
Cash: $2,352.38 | Holdings (14): {'CEG': '35.6034 sh (+1.74%)', 'CHD': '97.9637 sh (-0.43%)', 'COHR': '7.9896 sh (-4.72%)', 'CVX': '24.8836 sh (+1.53%)', 'GEHC': '0.6136 sh (-0.08%)', 'IVZ': '306.9138 sh (+1.29%)', 'LMT': '16.3555 sh (+0.14%)', 'MS': '43.8344 sh (-1.57%)', 'MSI': '21.1281 sh (-0.49%)', 'NUE': '36.5544 sh (-0.96%)', 'NVDA': '44.2888 sh (+0.52%)', 'NWS': '303.7199 sh (+1.66%)', 'STLD': '0.9216 sh (-1.79%)', 'WSM': '0.1026 sh (-1.35%)'}
Risk state: peak $99,703.60 | drawdown 0.20% | today +0.25% | halted: False
=== Run at 2026-08-14T18:40:27.910001 ===
Current time: 2026-08-14 02:40 PM EDT | Market open (per Alpaca): True | Session: REGULAR
Account value: $99,494.15
Cash: $2,352.38 | Holdings (14): {'CEG': '35.6034 sh (+1.74%)', 'CHD': '97.9637 sh (-0.43%)', 'COHR': '7.9896 sh (-4.75%)', 'CVX': '24.8836 sh (+1.51%)', 'GEHC': '0.6136 sh (-0.05%)', 'IVZ': '306.9138 sh (+1.24%)', 'LMT': '16.3555 sh (+0.11%)', 'MS': '43.8344 sh (-1.56%)', 'MSI': '21.1281 sh (-0.50%)', 'NUE': '36.5544 sh (-0.94%)', 'NVDA': '44.2888 sh (+0.47%)', 'NWS': '303.7199 sh (+1.66%)', 'STLD': '0.9216 sh (-1.85%)', 'WSM': '0.1026 sh (-1.35%)'}
Risk state: peak $99,703.60 | drawdown 0.21% | today +0.24% | halted: False
Market regime: NEUTRAL (position-size multiplier: 100% incl. circuit breaker 100%)
News: fetched 158, 1 new after dedup, 0 ticker(s) matched.
Quant pre-screen: 41/60 candidates passed.
Gemini proposed 2 trade(s) meeting the conviction bar.
Gemini calls used today (all models combined): 317
  -> {"ticker": "HAL", "status": "skipped", "reason": "below minimum trade size ($25) after position cap ($14,926.00), room ($9,950.67), regime multiplier (100%), and cash reserve ($2,487.67 kept of $2,352.38 cash)"}
  -> {"ticker": "TEL", "status": "skipped", "reason": "below minimum trade size ($25) after position cap ($14,926.00), room ($9,950.67), regime multiplier (100%), and cash reserve ($4,975.33 kept of $2,352.38 cash)"}
Overnight queue cleared after verification.
Dashboard watchlist synced (16 symbols) for news/headlines.
Ending portfolio value: $99,506.04
Trade journal: no closed trades yet
Performance: Total return -0.33% | Max drawdown 12.37% | Daily Sharpe 0.29 | Open positions: 14 | Equity $99,506.68
Timings: account: 0.0s | risk: 4.0s | decide: 2.4s | watchlist: 0.1s | perf: 0.1s
  -> {"ticker": "TEL", "status": "skipped", "reason": "below minimum trade size ($25) after position cap ($14,924.12), room ($9,949.42), regime multiplier (100%), and cash reserve ($4,974.71 kept of $2,352.38 cash)"}
  -> {"ticker": "TDY", "status": "skipped", "reason": "below minimum trade size ($25) after position cap ($14,924.12), room ($9,949.42), regime multiplier (100%), and cash reserve ($4,974.71 kept of $2,352.38 cash)"}
Overnight queue cleared after verification.
Dashboard watchlist synced (16 symbols) for news/headlines.
Ending portfolio value: $99,496.80
Trade journal: no closed trades yet
Performance: Total return -0.34% | Max drawdown 12.37% | Daily Sharpe 0.29 | Open positions: 14 | Equity $99,494.15
Timings: account: 0.0s | risk: 3.8s | decide: 3.0s | watchlist: 0.0s | perf: 0.1s

=== Run at 2026-08-14T18:42:29.157025 ===
Current time: 2026-08-14 02:42 PM EDT | Market open (per Alpaca): True | Session: REGULAR
Account value: $99,517.01
Cash: $2,352.38 | Holdings (14): {'CEG': '35.6034 sh (+1.77%)', 'CHD': '97.9637 sh (-0.43%)', 'COHR': '7.9896 sh (-4.81%)', 'CVX': '24.8836 sh (+1.56%)', 'GEHC': '0.6136 sh (-0.11%)', 'IVZ': '306.9138 sh (+1.29%)', 'LMT': '16.3555 sh (+0.10%)', 'MS': '43.8344 sh (-1.52%)', 'MSI': '21.1281 sh (-0.47%)', 'NUE': '36.5544 sh (-0.96%)', 'NVDA': '44.2888 sh (+0.56%)', 'NWS': '303.7199 sh (+1.69%)', 'STLD': '0.9216 sh (-1.81%)', 'WSM': '0.1026 sh (-1.34%)'}
Risk state: peak $99,703.60 | drawdown 0.19% | today +0.26% | halted: False
Market regime: NEUTRAL (position-size multiplier: 100% incl. circuit breaker 100%)
News: fetched 158, 3 new after dedup, 0 ticker(s) matched.
Quant pre-screen: 41/60 candidates passed.
Gemini proposed 1 trade(s) meeting the conviction bar.
Gemini calls used today (all models combined): 318
  -> {"ticker": "TEL", "status": "skipped", "reason": "below minimum trade size ($25) after position cap ($14,927.55), room ($9,951.70), regime multiplier (100%), and cash reserve ($4,975.85 kept of $2,352.38 cash)"}
Overnight queue cleared after verification.
Dashboard watchlist synced (15 symbols) for news/headlines.
Ending portfolio value: $99,514.44
Trade journal: no closed trades yet
Performance: Total return -0.32% | Max drawdown 12.37% | Daily Sharpe 0.30 | Open positions: 14 | Equity $99,517.01
Timings: account: 0.0s | risk: 5.5s | decide: 2.2s | watchlist: 0.1s | perf: 0.2s

=== Run at 2026-08-14T18:44:24.462857 ===
Current time: 2026-08-14 02:44 PM EDT | Market open (per Alpaca): True | Session: REGULAR
Account value: $99,498.83
Cash: $2,352.38 | Holdings (14): {'CEG': '35.6034 sh (+1.68%)', 'CHD': '97.9637 sh (-0.39%)', 'COHR': '7.9896 sh (-4.74%)', 'CVX': '24.8836 sh (+1.58%)', 'GEHC': '0.6136 sh (-0.08%)', 'IVZ': '306.9138 sh (+1.23%)', 'LMT': '16.3555 sh (+0.12%)', 'MS': '43.8344 sh (-1.57%)', 'MSI': '21.1281 sh (-0.47%)', 'NUE': '36.5544 sh (-1.03%)', 'NVDA': '44.2888 sh (+0.56%)', 'NWS': '303.7199 sh (+1.69%)', 'STLD': '0.9216 sh (-1.96%)', 'WSM': '0.1026 sh (-1.28%)'}
Risk state: peak $99,703.60 | drawdown 0.21% | today +0.25% | halted: False
Market regime: NEUTRAL (position-size multiplier: 100% incl. circuit breaker 100%)
News: fetched 158, 0 new after dedup, 0 ticker(s) matched.
Quant pre-screen: 41/60 candidates passed.
Gemini proposed 3 trade(s) meeting the conviction bar.
Gemini calls used today (all models combined): 319
  -> {"ticker": "RSG", "status": "skipped", "reason": "below minimum trade size ($25) after position cap ($14,924.82), room ($9,949.88), regime multiplier (100%), and cash reserve ($2,487.47 kept of $2,352.38 cash)"}
  -> {"ticker": "HAL", "status": "skipped", "reason": "below minimum trade size ($25) after position cap ($14,924.82), room ($9,949.88), regime multiplier (100%), and cash reserve ($4,974.94 kept of $2,352.38 cash)"}
  -> {"ticker": "SOLV", "status": "skipped", "reason": "below minimum trade size ($25) after position cap ($14,924.82), room ($9,949.88), regime multiplier (100%), and cash reserve ($4,974.94 kept of $2,352.38 cash)"}
Overnight queue cleared after verification.
Run budget spent -- skipping dashboard watchlist sync.
Run budget spent -- skipping performance snapshot.
Trade journal: no closed trades yet
Performance: Total return -0.32% | Max drawdown 12.37% | Daily Sharpe 0.30 | Open positions: 14 | Equity $99,498.83
Timings: account: 0.0s | risk: 2.2s | decide: 28.1s | watchlist: 0.0s | perf: 0.0s

=== Run at 2026-08-14T18:46:30.448411 ===
Current time: 2026-08-14 02:46 PM EDT | Market open (per Alpaca): True | Session: REGULAR
Account value: $99,461.03
Cash: $2,352.38 | Holdings (14): {'CEG': '35.6034 sh (+1.64%)', 'CHD': '97.9637 sh (-0.36%)', 'COHR': '7.9896 sh (-4.72%)', 'CVX': '24.8836 sh (+1.56%)', 'GEHC': '0.6136 sh (-0.03%)', 'IVZ': '306.9138 sh (+0.97%)', 'LMT': '16.3555 sh (+0.04%)', 'MS': '43.8344 sh (-1.58%)', 'MSI': '21.1281 sh (-0.43%)', 'NUE': '36.5544 sh (-1.01%)', 'NVDA': '44.2888 sh (+0.48%)', 'NWS': '303.7199 sh (+1.69%)', 'STLD': '0.9216 sh (-1.93%)', 'WSM': '0.1026 sh (-1.27%)'}
Risk state: peak $99,703.60 | drawdown 0.24% | today +0.21% | halted: False
Market regime: NEUTRAL (position-size multiplier: 100% incl. circuit breaker 100%)
News: fetched 158, 2 new after dedup, 0 ticker(s) matched.
Quant pre-screen: 41/60 candidates passed.
Gemini proposed 1 trade(s) meeting the conviction bar.
Gemini calls used today (all models combined): 320
  -> {"ticker": "TEL", "status": "skipped", "reason": "below minimum trade size ($25) after position cap ($14,919.15), room ($9,946.10), regime multiplier (100%), and cash reserve ($4,973.05 kept of $2,352.38 cash)"}
Overnight queue cleared after verification.
Dashboard watchlist synced (15 symbols) for news/headlines.
Ending portfolio value: $99,454.72
Trade journal: no closed trades yet
Performance: Total return -0.38% | Max drawdown 12.37% | Daily Sharpe 0.28 | Open positions: 14 | Equity $99,461.03
Timings: account: 0.0s | risk: 4.3s | decide: 2.5s | watchlist: 0.1s | perf: 0.1s

=== Run at 2026-08-14T18:48:27.801877 ===
Current time: 2026-08-14 02:48 PM EDT | Market open (per Alpaca): True | Session: REGULAR
Account value: $99,467.97
Cash: $2,352.38 | Holdings (14): {'CEG': '35.6034 sh (+1.68%)', 'CHD': '97.9637 sh (-0.34%)', 'COHR': '7.9896 sh (-4.73%)', 'CVX': '24.8836 sh (+1.53%)', 'GEHC': '0.6136 sh (-0.04%)', 'IVZ': '306.9138 sh (+1.07%)', 'LMT': '16.3555 sh (-0.04%)', 'MS': '43.8344 sh (-1.46%)', 'MSI': '21.1281 sh (-0.46%)', 'NUE': '36.5544 sh (-1.07%)', 'NVDA': '44.2888 sh (+0.46%)', 'NWS': '303.7199 sh (+1.69%)', 'STLD': '0.9216 sh (-1.89%)', 'WSM': '0.1026 sh (-1.30%)'}
Risk state: peak $99,703.60 | drawdown 0.24% | today +0.21% | halted: False
Market regime: NEUTRAL (position-size multiplier: 100% incl. circuit breaker 100%)
News: fetched 158, 1 new after dedup, 0 ticker(s) matched.
Quant pre-screen: 41/60 candidates passed.
Gemini proposed 1 trade(s) meeting the conviction bar.
Gemini calls used today (all models combined): 321
  -> {"ticker": "HAL", "status": "skipped", "reason": "below minimum trade size ($25) after position cap ($14,920.20), room ($9,946.80), regime multiplier (100%), and cash reserve ($4,973.40 kept of $2,352.38 cash)"}
Overnight queue cleared after verification.
Dashboard watchlist synced (15 symbols) for news/headlines.
Ending portfolio value: $99,468.80
Trade journal: no closed trades yet
Performance: Total return -0.36% | Max drawdown 12.37% | Daily Sharpe 0.29 | Open positions: 14 | Equity $99,467.97
Timings: account: 0.0s | risk: 5.8s | decide: 8.0s | watchlist: 0.2s | perf: 0.3s

=== Run at 2026-08-14T18:50:32.736355 ===
Current time: 2026-08-14 02:50 PM EDT | Market open (per Alpaca): True | Session: REGULAR
Account value: $99,482.80
Cash: $2,352.38 | Holdings (14): {'CEG': '35.6034 sh (+1.76%)', 'CHD': '97.9637 sh (-0.45%)', 'COHR': '7.9896 sh (-4.75%)', 'CVX': '24.8836 sh (+1.59%)', 'GEHC': '0.6136 sh (-0.02%)', 'IVZ': '306.9138 sh (+0.95%)', 'LMT': '16.3555 sh (+0.06%)', 'MS': '43.8344 sh (-1.42%)', 'MSI': '21.1281 sh (-0.41%)', 'NUE': '36.5544 sh (-1.04%)', 'NVDA': '44.2888 sh (+0.50%)', 'NWS': '303.7199 sh (+1.70%)', 'STLD': '0.9216 sh (-1.80%)', 'WSM': '0.1026 sh (-1.33%)'}
Risk state: peak $99,703.60 | drawdown 0.22% | today +0.23% | halted: False
Market regime: NEUTRAL (position-size multiplier: 100% incl. circuit breaker 100%)
News: fetched 158, 1 new after dedup, 0 ticker(s) matched.
Quant pre-screen: 41/60 candidates passed.
Gemini proposed 2 trade(s) meeting the conviction bar.
Gemini calls used today (all models combined): 322
  -> {"ticker": "HAL", "status": "skipped", "reason": "below minimum trade size ($25) after position cap ($14,922.42), room ($9,948.28), regime multiplier (100%), and cash reserve ($4,974.14 kept of $2,352.38 cash)"}
  -> {"ticker": "TEL", "status": "skipped", "reason": "below minimum trade size ($25) after position cap ($14,922.42), room ($9,948.28), regime multiplier (100%), and cash reserve ($4,974.14 kept of $2,352.38 cash)"}
Overnight queue cleared after verification.
Dashboard watchlist synced (16 symbols) for news/headlines.
Ending portfolio value: $99,480.82
Trade journal: no closed trades yet
Performance: Total return -0.35% | Max drawdown 12.37% | Daily Sharpe 0.29 | Open positions: 14 | Equity $99,482.80
Timings: account: 0.0s | risk: 7.0s | decide: 3.2s | watchlist: 0.2s | perf: 0.3s

=== Run at 2026-08-14T18:52:29.709069 ===
Current time: 2026-08-14 02:52 PM EDT | Market open (per Alpaca): True | Session: REGULAR
Account value: $99,486.39
Cash: $2,352.38 | Holdings (14): {'CEG': '35.6034 sh (+1.70%)', 'CHD': '97.9637 sh (-0.45%)', 'COHR': '7.9896 sh (-4.75%)', 'CVX': '24.8836 sh (+1.62%)', 'GEHC': '0.6136 sh (-0.07%)', 'IVZ': '306.9138 sh (+1.00%)', 'LMT': '16.3555 sh (+0.09%)', 'MS': '43.8344 sh (-1.48%)', 'MSI': '21.1281 sh (-0.34%)', 'NUE': '36.5544 sh (-1.02%)', 'NVDA': '44.2888 sh (+0.46%)', 'NWS': '303.7199 sh (+1.72%)', 'STLD': '0.9216 sh (-1.83%)', 'WSM': '0.1026 sh (-1.35%)'}
Risk state: peak $99,703.60 | drawdown 0.22% | today +0.23% | halted: False
Market regime: NEUTRAL (position-size multiplier: 100% incl. circuit breaker 100%)
News: fetched 158, 2 new after dedup, 0 ticker(s) matched.
Quant pre-screen: 41/60 candidates passed.
Gemini proposed 2 trade(s) meeting the conviction bar.
Gemini calls used today (all models combined): 323
  -> {"ticker": "HAL", "status": "skipped", "reason": "below minimum trade size ($25) after position cap ($14,922.96), room ($9,948.64), regime multiplier (100%), and cash reserve ($4,974.32 kept of $2,352.38 cash)"}
  -> {"ticker": "TEL", "status": "skipped", "reason": "below minimum trade size ($25) after position cap ($14,922.96), room ($9,948.64), regime multiplier (100%), and cash reserve ($4,974.32 kept of $2,352.38 cash)"}
Overnight queue cleared after verification.
Dashboard watchlist synced (16 symbols) for news/headlines.
Ending portfolio value: $99,488.87
Trade journal: no closed trades yet
Performance: Total return -0.34% | Max drawdown 12.37% | Daily Sharpe 0.29 | Open positions: 14 | Equity $99,486.39
Timings: account: 0.0s | risk: 5.5s | decide: 3.2s | watchlist: 0.2s | perf: 0.3s

=== Run at 2026-08-14T18:54:28.951068 ===
Current time: 2026-08-14 02:54 PM EDT | Market open (per Alpaca): True | Session: REGULAR
Account value: $99,474.98
Cash: $2,352.38 | Holdings (14): {'CEG': '35.6034 sh (+1.71%)', 'CHD': '97.9637 sh (-0.41%)', 'COHR': '7.9896 sh (-4.69%)', 'CVX': '24.8836 sh (+1.64%)', 'GEHC': '0.6136 sh (-0.07%)', 'IVZ': '306.9138 sh (+0.93%)', 'LMT': '16.3555 sh (+0.16%)', 'MS': '43.8344 sh (-1.54%)', 'MSI': '21.1281 sh (-0.27%)', 'NUE': '36.5544 sh (-1.17%)', 'NVDA': '44.2888 sh (+0.41%)', 'NWS': '303.7199 sh (+1.72%)', 'STLD': '0.9216 sh (-2.02%)', 'WSM': '0.1026 sh (-1.31%)'}
Risk state: peak $99,703.60 | drawdown 0.23% | today +0.22% | halted: False
Market regime: NEUTRAL (position-size multiplier: 100% incl. circuit breaker 100%)
News: fetched 158, 2 new after dedup, 1 ticker(s) matched.
Quant pre-screen: 20/27 candidates passed.
Gemini proposed 3 trade(s) meeting the conviction bar.
Gemini calls used today (all models combined): 324
  -> {"ticker": "HAL", "status": "skipped", "reason": "below minimum trade size ($25) after position cap ($14,921.25), room ($9,947.50), regime multiplier (100%), and cash reserve ($4,973.75 kept of $2,352.38 cash)"}
  -> {"ticker": "ON", "status": "skipped", "reason": "below minimum trade size ($25) after position cap ($14,921.25), room ($9,947.50), regime multiplier (100%), and cash reserve ($4,973.75 kept of $2,352.38 cash)"}
  -> {"ticker": "CPRT", "status": "skipped", "reason": "below minimum trade size ($25) after position cap ($14,921.25), room ($9,947.50), regime multiplier (100%), and cash reserve ($4,973.75 kept of $2,352.38 cash)"}
Overnight queue cleared after verification.
Dashboard watchlist synced (17 symbols) for news/headlines.
Ending portfolio value: $99,476.34
Trade journal: no closed trades yet
Performance: Total return -0.36% | Max drawdown 12.37% | Daily Sharpe 0.29 | Open positions: 14 | Equity $99,474.98
Timings: account: 0.0s | risk: 5.3s | decide: 10.5s | watchlist: 0.1s | perf: 0.2s

=== Run at 2026-08-14T18:56:27.027487 ===
Current time: 2026-08-14 02:56 PM EDT | Market open (per Alpaca): True | Session: REGULAR
Account value: $99,472.02
Cash: $2,352.38 | Holdings (14): {'CEG': '35.6034 sh (+1.79%)', 'CHD': '97.9637 sh (-0.43%)', 'COHR': '7.9896 sh (-4.73%)', 'CVX': '24.8836 sh (+1.61%)', 'GEHC': '0.6136 sh (-0.11%)', 'IVZ': '306.9138 sh (+0.93%)', 'LMT': '16.3555 sh (+0.12%)', 'MS': '43.8344 sh (-1.50%)', 'MSI': '21.1281 sh (-0.33%)', 'NUE': '36.5544 sh (-1.17%)', 'NVDA': '44.2888 sh (+0.41%)', 'NWS': '303.7199 sh (+1.70%)', 'STLD': '0.9216 sh (-2.06%)', 'WSM': '0.1026 sh (-1.30%)'}
Risk state: peak $99,703.60 | drawdown 0.23% | today +0.22% | halted: False
Market regime: NEUTRAL (position-size multiplier: 100% incl. circuit breaker 100%)
News: fetched 158, 1 new after dedup, 0 ticker(s) matched.
Quant pre-screen: 41/60 candidates passed.
Gemini proposed 1 trade(s) meeting the conviction bar.
Gemini calls used today (all models combined): 325
  -> {"ticker": "TEL", "status": "skipped", "reason": "below minimum trade size ($25) after position cap ($14,920.80), room ($9,947.20), regime multiplier (100%), and cash reserve ($4,973.60 kept of $2,352.38 cash)"}
Overnight queue cleared after verification.
Dashboard watchlist synced (15 symbols) for news/headlines.
Ending portfolio value: $99,469.34
Trade journal: no closed trades yet
Performance: Total return -0.36% | Max drawdown 12.37% | Daily Sharpe 0.29 | Open positions: 14 | Equity $99,472.02
Timings: account: 0.0s | risk: 5.4s | decide: 2.1s | watchlist: 0.1s | perf: 0.2s

=== Run at 2026-08-14T18:58:30.873321 ===
Current time: 2026-08-14 02:58 PM EDT | Market open (per Alpaca): True | Session: REGULAR
Account value: $99,488.14
Cash: $2,352.38 | Holdings (14): {'CEG': '35.6034 sh (+1.77%)', 'CHD': '97.9637 sh (-0.45%)', 'COHR': '7.9896 sh (-4.76%)', 'CVX': '24.8836 sh (+1.58%)', 'GEHC': '0.6136 sh (-0.07%)', 'IVZ': '306.9138 sh (+1.06%)', 'LMT': '16.3555 sh (+0.20%)', 'MS': '43.8344 sh (-1.53%)', 'MSI': '21.1281 sh (-0.34%)', 'NUE': '36.5544 sh (-1.10%)', 'NVDA': '44.2888 sh (+0.38%)', 'NWS': '303.7199 sh (+1.72%)', 'STLD': '0.9216 sh (-1.95%)', 'WSM': '0.1026 sh (-1.32%)'}
Risk state: peak $99,703.60 | drawdown 0.22% | today +0.24% | halted: False
Market regime: NEUTRAL (position-size multiplier: 100% incl. circuit breaker 100%)
News: fetched 158, 2 new after dedup, 0 ticker(s) matched.
Quant pre-screen: 41/60 candidates passed.
Gemini proposed 3 trade(s) meeting the conviction bar.
Gemini calls used today (all models combined): 326
  -> {"ticker": "HAL", "status": "skipped", "reason": "below minimum trade size ($25) after position cap ($14,923.22), room ($9,948.81), regime multiplier (100%), and cash reserve ($4,974.41 kept of $2,352.38 cash)"}
  -> {"ticker": "RSG", "status": "skipped", "reason": "below minimum trade size ($25) after position cap ($14,923.22), room ($9,948.81), regime multiplier (100%), and cash reserve ($4,974.41 kept of $2,352.38 cash)"}
  -> {"ticker": "TEL", "status": "skipped", "reason": "below minimum trade size ($25) after position cap ($14,923.22), room ($9,948.81), regime multiplier (100%), and cash reserve ($4,974.41 kept of $2,352.38 cash)"}
Overnight queue cleared after verification.
Dashboard watchlist synced (17 symbols) for news/headlines.
Ending portfolio value: $99,478.75
Trade journal: no closed trades yet
Performance: Total return -0.35% | Max drawdown 12.37% | Daily Sharpe 0.29 | Open positions: 14 | Equity $99,488.14
Timings: account: 0.0s | risk: 5.8s | decide: 4.5s | watchlist: 0.2s | perf: 0.3s

=== Run at 2026-08-14T19:00:38.018985 ===
Current time: 2026-08-14 03:00 PM EDT | Market open (per Alpaca): True | Session: REGULAR
Account value: $99,470.89
Cash: $2,352.38 | Holdings (14): {'CEG': '35.6034 sh (+1.76%)', 'CHD': '97.9637 sh (-0.40%)', 'COHR': '7.9896 sh (-4.96%)', 'CVX': '24.8836 sh (+1.54%)', 'GEHC': '0.6136 sh (-0.03%)', 'IVZ': '306.9138 sh (+1.07%)', 'LMT': '16.3555 sh (+0.24%)', 'MS': '43.8344 sh (-1.52%)', 'MSI': '21.1281 sh (-0.40%)', 'NUE': '36.5544 sh (-1.25%)', 'NVDA': '44.2888 sh (+0.45%)', 'NWS': '303.7199 sh (+1.66%)', 'STLD': '0.9216 sh (-1.97%)', 'WSM': '0.1026 sh (-1.32%)'}
Risk state: peak $99,703.60 | drawdown 0.23% | today +0.22% | halted: False
Market regime: NEUTRAL (position-size multiplier: 100% incl. circuit breaker 100%)
News: fetched 158, 2 new after dedup, 0 ticker(s) matched.
Quant pre-screen: 8/12 candidates passed.
Gemini proposed 1 trade(s) meeting the conviction bar.
Gemini calls used today (all models combined): 327
  -> {"ticker": "CPRT", "status": "skipped", "reason": "below minimum trade size ($25) after position cap ($14,920.63), room ($9,947.09), regime multiplier (100%), and cash reserve ($4,973.54 kept of $2,352.38 cash)"}
Overnight queue cleared after verification.
Dashboard watchlist synced (15 symbols) for news/headlines.
Ending portfolio value: $99,453.49
Trade journal: no closed trades yet
Performance: Total return -0.38% | Max drawdown 12.37% | Daily Sharpe 0.28 | Open positions: 14 | Equity $99,470.89
Timings: account: 0.0s | risk: 8.3s | decide: 12.3s | watchlist: 0.1s | perf: 0.2s

=== Run at 2026-08-14T19:02:36.675005 ===
Current time: 2026-08-14 03:02 PM EDT | Market open (per Alpaca): True | Session: REGULAR
Account value: $99,451.75
Cash: $2,352.38 | Holdings (14): {'CEG': '35.6034 sh (+1.72%)', 'CHD': '97.9637 sh (-0.44%)', 'COHR': '7.9896 sh (-4.78%)', 'CVX': '24.8836 sh (+1.51%)', 'GEHC': '0.6136 sh (-0.04%)', 'IVZ': '306.9138 sh (+1.09%)', 'LMT': '16.3555 sh (+0.23%)', 'MS': '43.8344 sh (-1.58%)', 'MSI': '21.1281 sh (-0.42%)', 'NUE': '36.5544 sh (-1.38%)', 'NVDA': '44.2888 sh (+0.50%)', 'NWS': '303.7199 sh (+1.69%)', 'STLD': '0.9216 sh (-2.12%)', 'WSM': '0.1026 sh (-1.50%)'}
Risk state: peak $99,703.60 | drawdown 0.25% | today +0.20% | halted: False
Market regime: NEUTRAL (position-size multiplier: 100% incl. circuit breaker 100%)
News: fetched 158, 1 new after dedup, 0 ticker(s) matched.
Quant pre-screen: 15/23 candidates passed.
Gemini proposed 3 trade(s) meeting the conviction bar.
Gemini calls used today (all models combined): 328
  -> {"ticker": "CPRT", "status": "skipped", "reason": "below minimum trade size ($25) after position cap ($14,917.76), room ($9,945.18), regime multiplier (100%), and cash reserve ($4,972.59 kept of $2,352.38 cash)"}
  -> {"ticker": "RSG", "status": "skipped", "reason": "below minimum trade size ($25) after position cap ($14,917.76), room ($9,945.18), regime multiplier (100%), and cash reserve ($4,972.59 kept of $2,352.38 cash)"}
  -> {"ticker": "SOLV", "status": "skipped", "reason": "below minimum trade size ($25) after position cap ($14,917.76), room ($9,945.18), regime multiplier (100%), and cash reserve ($4,972.59 kept of $2,352.38 cash)"}
Overnight queue cleared after verification.
Dashboard watchlist synced (17 symbols) for news/headlines.
Ending portfolio value: $99,456.36
Trade journal: no closed trades yet
Performance: Total return -0.38% | Max drawdown 12.37% | Daily Sharpe 0.28 | Open positions: 14 | Equity $99,451.75
Timings: account: 0.0s | risk: 5.2s | decide: 9.4s | watchlist: 0.1s | perf: 0.1s

=== Run at 2026-08-14T19:04:25.518681 ===
Current time: 2026-08-14 03:04 PM EDT | Market open (per Alpaca): True | Session: REGULAR
Account value: $99,431.63
Cash: $2,352.38 | Holdings (14): {'CEG': '35.6034 sh (+1.67%)', 'CHD': '97.9637 sh (-0.45%)', 'COHR': '7.9896 sh (-4.91%)', 'CVX': '24.8836 sh (+1.51%)', 'GEHC': '0.6136 sh (-0.01%)', 'IVZ': '306.9138 sh (+1.06%)', 'LMT': '16.3555 sh (+0.17%)', 'MS': '43.8344 sh (-1.68%)', 'MSI': '21.1281 sh (-0.43%)', 'NUE': '36.5544 sh (-1.31%)', 'NVDA': '44.2888 sh (+0.50%)', 'NWS': '303.7199 sh (+1.69%)', 'STLD': '0.9216 sh (-2.07%)', 'WSM': '0.1026 sh (-1.53%)'}
Risk state: peak $99,703.60 | drawdown 0.27% | today +0.18% | halted: False
Market regime: NEUTRAL (position-size multiplier: 100% incl. circuit breaker 100%)
News: fetched 158, 1 new after dedup, 0 ticker(s) matched.
Quant pre-screen: 25/35 candidates passed.
Gemini proposed 2 trade(s) meeting the conviction bar.
Gemini calls used today (all models combined): 329
  -> {"ticker": "CPRT", "status": "skipped", "reason": "below minimum trade size ($25) after position cap ($14,914.74), room ($9,943.16), regime multiplier (100%), and cash reserve ($4,971.58 kept of $2,352.38 cash)"}
  -> {"ticker": "SHW", "status": "skipped", "reason": "below minimum trade size ($25) after position cap ($14,914.74), room ($9,943.16), regime multiplier (100%), and cash reserve ($2,485.79 kept of $2,352.38 cash)"}
Overnight queue cleared after verification.
Dashboard watchlist synced (16 symbols) for news/headlines.
Ending portfolio value: $99,423.17
Trade journal: no closed trades yet
Performance: Total return -0.41% | Max drawdown 12.37% | Daily Sharpe 0.28 | Open positions: 14 | Equity $99,431.63
Timings: account: 0.0s | risk: 9.7s | decide: 17.0s | watchlist: 0.0s | perf: 0.1s

=== Run at 2026-08-14T19:06:25.206499 ===
Current time: 2026-08-14 03:06 PM EDT | Market open (per Alpaca): True | Session: REGULAR
Account value: $99,438.70
Cash: $2,352.38 | Holdings (14): {'CEG': '35.6034 sh (+1.69%)', 'CHD': '97.9637 sh (-0.44%)', 'COHR': '7.9896 sh (-4.64%)', 'CVX': '24.8836 sh (+1.49%)', 'GEHC': '0.6136 sh (-0.01%)', 'IVZ': '306.9138 sh (+1.06%)', 'LMT': '16.3555 sh (+0.20%)', 'MS': '43.8344 sh (-1.68%)', 'MSI': '21.1281 sh (-0.49%)', 'NUE': '36.5544 sh (-1.28%)', 'NVDA': '44.2888 sh (+0.52%)', 'NWS': '303.7199 sh (+1.66%)', 'STLD': '0.9216 sh (-2.14%)', 'WSM': '0.1026 sh (-1.50%)'}
Risk state: peak $99,703.60 | drawdown 0.27% | today +0.19% | halted: False
Market regime: NEUTRAL (position-size multiplier: 100% incl. circuit breaker 100%)
News: fetched 158, 0 new after dedup, 0 ticker(s) matched.
Quant pre-screen: 34/47 candidates passed.
Gemini proposed 2 trade(s) meeting the conviction bar.
Gemini calls used today (all models combined): 330
  -> {"ticker": "TEL", "status": "skipped", "reason": "below minimum trade size ($25) after position cap ($14,915.80), room ($9,943.87), regime multiplier (100%), and cash reserve ($4,971.94 kept of $2,352.38 cash)"}
  -> {"ticker": "TDY", "status": "skipped", "reason": "below minimum trade size ($25) after position cap ($14,915.80), room ($9,943.87), regime multiplier (100%), and cash reserve ($2,485.97 kept of $2,352.38 cash)"}
Overnight queue cleared after verification.
Dashboard watchlist synced (16 symbols) for news/headlines.
Ending portfolio value: $99,439.15
Trade journal: no closed trades yet
Performance: Total return -0.39% | Max drawdown 12.37% | Daily Sharpe 0.28 | Open positions: 14 | Equity $99,438.70
Timings: account: 0.0s | risk: 8.4s | decide: 6.1s | watchlist: 0.1s | perf: 0.1s

=== Run at 2026-08-14T19:08:26.521640 ===
Current time: 2026-08-14 03:08 PM EDT | Market open (per Alpaca): True | Session: REGULAR
Account value: $99,447.54
Cash: $2,352.38 | Holdings (14): {'CEG': '35.6034 sh (+1.66%)', 'CHD': '97.9637 sh (-0.40%)', 'COHR': '7.9896 sh (-4.67%)', 'CVX': '24.8836 sh (+1.48%)', 'GEHC': '0.6136 sh (-0.02%)', 'IVZ': '306.9138 sh (+1.07%)', 'LMT': '16.3555 sh (+0.15%)', 'MS': '43.8344 sh (-1.67%)', 'MSI': '21.1281 sh (-0.41%)', 'NUE': '36.5544 sh (-1.34%)', 'NVDA': '44.2888 sh (+0.54%)', 'NWS': '303.7199 sh (+1.72%)', 'STLD': '0.9216 sh (-2.11%)', 'WSM': '0.1026 sh (-1.50%)'}
Risk state: peak $99,703.60 | drawdown 0.26% | today +0.19% | halted: False
Market regime: NEUTRAL (position-size multiplier: 100% incl. circuit breaker 100%)
News: fetched 158, 0 new after dedup, 0 ticker(s) matched.
Quant pre-screen: 37/52 candidates passed.
Technical fallback (Gemini throttled/unavailable) proposed 42 trade(s) meeting the conviction bar.
Gemini calls used today (all models combined): 330
  -> {"ticker": "CVX", "status": "skipped", "reason": "below minimum trade size ($25) after position cap ($14,917.13), room ($4,952.61), regime multiplier (100%), and cash reserve ($4,972.38 kept of $2,352.38 cash)"}
  -> {"ticker": "IVZ", "status": "skipped", "reason": "below minimum trade size ($25) after position cap ($14,917.13), room ($0.00), regime multiplier (100%), and cash reserve ($4,972.38 kept of $2,352.38 cash)"}
  -> {"ticker": "LMT", "status": "skipped", "reason": "below minimum trade size ($25) after position cap ($14,917.13), room ($4.70), regime multiplier (100%), and cash reserve ($4,972.38 kept of $2,352.38 cash)"}
  -> {"ticker": "MSI", "status": "skipped", "reason": "below minimum trade size ($25) after position cap ($14,917.13), room ($61.66), regime multiplier (100%), and cash reserve ($4,972.38 kept of $2,352.38 cash)"}
  -> {"ticker": "NWS", "status": "skipped", "reason": "below minimum trade size ($25) after position cap ($14,917.13), room ($0.00), regime multiplier (100%), and cash reserve ($4,972.38 kept of $2,352.38 cash)"}
  -> {"ticker": "CPRT", "status": "skipped", "reason": "below minimum trade size ($25) after position cap ($14,917.13), room ($9,944.75), regime multiplier (100%), and cash reserve ($4,972.38 kept of $2,352.38 cash)"}
  -> {"ticker": "ROP", "status": "skipped", "reason": "below minimum trade size ($25) after position cap ($14,917.13), room ($9,944.75), regime multiplier (100%), and cash reserve ($4,972.38 kept of $2,352.38 cash)"}
  -> {"ticker": "RSG", "status": "skipped", "reason": "below minimum trade size ($25) after position cap ($14,917.13), room ($9,944.75), regime multiplier (100%), and cash reserve ($4,972.38 kept of $2,352.38 cash)"}
  -> {"ticker": "RTX", "status": "skipped", "reason": "below minimum trade size ($25) after position cap ($14,917.13), room ($9,944.75), regime multiplier (100%), and cash reserve ($4,972.38 kept of $2,352.38 cash)"}
  -> {"ticker": "RVTY", "status": "skipped", "reason": "below minimum trade size ($25) after position cap ($14,917.13), room ($9,944.75), regime multiplier (100%), and cash reserve ($4,972.38 kept of $2,352.38 cash)"}
  -> {"ticker": "SBAC", "status": "skipped", "reason": "below minimum trade size ($25) after position cap ($14,917.13), room ($9,944.75), regime multiplier (100%), and cash reserve ($4,972.38 kept of $2,352.38 cash)"}
  -> {"ticker": "SBUX", "status": "skipped", "reason": "below minimum trade size ($25) after position cap ($14,917.13), room ($9,944.75), regime multiplier (100%), and cash reserve ($4,972.38 kept of $2,352.38 cash)"}
  -> {"ticker": "SCHW", "status": "skipped", "reason": "below minimum trade size ($25) after position cap ($14,917.13), room ($9,944.75), regime multiplier (100%), and cash reserve ($4,972.38 kept of $2,352.38 cash)"}
  -> {"ticker": "SHW", "status": "skipped", "reason": "below minimum trade size ($25) after position cap ($14,917.13), room ($9,944.75), regime multiplier (100%), and cash reserve ($4,972.38 kept of $2,352.38 cash)"}
  -> {"ticker": "SJM", "status": "skipped", "reason": "below minimum trade size ($25) after position cap ($14,917.13), room ($9,944.75), regime multiplier (100%), and cash reserve ($4,972.38 kept of $2,352.38 cash)"}
  -> {"ticker": "SLB", "status": "skipped", "reason": "below minimum trade size ($25) after position cap ($14,917.13), room ($9,944.75), regime multiplier (100%), and cash reserve ($4,972.38 kept of $2,352.38 cash)"}
  -> {"ticker": "SNDK", "status": "skipped", "reason": "below minimum trade size ($25) after position cap ($14,917.13), room ($9,944.75), regime multiplier (100%), and cash reserve ($4,972.38 kept of $2,352.38 cash)"}
  -> {"ticker": "SNPS", "status": "skipped", "reason": "below minimum trade size ($25) after position cap ($14,917.13), room ($9,944.75), regime multiplier (100%), and cash reserve ($4,972.38 kept of $2,352.38 cash)"}
  -> {"ticker": "SOLV", "status": "skipped", "reason": "below minimum trade size ($25) after position cap ($14,917.13), room ($9,944.75), regime multiplier (100%), and cash reserve ($4,972.38 kept of $2,352.38 cash)"}
  -> {"ticker": "SPGI", "status": "skipped", "reason": "below minimum trade size ($25) after position cap ($14,917.13), room ($9,944.75), regime multiplier (100%), and cash reserve ($4,972.38 kept of $2,352.38 cash)"}
  -> {"ticker": "STE", "status": "skipped", "reason": "below minimum trade size ($25) after position cap ($14,917.13), room ($9,944.75), regime multiplier (100%), and cash reserve ($4,972.38 kept of $2,352.38 cash)"}
  -> {"ticker": "STT", "status": "skipped", "reason": "below minimum trade size ($25) after position cap ($14,917.13), room ($9,944.75), regime multiplier (100%), and cash reserve ($4,972.38 kept of $2,352.38 cash)"}
  -> {"ticker": "STX", "status": "skipped", "reason": "below minimum trade size ($25) after position cap ($14,917.13), room ($9,944.75), regime multiplier (100%), and cash reserve ($4,972.38 kept of $2,352.38 cash)"}
  -> {"ticker": "STZ", "status": "skipped", "reason": "below minimum trade size ($25) after position cap ($14,917.13), room ($9,944.75), regime multiplier (100%), and cash reserve ($4,972.38 kept of $2,352.38 cash)"}
  -> {"ticker": "SW", "status": "skipped", "reason": "below minimum trade size ($25) after position cap ($14,917.13), room ($9,944.75), regime multiplier (100%), and cash reserve ($4,972.38 kept of $2,352.38 cash)"}
  -> {"ticker": "SWK", "status": "skipped", "reason": "below minimum trade size ($25) after position cap ($14,917.13), room ($9,944.75), regime multiplier (100%), and cash reserve ($4,972.38 kept of $2,352.38 cash)"}
  -> {"ticker": "SWKS", "status": "skipped", "reason": "below minimum trade size ($25) after position cap ($14,917.13), room ($9,944.75), regime multiplier (100%), and cash reserve ($4,972.38 kept of $2,352.38 cash)"}
  -> {"ticker": "SYF", "status": "skipped", "reason": "below minimum trade size ($25) after position cap ($14,917.13), room ($9,944.75), regime multiplier (100%), and cash reserve ($4,972.38 kept of $2,352.38 cash)"}
  -> {"ticker": "SYK", "status": "skipped", "reason": "below minimum trade size ($25) after position cap ($14,917.13), room ($9,944.75), regime multiplier (100%), and cash reserve ($4,972.38 kept of $2,352.38 cash)"}
  -> {"ticker": "T", "status": "skipped", "reason": "below minimum trade size ($25) after position cap ($14,917.13), room ($9,944.75), regime multiplier (100%), and cash reserve ($4,972.38 kept of $2,352.38 cash)"}
  -> {"ticker": "TAP", "status": "skipped", "reason": "below minimum trade size ($25) after position cap ($14,917.13), room ($9,944.75), regime multiplier (100%), and cash reserve ($4,972.38 kept of $2,352.38 cash)"}
  -> {"ticker": "TDY", "status": "skipped", "reason": "below minimum trade size ($25) after position cap ($14,917.13), room ($9,944.75), regime multiplier (100%), and cash reserve ($4,972.38 kept of $2,352.38 cash)"}
  -> {"ticker": "TEL", "status": "skipped", "reason": "below minimum trade size ($25) after position cap ($14,917.13), room ($9,944.75), regime multiplier (100%), and cash reserve ($4,972.38 kept of $2,352.38 cash)"}
  -> {"ticker": "TER", "status": "skipped", "reason": "below minimum trade size ($25) after position cap ($14,917.13), room ($9,944.75), regime multiplier (100%), and cash reserve ($4,972.38 kept of $2,352.38 cash)"}
  -> {"ticker": "TFC", "status": "skipped", "reason": "below minimum trade size ($25) after position cap ($14,917.13), room ($9,944.75), regime multiplier (100%), and cash reserve ($4,972.38 kept of $2,352.38 cash)"}
  -> {"ticker": "TGT", "status": "skipped", "reason": "below minimum trade size ($25) after position cap ($14,917.13), room ($9,944.75), regime multiplier (100%), and cash reserve ($4,972.38 kept of $2,352.38 cash)"}
  -> {"ticker": "TKO", "status": "skipped", "reason": "below minimum trade size ($25) after position cap ($14,917.13), room ($9,944.75), regime multiplier (100%), and cash reserve ($4,972.38 kept of $2,352.38 cash)"}
  -> {"ticker": "TMO", "status": "skipped", "reason": "below minimum trade size ($25) after position cap ($14,917.13), room ($9,944.75), regime multiplier (100%), and cash reserve ($4,972.38 kept of $2,352.38 cash)"}
  -> {"ticker": "TMUS", "status": "skipped", "reason": "below minimum trade size ($25) after position cap ($14,917.13), room ($9,944.75), regime multiplier (100%), and cash reserve ($4,972.38 kept of $2,352.38 cash)"}
  -> {"ticker": "TPR", "status": "skipped", "reason": "below minimum trade size ($25) after position cap ($14,917.13), room ($9,944.75), regime multiplier (100%), and cash reserve ($4,972.38 kept of $2,352.38 cash)"}
  -> {"ticker": "TRGP", "status": "skipped", "reason": "below minimum trade size ($25) after position cap ($14,917.13), room ($9,944.75), regime multiplier (100%), and cash reserve ($4,972.38 kept of $2,352.38 cash)"}
  -> {"ticker": "TRMB", "status": "skipped", "reason": "below minimum trade size ($25) after position cap ($14,917.13), room ($9,944.75), regime multiplier (100%), and cash reserve ($4,972.38 kept of $2,352.38 cash)"}
Overnight queue KEPT for next run (Gemini did not verify this round -- technical fallback or decision failure); will re-verify when available.
Run budget spent -- skipping dashboard watchlist sync.
Run budget spent -- skipping performance snapshot.
Trade journal: no closed trades yet
Performance: Total return -0.39% | Max drawdown 12.37% | Daily Sharpe 0.28 | Open positions: 14 | Equity $99,447.54
Timings: account: 0.0s | risk: 25.9s | decide: 20.6s | watchlist: 0.0s | perf: 0.0s

=== Run at 2026-08-14T19:10:33.448891 ===
Current time: 2026-08-14 03:10 PM EDT | Market open (per Alpaca): True | Session: REGULAR
Account value: $99,478.01
Cash: $2,352.38 | Holdings (14): {'CEG': '35.6034 sh (+1.74%)', 'CHD': '97.9637 sh (-0.34%)', 'COHR': '7.9896 sh (-4.69%)', 'CVX': '24.8836 sh (+1.49%)', 'GEHC': '0.6136 sh (-0.00%)', 'IVZ': '306.9138 sh (+1.10%)', 'LMT': '16.3555 sh (+0.20%)', 'MS': '43.8344 sh (-1.60%)', 'MSI': '21.1281 sh (-0.35%)', 'NUE': '36.5544 sh (-1.36%)', 'NVDA': '44.2888 sh (+0.50%)', 'NWS': '303.7199 sh (+1.75%)', 'STLD': '0.9216 sh (-2.25%)', 'WSM': '0.1026 sh (-1.51%)'}
Risk state: peak $99,703.60 | drawdown 0.23% | today +0.22% | halted: False
Market regime: NEUTRAL (position-size multiplier: 100% incl. circuit breaker 100%)
News: fetched 158, 0 new after dedup, 0 ticker(s) matched.
Quant pre-screen: 41/60 candidates passed.
Gemini proposed 2 trade(s) meeting the conviction bar.
Gemini calls used today (all models combined): 331
  -> {"ticker": "TEL", "status": "skipped", "reason": "below minimum trade size ($25) after position cap ($14,921.70), room ($9,947.80), regime multiplier (100%), and cash reserve ($4,973.90 kept of $2,352.38 cash)"}
  -> {"ticker": "TTWO", "status": "skipped", "reason": "below minimum trade size ($25) after position cap ($14,921.70), room ($9,947.80), regime multiplier (100%), and cash reserve ($4,973.90 kept of $2,352.38 cash)"}
Overnight queue cleared after verification.
Dashboard watchlist synced (16 symbols) for news/headlines.
Ending portfolio value: $99,463.40
Trade journal: no closed trades yet
Performance: Total return -0.37% | Max drawdown 12.37% | Daily Sharpe 0.28 | Open positions: 14 | Equity $99,478.01
Timings: account: 0.0s | risk: 11.6s | decide: 9.6s | watchlist: 0.2s | perf: 0.3s

=== Run at 2026-08-14T19:12:29.767486 ===
Current time: 2026-08-14 03:12 PM EDT | Market open (per Alpaca): True | Session: REGULAR
Account value: $99,448.71
Cash: $2,352.38 | Holdings (14): {'CEG': '35.6034 sh (+1.76%)', 'CHD': '97.9637 sh (-0.36%)', 'COHR': '7.9896 sh (-4.76%)', 'CVX': '24.8836 sh (+1.46%)', 'GEHC': '0.6136 sh (+0.02%)', 'IVZ': '306.9138 sh (+1.07%)', 'LMT': '16.3555 sh (+0.19%)', 'MS': '43.8344 sh (-1.63%)', 'MSI': '21.1281 sh (-0.41%)', 'NUE': '36.5544 sh (-1.33%)', 'NVDA': '44.2888 sh (+0.40%)', 'NWS': '303.7199 sh (+1.69%)', 'STLD': '0.9216 sh (-2.16%)', 'WSM': '0.1026 sh (-1.46%)'}
Risk state: peak $99,703.60 | drawdown 0.26% | today +0.20% | halted: False
Market regime: NEUTRAL (position-size multiplier: 100% incl. circuit breaker 100%)
News: fetched 158, 1 new after dedup, 0 ticker(s) matched.
Quant pre-screen: 41/60 candidates passed.
Gemini proposed 3 trade(s) meeting the conviction bar.
Gemini calls used today (all models combined): 332
  -> {"ticker": "SHW", "status": "skipped", "reason": "below minimum trade size ($25) after position cap ($14,917.31), room ($9,944.87), regime multiplier (100%), and cash reserve ($2,486.22 kept of $2,352.38 cash)"}
  -> {"ticker": "TEL", "status": "skipped", "reason": "below minimum trade size ($25) after position cap ($14,917.31), room ($9,944.87), regime multiplier (100%), and cash reserve ($4,972.44 kept of $2,352.38 cash)"}
  -> {"ticker": "TDY", "status": "skipped", "reason": "below minimum trade size ($25) after position cap ($14,917.31), room ($9,944.87), regime multiplier (100%), and cash reserve ($4,972.44 kept of $2,352.38 cash)"}
Overnight queue cleared after verification.
Dashboard watchlist synced (17 symbols) for news/headlines.
Ending portfolio value: $99,448.28
Trade journal: no closed trades yet
Performance: Total return -0.38% | Max drawdown 12.37% | Daily Sharpe 0.28 | Open positions: 14 | Equity $99,448.71
Timings: account: 0.0s | risk: 7.9s | decide: 5.5s | watchlist: 0.2s | perf: 0.3s

=== Run at 2026-08-14T19:14:28.645258 ===
Current time: 2026-08-14 03:14 PM EDT | Market open (per Alpaca): True | Session: REGULAR
Account value: $99,436.25
Cash: $2,352.38 | Holdings (14): {'CEG': '35.6034 sh (+1.64%)', 'CHD': '97.9637 sh (-0.36%)', 'COHR': '7.9896 sh (-4.89%)', 'CVX': '24.8836 sh (+1.40%)', 'GEHC': '0.6136 sh (+0.08%)', 'IVZ': '306.9138 sh (+1.04%)', 'LMT': '16.3555 sh (+0.19%)', 'MS': '43.8344 sh (-1.62%)', 'MSI': '21.1281 sh (-0.44%)', 'NUE': '36.5544 sh (-1.32%)', 'NVDA': '44.2888 sh (+0.37%)', 'NWS': '303.7199 sh (+1.84%)', 'STLD': '0.9216 sh (-2.02%)', 'WSM': '0.1026 sh (-1.43%)'}
Risk state: peak $99,703.60 | drawdown 0.27% | today +0.18% | halted: False
Market regime: NEUTRAL (position-size multiplier: 100% incl. circuit breaker 100%)
News: fetched 158, 1 new after dedup, 0 ticker(s) matched.
Quant pre-screen: 41/60 candidates passed.
Gemini proposed 3 trade(s) meeting the conviction bar.
Gemini calls used today (all models combined): 333
  -> {"ticker": "SHW", "status": "skipped", "reason": "below minimum trade size ($25) after position cap ($14,915.44), room ($9,943.62), regime multiplier (100%), and cash reserve ($2,485.91 kept of $2,352.38 cash)"}
  -> {"ticker": "CPRT", "status": "skipped", "reason": "below minimum trade size ($25) after position cap ($14,915.44), room ($9,943.62), regime multiplier (100%), and cash reserve ($2,485.91 kept of $2,352.38 cash)"}
  -> {"ticker": "TEL", "status": "skipped", "reason": "below minimum trade size ($25) after position cap ($14,915.44), room ($9,943.62), regime multiplier (100%), and cash reserve ($4,971.81 kept of $2,352.38 cash)"}
Overnight queue cleared after verification.
Dashboard watchlist synced (17 symbols) for news/headlines.
Ending portfolio value: $99,436.85
Trade journal: no closed trades yet
Performance: Total return -0.40% | Max drawdown 12.37% | Daily Sharpe 0.28 | Open positions: 14 | Equity $99,436.25
Timings: account: 0.0s | risk: 13.1s | decide: 3.6s | watchlist: 0.1s | perf: 0.2s

=== Run at 2026-08-14T19:16:24.795174 ===
Current time: 2026-08-14 03:16 PM EDT | Market open (per Alpaca): True | Session: REGULAR
Account value: $99,430.18
Cash: $2,352.38 | Holdings (14): {'CEG': '35.6034 sh (+1.66%)', 'CHD': '97.9637 sh (-0.40%)', 'COHR': '7.9896 sh (-4.85%)', 'CVX': '24.8836 sh (+1.37%)', 'GEHC': '0.6136 sh (+0.07%)', 'IVZ': '306.9138 sh (+1.07%)', 'LMT': '16.3555 sh (+0.17%)', 'MS': '43.8344 sh (-1.62%)', 'MSI': '21.1281 sh (-0.49%)', 'NUE': '36.5544 sh (-1.31%)', 'NVDA': '44.2888 sh (+0.38%)', 'NWS': '303.7199 sh (+1.81%)', 'STLD': '0.9216 sh (-2.02%)', 'WSM': '0.1026 sh (-1.45%)'}
Risk state: peak $99,703.60 | drawdown 0.27% | today +0.18% | halted: False
Market regime: NEUTRAL (position-size multiplier: 100% incl. circuit breaker 100%)
News fetch failed, proceeding with watchlist only: HTTPSConnectionPool(host='finnhub.io', port=443): Read timed out. (read timeout=15.0)
Quant pre-screen: 41/60 candidates passed.
Gemini proposed 3 trade(s) meeting the conviction bar.
Gemini calls used today (all models combined): 334
  -> {"ticker": "SHW", "status": "skipped", "reason": "below minimum trade size ($25) after position cap ($14,914.53), room ($9,943.02), regime multiplier (100%), and cash reserve ($2,485.75 kept of $2,352.38 cash)"}
  -> {"ticker": "TEL", "status": "skipped", "reason": "below minimum trade size ($25) after position cap ($14,914.53), room ($9,943.02), regime multiplier (100%), and cash reserve ($4,971.51 kept of $2,352.38 cash)"}
  -> {"ticker": "TTWO", "status": "skipped", "reason": "below minimum trade size ($25) after position cap ($14,914.53), room ($9,943.02), regime multiplier (100%), and cash reserve ($4,971.51 kept of $2,352.38 cash)"}
Overnight queue cleared after verification.
Dashboard watchlist synced (17 symbols) for news/headlines.
Ending portfolio value: $99,431.62
Trade journal: no closed trades yet
Performance: Total return -0.40% | Max drawdown 12.37% | Daily Sharpe 0.28 | Open positions: 14 | Equity $99,430.18
Timings: account: 0.0s | risk: 8.1s | decide: 18.2s | watchlist: 0.0s | perf: 0.1s

=== Run at 2026-08-14T19:18:27.907216 ===
Current time: 2026-08-14 03:18 PM EDT | Market open (per Alpaca): True | Session: REGULAR
Account value: $99,412.90
Cash: $2,352.38 | Holdings (14): {'CEG': '35.6034 sh (+1.70%)', 'CHD': '97.9637 sh (-0.47%)', 'COHR': '7.9896 sh (-4.89%)', 'CVX': '24.8836 sh (+1.38%)', 'GEHC': '0.6136 sh (-0.02%)', 'IVZ': '306.9138 sh (+1.04%)', 'LMT': '16.3555 sh (+0.15%)', 'MS': '43.8344 sh (-1.62%)', 'MSI': '21.1281 sh (-0.56%)', 'NUE': '36.5544 sh (-1.36%)', 'NVDA': '44.2888 sh (+0.40%)', 'NWS': '303.7199 sh (+1.81%)', 'STLD': '0.9216 sh (-2.06%)', 'WSM': '0.1026 sh (-1.49%)'}
Risk state: peak $99,703.60 | drawdown 0.29% | today +0.16% | halted: False
Market regime: NEUTRAL (position-size multiplier: 100% incl. circuit breaker 100%)
News: fetched 158, 2 new after dedup, 0 ticker(s) matched.
Quant pre-screen: 41/60 candidates passed.
Gemini proposed 3 trade(s) meeting the conviction bar.
Gemini calls used today (all models combined): 335
  -> {"ticker": "TDY", "status": "skipped", "reason": "below minimum trade size ($25) after position cap ($14,911.93), room ($9,941.29), regime multiplier (100%), and cash reserve ($2,485.32 kept of $2,352.38 cash)"}
  -> {"ticker": "TTWO", "status": "skipped", "reason": "below minimum trade size ($25) after position cap ($14,911.93), room ($9,941.29), regime multiplier (100%), and cash reserve ($4,970.65 kept of $2,352.38 cash)"}
  -> {"ticker": "TEL", "status": "skipped", "reason": "below minimum trade size ($25) after position cap ($14,911.93), room ($9,941.29), regime multiplier (100%), and cash reserve ($4,970.65 kept of $2,352.38 cash)"}
Overnight queue cleared after verification.
Dashboard watchlist synced (17 symbols) for news/headlines.
Ending portfolio value: $99,413.81
Trade journal: no closed trades yet
Performance: Total return -0.42% | Max drawdown 12.37% | Daily Sharpe 0.27 | Open positions: 14 | Equity $99,412.90
Timings: account: 0.0s | risk: 5.7s | decide: 4.7s | watchlist: 0.0s | perf: 0.1s

=== Run at 2026-08-14T19:20:33.974960 ===
Current time: 2026-08-14 03:20 PM EDT | Market open (per Alpaca): True | Session: REGULAR
Account value: $99,438.08
Cash: $2,352.38 | Holdings (14): {'CEG': '35.6034 sh (+1.75%)', 'CHD': '97.9637 sh (-0.40%)', 'COHR': '7.9896 sh (-4.84%)', 'CVX': '24.8836 sh (+1.37%)', 'GEHC': '0.6136 sh (-0.01%)', 'IVZ': '306.9138 sh (+1.01%)', 'LMT': '16.3555 sh (+0.14%)', 'MS': '43.8344 sh (-1.58%)', 'MSI': '21.1281 sh (-0.54%)', 'NUE': '36.5544 sh (-1.30%)', 'NVDA': '44.2888 sh (+0.41%)', 'NWS': '303.7199 sh (+1.84%)', 'STLD': '0.9216 sh (-2.04%)', 'WSM': '0.1026 sh (-1.49%)'}
Risk state: peak $99,703.60 | drawdown 0.27% | today +0.18% | halted: False
Market regime: NEUTRAL (position-size multiplier: 100% incl. circuit breaker 100%)
News: fetched 158, 1 new after dedup, 0 ticker(s) matched.
Quant pre-screen: 41/60 candidates passed.
Gemini proposed 2 trade(s) meeting the conviction bar.
Gemini calls used today (all models combined): 336
  -> {"ticker": "TEL", "status": "skipped", "reason": "below minimum trade size ($25) after position cap ($14,915.71), room ($9,943.81), regime multiplier (100%), and cash reserve ($4,971.90 kept of $2,352.38 cash)"}
  -> {"ticker": "TTWO", "status": "skipped", "reason": "below minimum trade size ($25) after position cap ($14,915.71), room ($9,943.81), regime multiplier (100%), and cash reserve ($4,971.90 kept of $2,352.38 cash)"}
Overnight queue cleared after verification.
Dashboard watchlist synced (16 symbols) for news/headlines.
Ending portfolio value: $99,443.77
Trade journal: no closed trades yet
Performance: Total return -0.39% | Max drawdown 12.37% | Daily Sharpe 0.28 | Open positions: 14 | Equity $99,438.08
Timings: account: 0.0s | risk: 7.9s | decide: 10.3s | watchlist: 0.1s | perf: 0.2s

=== Run at 2026-08-14T19:22:31.625479 ===
Current time: 2026-08-14 03:22 PM EDT | Market open (per Alpaca): True | Session: REGULAR
Account value: $99,431.55
Cash: $2,352.38 | Holdings (14): {'CEG': '35.6034 sh (+1.84%)', 'CHD': '97.9637 sh (-0.44%)', 'COHR': '7.9896 sh (-4.86%)', 'CVX': '24.8836 sh (+1.36%)', 'GEHC': '0.6136 sh (-0.02%)', 'IVZ': '306.9138 sh (+1.07%)', 'LMT': '16.3555 sh (+0.15%)', 'MS': '43.8344 sh (-1.58%)', 'MSI': '21.1281 sh (-0.62%)', 'NUE': '36.5544 sh (-1.36%)', 'NVDA': '44.2888 sh (+0.38%)', 'NWS': '303.7199 sh (+1.84%)', 'STLD': '0.9216 sh (-2.14%)', 'WSM': '0.1026 sh (-1.47%)'}
Risk state: peak $99,703.60 | drawdown 0.27% | today +0.18% | halted: False
Market regime: NEUTRAL (position-size multiplier: 100% incl. circuit breaker 100%)
News: fetched 158, 1 new after dedup, 0 ticker(s) matched.
Quant pre-screen: 41/60 candidates passed.
Gemini proposed 1 trade(s) meeting the conviction bar.
Gemini calls used today (all models combined): 337
  -> {"ticker": "TEL", "status": "skipped", "reason": "below minimum trade size ($25) after position cap ($14,914.73), room ($9,943.16), regime multiplier (100%), and cash reserve ($4,971.58 kept of $2,352.38 cash)"}
Overnight queue cleared after verification.
Dashboard watchlist synced (15 symbols) for news/headlines.
Ending portfolio value: $99,433.52
Trade journal: no closed trades yet
Performance: Total return -0.40% | Max drawdown 12.37% | Daily Sharpe 0.28 | Open positions: 14 | Equity $99,431.55
Timings: account: 0.0s | risk: 7.2s | decide: 3.1s | watchlist: 0.1s | perf: 0.3s

=== Run at 2026-08-14T19:24:26.757540 ===
Current time: 2026-08-14 03:24 PM EDT | Market open (per Alpaca): True | Session: REGULAR
Account value: $99,453.08
Cash: $2,352.38 | Holdings (14): {'CEG': '35.6034 sh (+1.80%)', 'CHD': '97.9637 sh (-0.47%)', 'COHR': '7.9896 sh (-4.79%)', 'CVX': '24.8836 sh (+1.37%)', 'GEHC': '0.6136 sh (-0.07%)', 'IVZ': '306.9138 sh (+1.20%)', 'LMT': '16.3555 sh (+0.12%)', 'MS': '43.8344 sh (-1.57%)', 'MSI': '21.1281 sh (-0.48%)', 'NUE': '36.5544 sh (-1.34%)', 'NVDA': '44.2888 sh (+0.45%)', 'NWS': '303.7199 sh (+1.78%)', 'STLD': '0.9216 sh (-2.14%)', 'WSM': '0.1026 sh (-1.45%)'}
Risk state: peak $99,703.60 | drawdown 0.25% | today +0.20% | halted: False
Market regime: NEUTRAL (position-size multiplier: 100% incl. circuit breaker 100%)
News: fetched 158, 1 new after dedup, 0 ticker(s) matched.
Quant pre-screen: 41/60 candidates passed.
Gemini proposed 2 trade(s) meeting the conviction bar.
Gemini calls used today (all models combined): 338
  -> {"ticker": "CPRT", "status": "skipped", "reason": "below minimum trade size ($25) after position cap ($14,917.96), room ($9,945.31), regime multiplier (100%), and cash reserve ($4,972.65 kept of $2,352.38 cash)"}
  -> {"ticker": "RSG", "status": "skipped", "reason": "below minimum trade size ($25) after position cap ($14,917.96), room ($9,945.31), regime multiplier (100%), and cash reserve ($4,972.65 kept of $2,352.38 cash)"}
Overnight queue cleared after verification.
Dashboard watchlist synced (16 symbols) for news/headlines.
Ending portfolio value: $99,442.92
Trade journal: no closed trades yet
Performance: Total return -0.39% | Max drawdown 12.37% | Daily Sharpe 0.28 | Open positions: 14 | Equity $99,453.08
Timings: account: 0.0s | risk: 6.4s | decide: 3.7s | watchlist: 0.1s | perf: 0.1s

=== Run at 2026-08-14T19:26:22.737286 ===
Current time: 2026-08-14 03:26 PM EDT | Market open (per Alpaca): True | Session: REGULAR
Account value: $99,449.24
Cash: $2,352.38 | Holdings (14): {'CEG': '35.6034 sh (+1.79%)', 'CHD': '97.9637 sh (-0.41%)', 'COHR': '7.9896 sh (-4.78%)', 'CVX': '24.8836 sh (+1.36%)', 'GEHC': '0.6136 sh (+0.05%)', 'IVZ': '306.9138 sh (+1.18%)', 'LMT': '16.3555 sh (+0.19%)', 'MS': '43.8344 sh (-1.54%)', 'MSI': '21.1281 sh (-0.48%)', 'NUE': '36.5544 sh (-1.53%)', 'NVDA': '44.2888 sh (+0.47%)', 'NWS': '303.7199 sh (+1.78%)', 'STLD': '0.9216 sh (-2.19%)', 'WSM': '0.1026 sh (-1.34%)'}
Risk state: peak $99,703.60 | drawdown 0.26% | today +0.20% | halted: False
Market regime: NEUTRAL (position-size multiplier: 100% incl. circuit breaker 100%)
News: fetched 158, 1 new after dedup, 0 ticker(s) matched.
Quant pre-screen: 41/60 candidates passed.
Gemini proposed 3 trade(s) meeting the conviction bar.
Gemini calls used today (all models combined): 339
  -> {"ticker": "SHW", "status": "skipped", "reason": "below minimum trade size ($25) after position cap ($14,917.39), room ($9,944.92), regime multiplier (100%), and cash reserve ($2,486.23 kept of $2,352.38 cash)"}
  -> {"ticker": "TEL", "status": "skipped", "reason": "below minimum trade size ($25) after position cap ($14,917.39), room ($9,944.92), regime multiplier (100%), and cash reserve ($4,972.46 kept of $2,352.38 cash)"}
  -> {"ticker": "TTWO", "status": "skipped", "reason": "below minimum trade size ($25) after position cap ($14,917.39), room ($9,944.92), regime multiplier (100%), and cash reserve ($4,972.46 kept of $2,352.38 cash)"}
Overnight queue cleared after verification.
Dashboard watchlist synced (17 symbols) for news/headlines.
Ending portfolio value: $99,450.63
Trade journal: no closed trades yet
Performance: Total return -0.38% | Max drawdown 12.37% | Daily Sharpe 0.28 | Open positions: 14 | Equity $99,449.24
Timings: account: 0.0s | risk: 7.1s | decide: 4.9s | watchlist: 0.1s | perf: 0.2s

=== Run at 2026-08-14T19:28:29.468376 ===
Current time: 2026-08-14 03:28 PM EDT | Market open (per Alpaca): True | Session: REGULAR
Account value: $99,434.00
Cash: $2,352.38 | Holdings (14): {'CEG': '35.6034 sh (+1.79%)', 'CHD': '97.9637 sh (-0.43%)', 'COHR': '7.9896 sh (-4.72%)', 'CVX': '24.8836 sh (+1.38%)', 'GEHC': '0.6136 sh (+0.04%)', 'IVZ': '306.9138 sh (+1.20%)', 'LMT': '16.3555 sh (+0.18%)', 'MS': '43.8344 sh (-1.52%)', 'MSI': '21.1281 sh (-0.53%)', 'NUE': '36.5544 sh (-1.70%)', 'NVDA': '44.2888 sh (+0.53%)', 'NWS': '303.7199 sh (+1.81%)', 'STLD': '0.9216 sh (-2.40%)', 'WSM': '0.1026 sh (-1.48%)'}
Risk state: peak $99,703.60 | drawdown 0.27% | today +0.18% | halted: False
Market regime: NEUTRAL (position-size multiplier: 100% incl. circuit breaker 100%)
News: fetched 158, 0 new after dedup, 0 ticker(s) matched.
Quant pre-screen: 41/60 candidates passed.
Gemini proposed 2 trade(s) meeting the conviction bar.
Gemini calls used today (all models combined): 340
  -> {"ticker": "TEL", "status": "skipped", "reason": "below minimum trade size ($25) after position cap ($14,915.10), room ($9,943.40), regime multiplier (100%), and cash reserve ($4,971.70 kept of $2,352.38 cash)"}
  -> {"ticker": "TDY", "status": "skipped", "reason": "below minimum trade size ($25) after position cap ($14,915.10), room ($9,943.40), regime multiplier (100%), and cash reserve ($4,971.70 kept of $2,352.38 cash)"}
Overnight queue cleared after verification.
Dashboard watchlist synced (16 symbols) for news/headlines.
Ending portfolio value: $99,440.15
Trade journal: no closed trades yet
Performance: Total return -0.39% | Max drawdown 12.37% | Daily Sharpe 0.28 | Open positions: 14 | Equity $99,434.00
Timings: account: 0.0s | risk: 9.4s | decide: 4.0s | watchlist: 0.2s | perf: 0.2s

=== Run at 2026-08-14T19:30:35.792786 ===
Current time: 2026-08-14 03:30 PM EDT | Market open (per Alpaca): True | Session: REGULAR
Account value: $99,405.38
Cash: $2,352.38 | Holdings (14): {'CEG': '35.6034 sh (+1.75%)', 'CHD': '97.9637 sh (-0.48%)', 'COHR': '7.9896 sh (-4.88%)', 'CVX': '24.8836 sh (+1.24%)', 'GEHC': '0.6136 sh (-0.07%)', 'IVZ': '306.9138 sh (+1.20%)', 'LMT': '16.3555 sh (+0.12%)', 'MS': '43.8344 sh (-1.56%)', 'MSI': '21.1281 sh (-0.61%)', 'NUE': '36.5544 sh (-1.73%)', 'NVDA': '44.2888 sh (+0.55%)', 'NWS': '303.7199 sh (+1.86%)', 'STLD': '0.9216 sh (-2.46%)', 'WSM': '0.1026 sh (-1.59%)'}
Risk state: peak $99,703.60 | drawdown 0.30% | today +0.15% | halted: False
Market regime: NEUTRAL (position-size multiplier: 100% incl. circuit breaker 100%)
News: fetched 158, 1 new after dedup, 0 ticker(s) matched.
Quant pre-screen: 41/60 candidates passed.
Gemini proposed 2 trade(s) meeting the conviction bar.
Gemini calls used today (all models combined): 341
  -> {"ticker": "TDY", "status": "skipped", "reason": "below minimum trade size ($25) after position cap ($14,910.81), room ($9,940.54), regime multiplier (100%), and cash reserve ($2,485.13 kept of $2,352.38 cash)"}
  -> {"ticker": "TEL", "status": "skipped", "reason": "below minimum trade size ($25) after position cap ($14,910.81), room ($9,940.54), regime multiplier (100%), and cash reserve ($4,970.27 kept of $2,352.38 cash)"}
Overnight queue cleared after verification.
Dashboard watchlist synced (16 symbols) for news/headlines.
Ending portfolio value: $99,392.45
Trade journal: no closed trades yet
Performance: Total return -0.44% | Max drawdown 12.37% | Daily Sharpe 0.27 | Open positions: 14 | Equity $99,405.38
Timings: account: 0.0s | risk: 16.4s | decide: 4.7s | watchlist: 0.1s | perf: 0.2s

=== Run at 2026-08-14T19:32:24.479326 ===
Current time: 2026-08-14 03:32 PM EDT | Market open (per Alpaca): True | Session: REGULAR
Account value: $99,417.83
Cash: $2,352.38 | Holdings (14): {'CEG': '35.6034 sh (+1.72%)', 'CHD': '97.9637 sh (-0.38%)', 'COHR': '7.9896 sh (-5.14%)', 'CVX': '24.8836 sh (+1.22%)', 'GEHC': '0.6136 sh (-0.11%)', 'IVZ': '306.9138 sh (+1.21%)', 'LMT': '16.3555 sh (+0.18%)', 'MS': '43.8344 sh (-1.60%)', 'MSI': '21.1281 sh (-0.69%)', 'NUE': '36.5544 sh (-1.51%)', 'NVDA': '44.2888 sh (+0.51%)', 'NWS': '303.7199 sh (+1.86%)', 'STLD': '0.9216 sh (-2.32%)', 'WSM': '0.1026 sh (-1.62%)'}
Risk state: peak $99,703.60 | drawdown 0.29% | today +0.16% | halted: False
Market regime: NEUTRAL (position-size multiplier: 100% incl. circuit breaker 100%)
News: fetched 158, 3 new after dedup, 0 ticker(s) matched.
Quant pre-screen: 41/60 candidates passed.
Gemini proposed 1 trade(s) meeting the conviction bar.
Gemini calls used today (all models combined): 342
  -> {"ticker": "TTWO", "status": "skipped", "reason": "below minimum trade size ($25) after position cap ($14,912.67), room ($9,941.78), regime multiplier (100%), and cash reserve ($4,970.89 kept of $2,352.38 cash)"}
Overnight queue cleared after verification.
Dashboard watchlist synced (15 symbols) for news/headlines.
Ending portfolio value: $99,414.89
Trade journal: no closed trades yet
Performance: Total return -0.42% | Max drawdown 12.37% | Daily Sharpe 0.27 | Open positions: 14 | Equity $99,417.83
Timings: account: 0.0s | risk: 6.6s | decide: 2.5s | watchlist: 0.0s | perf: 0.1s

=== Run at 2026-08-14T19:34:26.499523 ===
Current time: 2026-08-14 03:34 PM EDT | Market open (per Alpaca): True | Session: REGULAR
Account value: $99,405.69
Cash: $2,352.38 | Holdings (14): {'CEG': '35.6034 sh (+1.66%)', 'CHD': '97.9637 sh (-0.31%)', 'COHR': '7.9896 sh (-5.05%)', 'CVX': '24.8836 sh (+1.11%)', 'GEHC': '0.6136 sh (-0.08%)', 'IVZ': '306.9138 sh (+1.15%)', 'LMT': '16.3555 sh (+0.18%)', 'MS': '43.8344 sh (-1.59%)', 'MSI': '21.1281 sh (-0.79%)', 'NUE': '36.5544 sh (-1.53%)', 'NVDA': '44.2888 sh (+0.53%)', 'NWS': '303.7199 sh (+1.90%)', 'STLD': '0.9216 sh (-2.36%)', 'WSM': '0.1026 sh (-1.58%)'}
Risk state: peak $99,703.60 | drawdown 0.30% | today +0.15% | halted: False
Market regime: NEUTRAL (position-size multiplier: 100% incl. circuit breaker 100%)
News: fetched 158, 2 new after dedup, 4 ticker(s) matched.
Quant pre-screen: 14/16 candidates passed.
Gemini proposed 2 trade(s) meeting the conviction bar.
Gemini calls used today (all models combined): 343
  -> {"ticker": "AVGO", "status": "skipped", "reason": "below minimum trade size ($25) after position cap ($14,910.85), room ($9,940.57), regime multiplier (100%), and cash reserve ($2,485.14 kept of $2,352.38 cash)"}
  -> {"ticker": "HAS", "status": "skipped", "reason": "below minimum trade size ($25) after position cap ($14,910.85), room ($9,940.57), regime multiplier (100%), and cash reserve ($2,485.14 kept of $2,352.38 cash)"}
Overnight queue cleared after verification.
Dashboard watchlist synced (18 symbols) for news/headlines.
Ending portfolio value: $99,415.58
Trade journal: no closed trades yet
Performance: Total return -0.42% | Max drawdown 12.37% | Daily Sharpe 0.27 | Open positions: 14 | Equity $99,405.69
Timings: account: 0.0s | risk: 6.5s | decide: 11.1s | watchlist: 0.0s | perf: 0.1s

=== Run at 2026-08-14T19:36:28.485814 ===
Current time: 2026-08-14 03:36 PM EDT | Market open (per Alpaca): True | Session: REGULAR
Account value: $99,391.27
Cash: $2,352.38 | Holdings (14): {'CEG': '35.6034 sh (+1.68%)', 'CHD': '97.9637 sh (-0.34%)', 'COHR': '7.9896 sh (-5.25%)', 'CVX': '24.8836 sh (+1.05%)', 'GEHC': '0.6136 sh (-0.10%)', 'IVZ': '306.9138 sh (+1.12%)', 'LMT': '16.3555 sh (+0.15%)', 'MS': '43.8344 sh (-1.62%)', 'MSI': '21.1281 sh (-0.73%)', 'NUE': '36.5544 sh (-1.50%)', 'NVDA': '44.2888 sh (+0.52%)', 'NWS': '303.7199 sh (+1.87%)', 'STLD': '0.9216 sh (-2.38%)', 'WSM': '0.1026 sh (-1.52%)'}
Risk state: peak $99,703.60 | drawdown 0.31% | today +0.14% | halted: False
Market regime: NEUTRAL (position-size multiplier: 100% incl. circuit breaker 100%)
News: fetched 158, 1 new after dedup, 0 ticker(s) matched.
Quant pre-screen: 41/60 candidates passed.
Gemini proposed 2 trade(s) meeting the conviction bar.
Gemini calls used today (all models combined): 344
  -> {"ticker": "TEL", "status": "skipped", "reason": "below minimum trade size ($25) after position cap ($14,908.69), room ($9,939.13), regime multiplier (100%), and cash reserve ($4,969.56 kept of $2,352.38 cash)"}
  -> {"ticker": "TTWO", "status": "skipped", "reason": "below minimum trade size ($25) after position cap ($14,908.69), room ($9,939.13), regime multiplier (100%), and cash reserve ($4,969.56 kept of $2,352.38 cash)"}
Overnight queue cleared after verification.
Dashboard watchlist synced (16 symbols) for news/headlines.
Ending portfolio value: $99,396.79
Trade journal: no closed trades yet
Performance: Total return -0.44% | Max drawdown 12.37% | Daily Sharpe 0.27 | Open positions: 14 | Equity $99,391.27
Timings: account: 0.0s | risk: 6.7s | decide: 3.5s | watchlist: 0.0s | perf: 0.1s

=== Run at 2026-08-14T19:38:25.093096 ===
Current time: 2026-08-14 03:38 PM EDT | Market open (per Alpaca): True | Session: REGULAR
Account value: $99,404.51
Cash: $2,352.38 | Holdings (14): {'CEG': '35.6034 sh (+1.69%)', 'CHD': '97.9637 sh (-0.23%)', 'COHR': '7.9896 sh (-5.25%)', 'CVX': '24.8836 sh (+1.15%)', 'GEHC': '0.6136 sh (-0.13%)', 'IVZ': '306.9138 sh (+1.15%)', 'LMT': '16.3555 sh (+0.18%)', 'MS': '43.8344 sh (-1.62%)', 'MSI': '21.1281 sh (-0.71%)', 'NUE': '36.5544 sh (-1.52%)', 'NVDA': '44.2888 sh (+0.44%)', 'NWS': '303.7199 sh (+1.86%)', 'STLD': '0.9216 sh (-2.43%)', 'WSM': '0.1026 sh (-1.57%)'}
Risk state: peak $99,703.60 | drawdown 0.30% | today +0.15% | halted: False
Market regime: NEUTRAL (position-size multiplier: 100% incl. circuit breaker 100%)
News: fetched 158, 0 new after dedup, 0 ticker(s) matched.
Quant pre-screen: 41/60 candidates passed.
Gemini proposed 1 trade(s) meeting the conviction bar.
Gemini calls used today (all models combined): 345
  -> {"ticker": "SHW", "status": "skipped", "reason": "below minimum trade size ($25) after position cap ($14,910.68), room ($9,940.45), regime multiplier (100%), and cash reserve ($2,485.11 kept of $2,352.38 cash)"}
Overnight queue cleared after verification.
Dashboard watchlist synced (15 symbols) for news/headlines.
Ending portfolio value: $99,406.09
Trade journal: no closed trades yet
Performance: Total return -0.43% | Max drawdown 12.37% | Daily Sharpe 0.27 | Open positions: 14 | Equity $99,404.51
Timings: account: 0.0s | risk: 8.9s | decide: 11.9s | watchlist: 0.1s | perf: 0.2s

=== Run at 2026-08-14T19:40:29.347384 ===
Current time: 2026-08-14 03:40 PM EDT | Market open (per Alpaca): True | Session: REGULAR
Account value: $99,454.45
Cash: $2,352.38 | Holdings (14): {'CEG': '35.6034 sh (+1.75%)', 'CHD': '97.9637 sh (-0.20%)', 'COHR': '7.9896 sh (-5.03%)', 'CVX': '24.8836 sh (+1.17%)', 'GEHC': '0.6136 sh (-0.09%)', 'IVZ': '306.9138 sh (+1.21%)', 'LMT': '16.3555 sh (+0.14%)', 'MS': '43.8344 sh (-1.54%)', 'MSI': '21.1281 sh (-0.65%)', 'NUE': '36.5544 sh (-1.37%)', 'NVDA': '44.2888 sh (+0.43%)', 'NWS': '303.7199 sh (+1.89%)', 'STLD': '0.9216 sh (-2.19%)', 'WSM': '0.1026 sh (-1.55%)'}
Risk state: peak $99,703.60 | drawdown 0.25% | today +0.20% | halted: False
Market regime: NEUTRAL (position-size multiplier: 100% incl. circuit breaker 100%)
News: fetched 158, 2 new after dedup, 0 ticker(s) matched.
Quant pre-screen: 41/60 candidates passed.
Gemini proposed 2 trade(s) meeting the conviction bar.
Gemini calls used today (all models combined): 346
  -> {"ticker": "TDY", "status": "skipped", "reason": "below minimum trade size ($25) after position cap ($14,918.17), room ($9,945.44), regime multiplier (100%), and cash reserve ($4,972.72 kept of $2,352.38 cash)"}
  -> {"ticker": "TEL", "status": "skipped", "reason": "below minimum trade size ($25) after position cap ($14,918.17), room ($9,945.44), regime multiplier (100%), and cash reserve ($4,972.72 kept of $2,352.38 cash)"}
Overnight queue cleared after verification.
Dashboard watchlist synced (16 symbols) for news/headlines.
Ending portfolio value: $99,457.54
Trade journal: no closed trades yet
Performance: Total return -0.38% | Max drawdown 12.37% | Daily Sharpe 0.28 | Open positions: 14 | Equity $99,454.45
Timings: account: 0.0s | risk: 8.7s | decide: 3.0s | watchlist: 0.1s | perf: 0.3s

=== Run at 2026-08-14T19:42:57.231863 ===
Current time: 2026-08-14 03:42 PM EDT | Market open (per Alpaca): True | Session: REGULAR
Account value: $99,461.64
Cash: $2,352.38 | Holdings (14): {'CEG': '35.6034 sh (+1.82%)', 'CHD': '97.9637 sh (-0.17%)', 'COHR': '7.9896 sh (-4.96%)', 'CVX': '24.8836 sh (+1.19%)', 'GEHC': '0.6136 sh (-0.27%)', 'IVZ': '306.9138 sh (+1.24%)', 'LMT': '16.3555 sh (+0.10%)', 'MS': '43.8344 sh (-1.52%)', 'MSI': '21.1281 sh (-0.68%)', 'NUE': '36.5544 sh (-1.34%)', 'NVDA': '44.2888 sh (+0.44%)', 'NWS': '303.7199 sh (+1.81%)', 'STLD': '0.9216 sh (-2.07%)', 'WSM': '0.1026 sh (-1.47%)'}
Risk state: peak $99,703.60 | drawdown 0.24% | today +0.21% | halted: False
Market regime: NEUTRAL (position-size multiplier: 100% incl. circuit breaker 100%)
News: fetched 158, 2 new after dedup, 0 ticker(s) matched.
Quant pre-screen: 41/60 candidates passed.
Gemini proposed 3 trade(s) meeting the conviction bar.
Gemini calls used today (all models combined): 347
  -> {"ticker": "SHW", "status": "skipped", "reason": "below minimum trade size ($25) after position cap ($14,919.25), room ($9,946.16), regime multiplier (100%), and cash reserve ($2,486.54 kept of $2,352.38 cash)"}
  -> {"ticker": "CPRT", "status": "skipped", "reason": "below minimum trade size ($25) after position cap ($14,919.25), room ($9,946.16), regime multiplier (100%), and cash reserve ($4,973.08 kept of $2,352.38 cash)"}
  -> {"ticker": "SLB", "status": "skipped", "reason": "below minimum trade size ($25) after position cap ($14,919.25), room ($9,946.16), regime multiplier (100%), and cash reserve ($4,973.08 kept of $2,352.38 cash)"}
Overnight queue cleared after verification.
Dashboard watchlist synced (17 symbols) for news/headlines.
Ending portfolio value: $99,445.28
Trade journal: no closed trades yet
Performance: Total return -0.39% | Max drawdown 12.37% | Daily Sharpe 0.28 | Open positions: 14 | Equity $99,461.64
Timings: account: 0.0s | risk: 8.8s | decide: 4.4s | watchlist: 2.0s | perf: 0.2s
=== Run at 2026-08-14T19:42:22.600343 ===
Current time: 2026-08-14 03:42 PM EDT | Market open (per Alpaca): True | Session: REGULAR
Account value: $99,477.55
Cash: $2,352.38 | Holdings (14): {'CEG': '35.6034 sh (+1.81%)', 'CHD': '97.9637 sh (-0.17%)', 'COHR': '7.9896 sh (-5.07%)', 'CVX': '24.8836 sh (+1.19%)', 'GEHC': '0.6136 sh (-0.20%)', 'IVZ': '306.9138 sh (+1.24%)', 'LMT': '16.3555 sh (+0.11%)', 'MS': '43.8344 sh (-1.51%)', 'MSI': '21.1281 sh (-0.65%)', 'NUE': '36.5544 sh (-1.24%)', 'NVDA': '44.2888 sh (+0.46%)', 'NWS': '303.7199 sh (+1.84%)', 'STLD': '0.9216 sh (-2.07%)', 'WSM': '0.1026 sh (-1.34%)'}
Risk state: peak $99,703.60 | drawdown 0.23% | today +0.22% | halted: False
Market regime: NEUTRAL (position-size multiplier: 100% incl. circuit breaker 100%)
News: fetched 158, 2 new after dedup, 0 ticker(s) matched.
Quant pre-screen: 41/60 candidates passed.
Gemini proposed 1 trade(s) meeting the conviction bar.
Gemini calls used today (all models combined): 347
  -> {"ticker": "TEL", "status": "skipped", "reason": "below minimum trade size ($25) after position cap ($14,921.63), room ($9,947.76), regime multiplier (100%), and cash reserve ($4,973.88 kept of $2,352.38 cash)"}
Overnight queue cleared after verification.
Dashboard watchlist synced (15 symbols) for news/headlines.
Ending portfolio value: $99,477.39
Trade journal: no closed trades yet
Performance: Total return -0.36% | Max drawdown 12.37% | Daily Sharpe 0.29 | Open positions: 14 | Equity $99,477.55
Timings: account: 0.0s | risk: 5.3s | decide: 1.9s | watchlist: 0.1s | perf: 0.1s

=== Run at 2026-08-14T19:44:23.246631 ===
Current time: 2026-08-14 03:44 PM EDT | Market open (per Alpaca): True | Session: REGULAR
Account value: $99,438.75
Cash: $2,352.38 | Holdings (14): {'CEG': '35.6034 sh (+1.78%)', 'CHD': '97.9637 sh (-0.12%)', 'COHR': '7.9896 sh (-5.00%)', 'CVX': '24.8836 sh (+1.12%)', 'GEHC': '0.6136 sh (-0.27%)', 'IVZ': '306.9138 sh (+1.24%)', 'LMT': '16.3555 sh (-0.01%)', 'MS': '43.8344 sh (-1.55%)', 'MSI': '21.1281 sh (-0.69%)', 'NUE': '36.5544 sh (-1.41%)', 'NVDA': '44.2888 sh (+0.45%)', 'NWS': '303.7199 sh (+1.81%)', 'STLD': '0.9216 sh (-2.05%)', 'WSM': '0.1026 sh (-1.48%)'}
Risk state: peak $99,703.60 | drawdown 0.27% | today +0.19% | halted: False
Market regime: NEUTRAL (position-size multiplier: 100% incl. circuit breaker 100%)
News: fetched 158, 0 new after dedup, 0 ticker(s) matched.
Quant pre-screen: 41/60 candidates passed.
Gemini proposed 1 trade(s) meeting the conviction bar.
Gemini calls used today (all models combined): 348
  -> {"ticker": "TDY", "status": "skipped", "reason": "below minimum trade size ($25) after position cap ($14,915.81), room ($9,943.88), regime multiplier (100%), and cash reserve ($2,485.97 kept of $2,352.38 cash)"}
Overnight queue cleared after verification.
Dashboard watchlist synced (15 symbols) for news/headlines.
Ending portfolio value: $99,431.65
Trade journal: no closed trades yet
Performance: Total return -0.40% | Max drawdown 12.37% | Daily Sharpe 0.28 | Open positions: 14 | Equity $99,438.75
Timings: account: 0.0s | risk: 6.5s | decide: 4.7s | watchlist: 0.1s | perf: 0.2s

=== Run at 2026-08-14T19:46:29.078400 ===
Current time: 2026-08-14 03:46 PM EDT | Market open (per Alpaca): True | Session: REGULAR
Account value: $99,444.34
Cash: $2,352.38 | Holdings (14): {'CEG': '35.6034 sh (+1.79%)', 'CHD': '97.9637 sh (-0.14%)', 'COHR': '7.9896 sh (-5.22%)', 'CVX': '24.8836 sh (+1.19%)', 'GEHC': '0.6136 sh (-0.25%)', 'IVZ': '306.9138 sh (+1.26%)', 'LMT': '16.3555 sh (+0.03%)', 'MS': '43.8344 sh (-1.56%)', 'MSI': '21.1281 sh (-0.69%)', 'NUE': '36.5544 sh (-1.42%)', 'NVDA': '44.2888 sh (+0.46%)', 'NWS': '303.7199 sh (+1.87%)', 'STLD': '0.9216 sh (-2.16%)', 'WSM': '0.1026 sh (-1.44%)'}
Risk state: peak $99,703.60 | drawdown 0.26% | today +0.19% | halted: False
Market regime: NEUTRAL (position-size multiplier: 100% incl. circuit breaker 100%)
News: fetched 158, 1 new after dedup, 0 ticker(s) matched.
Quant pre-screen: 41/60 candidates passed.
Gemini proposed 2 trade(s) meeting the conviction bar.
Gemini calls used today (all models combined): 349
  -> {"ticker": "CPRT", "status": "skipped", "reason": "below minimum trade size ($25) after position cap ($14,916.65), room ($9,944.43), regime multiplier (100%), and cash reserve ($4,972.22 kept of $2,352.38 cash)"}
  -> {"ticker": "RSG", "status": "skipped", "reason": "below minimum trade size ($25) after position cap ($14,916.65), room ($9,944.43), regime multiplier (100%), and cash reserve ($4,972.22 kept of $2,352.38 cash)"}
Overnight queue cleared after verification.
Dashboard watchlist synced (16 symbols) for news/headlines.
Ending portfolio value: $99,436.25
Trade journal: no closed trades yet
Performance: Total return -0.40% | Max drawdown 12.37% | Daily Sharpe 0.28 | Open positions: 14 | Equity $99,444.34
Timings: account: 0.0s | risk: 11.4s | decide: 4.1s | watchlist: 0.2s | perf: 0.3s

=== Run at 2026-08-14T19:48:28.803040 ===
Current time: 2026-08-14 03:48 PM EDT | Market open (per Alpaca): True | Session: REGULAR
Account value: $99,439.64
Cash: $2,352.38 | Holdings (14): {'CEG': '35.6034 sh (+1.70%)', 'CHD': '97.9637 sh (-0.19%)', 'COHR': '7.9896 sh (-5.01%)', 'CVX': '24.8836 sh (+1.17%)', 'GEHC': '0.6136 sh (-0.30%)', 'IVZ': '306.9138 sh (+1.27%)', 'LMT': '16.3555 sh (+0.07%)', 'MS': '43.8344 sh (-1.49%)', 'MSI': '21.1281 sh (-0.71%)', 'NUE': '36.5544 sh (-1.46%)', 'NVDA': '44.2888 sh (+0.44%)', 'NWS': '303.7199 sh (+1.87%)', 'STLD': '0.9216 sh (-2.16%)', 'WSM': '0.1026 sh (-1.56%)'}
Risk state: peak $99,703.60 | drawdown 0.26% | today +0.19% | halted: False
Market regime: NEUTRAL (position-size multiplier: 100% incl. circuit breaker 100%)
News: fetched 158, 1 new after dedup, 0 ticker(s) matched.
Quant pre-screen: 41/60 candidates passed.
Gemini proposed 3 trade(s) meeting the conviction bar.
Gemini calls used today (all models combined): 350
  -> {"ticker": "SHW", "status": "skipped", "reason": "below minimum trade size ($25) after position cap ($14,915.95), room ($9,943.96), regime multiplier (100%), and cash reserve ($2,485.99 kept of $2,352.38 cash)"}
  -> {"ticker": "CPRT", "status": "skipped", "reason": "below minimum trade size ($25) after position cap ($14,915.95), room ($9,943.96), regime multiplier (100%), and cash reserve ($4,971.98 kept of $2,352.38 cash)"}
  -> {"ticker": "RSG", "status": "skipped", "reason": "below minimum trade size ($25) after position cap ($14,915.95), room ($9,943.96), regime multiplier (100%), and cash reserve ($4,971.98 kept of $2,352.38 cash)"}
Overnight queue cleared after verification.
Dashboard watchlist synced (17 symbols) for news/headlines.
Ending portfolio value: $99,435.68
Trade journal: no closed trades yet
Performance: Total return -0.40% | Max drawdown 12.37% | Daily Sharpe 0.28 | Open positions: 14 | Equity $99,439.64
Timings: account: 0.0s | risk: 9.8s | decide: 6.2s | watchlist: 0.2s | perf: 0.2s

=== Run at 2026-08-14T19:50:32.673748 ===
Current time: 2026-08-14 03:50 PM EDT | Market open (per Alpaca): True | Session: REGULAR
Account value: $99,459.08
Cash: $2,352.38 | Holdings (14): {'CEG': '35.6034 sh (+1.62%)', 'CHD': '97.9637 sh (+0.01%)', 'COHR': '7.9896 sh (-4.85%)', 'CVX': '24.8836 sh (+1.16%)', 'GEHC': '0.6136 sh (-0.38%)', 'IVZ': '306.9138 sh (+1.23%)', 'LMT': '16.3555 sh (+0.09%)', 'MS': '43.8344 sh (-1.54%)', 'MSI': '21.1281 sh (-0.73%)', 'NUE': '36.5544 sh (-1.64%)', 'NVDA': '44.2888 sh (+0.62%)', 'NWS': '303.7199 sh (+1.99%)', 'STLD': '0.9216 sh (-2.15%)', 'WSM': '0.1026 sh (-1.64%)'}
Risk state: peak $99,703.60 | drawdown 0.25% | today +0.21% | halted: False
Market regime: NEUTRAL (position-size multiplier: 100% incl. circuit breaker 100%)
News: fetched 158, 1 new after dedup, 0 ticker(s) matched.
Quant pre-screen: 41/60 candidates passed.
Gemini proposed 3 trade(s) meeting the conviction bar.
Gemini calls used today (all models combined): 351
  -> {"ticker": "SHW", "status": "skipped", "reason": "below minimum trade size ($25) after position cap ($14,918.86), room ($9,945.91), regime multiplier (100%), and cash reserve ($2,486.48 kept of $2,352.38 cash)"}
  -> {"ticker": "CPRT", "status": "skipped", "reason": "below minimum trade size ($25) after position cap ($14,918.86), room ($9,945.91), regime multiplier (100%), and cash reserve ($4,972.95 kept of $2,352.38 cash)"}
  -> {"ticker": "RSG", "status": "skipped", "reason": "below minimum trade size ($25) after position cap ($14,918.86), room ($9,945.91), regime multiplier (100%), and cash reserve ($4,972.95 kept of $2,352.38 cash)"}
Overnight queue cleared after verification.
Dashboard watchlist synced (17 symbols) for news/headlines.
Ending portfolio value: $99,463.97
Trade journal: no closed trades yet
Performance: Total return -0.37% | Max drawdown 12.37% | Daily Sharpe 0.28 | Open positions: 14 | Equity $99,459.08
Timings: account: 0.0s | risk: 7.0s | decide: 11.8s | watchlist: 0.1s | perf: 0.2s

=== Run at 2026-08-14T19:52:24.462257 ===
Current time: 2026-08-14 03:52 PM EDT | Market open (per Alpaca): True | Session: REGULAR
Account value: $99,447.92
Cash: $2,352.38 | Holdings (14): {'CEG': '35.6034 sh (+1.49%)', 'CHD': '97.9637 sh (-0.03%)', 'COHR': '7.9896 sh (-4.82%)', 'CVX': '24.8836 sh (+1.12%)', 'GEHC': '0.6136 sh (-0.36%)', 'IVZ': '306.9138 sh (+1.29%)', 'LMT': '16.3555 sh (+0.03%)', 'MS': '43.8344 sh (-1.57%)', 'MSI': '21.1281 sh (-0.65%)', 'NUE': '36.5544 sh (-1.64%)', 'NVDA': '44.2888 sh (+0.65%)', 'NWS': '303.7199 sh (+1.99%)', 'STLD': '0.9216 sh (-2.21%)', 'WSM': '0.1026 sh (-1.70%)'}
Risk state: peak $99,703.60 | drawdown 0.26% | today +0.19% | halted: False
Market regime: NEUTRAL (position-size multiplier: 100% incl. circuit breaker 100%)
News: fetched 158, 2 new after dedup, 0 ticker(s) matched.
Quant pre-screen: 41/60 candidates passed.
Gemini proposed 2 trade(s) meeting the conviction bar.
Gemini calls used today (all models combined): 352
  -> {"ticker": "TDY", "status": "skipped", "reason": "below minimum trade size ($25) after position cap ($14,917.19), room ($9,944.79), regime multiplier (100%), and cash reserve ($2,486.20 kept of $2,352.38 cash)"}
  -> {"ticker": "TEL", "status": "skipped", "reason": "below minimum trade size ($25) after position cap ($14,917.19), room ($9,944.79), regime multiplier (100%), and cash reserve ($4,972.40 kept of $2,352.38 cash)"}
Overnight queue cleared after verification.
Dashboard watchlist synced (16 symbols) for news/headlines.
Ending portfolio value: $99,444.58
Trade journal: no closed trades yet
Performance: Total return -0.39% | Max drawdown 12.37% | Daily Sharpe 0.28 | Open positions: 14 | Equity $99,447.92
Timings: account: 0.0s | risk: 3.4s | decide: 1.8s | watchlist: 0.0s | perf: 0.1s

=== Run at 2026-08-14T19:54:28.111609 ===
Current time: 2026-08-14 03:54 PM EDT | Market open (per Alpaca): True | Session: REGULAR
Account value: $99,426.52
Cash: $2,352.38 | Holdings (14): {'CEG': '35.6034 sh (+1.45%)', 'CHD': '97.9637 sh (+0.02%)', 'COHR': '7.9896 sh (-4.85%)', 'CVX': '24.8836 sh (+1.14%)', 'GEHC': '0.6136 sh (-0.40%)', 'IVZ': '306.9138 sh (+1.27%)', 'LMT': '16.3555 sh (+0.01%)', 'MS': '43.8344 sh (-1.63%)', 'MSI': '21.1281 sh (-0.66%)', 'NUE': '36.5544 sh (-1.65%)', 'NVDA': '44.2888 sh (+0.53%)', 'NWS': '303.7199 sh (+1.99%)', 'STLD': '0.9216 sh (-2.20%)', 'WSM': '0.1026 sh (-1.77%)'}
Risk state: peak $99,703.60 | drawdown 0.28% | today +0.17% | halted: False
Market regime: NEUTRAL (position-size multiplier: 100% incl. circuit breaker 100%)
News: fetched 158, 2 new after dedup, 0 ticker(s) matched.
Quant pre-screen: 41/60 candidates passed.
Gemini proposed 3 trade(s) meeting the conviction bar.
Gemini calls used today (all models combined): 353
  -> {"ticker": "TTWO", "status": "skipped", "reason": "below minimum trade size ($25) after position cap ($14,913.98), room ($9,942.65), regime multiplier (100%), and cash reserve ($4,971.33 kept of $2,352.38 cash)"}
  -> {"ticker": "TEL", "status": "skipped", "reason": "below minimum trade size ($25) after position cap ($14,913.98), room ($9,942.65), regime multiplier (100%), and cash reserve ($4,971.33 kept of $2,352.38 cash)"}
  -> {"ticker": "TDY", "status": "skipped", "reason": "below minimum trade size ($25) after position cap ($14,913.98), room ($9,942.65), regime multiplier (100%), and cash reserve ($4,971.33 kept of $2,352.38 cash)"}
Overnight queue cleared after verification.
Dashboard watchlist synced (17 symbols) for news/headlines.
Ending portfolio value: $99,430.80
Trade journal: no closed trades yet
Performance: Total return -0.40% | Max drawdown 12.37% | Daily Sharpe 0.28 | Open positions: 14 | Equity $99,426.52
Timings: account: 0.0s | risk: 5.6s | decide: 3.7s | watchlist: 0.2s | perf: 0.3s

=== Run at 2026-08-14T19:56:27.953972 ===
Current time: 2026-08-14 03:56 PM EDT | Market open (per Alpaca): True | Session: REGULAR
Account value: $99,396.98
Cash: $2,352.38 | Holdings (14): {'CEG': '35.6034 sh (+1.36%)', 'CHD': '97.9637 sh (+0.05%)', 'COHR': '7.9896 sh (-4.19%)', 'CVX': '24.8836 sh (+1.12%)', 'GEHC': '0.6136 sh (-0.25%)', 'IVZ': '306.9138 sh (+1.21%)', 'LMT': '16.3555 sh (+0.20%)', 'MS': '43.8344 sh (-1.67%)', 'MSI': '21.1281 sh (-0.58%)', 'NUE': '36.5544 sh (-1.73%)', 'NVDA': '44.2888 sh (+0.41%)', 'NWS': '303.7199 sh (+1.61%)', 'STLD': '0.9216 sh (-2.51%)', 'WSM': '0.1026 sh (-1.69%)'}
Risk state: peak $99,703.60 | drawdown 0.31% | today +0.14% | halted: False
Market regime: NEUTRAL (position-size multiplier: 100% incl. circuit breaker 100%)
News: fetched 158, 3 new after dedup, 0 ticker(s) matched.
Quant pre-screen: 41/60 candidates passed.
Technical fallback (Gemini throttled/unavailable) proposed 45 trade(s) meeting the conviction bar.
Gemini calls used today (all models combined): 353
  -> {"ticker": "IVZ", "status": "skipped", "reason": "below minimum trade size ($25) after position cap ($14,909.55), room ($0.00), regime multiplier (100%), and cash reserve ($4,969.85 kept of $2,352.38 cash)"}
  -> {"ticker": "LMT", "status": "skipped", "reason": "below minimum trade size ($25) after position cap ($14,909.55), room ($0.00), regime multiplier (100%), and cash reserve ($4,969.85 kept of $2,352.38 cash)"}
  -> {"ticker": "MSI", "status": "skipped", "reason": "below minimum trade size ($25) after position cap ($14,909.55), room ($77.52), regime multiplier (100%), and cash reserve ($4,969.85 kept of $2,352.38 cash)"}
  -> {"ticker": "NWS", "status": "skipped", "reason": "below minimum trade size ($25) after position cap ($14,909.55), room ($0.00), regime multiplier (100%), and cash reserve ($4,969.85 kept of $2,352.38 cash)"}
  -> {"ticker": "CPRT", "status": "skipped", "reason": "below minimum trade size ($25) after position cap ($14,909.55), room ($9,939.70), regime multiplier (100%), and cash reserve ($4,969.85 kept of $2,352.38 cash)"}
  -> {"ticker": "ROP", "status": "skipped", "reason": "below minimum trade size ($25) after position cap ($14,909.55), room ($9,939.70), regime multiplier (100%), and cash reserve ($4,969.85 kept of $2,352.38 cash)"}
  -> {"ticker": "RSG", "status": "skipped", "reason": "below minimum trade size ($25) after position cap ($14,909.55), room ($9,939.70), regime multiplier (100%), and cash reserve ($4,969.85 kept of $2,352.38 cash)"}
  -> {"ticker": "RTX", "status": "skipped", "reason": "below minimum trade size ($25) after position cap ($14,909.55), room ($9,939.70), regime multiplier (100%), and cash reserve ($4,969.85 kept of $2,352.38 cash)"}
  -> {"ticker": "RVTY", "status": "skipped", "reason": "below minimum trade size ($25) after position cap ($14,909.55), room ($9,939.70), regime multiplier (100%), and cash reserve ($4,969.85 kept of $2,352.38 cash)"}
  -> {"ticker": "SBAC", "status": "skipped", "reason": "below minimum trade size ($25) after position cap ($14,909.55), room ($9,939.70), regime multiplier (100%), and cash reserve ($4,969.85 kept of $2,352.38 cash)"}
  -> {"ticker": "SBUX", "status": "skipped", "reason": "below minimum trade size ($25) after position cap ($14,909.55), room ($9,939.70), regime multiplier (100%), and cash reserve ($4,969.85 kept of $2,352.38 cash)"}
  -> {"ticker": "SCHW", "status": "skipped", "reason": "below minimum trade size ($25) after position cap ($14,909.55), room ($9,939.70), regime multiplier (100%), and cash reserve ($4,969.85 kept of $2,352.38 cash)"}
  -> {"ticker": "SHW", "status": "skipped", "reason": "below minimum trade size ($25) after position cap ($14,909.55), room ($9,939.70), regime multiplier (100%), and cash reserve ($4,969.85 kept of $2,352.38 cash)"}
  -> {"ticker": "SJM", "status": "skipped", "reason": "below minimum trade size ($25) after position cap ($14,909.55), room ($9,939.70), regime multiplier (100%), and cash reserve ($4,969.85 kept of $2,352.38 cash)"}
  -> {"ticker": "SLB", "status": "skipped", "reason": "below minimum trade size ($25) after position cap ($14,909.55), room ($9,939.70), regime multiplier (100%), and cash reserve ($4,969.85 kept of $2,352.38 cash)"}
  -> {"ticker": "SNDK", "status": "skipped", "reason": "below minimum trade size ($25) after position cap ($14,909.55), room ($9,939.70), regime multiplier (100%), and cash reserve ($4,969.85 kept of $2,352.38 cash)"}
  -> {"ticker": "SNPS", "status": "skipped", "reason": "below minimum trade size ($25) after position cap ($14,909.55), room ($9,939.70), regime multiplier (100%), and cash reserve ($4,969.85 kept of $2,352.38 cash)"}
  -> {"ticker": "SOLV", "status": "skipped", "reason": "below minimum trade size ($25) after position cap ($14,909.55), room ($9,939.70), regime multiplier (100%), and cash reserve ($4,969.85 kept of $2,352.38 cash)"}
  -> {"ticker": "SPGI", "status": "skipped", "reason": "below minimum trade size ($25) after position cap ($14,909.55), room ($9,939.70), regime multiplier (100%), and cash reserve ($4,969.85 kept of $2,352.38 cash)"}
  -> {"ticker": "STE", "status": "skipped", "reason": "below minimum trade size ($25) after position cap ($14,909.55), room ($9,939.70), regime multiplier (100%), and cash reserve ($4,969.85 kept of $2,352.38 cash)"}
  -> {"ticker": "STT", "status": "skipped", "reason": "below minimum trade size ($25) after position cap ($14,909.55), room ($9,939.70), regime multiplier (100%), and cash reserve ($4,969.85 kept of $2,352.38 cash)"}
  -> {"ticker": "STX", "status": "skipped", "reason": "below minimum trade size ($25) after position cap ($14,909.55), room ($9,939.70), regime multiplier (100%), and cash reserve ($4,969.85 kept of $2,352.38 cash)"}
  -> {"ticker": "STZ", "status": "skipped", "reason": "below minimum trade size ($25) after position cap ($14,909.55), room ($9,939.70), regime multiplier (100%), and cash reserve ($4,969.85 kept of $2,352.38 cash)"}
  -> {"ticker": "SW", "status": "skipped", "reason": "below minimum trade size ($25) after position cap ($14,909.55), room ($9,939.70), regime multiplier (100%), and cash reserve ($4,969.85 kept of $2,352.38 cash)"}
  -> {"ticker": "SWK", "status": "skipped", "reason": "below minimum trade size ($25) after position cap ($14,909.55), room ($9,939.70), regime multiplier (100%), and cash reserve ($4,969.85 kept of $2,352.38 cash)"}
  -> {"ticker": "SWKS", "status": "skipped", "reason": "below minimum trade size ($25) after position cap ($14,909.55), room ($9,939.70), regime multiplier (100%), and cash reserve ($4,969.85 kept of $2,352.38 cash)"}
  -> {"ticker": "SYF", "status": "skipped", "reason": "below minimum trade size ($25) after position cap ($14,909.55), room ($9,939.70), regime multiplier (100%), and cash reserve ($4,969.85 kept of $2,352.38 cash)"}
  -> {"ticker": "SYK", "status": "skipped", "reason": "below minimum trade size ($25) after position cap ($14,909.55), room ($9,939.70), regime multiplier (100%), and cash reserve ($4,969.85 kept of $2,352.38 cash)"}
  -> {"ticker": "T", "status": "skipped", "reason": "below minimum trade size ($25) after position cap ($14,909.55), room ($9,939.70), regime multiplier (100%), and cash reserve ($4,969.85 kept of $2,352.38 cash)"}
  -> {"ticker": "TAP", "status": "skipped", "reason": "below minimum trade size ($25) after position cap ($14,909.55), room ($9,939.70), regime multiplier (100%), and cash reserve ($4,969.85 kept of $2,352.38 cash)"}
  -> {"ticker": "TDY", "status": "skipped", "reason": "below minimum trade size ($25) after position cap ($14,909.55), room ($9,939.70), regime multiplier (100%), and cash reserve ($4,969.85 kept of $2,352.38 cash)"}
  -> {"ticker": "TEL", "status": "skipped", "reason": "below minimum trade size ($25) after position cap ($14,909.55), room ($9,939.70), regime multiplier (100%), and cash reserve ($4,969.85 kept of $2,352.38 cash)"}
  -> {"ticker": "TER", "status": "skipped", "reason": "below minimum trade size ($25) after position cap ($14,909.55), room ($9,939.70), regime multiplier (100%), and cash reserve ($4,969.85 kept of $2,352.38 cash)"}
  -> {"ticker": "TFC", "status": "skipped", "reason": "below minimum trade size ($25) after position cap ($14,909.55), room ($9,939.70), regime multiplier (100%), and cash reserve ($4,969.85 kept of $2,352.38 cash)"}
  -> {"ticker": "TGT", "status": "skipped", "reason": "below minimum trade size ($25) after position cap ($14,909.55), room ($9,939.70), regime multiplier (100%), and cash reserve ($4,969.85 kept of $2,352.38 cash)"}
  -> {"ticker": "TKO", "status": "skipped", "reason": "below minimum trade size ($25) after position cap ($14,909.55), room ($9,939.70), regime multiplier (100%), and cash reserve ($4,969.85 kept of $2,352.38 cash)"}
  -> {"ticker": "TMO", "status": "skipped", "reason": "below minimum trade size ($25) after position cap ($14,909.55), room ($9,939.70), regime multiplier (100%), and cash reserve ($4,969.85 kept of $2,352.38 cash)"}
  -> {"ticker": "TMUS", "status": "skipped", "reason": "below minimum trade size ($25) after position cap ($14,909.55), room ($9,939.70), regime multiplier (100%), and cash reserve ($4,969.85 kept of $2,352.38 cash)"}
  -> {"ticker": "TPR", "status": "skipped", "reason": "below minimum trade size ($25) after position cap ($14,909.55), room ($9,939.70), regime multiplier (100%), and cash reserve ($4,969.85 kept of $2,352.38 cash)"}
  -> {"ticker": "TRGP", "status": "skipped", "reason": "below minimum trade size ($25) after position cap ($14,909.55), room ($9,939.70), regime multiplier (100%), and cash reserve ($4,969.85 kept of $2,352.38 cash)"}
  -> {"ticker": "TRMB", "status": "skipped", "reason": "below minimum trade size ($25) after position cap ($14,909.55), room ($9,939.70), regime multiplier (100%), and cash reserve ($4,969.85 kept of $2,352.38 cash)"}
  -> {"ticker": "TSCO", "status": "skipped", "reason": "below minimum trade size ($25) after position cap ($14,909.55), room ($9,939.70), regime multiplier (100%), and cash reserve ($4,969.85 kept of $2,352.38 cash)"}
  -> {"ticker": "TSLA", "status": "skipped", "reason": "below minimum trade size ($25) after position cap ($14,909.55), room ($9,939.70), regime multiplier (100%), and cash reserve ($4,969.85 kept of $2,352.38 cash)"}
  -> {"ticker": "TT", "status": "skipped", "reason": "below minimum trade size ($25) after position cap ($14,909.55), room ($9,939.70), regime multiplier (100%), and cash reserve ($4,969.85 kept of $2,352.38 cash)"}
  -> {"ticker": "TTWO", "status": "skipped", "reason": "below minimum trade size ($25) after position cap ($14,909.55), room ($9,939.70), regime multiplier (100%), and cash reserve ($4,969.85 kept of $2,352.38 cash)"}
Overnight queue KEPT for next run (Gemini did not verify this round -- technical fallback or decision failure); will re-verify when available.
Run budget spent -- skipping dashboard watchlist sync.
Run budget spent -- skipping performance snapshot.
Trade journal: no closed trades yet
Performance: Total return -0.40% | Max drawdown 12.37% | Daily Sharpe 0.28 | Open positions: 14 | Equity $99,396.98
Timings: account: 0.0s | risk: 6.2s | decide: 48.2s | watchlist: 0.0s | perf: 0.0s

=== Run at 2026-08-14T19:58:26.343075 ===
Current time: 2026-08-14 03:58 PM EDT | Market open (per Alpaca): True | Session: REGULAR
Account value: $99,394.15
Cash: $2,352.38 | Holdings (14): {'CEG': '35.6034 sh (+1.39%)', 'CHD': '97.9637 sh (+0.03%)', 'COHR': '7.9896 sh (-4.26%)', 'CVX': '24.8836 sh (+1.12%)', 'GEHC': '0.6136 sh (-0.39%)', 'IVZ': '306.9138 sh (+1.18%)', 'LMT': '16.3555 sh (+0.27%)', 'MS': '43.8344 sh (-1.67%)', 'MSI': '21.1281 sh (-0.65%)', 'NUE': '36.5544 sh (-1.76%)', 'NVDA': '44.2888 sh (+0.40%)', 'NWS': '303.7199 sh (+1.69%)', 'STLD': '0.9216 sh (-2.56%)', 'WSM': '0.1026 sh (-1.65%)'}
Risk state: peak $99,703.60 | drawdown 0.31% | today +0.14% | halted: False
Market regime: NEUTRAL (position-size multiplier: 100% incl. circuit breaker 100%)
News: fetched 158, 1 new after dedup, 0 ticker(s) matched.
Quant pre-screen: 41/60 candidates passed.
Gemini proposed 1 trade(s) meeting the conviction bar.
Gemini calls used today (all models combined): 354
  -> {"ticker": "SHW", "status": "skipped", "reason": "below minimum trade size ($25) after position cap ($14,909.12), room ($9,939.42), regime multiplier (100%), and cash reserve ($2,484.85 kept of $2,352.38 cash)"}
Overnight queue cleared after verification.
Dashboard watchlist synced (15 symbols) for news/headlines.
Ending portfolio value: $99,413.10
Trade journal: no closed trades yet
Performance: Total return -0.42% | Max drawdown 12.37% | Daily Sharpe 0.27 | Open positions: 14 | Equity $99,394.15
Timings: account: 0.0s | risk: 7.1s | decide: 2.3s | watchlist: 0.1s | perf: 0.2s

=== Run at 2026-08-14T20:00:34.476297 ===
Current time: 2026-08-14 04:00 PM EDT | Market open (per Alpaca): False | Session: CLOSED
Account value: $99,425.04
Cash: $2,352.38 | Holdings (14): {'CEG': '35.6034 sh (+1.36%)', 'CHD': '97.9637 sh (+0.03%)', 'COHR': '7.9896 sh (-4.31%)', 'CVX': '24.8836 sh (+1.18%)', 'GEHC': '0.6136 sh (-0.28%)', 'IVZ': '306.9138 sh (+1.21%)', 'LMT': '16.3555 sh (+0.29%)', 'MS': '43.8344 sh (-1.63%)', 'MSI': '21.1281 sh (-0.69%)', 'NUE': '36.5544 sh (-1.52%)', 'NVDA': '44.2888 sh (+0.38%)', 'NWS': '303.7199 sh (+1.75%)', 'STLD': '0.9216 sh (-2.54%)', 'WSM': '0.1026 sh (-1.61%)'}
Risk state: peak $99,703.60 | drawdown 0.28% | today +0.17% | halted: False
Market regime: NEUTRAL (position-size multiplier: 100% incl. circuit breaker 100%)
News: fetched 158, 1 new after dedup, 0 ticker(s) matched.
Quant pre-screen: 16/19 candidates passed.
Gemini proposed 2 trade(s) meeting the conviction bar.
Gemini calls used today (all models combined): 355
Market closed (overnight): queued 2 trade idea(s) for next-morning verification -- nothing submitted yet.
  -> queued TTWO buy (conf 85, stop 235.0, tp 265.00000000000006)
  -> queued TDY buy (conf 80, stop 655.0, tp 710.0)
Dashboard watchlist synced (16 symbols) for news/headlines.
Ending portfolio value: $99,427.43
Trade journal: no closed trades yet
Performance: Total return -0.41% | Max drawdown 12.37% | Daily Sharpe 0.28 | Open positions: 14 | Equity $99,425.04
Timings: account: 0.0s | risk: 9.7s | decide: 10.1s | watchlist: 0.1s | perf: 0.2s

=== Run at 2026-08-14T20:02:26.773584 ===
Current time: 2026-08-14 04:02 PM EDT | Market open (per Alpaca): False | Session: CLOSED
Account value: $99,422.25
Cash: $2,352.38 | Holdings (14): {'CEG': '35.6034 sh (+1.37%)', 'CHD': '97.9637 sh (+0.03%)', 'COHR': '7.9896 sh (-4.59%)', 'CVX': '24.8836 sh (+1.18%)', 'GEHC': '0.6136 sh (-0.28%)', 'IVZ': '306.9138 sh (+1.21%)', 'LMT': '16.3555 sh (+0.32%)', 'MS': '43.8344 sh (-1.61%)', 'MSI': '21.1281 sh (-0.69%)', 'NUE': '36.5544 sh (-1.52%)', 'NVDA': '44.2888 sh (+0.36%)', 'NWS': '303.7199 sh (+1.75%)', 'STLD': '0.9216 sh (-2.54%)', 'WSM': '0.1026 sh (-1.61%)'}
Risk state: peak $99,703.60 | drawdown 0.28% | today +0.17% | halted: False
Market regime: NEUTRAL (position-size multiplier: 100% incl. circuit breaker 100%)
News: fetched 158, 1 new after dedup, 0 ticker(s) matched.
Quant pre-screen: 24/31 candidates passed.
Gemini proposed 2 trade(s) meeting the conviction bar.
Gemini calls used today (all models combined): 356
Market closed (overnight): queued 3 trade idea(s) for next-morning verification -- nothing submitted yet.
  -> queued TTWO buy (conf 85, stop 235.0, tp 265.00000000000006)
  -> queued TDY buy (conf 82, stop 654.41, tp 710.0)
  -> queued HBAN buy (conf 85, stop 17.09, tp 18.5)
Dashboard watchlist synced (16 symbols) for news/headlines.
Ending portfolio value: $99,423.30
Trade journal: no closed trades yet
Performance: Total return -0.41% | Max drawdown 12.37% | Daily Sharpe 0.28 | Open positions: 14 | Equity $99,422.25
Timings: account: 0.0s | risk: 5.8s | decide: 17.8s | watchlist: 0.1s | perf: 0.2s

=== Run at 2026-08-14T20:04:23.356380 ===
Current time: 2026-08-14 04:04 PM EDT | Market open (per Alpaca): False | Session: CLOSED
Account value: $99,420.62
Cash: $2,352.38 | Holdings (14): {'CEG': '35.6034 sh (+1.37%)', 'CHD': '97.9637 sh (+0.01%)', 'COHR': '7.9896 sh (-4.55%)', 'CVX': '24.8836 sh (+1.18%)', 'GEHC': '0.6136 sh (-0.28%)', 'IVZ': '306.9138 sh (+1.21%)', 'LMT': '16.3555 sh (+0.32%)', 'MS': '43.8344 sh (-1.63%)', 'MSI': '21.1281 sh (-0.69%)', 'NUE': '36.5544 sh (-1.52%)', 'NVDA': '44.2888 sh (+0.37%)', 'NWS': '303.7199 sh (+1.75%)', 'STLD': '0.9216 sh (-2.54%)', 'WSM': '0.1026 sh (-1.61%)'}
Risk state: peak $99,703.60 | drawdown 0.28% | today +0.17% | halted: False
Market regime: NEUTRAL (position-size multiplier: 100% incl. circuit breaker 100%)
News: fetched 158, 1 new after dedup, 0 ticker(s) matched.
Quant pre-screen: 35/43 candidates passed.
Gemini proposed 2 trade(s) meeting the conviction bar.
Gemini calls used today (all models combined): 357
Market closed (overnight): queued 4 trade idea(s) for next-morning verification -- nothing submitted yet.
  -> queued TTWO buy (conf 85, stop 235.0, tp 265.0)
  -> queued TDY buy (conf 82, stop 654.41, tp 710.0)
  -> queued HBAN buy (conf 85, stop 17.09, tp 18.5)
  -> queued TYL buy (conf 90, stop 310.0, tp 355.00000000000006)
Dashboard watchlist synced (16 symbols) for news/headlines.
Ending portfolio value: $99,420.26
Trade journal: no closed trades yet
Performance: Total return -0.41% | Max drawdown 12.37% | Daily Sharpe 0.27 | Open positions: 14 | Equity $99,420.62
Timings: account: 0.0s | risk: 2.4s | decide: 4.8s | watchlist: 0.0s | perf: 0.1s

=== Run at 2026-08-14T20:06:23.173958 ===
Current time: 2026-08-14 04:06 PM EDT | Market open (per Alpaca): False | Session: CLOSED
Account value: $99,415.88
Cash: $2,352.38 | Holdings (14): {'CEG': '35.6034 sh (+1.37%)', 'CHD': '97.9637 sh (+0.01%)', 'COHR': '7.9896 sh (-4.86%)', 'CVX': '24.8836 sh (+1.21%)', 'GEHC': '0.6136 sh (-0.28%)', 'IVZ': '306.9138 sh (+1.21%)', 'LMT': '16.3555 sh (+0.32%)', 'MS': '43.8344 sh (-1.63%)', 'MSI': '21.1281 sh (-0.69%)', 'NUE': '36.5544 sh (-1.52%)', 'NVDA': '44.2888 sh (+0.39%)', 'NWS': '303.7199 sh (+1.75%)', 'STLD': '0.9216 sh (-2.54%)', 'WSM': '0.1026 sh (-1.61%)'}
Risk state: peak $99,703.60 | drawdown 0.29% | today +0.16% | halted: False
Market regime: NEUTRAL (position-size multiplier: 100% incl. circuit breaker 100%)
News: fetched 158, 1 new after dedup, 0 ticker(s) matched.
Quant pre-screen: 43/55 candidates passed.
Gemini proposed 2 trade(s) meeting the conviction bar.
Gemini calls used today (all models combined): 358
Market closed (overnight): queued 4 trade idea(s) for next-morning verification -- nothing submitted yet.
  -> queued TTWO buy (conf 92, stop 235.0, tp 265.0)
  -> queued TDY buy (conf 82, stop 654.41, tp 710.0)
  -> queued HBAN buy (conf 85, stop 17.3, tp 19.2)
  -> queued TYL buy (conf 90, stop 310.0, tp 355.00000000000006)
Dashboard watchlist synced (16 symbols) for news/headlines.
Ending portfolio value: $99,416.29
Trade journal: no closed trades yet
Performance: Total return -0.42% | Max drawdown 12.37% | Daily Sharpe 0.27 | Open positions: 14 | Equity $99,415.88
Timings: account: 0.0s | risk: 2.2s | decide: 4.6s | watchlist: 0.0s | perf: 0.1s

=== Run at 2026-08-14T20:08:26.802157 ===
Current time: 2026-08-14 04:08 PM EDT | Market open (per Alpaca): False | Session: CLOSED
Account value: $99,416.28
Cash: $2,352.38 | Holdings (14): {'CEG': '35.6034 sh (+1.37%)', 'CHD': '97.9637 sh (+0.01%)', 'COHR': '7.9896 sh (-4.75%)', 'CVX': '24.8836 sh (+1.17%)', 'GEHC': '0.6136 sh (-0.28%)', 'IVZ': '306.9138 sh (+1.21%)', 'LMT': '16.3555 sh (+0.32%)', 'MS': '43.8344 sh (-1.63%)', 'MSI': '21.1281 sh (-0.69%)', 'NUE': '36.5544 sh (-1.52%)', 'NVDA': '44.2888 sh (+0.39%)', 'NWS': '303.7199 sh (+1.75%)', 'STLD': '0.9216 sh (-2.54%)', 'WSM': '0.1026 sh (-1.61%)'}
Risk state: peak $99,703.60 | drawdown 0.29% | today +0.16% | halted: False
Market regime: NEUTRAL (position-size multiplier: 100% incl. circuit breaker 100%)
News: fetched 158, 0 new after dedup, 0 ticker(s) matched.
Quant pre-screen: 54/67 candidates passed.
Technical fallback (Gemini throttled/unavailable) proposed 58 trade(s) meeting the conviction bar.
Gemini calls used today (all models combined): 358
Market closed (overnight): queued 12 trade idea(s) for next-morning verification -- nothing submitted yet.
  -> queued TTWO buy (conf None, stop 228.4, tp 256.285)
  -> queued TDY buy (conf None, stop 654.41, tp 697.61)
  -> queued HBAN buy (conf None, stop 17.095, tp 18.03)
  -> queued IVZ buy (conf None, stop 29.7, tp 32.65)
  -> queued TEL buy (conf None, stop 200.81, tp 221.8)
  -> queued TPR buy (conf None, stop 126.59, tp 164.76)
  -> queued TRMB buy (conf None, stop 54.75, tp 61.75)
  -> queued CPRT buy (conf None, stop 28.555, tp 31.735)
  -> queued GILD buy (conf None, stop 129.03, tp 138.41)
  -> queued HAL buy (conf None, stop 31.2, tp 34.565)
  -> queued HLT buy (conf None, stop 310.57, tp 328.46)
  -> queued HUM buy (conf None, stop 354.57, tp 392.49)
Run budget spent -- skipping dashboard watchlist sync.
Run budget spent -- skipping performance snapshot.
Trade journal: no closed trades yet
Performance: Total return -0.42% | Max drawdown 12.37% | Daily Sharpe 0.27 | Open positions: 14 | Equity $99,416.28
Timings: account: 0.0s | risk: 2.8s | decide: 27.0s | watchlist: 0.0s | perf: 0.0s

=== Run at 2026-08-14T20:10:31.152336 ===
Current time: 2026-08-14 04:10 PM EDT | Market open (per Alpaca): False | Session: CLOSED
Account value: $99,417.06
Cash: $2,352.38 | Holdings (14): {'CEG': '35.6034 sh (+1.37%)', 'CHD': '97.9637 sh (+0.01%)', 'COHR': '7.9896 sh (-4.64%)', 'CVX': '24.8836 sh (+1.17%)', 'GEHC': '0.6136 sh (-0.28%)', 'IVZ': '306.9138 sh (+1.21%)', 'LMT': '16.3555 sh (+0.32%)', 'MS': '43.8344 sh (-1.63%)', 'MSI': '21.1281 sh (-0.69%)', 'NUE': '36.5544 sh (-1.52%)', 'NVDA': '44.2888 sh (+0.37%)', 'NWS': '303.7199 sh (+1.75%)', 'STLD': '0.9216 sh (-2.54%)', 'WSM': '0.1026 sh (-1.61%)'}
Risk state: peak $99,703.60 | drawdown 0.29% | today +0.16% | halted: False
Market regime: NEUTRAL (position-size multiplier: 100% incl. circuit breaker 100%)
News: fetched 158, 3 new after dedup, 0 ticker(s) matched.
Quant pre-screen: 54/67 candidates passed.
Gemini proposed 3 trade(s) meeting the conviction bar.
Gemini calls used today (all models combined): 359
Market closed (overnight): queued 12 trade idea(s) for next-morning verification -- nothing submitted yet.
  -> queued TTWO buy (conf 90, stop 232.0, tp 265.0)
  -> queued TDY buy (conf 85, stop 655.0, tp 697.0)
  -> queued HBAN buy (conf 80, stop 17.2, tp 18.9)
  -> queued IVZ buy (conf None, stop 29.7, tp 32.65)
  -> queued TEL buy (conf None, stop 200.81, tp 221.8)
  -> queued TPR buy (conf None, stop 126.59, tp 164.76)
  -> queued TRMB buy (conf None, stop 54.75, tp 61.75)
  -> queued CPRT buy (conf None, stop 28.555, tp 31.735)
  -> queued GILD buy (conf None, stop 129.03, tp 138.41)
  -> queued HAL buy (conf None, stop 31.2, tp 34.565)
  -> queued HLT buy (conf None, stop 310.57, tp 328.46)
  -> queued HUM buy (conf None, stop 354.57, tp 392.49)
Dashboard watchlist synced (17 symbols) for news/headlines.
Ending portfolio value: $99,417.97
Trade journal: no closed trades yet
Performance: Total return -0.42% | Max drawdown 12.37% | Daily Sharpe 0.27 | Open positions: 14 | Equity $99,417.06
Timings: account: 0.0s | risk: 5.0s | decide: 5.9s | watchlist: 0.1s | perf: 0.2s

=== Run at 2026-08-14T20:12:29.891925 ===
Current time: 2026-08-14 04:12 PM EDT | Market open (per Alpaca): False | Session: CLOSED
Account value: $99,418.10
Cash: $2,352.38 | Holdings (14): {'CEG': '35.6034 sh (+1.36%)', 'CHD': '97.9637 sh (+0.01%)', 'COHR': '7.9896 sh (-4.64%)', 'CVX': '24.8836 sh (+1.18%)', 'GEHC': '0.6136 sh (-0.28%)', 'IVZ': '306.9138 sh (+1.21%)', 'LMT': '16.3555 sh (+0.32%)', 'MS': '43.8344 sh (-1.63%)', 'MSI': '21.1281 sh (-0.69%)', 'NUE': '36.5544 sh (-1.52%)', 'NVDA': '44.2888 sh (+0.38%)', 'NWS': '303.7199 sh (+1.75%)', 'STLD': '0.9216 sh (-2.54%)', 'WSM': '0.1026 sh (-1.61%)'}
Risk state: peak $99,703.60 | drawdown 0.29% | today +0.16% | halted: False
Market regime: NEUTRAL (position-size multiplier: 100% incl. circuit breaker 100%)
News: fetched 157, 2 new after dedup, 0 ticker(s) matched.
Quant pre-screen: 54/67 candidates passed.
Gemini proposed 3 trade(s) meeting the conviction bar.
Gemini calls used today (all models combined): 360
Market closed (overnight): queued 12 trade idea(s) for next-morning verification -- nothing submitted yet.
  -> queued TYL buy (conf 90, stop 310.0, tp 355.00000000000006)
  -> queued TTWO buy (conf 88, stop 235.0, tp 268.0)
  -> queued TDY buy (conf 85, stop 660.0, tp 715.0)
  -> queued HBAN buy (conf 80, stop 17.2, tp 18.9)
  -> queued IVZ buy (conf None, stop 29.7, tp 32.65)
  -> queued TEL buy (conf None, stop 200.81, tp 221.8)
  -> queued TPR buy (conf None, stop 126.59, tp 164.76)
  -> queued TRMB buy (conf None, stop 54.75, tp 61.75)
  -> queued CPRT buy (conf None, stop 28.555, tp 31.735)
  -> queued GILD buy (conf None, stop 129.03, tp 138.41)
  -> queued HAL buy (conf None, stop 31.2, tp 34.565)
  -> queued HLT buy (conf None, stop 310.57, tp 328.46)
Dashboard watchlist synced (17 symbols) for news/headlines.
Ending portfolio value: $99,411.20
Trade journal: no closed trades yet
Performance: Total return -0.42% | Max drawdown 12.37% | Daily Sharpe 0.27 | Open positions: 14 | Equity $99,418.10
Timings: account: 0.0s | risk: 5.2s | decide: 5.8s | watchlist: 0.2s | perf: 0.3s

=== Run at 2026-08-14T20:14:34.908184 ===
Current time: 2026-08-14 04:14 PM EDT | Market open (per Alpaca): False | Session: CLOSED
Account value: $99,412.00
Cash: $2,352.38 | Holdings (14): {'CEG': '35.6034 sh (+1.36%)', 'CHD': '97.9637 sh (+0.01%)', 'COHR': '7.9896 sh (-4.90%)', 'CVX': '24.8836 sh (+1.18%)', 'GEHC': '0.6136 sh (-0.28%)', 'IVZ': '306.9138 sh (+1.21%)', 'LMT': '16.3555 sh (+0.32%)', 'MS': '43.8344 sh (-1.63%)', 'MSI': '21.1281 sh (-0.69%)', 'NUE': '36.5544 sh (-1.52%)', 'NVDA': '44.2888 sh (+0.39%)', 'NWS': '303.7199 sh (+1.75%)', 'STLD': '0.9216 sh (-2.54%)', 'WSM': '0.1026 sh (-1.61%)'}
Risk state: peak $99,703.60 | drawdown 0.29% | today +0.16% | halted: False
Market regime: NEUTRAL (position-size multiplier: 100% incl. circuit breaker 100%)
News: fetched 158, 3 new after dedup, 2 ticker(s) matched.
Quant pre-screen: 20/21 candidates passed.
Gemini proposed 2 trade(s) meeting the conviction bar.
Gemini calls used today (all models combined): 361
Market closed (overnight): queued 12 trade idea(s) for next-morning verification -- nothing submitted yet.
  -> queued TYL buy (conf 90, stop 310.0, tp 355.00000000000006)
  -> queued TTWO buy (conf 85, stop 235.0, tp 260.0)
  -> queued TDY buy (conf 85, stop 660.0, tp 715.0)
  -> queued HBAN buy (conf 80, stop 17.2, tp 18.9)
  -> queued WFC buy (conf 80, stop 86.06, tp 92.0)
  -> queued IVZ buy (conf None, stop 29.7, tp 32.65)
  -> queued TEL buy (conf None, stop 200.81, tp 221.8)
  -> queued TPR buy (conf None, stop 126.59, tp 164.76)
  -> queued TRMB buy (conf None, stop 54.75, tp 61.75)
  -> queued CPRT buy (conf None, stop 28.555, tp 31.735)
  -> queued GILD buy (conf None, stop 129.03, tp 138.41)
  -> queued HAL buy (conf None, stop 31.2, tp 34.565)
Dashboard watchlist synced (18 symbols) for news/headlines.
Ending portfolio value: $99,411.50
Trade journal: no closed trades yet
Performance: Total return -0.42% | Max drawdown 12.37% | Daily Sharpe 0.27 | Open positions: 14 | Equity $99,412.00
Timings: account: 0.0s | risk: 3.2s | decide: 7.1s | watchlist: 0.1s | perf: 0.1s

=== Run at 2026-08-14T20:16:29.067226 ===
Current time: 2026-08-14 04:16 PM EDT | Market open (per Alpaca): False | Session: CLOSED
Account value: $99,411.12
Cash: $2,352.38 | Holdings (14): {'CEG': '35.6034 sh (+1.36%)', 'CHD': '97.9637 sh (+0.01%)', 'COHR': '7.9896 sh (-4.90%)', 'CVX': '24.8836 sh (+1.18%)', 'GEHC': '0.6136 sh (-0.28%)', 'IVZ': '306.9138 sh (+1.21%)', 'LMT': '16.3555 sh (+0.32%)', 'MS': '43.8344 sh (-1.63%)', 'MSI': '21.1281 sh (-0.69%)', 'NUE': '36.5544 sh (-1.52%)', 'NVDA': '44.2888 sh (+0.38%)', 'NWS': '303.7199 sh (+1.75%)', 'STLD': '0.9216 sh (-2.54%)', 'WSM': '0.1026 sh (-1.61%)'}
Risk state: peak $99,703.60 | drawdown 0.29% | today +0.16% | halted: False
Market regime: NEUTRAL (position-size multiplier: 100% incl. circuit breaker 100%)
News: fetched 157, 4 new after dedup, 4 ticker(s) matched.
Quant pre-screen: 22/24 candidates passed.
Gemini proposed 1 trade(s) meeting the conviction bar.
Gemini calls used today (all models combined): 362
Market closed (overnight): queued 12 trade idea(s) for next-morning verification -- nothing submitted yet.
  -> queued TYL buy (conf 90, stop 310.0, tp 355.00000000000006)
  -> queued TTWO buy (conf 85, stop 235.0, tp 260.0)
  -> queued TDY buy (conf 85, stop 660.0, tp 715.0)
  -> queued HBAN buy (conf 80, stop 17.2, tp 18.9)
  -> queued WFC buy (conf 80, stop 86.06, tp 92.0)
  -> queued IVZ buy (conf None, stop 29.7, tp 32.65)
  -> queued TEL buy (conf None, stop 200.81, tp 221.8)
  -> queued TPR buy (conf None, stop 126.59, tp 164.76)
  -> queued TRMB buy (conf None, stop 54.75, tp 61.75)
  -> queued CPRT buy (conf 84, stop 29.5, tp 33.5)
  -> queued GILD buy (conf None, stop 129.03, tp 138.41)
  -> queued HAL buy (conf None, stop 31.2, tp 34.565)
Dashboard watchlist synced (19 symbols) for news/headlines.
Ending portfolio value: $99,411.12
Trade journal: no closed trades yet
Performance: Total return -0.42% | Max drawdown 12.37% | Daily Sharpe 0.27 | Open positions: 14 | Equity $99,411.12
Timings: account: 0.0s | risk: 4.0s | decide: 10.3s | watchlist: 0.1s | perf: 0.2s

=== Run at 2026-08-14T20:18:32.164584 ===
Current time: 2026-08-14 04:18 PM EDT | Market open (per Alpaca): False | Session: CLOSED
Account value: $99,409.98
Cash: $2,352.38 | Holdings (14): {'CEG': '35.6034 sh (+1.36%)', 'CHD': '97.9637 sh (+0.01%)', 'COHR': '7.9896 sh (-4.86%)', 'CVX': '24.8836 sh (+1.11%)', 'GEHC': '0.6136 sh (-0.28%)', 'IVZ': '306.9138 sh (+1.21%)', 'LMT': '16.3555 sh (+0.32%)', 'MS': '43.8344 sh (-1.61%)', 'MSI': '21.1281 sh (-0.69%)', 'NUE': '36.5544 sh (-1.52%)', 'NVDA': '44.2888 sh (+0.38%)', 'NWS': '303.7199 sh (+1.75%)', 'STLD': '0.9216 sh (-2.54%)', 'WSM': '0.1026 sh (-1.61%)'}
Risk state: peak $99,703.60 | drawdown 0.29% | today +0.16% | halted: False
Market regime: NEUTRAL (position-size multiplier: 100% incl. circuit breaker 100%)
News: fetched 157, 1 new after dedup, 0 ticker(s) matched.
Quant pre-screen: 54/67 candidates passed.
Technical fallback (Gemini throttled/unavailable) proposed 58 trade(s) meeting the conviction bar.
Gemini calls used today (all models combined): 362
Market closed (overnight): queued 12 trade idea(s) for next-morning verification -- nothing submitted yet.
  -> queued TTWO buy (conf None, stop 228.4, tp 256.285)
  -> queued TDY buy (conf None, stop 654.41, tp 697.61)
  -> queued WFC buy (conf 80, stop 86.06, tp 92.0)
  -> queued HBAN buy (conf None, stop 17.095, tp 18.03)
  -> queued IVZ buy (conf None, stop 29.7, tp 32.65)
  -> queued TEL buy (conf None, stop 200.81, tp 221.8)
  -> queued TPR buy (conf None, stop 126.59, tp 164.76)
  -> queued TRMB buy (conf None, stop 54.75, tp 61.75)
  -> queued CPRT buy (conf None, stop 28.555, tp 31.735)
  -> queued GILD buy (conf None, stop 129.03, tp 138.41)
  -> queued HAL buy (conf None, stop 31.2, tp 34.565)
  -> queued HLT buy (conf None, stop 310.57, tp 328.46)
Dashboard watchlist synced (60 symbols) for news/headlines.
Ending portfolio value: $99,410.42
Trade journal: no closed trades yet
Performance: Total return -0.42% | Max drawdown 12.37% | Daily Sharpe 0.27 | Open positions: 14 | Equity $99,409.98
Timings: account: 0.0s | risk: 5.1s | decide: 22.8s | watchlist: 0.2s | perf: 0.2s

=== Run at 2026-08-14T20:20:30.730769 ===
Current time: 2026-08-14 04:20 PM EDT | Market open (per Alpaca): False | Session: CLOSED
Account value: $99,410.19
Cash: $2,352.38 | Holdings (14): {'CEG': '35.6034 sh (+1.36%)', 'CHD': '97.9637 sh (+0.01%)', 'COHR': '7.9896 sh (-4.86%)', 'CVX': '24.8836 sh (+1.11%)', 'GEHC': '0.6136 sh (-0.28%)', 'IVZ': '306.9138 sh (+1.21%)', 'LMT': '16.3555 sh (+0.32%)', 'MS': '43.8344 sh (-1.61%)', 'MSI': '21.1281 sh (-0.69%)', 'NUE': '36.5544 sh (-1.52%)', 'NVDA': '44.2888 sh (+0.38%)', 'NWS': '303.7199 sh (+1.75%)', 'STLD': '0.9216 sh (-2.54%)', 'WSM': '0.1026 sh (-1.61%)'}
Risk state: peak $99,703.60 | drawdown 0.29% | today +0.16% | halted: False
Market regime: NEUTRAL (position-size multiplier: 100% incl. circuit breaker 100%)
News: fetched 158, 2 new after dedup, 0 ticker(s) matched.
Quant pre-screen: 54/67 candidates passed.
Gemini proposed 3 trade(s) meeting the conviction bar.
Gemini calls used today (all models combined): 363
Market closed (overnight): queued 12 trade idea(s) for next-morning verification -- nothing submitted yet.
  -> queued TTWO buy (conf 85, stop 235.0, tp 265.00000000000006)
  -> queued TDY buy (conf 80, stop 650.0, tp 697.6099999999999)
  -> queued WFC buy (conf 80, stop 86.06, tp 92.0)
  -> queued HBAN buy (conf 85, stop 17.2, tp 19.450000000000003)
  -> queued IVZ buy (conf None, stop 29.7, tp 32.65)
  -> queued TEL buy (conf None, stop 200.81, tp 221.8)
  -> queued TPR buy (conf None, stop 126.59, tp 164.76)
  -> queued TRMB buy (conf None, stop 54.75, tp 61.75)
  -> queued CPRT buy (conf None, stop 28.555, tp 31.735)
  -> queued GILD buy (conf None, stop 129.03, tp 138.41)
  -> queued HAL buy (conf None, stop 31.2, tp 34.565)
  -> queued HLT buy (conf None, stop 310.57, tp 328.46)
Dashboard watchlist synced (17 symbols) for news/headlines.
Ending portfolio value: $99,410.19
Trade journal: no closed trades yet
Performance: Total return -0.42% | Max drawdown 12.37% | Daily Sharpe 0.27 | Open positions: 14 | Equity $99,410.19
Timings: account: 0.0s | risk: 6.2s | decide: 5.2s | watchlist: 0.1s | perf: 0.2s

=== Run at 2026-08-14T20:22:55.730477 ===
Current time: 2026-08-14 04:22 PM EDT | Market open (per Alpaca): False | Session: CLOSED
Account value: $99,408.73
Cash: $2,352.38 | Holdings (14): {'CEG': '35.6034 sh (+1.36%)', 'CHD': '97.9637 sh (+0.01%)', 'COHR': '7.9896 sh (-4.91%)', 'CVX': '24.8836 sh (+1.11%)', 'GEHC': '0.6136 sh (-0.28%)', 'IVZ': '306.9138 sh (+1.21%)', 'LMT': '16.3555 sh (+0.32%)', 'MS': '43.8344 sh (-1.61%)', 'MSI': '21.1281 sh (-0.69%)', 'NUE': '36.5544 sh (-1.52%)', 'NVDA': '44.2888 sh (+0.38%)', 'NWS': '303.7199 sh (+1.75%)', 'STLD': '0.9216 sh (-2.54%)', 'WSM': '0.1026 sh (-1.61%)'}
Risk state: peak $99,703.60 | drawdown 0.30% | today +0.16% | halted: False
Market regime: NEUTRAL (position-size multiplier: 100% incl. circuit breaker 100%)
News: fetched 157, 1 new after dedup, 0 ticker(s) matched.
Quant pre-screen: 54/67 candidates passed.
Gemini proposed 2 trade(s) meeting the conviction bar.
Gemini calls used today (all models combined): 364
Market closed (overnight): queued 12 trade idea(s) for next-morning verification -- nothing submitted yet.
  -> queued TYL buy (conf 92, stop 315.0, tp 355.0)
  -> queued TTWO buy (conf 90, stop 235.0, tp 265.0)
  -> queued HBAN buy (conf 85, stop 17.2, tp 19.450000000000003)
  -> queued TDY buy (conf 80, stop 650.0, tp 697.6099999999999)
  -> queued WFC buy (conf 80, stop 86.06, tp 92.0)
=== Run at 2026-08-14T20:22:03.052212 ===
Current time: 2026-08-14 04:22 PM EDT | Market open (per Alpaca): False | Session: CLOSED
Account value: $99,412.13
Cash: $2,352.38 | Holdings (14): {'CEG': '35.6034 sh (+1.36%)', 'CHD': '97.9637 sh (+0.01%)', 'COHR': '7.9896 sh (-4.78%)', 'CVX': '24.8836 sh (+1.11%)', 'GEHC': '0.6136 sh (-0.28%)', 'IVZ': '306.9138 sh (+1.21%)', 'LMT': '16.3555 sh (+0.32%)', 'MS': '43.8344 sh (-1.61%)', 'MSI': '21.1281 sh (-0.69%)', 'NUE': '36.5544 sh (-1.52%)', 'NVDA': '44.2888 sh (+0.38%)', 'NWS': '303.7199 sh (+1.75%)', 'STLD': '0.9216 sh (-2.54%)', 'WSM': '0.1026 sh (-1.61%)'}
Risk state: peak $99,703.60 | drawdown 0.29% | today +0.16% | halted: False
Market regime: NEUTRAL (position-size multiplier: 100% incl. circuit breaker 100%)
News: fetched 158, 0 new after dedup, 0 ticker(s) matched.
Quant pre-screen: 54/67 candidates passed.
Technical fallback (Gemini throttled/unavailable) proposed 58 trade(s) meeting the conviction bar.
Gemini calls used today (all models combined): 363
Market closed (overnight): queued 12 trade idea(s) for next-morning verification -- nothing submitted yet.
  -> queued TTWO buy (conf None, stop 228.4, tp 256.285)
  -> queued TDY buy (conf None, stop 654.41, tp 697.61)
  -> queued WFC buy (conf 80, stop 86.06, tp 92.0)
  -> queued HBAN buy (conf None, stop 17.095, tp 18.03)
  -> queued IVZ buy (conf None, stop 29.7, tp 32.65)
  -> queued TEL buy (conf None, stop 200.81, tp 221.8)
  -> queued TPR buy (conf None, stop 126.59, tp 164.76)
  -> queued TRMB buy (conf None, stop 54.75, tp 61.75)
  -> queued CPRT buy (conf None, stop 28.555, tp 31.735)
  -> queued GILD buy (conf None, stop 129.03, tp 138.41)
  -> queued HAL buy (conf None, stop 31.2, tp 34.565)
Dashboard watchlist synced (16 symbols) for news/headlines.
Ending portfolio value: $99,411.01
Trade journal: no closed trades yet
Performance: Total return -0.42% | Max drawdown 12.37% | Daily Sharpe 0.27 | Open positions: 14 | Equity $99,408.73
Timings: account: 0.0s | risk: 5.5s | decide: 6.8s | watchlist: 3.2s | perf: 0.2s
  -> queued HLT buy (conf None, stop 310.57, tp 328.46)
Dashboard watchlist synced (60 symbols) for news/headlines.
Ending portfolio value: $99,409.14
Trade journal: no closed trades yet
Performance: Total return -0.42% | Max drawdown 12.37% | Daily Sharpe 0.27 | Open positions: 14 | Equity $99,412.13
Timings: account: 0.0s | risk: 4.6s | decide: 23.0s | watchlist: 0.1s | perf: 0.1s

=== Run at 2026-08-14T20:24:31.162022 ===
Current time: 2026-08-14 04:24 PM EDT | Market open (per Alpaca): False | Session: CLOSED
Account value: $99,375.74
Cash: $2,352.38 | Holdings (14): {'CEG': '35.6034 sh (+1.36%)', 'CHD': '97.9637 sh (+0.01%)', 'COHR': '7.9896 sh (-4.76%)', 'CVX': '24.8836 sh (+1.11%)', 'GEHC': '0.6136 sh (-0.28%)', 'IVZ': '306.9138 sh (+1.21%)', 'LMT': '16.3555 sh (+0.32%)', 'MS': '43.8344 sh (-1.61%)', 'MSI': '21.1281 sh (-1.01%)', 'NUE': '36.5544 sh (-1.52%)', 'NVDA': '44.2888 sh (+0.32%)', 'NWS': '303.7199 sh (+1.75%)', 'STLD': '0.9216 sh (-2.54%)', 'WSM': '0.1026 sh (-1.61%)'}
Risk state: peak $99,703.60 | drawdown 0.33% | today +0.12% | halted: False
Market regime: NEUTRAL (position-size multiplier: 100% incl. circuit breaker 100%)
News: fetched 158, 1 new after dedup, 0 ticker(s) matched.
Quant pre-screen: 54/67 candidates passed.
Technical fallback (Gemini throttled/unavailable) proposed 58 trade(s) meeting the conviction bar.
Gemini calls used today (all models combined): 364
Market closed (overnight): queued 12 trade idea(s) for next-morning verification -- nothing submitted yet.
  -> queued TTWO buy (conf None, stop 228.4, tp 256.285)
  -> queued TDY buy (conf None, stop 654.41, tp 697.61)
  -> queued WFC buy (conf 80, stop 86.06, tp 92.0)
  -> queued HBAN buy (conf None, stop 17.095, tp 18.03)
  -> queued IVZ buy (conf None, stop 29.7, tp 32.65)
  -> queued TEL buy (conf None, stop 200.81, tp 221.8)
  -> queued TPR buy (conf None, stop 126.59, tp 164.76)
  -> queued TRMB buy (conf None, stop 54.75, tp 61.75)
  -> queued CPRT buy (conf None, stop 28.555, tp 31.735)
  -> queued GILD buy (conf None, stop 129.03, tp 138.41)
  -> queued HAL buy (conf None, stop 31.2, tp 34.565)
  -> queued HLT buy (conf None, stop 310.57, tp 328.46)
Run budget spent -- skipping dashboard watchlist sync.
Run budget spent -- skipping performance snapshot.
Trade journal: no closed trades yet
Performance: Total return -0.42% | Max drawdown 12.37% | Daily Sharpe 0.27 | Open positions: 14 | Equity $99,375.74
Timings: account: 0.0s | risk: 6.2s | decide: 23.2s | watchlist: 0.0s | perf: 0.0s

=== Run at 2026-08-14T20:26:31.147139 ===
Current time: 2026-08-14 04:26 PM EDT | Market open (per Alpaca): False | Session: CLOSED
Account value: $99,372.54
Cash: $2,352.38 | Holdings (14): {'CEG': '35.6034 sh (+1.36%)', 'CHD': '97.9637 sh (+0.01%)', 'COHR': '7.9896 sh (-4.93%)', 'CVX': '24.8836 sh (+1.11%)', 'GEHC': '0.6136 sh (-0.28%)', 'IVZ': '306.9138 sh (+1.21%)', 'LMT': '16.3555 sh (+0.32%)', 'MS': '43.8344 sh (-1.61%)', 'MSI': '21.1281 sh (-1.01%)', 'NUE': '36.5544 sh (-1.52%)', 'NVDA': '44.2888 sh (+0.34%)', 'NWS': '303.7199 sh (+1.75%)', 'STLD': '0.9216 sh (-2.54%)', 'WSM': '0.1026 sh (-1.61%)'}
Risk state: peak $99,703.60 | drawdown 0.33% | today +0.12% | halted: False
Market regime: NEUTRAL (position-size multiplier: 100% incl. circuit breaker 100%)
News: fetched 156, 0 new after dedup, 0 ticker(s) matched.
Quant pre-screen: 54/67 candidates passed.
Technical fallback (Gemini throttled/unavailable) proposed 58 trade(s) meeting the conviction bar.
Gemini calls used today (all models combined): 364
Market closed (overnight): queued 12 trade idea(s) for next-morning verification -- nothing submitted yet.
  -> queued TTWO buy (conf None, stop 228.4, tp 256.285)
  -> queued TDY buy (conf None, stop 654.41, tp 697.61)
  -> queued WFC buy (conf 80, stop 86.06, tp 92.0)
  -> queued HBAN buy (conf None, stop 17.095, tp 18.03)
  -> queued IVZ buy (conf None, stop 29.7, tp 32.65)
  -> queued TEL buy (conf None, stop 200.81, tp 221.8)
  -> queued TPR buy (conf None, stop 126.59, tp 164.76)
  -> queued TRMB buy (conf None, stop 54.75, tp 61.75)
  -> queued CPRT buy (conf None, stop 28.555, tp 31.735)
  -> queued GILD buy (conf None, stop 129.03, tp 138.41)
  -> queued HAL buy (conf None, stop 31.2, tp 34.565)
  -> queued HLT buy (conf None, stop 310.57, tp 328.46)
Dashboard watchlist synced (60 symbols) for news/headlines.
Ending portfolio value: $99,371.65
Trade journal: no closed trades yet
Performance: Total return -0.46% | Max drawdown 12.37% | Daily Sharpe 0.26 | Open positions: 14 | Equity $99,372.54
Timings: account: 0.0s | risk: 5.5s | decide: 23.3s | watchlist: 0.2s | perf: 0.3s

=== Run at 2026-08-14T20:28:23.831174 ===
Current time: 2026-08-14 04:28 PM EDT | Market open (per Alpaca): False | Session: CLOSED
Account value: $99,372.09
Cash: $2,352.38 | Holdings (14): {'CEG': '35.6034 sh (+1.36%)', 'CHD': '97.9637 sh (+0.01%)', 'COHR': '7.9896 sh (-4.93%)', 'CVX': '24.8836 sh (+1.11%)', 'GEHC': '0.6136 sh (-0.28%)', 'IVZ': '306.9138 sh (+1.21%)', 'LMT': '16.3555 sh (+0.32%)', 'MS': '43.8344 sh (-1.61%)', 'MSI': '21.1281 sh (-1.01%)', 'NUE': '36.5544 sh (-1.52%)', 'NVDA': '44.2888 sh (+0.34%)', 'NWS': '303.7199 sh (+1.75%)', 'STLD': '0.9216 sh (-2.54%)', 'WSM': '0.1026 sh (-1.61%)'}
Risk state: peak $99,703.60 | drawdown 0.33% | today +0.12% | halted: False
Market regime: NEUTRAL (position-size multiplier: 100% incl. circuit breaker 100%)
News: fetched 156, 0 new after dedup, 0 ticker(s) matched.
Quant pre-screen: 54/67 candidates passed.
Gemini proposed 3 trade(s) meeting the conviction bar.
Gemini calls used today (all models combined): 365
Market closed (overnight): queued 12 trade idea(s) for next-morning verification -- nothing submitted yet.
  -> queued TYL buy (conf 90, stop 300.28, tp 360.00000000000006)
  -> queued TDY buy (conf None, stop 654.41, tp 697.61)
  -> queued TTWO buy (conf 85, stop 228.4, tp 265.49)
  -> queued WFC buy (conf 80, stop 86.06, tp 92.0)
  -> queued HBAN buy (conf 80, stop 17.09, tp 19.45)
  -> queued IVZ buy (conf None, stop 29.7, tp 32.65)
  -> queued TEL buy (conf None, stop 200.81, tp 221.8)
  -> queued TPR buy (conf None, stop 126.59, tp 164.76)
  -> queued TRMB buy (conf None, stop 54.75, tp 61.75)
  -> queued CPRT buy (conf None, stop 28.555, tp 31.735)
  -> queued GILD buy (conf None, stop 129.03, tp 138.41)
  -> queued HAL buy (conf None, stop 31.2, tp 34.565)
Dashboard watchlist synced (17 symbols) for news/headlines.
Ending portfolio value: $99,369.98
Trade journal: no closed trades yet
Performance: Total return -0.46% | Max drawdown 12.37% | Daily Sharpe 0.26 | Open positions: 14 | Equity $99,372.09
Timings: account: 0.0s | risk: 2.4s | decide: 26.0s | watchlist: 0.0s | perf: 0.1s

=== Run at 2026-08-14T20:30:33.988113 ===
Current time: 2026-08-14 04:30 PM EDT | Market open (per Alpaca): False | Session: CLOSED
Account value: $99,357.24
Cash: $2,352.38 | Holdings (14): {'CEG': '35.6034 sh (+1.36%)', 'CHD': '97.9637 sh (+0.01%)', 'COHR': '7.9896 sh (-4.93%)', 'CVX': '24.8836 sh (+1.11%)', 'GEHC': '0.6136 sh (-0.28%)', 'IVZ': '306.9138 sh (+1.21%)', 'LMT': '16.3555 sh (+0.32%)', 'MS': '43.8344 sh (-1.74%)', 'MSI': '21.1281 sh (-1.01%)', 'NUE': '36.5544 sh (-1.52%)', 'NVDA': '44.2888 sh (+0.31%)', 'NWS': '303.7199 sh (+1.75%)', 'STLD': '0.9216 sh (-2.54%)', 'WSM': '0.1026 sh (-1.61%)'}
Risk state: peak $99,703.60 | drawdown 0.35% | today +0.10% | halted: False
Market regime: NEUTRAL (position-size multiplier: 100% incl. circuit breaker 100%)
News: fetched 158, 0 new after dedup, 0 ticker(s) matched.
Quant pre-screen: 54/67 candidates passed.
Gemini proposed 2 trade(s) meeting the conviction bar.
Gemini calls used today (all models combined): 366
Market closed (overnight): queued 12 trade idea(s) for next-morning verification -- nothing submitted yet.
  -> queued TYL buy (conf 90, stop 300.28, tp 360.00000000000006)
  -> queued TDY buy (conf None, stop 654.41, tp 697.61)
  -> queued TTWO buy (conf 85, stop 235.0, tp 265.00000000000006)
  -> queued WFC buy (conf 80, stop 86.06, tp 92.0)
  -> queued HBAN buy (conf 80, stop 17.2, tp 19.310000000000002)
  -> queued IVZ buy (conf None, stop 29.7, tp 32.65)
  -> queued TEL buy (conf None, stop 200.81, tp 221.8)
  -> queued TPR buy (conf None, stop 126.59, tp 164.76)
  -> queued TRMB buy (conf None, stop 54.75, tp 61.75)
  -> queued CPRT buy (conf None, stop 28.555, tp 31.735)
  -> queued GILD buy (conf None, stop 129.03, tp 138.41)
  -> queued HAL buy (conf None, stop 31.2, tp 34.565)
Dashboard watchlist synced (16 symbols) for news/headlines.
Ending portfolio value: $99,360.24
Trade journal: no closed trades yet
Performance: Total return -0.47% | Max drawdown 12.37% | Daily Sharpe 0.26 | Open positions: 14 | Equity $99,357.24
Timings: account: 0.0s | risk: 7.4s | decide: 5.7s | watchlist: 0.1s | perf: 0.3s

=== Run at 2026-08-14T20:32:29.247339 ===
Current time: 2026-08-14 04:32 PM EDT | Market open (per Alpaca): False | Session: CLOSED
Account value: $99,364.94
Cash: $2,352.38 | Holdings (14): {'CEG': '35.6034 sh (+1.36%)', 'CHD': '97.9637 sh (+0.01%)', 'COHR': '7.9896 sh (-4.88%)', 'CVX': '24.8836 sh (+1.17%)', 'GEHC': '0.6136 sh (-0.28%)', 'IVZ': '306.9138 sh (+1.21%)', 'LMT': '16.3555 sh (+0.32%)', 'MS': '43.8344 sh (-1.74%)', 'MSI': '21.1281 sh (-1.01%)', 'NUE': '36.5544 sh (-1.52%)', 'NVDA': '44.2888 sh (+0.34%)', 'NWS': '303.7199 sh (+1.75%)', 'STLD': '0.9216 sh (-2.54%)', 'WSM': '0.1026 sh (-1.61%)'}
Risk state: peak $99,703.60 | drawdown 0.34% | today +0.11% | halted: False
Market regime: NEUTRAL (position-size multiplier: 100% incl. circuit breaker 100%)
News: fetched 156, 2 new after dedup, 6 ticker(s) matched.
Quant pre-screen: 22/25 candidates passed.
Gemini proposed 2 trade(s) meeting the conviction bar.
Gemini calls used today (all models combined): 367
Market closed (overnight): queued 12 trade idea(s) for next-morning verification -- nothing submitted yet.
  -> queued TYL buy (conf 90, stop 300.28, tp 360.00000000000006)
  -> queued IT buy (conf 90, stop 171.5, tp 199.50000000000003)
  -> queued TDY buy (conf None, stop 654.41, tp 697.61)
  -> queued TTWO buy (conf 85, stop 235.0, tp 265.00000000000006)
  -> queued HAS buy (conf 85, stop 94.33, tp 101.57000000000001)
  -> queued WFC buy (conf 80, stop 86.06, tp 92.0)
  -> queued HBAN buy (conf 80, stop 17.2, tp 19.310000000000002)
  -> queued IVZ buy (conf None, stop 29.7, tp 32.65)
  -> queued TEL buy (conf None, stop 200.81, tp 221.8)
  -> queued TPR buy (conf None, stop 126.59, tp 164.76)
  -> queued TRMB buy (conf None, stop 54.75, tp 61.75)
  -> queued CPRT buy (conf None, stop 28.555, tp 31.735)
Dashboard watchlist synced (20 symbols) for news/headlines.
Ending portfolio value: $99,365.83
Trade journal: no closed trades yet
Performance: Total return -0.47% | Max drawdown 12.37% | Daily Sharpe 0.26 | Open positions: 14 | Equity $99,364.94
Timings: account: 0.0s | risk: 6.1s | decide: 10.9s | watchlist: 0.2s | perf: 0.3s

=== Run at 2026-08-14T20:34:25.544670 ===
Current time: 2026-08-14 04:34 PM EDT | Market open (per Alpaca): False | Session: CLOSED
Account value: $99,347.74
Cash: $2,352.38 | Holdings (14): {'CEG': '35.6034 sh (+1.36%)', 'CHD': '97.9637 sh (+0.01%)', 'COHR': '7.9896 sh (-4.88%)', 'CVX': '24.8836 sh (+1.17%)', 'GEHC': '0.6136 sh (-0.28%)', 'IVZ': '306.9138 sh (+1.21%)', 'LMT': '16.3555 sh (+0.12%)', 'MS': '43.8344 sh (-1.74%)', 'MSI': '21.1281 sh (-1.01%)', 'NUE': '36.5544 sh (-1.52%)', 'NVDA': '44.2888 sh (+0.36%)', 'NWS': '303.7199 sh (+1.75%)', 'STLD': '0.9216 sh (-2.54%)', 'WSM': '0.1026 sh (-1.61%)'}
Risk state: peak $99,703.60 | drawdown 0.36% | today +0.09% | halted: False
Market regime: NEUTRAL (position-size multiplier: 100% incl. circuit breaker 100%)
News: fetched 156, 0 new after dedup, 0 ticker(s) matched.
Quant pre-screen: 54/67 candidates passed.
Technical fallback (Gemini throttled/unavailable) proposed 58 trade(s) meeting the conviction bar.
Gemini calls used today (all models combined): 367
Market closed (overnight): queued 12 trade idea(s) for next-morning verification -- nothing submitted yet.
  -> queued TDY buy (conf None, stop 654.41, tp 697.61)
  -> queued TTWO buy (conf None, stop 228.4, tp 256.285)
  -> queued WFC buy (conf 80, stop 86.06, tp 92.0)
  -> queued HBAN buy (conf None, stop 17.095, tp 18.03)
  -> queued IVZ buy (conf None, stop 29.7, tp 32.65)
  -> queued TEL buy (conf None, stop 200.81, tp 221.8)
  -> queued TPR buy (conf None, stop 126.59, tp 164.76)
  -> queued TRMB buy (conf None, stop 54.75, tp 61.75)
  -> queued CPRT buy (conf None, stop 28.555, tp 31.735)
  -> queued GILD buy (conf None, stop 129.03, tp 138.41)
  -> queued HAL buy (conf None, stop 31.2, tp 34.565)
  -> queued HLT buy (conf None, stop 310.57, tp 328.46)
Run budget spent -- skipping dashboard watchlist sync.
Run budget spent -- skipping performance snapshot.
Trade journal: no closed trades yet
Performance: Total return -0.47% | Max drawdown 12.37% | Daily Sharpe 0.26 | Open positions: 14 | Equity $99,347.74
Timings: account: 0.0s | risk: 4.9s | decide: 25.0s | watchlist: 0.0s | perf: 0.0s

=== Run at 2026-08-14T20:36:24.996991 ===
Current time: 2026-08-14 04:36 PM EDT | Market open (per Alpaca): False | Session: CLOSED
Account value: $99,347.51
Cash: $2,352.38 | Holdings (14): {'CEG': '35.6034 sh (+1.36%)', 'CHD': '97.9637 sh (+0.01%)', 'COHR': '7.9896 sh (-4.88%)', 'CVX': '24.8836 sh (+1.14%)', 'GEHC': '0.6136 sh (-0.28%)', 'IVZ': '306.9138 sh (+1.21%)', 'LMT': '16.3555 sh (+0.12%)', 'MS': '43.8344 sh (-1.74%)', 'MSI': '21.1281 sh (-1.01%)', 'NUE': '36.5544 sh (-1.52%)', 'NVDA': '44.2888 sh (+0.37%)', 'NWS': '303.7199 sh (+1.75%)', 'STLD': '0.9216 sh (-2.54%)', 'WSM': '0.1026 sh (-1.61%)'}
Risk state: peak $99,703.60 | drawdown 0.36% | today +0.09% | halted: False
Market regime: NEUTRAL (position-size multiplier: 100% incl. circuit breaker 100%)
News: fetched 158, 1 new after dedup, 0 ticker(s) matched.
Quant pre-screen: 54/67 candidates passed.
Gemini proposed 2 trade(s) meeting the conviction bar.
Gemini calls used today (all models combined): 368
Market closed (overnight): queued 12 trade idea(s) for next-morning verification -- nothing submitted yet.
  -> queued TYL buy (conf 91, stop 315.0, tp 355.0)
  -> queued TTWO buy (conf 88, stop 232.0, tp 268.0)
  -> queued TDY buy (conf None, stop 654.41, tp 697.61)
  -> queued WFC buy (conf 80, stop 86.06, tp 92.0)
  -> queued HBAN buy (conf None, stop 17.095, tp 18.03)
  -> queued IVZ buy (conf None, stop 29.7, tp 32.65)
  -> queued TEL buy (conf None, stop 200.81, tp 221.8)
  -> queued TPR buy (conf None, stop 126.59, tp 164.76)
  -> queued TRMB buy (conf None, stop 54.75, tp 61.75)
  -> queued CPRT buy (conf None, stop 28.555, tp 31.735)
  -> queued GILD buy (conf None, stop 129.03, tp 138.41)
  -> queued HAL buy (conf None, stop 31.2, tp 34.565)
Dashboard watchlist synced (16 symbols) for news/headlines.
Ending portfolio value: $99,347.41
Trade journal: no closed trades yet
Performance: Total return -0.49% | Max drawdown 12.37% | Daily Sharpe 0.26 | Open positions: 14 | Equity $99,347.51
Timings: account: 0.0s | risk: 2.1s | decide: 2.8s | watchlist: 0.0s | perf: 0.1s

=== Run at 2026-08-14T20:38:28.470856 ===
Current time: 2026-08-14 04:38 PM EDT | Market open (per Alpaca): False | Session: CLOSED
Account value: $99,341.71
Cash: $2,352.38 | Holdings (14): {'CEG': '35.6034 sh (+1.20%)', 'CHD': '97.9637 sh (+0.01%)', 'COHR': '7.9896 sh (-4.59%)', 'CVX': '24.8836 sh (+1.16%)', 'GEHC': '0.6136 sh (-0.28%)', 'IVZ': '306.9138 sh (+1.21%)', 'LMT': '16.3555 sh (+0.12%)', 'MS': '43.8344 sh (-1.74%)', 'MSI': '21.1281 sh (-1.01%)', 'NUE': '36.5544 sh (-1.52%)', 'NVDA': '44.2888 sh (+0.39%)', 'NWS': '303.7199 sh (+1.75%)', 'STLD': '0.9216 sh (-2.54%)', 'WSM': '0.1026 sh (-1.61%)'}
Risk state: peak $99,703.60 | drawdown 0.36% | today +0.09% | halted: False
Market regime: NEUTRAL (position-size multiplier: 100% incl. circuit breaker 100%)
News: fetched 158, 1 new after dedup, 0 ticker(s) matched.
Quant pre-screen: 54/67 candidates passed.
Technical fallback (Gemini throttled/unavailable) proposed 58 trade(s) meeting the conviction bar.
Gemini calls used today (all models combined): 368
Market closed (overnight): queued 12 trade idea(s) for next-morning verification -- nothing submitted yet.
  -> queued TTWO buy (conf None, stop 228.4, tp 256.285)
  -> queued TDY buy (conf None, stop 654.41, tp 697.61)
  -> queued WFC buy (conf 80, stop 86.06, tp 92.0)
  -> queued HBAN buy (conf None, stop 17.095, tp 18.03)
  -> queued IVZ buy (conf None, stop 29.7, tp 32.65)
  -> queued TEL buy (conf None, stop 200.81, tp 221.8)
  -> queued TPR buy (conf None, stop 126.59, tp 164.76)
  -> queued TRMB buy (conf None, stop 54.75, tp 61.75)
  -> queued CPRT buy (conf None, stop 28.555, tp 31.735)
  -> queued GILD buy (conf None, stop 129.03, tp 138.41)
  -> queued HAL buy (conf None, stop 31.2, tp 34.565)
  -> queued HLT buy (conf None, stop 310.57, tp 328.46)
Run budget spent -- skipping dashboard watchlist sync.
Run budget spent -- skipping performance snapshot.
Trade journal: no closed trades yet
Performance: Total return -0.49% | Max drawdown 12.37% | Daily Sharpe 0.26 | Open positions: 14 | Equity $99,341.71
Timings: account: 0.0s | risk: 3.7s | decide: 26.1s | watchlist: 0.0s | perf: 0.0s

=== Run at 2026-08-14T20:40:33.039779 ===
Current time: 2026-08-14 04:40 PM EDT | Market open (per Alpaca): False | Session: CLOSED
Account value: $99,339.94
Cash: $2,352.38 | Holdings (14): {'CEG': '35.6034 sh (+1.20%)', 'CHD': '97.9637 sh (+0.01%)', 'COHR': '7.9896 sh (-4.59%)', 'CVX': '24.8836 sh (+1.16%)', 'GEHC': '0.6136 sh (-0.28%)', 'IVZ': '306.9138 sh (+1.21%)', 'LMT': '16.3555 sh (+0.12%)', 'MS': '43.8344 sh (-1.74%)', 'MSI': '21.1281 sh (-1.01%)', 'NUE': '36.5544 sh (-1.52%)', 'NVDA': '44.2888 sh (+0.37%)', 'NWS': '303.7199 sh (+1.75%)', 'STLD': '0.9216 sh (-2.54%)', 'WSM': '0.1026 sh (-1.61%)'}
Risk state: peak $99,703.60 | drawdown 0.36% | today +0.09% | halted: False
Market regime: NEUTRAL (position-size multiplier: 100% incl. circuit breaker 100%)
News: fetched 158, 4 new after dedup, 0 ticker(s) matched.
Quant pre-screen: 54/67 candidates passed.
Gemini proposed 3 trade(s) meeting the conviction bar.
Gemini calls used today (all models combined): 369
Market closed (overnight): queued 12 trade idea(s) for next-morning verification -- nothing submitted yet.
  -> queued TTWO buy (conf 90, stop 235.0, tp 268.0)
  -> queued TYL buy (conf 90, stop 315.0, tp 355.0)
  -> queued TDY buy (conf None, stop 654.41, tp 697.61)
  -> queued HBAN buy (conf 85, stop 17.35, tp 18.6)
  -> queued WFC buy (conf 80, stop 86.06, tp 92.0)
  -> queued IVZ buy (conf None, stop 29.7, tp 32.65)
  -> queued TEL buy (conf None, stop 200.81, tp 221.8)
  -> queued TPR buy (conf None, stop 126.59, tp 164.76)
  -> queued TRMB buy (conf None, stop 54.75, tp 61.75)
  -> queued CPRT buy (conf None, stop 28.555, tp 31.735)
  -> queued GILD buy (conf None, stop 129.03, tp 138.41)
  -> queued HAL buy (conf None, stop 31.2, tp 34.565)
Dashboard watchlist synced (17 symbols) for news/headlines.
Ending portfolio value: $99,341.37
Trade journal: no closed trades yet
Performance: Total return -0.49% | Max drawdown 12.37% | Daily Sharpe 0.26 | Open positions: 14 | Equity $99,339.94
Timings: account: 0.0s | risk: 4.7s | decide: 4.9s | watchlist: 0.2s | perf: 0.3s

=== Run at 2026-08-14T20:42:30.233313 ===
Current time: 2026-08-14 04:42 PM EDT | Market open (per Alpaca): False | Session: CLOSED
Account value: $99,331.74
Cash: $2,352.38 | Holdings (14): {'CEG': '35.6034 sh (+1.20%)', 'CHD': '97.9637 sh (+0.01%)', 'COHR': '7.9896 sh (-4.70%)', 'CVX': '24.8836 sh (+1.16%)', 'GEHC': '0.6136 sh (-0.28%)', 'IVZ': '306.9138 sh (+1.21%)', 'LMT': '16.3555 sh (+0.04%)', 'MS': '43.8344 sh (-1.74%)', 'MSI': '21.1281 sh (-1.01%)', 'NUE': '36.5544 sh (-1.52%)', 'NVDA': '44.2888 sh (+0.40%)', 'NWS': '303.7199 sh (+1.75%)', 'STLD': '0.9216 sh (-2.54%)', 'WSM': '0.1026 sh (-1.61%)'}
Risk state: peak $99,703.60 | drawdown 0.37% | today +0.08% | halted: False
Market regime: NEUTRAL (position-size multiplier: 100% incl. circuit breaker 100%)
News: fetched 156, 4 new after dedup, 0 ticker(s) matched.
Quant pre-screen: 54/67 candidates passed.
Technical fallback (Gemini throttled/unavailable) proposed 58 trade(s) meeting the conviction bar.
Gemini calls used today (all models combined): 369
Market closed (overnight): queued 12 trade idea(s) for next-morning verification -- nothing submitted yet.
  -> queued TTWO buy (conf None, stop 228.4, tp 256.285)
  -> queued TDY buy (conf None, stop 654.41, tp 697.61)
  -> queued WFC buy (conf 80, stop 86.06, tp 92.0)
  -> queued HBAN buy (conf None, stop 17.095, tp 18.03)
  -> queued IVZ buy (conf None, stop 29.7, tp 32.65)
  -> queued TEL buy (conf None, stop 200.81, tp 221.8)
  -> queued TPR buy (conf None, stop 126.59, tp 164.76)
  -> queued TRMB buy (conf None, stop 54.75, tp 61.75)
  -> queued CPRT buy (conf None, stop 28.555, tp 31.735)
  -> queued GILD buy (conf None, stop 129.03, tp 138.41)
  -> queued HAL buy (conf None, stop 31.2, tp 34.565)
  -> queued HLT buy (conf None, stop 310.57, tp 328.46)
Run budget spent -- skipping dashboard watchlist sync.
Run budget spent -- skipping performance snapshot.
Trade journal: no closed trades yet
Performance: Total return -0.49% | Max drawdown 12.37% | Daily Sharpe 0.26 | Open positions: 14 | Equity $99,331.74
Timings: account: 0.0s | risk: 3.7s | decide: 25.9s | watchlist: 0.0s | perf: 0.0s

=== Run at 2026-08-14T20:44:23.568449 ===
Current time: 2026-08-14 04:44 PM EDT | Market open (per Alpaca): False | Session: CLOSED
Account value: $99,330.59
Cash: $2,352.38 | Holdings (14): {'CEG': '35.6034 sh (+1.20%)', 'CHD': '97.9637 sh (+0.01%)', 'COHR': '7.9896 sh (-4.69%)', 'CVX': '24.8836 sh (+1.16%)', 'GEHC': '0.6136 sh (-0.04%)', 'IVZ': '306.9138 sh (+1.21%)', 'LMT': '16.3555 sh (+0.04%)', 'MS': '43.8344 sh (-1.74%)', 'MSI': '21.1281 sh (-1.01%)', 'NUE': '36.5544 sh (-1.52%)', 'NVDA': '44.2888 sh (+0.39%)', 'NWS': '303.7199 sh (+1.75%)', 'STLD': '0.9216 sh (-2.54%)', 'WSM': '0.1026 sh (-1.61%)'}
Risk state: peak $99,703.60 | drawdown 0.37% | today +0.08% | halted: False
Market regime: NEUTRAL (position-size multiplier: 100% incl. circuit breaker 100%)
News: fetched 156, 0 new after dedup, 0 ticker(s) matched.
Quant pre-screen: 54/67 candidates passed.
Gemini proposed 3 trade(s) meeting the conviction bar.
Gemini calls used today (all models combined): 370
Market closed (overnight): queued 12 trade idea(s) for next-morning verification -- nothing submitted yet.
  -> queued TTWO buy (conf 92, stop 235.0, tp 265.00000000000006)
  -> queued TYL buy (conf 90, stop 310.0, tp 355.0)
  -> queued TDY buy (conf None, stop 654.41, tp 697.61)
  -> queued HBAN buy (conf 85, stop 17.2, tp 19.0)
  -> queued WFC buy (conf 80, stop 86.06, tp 92.0)
  -> queued IVZ buy (conf None, stop 29.7, tp 32.65)
  -> queued TEL buy (conf None, stop 200.81, tp 221.8)
  -> queued TPR buy (conf None, stop 126.59, tp 164.76)
  -> queued TRMB buy (conf None, stop 54.75, tp 61.75)
  -> queued CPRT buy (conf None, stop 28.555, tp 31.735)
  -> queued GILD buy (conf None, stop 129.03, tp 138.41)
  -> queued HAL buy (conf None, stop 31.2, tp 34.565)
Dashboard watchlist synced (17 symbols) for news/headlines.
Ending portfolio value: $99,330.59
Trade journal: no closed trades yet
Performance: Total return -0.50% | Max drawdown 12.37% | Daily Sharpe 0.25 | Open positions: 14 | Equity $99,330.59
Timings: account: 0.0s | risk: 1.8s | decide: 3.1s | watchlist: 0.1s | perf: 0.1s

=== Run at 2026-08-14T20:46:33.388495 ===
Current time: 2026-08-14 04:46 PM EDT | Market open (per Alpaca): False | Session: CLOSED
Account value: $99,329.34
Cash: $2,352.38 | Holdings (14): {'CEG': '35.6034 sh (+1.20%)', 'CHD': '97.9637 sh (+0.01%)', 'COHR': '7.9896 sh (-4.75%)', 'CVX': '24.8836 sh (+1.16%)', 'GEHC': '0.6136 sh (-0.04%)', 'IVZ': '306.9138 sh (+1.21%)', 'LMT': '16.3555 sh (+0.04%)', 'MS': '43.8344 sh (-1.74%)', 'MSI': '21.1281 sh (-1.01%)', 'NUE': '36.5544 sh (-1.52%)', 'NVDA': '44.2888 sh (+0.39%)', 'NWS': '303.7199 sh (+1.75%)', 'STLD': '0.9216 sh (-2.54%)', 'WSM': '0.1026 sh (-1.61%)'}
Risk state: peak $99,703.60 | drawdown 0.38% | today +0.08% | halted: False
Market regime: NEUTRAL (position-size multiplier: 100% incl. circuit breaker 100%)
News: fetched 156, 1 new after dedup, 0 ticker(s) matched.
Quant pre-screen: 54/67 candidates passed.
Gemini proposed 3 trade(s) meeting the conviction bar.
Gemini calls used today (all models combined): 371
Market closed (overnight): queued 12 trade idea(s) for next-morning verification -- nothing submitted yet.
  -> queued TTWO buy (conf 92, stop 235.0, tp 265.0)
  -> queued TYL buy (conf 90, stop 310.0, tp 355.0)
  -> queued TDY buy (conf 90, stop 654.41, tp 697.61)
  -> queued HBAN buy (conf 88, stop 17.3, tp 18.5)
  -> queued WFC buy (conf 80, stop 86.06, tp 92.0)
  -> queued IVZ buy (conf None, stop 29.7, tp 32.65)
  -> queued TEL buy (conf None, stop 200.81, tp 221.8)
  -> queued TPR buy (conf None, stop 126.59, tp 164.76)
  -> queued TRMB buy (conf None, stop 54.75, tp 61.75)
  -> queued CPRT buy (conf None, stop 28.555, tp 31.735)
  -> queued GILD buy (conf None, stop 129.03, tp 138.41)
  -> queued HAL buy (conf None, stop 31.2, tp 34.565)
Dashboard watchlist synced (17 symbols) for news/headlines.
Ending portfolio value: $99,329.35
Trade journal: no closed trades yet
Performance: Total return -0.50% | Max drawdown 12.37% | Daily Sharpe 0.25 | Open positions: 14 | Equity $99,329.34
Timings: account: 0.0s | risk: 4.5s | decide: 4.8s | watchlist: 0.1s | perf: 0.3s

=== Run at 2026-08-14T20:48:29.335965 ===
Current time: 2026-08-14 04:48 PM EDT | Market open (per Alpaca): False | Session: CLOSED
Account value: $99,330.24
Cash: $2,352.38 | Holdings (14): {'CEG': '35.6034 sh (+1.20%)', 'CHD': '97.9637 sh (+0.01%)', 'COHR': '7.9896 sh (-4.73%)', 'CVX': '24.8836 sh (+1.16%)', 'GEHC': '0.6136 sh (-0.04%)', 'IVZ': '306.9138 sh (+1.21%)', 'LMT': '16.3555 sh (+0.04%)', 'MS': '43.8344 sh (-1.74%)', 'MSI': '21.1281 sh (-1.01%)', 'NUE': '36.5544 sh (-1.52%)', 'NVDA': '44.2888 sh (+0.39%)', 'NWS': '303.7199 sh (+1.75%)', 'STLD': '0.9216 sh (-2.54%)', 'WSM': '0.1026 sh (-1.61%)'}
Risk state: peak $99,703.60 | drawdown 0.37% | today +0.08% | halted: False
Market regime: NEUTRAL (position-size multiplier: 100% incl. circuit breaker 100%)
News: fetched 156, 1 new after dedup, 0 ticker(s) matched.
Quant pre-screen: 54/67 candidates passed.
Technical fallback (Gemini throttled/unavailable) proposed 58 trade(s) meeting the conviction bar.
Gemini calls used today (all models combined): 371
Market closed (overnight): queued 12 trade idea(s) for next-morning verification -- nothing submitted yet.
  -> queued TTWO buy (conf None, stop 228.4, tp 256.285)
  -> queued TDY buy (conf None, stop 654.41, tp 697.61)
  -> queued WFC buy (conf 80, stop 86.06, tp 92.0)
  -> queued HBAN buy (conf None, stop 17.095, tp 18.03)
  -> queued IVZ buy (conf None, stop 29.7, tp 32.65)
  -> queued TEL buy (conf None, stop 200.81, tp 221.8)
  -> queued TPR buy (conf None, stop 126.59, tp 164.76)
  -> queued TRMB buy (conf None, stop 54.75, tp 61.75)
  -> queued CPRT buy (conf None, stop 28.555, tp 31.735)
  -> queued GILD buy (conf None, stop 129.03, tp 138.41)
  -> queued HAL buy (conf None, stop 31.2, tp 34.565)
  -> queued HLT buy (conf None, stop 310.57, tp 328.46)
Run budget spent -- skipping dashboard watchlist sync.
Run budget spent -- skipping performance snapshot.
Trade journal: no closed trades yet
Performance: Total return -0.50% | Max drawdown 12.37% | Daily Sharpe 0.25 | Open positions: 14 | Equity $99,330.24
Timings: account: 0.0s | risk: 1.7s | decide: 28.1s | watchlist: 0.0s | perf: 0.0s

=== Run at 2026-08-14T20:50:35.679603 ===
Current time: 2026-08-14 04:50 PM EDT | Market open (per Alpaca): False | Session: CLOSED
Account value: $99,333.40
Cash: $2,352.38 | Holdings (14): {'CEG': '35.6034 sh (+1.20%)', 'CHD': '97.9637 sh (+0.01%)', 'COHR': '7.9896 sh (-4.66%)', 'CVX': '24.8836 sh (+1.16%)', 'GEHC': '0.6136 sh (-0.04%)', 'IVZ': '306.9138 sh (+1.21%)', 'LMT': '16.3555 sh (+0.04%)', 'MS': '43.8344 sh (-1.74%)', 'MSI': '21.1281 sh (-1.01%)', 'NUE': '36.5544 sh (-1.52%)', 'NVDA': '44.2888 sh (+0.41%)', 'NWS': '303.7199 sh (+1.75%)', 'STLD': '0.9216 sh (-2.54%)', 'WSM': '0.1026 sh (-1.61%)'}
Risk state: peak $99,703.60 | drawdown 0.37% | today +0.08% | halted: False
Market regime: NEUTRAL (position-size multiplier: 100% incl. circuit breaker 100%)
News: fetched 158, 1 new after dedup, 1 ticker(s) matched.
Quant pre-screen: 47/63 candidates passed.
Gemini proposed 2 trade(s) meeting the conviction bar.
Gemini calls used today (all models combined): 372
Market closed (overnight): queued 12 trade idea(s) for next-morning verification -- nothing submitted yet.
  -> queued HUM buy (conf 90, stop 375.0, tp 415.0)
  -> queued TTWO buy (conf 88, stop 235.0, tp 264.0)
  -> queued TDY buy (conf None, stop 654.41, tp 697.61)
  -> queued WFC buy (conf 80, stop 86.06, tp 92.0)
  -> queued HBAN buy (conf None, stop 17.095, tp 18.03)
  -> queued IVZ buy (conf None, stop 29.7, tp 32.65)
  -> queued TEL buy (conf None, stop 200.81, tp 221.8)
  -> queued TPR buy (conf None, stop 126.59, tp 164.76)
  -> queued TRMB buy (conf None, stop 54.75, tp 61.75)
  -> queued CPRT buy (conf None, stop 28.555, tp 31.735)
  -> queued GILD buy (conf None, stop 129.03, tp 138.41)
  -> queued HAL buy (conf None, stop 31.2, tp 34.565)
Dashboard watchlist synced (17 symbols) for news/headlines.
Ending portfolio value: $99,333.41
Trade journal: no closed trades yet
Performance: Total return -0.50% | Max drawdown 12.37% | Daily Sharpe 0.25 | Open positions: 14 | Equity $99,333.40
Timings: account: 0.0s | risk: 7.1s | decide: 15.1s | watchlist: 0.3s | perf: 0.4s

=== Run at 2026-08-14T20:52:30.656508 ===
Current time: 2026-08-14 04:52 PM EDT | Market open (per Alpaca): False | Session: CLOSED
Account value: $99,337.00
Cash: $2,352.38 | Holdings (14): {'CEG': '35.6034 sh (+1.20%)', 'CHD': '97.9637 sh (+0.01%)', 'COHR': '7.9896 sh (-4.49%)', 'CVX': '24.8836 sh (+1.16%)', 'GEHC': '0.6136 sh (-0.04%)', 'IVZ': '306.9138 sh (+1.21%)', 'LMT': '16.3555 sh (+0.04%)', 'MS': '43.8344 sh (-1.74%)', 'MSI': '21.1281 sh (-1.01%)', 'NUE': '36.5544 sh (-1.52%)', 'NVDA': '44.2888 sh (+0.40%)', 'NWS': '303.7199 sh (+1.75%)', 'STLD': '0.9216 sh (-2.54%)', 'WSM': '0.1026 sh (-1.61%)'}
Risk state: peak $99,703.60 | drawdown 0.37% | today +0.08% | halted: False
Market regime: NEUTRAL (position-size multiplier: 100% incl. circuit breaker 100%)
News: fetched 156, 5 new after dedup, 0 ticker(s) matched.
Quant pre-screen: 54/67 candidates passed.
Gemini proposed 2 trade(s) meeting the conviction bar.
Gemini calls used today (all models combined): 373
Market closed (overnight): queued 12 trade idea(s) for next-morning verification -- nothing submitted yet.
  -> queued TTWO buy (conf 91, stop 235.0, tp 270.0)
  -> queued HUM buy (conf 90, stop 375.0, tp 415.0)
  -> queued TYL buy (conf 90, stop 315.0, tp 360.0)
  -> queued TDY buy (conf None, stop 654.41, tp 697.61)
  -> queued WFC buy (conf 80, stop 86.06, tp 92.0)
  -> queued HBAN buy (conf None, stop 17.095, tp 18.03)
  -> queued IVZ buy (conf None, stop 29.7, tp 32.65)
  -> queued TEL buy (conf None, stop 200.81, tp 221.8)
  -> queued TPR buy (conf None, stop 126.59, tp 164.76)
  -> queued TRMB buy (conf None, stop 54.75, tp 61.75)
  -> queued CPRT buy (conf None, stop 28.555, tp 31.735)
  -> queued GILD buy (conf None, stop 129.03, tp 138.41)
Dashboard watchlist synced (16 symbols) for news/headlines.
Ending portfolio value: $99,337.00
Trade journal: no closed trades yet
Performance: Total return -0.50% | Max drawdown 12.37% | Daily Sharpe 0.25 | Open positions: 14 | Equity $99,337.00
Timings: account: 0.0s | risk: 4.3s | decide: 4.1s | watchlist: 0.1s | perf: 0.2s

=== Run at 2026-08-14T20:54:24.753534 ===
Current time: 2026-08-14 04:54 PM EDT | Market open (per Alpaca): False | Session: CLOSED
Account value: $99,337.44
Cash: $2,352.38 | Holdings (14): {'CEG': '35.6034 sh (+1.20%)', 'CHD': '97.9637 sh (+0.01%)', 'COHR': '7.9896 sh (-4.49%)', 'CVX': '24.8836 sh (+1.16%)', 'GEHC': '0.6136 sh (-0.04%)', 'IVZ': '306.9138 sh (+1.21%)', 'LMT': '16.3555 sh (+0.04%)', 'MS': '43.8344 sh (-1.74%)', 'MSI': '21.1281 sh (-1.01%)', 'NUE': '36.5544 sh (-1.52%)', 'NVDA': '44.2888 sh (+0.40%)', 'NWS': '303.7199 sh (+1.75%)', 'STLD': '0.9216 sh (-2.54%)', 'WSM': '0.1026 sh (-1.61%)'}
Risk state: peak $99,703.60 | drawdown 0.37% | today +0.08% | halted: False
Market regime: NEUTRAL (position-size multiplier: 100% incl. circuit breaker 100%)
News: fetched 156, 0 new after dedup, 0 ticker(s) matched.
Quant pre-screen: 54/67 candidates passed.
Gemini proposed 2 trade(s) meeting the conviction bar.
Gemini calls used today (all models combined): 374
Market closed (overnight): queued 12 trade idea(s) for next-morning verification -- nothing submitted yet.
  -> queued TTWO buy (conf 90, stop 228.4, tp 270.0)
  -> queued HUM buy (conf 90, stop 375.0, tp 415.0)
  -> queued TYL buy (conf 91, stop 300.28, tp 355.00000000000006)
  -> queued TDY buy (conf None, stop 654.41, tp 697.61)
  -> queued WFC buy (conf 80, stop 86.06, tp 92.0)
  -> queued HBAN buy (conf None, stop 17.095, tp 18.03)
  -> queued IVZ buy (conf None, stop 29.7, tp 32.65)
  -> queued TEL buy (conf None, stop 200.81, tp 221.8)
  -> queued TPR buy (conf None, stop 126.59, tp 164.76)
  -> queued TRMB buy (conf None, stop 54.75, tp 61.75)
  -> queued CPRT buy (conf None, stop 28.555, tp 31.735)
  -> queued GILD buy (conf None, stop 129.03, tp 138.41)
Dashboard watchlist synced (16 symbols) for news/headlines.
Ending portfolio value: $99,337.00
Trade journal: no closed trades yet
Performance: Total return -0.50% | Max drawdown 12.37% | Daily Sharpe 0.25 | Open positions: 14 | Equity $99,337.44
Timings: account: 0.0s | risk: 3.2s | decide: 3.4s | watchlist: 0.1s | perf: 0.2s

=== Run at 2026-08-14T20:56:29.045076 ===
Current time: 2026-08-14 04:56 PM EDT | Market open (per Alpaca): False | Session: CLOSED
Account value: $99,303.00
Cash: $2,352.38 | Holdings (14): {'CEG': '35.6034 sh (+1.20%)', 'CHD': '97.9637 sh (+0.01%)', 'COHR': '7.9896 sh (-4.76%)', 'CVX': '24.8836 sh (+1.16%)', 'GEHC': '0.6136 sh (-0.39%)', 'IVZ': '306.9138 sh (+1.21%)', 'LMT': '16.3555 sh (-0.24%)', 'MS': '43.8344 sh (-1.74%)', 'MSI': '21.1281 sh (-1.01%)', 'NUE': '36.5544 sh (-1.52%)', 'NVDA': '44.2888 sh (+0.41%)', 'NWS': '303.7199 sh (+1.75%)', 'STLD': '0.9216 sh (-2.54%)', 'WSM': '0.1026 sh (-1.61%)'}
Risk state: peak $99,703.60 | drawdown 0.40% | today +0.05% | halted: False
Market regime: NEUTRAL (position-size multiplier: 100% incl. circuit breaker 100%)
News: fetched 118, 0 new after dedup, 0 ticker(s) matched.
Quant pre-screen: 54/67 candidates passed.
Technical fallback (Gemini throttled/unavailable) proposed 58 trade(s) meeting the conviction bar.
Gemini calls used today (all models combined): 374
Market closed (overnight): queued 12 trade idea(s) for next-morning verification -- nothing submitted yet.
  -> queued TTWO buy (conf None, stop 228.4, tp 256.285)
  -> queued TDY buy (conf None, stop 654.41, tp 697.61)
  -> queued WFC buy (conf 80, stop 86.06, tp 92.0)
  -> queued HUM buy (conf None, stop 354.57, tp 392.49)
  -> queued HBAN buy (conf None, stop 17.095, tp 18.03)
  -> queued IVZ buy (conf None, stop 29.7, tp 32.65)
  -> queued TEL buy (conf None, stop 200.81, tp 221.8)
  -> queued TPR buy (conf None, stop 126.59, tp 164.76)
  -> queued TRMB buy (conf None, stop 54.75, tp 61.75)
  -> queued CPRT buy (conf None, stop 28.555, tp 31.735)
  -> queued GILD buy (conf None, stop 129.03, tp 138.41)
  -> queued HAL buy (conf None, stop 31.2, tp 34.565)
Run budget spent -- skipping dashboard watchlist sync.
Run budget spent -- skipping performance snapshot.
Trade journal: no closed trades yet
Performance: Total return -0.50% | Max drawdown 12.37% | Daily Sharpe 0.25 | Open positions: 14 | Equity $99,303.00
Timings: account: 0.0s | risk: 3.5s | decide: 26.2s | watchlist: 0.0s | perf: 0.0s

=== Run at 2026-08-14T20:58:27.511644 ===
Current time: 2026-08-14 04:58 PM EDT | Market open (per Alpaca): False | Session: CLOSED
Account value: $99,308.38
Cash: $2,352.38 | Holdings (14): {'CEG': '35.6034 sh (+1.20%)', 'CHD': '97.9637 sh (+0.01%)', 'COHR': '7.9896 sh (-4.71%)', 'CVX': '24.8836 sh (+1.26%)', 'GEHC': '0.6136 sh (-0.39%)', 'IVZ': '306.9138 sh (+1.21%)', 'LMT': '16.3555 sh (-0.24%)', 'MS': '43.8344 sh (-1.74%)', 'MSI': '21.1281 sh (-1.01%)', 'NUE': '36.5544 sh (-1.52%)', 'NVDA': '44.2888 sh (+0.40%)', 'NWS': '303.7199 sh (+1.75%)', 'STLD': '0.9216 sh (-2.54%)', 'WSM': '0.1026 sh (-1.61%)'}
Risk state: peak $99,703.60 | drawdown 0.40% | today +0.05% | halted: False
Market regime: NEUTRAL (position-size multiplier: 100% incl. circuit breaker 100%)
News: fetched 156, 0 new after dedup, 0 ticker(s) matched.
Quant pre-screen: 54/67 candidates passed.
Gemini proposed 1 trade(s) meeting the conviction bar.
Gemini calls used today (all models combined): 375
Market closed (overnight): queued 12 trade idea(s) for next-morning verification -- nothing submitted yet.
  -> queued TTWO buy (conf None, stop 228.4, tp 256.285)
  -> queued TDY buy (conf None, stop 654.41, tp 697.61)
  -> queued TYL buy (conf 85, stop 315.48, tp 355.0)
  -> queued WFC buy (conf 80, stop 86.06, tp 92.0)
  -> queued HUM buy (conf None, stop 354.57, tp 392.49)
  -> queued HBAN buy (conf None, stop 17.095, tp 18.03)
  -> queued IVZ buy (conf None, stop 29.7, tp 32.65)
  -> queued TEL buy (conf None, stop 200.81, tp 221.8)
  -> queued TPR buy (conf None, stop 126.59, tp 164.76)
  -> queued TRMB buy (conf None, stop 54.75, tp 61.75)
  -> queued CPRT buy (conf None, stop 28.555, tp 31.735)
  -> queued GILD buy (conf None, stop 129.03, tp 138.41)
Dashboard watchlist synced (15 symbols) for news/headlines.
Ending portfolio value: $99,308.38
Trade journal: no closed trades yet
Performance: Total return -0.52% | Max drawdown 12.37% | Daily Sharpe 0.25 | Open positions: 14 | Equity $99,308.38
Timings: account: 0.0s | risk: 3.8s | decide: 3.5s | watchlist: 0.1s | perf: 0.2s

=== Run at 2026-08-14T21:00:38.821868 ===
Current time: 2026-08-14 05:00 PM EDT | Market open (per Alpaca): False | Session: CLOSED
Account value: $99,334.77
Cash: $2,352.38 | Holdings (14): {'CEG': '35.6034 sh (+1.47%)', 'CHD': '97.9637 sh (+0.01%)', 'COHR': '7.9896 sh (-4.69%)', 'CVX': '24.8836 sh (+1.26%)', 'GEHC': '0.6136 sh (-0.39%)', 'IVZ': '306.9138 sh (+1.21%)', 'LMT': '16.3555 sh (-0.24%)', 'MS': '43.8344 sh (-1.74%)', 'MSI': '21.1281 sh (-1.01%)', 'NUE': '36.5544 sh (-1.52%)', 'NVDA': '44.2888 sh (+0.39%)', 'NWS': '303.7199 sh (+1.75%)', 'STLD': '0.9216 sh (-2.54%)', 'WSM': '0.1026 sh (-1.61%)'}
Risk state: peak $99,703.60 | drawdown 0.37% | today +0.08% | halted: False
Market regime: NEUTRAL (position-size multiplier: 100% incl. circuit breaker 100%)
News: fetched 156, 1 new after dedup, 0 ticker(s) matched.
Quant pre-screen: 16/19 candidates passed.
Gemini proposed 2 trade(s) meeting the conviction bar.
Gemini calls used today (all models combined): 376
Market closed (overnight): queued 12 trade idea(s) for next-morning verification -- nothing submitted yet.
  -> queued TTWO buy (conf 82, stop 228.4, tp 256.29)
  -> queued TDY buy (conf 85, stop 654.41, tp 697.61)
  -> queued TYL buy (conf 85, stop 315.48, tp 355.0)
  -> queued WFC buy (conf 80, stop 86.06, tp 92.0)
  -> queued HUM buy (conf None, stop 354.57, tp 392.49)
  -> queued HBAN buy (conf None, stop 17.095, tp 18.03)
  -> queued IVZ buy (conf None, stop 29.7, tp 32.65)
  -> queued TEL buy (conf None, stop 200.81, tp 221.8)
  -> queued TPR buy (conf None, stop 126.59, tp 164.76)
  -> queued TRMB buy (conf None, stop 54.75, tp 61.75)
  -> queued CPRT buy (conf None, stop 28.555, tp 31.735)
  -> queued GILD buy (conf None, stop 129.03, tp 138.41)
Dashboard watchlist synced (16 symbols) for news/headlines.
Ending portfolio value: $99,336.10
Trade journal: no closed trades yet
Performance: Total return -0.50% | Max drawdown 12.37% | Daily Sharpe 0.25 | Open positions: 14 | Equity $99,334.77
Timings: account: 0.0s | risk: 7.3s | decide: 7.5s | watchlist: 0.1s | perf: 0.2s

=== Run at 2026-08-14T21:02:24.024921 ===
Current time: 2026-08-14 05:02 PM EDT | Market open (per Alpaca): False | Session: CLOSED
Account value: $99,335.17
Cash: $2,352.38 | Holdings (14): {'CEG': '35.6034 sh (+1.47%)', 'CHD': '97.9637 sh (+0.01%)', 'COHR': '7.9896 sh (-4.69%)', 'CVX': '24.8836 sh (+1.26%)', 'GEHC': '0.6136 sh (-0.39%)', 'IVZ': '306.9138 sh (+1.21%)', 'LMT': '16.3555 sh (-0.24%)', 'MS': '43.8344 sh (-1.74%)', 'MSI': '21.1281 sh (-1.01%)', 'NUE': '36.5544 sh (-1.52%)', 'NVDA': '44.2888 sh (+0.39%)', 'NWS': '303.7199 sh (+1.75%)', 'STLD': '0.9216 sh (-2.54%)', 'WSM': '0.1026 sh (-1.61%)'}
Risk state: peak $99,703.60 | drawdown 0.37% | today +0.08% | halted: False
Market regime: NEUTRAL (position-size multiplier: 100% incl. circuit breaker 100%)
News: fetched 158, 1 new after dedup, 0 ticker(s) matched.
Quant pre-screen: 24/31 candidates passed.
Gemini proposed 1 trade(s) meeting the conviction bar.
Gemini calls used today (all models combined): 377
Market closed (overnight): queued 12 trade idea(s) for next-morning verification -- nothing submitted yet.
  -> queued TTWO buy (conf 82, stop 228.4, tp 256.29)
  -> queued TDY buy (conf 85, stop 654.41, tp 697.61)
  -> queued TYL buy (conf 85, stop 315.48, tp 355.0)
  -> queued WFC buy (conf 80, stop 86.06, tp 92.0)
  -> queued HUM buy (conf None, stop 354.57, tp 392.49)
  -> queued HBAN buy (conf 92, stop 17.25, tp 18.85)
  -> queued IVZ buy (conf None, stop 29.7, tp 32.65)
  -> queued TEL buy (conf None, stop 200.81, tp 221.8)
  -> queued TPR buy (conf None, stop 126.59, tp 164.76)
  -> queued TRMB buy (conf None, stop 54.75, tp 61.75)
  -> queued CPRT buy (conf None, stop 28.555, tp 31.735)
  -> queued GILD buy (conf None, stop 129.03, tp 138.41)
Dashboard watchlist synced (15 symbols) for news/headlines.
Ending portfolio value: $99,335.17
Trade journal: no closed trades yet
Performance: Total return -0.50% | Max drawdown 12.37% | Daily Sharpe 0.25 | Open positions: 14 | Equity $99,335.17
Timings: account: 0.0s | risk: 4.5s | decide: 6.0s | watchlist: 0.1s | perf: 0.1s

=== Run at 2026-08-14T21:04:26.666961 ===
Current time: 2026-08-14 05:04 PM EDT | Market open (per Alpaca): False | Session: CLOSED
Account value: $99,308.13
Cash: $2,352.38 | Holdings (14): {'CEG': '35.6034 sh (+1.20%)', 'CHD': '97.9637 sh (+0.01%)', 'COHR': '7.9896 sh (-4.69%)', 'CVX': '24.8836 sh (+1.26%)', 'GEHC': '0.6136 sh (-0.39%)', 'IVZ': '306.9138 sh (+1.21%)', 'LMT': '16.3555 sh (-0.24%)', 'MS': '43.8344 sh (-1.74%)', 'MSI': '21.1281 sh (-1.01%)', 'NUE': '36.5544 sh (-1.52%)', 'NVDA': '44.2888 sh (+0.39%)', 'NWS': '303.7199 sh (+1.75%)', 'STLD': '0.9216 sh (-2.54%)', 'WSM': '0.1026 sh (-1.61%)'}
Risk state: peak $99,703.60 | drawdown 0.40% | today +0.05% | halted: False
Market regime: NEUTRAL (position-size multiplier: 100% incl. circuit breaker 100%)
News: fetched 157, 1 new after dedup, 0 ticker(s) matched.
Quant pre-screen: 35/43 candidates passed.
Gemini proposed 2 trade(s) meeting the conviction bar.
Gemini calls used today (all models combined): 378
Market closed (overnight): queued 12 trade idea(s) for next-morning verification -- nothing submitted yet.
  -> queued TTWO buy (conf 85, stop 235.0, tp 265.00000000000006)
  -> queued TDY buy (conf 85, stop 654.41, tp 697.61)
  -> queued TYL buy (conf 82, stop 310.0, tp 360.00000000000006)
  -> queued WFC buy (conf 80, stop 86.06, tp 92.0)
  -> queued HUM buy (conf None, stop 354.57, tp 392.49)
  -> queued HBAN buy (conf 92, stop 17.25, tp 18.85)
  -> queued IVZ buy (conf None, stop 29.7, tp 32.65)
  -> queued TEL buy (conf None, stop 200.81, tp 221.8)
  -> queued TPR buy (conf None, stop 126.59, tp 164.76)
  -> queued TRMB buy (conf None, stop 54.75, tp 61.75)
  -> queued CPRT buy (conf None, stop 28.555, tp 31.735)
  -> queued GILD buy (conf None, stop 129.03, tp 138.41)
Dashboard watchlist synced (16 symbols) for news/headlines.
Ending portfolio value: $99,308.13
Trade journal: no closed trades yet
Performance: Total return -0.53% | Max drawdown 12.37% | Daily Sharpe 0.25 | Open positions: 14 | Equity $99,308.13
Timings: account: 0.0s | risk: 5.3s | decide: 5.3s | watchlist: 0.1s | perf: 0.2s

=== Run at 2026-08-14T21:06:27.489402 ===
Current time: 2026-08-14 05:06 PM EDT | Market open (per Alpaca): False | Session: CLOSED
Account value: $99,313.24
Cash: $2,352.38 | Holdings (14): {'CEG': '35.6034 sh (+1.20%)', 'CHD': '97.9637 sh (+0.01%)', 'COHR': '7.9896 sh (-4.50%)', 'CVX': '24.8836 sh (+1.26%)', 'GEHC': '0.6136 sh (-0.39%)', 'IVZ': '306.9138 sh (+1.21%)', 'LMT': '16.3555 sh (-0.24%)', 'MS': '43.8344 sh (-1.74%)', 'MSI': '21.1281 sh (-1.01%)', 'NUE': '36.5544 sh (-1.52%)', 'NVDA': '44.2888 sh (+0.39%)', 'NWS': '303.7199 sh (+1.75%)', 'STLD': '0.9216 sh (-2.54%)', 'WSM': '0.1026 sh (-1.61%)'}
Risk state: peak $99,703.60 | drawdown 0.39% | today +0.06% | halted: False
Market regime: NEUTRAL (position-size multiplier: 100% incl. circuit breaker 100%)
News: fetched 158, 0 new after dedup, 0 ticker(s) matched.
Quant pre-screen: 43/55 candidates passed.
Gemini proposed 2 trade(s) meeting the conviction bar.
Gemini calls used today (all models combined): 379
Market closed (overnight): queued 12 trade idea(s) for next-morning verification -- nothing submitted yet.
  -> queued TTWO buy (conf 85, stop 235.0, tp 265.0)
  -> queued TDY buy (conf 82, stop 655.0, tp 710.0)
  -> queued TYL buy (conf 82, stop 310.0, tp 360.00000000000006)
  -> queued WFC buy (conf 80, stop 86.06, tp 92.0)
  -> queued HUM buy (conf None, stop 354.57, tp 392.49)
  -> queued HBAN buy (conf 92, stop 17.25, tp 18.85)
  -> queued IVZ buy (conf None, stop 29.7, tp 32.65)
  -> queued TEL buy (conf None, stop 200.81, tp 221.8)
  -> queued TPR buy (conf None, stop 126.59, tp 164.76)
  -> queued TRMB buy (conf None, stop 54.75, tp 61.75)
  -> queued CPRT buy (conf None, stop 28.555, tp 31.735)
  -> queued GILD buy (conf None, stop 129.03, tp 138.41)
Dashboard watchlist synced (16 symbols) for news/headlines.
Ending portfolio value: $99,313.69
Trade journal: no closed trades yet
Performance: Total return -0.52% | Max drawdown 12.37% | Daily Sharpe 0.25 | Open positions: 14 | Equity $99,313.24
Timings: account: 0.0s | risk: 5.6s | decide: 8.7s | watchlist: 0.2s | perf: 0.3s

=== Run at 2026-08-14T21:08:29.575309 ===
Current time: 2026-08-14 05:08 PM EDT | Market open (per Alpaca): False | Session: CLOSED
Account value: $99,310.43
Cash: $2,352.38 | Holdings (14): {'CEG': '35.6034 sh (+1.20%)', 'CHD': '97.9637 sh (+0.01%)', 'COHR': '7.9896 sh (-4.62%)', 'CVX': '24.8836 sh (+1.26%)', 'GEHC': '0.6136 sh (-0.39%)', 'IVZ': '306.9138 sh (+1.21%)', 'LMT': '16.3555 sh (-0.24%)', 'MS': '43.8344 sh (-1.74%)', 'MSI': '21.1281 sh (-1.01%)', 'NUE': '36.5544 sh (-1.52%)', 'NVDA': '44.2888 sh (+0.40%)', 'NWS': '303.7199 sh (+1.75%)', 'STLD': '0.9216 sh (-2.54%)', 'WSM': '0.1026 sh (-1.61%)'}
Risk state: peak $99,703.60 | drawdown 0.39% | today +0.06% | halted: False
Market regime: NEUTRAL (position-size multiplier: 100% incl. circuit breaker 100%)
News: fetched 158, 1 new after dedup, 0 ticker(s) matched.
Quant pre-screen: 54/67 candidates passed.
Gemini proposed 3 trade(s) meeting the conviction bar.
Gemini calls used today (all models combined): 380
Market closed (overnight): queued 12 trade idea(s) for next-morning verification -- nothing submitted yet.
  -> queued TTWO buy (conf 92, stop 235.0, tp 265.0)
  -> queued TDY buy (conf 82, stop 655.0, tp 710.0)
  -> queued TYL buy (conf 90, stop 315.0, tp 355.0)
  -> queued WFC buy (conf 80, stop 86.06, tp 92.0)
  -> queued HUM buy (conf None, stop 354.57, tp 392.49)
  -> queued HBAN buy (conf 85, stop 17.3, tp 18.6)
  -> queued IVZ buy (conf None, stop 29.7, tp 32.65)
  -> queued TEL buy (conf None, stop 200.81, tp 221.8)
  -> queued TPR buy (conf None, stop 126.59, tp 164.76)
  -> queued TRMB buy (conf None, stop 54.75, tp 61.75)
  -> queued CPRT buy (conf None, stop 28.555, tp 31.735)
  -> queued GILD buy (conf None, stop 129.03, tp 138.41)
Dashboard watchlist synced (17 symbols) for news/headlines.
Ending portfolio value: $99,309.20
Trade journal: no closed trades yet
Performance: Total return -0.52% | Max drawdown 12.37% | Daily Sharpe 0.25 | Open positions: 14 | Equity $99,310.43
Timings: account: 0.0s | risk: 4.0s | decide: 6.8s | watchlist: 0.1s | perf: 0.1s

=== Run at 2026-08-14T21:10:28.703894 ===
Current time: 2026-08-14 05:10 PM EDT | Market open (per Alpaca): False | Session: CLOSED
Account value: $99,223.77
Cash: $2,352.38 | Holdings (14): {'CEG': '35.6034 sh (+1.20%)', 'CHD': '97.9637 sh (+0.01%)', 'COHR': '7.9896 sh (-4.70%)', 'CVX': '24.8836 sh (+1.26%)', 'GEHC': '0.6136 sh (-0.39%)', 'IVZ': '306.9138 sh (+1.21%)', 'LMT': '16.3555 sh (-0.24%)', 'MS': '43.8344 sh (-1.74%)', 'MSI': '21.1281 sh (-1.01%)', 'NUE': '36.5544 sh (-2.39%)', 'NVDA': '44.2888 sh (+0.42%)', 'NWS': '303.7199 sh (+1.75%)', 'STLD': '0.9216 sh (-2.54%)', 'WSM': '0.1026 sh (-1.61%)'}
Risk state: peak $99,703.60 | drawdown 0.48% | today -0.03% | halted: False
Market regime: NEUTRAL (position-size multiplier: 100% incl. circuit breaker 100%)
News: fetched 157, 1 new after dedup, 0 ticker(s) matched.
Quant pre-screen: 54/67 candidates passed.
Gemini proposed 2 trade(s) meeting the conviction bar.
Gemini calls used today (all models combined): 381
Market closed (overnight): queued 12 trade idea(s) for next-morning verification -- nothing submitted yet.
  -> queued TTWO buy (conf 92, stop 235.0, tp 265.00000000000006)
  -> queued TDY buy (conf 82, stop 655.0, tp 710.0)
  -> queued TYL buy (conf 90, stop 312.0, tp 355.0)
  -> queued WFC buy (conf 80, stop 86.06, tp 92.0)
  -> queued HUM buy (conf None, stop 354.57, tp 392.49)
  -> queued HBAN buy (conf 85, stop 17.3, tp 18.6)
  -> queued IVZ buy (conf None, stop 29.7, tp 32.65)
  -> queued TEL buy (conf None, stop 200.81, tp 221.8)
  -> queued TPR buy (conf None, stop 126.59, tp 164.76)
  -> queued TRMB buy (conf None, stop 54.75, tp 61.75)
  -> queued CPRT buy (conf None, stop 28.555, tp 31.735)
  -> queued GILD buy (conf None, stop 129.03, tp 138.41)
Dashboard watchlist synced (16 symbols) for news/headlines.
Ending portfolio value: $99,223.77
Trade journal: no closed trades yet
Performance: Total return -0.61% | Max drawdown 12.37% | Daily Sharpe 0.23 | Open positions: 14 | Equity $99,223.77
Timings: account: 0.0s | risk: 4.1s | decide: 4.6s | watchlist: 0.1s | perf: 0.2s

=== Run at 2026-08-14T21:12:27.743079 ===
Current time: 2026-08-14 05:12 PM EDT | Market open (per Alpaca): False | Session: CLOSED
Account value: $99,223.32
Cash: $2,352.38 | Holdings (14): {'CEG': '35.6034 sh (+1.20%)', 'CHD': '97.9637 sh (+0.01%)', 'COHR': '7.9896 sh (-4.70%)', 'CVX': '24.8836 sh (+1.26%)', 'GEHC': '0.6136 sh (-0.39%)', 'IVZ': '306.9138 sh (+1.21%)', 'LMT': '16.3555 sh (-0.24%)', 'MS': '43.8344 sh (-1.74%)', 'MSI': '21.1281 sh (-1.01%)', 'NUE': '36.5544 sh (-2.39%)', 'NVDA': '44.2888 sh (+0.41%)', 'NWS': '303.7199 sh (+1.75%)', 'STLD': '0.9216 sh (-2.54%)', 'WSM': '0.1026 sh (-1.61%)'}
Risk state: peak $99,703.60 | drawdown 0.48% | today -0.03% | halted: False
Market regime: NEUTRAL (position-size multiplier: 100% incl. circuit breaker 100%)
News: fetched 157, 1 new after dedup, 0 ticker(s) matched.
Quant pre-screen: 54/67 candidates passed.
Gemini proposed 3 trade(s) meeting the conviction bar.
Gemini calls used today (all models combined): 382
Market closed (overnight): queued 12 trade idea(s) for next-morning verification -- nothing submitted yet.
  -> queued TTWO buy (conf 92, stop 235.0, tp 265.00000000000006)
  -> queued TDY buy (conf 85, stop 655.0, tp 697.61)
  -> queued TYL buy (conf 90, stop 312.0, tp 355.0)
  -> queued WFC buy (conf 80, stop 86.06, tp 92.0)
  -> queued HUM buy (conf None, stop 354.57, tp 392.49)
  -> queued HBAN buy (conf 88, stop 17.2, tp 19.45)
  -> queued IVZ buy (conf None, stop 29.7, tp 32.65)
  -> queued TEL buy (conf None, stop 200.81, tp 221.8)
  -> queued TPR buy (conf None, stop 126.59, tp 164.76)
  -> queued TRMB buy (conf None, stop 54.75, tp 61.75)
  -> queued CPRT buy (conf None, stop 28.555, tp 31.735)
  -> queued GILD buy (conf None, stop 129.03, tp 138.41)
Dashboard watchlist synced (17 symbols) for news/headlines.
Ending portfolio value: $99,219.44
Trade journal: no closed trades yet
Performance: Total return -0.61% | Max drawdown 12.37% | Daily Sharpe 0.23 | Open positions: 14 | Equity $99,223.32
Timings: account: 0.0s | risk: 3.1s | decide: 3.5s | watchlist: 0.1s | perf: 0.1s

=== Run at 2026-08-14T21:14:26.390284 ===
Current time: 2026-08-14 05:14 PM EDT | Market open (per Alpaca): False | Session: CLOSED
Account value: $99,218.16
Cash: $2,352.38 | Holdings (14): {'CEG': '35.6034 sh (+1.20%)', 'CHD': '97.9637 sh (+0.01%)', 'COHR': '7.9896 sh (-4.71%)', 'CVX': '24.8836 sh (+1.18%)', 'GEHC': '0.6136 sh (-0.39%)', 'IVZ': '306.9138 sh (+1.21%)', 'LMT': '16.3555 sh (-0.24%)', 'MS': '43.8344 sh (-1.74%)', 'MSI': '21.1281 sh (-1.01%)', 'NUE': '36.5544 sh (-2.39%)', 'NVDA': '44.2888 sh (+0.41%)', 'NWS': '303.7199 sh (+1.75%)', 'STLD': '0.9216 sh (-2.54%)', 'WSM': '0.1026 sh (-1.61%)'}
Risk state: peak $99,703.60 | drawdown 0.49% | today -0.04% | halted: False
Market regime: NEUTRAL (position-size multiplier: 100% incl. circuit breaker 100%)
News: fetched 157, 0 new after dedup, 0 ticker(s) matched.
Quant pre-screen: 54/67 candidates passed.
Gemini proposed 2 trade(s) meeting the conviction bar.
Gemini calls used today (all models combined): 383
Market closed (overnight): queued 12 trade idea(s) for next-morning verification -- nothing submitted yet.
  -> queued TTWO buy (conf 91, stop 235.0, tp 265.0)
  -> queued TDY buy (conf 88, stop 650.0, tp 700.0)
  -> queued TYL buy (conf 90, stop 312.0, tp 355.0)
  -> queued WFC buy (conf 80, stop 86.06, tp 92.0)
  -> queued HUM buy (conf None, stop 354.57, tp 392.49)
  -> queued HBAN buy (conf 88, stop 17.2, tp 19.45)
  -> queued IVZ buy (conf None, stop 29.7, tp 32.65)
  -> queued TEL buy (conf None, stop 200.81, tp 221.8)
  -> queued TPR buy (conf None, stop 126.59, tp 164.76)
  -> queued TRMB buy (conf None, stop 54.75, tp 61.75)
  -> queued CPRT buy (conf None, stop 28.555, tp 31.735)
  -> queued GILD buy (conf None, stop 129.03, tp 138.41)
Dashboard watchlist synced (16 symbols) for news/headlines.
Ending portfolio value: $99,218.16
Trade journal: no closed trades yet
Performance: Total return -0.62% | Max drawdown 12.37% | Daily Sharpe 0.23 | Open positions: 14 | Equity $99,218.16
Timings: account: 0.0s | risk: 1.1s | decide: 2.4s | watchlist: 0.0s | perf: 0.1s

=== Run at 2026-08-14T21:17:08.642799 ===
Current time: 2026-08-14 05:17 PM EDT | Market open (per Alpaca): False | Session: CLOSED
=== Run at 2026-08-14T21:16:27.767646 ===
Current time: 2026-08-14 05:16 PM EDT | Market open (per Alpaca): False | Session: CLOSED
Account value: $99,217.42
Cash: $2,352.38 | Holdings (14): {'CEG': '35.6034 sh (+1.20%)', 'CHD': '97.9637 sh (+0.01%)', 'COHR': '7.9896 sh (-4.71%)', 'CVX': '24.8836 sh (+1.16%)', 'GEHC': '0.6136 sh (-0.39%)', 'IVZ': '306.9138 sh (+1.21%)', 'LMT': '16.3555 sh (-0.24%)', 'MS': '43.8344 sh (-1.74%)', 'MSI': '21.1281 sh (-1.01%)', 'NUE': '36.5544 sh (-2.39%)', 'NVDA': '44.2888 sh (+0.41%)', 'NWS': '303.7199 sh (+1.75%)', 'STLD': '0.9216 sh (-2.54%)', 'WSM': '0.1026 sh (-1.61%)'}
Risk state: peak $99,703.60 | drawdown 0.49% | today -0.04% | halted: False
Market regime: NEUTRAL (position-size multiplier: 100% incl. circuit breaker 100%)
News: fetched 157, 0 new after dedup, 0 ticker(s) matched.
Quant pre-screen: 54/67 candidates passed.
Technical fallback (Gemini throttled/unavailable) proposed 58 trade(s) meeting the conviction bar.
Gemini calls used today (all models combined): 383
Market closed (overnight): queued 12 trade idea(s) for next-morning verification -- nothing submitted yet.
  -> queued TTWO buy (conf None, stop 228.4, tp 256.285)
  -> queued TDY buy (conf None, stop 654.41, tp 697.61)
  -> queued HUM buy (conf None, stop 354.57, tp 392.49)
  -> queued WFC buy (conf 80, stop 86.06, tp 92.0)
  -> queued HBAN buy (conf None, stop 17.095, tp 18.03)
News: fetched 157, 1 new after dedup, 0 ticker(s) matched.
Quant pre-screen: 54/67 candidates passed.
Gemini proposed 2 trade(s) meeting the conviction bar.
Gemini calls used today (all models combined): 384
Market closed (overnight): queued 12 trade idea(s) for next-morning verification -- nothing submitted yet.
  -> queued TTWO buy (conf 91, stop 235.0, tp 265.0)
  -> queued TYL buy (conf 90, stop 312.0, tp 355.0)
  -> queued TDY buy (conf 88, stop 650.0, tp 700.0)
  -> queued HBAN buy (conf 85, stop 17.09, tp 18.5)
  -> queued GPN buy (conf 82, stop 84.25, tp 98.0)
  -> queued WFC buy (conf 80, stop 86.06, tp 92.0)
  -> queued HUM buy (conf None, stop 354.57, tp 392.49)
  -> queued IVZ buy (conf None, stop 29.7, tp 32.65)
  -> queued TEL buy (conf None, stop 200.81, tp 221.8)
  -> queued TPR buy (conf None, stop 126.59, tp 164.76)
  -> queued TRMB buy (conf None, stop 54.75, tp 61.75)
  -> queued CPRT buy (conf None, stop 28.555, tp 31.735)
  -> queued GILD buy (conf None, stop 129.03, tp 138.41)
  -> queued HAL buy (conf None, stop 31.2, tp 34.565)
Run budget spent -- skipping dashboard watchlist sync.
Run budget spent -- skipping performance snapshot.
Trade journal: no closed trades yet
Performance: Total return -0.62% | Max drawdown 12.37% | Daily Sharpe 0.23 | Open positions: 14 | Equity $99,217.42
Timings: account: 0.0s | risk: 2.7s | decide: 27.1s | watchlist: 0.0s | perf: 0.0s
Dashboard watchlist synced (16 symbols) for news/headlines.
Ending portfolio value: $99,217.42
Trade journal: no closed trades yet
Performance: Total return -0.62% | Max drawdown 12.37% | Daily Sharpe 0.23 | Open positions: 14 | Equity $99,217.42
Timings: account: 0.0s | risk: 4.5s | decide: 4.1s | watchlist: 0.2s | perf: 0.3s

=== Run at 2026-08-14T21:18:27.634781 ===
Current time: 2026-08-14 05:18 PM EDT | Market open (per Alpaca): False | Session: CLOSED
Account value: $99,218.30
Cash: $2,352.38 | Holdings (14): {'CEG': '35.6034 sh (+1.20%)', 'CHD': '97.9637 sh (+0.01%)', 'COHR': '7.9896 sh (-4.71%)', 'CVX': '24.8836 sh (+1.16%)', 'GEHC': '0.6136 sh (-0.39%)', 'IVZ': '306.9138 sh (+1.21%)', 'LMT': '16.3555 sh (-0.24%)', 'MS': '43.8344 sh (-1.74%)', 'MSI': '21.1281 sh (-1.01%)', 'NUE': '36.5544 sh (-2.39%)', 'NVDA': '44.2888 sh (+0.41%)', 'NWS': '303.7199 sh (+1.75%)', 'STLD': '0.9216 sh (-2.54%)', 'WSM': '0.1026 sh (-1.61%)'}
Risk state: peak $99,703.60 | drawdown 0.49% | today -0.04% | halted: False
Market regime: NEUTRAL (position-size multiplier: 100% incl. circuit breaker 100%)
News: fetched 157, 1 new after dedup, 0 ticker(s) matched.
Quant pre-screen: 54/67 candidates passed.
Gemini proposed 3 trade(s) meeting the conviction bar.
Gemini calls used today (all models combined): 384
Market closed (overnight): queued 12 trade idea(s) for next-morning verification -- nothing submitted yet.
  -> queued TTWO buy (conf 92, stop 235.0, tp 265.0)
  -> queued TDY buy (conf 91, stop 655.0, tp 710.0)
  -> queued HUM buy (conf 90, stop 370.0, tp 420.0)
  -> queued WFC buy (conf 80, stop 86.06, tp 92.0)
  -> queued HBAN buy (conf None, stop 17.095, tp 18.03)
  -> queued IVZ buy (conf None, stop 29.7, tp 32.65)
  -> queued TEL buy (conf None, stop 200.81, tp 221.8)
  -> queued TPR buy (conf None, stop 126.59, tp 164.76)
  -> queued TRMB buy (conf None, stop 54.75, tp 61.75)
  -> queued CPRT buy (conf None, stop 28.555, tp 31.735)
  -> queued GILD buy (conf None, stop 129.03, tp 138.41)
  -> queued HAL buy (conf None, stop 31.2, tp 34.565)
Dashboard watchlist synced (17 symbols) for news/headlines.
Ending portfolio value: $99,219.19
Trade journal: no closed trades yet
Performance: Total return -0.61% | Max drawdown 12.37% | Daily Sharpe 0.23 | Open positions: 14 | Equity $99,218.30
Timings: account: 0.0s | risk: 2.3s | decide: 3.1s | watchlist: 0.1s | perf: 0.1s

=== Run at 2026-08-14T21:20:33.723657 ===
Current time: 2026-08-14 05:20 PM EDT | Market open (per Alpaca): False | Session: CLOSED
Account value: $99,219.59
Cash: $2,352.38 | Holdings (14): {'CEG': '35.6034 sh (+1.20%)', 'CHD': '97.9637 sh (+0.01%)', 'COHR': '7.9896 sh (-4.70%)', 'CVX': '24.8836 sh (+1.16%)', 'GEHC': '0.6136 sh (-0.39%)', 'IVZ': '306.9138 sh (+1.21%)', 'LMT': '16.3555 sh (-0.24%)', 'MS': '43.8344 sh (-1.74%)', 'MSI': '21.1281 sh (-1.01%)', 'NUE': '36.5544 sh (-2.39%)', 'NVDA': '44.2888 sh (+0.42%)', 'NWS': '303.7199 sh (+1.75%)', 'STLD': '0.9216 sh (-2.54%)', 'WSM': '0.1026 sh (-1.61%)'}
Risk state: peak $99,703.60 | drawdown 0.49% | today -0.04% | halted: False
Market regime: NEUTRAL (position-size multiplier: 100% incl. circuit breaker 100%)
News: fetched 157, 2 new after dedup, 0 ticker(s) matched.
Quant pre-screen: 54/67 candidates passed.
Gemini proposed 1 trade(s) meeting the conviction bar.
Gemini calls used today (all models combined): 385
Market closed (overnight): queued 12 trade idea(s) for next-morning verification -- nothing submitted yet.
  -> queued TTWO buy (conf 92, stop 235.0, tp 265.0)
  -> queued TDY buy (conf 91, stop 655.0, tp 710.0)
  -> queued TYL buy (conf 91, stop 300.28, tp 355.0)
  -> queued HUM buy (conf 90, stop 370.0, tp 420.0)
  -> queued WFC buy (conf 80, stop 86.06, tp 92.0)
  -> queued HBAN buy (conf None, stop 17.095, tp 18.03)
  -> queued IVZ buy (conf None, stop 29.7, tp 32.65)
  -> queued TEL buy (conf None, stop 200.81, tp 221.8)
  -> queued TPR buy (conf None, stop 126.59, tp 164.76)
  -> queued TRMB buy (conf None, stop 54.75, tp 61.75)
  -> queued CPRT buy (conf None, stop 28.555, tp 31.735)
  -> queued GILD buy (conf None, stop 129.03, tp 138.41)
Dashboard watchlist synced (15 symbols) for news/headlines.
Ending portfolio value: $99,219.59
Trade journal: no closed trades yet
Performance: Total return -0.61% | Max drawdown 12.37% | Daily Sharpe 0.23 | Open positions: 14 | Equity $99,219.59
Timings: account: 0.0s | risk: 5.0s | decide: 6.3s | watchlist: 0.2s | perf: 0.3s

=== Run at 2026-08-14T21:22:23.671051 ===
Current time: 2026-08-14 05:22 PM EDT | Market open (per Alpaca): False | Session: CLOSED
Account value: $99,217.82
Cash: $2,352.38 | Holdings (14): {'CEG': '35.6034 sh (+1.20%)', 'CHD': '97.9637 sh (+0.01%)', 'COHR': '7.9896 sh (-4.70%)', 'CVX': '24.8836 sh (+1.16%)', 'GEHC': '0.6136 sh (-0.39%)', 'IVZ': '306.9138 sh (+1.21%)', 'LMT': '16.3555 sh (-0.24%)', 'MS': '43.8344 sh (-1.74%)', 'MSI': '21.1281 sh (-1.01%)', 'NUE': '36.5544 sh (-2.39%)', 'NVDA': '44.2888 sh (+0.41%)', 'NWS': '303.7199 sh (+1.75%)', 'STLD': '0.9216 sh (-2.54%)', 'WSM': '0.1026 sh (-1.61%)'}
Risk state: peak $99,703.60 | drawdown 0.49% | today -0.04% | halted: False
Market regime: NEUTRAL (position-size multiplier: 100% incl. circuit breaker 100%)
News: fetched 158, 2 new after dedup, 0 ticker(s) matched.
Quant pre-screen: 54/67 candidates passed.
Gemini proposed 2 trade(s) meeting the conviction bar.
Gemini calls used today (all models combined): 386
Market closed (overnight): queued 12 trade idea(s) for next-morning verification -- nothing submitted yet.
  -> queued TTWO buy (conf 92, stop 235.0, tp 265.0)
  -> queued TDY buy (conf 91, stop 655.0, tp 710.0)
  -> queued TYL buy (conf 90, stop 315.0, tp 355.0)
  -> queued HUM buy (conf 90, stop 370.0, tp 420.0)
  -> queued WFC buy (conf 80, stop 86.06, tp 92.0)
  -> queued HBAN buy (conf None, stop 17.095, tp 18.03)
  -> queued IVZ buy (conf None, stop 29.7, tp 32.65)
  -> queued TEL buy (conf None, stop 200.81, tp 221.8)
  -> queued TPR buy (conf None, stop 126.59, tp 164.76)
  -> queued TRMB buy (conf None, stop 54.75, tp 61.75)
  -> queued CPRT buy (conf None, stop 28.555, tp 31.735)
  -> queued GILD buy (conf None, stop 129.03, tp 138.41)
Dashboard watchlist synced (16 symbols) for news/headlines.
Ending portfolio value: $99,217.82
Trade journal: no closed trades yet
Performance: Total return -0.62% | Max drawdown 12.37% | Daily Sharpe 0.23 | Open positions: 14 | Equity $99,217.82
Timings: account: 0.0s | risk: 1.6s | decide: 2.4s | watchlist: 0.0s | perf: 0.1s

=== Run at 2026-08-14T21:24:24.960224 ===
Current time: 2026-08-14 05:24 PM EDT | Market open (per Alpaca): False | Session: CLOSED
Account value: $99,327.60
Cash: $2,352.38 | Holdings (14): {'CEG': '35.6034 sh (+1.82%)', 'CHD': '97.9637 sh (+0.01%)', 'COHR': '7.9896 sh (-4.61%)', 'CVX': '24.8836 sh (+1.16%)', 'GEHC': '0.6136 sh (-0.39%)', 'IVZ': '306.9138 sh (+1.21%)', 'LMT': '16.3555 sh (+0.22%)', 'MS': '43.8344 sh (-1.74%)', 'MSI': '21.1281 sh (-1.01%)', 'NUE': '36.5544 sh (-2.39%)', 'NVDA': '44.2888 sh (+0.40%)', 'NWS': '303.7199 sh (+1.75%)', 'STLD': '0.9216 sh (-2.54%)', 'WSM': '0.1026 sh (-1.61%)'}
Risk state: peak $99,703.60 | drawdown 0.38% | today +0.07% | halted: False
Market regime: NEUTRAL (position-size multiplier: 100% incl. circuit breaker 100%)
News: fetched 157, 3 new after dedup, 0 ticker(s) matched.
Quant pre-screen: 54/67 candidates passed.
Technical fallback (Gemini throttled/unavailable) proposed 58 trade(s) meeting the conviction bar.
Gemini calls used today (all models combined): 386
Market closed (overnight): queued 12 trade idea(s) for next-morning verification -- nothing submitted yet.
  -> queued TTWO buy (conf None, stop 228.4, tp 256.285)
  -> queued TDY buy (conf None, stop 654.41, tp 697.61)
  -> queued HUM buy (conf None, stop 354.57, tp 392.49)
  -> queued WFC buy (conf 80, stop 86.06, tp 92.0)
  -> queued HBAN buy (conf None, stop 17.095, tp 18.03)
  -> queued IVZ buy (conf None, stop 29.7, tp 32.65)
  -> queued TEL buy (conf None, stop 200.81, tp 221.8)
  -> queued TPR buy (conf None, stop 126.59, tp 164.76)
  -> queued TRMB buy (conf None, stop 54.75, tp 61.75)
  -> queued CPRT buy (conf None, stop 28.555, tp 31.735)
  -> queued GILD buy (conf None, stop 129.03, tp 138.41)
  -> queued HAL buy (conf None, stop 31.2, tp 34.565)
Dashboard watchlist synced (60 symbols) for news/headlines.
Ending portfolio value: $99,330.64
Trade journal: no closed trades yet
Performance: Total return -0.50% | Max drawdown 12.37% | Daily Sharpe 0.25 | Open positions: 14 | Equity $99,327.60
Timings: account: 0.0s | risk: 4.1s | decide: 24.2s | watchlist: 0.1s | perf: 0.2s

=== Run at 2026-08-14T21:26:28.927406 ===
Current time: 2026-08-14 05:26 PM EDT | Market open (per Alpaca): False | Session: CLOSED
Account value: $99,328.79
Cash: $2,352.38 | Holdings (14): {'CEG': '35.6034 sh (+1.82%)', 'CHD': '97.9637 sh (+0.01%)', 'COHR': '7.9896 sh (-4.50%)', 'CVX': '24.8836 sh (+1.16%)', 'GEHC': '0.6136 sh (-0.39%)', 'IVZ': '306.9138 sh (+1.21%)', 'LMT': '16.3555 sh (+0.22%)', 'MS': '43.8344 sh (-1.74%)', 'MSI': '21.1281 sh (-1.01%)', 'NUE': '36.5544 sh (-2.39%)', 'NVDA': '44.2888 sh (+0.38%)', 'NWS': '303.7199 sh (+1.75%)', 'STLD': '0.9216 sh (-2.54%)', 'WSM': '0.1026 sh (-1.61%)'}
Risk state: peak $99,703.60 | drawdown 0.38% | today +0.07% | halted: False
Market regime: NEUTRAL (position-size multiplier: 100% incl. circuit breaker 100%)
News: fetched 158, 1 new after dedup, 0 ticker(s) matched.
Quant pre-screen: 54/67 candidates passed.
Gemini proposed 3 trade(s) meeting the conviction bar.
Gemini calls used today (all models combined): 387
Market closed (overnight): queued 12 trade idea(s) for next-morning verification -- nothing submitted yet.
  -> queued TTWO buy (conf 92, stop 235.0, tp 265.0)
  -> queued TDY buy (conf 90, stop 654.41, tp 697.61)
  -> queued TYL buy (conf 90, stop 310.0, tp 350.0)
  -> queued HUM buy (conf None, stop 354.57, tp 392.49)
  -> queued WFC buy (conf 80, stop 86.06, tp 92.0)
  -> queued HBAN buy (conf None, stop 17.095, tp 18.03)
  -> queued IVZ buy (conf None, stop 29.7, tp 32.65)
  -> queued TEL buy (conf None, stop 200.81, tp 221.8)
  -> queued TPR buy (conf None, stop 126.59, tp 164.76)
  -> queued TRMB buy (conf None, stop 54.75, tp 61.75)
  -> queued CPRT buy (conf None, stop 28.555, tp 31.735)
  -> queued GILD buy (conf None, stop 129.03, tp 138.41)
Dashboard watchlist synced (17 symbols) for news/headlines.
Ending portfolio value: $99,328.79
Trade journal: no closed trades yet
Performance: Total return -0.50% | Max drawdown 12.37% | Daily Sharpe 0.25 | Open positions: 14 | Equity $99,328.79
Timings: account: 0.0s | risk: 4.6s | decide: 4.2s | watchlist: 0.2s | perf: 0.2s

=== Run at 2026-08-14T21:28:27.874988 ===
Current time: 2026-08-14 05:28 PM EDT | Market open (per Alpaca): False | Session: CLOSED
Account value: $99,325.97
Cash: $2,352.38 | Holdings (14): {'CEG': '35.6034 sh (+1.82%)', 'CHD': '97.9637 sh (+0.01%)', 'COHR': '7.9896 sh (-4.64%)', 'CVX': '24.8836 sh (+1.17%)', 'GEHC': '0.6136 sh (-0.39%)', 'IVZ': '306.9138 sh (+1.21%)', 'LMT': '16.3555 sh (+0.22%)', 'MS': '43.8344 sh (-1.74%)', 'MSI': '21.1281 sh (-1.01%)', 'NUE': '36.5544 sh (-2.39%)', 'NVDA': '44.2888 sh (+0.39%)', 'NWS': '303.7199 sh (+1.75%)', 'STLD': '0.9216 sh (-2.54%)', 'WSM': '0.1026 sh (-1.61%)'}
Risk state: peak $99,703.60 | drawdown 0.38% | today +0.07% | halted: False
Market regime: NEUTRAL (position-size multiplier: 100% incl. circuit breaker 100%)
News: fetched 158, 0 new after dedup, 0 ticker(s) matched.
Quant pre-screen: 54/67 candidates passed.
Technical fallback (Gemini throttled/unavailable) proposed 58 trade(s) meeting the conviction bar.
Gemini calls used today (all models combined): 387
Market closed (overnight): queued 12 trade idea(s) for next-morning verification -- nothing submitted yet.
  -> queued TTWO buy (conf None, stop 228.4, tp 256.285)
  -> queued TDY buy (conf None, stop 654.41, tp 697.61)
  -> queued HUM buy (conf None, stop 354.57, tp 392.49)
  -> queued WFC buy (conf 80, stop 86.06, tp 92.0)
  -> queued HBAN buy (conf None, stop 17.095, tp 18.03)
  -> queued IVZ buy (conf None, stop 29.7, tp 32.65)
  -> queued TEL buy (conf None, stop 200.81, tp 221.8)
  -> queued TPR buy (conf None, stop 126.59, tp 164.76)
  -> queued TRMB buy (conf None, stop 54.75, tp 61.75)
  -> queued CPRT buy (conf None, stop 28.555, tp 31.735)
  -> queued GILD buy (conf None, stop 129.03, tp 138.41)
  -> queued HAL buy (conf None, stop 31.2, tp 34.565)
Dashboard watchlist synced (60 symbols) for news/headlines.
Ending portfolio value: $99,327.15
Trade journal: no closed trades yet
Performance: Total return -0.51% | Max drawdown 12.37% | Daily Sharpe 0.25 | Open positions: 14 | Equity $99,325.97
Timings: account: 0.0s | risk: 4.2s | decide: 23.8s | watchlist: 0.2s | perf: 0.2s

=== Run at 2026-08-14T21:30:31.165023 ===
Current time: 2026-08-14 05:30 PM EDT | Market open (per Alpaca): False | Session: CLOSED
Account value: $99,327.03
Cash: $2,352.38 | Holdings (14): {'CEG': '35.6034 sh (+1.82%)', 'CHD': '97.9637 sh (+0.01%)', 'COHR': '7.9896 sh (-4.64%)', 'CVX': '24.8836 sh (+1.17%)', 'GEHC': '0.6136 sh (-0.39%)', 'IVZ': '306.9138 sh (+1.21%)', 'LMT': '16.3555 sh (+0.22%)', 'MS': '43.8344 sh (-1.74%)', 'MSI': '21.1281 sh (-1.01%)', 'NUE': '36.5544 sh (-2.39%)', 'NVDA': '44.2888 sh (+0.40%)', 'NWS': '303.7199 sh (+1.75%)', 'STLD': '0.9216 sh (-2.54%)', 'WSM': '0.1026 sh (-1.61%)'}
Risk state: peak $99,703.60 | drawdown 0.38% | today +0.07% | halted: False
Market regime: NEUTRAL (position-size multiplier: 100% incl. circuit breaker 100%)
News: fetched 158, 0 new after dedup, 0 ticker(s) matched.
Quant pre-screen: 54/67 candidates passed.
Gemini proposed 3 trade(s) meeting the conviction bar.
Gemini calls used today (all models combined): 388
Market closed (overnight): queued 12 trade idea(s) for next-morning verification -- nothing submitted yet.
  -> queued TTWO buy (conf 92, stop 228.4, tp 265.0)
  -> queued TDY buy (conf 95, stop 654.41, tp 715.0)
  -> queued HUM buy (conf None, stop 354.57, tp 392.49)
  -> queued WFC buy (conf 80, stop 86.06, tp 92.0)
  -> queued HBAN buy (conf 90, stop 17.09, tp 19.5)
  -> queued IVZ buy (conf None, stop 29.7, tp 32.65)
  -> queued TEL buy (conf None, stop 200.81, tp 221.8)
  -> queued TPR buy (conf None, stop 126.59, tp 164.76)
  -> queued TRMB buy (conf None, stop 54.75, tp 61.75)
  -> queued CPRT buy (conf None, stop 28.555, tp 31.735)
  -> queued GILD buy (conf None, stop 129.03, tp 138.41)
  -> queued HAL buy (conf None, stop 31.2, tp 34.565)
Dashboard watchlist synced (17 symbols) for news/headlines.
Ending portfolio value: $99,327.03
Trade journal: no closed trades yet
Performance: Total return -0.51% | Max drawdown 12.37% | Daily Sharpe 0.25 | Open positions: 14 | Equity $99,327.03
Timings: account: 0.0s | risk: 2.2s | decide: 24.8s | watchlist: 0.0s | perf: 0.1s

=== Run at 2026-08-14T21:32:27.492029 ===
Current time: 2026-08-14 05:32 PM EDT | Market open (per Alpaca): False | Session: CLOSED
Account value: $99,325.53
Cash: $2,352.38 | Holdings (14): {'CEG': '35.6034 sh (+1.82%)', 'CHD': '97.9637 sh (+0.01%)', 'COHR': '7.9896 sh (-4.64%)', 'CVX': '24.8836 sh (+1.17%)', 'GEHC': '0.6136 sh (-0.39%)', 'IVZ': '306.9138 sh (+1.21%)', 'LMT': '16.3555 sh (+0.22%)', 'MS': '43.8344 sh (-1.74%)', 'MSI': '21.1281 sh (-1.01%)', 'NUE': '36.5544 sh (-2.39%)', 'NVDA': '44.2888 sh (+0.38%)', 'NWS': '303.7199 sh (+1.75%)', 'STLD': '0.9216 sh (-2.54%)', 'WSM': '0.1026 sh (-1.61%)'}
Risk state: peak $99,703.60 | drawdown 0.38% | today +0.07% | halted: False
Market regime: NEUTRAL (position-size multiplier: 100% incl. circuit breaker 100%)
News: fetched 158, 1 new after dedup, 0 ticker(s) matched.
Quant pre-screen: 54/67 candidates passed.
Gemini proposed 3 trade(s) meeting the conviction bar.
Gemini calls used today (all models combined): 389
Market closed (overnight): queued 12 trade idea(s) for next-morning verification -- nothing submitted yet.
  -> queued TTWO buy (conf 90, stop 228.4, tp 265.49)
  -> queued TDY buy (conf 92, stop 654.41, tp 710.0)
  -> queued HUM buy (conf 88, stop 354.57, tp 420.0)
  -> queued WFC buy (conf 80, stop 86.06, tp 92.0)
  -> queued HBAN buy (conf 90, stop 17.09, tp 19.5)
  -> queued IVZ buy (conf None, stop 29.7, tp 32.65)
  -> queued TEL buy (conf None, stop 200.81, tp 221.8)
  -> queued TPR buy (conf None, stop 126.59, tp 164.76)
  -> queued TRMB buy (conf None, stop 54.75, tp 61.75)
  -> queued CPRT buy (conf None, stop 28.555, tp 31.735)
  -> queued GILD buy (conf None, stop 129.03, tp 138.41)
  -> queued HAL buy (conf None, stop 31.2, tp 34.565)
Dashboard watchlist synced (17 symbols) for news/headlines.
Ending portfolio value: $99,325.97
Trade journal: no closed trades yet
Performance: Total return -0.51% | Max drawdown 12.37% | Daily Sharpe 0.25 | Open positions: 14 | Equity $99,325.53
Timings: account: 0.0s | risk: 5.2s | decide: 5.0s | watchlist: 0.1s | perf: 0.2s

=== Run at 2026-08-14T21:34:29.682807 ===
Current time: 2026-08-14 05:34 PM EDT | Market open (per Alpaca): False | Session: CLOSED
Account value: $99,297.49
Cash: $2,352.38 | Holdings (14): {'CEG': '35.6034 sh (+1.54%)', 'CHD': '97.9637 sh (+0.01%)', 'COHR': '7.9896 sh (-4.64%)', 'CVX': '24.8836 sh (+1.17%)', 'GEHC': '0.6136 sh (-0.39%)', 'IVZ': '306.9138 sh (+1.21%)', 'LMT': '16.3555 sh (+0.22%)', 'MS': '43.8344 sh (-1.74%)', 'MSI': '21.1281 sh (-1.01%)', 'NUE': '36.5544 sh (-2.39%)', 'NVDA': '44.2888 sh (+0.39%)', 'NWS': '303.7199 sh (+1.75%)', 'STLD': '0.9216 sh (-2.54%)', 'WSM': '0.1026 sh (-1.61%)'}
Risk state: peak $99,703.60 | drawdown 0.41% | today +0.04% | halted: False
Market regime: NEUTRAL (position-size multiplier: 100% incl. circuit breaker 100%)
News: fetched 158, 0 new after dedup, 0 ticker(s) matched.
Quant pre-screen: 54/67 candidates passed.
Gemini proposed 2 trade(s) meeting the conviction bar.
Gemini calls used today (all models combined): 390
Market closed (overnight): queued 12 trade idea(s) for next-morning verification -- nothing submitted yet.
  -> queued TTWO buy (conf 92, stop 235.0, tp 265.0)
  -> queued TDY buy (conf 92, stop 654.41, tp 710.0)
  -> queued HUM buy (conf 88, stop 354.57, tp 420.0)
  -> queued WFC buy (conf 80, stop 86.06, tp 92.0)
  -> queued HBAN buy (conf 88, stop 17.2, tp 19.0)
  -> queued IVZ buy (conf None, stop 29.7, tp 32.65)
  -> queued TEL buy (conf None, stop 200.81, tp 221.8)
  -> queued TPR buy (conf None, stop 126.59, tp 164.76)
  -> queued TRMB buy (conf None, stop 54.75, tp 61.75)
  -> queued CPRT buy (conf None, stop 28.555, tp 31.735)
  -> queued GILD buy (conf None, stop 129.03, tp 138.41)
  -> queued HAL buy (conf None, stop 31.2, tp 34.565)
Dashboard watchlist synced (16 symbols) for news/headlines.
Ending portfolio value: $99,300.69
Trade journal: no closed trades yet
Performance: Total return -0.53% | Max drawdown 12.37% | Daily Sharpe 0.25 | Open positions: 14 | Equity $99,297.49
Timings: account: 0.0s | risk: 5.6s | decide: 7.3s | watchlist: 0.2s | perf: 0.3s

=== Run at 2026-08-14T21:36:23.684813 ===
Current time: 2026-08-14 05:36 PM EDT | Market open (per Alpaca): False | Session: CLOSED
Account value: $99,300.33
Cash: $2,352.38 | Holdings (14): {'CEG': '35.6034 sh (+1.54%)', 'CHD': '97.9637 sh (+0.01%)', 'COHR': '7.9896 sh (-4.55%)', 'CVX': '24.8836 sh (+1.17%)', 'GEHC': '0.6136 sh (-0.39%)', 'IVZ': '306.9138 sh (+1.21%)', 'LMT': '16.3555 sh (+0.22%)', 'MS': '43.8344 sh (-1.74%)', 'MSI': '21.1281 sh (-1.01%)', 'NUE': '36.5544 sh (-2.39%)', 'NVDA': '44.2888 sh (+0.39%)', 'NWS': '303.7199 sh (+1.75%)', 'STLD': '0.9216 sh (-2.54%)', 'WSM': '0.1026 sh (-1.61%)'}
Risk state: peak $99,703.60 | drawdown 0.40% | today +0.05% | halted: False
Market regime: NEUTRAL (position-size multiplier: 100% incl. circuit breaker 100%)
News: fetched 158, 1 new after dedup, 0 ticker(s) matched.
Quant pre-screen: 54/67 candidates passed.
Gemini proposed 3 trade(s) meeting the conviction bar.
Gemini calls used today (all models combined): 391
Market closed (overnight): queued 12 trade idea(s) for next-morning verification -- nothing submitted yet.
  -> queued TTWO buy (conf 92, stop 235.0, tp 265.0)
  -> queued TDY buy (conf 90, stop 655.0, tp 697.0)
  -> queued HUM buy (conf 88, stop 354.57, tp 420.0)
  -> queued HBAN buy (conf 88, stop 17.2, tp 19.0)
  -> queued TYL buy (conf 88, stop 315.0, tp 355.0)
  -> queued WFC buy (conf 80, stop 86.06, tp 92.0)
  -> queued IVZ buy (conf None, stop 29.7, tp 32.65)
  -> queued TEL buy (conf None, stop 200.81, tp 221.8)
  -> queued TPR buy (conf None, stop 126.59, tp 164.76)
  -> queued TRMB buy (conf None, stop 54.75, tp 61.75)
  -> queued CPRT buy (conf None, stop 28.555, tp 31.735)
  -> queued GILD buy (conf None, stop 129.03, tp 138.41)
Dashboard watchlist synced (17 symbols) for news/headlines.
Ending portfolio value: $99,300.33
Trade journal: no closed trades yet
Performance: Total return -0.53% | Max drawdown 12.37% | Daily Sharpe 0.25 | Open positions: 14 | Equity $99,300.33
Timings: account: 0.0s | risk: 2.3s | decide: 5.7s | watchlist: 0.0s | perf: 0.1s

=== Run at 2026-08-14T21:38:30.499363 ===
Current time: 2026-08-14 05:38 PM EDT | Market open (per Alpaca): False | Session: CLOSED
Account value: $99,283.51
Cash: $2,352.38 | Holdings (14): {'CEG': '35.6034 sh (+1.38%)', 'CHD': '97.9637 sh (+0.01%)', 'COHR': '7.9896 sh (-4.61%)', 'CVX': '24.8836 sh (+1.17%)', 'GEHC': '0.6136 sh (-0.39%)', 'IVZ': '306.9138 sh (+1.21%)', 'LMT': '16.3555 sh (+0.22%)', 'MS': '43.8344 sh (-1.74%)', 'MSI': '21.1281 sh (-1.01%)', 'NUE': '36.5544 sh (-2.39%)', 'NVDA': '44.2888 sh (+0.40%)', 'NWS': '303.7199 sh (+1.75%)', 'STLD': '0.9216 sh (-2.54%)', 'WSM': '0.1026 sh (-1.61%)'}
Risk state: peak $99,703.60 | drawdown 0.42% | today +0.03% | halted: False
Market regime: NEUTRAL (position-size multiplier: 100% incl. circuit breaker 100%)
News: fetched 158, 1 new after dedup, 0 ticker(s) matched.
Quant pre-screen: 54/67 candidates passed.
Gemini proposed 2 trade(s) meeting the conviction bar.
Gemini calls used today (all models combined): 392
Market closed (overnight): queued 12 trade idea(s) for next-morning verification -- nothing submitted yet.
  -> queued TTWO buy (conf 90, stop 235.0, tp 268.0)
  -> queued TDY buy (conf 90, stop 655.0, tp 697.0)
  -> queued HUM buy (conf 88, stop 354.57, tp 420.0)
  -> queued HBAN buy (conf 88, stop 17.2, tp 19.0)
  -> queued TYL buy (conf 92, stop 315.0, tp 355.00000000000006)
  -> queued WFC buy (conf 80, stop 86.06, tp 92.0)
  -> queued IVZ buy (conf None, stop 29.7, tp 32.65)
  -> queued TEL buy (conf None, stop 200.81, tp 221.8)
  -> queued TPR buy (conf None, stop 126.59, tp 164.76)
  -> queued TRMB buy (conf None, stop 54.75, tp 61.75)
  -> queued CPRT buy (conf None, stop 28.555, tp 31.735)
  -> queued GILD buy (conf None, stop 129.03, tp 138.41)
Dashboard watchlist synced (16 symbols) for news/headlines.
Ending portfolio value: $99,283.95
Trade journal: no closed trades yet
Performance: Total return -0.55% | Max drawdown 12.37% | Daily Sharpe 0.24 | Open positions: 14 | Equity $99,283.51
Timings: account: 0.0s | risk: 4.7s | decide: 6.6s | watchlist: 0.2s | perf: 0.3s

=== Run at 2026-08-14T21:40:36.806330 ===
Current time: 2026-08-14 05:40 PM EDT | Market open (per Alpaca): False | Session: CLOSED
Account value: $99,293.79
Cash: $2,352.38 | Holdings (14): {'CEG': '35.6034 sh (+1.46%)', 'CHD': '97.9637 sh (+0.01%)', 'COHR': '7.9896 sh (-4.61%)', 'CVX': '24.8836 sh (+1.20%)', 'GEHC': '0.6136 sh (-0.39%)', 'IVZ': '306.9138 sh (+1.21%)', 'LMT': '16.3555 sh (+0.22%)', 'MS': '43.8344 sh (-1.74%)', 'MSI': '21.1281 sh (-1.01%)', 'NUE': '36.5544 sh (-2.39%)', 'NVDA': '44.2888 sh (+0.40%)', 'NWS': '303.7199 sh (+1.75%)', 'STLD': '0.9216 sh (-2.54%)', 'WSM': '0.1026 sh (-1.61%)'}
Risk state: peak $99,703.60 | drawdown 0.41% | today +0.04% | halted: False
Market regime: NEUTRAL (position-size multiplier: 100% incl. circuit breaker 100%)
News: fetched 158, 3 new after dedup, 0 ticker(s) matched.
Quant pre-screen: 54/67 candidates passed.
Gemini proposed 3 trade(s) meeting the conviction bar.
Gemini calls used today (all models combined): 393
Market closed (overnight): queued 12 trade idea(s) for next-morning verification -- nothing submitted yet.
  -> queued TTWO buy (conf 85, stop 235.0, tp 265.0)
  -> queued TDY buy (conf 82, stop 655.0, tp 710.0)
  -> queued HUM buy (conf 88, stop 354.57, tp 420.0)
  -> queued HBAN buy (conf 88, stop 17.2, tp 19.0)
  -> queued TYL buy (conf 90, stop 315.0, tp 355.00000000000006)
  -> queued WFC buy (conf 80, stop 86.06, tp 92.0)
  -> queued IVZ buy (conf None, stop 29.7, tp 32.65)
  -> queued TEL buy (conf None, stop 200.81, tp 221.8)
  -> queued TPR buy (conf None, stop 126.59, tp 164.76)
  -> queued TRMB buy (conf None, stop 54.75, tp 61.75)
  -> queued CPRT buy (conf None, stop 28.555, tp 31.735)
  -> queued GILD buy (conf None, stop 129.03, tp 138.41)
Dashboard watchlist synced (17 symbols) for news/headlines.
Ending portfolio value: $99,293.79
Trade journal: no closed trades yet
Performance: Total return -0.54% | Max drawdown 12.37% | Daily Sharpe 0.24 | Open positions: 14 | Equity $99,293.79
Timings: account: 0.0s | risk: 5.2s | decide: 12.4s | watchlist: 0.2s | perf: 0.3s

=== Run at 2026-08-14T21:42:29.772924 ===
Current time: 2026-08-14 05:42 PM EDT | Market open (per Alpaca): False | Session: CLOSED
Account value: $99,295.43
Cash: $2,352.38 | Holdings (14): {'CEG': '35.6034 sh (+1.46%)', 'CHD': '97.9637 sh (+0.01%)', 'COHR': '7.9896 sh (-4.50%)', 'CVX': '24.8836 sh (+1.17%)', 'GEHC': '0.6136 sh (-0.39%)', 'IVZ': '306.9138 sh (+1.21%)', 'LMT': '16.3555 sh (+0.22%)', 'MS': '43.8344 sh (-1.74%)', 'MSI': '21.1281 sh (-1.01%)', 'NUE': '36.5544 sh (-2.39%)', 'NVDA': '44.2888 sh (+0.40%)', 'NWS': '303.7199 sh (+1.75%)', 'STLD': '0.9216 sh (-2.54%)', 'WSM': '0.1026 sh (-1.61%)'}
Risk state: peak $99,703.60 | drawdown 0.41% | today +0.04% | halted: False
Market regime: NEUTRAL (position-size multiplier: 100% incl. circuit breaker 100%)
News: fetched 158, 1 new after dedup, 0 ticker(s) matched.
Quant pre-screen: 54/67 candidates passed.
Gemini proposed 3 trade(s) meeting the conviction bar.
Gemini calls used today (all models combined): 394
Market closed (overnight): queued 12 trade idea(s) for next-morning verification -- nothing submitted yet.
  -> queued TTWO buy (conf 92, stop 232.0, tp 265.0)
  -> queued TDY buy (conf 82, stop 655.0, tp 710.0)
  -> queued HUM buy (conf 85, stop 368.0, tp 420.0)
  -> queued HBAN buy (conf 88, stop 17.2, tp 19.0)
  -> queued TYL buy (conf 90, stop 312.0, tp 355.0)
  -> queued WFC buy (conf 80, stop 86.06, tp 92.0)
  -> queued IVZ buy (conf None, stop 29.7, tp 32.65)
  -> queued TEL buy (conf None, stop 200.81, tp 221.8)
  -> queued TPR buy (conf None, stop 126.59, tp 164.76)
  -> queued TRMB buy (conf None, stop 54.75, tp 61.75)
  -> queued CPRT buy (conf None, stop 28.555, tp 31.735)
  -> queued GILD buy (conf None, stop 129.03, tp 138.41)
Dashboard watchlist synced (17 symbols) for news/headlines.
Ending portfolio value: $99,295.09
Trade journal: no closed trades yet
Performance: Total return -0.54% | Max drawdown 12.37% | Daily Sharpe 0.24 | Open positions: 14 | Equity $99,295.43
Timings: account: 0.0s | risk: 4.4s | decide: 5.4s | watchlist: 0.1s | perf: 0.2s

=== Run at 2026-08-14T21:44:34.781141 ===
Current time: 2026-08-14 05:44 PM EDT | Market open (per Alpaca): False | Session: CLOSED
Account value: $99,294.09
Cash: $2,352.38 | Holdings (14): {'CEG': '35.6034 sh (+1.46%)', 'CHD': '97.9637 sh (+0.01%)', 'COHR': '7.9896 sh (-4.55%)', 'CVX': '24.8836 sh (+1.17%)', 'GEHC': '0.6136 sh (-0.39%)', 'IVZ': '306.9138 sh (+1.21%)', 'LMT': '16.3555 sh (+0.22%)', 'MS': '43.8344 sh (-1.74%)', 'MSI': '21.1281 sh (-1.01%)', 'NUE': '36.5544 sh (-2.39%)', 'NVDA': '44.2888 sh (+0.40%)', 'NWS': '303.7199 sh (+1.75%)', 'STLD': '0.9216 sh (-2.54%)', 'WSM': '0.1026 sh (-1.61%)'}
Risk state: peak $99,703.60 | drawdown 0.41% | today +0.04% | halted: False
Market regime: NEUTRAL (position-size multiplier: 100% incl. circuit breaker 100%)
News: fetched 158, 1 new after dedup, 0 ticker(s) matched.
Quant pre-screen: 54/67 candidates passed.
Gemini proposed 3 trade(s) meeting the conviction bar.
Gemini calls used today (all models combined): 395
Market closed (overnight): queued 12 trade idea(s) for next-morning verification -- nothing submitted yet.
  -> queued TTWO buy (conf 88, stop 235.0, tp 265.0)
  -> queued TDY buy (conf 85, stop 660.0, tp 710.0)
  -> queued HUM buy (conf 85, stop 368.0, tp 420.0)
  -> queued HBAN buy (conf 88, stop 17.2, tp 19.0)
  -> queued TYL buy (conf 90, stop 315.0, tp 355.00000000000006)
  -> queued WFC buy (conf 80, stop 86.06, tp 92.0)
  -> queued IVZ buy (conf None, stop 29.7, tp 32.65)
  -> queued TEL buy (conf None, stop 200.81, tp 221.8)
  -> queued TPR buy (conf None, stop 126.59, tp 164.76)
  -> queued TRMB buy (conf None, stop 54.75, tp 61.75)
  -> queued CPRT buy (conf None, stop 28.555, tp 31.735)
  -> queued GILD buy (conf None, stop 129.03, tp 138.41)
Dashboard watchlist synced (17 symbols) for news/headlines.
Ending portfolio value: $99,294.09
Trade journal: no closed trades yet
Performance: Total return -0.54% | Max drawdown 12.37% | Daily Sharpe 0.24 | Open positions: 14 | Equity $99,294.09
Timings: account: 0.0s | risk: 2.2s | decide: 3.6s | watchlist: 0.1s | perf: 0.1s

=== Run at 2026-08-14T21:46:27.300812 ===
Current time: 2026-08-14 05:46 PM EDT | Market open (per Alpaca): False | Session: CLOSED
Account value: $99,300.16
Cash: $2,352.38 | Holdings (14): {'CEG': '35.6034 sh (+1.46%)', 'CHD': '97.9637 sh (+0.01%)', 'COHR': '7.9896 sh (-4.53%)', 'CVX': '24.8836 sh (+1.17%)', 'GEHC': '0.6136 sh (-0.39%)', 'IVZ': '306.9138 sh (+1.21%)', 'LMT': '16.3555 sh (+0.29%)', 'MS': '43.8344 sh (-1.74%)', 'MSI': '21.1281 sh (-1.01%)', 'NUE': '36.5544 sh (-2.39%)', 'NVDA': '44.2888 sh (+0.38%)', 'NWS': '303.7199 sh (+1.75%)', 'STLD': '0.9216 sh (-2.54%)', 'WSM': '0.1026 sh (-1.61%)'}
Risk state: peak $99,703.60 | drawdown 0.40% | today +0.05% | halted: False
Market regime: NEUTRAL (position-size multiplier: 100% incl. circuit breaker 100%)
News: fetched 158, 2 new after dedup, 0 ticker(s) matched.
Quant pre-screen: 54/67 candidates passed.
Technical fallback (Gemini throttled/unavailable) proposed 58 trade(s) meeting the conviction bar.
Gemini calls used today (all models combined): 395
Market closed (overnight): queued 12 trade idea(s) for next-morning verification -- nothing submitted yet.
  -> queued TTWO buy (conf None, stop 228.4, tp 256.285)
  -> queued TDY buy (conf None, stop 654.41, tp 697.61)
  -> queued HUM buy (conf None, stop 354.57, tp 392.49)
  -> queued WFC buy (conf 80, stop 86.06, tp 92.0)
  -> queued HBAN buy (conf None, stop 17.095, tp 18.03)
  -> queued IVZ buy (conf None, stop 29.7, tp 32.65)
  -> queued TEL buy (conf None, stop 200.81, tp 221.8)
  -> queued TPR buy (conf None, stop 126.59, tp 164.76)
  -> queued TRMB buy (conf None, stop 54.75, tp 61.75)
  -> queued CPRT buy (conf None, stop 28.555, tp 31.735)
  -> queued GILD buy (conf None, stop 129.03, tp 138.41)
  -> queued HAL buy (conf None, stop 31.2, tp 34.565)
Run budget spent -- skipping dashboard watchlist sync.
Run budget spent -- skipping performance snapshot.
Trade journal: no closed trades yet
Performance: Total return -0.54% | Max drawdown 12.37% | Daily Sharpe 0.24 | Open positions: 14 | Equity $99,300.16
Timings: account: 0.0s | risk: 2.3s | decide: 27.5s | watchlist: 0.0s | perf: 0.0s

=== Run at 2026-08-14T21:48:28.659992 ===
Current time: 2026-08-14 05:48 PM EDT | Market open (per Alpaca): False | Session: CLOSED
Account value: $99,336.17
Cash: $2,352.38 | Holdings (14): {'CEG': '35.6034 sh (+1.80%)', 'CHD': '97.9637 sh (+0.01%)', 'COHR': '7.9896 sh (-4.44%)', 'CVX': '24.8836 sh (+1.17%)', 'GEHC': '0.6136 sh (-0.39%)', 'IVZ': '306.9138 sh (+1.21%)', 'LMT': '16.3555 sh (+0.29%)', 'MS': '43.8344 sh (-1.74%)', 'MSI': '21.1281 sh (-1.01%)', 'NUE': '36.5544 sh (-2.39%)', 'NVDA': '44.2888 sh (+0.38%)', 'NWS': '303.7199 sh (+1.75%)', 'STLD': '0.9216 sh (-2.54%)', 'WSM': '0.1026 sh (-1.61%)'}
Risk state: peak $99,703.60 | drawdown 0.37% | today +0.08% | halted: False
Market regime: NEUTRAL (position-size multiplier: 100% incl. circuit breaker 100%)
News: fetched 158, 1 new after dedup, 0 ticker(s) matched.
Quant pre-screen: 54/67 candidates passed.
Gemini proposed 2 trade(s) meeting the conviction bar.
Gemini calls used today (all models combined): 396
Market closed (overnight): queued 12 trade idea(s) for next-morning verification -- nothing submitted yet.
  -> queued TTWO buy (conf None, stop 228.4, tp 256.285)
  -> queued TDY buy (conf 91, stop 654.41, tp 715.0)
  -> queued HUM buy (conf None, stop 354.57, tp 392.49)
  -> queued WFC buy (conf 80, stop 86.06, tp 92.0)
  -> queued HBAN buy (conf 85, stop 17.09, tp 19.0)
  -> queued IVZ buy (conf None, stop 29.7, tp 32.65)
  -> queued TEL buy (conf None, stop 200.81, tp 221.8)
  -> queued TPR buy (conf None, stop 126.59, tp 164.76)
  -> queued TRMB buy (conf None, stop 54.75, tp 61.75)
  -> queued CPRT buy (conf None, stop 28.555, tp 31.735)
  -> queued GILD buy (conf None, stop 129.03, tp 138.41)
  -> queued HAL buy (conf None, stop 31.2, tp 34.565)
Dashboard watchlist synced (16 symbols) for news/headlines.
Ending portfolio value: $99,336.17
Trade journal: no closed trades yet
Performance: Total return -0.50% | Max drawdown 12.37% | Daily Sharpe 0.25 | Open positions: 14 | Equity $99,336.17
Timings: account: 0.0s | risk: 4.2s | decide: 4.9s | watchlist: 0.1s | perf: 0.2s

=== Run at 2026-08-14T21:50:32.840719 ===
Current time: 2026-08-14 05:50 PM EDT | Market open (per Alpaca): False | Session: CLOSED
Account value: $99,334.33
Cash: $2,352.38 | Holdings (14): {'CEG': '35.6034 sh (+1.80%)', 'CHD': '97.9637 sh (+0.01%)', 'COHR': '7.9896 sh (-4.50%)', 'CVX': '24.8836 sh (+1.17%)', 'GEHC': '0.6136 sh (-0.39%)', 'IVZ': '306.9138 sh (+1.21%)', 'LMT': '16.3555 sh (+0.29%)', 'MS': '43.8344 sh (-1.74%)', 'MSI': '21.1281 sh (-1.01%)', 'NUE': '36.5544 sh (-2.39%)', 'NVDA': '44.2888 sh (+0.38%)', 'NWS': '303.7199 sh (+1.75%)', 'STLD': '0.9216 sh (-2.54%)', 'WSM': '0.1026 sh (-1.61%)'}
Risk state: peak $99,703.60 | drawdown 0.37% | today +0.08% | halted: False
Market regime: NEUTRAL (position-size multiplier: 100% incl. circuit breaker 100%)
News: fetched 158, 0 new after dedup, 0 ticker(s) matched.
Quant pre-screen: 54/67 candidates passed.
Gemini proposed 3 trade(s) meeting the conviction bar.
Gemini calls used today (all models combined): 397
Market closed (overnight): queued 12 trade idea(s) for next-morning verification -- nothing submitted yet.
  -> queued TTWO buy (conf 90, stop 228.4, tp 270.0)
  -> queued TYL buy (conf 90, stop 300.28, tp 355.0)
  -> queued HUM buy (conf None, stop 354.57, tp 392.49)
  -> queued TDY buy (conf 85, stop 654.41, tp 720.0)
  -> queued HBAN buy (conf 85, stop 17.09, tp 19.0)
  -> queued WFC buy (conf 80, stop 86.06, tp 92.0)
  -> queued IVZ buy (conf None, stop 29.7, tp 32.65)
  -> queued TEL buy (conf None, stop 200.81, tp 221.8)
  -> queued TPR buy (conf None, stop 126.59, tp 164.76)
  -> queued TRMB buy (conf None, stop 54.75, tp 61.75)
  -> queued CPRT buy (conf None, stop 28.555, tp 31.735)
  -> queued GILD buy (conf None, stop 129.03, tp 138.41)
Dashboard watchlist synced (17 symbols) for news/headlines.
Ending portfolio value: $99,334.33
Trade journal: no closed trades yet
Performance: Total return -0.50% | Max drawdown 12.37% | Daily Sharpe 0.25 | Open positions: 14 | Equity $99,334.33
Timings: account: 0.0s | risk: 4.1s | decide: 4.5s | watchlist: 0.1s | perf: 0.2s

=== Run at 2026-08-14T21:52:31.422778 ===
Current time: 2026-08-14 05:52 PM EDT | Market open (per Alpaca): False | Session: CLOSED
Account value: $99,338.13
Cash: $2,352.38 | Holdings (14): {'CEG': '35.6034 sh (+1.80%)', 'CHD': '97.9637 sh (+0.01%)', 'COHR': '7.9896 sh (-4.38%)', 'CVX': '24.8836 sh (+1.17%)', 'GEHC': '0.6136 sh (-0.39%)', 'IVZ': '306.9138 sh (+1.21%)', 'LMT': '16.3555 sh (+0.29%)', 'MS': '43.8344 sh (-1.74%)', 'MSI': '21.1281 sh (-1.01%)', 'NUE': '36.5544 sh (-2.39%)', 'NVDA': '44.2888 sh (+0.39%)', 'NWS': '303.7199 sh (+1.75%)', 'STLD': '0.9216 sh (-2.54%)', 'WSM': '0.1026 sh (-1.61%)'}
Risk state: peak $99,703.60 | drawdown 0.37% | today +0.08% | halted: False
Market regime: NEUTRAL (position-size multiplier: 100% incl. circuit breaker 100%)
News: fetched 158, 3 new after dedup, 0 ticker(s) matched.
Quant pre-screen: 54/67 candidates passed.
Gemini proposed 2 trade(s) meeting the conviction bar.
Gemini calls used today (all models combined): 398
Market closed (overnight): queued 12 trade idea(s) for next-morning verification -- nothing submitted yet.
  -> queued TTWO buy (conf 88, stop 230.0, tp 270.0)
  -> queued TYL buy (conf 90, stop 310.0, tp 355.00000000000006)
  -> queued HUM buy (conf None, stop 354.57, tp 392.49)
  -> queued TDY buy (conf 85, stop 654.41, tp 720.0)
  -> queued HBAN buy (conf 85, stop 17.09, tp 19.0)
  -> queued WFC buy (conf 80, stop 86.06, tp 92.0)
  -> queued IVZ buy (conf None, stop 29.7, tp 32.65)
  -> queued TEL buy (conf None, stop 200.81, tp 221.8)
  -> queued TPR buy (conf None, stop 126.59, tp 164.76)
  -> queued TRMB buy (conf None, stop 54.75, tp 61.75)
  -> queued CPRT buy (conf None, stop 28.555, tp 31.735)
  -> queued GILD buy (conf None, stop 129.03, tp 138.41)
Dashboard watchlist synced (16 symbols) for news/headlines.
Ending portfolio value: $99,338.13
Trade journal: no closed trades yet
Performance: Total return -0.50% | Max drawdown 12.37% | Daily Sharpe 0.25 | Open positions: 14 | Equity $99,338.13
Timings: account: 0.0s | risk: 4.5s | decide: 4.3s | watchlist: 0.2s | perf: 0.3s

=== Run at 2026-08-14T21:54:25.911496 ===
Current time: 2026-08-14 05:54 PM EDT | Market open (per Alpaca): False | Session: CLOSED
Account value: $99,340.99
Cash: $2,352.38 | Holdings (14): {'CEG': '35.6034 sh (+1.80%)', 'CHD': '97.9637 sh (+0.01%)', 'COHR': '7.9896 sh (-4.38%)', 'CVX': '24.8836 sh (+1.22%)', 'GEHC': '0.6136 sh (-0.39%)', 'IVZ': '306.9138 sh (+1.21%)', 'LMT': '16.3555 sh (+0.29%)', 'MS': '43.8344 sh (-1.74%)', 'MSI': '21.1281 sh (-1.01%)', 'NUE': '36.5544 sh (-2.39%)', 'NVDA': '44.2888 sh (+0.39%)', 'NWS': '303.7199 sh (+1.75%)', 'STLD': '0.9216 sh (-2.54%)', 'WSM': '0.1026 sh (-1.61%)'}
Risk state: peak $99,703.60 | drawdown 0.36% | today +0.09% | halted: False
Market regime: NEUTRAL (position-size multiplier: 100% incl. circuit breaker 100%)
News: fetched 158, 2 new after dedup, 0 ticker(s) matched.
Quant pre-screen: 54/67 candidates passed.
Gemini proposed 2 trade(s) meeting the conviction bar.
Gemini calls used today (all models combined): 399
Market closed (overnight): queued 12 trade idea(s) for next-morning verification -- nothing submitted yet.
  -> queued TTWO buy (conf 91, stop 235.0, tp 265.0)
  -> queued TYL buy (conf 90, stop 315.0, tp 355.0)
  -> queued HUM buy (conf None, stop 354.57, tp 392.49)
  -> queued TDY buy (conf 85, stop 654.41, tp 720.0)
  -> queued HBAN buy (conf 85, stop 17.09, tp 19.0)
  -> queued WFC buy (conf 80, stop 86.06, tp 92.0)
  -> queued IVZ buy (conf None, stop 29.7, tp 32.65)
  -> queued TEL buy (conf None, stop 200.81, tp 221.8)
  -> queued TPR buy (conf None, stop 126.59, tp 164.76)
  -> queued TRMB buy (conf None, stop 54.75, tp 61.75)
  -> queued CPRT buy (conf None, stop 28.555, tp 31.735)
  -> queued GILD buy (conf None, stop 129.03, tp 138.41)
Dashboard watchlist synced (16 symbols) for news/headlines.
Ending portfolio value: $99,340.62
Trade journal: no closed trades yet
Performance: Total return -0.49% | Max drawdown 12.37% | Daily Sharpe 0.26 | Open positions: 14 | Equity $99,340.99
Timings: account: 0.0s | risk: 4.4s | decide: 4.4s | watchlist: 0.1s | perf: 0.2s

=== Run at 2026-08-14T21:56:25.799556 ===
Current time: 2026-08-14 05:56 PM EDT | Market open (per Alpaca): False | Session: CLOSED
Account value: $99,338.88
Cash: $2,352.38 | Holdings (14): {'CEG': '35.6034 sh (+1.80%)', 'CHD': '97.9637 sh (+0.01%)', 'COHR': '7.9896 sh (-4.38%)', 'CVX': '24.8836 sh (+1.19%)', 'GEHC': '0.6136 sh (-0.39%)', 'IVZ': '306.9138 sh (+1.21%)', 'LMT': '16.3555 sh (+0.29%)', 'MS': '43.8344 sh (-1.74%)', 'MSI': '21.1281 sh (-1.01%)', 'NUE': '36.5544 sh (-2.39%)', 'NVDA': '44.2888 sh (+0.39%)', 'NWS': '303.7199 sh (+1.75%)', 'STLD': '0.9216 sh (-2.54%)', 'WSM': '0.1026 sh (-1.61%)'}
Risk state: peak $99,703.60 | drawdown 0.37% | today +0.08% | halted: False
Market regime: NEUTRAL (position-size multiplier: 100% incl. circuit breaker 100%)
News: fetched 158, 2 new after dedup, 0 ticker(s) matched.
Quant pre-screen: 54/67 candidates passed.
Gemini proposed 3 trade(s) meeting the conviction bar.
Gemini calls used today (all models combined): 400
Market closed (overnight): queued 12 trade idea(s) for next-morning verification -- nothing submitted yet.
  -> queued TTWO buy (conf 92, stop 228.4, tp 265.0)
  -> queued TYL buy (conf 90, stop 315.0, tp 355.0)
  -> queued HUM buy (conf 82, stop 354.57, tp 427.5)
  -> queued TDY buy (conf 85, stop 654.41, tp 697.61)
  -> queued HBAN buy (conf 85, stop 17.09, tp 19.0)
  -> queued WFC buy (conf 80, stop 86.06, tp 92.0)
  -> queued IVZ buy (conf None, stop 29.7, tp 32.65)
  -> queued TEL buy (conf None, stop 200.81, tp 221.8)
  -> queued TPR buy (conf None, stop 126.59, tp 164.76)
  -> queued TRMB buy (conf None, stop 54.75, tp 61.75)
  -> queued CPRT buy (conf None, stop 28.555, tp 31.735)
  -> queued GILD buy (conf None, stop 129.03, tp 138.41)
Dashboard watchlist synced (17 symbols) for news/headlines.
Ending portfolio value: $99,339.25
Trade journal: no closed trades yet
Performance: Total return -0.49% | Max drawdown 12.37% | Daily Sharpe 0.26 | Open positions: 14 | Equity $99,338.88
Timings: account: 0.0s | risk: 2.3s | decide: 24.3s | watchlist: 0.1s | perf: 0.2s

=== Run at 2026-08-14T21:58:23.358580 ===
Current time: 2026-08-14 05:58 PM EDT | Market open (per Alpaca): False | Session: CLOSED
Account value: $99,332.36
Cash: $2,352.38 | Holdings (14): {'CEG': '35.6034 sh (+1.80%)', 'CHD': '97.9637 sh (+0.01%)', 'COHR': '7.9896 sh (-4.63%)', 'CVX': '24.8836 sh (+1.19%)', 'GEHC': '0.6136 sh (-0.39%)', 'IVZ': '306.9138 sh (+1.21%)', 'LMT': '16.3555 sh (+0.29%)', 'MS': '43.8344 sh (-1.74%)', 'MSI': '21.1281 sh (-1.01%)', 'NUE': '36.5544 sh (-2.39%)', 'NVDA': '44.2888 sh (+0.39%)', 'NWS': '303.7199 sh (+1.75%)', 'STLD': '0.9216 sh (-2.54%)', 'WSM': '0.1026 sh (-1.61%)'}
Risk state: peak $99,703.60 | drawdown 0.37% | today +0.08% | halted: False
Market regime: NEUTRAL (position-size multiplier: 100% incl. circuit breaker 100%)
News: fetched 158, 2 new after dedup, 0 ticker(s) matched.
Quant pre-screen: 54/67 candidates passed.
Gemini proposed 2 trade(s) meeting the conviction bar.
Gemini calls used today (all models combined): 401
Market closed (overnight): queued 12 trade idea(s) for next-morning verification -- nothing submitted yet.
  -> queued TTWO buy (conf 92, stop 235.0, tp None)
  -> queued TYL buy (conf 90, stop 315.0, tp 355.0)
  -> queued HUM buy (conf 82, stop 354.57, tp 427.5)
  -> queued TDY buy (conf 85, stop 654.41, tp 697.61)
  -> queued HBAN buy (conf 88, stop 17.2, tp 19.2)
  -> queued WFC buy (conf 80, stop 86.06, tp 92.0)
  -> queued IVZ buy (conf None, stop 29.7, tp 32.65)
  -> queued TEL buy (conf None, stop 200.81, tp 221.8)
  -> queued TPR buy (conf None, stop 126.59, tp 164.76)
  -> queued TRMB buy (conf None, stop 54.75, tp 61.75)
  -> queued CPRT buy (conf None, stop 28.555, tp 31.735)
  -> queued GILD buy (conf None, stop 129.03, tp 138.41)
Dashboard watchlist synced (16 symbols) for news/headlines.
Ending portfolio value: $99,332.36
Trade journal: no closed trades yet
Performance: Total return -0.50% | Max drawdown 12.37% | Daily Sharpe 0.25 | Open positions: 14 | Equity $99,332.36
Timings: account: 0.0s | risk: 3.2s | decide: 3.3s | watchlist: 0.1s | perf: 0.2s

=== Run at 2026-08-14T22:00:36.138659 ===
Current time: 2026-08-14 06:00 PM EDT | Market open (per Alpaca): False | Session: CLOSED
Account value: $99,336.20
Cash: $2,352.38 | Holdings (14): {'CEG': '35.6034 sh (+1.80%)', 'CHD': '97.9637 sh (+0.01%)', 'COHR': '7.9896 sh (-4.49%)', 'CVX': '24.8836 sh (+1.19%)', 'GEHC': '0.6136 sh (-0.39%)', 'IVZ': '306.9138 sh (+1.21%)', 'LMT': '16.3555 sh (+0.29%)', 'MS': '43.8344 sh (-1.74%)', 'MSI': '21.1281 sh (-1.01%)', 'NUE': '36.5544 sh (-2.39%)', 'NVDA': '44.2888 sh (+0.39%)', 'NWS': '303.7199 sh (+1.75%)', 'STLD': '0.9216 sh (-2.54%)', 'WSM': '0.1026 sh (-1.61%)'}
Risk state: peak $99,703.60 | drawdown 0.37% | today +0.08% | halted: False
Market regime: NEUTRAL (position-size multiplier: 100% incl. circuit breaker 100%)
News: fetched 158, 2 new after dedup, 0 ticker(s) matched.
Quant pre-screen: 15/19 candidates passed.
Gemini proposed 2 trade(s) meeting the conviction bar.
Gemini calls used today (all models combined): 402
Market closed (overnight): queued 12 trade idea(s) for next-morning verification -- nothing submitted yet.
  -> queued TTWO buy (conf 85, stop 235.0, tp 265.0)
  -> queued TYL buy (conf 90, stop 315.0, tp 355.0)
  -> queued HUM buy (conf 82, stop 354.57, tp 427.5)
  -> queued TDY buy (conf 85, stop 654.41, tp 697.61)
  -> queued HBAN buy (conf 88, stop 17.2, tp 19.2)
  -> queued WFC buy (conf 80, stop 86.06, tp 92.0)
  -> queued IVZ buy (conf None, stop 29.7, tp 32.65)
  -> queued TEL buy (conf None, stop 200.81, tp 221.8)
  -> queued TPR buy (conf None, stop 126.59, tp 164.76)
  -> queued TRMB buy (conf None, stop 54.75, tp 61.75)
  -> queued CPRT buy (conf 80, stop 29.5, tp 34.0)
  -> queued GILD buy (conf None, stop 129.03, tp 138.41)
Dashboard watchlist synced (16 symbols) for news/headlines.
Ending portfolio value: $99,336.20
Trade journal: no closed trades yet
Performance: Total return -0.50% | Max drawdown 12.37% | Daily Sharpe 0.25 | Open positions: 14 | Equity $99,336.20
Timings: account: 0.0s | risk: 4.3s | decide: 6.8s | watchlist: 0.1s | perf: 0.2s

=== Run at 2026-08-14T22:02:25.049442 ===
Current time: 2026-08-14 06:02 PM EDT | Market open (per Alpaca): False | Session: CLOSED
Account value: $99,329.11
Cash: $2,352.38 | Holdings (14): {'CEG': '35.6034 sh (+1.80%)', 'CHD': '97.9637 sh (+0.01%)', 'COHR': '7.9896 sh (-4.64%)', 'CVX': '24.8836 sh (+1.19%)', 'GEHC': '0.6136 sh (-0.39%)', 'IVZ': '306.9138 sh (+1.21%)', 'LMT': '16.3555 sh (+0.29%)', 'MS': '43.8344 sh (-1.74%)', 'MSI': '21.1281 sh (-1.01%)', 'NUE': '36.5544 sh (-2.39%)', 'NVDA': '44.2888 sh (+0.36%)', 'NWS': '303.7199 sh (+1.75%)', 'STLD': '0.9216 sh (-2.54%)', 'WSM': '0.1026 sh (-1.61%)'}
Risk state: peak $99,703.60 | drawdown 0.38% | today +0.07% | halted: False
Market regime: NEUTRAL (position-size multiplier: 100% incl. circuit breaker 100%)
News: fetched 158, 1 new after dedup, 0 ticker(s) matched.
Quant pre-screen: 24/31 candidates passed.
Gemini proposed 3 trade(s) meeting the conviction bar.
Gemini calls used today (all models combined): 403
Market closed (overnight): queued 12 trade idea(s) for next-morning verification -- nothing submitted yet.
  -> queued TTWO buy (conf 85, stop 235.0, tp 265.0)
  -> queued TYL buy (conf 90, stop 315.0, tp 355.0)
  -> queued HUM buy (conf 82, stop 354.57, tp 427.5)
  -> queued TDY buy (conf 82, stop 660.0, tp 710.0)
  -> queued HBAN buy (conf 88, stop 17.2, tp 19.2)
  -> queued WFC buy (conf 80, stop 86.06, tp 92.0)
  -> queued IVZ buy (conf None, stop 29.7, tp 32.65)
  -> queued TEL buy (conf None, stop 200.81, tp 221.8)
  -> queued TPR buy (conf None, stop 126.59, tp 164.76)
  -> queued TRMB buy (conf None, stop 54.75, tp 61.75)
  -> queued CPRT buy (conf 80, stop 29.5, tp 34.0)
  -> queued GILD buy (conf None, stop 129.03, tp 138.41)
Dashboard watchlist synced (17 symbols) for news/headlines.
Ending portfolio value: $99,329.11
Trade journal: no closed trades yet
Performance: Total return -0.50% | Max drawdown 12.37% | Daily Sharpe 0.25 | Open positions: 14 | Equity $99,329.11
Timings: account: 0.0s | risk: 1.8s | decide: 4.4s | watchlist: 0.0s | perf: 0.1s

=== Run at 2026-08-14T22:04:24.537878 ===
Current time: 2026-08-14 06:04 PM EDT | Market open (per Alpaca): False | Session: CLOSED
Account value: $99,330.44
Cash: $2,352.38 | Holdings (14): {'CEG': '35.6034 sh (+1.80%)', 'CHD': '97.9637 sh (+0.01%)', 'COHR': '7.9896 sh (-4.64%)', 'CVX': '24.8836 sh (+1.19%)', 'GEHC': '0.6136 sh (-0.39%)', 'IVZ': '306.9138 sh (+1.21%)', 'LMT': '16.3555 sh (+0.29%)', 'MS': '43.8344 sh (-1.74%)', 'MSI': '21.1281 sh (-1.01%)', 'NUE': '36.5544 sh (-2.39%)', 'NVDA': '44.2888 sh (+0.38%)', 'NWS': '303.7199 sh (+1.75%)', 'STLD': '0.9216 sh (-2.54%)', 'WSM': '0.1026 sh (-1.61%)'}
Risk state: peak $99,703.60 | drawdown 0.37% | today +0.08% | halted: False
Market regime: NEUTRAL (position-size multiplier: 100% incl. circuit breaker 100%)
News: fetched 158, 1 new after dedup, 0 ticker(s) matched.
Quant pre-screen: 34/43 candidates passed.
Gemini proposed 1 trade(s) meeting the conviction bar.
Gemini calls used today (all models combined): 404
Market closed (overnight): queued 12 trade idea(s) for next-morning verification -- nothing submitted yet.
  -> queued TTWO buy (conf 85, stop 235.0, tp 265.0)
  -> queued TYL buy (conf 90, stop 315.0, tp 355.0)
  -> queued HUM buy (conf 82, stop 354.57, tp 427.5)
  -> queued TDY buy (conf 82, stop 660.0, tp 710.0)
  -> queued HBAN buy (conf 82, stop 17.25, tp 18.8)
  -> queued WFC buy (conf 80, stop 86.06, tp 92.0)
  -> queued IVZ buy (conf None, stop 29.7, tp 32.65)
  -> queued TEL buy (conf None, stop 200.81, tp 221.8)
  -> queued TPR buy (conf None, stop 126.59, tp 164.76)
  -> queued TRMB buy (conf None, stop 54.75, tp 61.75)
  -> queued CPRT buy (conf 80, stop 29.5, tp 34.0)
  -> queued GILD buy (conf None, stop 129.03, tp 138.41)
Dashboard watchlist synced (15 symbols) for news/headlines.
Ending portfolio value: $99,329.11
Trade journal: no closed trades yet
Performance: Total return -0.50% | Max drawdown 12.37% | Daily Sharpe 0.25 | Open positions: 14 | Equity $99,330.44
Timings: account: 0.0s | risk: 2.1s | decide: 3.1s | watchlist: 0.0s | perf: 0.1s

=== Run at 2026-08-14T22:06:23.496847 ===
Current time: 2026-08-14 06:06 PM EDT | Market open (per Alpaca): False | Session: CLOSED
Account value: $99,334.33
Cash: $2,352.38 | Holdings (14): {'CEG': '35.6034 sh (+1.80%)', 'CHD': '97.9637 sh (+0.01%)', 'COHR': '7.9896 sh (-4.53%)', 'CVX': '24.8836 sh (+1.22%)', 'GEHC': '0.6136 sh (-0.39%)', 'IVZ': '306.9138 sh (+1.21%)', 'LMT': '16.3555 sh (+0.29%)', 'MS': '43.8344 sh (-1.74%)', 'MSI': '21.1281 sh (-1.01%)', 'NUE': '36.5544 sh (-2.39%)', 'NVDA': '44.2888 sh (+0.37%)', 'NWS': '303.7199 sh (+1.75%)', 'STLD': '0.9216 sh (-2.54%)', 'WSM': '0.1026 sh (-1.61%)'}
Risk state: peak $99,703.60 | drawdown 0.37% | today +0.08% | halted: False
Market regime: NEUTRAL (position-size multiplier: 100% incl. circuit breaker 100%)
News: fetched 158, 0 new after dedup, 0 ticker(s) matched.
Quant pre-screen: 43/55 candidates passed.
Technical fallback (Gemini throttled/unavailable) proposed 47 trade(s) meeting the conviction bar.
Gemini calls used today (all models combined): 404
Market closed (overnight): queued 12 trade idea(s) for next-morning verification -- nothing submitted yet.
  -> queued TTWO buy (conf None, stop 228.4, tp 256.285)
  -> queued HUM buy (conf None, stop 354.57, tp 392.49)
  -> queued TDY buy (conf None, stop 654.41, tp 697.61)
  -> queued WFC buy (conf 80, stop 86.06, tp 92.0)
  -> queued HBAN buy (conf None, stop 17.095, tp 18.03)
  -> queued IVZ buy (conf None, stop 29.7, tp 32.65)
  -> queued TEL buy (conf None, stop 200.81, tp 221.8)
  -> queued TPR buy (conf None, stop 126.59, tp 164.76)
  -> queued TRMB buy (conf None, stop 54.75, tp 61.75)
  -> queued CPRT buy (conf None, stop 28.555, tp 31.735)
  -> queued GILD buy (conf None, stop 129.03, tp 138.41)
  -> queued HAL buy (conf None, stop 31.2, tp 34.565)
Run budget spent -- skipping dashboard watchlist sync.
Run budget spent -- skipping performance snapshot.
Trade journal: no closed trades yet
Performance: Total return -0.50% | Max drawdown 12.37% | Daily Sharpe 0.25 | Open positions: 14 | Equity $99,334.33
Timings: account: 0.0s | risk: 1.6s | decide: 28.0s | watchlist: 0.0s | perf: 0.0s

=== Run at 2026-08-14T22:08:27.001799 ===
Current time: 2026-08-14 06:08 PM EDT | Market open (per Alpaca): False | Session: CLOSED
Account value: $99,329.87
Cash: $2,352.38 | Holdings (14): {'CEG': '35.6034 sh (+1.80%)', 'CHD': '97.9637 sh (+0.01%)', 'COHR': '7.9896 sh (-4.76%)', 'CVX': '24.8836 sh (+1.22%)', 'GEHC': '0.6136 sh (-0.39%)', 'IVZ': '306.9138 sh (+1.21%)', 'LMT': '16.3555 sh (+0.29%)', 'MS': '43.8344 sh (-1.74%)', 'MSI': '21.1281 sh (-1.01%)', 'NUE': '36.5544 sh (-2.39%)', 'NVDA': '44.2888 sh (+0.38%)', 'NWS': '303.7199 sh (+1.75%)', 'STLD': '0.9216 sh (-2.54%)', 'WSM': '0.1026 sh (-1.61%)'}
Risk state: peak $99,703.60 | drawdown 0.37% | today +0.08% | halted: False
Market regime: NEUTRAL (position-size multiplier: 100% incl. circuit breaker 100%)
News: fetched 158, 2 new after dedup, 0 ticker(s) matched.
Quant pre-screen: 53/67 candidates passed.
Gemini proposed 2 trade(s) meeting the conviction bar.
Gemini calls used today (all models combined): 405
Market closed (overnight): queued 12 trade idea(s) for next-morning verification -- nothing submitted yet.
  -> queued HUM buy (conf None, stop 354.57, tp 392.49)
  -> queued TDY buy (conf None, stop 654.41, tp 697.61)
  -> queued TYL buy (conf 85, stop 310.0, tp 355.00000000000006)
  -> queued TTWO buy (conf 80, stop 235.0, tp 265.0)
  -> queued WFC buy (conf 80, stop 86.06, tp 92.0)
  -> queued HBAN buy (conf None, stop 17.095, tp 18.03)
  -> queued IVZ buy (conf None, stop 29.7, tp 32.65)
  -> queued TEL buy (conf None, stop 200.81, tp 221.8)
  -> queued TPR buy (conf None, stop 126.59, tp 164.76)
  -> queued TRMB buy (conf None, stop 54.75, tp 61.75)
  -> queued CPRT buy (conf None, stop 28.555, tp 31.735)
  -> queued GILD buy (conf None, stop 129.03, tp 138.41)
Dashboard watchlist synced (16 symbols) for news/headlines.
Ending portfolio value: $99,332.82
Trade journal: no closed trades yet
Performance: Total return -0.50% | Max drawdown 12.37% | Daily Sharpe 0.25 | Open positions: 14 | Equity $99,329.87
Timings: account: 0.0s | risk: 4.9s | decide: 9.2s | watchlist: 0.1s | perf: 0.2s

=== Run at 2026-08-14T22:10:30.994056 ===
Current time: 2026-08-14 06:10 PM EDT | Market open (per Alpaca): False | Session: CLOSED
Account value: $99,333.06
Cash: $2,352.38 | Holdings (14): {'CEG': '35.6034 sh (+1.80%)', 'CHD': '97.9637 sh (+0.01%)', 'COHR': '7.9896 sh (-4.64%)', 'CVX': '24.8836 sh (+1.22%)', 'GEHC': '0.6136 sh (-0.39%)', 'IVZ': '306.9138 sh (+1.21%)', 'LMT': '16.3555 sh (+0.29%)', 'MS': '43.8344 sh (-1.74%)', 'MSI': '21.1281 sh (-1.01%)', 'NUE': '36.5544 sh (-2.39%)', 'NVDA': '44.2888 sh (+0.38%)', 'NWS': '303.7199 sh (+1.75%)', 'STLD': '0.9216 sh (-2.54%)', 'WSM': '0.1026 sh (-1.61%)'}
Risk state: peak $99,703.60 | drawdown 0.37% | today +0.08% | halted: False
Market regime: NEUTRAL (position-size multiplier: 100% incl. circuit breaker 100%)
News: fetched 158, 0 new after dedup, 0 ticker(s) matched.
Quant pre-screen: 53/67 candidates passed.
Gemini proposed 3 trade(s) meeting the conviction bar.
Gemini calls used today (all models combined): 406
Market closed (overnight): queued 12 trade idea(s) for next-morning verification -- nothing submitted yet.
  -> queued HUM buy (conf 90, stop 372.0, tp 420.0)
  -> queued TDY buy (conf None, stop 654.41, tp 697.61)
  -> queued TYL buy (conf 91, stop 315.0, tp 355.00000000000006)
  -> queued TTWO buy (conf 90, stop 235.0, tp 270.0)
  -> queued WFC buy (conf 80, stop 86.06, tp 92.0)
  -> queued HBAN buy (conf None, stop 17.095, tp 18.03)
  -> queued IVZ buy (conf None, stop 29.7, tp 32.65)
  -> queued TEL buy (conf None, stop 200.81, tp 221.8)
  -> queued TPR buy (conf None, stop 126.59, tp 164.76)
  -> queued TRMB buy (conf None, stop 54.75, tp 61.75)
  -> queued CPRT buy (conf None, stop 28.555, tp 31.735)
  -> queued GILD buy (conf None, stop 129.03, tp 138.41)
Dashboard watchlist synced (17 symbols) for news/headlines.
Ending portfolio value: $99,333.06
Trade journal: no closed trades yet
Performance: Total return -0.50% | Max drawdown 12.37% | Daily Sharpe 0.25 | Open positions: 14 | Equity $99,333.06
Timings: account: 0.0s | risk: 1.8s | decide: 4.7s | watchlist: 0.0s | perf: 0.1s

=== Run at 2026-08-14T22:12:27.200610 ===
Current time: 2026-08-14 06:12 PM EDT | Market open (per Alpaca): False | Session: CLOSED
Account value: $99,334.01
Cash: $2,352.38 | Holdings (14): {'CEG': '35.6034 sh (+1.80%)', 'CHD': '97.9637 sh (+0.01%)', 'COHR': '7.9896 sh (-4.55%)', 'CVX': '24.8836 sh (+1.22%)', 'GEHC': '0.6136 sh (-0.39%)', 'IVZ': '306.9138 sh (+1.21%)', 'LMT': '16.3555 sh (+0.29%)', 'MS': '43.8344 sh (-1.74%)', 'MSI': '21.1281 sh (-1.01%)', 'NUE': '36.5544 sh (-2.39%)', 'NVDA': '44.2888 sh (+0.37%)', 'NWS': '303.7199 sh (+1.75%)', 'STLD': '0.9216 sh (-2.54%)', 'WSM': '0.1026 sh (-1.61%)'}
Risk state: peak $99,703.60 | drawdown 0.37% | today +0.08% | halted: False
Market regime: NEUTRAL (position-size multiplier: 100% incl. circuit breaker 100%)
News: fetched 158, 0 new after dedup, 0 ticker(s) matched.
Quant pre-screen: 53/67 candidates passed.
Gemini proposed 3 trade(s) meeting the conviction bar.
Gemini calls used today (all models combined): 407
Market closed (overnight): queued 12 trade idea(s) for next-morning verification -- nothing submitted yet.
  -> queued HUM buy (conf 90, stop 372.0, tp 420.0)
  -> queued TDY buy (conf 85, stop 654.41, tp 710.0)
  -> queued TYL buy (conf 80, stop 300.28, tp 355.0)
  -> queued TTWO buy (conf 82, stop 228.4, tp 265.49)
  -> queued WFC buy (conf 80, stop 86.06, tp 92.0)
  -> queued HBAN buy (conf None, stop 17.095, tp 18.03)
  -> queued IVZ buy (conf None, stop 29.7, tp 32.65)
  -> queued TEL buy (conf None, stop 200.81, tp 221.8)
  -> queued TPR buy (conf None, stop 126.59, tp 164.76)
  -> queued TRMB buy (conf None, stop 54.75, tp 61.75)
  -> queued CPRT buy (conf None, stop 28.555, tp 31.735)
  -> queued GILD buy (conf None, stop 129.03, tp 138.41)
Dashboard watchlist synced (17 symbols) for news/headlines.
Ending portfolio value: $99,334.01
Trade journal: no closed trades yet
Performance: Total return -0.50% | Max drawdown 12.37% | Daily Sharpe 0.25 | Open positions: 14 | Equity $99,334.01
Timings: account: 0.0s | risk: 1.1s | decide: 3.4s | watchlist: 0.0s | perf: 0.1s

=== Run at 2026-08-14T22:13:03.959583 ===
Current time: 2026-08-14 06:13 PM EDT | Market open (per Alpaca): False | Session: CLOSED
Account value: $99,333.46
Cash: $2,352.38 | Holdings (14): {'CEG': '35.6034 sh (+1.80%)', 'CHD': '97.9637 sh (+0.01%)', 'COHR': '7.9896 sh (-4.62%)', 'CVX': '24.8836 sh (+1.22%)', 'GEHC': '0.6136 sh (-0.39%)', 'IVZ': '306.9138 sh (+1.21%)', 'LMT': '16.3555 sh (+0.29%)', 'MS': '43.8344 sh (-1.74%)', 'MSI': '21.1281 sh (-1.01%)', 'NUE': '36.5544 sh (-2.39%)', 'NVDA': '44.2888 sh (+0.38%)', 'NWS': '303.7199 sh (+1.75%)', 'STLD': '0.9216 sh (-2.54%)', 'WSM': '0.1026 sh (-1.61%)'}
Risk state: peak $99,703.60 | drawdown 0.37% | today +0.08% | halted: False
Market regime: NEUTRAL (position-size multiplier: 100% incl. circuit breaker 100%)
News: fetched 158, 1 new after dedup, 0 ticker(s) matched.
Quant pre-screen: 53/67 candidates passed.
Technical fallback (Gemini throttled/unavailable) proposed 57 trade(s) meeting the conviction bar.
Gemini calls used today (all models combined): 407
Market closed (overnight): queued 12 trade idea(s) for next-morning verification -- nothing submitted yet.
  -> queued HUM buy (conf None, stop 354.57, tp 392.49)
  -> queued TDY buy (conf None, stop 654.41, tp 697.61)
  -> queued TTWO buy (conf None, stop 228.4, tp 256.285)
  -> queued WFC buy (conf 80, stop 86.06, tp 92.0)
  -> queued HBAN buy (conf None, stop 17.095, tp 18.03)
  -> queued IVZ buy (conf None, stop 29.7, tp 32.65)
  -> queued TEL buy (conf None, stop 200.81, tp 221.8)
  -> queued TPR buy (conf None, stop 126.59, tp 164.76)
  -> queued TRMB buy (conf None, stop 54.75, tp 61.75)
  -> queued CPRT buy (conf None, stop 28.555, tp 31.735)
  -> queued GILD buy (conf None, stop 129.03, tp 138.41)
  -> queued HAL buy (conf None, stop 31.2, tp 34.565)
Run budget spent -- skipping dashboard watchlist sync.
Run budget spent -- skipping performance snapshot.
Trade journal: no closed trades yet
Performance: Total return -0.50% | Max drawdown 12.37% | Daily Sharpe 0.25 | Open positions: 14 | Equity $99,333.46
Timings: account: 0.0s | risk: 2.3s | decide: 27.5s | watchlist: 0.0s | perf: 0.0s

=== Run at 2026-08-14T22:14:28.348465 ===
Current time: 2026-08-14 06:14 PM EDT | Market open (per Alpaca): False | Session: CLOSED
Account value: $99,333.46
Cash: $2,352.38 | Holdings (14): {'CEG': '35.6034 sh (+1.80%)', 'CHD': '97.9637 sh (+0.01%)', 'COHR': '7.9896 sh (-4.62%)', 'CVX': '24.8836 sh (+1.22%)', 'GEHC': '0.6136 sh (-0.39%)', 'IVZ': '306.9138 sh (+1.21%)', 'LMT': '16.3555 sh (+0.29%)', 'MS': '43.8344 sh (-1.74%)', 'MSI': '21.1281 sh (-1.01%)', 'NUE': '36.5544 sh (-2.39%)', 'NVDA': '44.2888 sh (+0.38%)', 'NWS': '303.7199 sh (+1.75%)', 'STLD': '0.9216 sh (-2.54%)', 'WSM': '0.1026 sh (-1.61%)'}
Risk state: peak $99,703.60 | drawdown 0.37% | today +0.08% | halted: False
Market regime: NEUTRAL (position-size multiplier: 100% incl. circuit breaker 100%)
News: fetched 158, 1 new after dedup, 0 ticker(s) matched.
Quant pre-screen: 53/67 candidates passed.
Gemini proposed 2 trade(s) meeting the conviction bar.
Gemini calls used today (all models combined): 408
Market closed (overnight): queued 12 trade idea(s) for next-morning verification -- nothing submitted yet.
  -> queued TTWO buy (conf 90, stop 230.0, tp 265.0)
  -> queued TYL buy (conf 90, stop 310.0, tp None)
  -> queued HUM buy (conf None, stop 354.57, tp 392.49)
  -> queued TDY buy (conf None, stop 654.41, tp 697.61)
  -> queued WFC buy (conf 80, stop 86.06, tp 92.0)
  -> queued HBAN buy (conf None, stop 17.095, tp 18.03)
  -> queued IVZ buy (conf None, stop 29.7, tp 32.65)
  -> queued TEL buy (conf None, stop 200.81, tp 221.8)
  -> queued TPR buy (conf None, stop 126.59, tp 164.76)
  -> queued TRMB buy (conf None, stop 54.75, tp 61.75)
  -> queued CPRT buy (conf None, stop 28.555, tp 31.735)
  -> queued GILD buy (conf None, stop 129.03, tp 138.41)
Dashboard watchlist synced (16 symbols) for news/headlines.
Ending portfolio value: $99,342.76
Trade journal: no closed trades yet
Performance: Total return -0.49% | Max drawdown 12.37% | Daily Sharpe 0.26 | Open positions: 14 | Equity $99,333.46
Timings: account: 0.0s | risk: 3.9s | decide: 4.8s | watchlist: 0.1s | perf: 0.2s

=== Run at 2026-08-14T22:16:27.209769 ===
Current time: 2026-08-14 06:16 PM EDT | Market open (per Alpaca): False | Session: CLOSED
Account value: $99,335.22
Cash: $2,352.38 | Holdings (14): {'CEG': '35.6034 sh (+1.80%)', 'CHD': '97.9637 sh (+0.01%)', 'COHR': '7.9896 sh (-4.53%)', 'CVX': '24.8836 sh (+1.22%)', 'GEHC': '0.6136 sh (-0.39%)', 'IVZ': '306.9138 sh (+1.21%)', 'LMT': '16.3555 sh (+0.29%)', 'MS': '43.8344 sh (-1.74%)', 'MSI': '21.1281 sh (-1.01%)', 'NUE': '36.5544 sh (-2.39%)', 'NVDA': '44.2888 sh (+0.38%)', 'NWS': '303.7199 sh (+1.75%)', 'STLD': '0.9216 sh (-2.54%)', 'WSM': '0.1026 sh (-1.61%)'}
Risk state: peak $99,703.60 | drawdown 0.37% | today +0.08% | halted: False
Market regime: NEUTRAL (position-size multiplier: 100% incl. circuit breaker 100%)
News: fetched 158, 0 new after dedup, 0 ticker(s) matched.
Quant pre-screen: 53/67 candidates passed.
Gemini proposed 2 trade(s) meeting the conviction bar.
Gemini calls used today (all models combined): 409
Market closed (overnight): queued 12 trade idea(s) for next-morning verification -- nothing submitted yet.
  -> queued TTWO buy (conf 91, stop 235.0, tp 265.0)
  -> queued TYL buy (conf 90, stop 310.0, tp None)
  -> queued HUM buy (conf None, stop 354.57, tp 392.49)
  -> queued TDY buy (conf None, stop 654.41, tp 697.61)
  -> queued WFC buy (conf 80, stop 86.06, tp 92.0)
  -> queued HBAN buy (conf 88, stop 17.3, tp 19.2)
  -> queued IVZ buy (conf None, stop 29.7, tp 32.65)
  -> queued TEL buy (conf None, stop 200.81, tp 221.8)
  -> queued TPR buy (conf None, stop 126.59, tp 164.76)
  -> queued TRMB buy (conf None, stop 54.75, tp 61.75)
  -> queued CPRT buy (conf None, stop 28.555, tp 31.735)
  -> queued GILD buy (conf None, stop 129.03, tp 138.41)
Dashboard watchlist synced (16 symbols) for news/headlines.
Ending portfolio value: $99,335.22
Trade journal: no closed trades yet
Performance: Total return -0.50% | Max drawdown 12.37% | Daily Sharpe 0.25 | Open positions: 14 | Equity $99,335.22
Timings: account: 0.0s | risk: 4.7s | decide: 7.1s | watchlist: 0.1s | perf: 0.2s

=== Run at 2026-08-14T22:18:27.579673 ===
Current time: 2026-08-14 06:18 PM EDT | Market open (per Alpaca): False | Session: CLOSED
Account value: $99,332.04
Cash: $2,352.38 | Holdings (14): {'CEG': '35.6034 sh (+1.70%)', 'CHD': '97.9637 sh (+0.01%)', 'COHR': '7.9896 sh (-4.53%)', 'CVX': '24.8836 sh (+1.37%)', 'GEHC': '0.6136 sh (-0.39%)', 'IVZ': '306.9138 sh (+1.21%)', 'LMT': '16.3555 sh (+0.29%)', 'MS': '43.8344 sh (-1.74%)', 'MSI': '21.1281 sh (-1.01%)', 'NUE': '36.5544 sh (-2.39%)', 'NVDA': '44.2888 sh (+0.38%)', 'NWS': '303.7199 sh (+1.75%)', 'STLD': '0.9216 sh (-2.54%)', 'WSM': '0.1026 sh (-1.61%)'}
Risk state: peak $99,703.60 | drawdown 0.37% | today +0.08% | halted: False
Market regime: NEUTRAL (position-size multiplier: 100% incl. circuit breaker 100%)
News: fetched 158, 2 new after dedup, 0 ticker(s) matched.
Quant pre-screen: 53/67 candidates passed.
Gemini proposed 2 trade(s) meeting the conviction bar.
Gemini calls used today (all models combined): 410
Market closed (overnight): queued 12 trade idea(s) for next-morning verification -- nothing submitted yet.
  -> queued TTWO buy (conf 90, stop 228.4, tp 270.0)
  -> queued TYL buy (conf 90, stop 310.0, tp None)
  -> queued HUM buy (conf None, stop 354.57, tp 392.49)
  -> queued TDY buy (conf 92, stop 654.41, tp 725.0)
  -> queued WFC buy (conf 80, stop 86.06, tp 92.0)
  -> queued HBAN buy (conf 88, stop 17.3, tp 19.2)
  -> queued IVZ buy (conf None, stop 29.7, tp 32.65)
  -> queued TEL buy (conf None, stop 200.81, tp 221.8)
  -> queued TPR buy (conf None, stop 126.59, tp 164.76)
  -> queued TRMB buy (conf None, stop 54.75, tp 61.75)
  -> queued CPRT buy (conf None, stop 28.555, tp 31.735)
  -> queued GILD buy (conf None, stop 129.03, tp 138.41)
Dashboard watchlist synced (16 symbols) for news/headlines.
Ending portfolio value: $99,332.49
Trade journal: no closed trades yet
Performance: Total return -0.50% | Max drawdown 12.37% | Daily Sharpe 0.25 | Open positions: 14 | Equity $99,332.04
Timings: account: 0.0s | risk: 3.4s | decide: 5.8s | watchlist: 0.1s | perf: 0.2s

=== Run at 2026-08-14T22:20:29.435226 ===
Current time: 2026-08-14 06:20 PM EDT | Market open (per Alpaca): False | Session: CLOSED
Account value: $99,336.39
Cash: $2,352.38 | Holdings (14): {'CEG': '35.6034 sh (+1.70%)', 'CHD': '97.9637 sh (+0.01%)', 'COHR': '7.9896 sh (-4.48%)', 'CVX': '24.8836 sh (+1.37%)', 'GEHC': '0.6136 sh (-0.39%)', 'IVZ': '306.9138 sh (+1.21%)', 'LMT': '16.3555 sh (+0.29%)', 'MS': '43.8344 sh (-1.72%)', 'MSI': '21.1281 sh (-1.01%)', 'NUE': '36.5544 sh (-2.39%)', 'NVDA': '44.2888 sh (+0.39%)', 'NWS': '303.7199 sh (+1.75%)', 'STLD': '0.9216 sh (-2.54%)', 'WSM': '0.1026 sh (-1.61%)'}
Risk state: peak $99,703.60 | drawdown 0.37% | today +0.08% | halted: False
Market regime: NEUTRAL (position-size multiplier: 100% incl. circuit breaker 100%)
News: fetched 158, 2 new after dedup, 0 ticker(s) matched.
Quant pre-screen: 53/67 candidates passed.
Gemini proposed 1 trade(s) meeting the conviction bar.
Gemini calls used today (all models combined): 411
Market closed (overnight): queued 12 trade idea(s) for next-morning verification -- nothing submitted yet.
  -> queued TTWO buy (conf 92, stop 235.0, tp 265.00000000000006)
  -> queued TYL buy (conf 90, stop 310.0, tp None)
  -> queued HUM buy (conf None, stop 354.57, tp 392.49)
  -> queued TDY buy (conf 92, stop 654.41, tp 725.0)
  -> queued WFC buy (conf 80, stop 86.06, tp 92.0)
  -> queued HBAN buy (conf 88, stop 17.3, tp 19.2)
  -> queued IVZ buy (conf None, stop 29.7, tp 32.65)
  -> queued TEL buy (conf None, stop 200.81, tp 221.8)
  -> queued TPR buy (conf None, stop 126.59, tp 164.76)
  -> queued TRMB buy (conf None, stop 54.75, tp 61.75)
  -> queued CPRT buy (conf None, stop 28.555, tp 31.735)
  -> queued GILD buy (conf None, stop 129.03, tp 138.41)
Dashboard watchlist synced (15 symbols) for news/headlines.
Ending portfolio value: $99,336.39
Trade journal: no closed trades yet
Performance: Total return -0.50% | Max drawdown 12.37% | Daily Sharpe 0.25 | Open positions: 14 | Equity $99,336.39
Timings: account: 0.0s | risk: 3.5s | decide: 6.9s | watchlist: 0.1s | perf: 0.2s

=== Run at 2026-08-14T22:22:29.814964 ===
Current time: 2026-08-14 06:22 PM EDT | Market open (per Alpaca): False | Session: CLOSED
Account value: $99,334.59
Cash: $2,352.38 | Holdings (14): {'CEG': '35.6034 sh (+1.70%)', 'CHD': '97.9637 sh (+0.01%)', 'COHR': '7.9896 sh (-4.51%)', 'CVX': '24.8836 sh (+1.37%)', 'GEHC': '0.6136 sh (-0.39%)', 'IVZ': '306.9138 sh (+1.21%)', 'LMT': '16.3555 sh (+0.29%)', 'MS': '43.8344 sh (-1.72%)', 'MSI': '21.1281 sh (-1.01%)', 'NUE': '36.5544 sh (-2.39%)', 'NVDA': '44.2888 sh (+0.38%)', 'NWS': '303.7199 sh (+1.75%)', 'STLD': '0.9216 sh (-2.54%)', 'WSM': '0.1026 sh (-1.61%)'}
Risk state: peak $99,703.60 | drawdown 0.37% | today +0.08% | halted: False
Market regime: NEUTRAL (position-size multiplier: 100% incl. circuit breaker 100%)
News: fetched 158, 1 new after dedup, 0 ticker(s) matched.
Quant pre-screen: 53/67 candidates passed.
Gemini proposed 2 trade(s) meeting the conviction bar.
Gemini calls used today (all models combined): 412
Market closed (overnight): queued 12 trade idea(s) for next-morning verification -- nothing submitted yet.
  -> queued TTWO buy (conf 85, stop 235.0, tp 265.00000000000006)
  -> queued TYL buy (conf 90, stop 310.0, tp None)
  -> queued HUM buy (conf None, stop 354.57, tp 392.49)
  -> queued TDY buy (conf 92, stop 654.41, tp 725.0)
  -> queued WFC buy (conf 80, stop 86.06, tp 92.0)
  -> queued HBAN buy (conf 80, stop 17.200000000000003, tp 19.3)
  -> queued IVZ buy (conf None, stop 29.7, tp 32.65)
  -> queued TEL buy (conf None, stop 200.81, tp 221.8)
  -> queued TPR buy (conf None, stop 126.59, tp 164.76)
  -> queued TRMB buy (conf None, stop 54.75, tp 61.75)
  -> queued CPRT buy (conf None, stop 28.555, tp 31.735)
  -> queued GILD buy (conf None, stop 129.03, tp 138.41)
Dashboard watchlist synced (16 symbols) for news/headlines.
Ending portfolio value: $99,331.48
Trade journal: no closed trades yet
Performance: Total return -0.50% | Max drawdown 12.37% | Daily Sharpe 0.25 | Open positions: 14 | Equity $99,334.59
Timings: account: 0.0s | risk: 4.4s | decide: 4.0s | watchlist: 0.1s | perf: 0.2s

=== Run at 2026-08-14T22:24:28.946538 ===
Current time: 2026-08-14 06:24 PM EDT | Market open (per Alpaca): False | Session: CLOSED
Account value: $99,329.38
Cash: $2,352.38 | Holdings (14): {'CEG': '35.6034 sh (+1.70%)', 'CHD': '97.9637 sh (+0.01%)', 'COHR': '7.9896 sh (-4.62%)', 'CVX': '24.8836 sh (+1.37%)', 'GEHC': '0.6136 sh (-0.39%)', 'IVZ': '306.9138 sh (+1.21%)', 'LMT': '16.3555 sh (+0.29%)', 'MS': '43.8344 sh (-1.72%)', 'MSI': '21.1281 sh (-1.01%)', 'NUE': '36.5544 sh (-2.39%)', 'NVDA': '44.2888 sh (+0.36%)', 'NWS': '303.7199 sh (+1.75%)', 'STLD': '0.9216 sh (-2.54%)', 'WSM': '0.1026 sh (-1.61%)'}
Risk state: peak $99,703.60 | drawdown 0.38% | today +0.08% | halted: False
Market regime: NEUTRAL (position-size multiplier: 100% incl. circuit breaker 100%)
News: fetched 158, 0 new after dedup, 0 ticker(s) matched.
Quant pre-screen: 53/67 candidates passed.
Gemini proposed 2 trade(s) meeting the conviction bar.
Gemini calls used today (all models combined): 413
Market closed (overnight): queued 12 trade idea(s) for next-morning verification -- nothing submitted yet.
  -> queued TTWO buy (conf 90, stop 239.15, tp 265.0)
  -> queued TYL buy (conf 91, stop 315.48, tp 355.0)
  -> queued HUM buy (conf None, stop 354.57, tp 392.49)
  -> queued TDY buy (conf 92, stop 654.41, tp 725.0)
  -> queued WFC buy (conf 80, stop 86.06, tp 92.0)
  -> queued HBAN buy (conf 80, stop 17.200000000000003, tp 19.3)
  -> queued IVZ buy (conf None, stop 29.7, tp 32.65)
  -> queued TEL buy (conf None, stop 200.81, tp 221.8)
  -> queued TPR buy (conf None, stop 126.59, tp 164.76)
  -> queued TRMB buy (conf None, stop 54.75, tp 61.75)
  -> queued CPRT buy (conf None, stop 28.555, tp 31.735)
  -> queued GILD buy (conf None, stop 129.03, tp 138.41)
Dashboard watchlist synced (16 symbols) for news/headlines.
Ending portfolio value: $99,329.38
Trade journal: no closed trades yet
Performance: Total return -0.50% | Max drawdown 12.37% | Daily Sharpe 0.25 | Open positions: 14 | Equity $99,329.38
Timings: account: 0.0s | risk: 3.3s | decide: 5.4s | watchlist: 0.1s | perf: 0.2s

=== Run at 2026-08-14T22:26:29.809677 ===
Current time: 2026-08-14 06:26 PM EDT | Market open (per Alpaca): False | Session: CLOSED
Account value: $99,329.38
Cash: $2,352.38 | Holdings (14): {'CEG': '35.6034 sh (+1.70%)', 'CHD': '97.9637 sh (+0.01%)', 'COHR': '7.9896 sh (-4.62%)', 'CVX': '24.8836 sh (+1.37%)', 'GEHC': '0.6136 sh (-0.39%)', 'IVZ': '306.9138 sh (+1.21%)', 'LMT': '16.3555 sh (+0.29%)', 'MS': '43.8344 sh (-1.72%)', 'MSI': '21.1281 sh (-1.01%)', 'NUE': '36.5544 sh (-2.39%)', 'NVDA': '44.2888 sh (+0.36%)', 'NWS': '303.7199 sh (+1.75%)', 'STLD': '0.9216 sh (-2.54%)', 'WSM': '0.1026 sh (-1.61%)'}
Risk state: peak $99,703.60 | drawdown 0.38% | today +0.08% | halted: False
Market regime: NEUTRAL (position-size multiplier: 100% incl. circuit breaker 100%)
News: fetched 158, 2 new after dedup, 0 ticker(s) matched.
Quant pre-screen: 53/67 candidates passed.
Gemini proposed 2 trade(s) meeting the conviction bar.
Gemini calls used today (all models combined): 414
Market closed (overnight): queued 12 trade idea(s) for next-morning verification -- nothing submitted yet.
  -> queued TTWO buy (conf 85, stop 230.0, tp 270.0)
  -> queued TYL buy (conf 88, stop 310.0, tp 355.00000000000006)
  -> queued HUM buy (conf None, stop 354.57, tp 392.49)
  -> queued TDY buy (conf 92, stop 654.41, tp 725.0)
  -> queued WFC buy (conf 80, stop 86.06, tp 92.0)
  -> queued HBAN buy (conf 80, stop 17.200000000000003, tp 19.3)
  -> queued IVZ buy (conf None, stop 29.7, tp 32.65)
  -> queued TEL buy (conf None, stop 200.81, tp 221.8)
  -> queued TPR buy (conf None, stop 126.59, tp 164.76)
  -> queued TRMB buy (conf None, stop 54.75, tp 61.75)
  -> queued CPRT buy (conf None, stop 28.555, tp 31.735)
  -> queued GILD buy (conf None, stop 129.03, tp 138.41)
Dashboard watchlist synced (16 symbols) for news/headlines.
Ending portfolio value: $99,329.38
Trade journal: no closed trades yet
Performance: Total return -0.50% | Max drawdown 12.37% | Daily Sharpe 0.25 | Open positions: 14 | Equity $99,329.38
Timings: account: 0.0s | risk: 4.6s | decide: 4.5s | watchlist: 0.2s | perf: 0.3s

=== Run at 2026-08-14T22:28:29.583877 ===
Current time: 2026-08-14 06:28 PM EDT | Market open (per Alpaca): False | Session: CLOSED
Account value: $99,329.38
Cash: $2,352.38 | Holdings (14): {'CEG': '35.6034 sh (+1.70%)', 'CHD': '97.9637 sh (+0.01%)', 'COHR': '7.9896 sh (-4.62%)', 'CVX': '24.8836 sh (+1.37%)', 'GEHC': '0.6136 sh (-0.39%)', 'IVZ': '306.9138 sh (+1.21%)', 'LMT': '16.3555 sh (+0.29%)', 'MS': '43.8344 sh (-1.72%)', 'MSI': '21.1281 sh (-1.01%)', 'NUE': '36.5544 sh (-2.39%)', 'NVDA': '44.2888 sh (+0.36%)', 'NWS': '303.7199 sh (+1.75%)', 'STLD': '0.9216 sh (-2.54%)', 'WSM': '0.1026 sh (-1.61%)'}
Risk state: peak $99,703.60 | drawdown 0.38% | today +0.08% | halted: False
Market regime: NEUTRAL (position-size multiplier: 100% incl. circuit breaker 100%)
News: fetched 158, 0 new after dedup, 0 ticker(s) matched.
Quant pre-screen: 53/67 candidates passed.
Gemini proposed 2 trade(s) meeting the conviction bar.
Gemini calls used today (all models combined): 415
Market closed (overnight): queued 12 trade idea(s) for next-morning verification -- nothing submitted yet.
  -> queued TTWO buy (conf 92, stop 235.0, tp 265.00000000000006)
  -> queued TYL buy (conf 88, stop 310.0, tp 355.00000000000006)
  -> queued HUM buy (conf None, stop 354.57, tp 392.49)
  -> queued TDY buy (conf 90, stop 650.0, tp 697.61)
  -> queued WFC buy (conf 80, stop 86.06, tp 92.0)
  -> queued HBAN buy (conf 80, stop 17.200000000000003, tp 19.3)
  -> queued IVZ buy (conf None, stop 29.7, tp 32.65)
  -> queued TEL buy (conf None, stop 200.81, tp 221.8)
  -> queued TPR buy (conf None, stop 126.59, tp 164.76)
  -> queued TRMB buy (conf None, stop 54.75, tp 61.75)
  -> queued CPRT buy (conf None, stop 28.555, tp 31.735)
  -> queued GILD buy (conf None, stop 129.03, tp 138.41)
Dashboard watchlist synced (16 symbols) for news/headlines.
Ending portfolio value: $99,329.38
Trade journal: no closed trades yet
Performance: Total return -0.50% | Max drawdown 12.37% | Daily Sharpe 0.25 | Open positions: 14 | Equity $99,329.38
Timings: account: 0.0s | risk: 4.4s | decide: 4.5s | watchlist: 0.2s | perf: 0.3s

=== Run at 2026-08-14T22:30:34.349221 ===
Current time: 2026-08-14 06:30 PM EDT | Market open (per Alpaca): False | Session: CLOSED
Account value: $99,452.07
Cash: $2,352.38 | Holdings (14): {'CEG': '35.6034 sh (+1.70%)', 'CHD': '97.9637 sh (+0.01%)', 'COHR': '7.9896 sh (-4.58%)', 'CVX': '24.8836 sh (+1.17%)', 'GEHC': '0.6136 sh (-0.39%)', 'IVZ': '306.9138 sh (+1.21%)', 'LMT': '16.3555 sh (+0.32%)', 'MS': '43.8344 sh (-1.63%)', 'MSI': '21.1281 sh (-0.69%)', 'NUE': '36.5544 sh (-1.52%)', 'NVDA': '44.2888 sh (+0.37%)', 'NWS': '303.7199 sh (+1.75%)', 'STLD': '0.9216 sh (-2.54%)', 'WSM': '0.1026 sh (-1.61%)'}
Risk state: peak $99,703.60 | drawdown 0.25% | today +0.20% | halted: False
Market regime: NEUTRAL (position-size multiplier: 100% incl. circuit breaker 100%)
News: fetched 158, 2 new after dedup, 0 ticker(s) matched.
Quant pre-screen: 53/67 candidates passed.
Gemini proposed 2 trade(s) meeting the conviction bar.
Gemini calls used today (all models combined): 416
Market closed (overnight): queued 12 trade idea(s) for next-morning verification -- nothing submitted yet.
  -> queued TTWO buy (conf 90, stop 235.0, tp 265.00000000000006)
  -> queued TYL buy (conf 91, stop 315.0, tp 355.00000000000006)
  -> queued HUM buy (conf None, stop 354.57, tp 392.49)
  -> queued TDY buy (conf 90, stop 650.0, tp 697.61)
  -> queued WFC buy (conf 80, stop 86.06, tp 92.0)
  -> queued HBAN buy (conf 80, stop 17.200000000000003, tp 19.3)
  -> queued IVZ buy (conf None, stop 29.7, tp 32.65)
  -> queued TEL buy (conf None, stop 200.81, tp 221.8)
  -> queued TPR buy (conf None, stop 126.59, tp 164.76)
  -> queued TRMB buy (conf None, stop 54.75, tp 61.75)
  -> queued CPRT buy (conf None, stop 28.555, tp 31.735)
  -> queued GILD buy (conf None, stop 129.03, tp 138.41)
Dashboard watchlist synced (16 symbols) for news/headlines.
Ending portfolio value: $99,452.07
Trade journal: no closed trades yet
Performance: Total return -0.38% | Max drawdown 12.37% | Daily Sharpe 0.28 | Open positions: 14 | Equity $99,452.07
Timings: account: 0.0s | risk: 7.3s | decide: 4.6s | watchlist: 0.2s | perf: 0.3s

=== Run at 2026-08-14T22:32:26.212385 ===
Current time: 2026-08-14 06:32 PM EDT | Market open (per Alpaca): False | Session: CLOSED
Account value: $99,449.25
Cash: $2,352.38 | Holdings (14): {'CEG': '35.6034 sh (+1.70%)', 'CHD': '97.9637 sh (+0.01%)', 'COHR': '7.9896 sh (-4.62%)', 'CVX': '24.8836 sh (+1.17%)', 'GEHC': '0.6136 sh (-0.39%)', 'IVZ': '306.9138 sh (+1.21%)', 'LMT': '16.3555 sh (+0.32%)', 'MS': '43.8344 sh (-1.63%)', 'MSI': '21.1281 sh (-0.69%)', 'NUE': '36.5544 sh (-1.52%)', 'NVDA': '44.2888 sh (+0.36%)', 'NWS': '303.7199 sh (+1.75%)', 'STLD': '0.9216 sh (-2.54%)', 'WSM': '0.1026 sh (-1.61%)'}
Risk state: peak $99,703.60 | drawdown 0.26% | today +0.20% | halted: False
Market regime: NEUTRAL (position-size multiplier: 100% incl. circuit breaker 100%)
News: fetched 158, 0 new after dedup, 0 ticker(s) matched.
Quant pre-screen: 53/67 candidates passed.
Gemini proposed 2 trade(s) meeting the conviction bar.
Gemini calls used today (all models combined): 417
Market closed (overnight): queued 12 trade idea(s) for next-morning verification -- nothing submitted yet.
  -> queued TTWO buy (conf 90, stop 235.0, tp 265.00000000000006)
  -> queued TYL buy (conf 90, stop 305.0, tp 360.0)
  -> queued HUM buy (conf None, stop 354.57, tp 392.49)
  -> queued TDY buy (conf 85, stop 655.0, tp 715.0)
  -> queued WFC buy (conf 80, stop 86.06, tp 92.0)
  -> queued HBAN buy (conf 80, stop 17.200000000000003, tp 19.3)
  -> queued IVZ buy (conf None, stop 29.7, tp 32.65)
  -> queued TEL buy (conf None, stop 200.81, tp 221.8)
  -> queued TPR buy (conf None, stop 126.59, tp 164.76)
  -> queued TRMB buy (conf None, stop 54.75, tp 61.75)
  -> queued CPRT buy (conf None, stop 28.555, tp 31.735)
  -> queued GILD buy (conf None, stop 129.03, tp 138.41)
Dashboard watchlist synced (16 symbols) for news/headlines.
Ending portfolio value: $99,449.25
Trade journal: no closed trades yet
Performance: Total return -0.38% | Max drawdown 12.37% | Daily Sharpe 0.28 | Open positions: 14 | Equity $99,449.25
Timings: account: 0.0s | risk: 1.0s | decide: 2.1s | watchlist: 0.0s | perf: 0.1s

=== Run at 2026-08-14T22:34:31.307606 ===
Current time: 2026-08-14 06:34 PM EDT | Market open (per Alpaca): False | Session: CLOSED
Account value: $99,448.37
Cash: $2,352.38 | Holdings (14): {'CEG': '35.6034 sh (+1.70%)', 'CHD': '97.9637 sh (+0.01%)', 'COHR': '7.9896 sh (-4.62%)', 'CVX': '24.8836 sh (+1.17%)', 'GEHC': '0.6136 sh (-0.39%)', 'IVZ': '306.9138 sh (+1.21%)', 'LMT': '16.3555 sh (+0.32%)', 'MS': '43.8344 sh (-1.63%)', 'MSI': '21.1281 sh (-0.69%)', 'NUE': '36.5544 sh (-1.52%)', 'NVDA': '44.2888 sh (+0.35%)', 'NWS': '303.7199 sh (+1.75%)', 'STLD': '0.9216 sh (-2.54%)', 'WSM': '0.1026 sh (-1.61%)'}
Risk state: peak $99,703.60 | drawdown 0.26% | today +0.19% | halted: False
Market regime: NEUTRAL (position-size multiplier: 100% incl. circuit breaker 100%)
News: fetched 158, 2 new after dedup, 0 ticker(s) matched.
Quant pre-screen: 53/67 candidates passed.
Gemini proposed 3 trade(s) meeting the conviction bar.
Gemini calls used today (all models combined): 418
Market closed (overnight): queued 12 trade idea(s) for next-morning verification -- nothing submitted yet.
  -> queued TTWO buy (conf 90, stop 235.0, tp 265.00000000000006)
  -> queued TYL buy (conf 90, stop 305.0, tp 360.0)
  -> queued HUM buy (conf 90, stop 370.0, tp 420.0)
  -> queued TDY buy (conf 90, stop 655.0, tp 697.61)
  -> queued WFC buy (conf 80, stop 86.06, tp 92.0)
  -> queued HBAN buy (conf 80, stop 17.200000000000003, tp 19.3)
  -> queued IVZ buy (conf None, stop 29.7, tp 32.65)
  -> queued TEL buy (conf None, stop 200.81, tp 221.8)
  -> queued TPR buy (conf None, stop 126.59, tp 164.76)
  -> queued TRMB buy (conf None, stop 54.75, tp 61.75)
  -> queued CPRT buy (conf None, stop 28.555, tp 31.735)
  -> queued GILD buy (conf None, stop 129.03, tp 138.41)
Dashboard watchlist synced (17 symbols) for news/headlines.
Ending portfolio value: $99,448.37
Trade journal: no closed trades yet
Performance: Total return -0.38% | Max drawdown 12.37% | Daily Sharpe 0.28 | Open positions: 14 | Equity $99,448.37
Timings: account: 0.0s | risk: 4.1s | decide: 4.3s | watchlist: 0.2s | perf: 0.3s

=== Run at 2026-08-14T22:36:26.926613 ===
Current time: 2026-08-14 06:36 PM EDT | Market open (per Alpaca): False | Session: CLOSED
Account value: $99,450.52
Cash: $2,352.38 | Holdings (14): {'CEG': '35.6034 sh (+1.70%)', 'CHD': '97.9637 sh (+0.01%)', 'COHR': '7.9896 sh (-4.62%)', 'CVX': '24.8836 sh (+1.20%)', 'GEHC': '0.6136 sh (-0.39%)', 'IVZ': '306.9138 sh (+1.21%)', 'LMT': '16.3555 sh (+0.32%)', 'MS': '43.8344 sh (-1.63%)', 'MSI': '21.1281 sh (-0.69%)', 'NUE': '36.5544 sh (-1.52%)', 'NVDA': '44.2888 sh (+0.35%)', 'NWS': '303.7199 sh (+1.75%)', 'STLD': '0.9216 sh (-2.54%)', 'WSM': '0.1026 sh (-1.61%)'}
Risk state: peak $99,703.60 | drawdown 0.25% | today +0.20% | halted: False
Market regime: NEUTRAL (position-size multiplier: 100% incl. circuit breaker 100%)
News: fetched 120, 0 new after dedup, 0 ticker(s) matched.
Quant pre-screen: 53/67 candidates passed.
Gemini proposed 2 trade(s) meeting the conviction bar.
Gemini calls used today (all models combined): 419
Market closed (overnight): queued 12 trade idea(s) for next-morning verification -- nothing submitted yet.
  -> queued TTWO buy (conf 92, stop 235.0, tp 270.00000000000006)
  -> queued TYL buy (conf 90, stop 305.0, tp 360.0)
  -> queued HUM buy (conf 90, stop 370.0, tp 420.0)
  -> queued TDY buy (conf 90, stop 655.0, tp 697.61)
  -> queued WFC buy (conf 80, stop 86.06, tp 92.0)
  -> queued HBAN buy (conf 91, stop 17.25, tp 19.3)
  -> queued IVZ buy (conf None, stop 29.7, tp 32.65)
  -> queued TEL buy (conf None, stop 200.81, tp 221.8)
  -> queued TPR buy (conf None, stop 126.59, tp 164.76)
  -> queued TRMB buy (conf None, stop 54.75, tp 61.75)
  -> queued CPRT buy (conf None, stop 28.555, tp 31.735)
  -> queued GILD buy (conf None, stop 129.03, tp 138.41)
Dashboard watchlist synced (16 symbols) for news/headlines.
Ending portfolio value: $99,450.97
Trade journal: no closed trades yet
Performance: Total return -0.38% | Max drawdown 12.37% | Daily Sharpe 0.28 | Open positions: 14 | Equity $99,450.52
Timings: account: 0.0s | risk: 3.6s | decide: 13.4s | watchlist: 0.1s | perf: 0.2s

=== Run at 2026-08-14T22:38:33.699226 ===
Current time: 2026-08-14 06:38 PM EDT | Market open (per Alpaca): False | Session: CLOSED
Account value: $99,453.01
Cash: $2,352.38 | Holdings (14): {'CEG': '35.6034 sh (+1.70%)', 'CHD': '97.9637 sh (+0.01%)', 'COHR': '7.9896 sh (-4.57%)', 'CVX': '24.8836 sh (+1.20%)', 'GEHC': '0.6136 sh (-0.39%)', 'IVZ': '306.9138 sh (+1.21%)', 'LMT': '16.3555 sh (+0.32%)', 'MS': '43.8344 sh (-1.63%)', 'MSI': '21.1281 sh (-0.69%)', 'NUE': '36.5544 sh (-1.52%)', 'NVDA': '44.2888 sh (+0.36%)', 'NWS': '303.7199 sh (+1.75%)', 'STLD': '0.9216 sh (-2.54%)', 'WSM': '0.1026 sh (-1.61%)'}
Risk state: peak $99,703.60 | drawdown 0.25% | today +0.20% | halted: False
Market regime: NEUTRAL (position-size multiplier: 100% incl. circuit breaker 100%)
News: fetched 158, 0 new after dedup, 0 ticker(s) matched.
Quant pre-screen: 53/67 candidates passed.
Technical fallback (Gemini throttled/unavailable) proposed 57 trade(s) meeting the conviction bar.
Gemini calls used today (all models combined): 419
Market closed (overnight): queued 12 trade idea(s) for next-morning verification -- nothing submitted yet.
  -> queued TTWO buy (conf None, stop 228.4, tp 256.285)
  -> queued HUM buy (conf None, stop 354.57, tp 392.49)
  -> queued TDY buy (conf None, stop 654.41, tp 697.61)
  -> queued WFC buy (conf 80, stop 86.06, tp 92.0)
  -> queued HBAN buy (conf None, stop 17.095, tp 18.03)
  -> queued IVZ buy (conf None, stop 29.7, tp 32.65)
  -> queued TEL buy (conf None, stop 200.81, tp 221.8)
  -> queued TPR buy (conf None, stop 126.59, tp 164.76)
  -> queued TRMB buy (conf None, stop 54.75, tp 61.75)
  -> queued CPRT buy (conf None, stop 28.555, tp 31.735)
  -> queued GILD buy (conf None, stop 129.03, tp 138.41)
  -> queued HAL buy (conf None, stop 31.2, tp 34.565)
Dashboard watchlist synced (60 symbols) for news/headlines.
Ending portfolio value: $99,453.01
Trade journal: no closed trades yet
Performance: Total return -0.38% | Max drawdown 12.37% | Daily Sharpe 0.28 | Open positions: 14 | Equity $99,453.01
Timings: account: 0.0s | risk: 4.6s | decide: 23.5s | watchlist: 0.2s | perf: 0.2s

=== Run at 2026-08-14T22:40:30.471841 ===
Current time: 2026-08-14 06:40 PM EDT | Market open (per Alpaca): False | Session: CLOSED
Account value: $99,459.09
Cash: $2,352.38 | Holdings (14): {'CEG': '35.6034 sh (+1.70%)', 'CHD': '97.9637 sh (+0.01%)', 'COHR': '7.9896 sh (-4.57%)', 'CVX': '24.8836 sh (+1.34%)', 'GEHC': '0.6136 sh (-0.39%)', 'IVZ': '306.9138 sh (+1.21%)', 'LMT': '16.3555 sh (+0.32%)', 'MS': '43.8344 sh (-1.63%)', 'MSI': '21.1281 sh (-0.69%)', 'NUE': '36.5544 sh (-1.52%)', 'NVDA': '44.2888 sh (+0.36%)', 'NWS': '303.7199 sh (+1.75%)', 'STLD': '0.9216 sh (-2.54%)', 'WSM': '0.1026 sh (-1.61%)'}
Risk state: peak $99,703.60 | drawdown 0.25% | today +0.21% | halted: False
Market regime: NEUTRAL (position-size multiplier: 100% incl. circuit breaker 100%)
News: fetched 158, 0 new after dedup, 0 ticker(s) matched.
Quant pre-screen: 53/67 candidates passed.
Gemini proposed 2 trade(s) meeting the conviction bar.
Gemini calls used today (all models combined): 420
Market closed (overnight): queued 12 trade idea(s) for next-morning verification -- nothing submitted yet.
  -> queued TTWO buy (conf 90, stop 235.0, tp 275.0)
  -> queued TYL buy (conf 90, stop 315.0, tp 360.0)
  -> queued HUM buy (conf None, stop 354.57, tp 392.49)
  -> queued TDY buy (conf None, stop 654.41, tp 697.61)
  -> queued WFC buy (conf 80, stop 86.06, tp 92.0)
  -> queued HBAN buy (conf None, stop 17.095, tp 18.03)
  -> queued IVZ buy (conf None, stop 29.7, tp 32.65)
  -> queued TEL buy (conf None, stop 200.81, tp 221.8)
  -> queued TPR buy (conf None, stop 126.59, tp 164.76)
  -> queued TRMB buy (conf None, stop 54.75, tp 61.75)
  -> queued CPRT buy (conf None, stop 28.555, tp 31.735)
  -> queued GILD buy (conf None, stop 129.03, tp 138.41)
Dashboard watchlist synced (16 symbols) for news/headlines.
Ending portfolio value: $99,459.09
Trade journal: no closed trades yet
Performance: Total return -0.37% | Max drawdown 12.37% | Daily Sharpe 0.28 | Open positions: 14 | Equity $99,459.09
Timings: account: 0.0s | risk: 4.0s | decide: 3.5s | watchlist: 0.2s | perf: 0.2s

=== Run at 2026-08-14T22:42:27.249017 ===
Current time: 2026-08-14 06:42 PM EDT | Market open (per Alpaca): False | Session: CLOSED
Account value: $99,456.21
Cash: $2,352.38 | Holdings (14): {'CEG': '35.6034 sh (+1.70%)', 'CHD': '97.9637 sh (+0.01%)', 'COHR': '7.9896 sh (-4.64%)', 'CVX': '24.8836 sh (+1.34%)', 'GEHC': '0.6136 sh (-0.39%)', 'IVZ': '306.9138 sh (+1.21%)', 'LMT': '16.3555 sh (+0.32%)', 'MS': '43.8344 sh (-1.63%)', 'MSI': '21.1281 sh (-0.69%)', 'NUE': '36.5544 sh (-1.52%)', 'NVDA': '44.2888 sh (+0.35%)', 'NWS': '303.7199 sh (+1.75%)', 'STLD': '0.9216 sh (-2.54%)', 'WSM': '0.1026 sh (-1.61%)'}
Risk state: peak $99,703.60 | drawdown 0.25% | today +0.20% | halted: False
Market regime: NEUTRAL (position-size multiplier: 100% incl. circuit breaker 100%)
News: fetched 158, 3 new after dedup, 0 ticker(s) matched.
Quant pre-screen: 53/67 candidates passed.
Gemini proposed 2 trade(s) meeting the conviction bar.
Gemini calls used today (all models combined): 421
Market closed (overnight): queued 12 trade idea(s) for next-morning verification -- nothing submitted yet.
  -> queued TTWO buy (conf 88, stop 235.0, tp 265.0)
  -> queued TYL buy (conf 90, stop 315.0, tp 360.0)
  -> queued HUM buy (conf None, stop 354.57, tp 392.49)
  -> queued TDY buy (conf 91, stop 660.0, tp 710.0)
  -> queued WFC buy (conf 80, stop 86.06, tp 92.0)
  -> queued HBAN buy (conf None, stop 17.095, tp 18.03)
  -> queued IVZ buy (conf None, stop 29.7, tp 32.65)
  -> queued TEL buy (conf None, stop 200.81, tp 221.8)
  -> queued TPR buy (conf None, stop 126.59, tp 164.76)
  -> queued TRMB buy (conf None, stop 54.75, tp 61.75)
  -> queued CPRT buy (conf None, stop 28.555, tp 31.735)
  -> queued GILD buy (conf None, stop 129.03, tp 138.41)
Dashboard watchlist synced (16 symbols) for news/headlines.
Ending portfolio value: $99,456.21
Trade journal: no closed trades yet
Performance: Total return -0.38% | Max drawdown 12.37% | Daily Sharpe 0.28 | Open positions: 14 | Equity $99,456.21
Timings: account: 0.0s | risk: 4.2s | decide: 4.2s | watchlist: 0.1s | perf: 0.2s

=== Run at 2026-08-14T22:44:25.047030 ===
Current time: 2026-08-14 06:44 PM EDT | Market open (per Alpaca): False | Session: CLOSED
Account value: $99,456.72
Cash: $2,352.38 | Holdings (14): {'CEG': '35.6034 sh (+1.70%)', 'CHD': '97.9637 sh (+0.01%)', 'COHR': '7.9896 sh (-4.62%)', 'CVX': '24.8836 sh (+1.34%)', 'GEHC': '0.6136 sh (-0.39%)', 'IVZ': '306.9138 sh (+1.21%)', 'LMT': '16.3555 sh (+0.32%)', 'MS': '43.8344 sh (-1.63%)', 'MSI': '21.1281 sh (-0.69%)', 'NUE': '36.5544 sh (-1.52%)', 'NVDA': '44.2888 sh (+0.35%)', 'NWS': '303.7199 sh (+1.75%)', 'STLD': '0.9216 sh (-2.54%)', 'WSM': '0.1026 sh (-1.61%)'}
Risk state: peak $99,703.60 | drawdown 0.25% | today +0.20% | halted: False
Market regime: NEUTRAL (position-size multiplier: 100% incl. circuit breaker 100%)
News: fetched 158, 1 new after dedup, 0 ticker(s) matched.
Quant pre-screen: 53/67 candidates passed.
Gemini proposed 2 trade(s) meeting the conviction bar.
Gemini calls used today (all models combined): 422
Market closed (overnight): queued 12 trade idea(s) for next-morning verification -- nothing submitted yet.
  -> queued TTWO buy (conf 91, stop 232.5, tp 265.0)
  -> queued TYL buy (conf 90, stop 315.0, tp 360.0)
  -> queued HUM buy (conf None, stop 354.57, tp 392.49)
  -> queued TDY buy (conf 90, stop 655.0, tp 697.5)
  -> queued WFC buy (conf 80, stop 86.06, tp 92.0)
  -> queued HBAN buy (conf None, stop 17.095, tp 18.03)
  -> queued IVZ buy (conf None, stop 29.7, tp 32.65)
  -> queued TEL buy (conf None, stop 200.81, tp 221.8)
  -> queued TPR buy (conf None, stop 126.59, tp 164.76)
  -> queued TRMB buy (conf None, stop 54.75, tp 61.75)
  -> queued CPRT buy (conf None, stop 28.555, tp 31.735)
  -> queued GILD buy (conf None, stop 129.03, tp 138.41)
Dashboard watchlist synced (16 symbols) for news/headlines.
Ending portfolio value: $99,456.72
Trade journal: no closed trades yet
Performance: Total return -0.38% | Max drawdown 12.37% | Daily Sharpe 0.28 | Open positions: 14 | Equity $99,456.72
Timings: account: 0.0s | risk: 3.9s | decide: 4.5s | watchlist: 0.1s | perf: 0.2s

=== Run at 2026-08-14T22:46:28.649567 ===
Current time: 2026-08-14 06:46 PM EDT | Market open (per Alpaca): False | Session: CLOSED
Account value: $99,456.61
Cash: $2,352.38 | Holdings (14): {'CEG': '35.6034 sh (+1.70%)', 'CHD': '97.9637 sh (+0.01%)', 'COHR': '7.9896 sh (-4.62%)', 'CVX': '24.8836 sh (+1.34%)', 'GEHC': '0.6136 sh (-0.39%)', 'IVZ': '306.9138 sh (+1.21%)', 'LMT': '16.3555 sh (+0.32%)', 'MS': '43.8344 sh (-1.63%)', 'MSI': '21.1281 sh (-0.69%)', 'NUE': '36.5544 sh (-1.52%)', 'NVDA': '44.2888 sh (+0.35%)', 'NWS': '303.7199 sh (+1.75%)', 'STLD': '0.9216 sh (-2.54%)', 'WSM': '0.1026 sh (-1.61%)'}
Risk state: peak $99,703.60 | drawdown 0.25% | today +0.20% | halted: False
Market regime: NEUTRAL (position-size multiplier: 100% incl. circuit breaker 100%)
News: fetched 152, 0 new after dedup, 0 ticker(s) matched.
Quant pre-screen: 53/67 candidates passed.
Gemini proposed 2 trade(s) meeting the conviction bar.
Gemini calls used today (all models combined): 423
Market closed (overnight): queued 12 trade idea(s) for next-morning verification -- nothing submitted yet.
  -> queued TTWO buy (conf 90, stop 235.0, tp 270.0)
  -> queued TYL buy (conf 90, stop 315.0, tp 355.00000000000006)
  -> queued HUM buy (conf None, stop 354.57, tp 392.49)
  -> queued TDY buy (conf 90, stop 655.0, tp 697.5)
  -> queued WFC buy (conf 80, stop 86.06, tp 92.0)
  -> queued HBAN buy (conf None, stop 17.095, tp 18.03)
  -> queued IVZ buy (conf None, stop 29.7, tp 32.65)
  -> queued TEL buy (conf None, stop 200.81, tp 221.8)
  -> queued TPR buy (conf None, stop 126.59, tp 164.76)
  -> queued TRMB buy (conf None, stop 54.75, tp 61.75)
  -> queued CPRT buy (conf None, stop 28.555, tp 31.735)
  -> queued GILD buy (conf None, stop 129.03, tp 138.41)
Dashboard watchlist synced (16 symbols) for news/headlines.
Ending portfolio value: $99,456.60
Trade journal: no closed trades yet
Performance: Total return -0.38% | Max drawdown 12.37% | Daily Sharpe 0.28 | Open positions: 14 | Equity $99,456.61
Timings: account: 0.0s | risk: 4.0s | decide: 4.3s | watchlist: 0.1s | perf: 0.2s

=== Run at 2026-08-14T22:48:29.678454 ===
Current time: 2026-08-14 06:48 PM EDT | Market open (per Alpaca): False | Session: CLOSED
Account value: $99,453.42
Cash: $2,352.38 | Holdings (14): {'CEG': '35.6034 sh (+1.70%)', 'CHD': '97.9637 sh (+0.01%)', 'COHR': '7.9896 sh (-4.74%)', 'CVX': '24.8836 sh (+1.34%)', 'GEHC': '0.6136 sh (-0.39%)', 'IVZ': '306.9138 sh (+1.21%)', 'LMT': '16.3555 sh (+0.32%)', 'MS': '43.8344 sh (-1.63%)', 'MSI': '21.1281 sh (-0.69%)', 'NUE': '36.5544 sh (-1.52%)', 'NVDA': '44.2888 sh (+0.35%)', 'NWS': '303.7199 sh (+1.75%)', 'STLD': '0.9216 sh (-2.54%)', 'WSM': '0.1026 sh (-1.61%)'}
Risk state: peak $99,703.60 | drawdown 0.25% | today +0.20% | halted: False
Market regime: NEUTRAL (position-size multiplier: 100% incl. circuit breaker 100%)
News: fetched 158, 1 new after dedup, 0 ticker(s) matched.
Quant pre-screen: 53/67 candidates passed.
Gemini proposed 2 trade(s) meeting the conviction bar.
Gemini calls used today (all models combined): 424
Market closed (overnight): queued 12 trade idea(s) for next-morning verification -- nothing submitted yet.
  -> queued TTWO buy (conf 91, stop 235.0, tp 270.0)
  -> queued TYL buy (conf 90, stop 315.0, tp 355.00000000000006)
  -> queued HUM buy (conf None, stop 354.57, tp 392.49)
  -> queued TDY buy (conf 85, stop 655.0, tp 720.0)
  -> queued WFC buy (conf 80, stop 86.06, tp 92.0)
  -> queued HBAN buy (conf None, stop 17.095, tp 18.03)
  -> queued IVZ buy (conf None, stop 29.7, tp 32.65)
  -> queued TEL buy (conf None, stop 200.81, tp 221.8)
  -> queued TPR buy (conf None, stop 126.59, tp 164.76)
  -> queued TRMB buy (conf None, stop 54.75, tp 61.75)
  -> queued CPRT buy (conf None, stop 28.555, tp 31.735)
  -> queued GILD buy (conf None, stop 129.03, tp 138.41)
Dashboard watchlist synced (16 symbols) for news/headlines.
Ending portfolio value: $99,453.42
Trade journal: no closed trades yet
Performance: Total return -0.38% | Max drawdown 12.37% | Daily Sharpe 0.28 | Open positions: 14 | Equity $99,453.42
Timings: account: 0.0s | risk: 4.0s | decide: 4.5s | watchlist: 0.1s | perf: 0.2s

=== Run at 2026-08-14T22:50:30.736962 ===
Current time: 2026-08-14 06:50 PM EDT | Market open (per Alpaca): False | Session: CLOSED
Account value: $99,453.84
Cash: $2,352.38 | Holdings (14): {'CEG': '35.6034 sh (+1.70%)', 'CHD': '97.9637 sh (+0.01%)', 'COHR': '7.9896 sh (-4.74%)', 'CVX': '24.8836 sh (+1.34%)', 'GEHC': '0.6136 sh (-0.39%)', 'IVZ': '306.9138 sh (+1.21%)', 'LMT': '16.3555 sh (+0.32%)', 'MS': '43.8344 sh (-1.63%)', 'MSI': '21.1281 sh (-0.69%)', 'NUE': '36.5544 sh (-1.52%)', 'NVDA': '44.2888 sh (+0.35%)', 'NWS': '303.7199 sh (+1.75%)', 'STLD': '0.9216 sh (-2.54%)', 'WSM': '0.1026 sh (-1.61%)'}
Risk state: peak $99,703.60 | drawdown 0.25% | today +0.20% | halted: False
Market regime: NEUTRAL (position-size multiplier: 100% incl. circuit breaker 100%)
News: fetched 120, 0 new after dedup, 0 ticker(s) matched.
Quant pre-screen: 53/67 candidates passed.
Gemini proposed 2 trade(s) meeting the conviction bar.
Gemini calls used today (all models combined): 425
Market closed (overnight): queued 12 trade idea(s) for next-morning verification -- nothing submitted yet.
  -> queued TTWO buy (conf 90, stop 228.4, tp 270.0)
  -> queued TYL buy (conf 90, stop 315.0, tp 355.00000000000006)
  -> queued HUM buy (conf None, stop 354.57, tp 392.49)
  -> queued TDY buy (conf 91, stop 654.41, tp 720.0)
  -> queued WFC buy (conf 80, stop 86.06, tp 92.0)
  -> queued HBAN buy (conf None, stop 17.095, tp 18.03)
  -> queued IVZ buy (conf None, stop 29.7, tp 32.65)
  -> queued TEL buy (conf None, stop 200.81, tp 221.8)
  -> queued TPR buy (conf None, stop 126.59, tp 164.76)
  -> queued TRMB buy (conf None, stop 54.75, tp 61.75)
  -> queued CPRT buy (conf None, stop 28.555, tp 31.735)
  -> queued GILD buy (conf None, stop 129.03, tp 138.41)
Dashboard watchlist synced (16 symbols) for news/headlines.
Ending portfolio value: $99,453.84
Trade journal: no closed trades yet
Performance: Total return -0.38% | Max drawdown 12.37% | Daily Sharpe 0.28 | Open positions: 14 | Equity $99,453.84
Timings: account: 0.0s | risk: 3.8s | decide: 9.9s | watchlist: 0.1s | perf: 0.2s

=== Run at 2026-08-14T22:52:23.944209 ===
Current time: 2026-08-14 06:52 PM EDT | Market open (per Alpaca): False | Session: CLOSED
Account value: $99,457.43
Cash: $2,352.38 | Holdings (14): {'CEG': '35.6034 sh (+1.70%)', 'CHD': '97.9637 sh (+0.01%)', 'COHR': '7.9896 sh (-4.72%)', 'CVX': '24.8836 sh (+1.34%)', 'GEHC': '0.6136 sh (-0.39%)', 'IVZ': '306.9138 sh (+1.21%)', 'LMT': '16.3555 sh (+0.32%)', 'MS': '43.8344 sh (-1.63%)', 'MSI': '21.1281 sh (-0.69%)', 'NUE': '36.5544 sh (-1.52%)', 'NVDA': '44.2888 sh (+0.38%)', 'NWS': '303.7199 sh (+1.75%)', 'STLD': '0.9216 sh (-2.54%)', 'WSM': '0.1026 sh (-1.61%)'}
Risk state: peak $99,703.60 | drawdown 0.25% | today +0.20% | halted: False
Market regime: NEUTRAL (position-size multiplier: 100% incl. circuit breaker 100%)
News: fetched 158, 0 new after dedup, 0 ticker(s) matched.
Quant pre-screen: 53/67 candidates passed.
Gemini proposed 2 trade(s) meeting the conviction bar.
Gemini calls used today (all models combined): 426
Market closed (overnight): queued 12 trade idea(s) for next-morning verification -- nothing submitted yet.
  -> queued TTWO buy (conf 85, stop 228.4, tp 270.0)
  -> queued TYL buy (conf 90, stop 300.28, tp 360.0)
  -> queued HUM buy (conf None, stop 354.57, tp 392.49)
  -> queued TDY buy (conf 91, stop 654.41, tp 720.0)
  -> queued WFC buy (conf 80, stop 86.06, tp 92.0)
  -> queued HBAN buy (conf None, stop 17.095, tp 18.03)
  -> queued IVZ buy (conf None, stop 29.7, tp 32.65)
  -> queued TEL buy (conf None, stop 200.81, tp 221.8)
  -> queued TPR buy (conf None, stop 126.59, tp 164.76)
  -> queued TRMB buy (conf None, stop 54.75, tp 61.75)
  -> queued CPRT buy (conf None, stop 28.555, tp 31.735)
  -> queued GILD buy (conf None, stop 129.03, tp 138.41)
Dashboard watchlist synced (16 symbols) for news/headlines.
Ending portfolio value: $99,457.43
Trade journal: no closed trades yet
Performance: Total return -0.38% | Max drawdown 12.37% | Daily Sharpe 0.28 | Open positions: 14 | Equity $99,457.43
Timings: account: 0.0s | risk: 2.0s | decide: 3.6s | watchlist: 0.0s | perf: 0.1s

=== Run at 2026-08-14T22:54:23.630713 ===
Current time: 2026-08-14 06:54 PM EDT | Market open (per Alpaca): False | Session: CLOSED
Account value: $99,453.89
Cash: $2,352.38 | Holdings (14): {'CEG': '35.6034 sh (+1.70%)', 'CHD': '97.9637 sh (+0.01%)', 'COHR': '7.9896 sh (-4.72%)', 'CVX': '24.8836 sh (+1.34%)', 'GEHC': '0.6136 sh (-0.39%)', 'IVZ': '306.9138 sh (+1.21%)', 'LMT': '16.3555 sh (+0.32%)', 'MS': '43.8344 sh (-1.63%)', 'MSI': '21.1281 sh (-0.69%)', 'NUE': '36.5544 sh (-1.52%)', 'NVDA': '44.2888 sh (+0.35%)', 'NWS': '303.7199 sh (+1.75%)', 'STLD': '0.9216 sh (-2.54%)', 'WSM': '0.1026 sh (-1.61%)'}
Risk state: peak $99,703.60 | drawdown 0.25% | today +0.20% | halted: False
Market regime: NEUTRAL (position-size multiplier: 100% incl. circuit breaker 100%)
News: fetched 158, 2 new after dedup, 0 ticker(s) matched.
Quant pre-screen: 53/67 candidates passed.
Technical fallback (Gemini throttled/unavailable) proposed 57 trade(s) meeting the conviction bar.
Gemini calls used today (all models combined): 426
Market closed (overnight): queued 12 trade idea(s) for next-morning verification -- nothing submitted yet.
  -> queued TTWO buy (conf None, stop 228.4, tp 256.285)
  -> queued HUM buy (conf None, stop 354.57, tp 392.49)
  -> queued TDY buy (conf None, stop 654.41, tp 697.61)
  -> queued WFC buy (conf 80, stop 86.06, tp 92.0)
  -> queued HBAN buy (conf None, stop 17.095, tp 18.03)
  -> queued IVZ buy (conf None, stop 29.7, tp 32.65)
  -> queued TEL buy (conf None, stop 200.81, tp 221.8)
  -> queued TPR buy (conf None, stop 126.59, tp 164.76)
  -> queued TRMB buy (conf None, stop 54.75, tp 61.75)
  -> queued CPRT buy (conf None, stop 28.555, tp 31.735)
  -> queued GILD buy (conf None, stop 129.03, tp 138.41)
  -> queued HAL buy (conf None, stop 31.2, tp 34.565)
Run budget spent -- skipping dashboard watchlist sync.
Run budget spent -- skipping performance snapshot.
Trade journal: no closed trades yet
Performance: Total return -0.38% | Max drawdown 12.37% | Daily Sharpe 0.28 | Open positions: 14 | Equity $99,453.89
Timings: account: 0.0s | risk: 1.8s | decide: 27.9s | watchlist: 0.0s | perf: 0.0s

=== Run at 2026-08-14T22:56:27.080224 ===
Current time: 2026-08-14 06:56 PM EDT | Market open (per Alpaca): False | Session: CLOSED
Account value: $99,455.75
Cash: $2,352.38 | Holdings (14): {'CEG': '35.6034 sh (+1.70%)', 'CHD': '97.9637 sh (+0.01%)', 'COHR': '7.9896 sh (-4.67%)', 'CVX': '24.8836 sh (+1.34%)', 'GEHC': '0.6136 sh (-0.39%)', 'IVZ': '306.9138 sh (+1.21%)', 'LMT': '16.3555 sh (+0.32%)', 'MS': '43.8344 sh (-1.63%)', 'MSI': '21.1281 sh (-0.69%)', 'NUE': '36.5544 sh (-1.52%)', 'NVDA': '44.2888 sh (+0.35%)', 'NWS': '303.7199 sh (+1.75%)', 'STLD': '0.9216 sh (-2.54%)', 'WSM': '0.1026 sh (-1.61%)'}
Risk state: peak $99,703.60 | drawdown 0.25% | today +0.20% | halted: False
Market regime: NEUTRAL (position-size multiplier: 100% incl. circuit breaker 100%)
News: fetched 158, 1 new after dedup, 0 ticker(s) matched.
Quant pre-screen: 53/67 candidates passed.
Gemini proposed 2 trade(s) meeting the conviction bar.
Gemini calls used today (all models combined): 427
Market closed (overnight): queued 12 trade idea(s) for next-morning verification -- nothing submitted yet.
  -> queued TTWO buy (conf 91, stop 235.0, tp 265.0)
  -> queued HUM buy (conf None, stop 354.57, tp 392.49)
  -> queued TDY buy (conf 85, stop 655.0, tp 697.61)
  -> queued WFC buy (conf 80, stop 86.06, tp 92.0)
  -> queued HBAN buy (conf None, stop 17.095, tp 18.03)
  -> queued IVZ buy (conf None, stop 29.7, tp 32.65)
  -> queued TEL buy (conf None, stop 200.81, tp 221.8)
  -> queued TPR buy (conf None, stop 126.59, tp 164.76)
  -> queued TRMB buy (conf None, stop 54.75, tp 61.75)
  -> queued CPRT buy (conf None, stop 28.555, tp 31.735)
  -> queued GILD buy (conf None, stop 129.03, tp 138.41)
  -> queued HAL buy (conf None, stop 31.2, tp 34.565)
Dashboard watchlist synced (16 symbols) for news/headlines.
Ending portfolio value: $99,455.75
Trade journal: no closed trades yet
Performance: Total return -0.38% | Max drawdown 12.37% | Daily Sharpe 0.28 | Open positions: 14 | Equity $99,455.75
Timings: account: 0.0s | risk: 1.5s | decide: 2.8s | watchlist: 0.0s | perf: 0.1s

=== Run at 2026-08-14T22:58:27.399437 ===
Current time: 2026-08-14 06:58 PM EDT | Market open (per Alpaca): False | Session: CLOSED
Account value: $99,456.21
Cash: $2,352.38 | Holdings (14): {'CEG': '35.6034 sh (+1.70%)', 'CHD': '97.9637 sh (+0.01%)', 'COHR': '7.9896 sh (-4.64%)', 'CVX': '24.8836 sh (+1.34%)', 'GEHC': '0.6136 sh (-0.39%)', 'IVZ': '306.9138 sh (+1.21%)', 'LMT': '16.3555 sh (+0.32%)', 'MS': '43.8344 sh (-1.63%)', 'MSI': '21.1281 sh (-0.69%)', 'NUE': '36.5544 sh (-1.52%)', 'NVDA': '44.2888 sh (+0.35%)', 'NWS': '303.7199 sh (+1.75%)', 'STLD': '0.9216 sh (-2.54%)', 'WSM': '0.1026 sh (-1.61%)'}
Risk state: peak $99,703.60 | drawdown 0.25% | today +0.20% | halted: False
Market regime: NEUTRAL (position-size multiplier: 100% incl. circuit breaker 100%)
News: fetched 158, 9 new after dedup, 0 ticker(s) matched.
Quant pre-screen: 53/67 candidates passed.
Gemini proposed 2 trade(s) meeting the conviction bar.
Gemini calls used today (all models combined): 428
Market closed (overnight): queued 12 trade idea(s) for next-morning verification -- nothing submitted yet.
  -> queued TTWO buy (conf 91, stop 235.0, tp 265.0)
  -> queued TYL buy (conf 90, stop 300.28, tp 355.0)
  -> queued HUM buy (conf None, stop 354.57, tp 392.49)
  -> queued TDY buy (conf 85, stop 654.41, tp 710.0)
  -> queued WFC buy (conf 80, stop 86.06, tp 92.0)
  -> queued HBAN buy (conf None, stop 17.095, tp 18.03)
  -> queued IVZ buy (conf None, stop 29.7, tp 32.65)
  -> queued TEL buy (conf None, stop 200.81, tp 221.8)
  -> queued TPR buy (conf None, stop 126.59, tp 164.76)
  -> queued TRMB buy (conf None, stop 54.75, tp 61.75)
  -> queued CPRT buy (conf None, stop 28.555, tp 31.735)
  -> queued GILD buy (conf None, stop 129.03, tp 138.41)
Dashboard watchlist synced (16 symbols) for news/headlines.
Ending portfolio value: $99,457.87
Trade journal: no closed trades yet
Performance: Total return -0.38% | Max drawdown 12.37% | Daily Sharpe 0.28 | Open positions: 14 | Equity $99,456.21
Timings: account: 0.0s | risk: 2.5s | decide: 2.9s | watchlist: 0.1s | perf: 0.1s

=== Run at 2026-08-14T23:00:35.628550 ===
Current time: 2026-08-14 07:00 PM EDT | Market open (per Alpaca): False | Session: CLOSED
Account value: $99,447.49
Cash: $2,352.38 | Holdings (14): {'CEG': '35.6034 sh (+1.70%)', 'CHD': '97.9637 sh (+0.01%)', 'COHR': '7.9896 sh (-4.69%)', 'CVX': '24.8836 sh (+1.17%)', 'GEHC': '0.6136 sh (-0.39%)', 'IVZ': '306.9138 sh (+1.21%)', 'LMT': '16.3555 sh (+0.32%)', 'MS': '43.8344 sh (-1.63%)', 'MSI': '21.1281 sh (-0.69%)', 'NUE': '36.5544 sh (-1.52%)', 'NVDA': '44.2888 sh (+0.36%)', 'NWS': '303.7199 sh (+1.75%)', 'STLD': '0.9216 sh (-2.54%)', 'WSM': '0.1026 sh (-1.61%)'}
Risk state: peak $99,703.60 | drawdown 0.26% | today +0.19% | halted: False
Market regime: NEUTRAL (position-size multiplier: 100% incl. circuit breaker 100%)
News: fetched 158, 2 new after dedup, 0 ticker(s) matched.
Quant pre-screen: 14/19 candidates passed.
Gemini proposed 2 trade(s) meeting the conviction bar.
Gemini calls used today (all models combined): 429
Market closed (overnight): queued 12 trade idea(s) for next-morning verification -- nothing submitted yet.
  -> queued TTWO buy (conf 85, stop 235.0, tp 260.0)
  -> queued TYL buy (conf 90, stop 300.28, tp 355.0)
  -> queued HUM buy (conf None, stop 354.57, tp 392.49)
  -> queued TDY buy (conf 82, stop 660.0, tp 710.0)
  -> queued WFC buy (conf 80, stop 86.06, tp 92.0)
  -> queued HBAN buy (conf None, stop 17.095, tp 18.03)
  -> queued IVZ buy (conf None, stop 29.7, tp 32.65)
  -> queued TEL buy (conf None, stop 200.81, tp 221.8)
  -> queued TPR buy (conf None, stop 126.59, tp 164.76)
  -> queued TRMB buy (conf None, stop 54.75, tp 61.75)
  -> queued CPRT buy (conf None, stop 28.555, tp 31.735)
  -> queued GILD buy (conf None, stop 129.03, tp 138.41)
Dashboard watchlist synced (16 symbols) for news/headlines.
Ending portfolio value: $99,447.49
Trade journal: no closed trades yet
Performance: Total return -0.39% | Max drawdown 12.37% | Daily Sharpe 0.28 | Open positions: 14 | Equity $99,447.49
Timings: account: 0.0s | risk: 4.6s | decide: 9.2s | watchlist: 0.1s | perf: 0.2s

=== Run at 2026-08-14T23:02:30.518523 ===
Current time: 2026-08-14 07:02 PM EDT | Market open (per Alpaca): False | Session: CLOSED
Account value: $99,418.03
Cash: $2,352.38 | Holdings (14): {'CEG': '35.6034 sh (+1.39%)', 'CHD': '97.9637 sh (+0.01%)', 'COHR': '7.9896 sh (-4.69%)', 'CVX': '24.8836 sh (+1.19%)', 'GEHC': '0.6136 sh (-0.39%)', 'IVZ': '306.9138 sh (+1.21%)', 'LMT': '16.3555 sh (+0.32%)', 'MS': '43.8344 sh (-1.63%)', 'MSI': '21.1281 sh (-0.69%)', 'NUE': '36.5544 sh (-1.52%)', 'NVDA': '44.2888 sh (+0.35%)', 'NWS': '303.7199 sh (+1.75%)', 'STLD': '0.9216 sh (-2.54%)', 'WSM': '0.1026 sh (-1.61%)'}
Risk state: peak $99,703.60 | drawdown 0.29% | today +0.16% | halted: False
Market regime: NEUTRAL (position-size multiplier: 100% incl. circuit breaker 100%)
News: fetched 158, 1 new after dedup, 0 ticker(s) matched.
Quant pre-screen: 24/31 candidates passed.
Gemini proposed 3 trade(s) meeting the conviction bar.
Gemini calls used today (all models combined): 430
Market closed (overnight): queued 12 trade idea(s) for next-morning verification -- nothing submitted yet.
  -> queued TTWO buy (conf 92, stop 228.4, tp 265.49)
  -> queued TYL buy (conf 88, stop 300.28, tp 334.89)
  -> queued HUM buy (conf None, stop 354.57, tp 392.49)
  -> queued TDY buy (conf 82, stop 660.0, tp 710.0)
  -> queued WFC buy (conf 80, stop 86.06, tp 92.0)
  -> queued HBAN buy (conf 85, stop 17.09, tp 19.45)
  -> queued IVZ buy (conf None, stop 29.7, tp 32.65)
  -> queued TEL buy (conf None, stop 200.81, tp 221.8)
  -> queued TPR buy (conf None, stop 126.59, tp 164.76)
  -> queued TRMB buy (conf None, stop 54.75, tp 61.75)
  -> queued CPRT buy (conf None, stop 28.555, tp 31.735)
  -> queued GILD buy (conf None, stop 129.03, tp 138.41)
Dashboard watchlist synced (17 symbols) for news/headlines.
Ending portfolio value: $99,421.87
Trade journal: no closed trades yet
Performance: Total return -0.41% | Max drawdown 12.37% | Daily Sharpe 0.27 | Open positions: 14 | Equity $99,418.03
Timings: account: 0.0s | risk: 5.1s | decide: 15.9s | watchlist: 0.1s | perf: 0.2s

=== Run at 2026-08-14T23:04:24.949016 ===
Current time: 2026-08-14 07:04 PM EDT | Market open (per Alpaca): False | Session: CLOSED
Account value: $99,424.37
Cash: $2,352.38 | Holdings (14): {'CEG': '35.6034 sh (+1.39%)', 'CHD': '97.9637 sh (+0.01%)', 'COHR': '7.9896 sh (-4.52%)', 'CVX': '24.8836 sh (+1.22%)', 'GEHC': '0.6136 sh (-0.39%)', 'IVZ': '306.9138 sh (+1.21%)', 'LMT': '16.3555 sh (+0.32%)', 'MS': '43.8344 sh (-1.63%)', 'MSI': '21.1281 sh (-0.69%)', 'NUE': '36.5544 sh (-1.52%)', 'NVDA': '44.2888 sh (+0.36%)', 'NWS': '303.7199 sh (+1.75%)', 'STLD': '0.9216 sh (-2.54%)', 'WSM': '0.1026 sh (-1.61%)'}
Risk state: peak $99,703.60 | drawdown 0.28% | today +0.17% | halted: False
Market regime: NEUTRAL (position-size multiplier: 100% incl. circuit breaker 100%)
News: fetched 158, 2 new after dedup, 2 ticker(s) matched.
Quant pre-screen: 19/21 candidates passed.
Gemini proposed 3 trade(s) meeting the conviction bar.
Gemini calls used today (all models combined): 431
Market closed (overnight): queued 12 trade idea(s) for next-morning verification -- nothing submitted yet.
  -> queued WDC buy (conf 92, stop 485.0, tp 560.0)
  -> queued TTWO buy (conf 90, stop 235.0, tp 265.0)
  -> queued TYL buy (conf 88, stop 300.28, tp 334.89)
  -> queued HUM buy (conf None, stop 354.57, tp 392.49)
  -> queued HBAN buy (conf 85, stop 17.09, tp 19.45)
  -> queued WDAY buy (conf 85, stop 188.0, tp 220.0)
  -> queued TDY buy (conf 82, stop 660.0, tp 710.0)
  -> queued WFC buy (conf 80, stop 86.06, tp 92.0)
  -> queued IVZ buy (conf None, stop 29.7, tp 32.65)
  -> queued TEL buy (conf None, stop 200.81, tp 221.8)
  -> queued TPR buy (conf None, stop 126.59, tp 164.76)
  -> queued TRMB buy (conf None, stop 54.75, tp 61.75)
Dashboard watchlist synced (19 symbols) for news/headlines.
Ending portfolio value: $99,424.37
Trade journal: no closed trades yet
Performance: Total return -0.41% | Max drawdown 12.37% | Daily Sharpe 0.28 | Open positions: 14 | Equity $99,424.37
Timings: account: 0.0s | risk: 1.4s | decide: 11.9s | watchlist: 0.0s | perf: 0.1s

