=== Run at 2026-08-16T00:00:41.921409 ===
Current time: 2026-08-15 08:00 PM EDT | Market open (per Alpaca): False | Session: CLOSED
Account value: $99,425.43
Cash: $2,352.13 | Holdings (14): {'CEG': '35.6034 sh (+1.36%)', 'CHD': '97.9637 sh (+0.01%)', 'COHR': '7.9896 sh (-4.69%)', 'CVX': '24.8836 sh (+1.17%)', 'GEHC': '0.6136 sh (-0.28%)', 'IVZ': '306.9138 sh (+1.21%)', 'LMT': '16.3555 sh (+0.32%)', 'MS': '43.8344 sh (-1.63%)', 'MSI': '21.1281 sh (-0.69%)', 'NUE': '36.5544 sh (-1.52%)', 'NVDA': '44.2888 sh (+0.48%)', 'NWS': '303.7199 sh (+1.75%)', 'STLD': '0.9216 sh (-2.54%)', 'WSM': '0.1026 sh (-1.61%)'}
Open orders (1): NVDA sell 44.2888
Risk state: peak $99,703.60 | drawdown 0.28% | today -0.00% | halted: False
Market regime: NEUTRAL (position-size multiplier: 100% incl. circuit breaker 100%)
News: fetched 158, 2 new after dedup, 0 ticker(s) matched.
Quant pre-screen: 14/19 candidates passed.
Gemini proposed 3 trade(s) meeting the conviction bar.
Gemini calls used today (all models combined): 493
Market closed (overnight): queued 12 trade idea(s) for next-morning verification -- nothing submitted yet.
  -> queued WDC buy (conf 92, stop 485.0, tp 560.0)
  -> queued WFC buy (conf 91, stop 86.06, tp 97.76)
  -> queued HAS buy (conf 90, stop 89.34, tp 106.82)
  -> queued HUM buy (conf None, stop 354.57, tp 392.49)
  -> queued WDAY buy (conf 85, stop 188.0, tp 220.0)
  -> queued BAC buy (conf 85, stop 62.5, tp 67.5)
  -> queued HBAN buy (conf 85, stop 17.09, tp 19.45)
  -> queued TDY buy (conf 91, stop 654.41, tp 697.61)
  -> queued TTWO buy (conf 92, stop 228.4, tp 265.49)
  -> queued NDAQ buy (conf None, stop 93.23, tp 97.755)
  -> queued TYL buy (conf 90, stop 300.28, tp 334.89)
  -> queued LYB buy (conf None, stop 58.01, tp 64.365)
Dashboard watchlist synced (17 symbols) for news/headlines.
Ending portfolio value: $99,425.43
Trade journal: no closed trades yet
Performance: Total return -0.41% | Max drawdown 12.37% | Daily Sharpe 0.27 | Open positions: 14 | Equity $99,425.43
Timings: account: 0.0s | risk: 4.4s | decide: 12.1s | watchlist: 0.1s | perf: 0.2s

=== Run at 2026-08-16T00:02:25.915882 ===
Current time: 2026-08-15 08:02 PM EDT | Market open (per Alpaca): False | Session: CLOSED
Account value: $99,425.43
Cash: $2,352.13 | Holdings (14): {'CEG': '35.6034 sh (+1.36%)', 'CHD': '97.9637 sh (+0.01%)', 'COHR': '7.9896 sh (-4.69%)', 'CVX': '24.8836 sh (+1.17%)', 'GEHC': '0.6136 sh (-0.28%)', 'IVZ': '306.9138 sh (+1.21%)', 'LMT': '16.3555 sh (+0.32%)', 'MS': '43.8344 sh (-1.63%)', 'MSI': '21.1281 sh (-0.69%)', 'NUE': '36.5544 sh (-1.52%)', 'NVDA': '44.2888 sh (+0.48%)', 'NWS': '303.7199 sh (+1.75%)', 'STLD': '0.9216 sh (-2.54%)', 'WSM': '0.1026 sh (-1.61%)'}
Open orders (1): NVDA sell 44.2888
Risk state: peak $99,703.60 | drawdown 0.28% | today -0.00% | halted: False
Market regime: NEUTRAL (position-size multiplier: 100% incl. circuit breaker 100%)
News: fetched 158, 1 new after dedup, 0 ticker(s) matched.
Quant pre-screen: 23/31 candidates passed.
Gemini proposed 3 trade(s) meeting the conviction bar.
Gemini calls used today (all models combined): 494
Market closed (overnight): queued 12 trade idea(s) for next-morning verification -- nothing submitted yet.
  -> queued WDC buy (conf 92, stop 485.0, tp 560.0)
  -> queued WFC buy (conf 91, stop 86.06, tp 97.76)
  -> queued HAS buy (conf 90, stop 89.34, tp 106.82)
  -> queued HUM buy (conf None, stop 354.57, tp 392.49)
  -> queued WDAY buy (conf 85, stop 188.0, tp 220.0)
  -> queued BAC buy (conf 85, stop 62.5, tp 67.5)
  -> queued HBAN buy (conf 85, stop 17.09, tp 19.45)
  -> queued TDY buy (conf 92, stop 654.41, tp 715.0000000000001)
  -> queued TTWO buy (conf 91, stop 228.4, tp 265.0)
  -> queued NDAQ buy (conf None, stop 93.23, tp 97.755)
  -> queued TYL buy (conf 90, stop 300.28, tp 350.0)
  -> queued LYB buy (conf None, stop 58.01, tp 64.365)
Dashboard watchlist synced (17 symbols) for news/headlines.
Ending portfolio value: $99,425.43
Trade journal: no closed trades yet
Performance: Total return -0.41% | Max drawdown 12.37% | Daily Sharpe 0.26 | Open positions: 14 | Equity $99,425.43
Timings: account: 0.0s | risk: 2.3s | decide: 25.4s | watchlist: 0.1s | perf: 0.1s

=== Run at 2026-08-16T00:04:25.214362 ===
Current time: 2026-08-15 08:04 PM EDT | Market open (per Alpaca): False | Session: CLOSED
Account value: $99,425.43
Cash: $2,352.13 | Holdings (14): {'CEG': '35.6034 sh (+1.36%)', 'CHD': '97.9637 sh (+0.01%)', 'COHR': '7.9896 sh (-4.69%)', 'CVX': '24.8836 sh (+1.17%)', 'GEHC': '0.6136 sh (-0.28%)', 'IVZ': '306.9138 sh (+1.21%)', 'LMT': '16.3555 sh (+0.32%)', 'MS': '43.8344 sh (-1.63%)', 'MSI': '21.1281 sh (-0.69%)', 'NUE': '36.5544 sh (-1.52%)', 'NVDA': '44.2888 sh (+0.48%)', 'NWS': '303.7199 sh (+1.75%)', 'STLD': '0.9216 sh (-2.54%)', 'WSM': '0.1026 sh (-1.61%)'}
Open orders (1): NVDA sell 44.2888
Risk state: peak $99,703.60 | drawdown 0.28% | today -0.00% | halted: False
Market regime: NEUTRAL (position-size multiplier: 100% incl. circuit breaker 100%)
News: fetched 120, 3 new after dedup, 0 ticker(s) matched.
Quant pre-screen: 30/43 candidates passed.
Technical fallback (Gemini throttled/unavailable) proposed 33 trade(s) meeting the conviction bar.
Gemini calls used today (all models combined): 494
Market closed (overnight): queued 12 trade idea(s) for next-morning verification -- nothing submitted yet.
  -> queued WDC buy (conf 92, stop 485.0, tp 560.0)
  -> queued WFC buy (conf 91, stop 86.06, tp 97.76)
  -> queued HAS buy (conf 90, stop 89.34, tp 106.82)
  -> queued HUM buy (conf None, stop 354.57, tp 392.49)
  -> queued WDAY buy (conf 85, stop 188.0, tp 220.0)
  -> queued BAC buy (conf 85, stop 62.5, tp 67.5)
  -> queued HBAN buy (conf 85, stop 17.09, tp 19.45)
  -> queued TDY buy (conf None, stop 654.41, tp 697.61)
  -> queued TTWO buy (conf None, stop 228.4, tp 256.285)
  -> queued NDAQ buy (conf None, stop 93.23, tp 97.755)
  -> queued TYL buy (conf None, stop 300.28, tp 334.89)
  -> queued LYB buy (conf None, stop 58.01, tp 64.365)
Dashboard watchlist synced (44 symbols) for news/headlines.
Ending portfolio value: $99,425.43
Trade journal: no closed trades yet
Performance: Total return -0.41% | Max drawdown 12.37% | Daily Sharpe 0.26 | Open positions: 14 | Equity $99,425.43
Timings: account: 0.0s | risk: 1.4s | decide: 28.0s | watchlist: 0.1s | perf: 0.1s

=== Run at 2026-08-16T00:06:27.193284 ===
Current time: 2026-08-15 08:06 PM EDT | Market open (per Alpaca): False | Session: CLOSED
Account value: $99,425.43
Cash: $2,352.13 | Holdings (14): {'CEG': '35.6034 sh (+1.36%)', 'CHD': '97.9637 sh (+0.01%)', 'COHR': '7.9896 sh (-4.69%)', 'CVX': '24.8836 sh (+1.17%)', 'GEHC': '0.6136 sh (-0.28%)', 'IVZ': '306.9138 sh (+1.21%)', 'LMT': '16.3555 sh (+0.32%)', 'MS': '43.8344 sh (-1.63%)', 'MSI': '21.1281 sh (-0.69%)', 'NUE': '36.5544 sh (-1.52%)', 'NVDA': '44.2888 sh (+0.48%)', 'NWS': '303.7199 sh (+1.75%)', 'STLD': '0.9216 sh (-2.54%)', 'WSM': '0.1026 sh (-1.61%)'}
Open orders (1): NVDA sell 44.2888
Risk state: peak $99,703.60 | drawdown 0.28% | today -0.00% | halted: False
Market regime: NEUTRAL (position-size multiplier: 100% incl. circuit breaker 100%)
News: fetched 158, 0 new after dedup, 0 ticker(s) matched.
Quant pre-screen: 40/55 candidates passed.
Technical fallback (Gemini throttled/unavailable) proposed 43 trade(s) meeting the conviction bar.
Gemini calls used today (all models combined): 494
Market closed (overnight): queued 12 trade idea(s) for next-morning verification -- nothing submitted yet.
  -> queued WDC buy (conf 92, stop 485.0, tp 560.0)
  -> queued WFC buy (conf 91, stop 86.06, tp 97.76)
  -> queued HAS buy (conf 90, stop 89.34, tp 106.82)
  -> queued HUM buy (conf None, stop 354.57, tp 392.49)
  -> queued WDAY buy (conf 85, stop 188.0, tp 220.0)
  -> queued BAC buy (conf 85, stop 62.5, tp 67.5)
  -> queued HBAN buy (conf 85, stop 17.09, tp 19.45)
  -> queued TDY buy (conf None, stop 654.41, tp 697.61)
  -> queued TTWO buy (conf None, stop 228.4, tp 256.285)
  -> queued NDAQ buy (conf None, stop 93.23, tp 97.755)
  -> queued TYL buy (conf None, stop 300.28, tp 334.89)
  -> queued LYB buy (conf None, stop 58.01, tp 64.365)
Run budget spent -- skipping dashboard watchlist sync.
Run budget spent -- skipping performance snapshot.
Trade journal: no closed trades yet
Performance: Total return -0.41% | Max drawdown 12.37% | Daily Sharpe 0.26 | Open positions: 14 | Equity $99,425.43
Timings: account: 0.0s | risk: 3.9s | decide: 25.7s | watchlist: 0.0s | perf: 0.0s

=== Run at 2026-08-16T00:08:29.748997 ===
Current time: 2026-08-15 08:08 PM EDT | Market open (per Alpaca): False | Session: CLOSED
Account value: $99,425.43
Cash: $2,352.13 | Holdings (14): {'CEG': '35.6034 sh (+1.36%)', 'CHD': '97.9637 sh (+0.01%)', 'COHR': '7.9896 sh (-4.69%)', 'CVX': '24.8836 sh (+1.17%)', 'GEHC': '0.6136 sh (-0.28%)', 'IVZ': '306.9138 sh (+1.21%)', 'LMT': '16.3555 sh (+0.32%)', 'MS': '43.8344 sh (-1.63%)', 'MSI': '21.1281 sh (-0.69%)', 'NUE': '36.5544 sh (-1.52%)', 'NVDA': '44.2888 sh (+0.48%)', 'NWS': '303.7199 sh (+1.75%)', 'STLD': '0.9216 sh (-2.54%)', 'WSM': '0.1026 sh (-1.61%)'}
Open orders (1): NVDA sell 44.2888
Risk state: peak $99,703.60 | drawdown 0.28% | today -0.00% | halted: False
Market regime: NEUTRAL (position-size multiplier: 100% incl. circuit breaker 100%)
News: fetched 158, 0 new after dedup, 0 ticker(s) matched.
Quant pre-screen: 48/67 candidates passed.
Technical fallback (Gemini throttled/unavailable) proposed 51 trade(s) meeting the conviction bar.
Gemini calls used today (all models combined): 494
Market closed (overnight): queued 12 trade idea(s) for next-morning verification -- nothing submitted yet.
  -> queued WDC buy (conf 92, stop 485.0, tp 560.0)
  -> queued WFC buy (conf 91, stop 86.06, tp 97.76)
  -> queued HAS buy (conf 90, stop 89.34, tp 106.82)
  -> queued HUM buy (conf None, stop 354.57, tp 392.49)
  -> queued WDAY buy (conf 85, stop 188.0, tp 220.0)
  -> queued BAC buy (conf 85, stop 62.5, tp 67.5)
  -> queued HBAN buy (conf 85, stop 17.09, tp 19.45)
  -> queued TDY buy (conf None, stop 654.41, tp 697.61)
  -> queued TTWO buy (conf None, stop 228.4, tp 256.285)
  -> queued NDAQ buy (conf None, stop 93.23, tp 97.755)
  -> queued TYL buy (conf None, stop 300.28, tp 334.89)
  -> queued LYB buy (conf None, stop 58.01, tp 64.365)
Run budget spent -- skipping dashboard watchlist sync.
Run budget spent -- skipping performance snapshot.
Trade journal: no closed trades yet
Performance: Total return -0.41% | Max drawdown 12.37% | Daily Sharpe 0.26 | Open positions: 14 | Equity $99,425.43
Timings: account: 0.0s | risk: 3.7s | decide: 25.9s | watchlist: 0.0s | perf: 0.0s

=== Run at 2026-08-16T00:10:31.807127 ===
Current time: 2026-08-15 08:10 PM EDT | Market open (per Alpaca): False | Session: CLOSED
Account value: $99,425.43
Cash: $2,352.13 | Holdings (14): {'CEG': '35.6034 sh (+1.36%)', 'CHD': '97.9637 sh (+0.01%)', 'COHR': '7.9896 sh (-4.69%)', 'CVX': '24.8836 sh (+1.17%)', 'GEHC': '0.6136 sh (-0.28%)', 'IVZ': '306.9138 sh (+1.21%)', 'LMT': '16.3555 sh (+0.32%)', 'MS': '43.8344 sh (-1.63%)', 'MSI': '21.1281 sh (-0.69%)', 'NUE': '36.5544 sh (-1.52%)', 'NVDA': '44.2888 sh (+0.48%)', 'NWS': '303.7199 sh (+1.75%)', 'STLD': '0.9216 sh (-2.54%)', 'WSM': '0.1026 sh (-1.61%)'}
Open orders (1): NVDA sell 44.2888
Risk state: peak $99,703.60 | drawdown 0.28% | today -0.00% | halted: False
Market regime: NEUTRAL (position-size multiplier: 100% incl. circuit breaker 100%)
News: fetched 158, 0 new after dedup, 0 ticker(s) matched.
Quant pre-screen: 48/67 candidates passed.
Gemini proposed 3 trade(s) meeting the conviction bar.
Gemini calls used today (all models combined): 495
Market closed (overnight): queued 12 trade idea(s) for next-morning verification -- nothing submitted yet.
  -> queued WDC buy (conf 92, stop 485.0, tp 560.0)
  -> queued WFC buy (conf 91, stop 86.06, tp 97.76)
  -> queued HAS buy (conf 90, stop 89.34, tp 106.82)
  -> queued HUM buy (conf None, stop 354.57, tp 392.49)
  -> queued WDAY buy (conf 85, stop 188.0, tp 220.0)
  -> queued BAC buy (conf 85, stop 62.5, tp 67.5)
  -> queued HBAN buy (conf 85, stop 17.09, tp 19.45)
  -> queued TDY buy (conf 85, stop 654.41, tp 715.0)
  -> queued TTWO buy (conf 90, stop 228.4, tp 265.0)
  -> queued NDAQ buy (conf None, stop 93.23, tp 97.755)
  -> queued TYL buy (conf 92, stop 300.28, tp 355.0)
  -> queued LYB buy (conf None, stop 58.01, tp 64.365)
Dashboard watchlist synced (17 symbols) for news/headlines.
Ending portfolio value: $99,425.43
Trade journal: no closed trades yet
Performance: Total return -0.41% | Max drawdown 12.37% | Daily Sharpe 0.26 | Open positions: 14 | Equity $99,425.43
Timings: account: 0.0s | risk: 4.1s | decide: 5.0s | watchlist: 0.2s | perf: 0.3s

=== Run at 2026-08-16T00:12:25.662447 ===
Current time: 2026-08-15 08:12 PM EDT | Market open (per Alpaca): False | Session: CLOSED
Account value: $99,425.43
Cash: $2,352.13 | Holdings (14): {'CEG': '35.6034 sh (+1.36%)', 'CHD': '97.9637 sh (+0.01%)', 'COHR': '7.9896 sh (-4.69%)', 'CVX': '24.8836 sh (+1.17%)', 'GEHC': '0.6136 sh (-0.28%)', 'IVZ': '306.9138 sh (+1.21%)', 'LMT': '16.3555 sh (+0.32%)', 'MS': '43.8344 sh (-1.63%)', 'MSI': '21.1281 sh (-0.69%)', 'NUE': '36.5544 sh (-1.52%)', 'NVDA': '44.2888 sh (+0.48%)', 'NWS': '303.7199 sh (+1.75%)', 'STLD': '0.9216 sh (-2.54%)', 'WSM': '0.1026 sh (-1.61%)'}
Open orders (1): NVDA sell 44.2888
Risk state: peak $99,703.60 | drawdown 0.28% | today -0.00% | halted: False
Market regime: NEUTRAL (position-size multiplier: 100% incl. circuit breaker 100%)
News: fetched 158, 2 new after dedup, 0 ticker(s) matched.
Quant pre-screen: 48/67 candidates passed.
Gemini proposed 3 trade(s) meeting the conviction bar.
Gemini calls used today (all models combined): 496
Market closed (overnight): queued 12 trade idea(s) for next-morning verification -- nothing submitted yet.
  -> queued WDC buy (conf 92, stop 485.0, tp 560.0)
  -> queued WFC buy (conf 91, stop 86.06, tp 97.76)
  -> queued HAS buy (conf 90, stop 89.34, tp 106.82)
  -> queued HUM buy (conf None, stop 354.57, tp 392.49)
  -> queued WDAY buy (conf 85, stop 188.0, tp 220.0)
  -> queued BAC buy (conf 85, stop 62.5, tp 67.5)
  -> queued HBAN buy (conf 85, stop 17.09, tp 19.45)
  -> queued TDY buy (conf 85, stop 654.41, tp 720.0)
  -> queued TTWO buy (conf 90, stop 228.4, tp 270.0)
  -> queued NDAQ buy (conf None, stop 93.23, tp 97.755)
  -> queued TYL buy (conf 92, stop 300.28, tp 360.0)
  -> queued LYB buy (conf None, stop 58.01, tp 64.365)
Dashboard watchlist synced (17 symbols) for news/headlines.
Ending portfolio value: $99,425.43
Trade journal: no closed trades yet
Performance: Total return -0.41% | Max drawdown 12.37% | Daily Sharpe 0.26 | Open positions: 14 | Equity $99,425.43
Timings: account: 0.0s | risk: 0.9s | decide: 22.7s | watchlist: 0.0s | perf: 0.1s

=== Run at 2026-08-16T00:14:25.561938 ===
Current time: 2026-08-15 08:14 PM EDT | Market open (per Alpaca): False | Session: CLOSED
Account value: $99,425.43
Cash: $2,352.13 | Holdings (14): {'CEG': '35.6034 sh (+1.36%)', 'CHD': '97.9637 sh (+0.01%)', 'COHR': '7.9896 sh (-4.69%)', 'CVX': '24.8836 sh (+1.17%)', 'GEHC': '0.6136 sh (-0.28%)', 'IVZ': '306.9138 sh (+1.21%)', 'LMT': '16.3555 sh (+0.32%)', 'MS': '43.8344 sh (-1.63%)', 'MSI': '21.1281 sh (-0.69%)', 'NUE': '36.5544 sh (-1.52%)', 'NVDA': '44.2888 sh (+0.48%)', 'NWS': '303.7199 sh (+1.75%)', 'STLD': '0.9216 sh (-2.54%)', 'WSM': '0.1026 sh (-1.61%)'}
Open orders (1): NVDA sell 44.2888
Risk state: peak $99,703.60 | drawdown 0.28% | today -0.00% | halted: False
Market regime: NEUTRAL (position-size multiplier: 100% incl. circuit breaker 100%)
News: fetched 158, 1 new after dedup, 0 ticker(s) matched.
Quant pre-screen: 48/67 candidates passed.
Gemini proposed 3 trade(s) meeting the conviction bar.
Gemini calls used today (all models combined): 497
Market closed (overnight): queued 12 trade idea(s) for next-morning verification -- nothing submitted yet.
  -> queued WDC buy (conf 92, stop 485.0, tp 560.0)
  -> queued WFC buy (conf 91, stop 86.06, tp 97.76)
  -> queued HAS buy (conf 90, stop 89.34, tp 106.82)
  -> queued HUM buy (conf None, stop 354.57, tp 392.49)
  -> queued WDAY buy (conf 85, stop 188.0, tp 220.0)
  -> queued BAC buy (conf 85, stop 62.5, tp 67.5)
  -> queued HBAN buy (conf 85, stop 17.09, tp 19.45)
  -> queued TDY buy (conf 90, stop 654.41, tp 715.0)
  -> queued TTWO buy (conf 91, stop 228.4, tp 265.0)
  -> queued NDAQ buy (conf None, stop 93.23, tp 97.755)
  -> queued TYL buy (conf 92, stop 300.28, tp 355.0)
  -> queued LYB buy (conf None, stop 58.01, tp 64.365)
Dashboard watchlist synced (17 symbols) for news/headlines.
Ending portfolio value: $99,425.43
Trade journal: no closed trades yet
Performance: Total return -0.41% | Max drawdown 12.37% | Daily Sharpe 0.26 | Open positions: 14 | Equity $99,425.43
Timings: account: 0.0s | risk: 1.4s | decide: 3.6s | watchlist: 0.1s | perf: 0.1s

=== Run at 2026-08-16T00:16:26.393039 ===
Current time: 2026-08-15 08:16 PM EDT | Market open (per Alpaca): False | Session: CLOSED
Account value: $99,425.43
Cash: $2,352.13 | Holdings (14): {'CEG': '35.6034 sh (+1.36%)', 'CHD': '97.9637 sh (+0.01%)', 'COHR': '7.9896 sh (-4.69%)', 'CVX': '24.8836 sh (+1.17%)', 'GEHC': '0.6136 sh (-0.28%)', 'IVZ': '306.9138 sh (+1.21%)', 'LMT': '16.3555 sh (+0.32%)', 'MS': '43.8344 sh (-1.63%)', 'MSI': '21.1281 sh (-0.69%)', 'NUE': '36.5544 sh (-1.52%)', 'NVDA': '44.2888 sh (+0.48%)', 'NWS': '303.7199 sh (+1.75%)', 'STLD': '0.9216 sh (-2.54%)', 'WSM': '0.1026 sh (-1.61%)'}
Open orders (1): NVDA sell 44.2888
Risk state: peak $99,703.60 | drawdown 0.28% | today -0.00% | halted: False
Market regime: NEUTRAL (position-size multiplier: 100% incl. circuit breaker 100%)
News: fetched 158, 0 new after dedup, 0 ticker(s) matched.
Quant pre-screen: 48/67 candidates passed.
Gemini proposed 3 trade(s) meeting the conviction bar.
Gemini calls used today (all models combined): 498
Market closed (overnight): queued 12 trade idea(s) for next-morning verification -- nothing submitted yet.
  -> queued WDC buy (conf 92, stop 485.0, tp 560.0)
  -> queued WFC buy (conf 91, stop 86.06, tp 97.76)
  -> queued HAS buy (conf 90, stop 89.34, tp 106.82)
  -> queued HUM buy (conf None, stop 354.57, tp 392.49)
  -> queued WDAY buy (conf 85, stop 188.0, tp 220.0)
  -> queued BAC buy (conf 85, stop 62.5, tp 67.5)
  -> queued HBAN buy (conf 85, stop 17.09, tp 19.45)
  -> queued TDY buy (conf 85, stop 654.41, tp 725.0)
  -> queued TTWO buy (conf 91, stop 228.4, tp 275.0)
  -> queued NDAQ buy (conf None, stop 93.23, tp 97.755)
  -> queued TYL buy (conf 92, stop 300.28, tp 355.0)
  -> queued LYB buy (conf None, stop 58.01, tp 64.365)
Dashboard watchlist synced (17 symbols) for news/headlines.
Ending portfolio value: $99,425.43
Trade journal: no closed trades yet
Performance: Total return -0.41% | Max drawdown 12.37% | Daily Sharpe 0.26 | Open positions: 14 | Equity $99,425.43
Timings: account: 0.0s | risk: 3.9s | decide: 7.5s | watchlist: 0.1s | perf: 0.2s

=== Run at 2026-08-16T00:18:28.932732 ===
Current time: 2026-08-15 08:18 PM EDT | Market open (per Alpaca): False | Session: CLOSED
Account value: $99,425.43
Cash: $2,352.13 | Holdings (14): {'CEG': '35.6034 sh (+1.36%)', 'CHD': '97.9637 sh (+0.01%)', 'COHR': '7.9896 sh (-4.69%)', 'CVX': '24.8836 sh (+1.17%)', 'GEHC': '0.6136 sh (-0.28%)', 'IVZ': '306.9138 sh (+1.21%)', 'LMT': '16.3555 sh (+0.32%)', 'MS': '43.8344 sh (-1.63%)', 'MSI': '21.1281 sh (-0.69%)', 'NUE': '36.5544 sh (-1.52%)', 'NVDA': '44.2888 sh (+0.48%)', 'NWS': '303.7199 sh (+1.75%)', 'STLD': '0.9216 sh (-2.54%)', 'WSM': '0.1026 sh (-1.61%)'}
Open orders (1): NVDA sell 44.2888
Risk state: peak $99,703.60 | drawdown 0.28% | today -0.00% | halted: False
Market regime: NEUTRAL (position-size multiplier: 100% incl. circuit breaker 100%)
News: fetched 158, 0 new after dedup, 0 ticker(s) matched.
Quant pre-screen: 48/67 candidates passed.
Gemini proposed 3 trade(s) meeting the conviction bar.
Gemini calls used today (all models combined): 499
Market closed (overnight): queued 12 trade idea(s) for next-morning verification -- nothing submitted yet.
  -> queued WDC buy (conf 92, stop 485.0, tp 560.0)
  -> queued WFC buy (conf 91, stop 86.06, tp 97.76)
  -> queued HAS buy (conf 90, stop 89.34, tp 106.82)
  -> queued HUM buy (conf None, stop 354.57, tp 392.49)
  -> queued WDAY buy (conf 85, stop 188.0, tp 220.0)
  -> queued BAC buy (conf 85, stop 62.5, tp 67.5)
  -> queued HBAN buy (conf 85, stop 17.09, tp 19.45)
  -> queued TDY buy (conf 85, stop 655.0, tp 710.0)
  -> queued TTWO buy (conf 92, stop 231.5, tp 265.0)
  -> queued NDAQ buy (conf None, stop 93.23, tp 97.755)
  -> queued TYL buy (conf 90, stop 305.0, tp 350.0)
  -> queued LYB buy (conf None, stop 58.01, tp 64.365)
Dashboard watchlist synced (17 symbols) for news/headlines.
Ending portfolio value: $99,425.43
Trade journal: no closed trades yet
Performance: Total return -0.41% | Max drawdown 12.37% | Daily Sharpe 0.26 | Open positions: 14 | Equity $99,425.43
Timings: account: 0.0s | risk: 2.0s | decide: 23.4s | watchlist: 0.1s | perf: 0.1s

=== Run at 2026-08-16T00:20:34.698922 ===
Current time: 2026-08-15 08:20 PM EDT | Market open (per Alpaca): False | Session: CLOSED
Account value: $99,425.43
Cash: $2,352.13 | Holdings (14): {'CEG': '35.6034 sh (+1.36%)', 'CHD': '97.9637 sh (+0.01%)', 'COHR': '7.9896 sh (-4.69%)', 'CVX': '24.8836 sh (+1.17%)', 'GEHC': '0.6136 sh (-0.28%)', 'IVZ': '306.9138 sh (+1.21%)', 'LMT': '16.3555 sh (+0.32%)', 'MS': '43.8344 sh (-1.63%)', 'MSI': '21.1281 sh (-0.69%)', 'NUE': '36.5544 sh (-1.52%)', 'NVDA': '44.2888 sh (+0.48%)', 'NWS': '303.7199 sh (+1.75%)', 'STLD': '0.9216 sh (-2.54%)', 'WSM': '0.1026 sh (-1.61%)'}
Open orders (1): NVDA sell 44.2888
Risk state: peak $99,703.60 | drawdown 0.28% | today -0.00% | halted: False
Market regime: NEUTRAL (position-size multiplier: 100% incl. circuit breaker 100%)
News: fetched 158, 0 new after dedup, 0 ticker(s) matched.
Quant pre-screen: 48/67 candidates passed.
Technical fallback (Gemini throttled/unavailable) proposed 51 trade(s) meeting the conviction bar.
Gemini calls used today (all models combined): 499
Market closed (overnight): queued 12 trade idea(s) for next-morning verification -- nothing submitted yet.
  -> queued WDC buy (conf 92, stop 485.0, tp 560.0)
  -> queued WFC buy (conf 91, stop 86.06, tp 97.76)
  -> queued HAS buy (conf 90, stop 89.34, tp 106.82)
  -> queued HUM buy (conf None, stop 354.57, tp 392.49)
  -> queued WDAY buy (conf 85, stop 188.0, tp 220.0)
  -> queued BAC buy (conf 85, stop 62.5, tp 67.5)
  -> queued HBAN buy (conf 85, stop 17.09, tp 19.45)
  -> queued TDY buy (conf None, stop 654.41, tp 697.61)
  -> queued TTWO buy (conf None, stop 228.4, tp 256.285)
  -> queued NDAQ buy (conf None, stop 93.23, tp 97.755)
  -> queued TYL buy (conf None, stop 300.28, tp 334.89)
  -> queued LYB buy (conf None, stop 58.01, tp 64.365)
Dashboard watchlist synced (60 symbols) for news/headlines.
Ending portfolio value: $99,425.43
Trade journal: no closed trades yet
Performance: Total return -0.41% | Max drawdown 12.37% | Daily Sharpe 0.26 | Open positions: 14 | Equity $99,425.43
Timings: account: 0.0s | risk: 3.7s | decide: 23.0s | watchlist: 0.2s | perf: 0.2s

=== Run at 2026-08-16T00:22:27.974413 ===
Current time: 2026-08-15 08:22 PM EDT | Market open (per Alpaca): False | Session: CLOSED
Account value: $99,425.43
Cash: $2,352.13 | Holdings (14): {'CEG': '35.6034 sh (+1.36%)', 'CHD': '97.9637 sh (+0.01%)', 'COHR': '7.9896 sh (-4.69%)', 'CVX': '24.8836 sh (+1.17%)', 'GEHC': '0.6136 sh (-0.28%)', 'IVZ': '306.9138 sh (+1.21%)', 'LMT': '16.3555 sh (+0.32%)', 'MS': '43.8344 sh (-1.63%)', 'MSI': '21.1281 sh (-0.69%)', 'NUE': '36.5544 sh (-1.52%)', 'NVDA': '44.2888 sh (+0.48%)', 'NWS': '303.7199 sh (+1.75%)', 'STLD': '0.9216 sh (-2.54%)', 'WSM': '0.1026 sh (-1.61%)'}
Open orders (1): NVDA sell 44.2888
Risk state: peak $99,703.60 | drawdown 0.28% | today -0.00% | halted: False
Market regime: NEUTRAL (position-size multiplier: 100% incl. circuit breaker 100%)
News: fetched 120, 0 new after dedup, 0 ticker(s) matched.
Quant pre-screen: 48/67 candidates passed.
Technical fallback (Gemini throttled/unavailable) proposed 51 trade(s) meeting the conviction bar.
Gemini calls used today (all models combined): 499
Market closed (overnight): queued 12 trade idea(s) for next-morning verification -- nothing submitted yet.
  -> queued WDC buy (conf 92, stop 485.0, tp 560.0)
  -> queued WFC buy (conf 91, stop 86.06, tp 97.76)
  -> queued HAS buy (conf 90, stop 89.34, tp 106.82)
  -> queued HUM buy (conf None, stop 354.57, tp 392.49)
  -> queued WDAY buy (conf 85, stop 188.0, tp 220.0)
  -> queued BAC buy (conf 85, stop 62.5, tp 67.5)
  -> queued HBAN buy (conf 85, stop 17.09, tp 19.45)
  -> queued TDY buy (conf None, stop 654.41, tp 697.61)
  -> queued TTWO buy (conf None, stop 228.4, tp 256.285)
  -> queued NDAQ buy (conf None, stop 93.23, tp 97.755)
  -> queued TYL buy (conf None, stop 300.28, tp 334.89)
  -> queued LYB buy (conf None, stop 58.01, tp 64.365)
Run budget spent -- skipping dashboard watchlist sync.
Run budget spent -- skipping performance snapshot.
Trade journal: no closed trades yet
Performance: Total return -0.41% | Max drawdown 12.37% | Daily Sharpe 0.26 | Open positions: 14 | Equity $99,425.43
Timings: account: 0.0s | risk: 1.4s | decide: 28.5s | watchlist: 0.0s | perf: 0.0s

=== Run at 2026-08-16T00:24:26.211914 ===
Current time: 2026-08-15 08:24 PM EDT | Market open (per Alpaca): False | Session: CLOSED
Account value: $99,425.43
Cash: $2,352.13 | Holdings (14): {'CEG': '35.6034 sh (+1.36%)', 'CHD': '97.9637 sh (+0.01%)', 'COHR': '7.9896 sh (-4.69%)', 'CVX': '24.8836 sh (+1.17%)', 'GEHC': '0.6136 sh (-0.28%)', 'IVZ': '306.9138 sh (+1.21%)', 'LMT': '16.3555 sh (+0.32%)', 'MS': '43.8344 sh (-1.63%)', 'MSI': '21.1281 sh (-0.69%)', 'NUE': '36.5544 sh (-1.52%)', 'NVDA': '44.2888 sh (+0.48%)', 'NWS': '303.7199 sh (+1.75%)', 'STLD': '0.9216 sh (-2.54%)', 'WSM': '0.1026 sh (-1.61%)'}
Open orders (1): NVDA sell 44.2888
Risk state: peak $99,703.60 | drawdown 0.28% | today -0.00% | halted: False
Market regime: NEUTRAL (position-size multiplier: 100% incl. circuit breaker 100%)
News: fetched 158, 0 new after dedup, 0 ticker(s) matched.
Quant pre-screen: 48/67 candidates passed.
Technical fallback (Gemini throttled/unavailable) proposed 51 trade(s) meeting the conviction bar.
Gemini calls used today (all models combined): 499
Market closed (overnight): queued 12 trade idea(s) for next-morning verification -- nothing submitted yet.
  -> queued WDC buy (conf 92, stop 485.0, tp 560.0)
  -> queued WFC buy (conf 91, stop 86.06, tp 97.76)
  -> queued HAS buy (conf 90, stop 89.34, tp 106.82)
  -> queued HUM buy (conf None, stop 354.57, tp 392.49)
  -> queued WDAY buy (conf 85, stop 188.0, tp 220.0)
  -> queued BAC buy (conf 85, stop 62.5, tp 67.5)
  -> queued HBAN buy (conf 85, stop 17.09, tp 19.45)
  -> queued TDY buy (conf None, stop 654.41, tp 697.61)
  -> queued TTWO buy (conf None, stop 228.4, tp 256.285)
  -> queued NDAQ buy (conf None, stop 93.23, tp 97.755)
  -> queued TYL buy (conf None, stop 300.28, tp 334.89)
  -> queued LYB buy (conf None, stop 58.01, tp 64.365)
Run budget spent -- skipping dashboard watchlist sync.
Run budget spent -- skipping performance snapshot.
Trade journal: no closed trades yet
Performance: Total return -0.41% | Max drawdown 12.37% | Daily Sharpe 0.26 | Open positions: 14 | Equity $99,425.43
Timings: account: 0.0s | risk: 0.7s | decide: 29.3s | watchlist: 0.0s | perf: 0.0s

=== Run at 2026-08-16T00:26:28.938240 ===
Current time: 2026-08-15 08:26 PM EDT | Market open (per Alpaca): False | Session: CLOSED
Account value: $99,425.43
Cash: $2,352.13 | Holdings (14): {'CEG': '35.6034 sh (+1.36%)', 'CHD': '97.9637 sh (+0.01%)', 'COHR': '7.9896 sh (-4.69%)', 'CVX': '24.8836 sh (+1.17%)', 'GEHC': '0.6136 sh (-0.28%)', 'IVZ': '306.9138 sh (+1.21%)', 'LMT': '16.3555 sh (+0.32%)', 'MS': '43.8344 sh (-1.63%)', 'MSI': '21.1281 sh (-0.69%)', 'NUE': '36.5544 sh (-1.52%)', 'NVDA': '44.2888 sh (+0.48%)', 'NWS': '303.7199 sh (+1.75%)', 'STLD': '0.9216 sh (-2.54%)', 'WSM': '0.1026 sh (-1.61%)'}
Open orders (1): NVDA sell 44.2888
Risk state: peak $99,703.60 | drawdown 0.28% | today -0.00% | halted: False
Market regime: NEUTRAL (position-size multiplier: 100% incl. circuit breaker 100%)
News: fetched 158, 0 new after dedup, 0 ticker(s) matched.
Quant pre-screen: 48/67 candidates passed.
Gemini proposed 3 trade(s) meeting the conviction bar.
Gemini calls used today (all models combined): 500
Market closed (overnight): queued 12 trade idea(s) for next-morning verification -- nothing submitted yet.
  -> queued WDC buy (conf 92, stop 485.0, tp 560.0)
  -> queued WFC buy (conf 91, stop 86.06, tp 97.76)
  -> queued HAS buy (conf 90, stop 89.34, tp 106.82)
  -> queued HUM buy (conf None, stop 354.57, tp 392.49)
  -> queued WDAY buy (conf 85, stop 188.0, tp 220.0)
  -> queued BAC buy (conf 85, stop 62.5, tp 67.5)
  -> queued HBAN buy (conf 85, stop 17.09, tp 19.45)
  -> queued TDY buy (conf 90, stop 654.41, tp 710.0)
  -> queued TTWO buy (conf 91, stop 228.4, tp 265.0)
  -> queued NDAQ buy (conf None, stop 93.23, tp 97.755)
  -> queued TYL buy (conf 92, stop 300.28, tp 355.0)
  -> queued LYB buy (conf None, stop 58.01, tp 64.365)
Dashboard watchlist synced (17 symbols) for news/headlines.
Ending portfolio value: $99,425.43
Trade journal: no closed trades yet
Performance: Total return -0.41% | Max drawdown 12.37% | Daily Sharpe 0.26 | Open positions: 14 | Equity $99,425.43
Timings: account: 0.0s | risk: 3.1s | decide: 4.6s | watchlist: 0.2s | perf: 0.2s

=== Run at 2026-08-16T00:28:24.629047 ===
Current time: 2026-08-15 08:28 PM EDT | Market open (per Alpaca): False | Session: CLOSED
Account value: $99,425.43
Cash: $2,352.13 | Holdings (14): {'CEG': '35.6034 sh (+1.36%)', 'CHD': '97.9637 sh (+0.01%)', 'COHR': '7.9896 sh (-4.69%)', 'CVX': '24.8836 sh (+1.17%)', 'GEHC': '0.6136 sh (-0.28%)', 'IVZ': '306.9138 sh (+1.21%)', 'LMT': '16.3555 sh (+0.32%)', 'MS': '43.8344 sh (-1.63%)', 'MSI': '21.1281 sh (-0.69%)', 'NUE': '36.5544 sh (-1.52%)', 'NVDA': '44.2888 sh (+0.48%)', 'NWS': '303.7199 sh (+1.75%)', 'STLD': '0.9216 sh (-2.54%)', 'WSM': '0.1026 sh (-1.61%)'}
Open orders (1): NVDA sell 44.2888
Risk state: peak $99,703.60 | drawdown 0.28% | today -0.00% | halted: False
Market regime: NEUTRAL (position-size multiplier: 100% incl. circuit breaker 100%)
News: fetched 158, 0 new after dedup, 0 ticker(s) matched.
Quant pre-screen: 48/67 candidates passed.
Technical fallback (Gemini throttled/unavailable) proposed 51 trade(s) meeting the conviction bar.
Gemini calls used today (all models combined): 500
Market closed (overnight): queued 12 trade idea(s) for next-morning verification -- nothing submitted yet.
  -> queued WDC buy (conf 92, stop 485.0, tp 560.0)
  -> queued WFC buy (conf 91, stop 86.06, tp 97.76)
  -> queued HAS buy (conf 90, stop 89.34, tp 106.82)
  -> queued HUM buy (conf None, stop 354.57, tp 392.49)
  -> queued WDAY buy (conf 85, stop 188.0, tp 220.0)
  -> queued BAC buy (conf 85, stop 62.5, tp 67.5)
  -> queued HBAN buy (conf 85, stop 17.09, tp 19.45)
  -> queued TDY buy (conf None, stop 654.41, tp 697.61)
  -> queued TTWO buy (conf None, stop 228.4, tp 256.285)
  -> queued NDAQ buy (conf None, stop 93.23, tp 97.755)
  -> queued TYL buy (conf None, stop 300.28, tp 334.89)
  -> queued LYB buy (conf None, stop 58.01, tp 64.365)
Run budget spent -- skipping dashboard watchlist sync.
Run budget spent -- skipping performance snapshot.
Trade journal: no closed trades yet
Performance: Total return -0.41% | Max drawdown 12.37% | Daily Sharpe 0.26 | Open positions: 14 | Equity $99,425.43
Timings: account: 0.0s | risk: 1.2s | decide: 28.7s | watchlist: 0.0s | perf: 0.0s

=== Run at 2026-08-16T00:30:35.494079 ===
Current time: 2026-08-15 08:30 PM EDT | Market open (per Alpaca): False | Session: CLOSED
Account value: $99,425.43
Cash: $2,352.13 | Holdings (14): {'CEG': '35.6034 sh (+1.36%)', 'CHD': '97.9637 sh (+0.01%)', 'COHR': '7.9896 sh (-4.69%)', 'CVX': '24.8836 sh (+1.17%)', 'GEHC': '0.6136 sh (-0.28%)', 'IVZ': '306.9138 sh (+1.21%)', 'LMT': '16.3555 sh (+0.32%)', 'MS': '43.8344 sh (-1.63%)', 'MSI': '21.1281 sh (-0.69%)', 'NUE': '36.5544 sh (-1.52%)', 'NVDA': '44.2888 sh (+0.48%)', 'NWS': '303.7199 sh (+1.75%)', 'STLD': '0.9216 sh (-2.54%)', 'WSM': '0.1026 sh (-1.61%)'}
Open orders (1): NVDA sell 44.2888
Risk state: peak $99,703.60 | drawdown 0.28% | today -0.00% | halted: False
Market regime: NEUTRAL (position-size multiplier: 100% incl. circuit breaker 100%)
News: fetched 158, 1 new after dedup, 0 ticker(s) matched.
Quant pre-screen: 48/67 candidates passed.
Gemini proposed 3 trade(s) meeting the conviction bar.
Gemini calls used today (all models combined): 501
Market closed (overnight): queued 12 trade idea(s) for next-morning verification -- nothing submitted yet.
  -> queued WDC buy (conf 92, stop 485.0, tp 560.0)
  -> queued TTWO buy (conf 92, stop 228.0, tp 265.0)
  -> queued WFC buy (conf 91, stop 86.06, tp 97.76)
  -> queued HAS buy (conf 90, stop 89.34, tp 106.82)
  -> queued TYL buy (conf 90, stop 300.0, tp 350.0)
  -> queued HUM buy (conf None, stop 354.57, tp 392.49)
  -> queued WDAY buy (conf 85, stop 188.0, tp 220.0)
  -> queued BAC buy (conf 85, stop 62.5, tp 67.5)
  -> queued HBAN buy (conf 85, stop 17.09, tp 19.45)
  -> queued TEL buy (conf 85, stop 200.0, tp 230.0)
  -> queued TDY buy (conf None, stop 654.41, tp 697.61)
  -> queued NDAQ buy (conf None, stop 93.23, tp 97.755)
Dashboard watchlist synced (17 symbols) for news/headlines.
Ending portfolio value: $99,425.43
Trade journal: no closed trades yet
Performance: Total return -0.41% | Max drawdown 12.37% | Daily Sharpe 0.26 | Open positions: 14 | Equity $99,425.43
Timings: account: 0.0s | risk: 3.1s | decide: 6.8s | watchlist: 0.1s | perf: 0.2s

=== Run at 2026-08-16T00:32:28.642491 ===
Current time: 2026-08-15 08:32 PM EDT | Market open (per Alpaca): False | Session: CLOSED
Account value: $99,425.43
Cash: $2,352.13 | Holdings (14): {'CEG': '35.6034 sh (+1.36%)', 'CHD': '97.9637 sh (+0.01%)', 'COHR': '7.9896 sh (-4.69%)', 'CVX': '24.8836 sh (+1.17%)', 'GEHC': '0.6136 sh (-0.28%)', 'IVZ': '306.9138 sh (+1.21%)', 'LMT': '16.3555 sh (+0.32%)', 'MS': '43.8344 sh (-1.63%)', 'MSI': '21.1281 sh (-0.69%)', 'NUE': '36.5544 sh (-1.52%)', 'NVDA': '44.2888 sh (+0.48%)', 'NWS': '303.7199 sh (+1.75%)', 'STLD': '0.9216 sh (-2.54%)', 'WSM': '0.1026 sh (-1.61%)'}
Open orders (1): NVDA sell 44.2888
Risk state: peak $99,703.60 | drawdown 0.28% | today -0.00% | halted: False
Market regime: NEUTRAL (position-size multiplier: 100% incl. circuit breaker 100%)
News: fetched 158, 0 new after dedup, 0 ticker(s) matched.
Quant pre-screen: 48/67 candidates passed.
Gemini proposed 3 trade(s) meeting the conviction bar.
Gemini calls used today (all models combined): 502
Market closed (overnight): queued 12 trade idea(s) for next-morning verification -- nothing submitted yet.
  -> queued WDC buy (conf 92, stop 485.0, tp 560.0)
  -> queued TTWO buy (conf 90, stop 228.4, tp 275.0)
  -> queued WFC buy (conf 91, stop 86.06, tp 97.76)
  -> queued HAS buy (conf 90, stop 89.34, tp 106.82)
  -> queued TYL buy (conf 92, stop 300.28, tp 360.0)
  -> queued HUM buy (conf None, stop 354.57, tp 392.49)
  -> queued WDAY buy (conf 85, stop 188.0, tp 220.0)
  -> queued BAC buy (conf 85, stop 62.5, tp 67.5)
  -> queued HBAN buy (conf 85, stop 17.09, tp 19.45)
  -> queued TEL buy (conf 85, stop 200.0, tp 230.0)
  -> queued TDY buy (conf 85, stop 654.41, tp 725.0)
  -> queued NDAQ buy (conf None, stop 93.23, tp 97.755)
Dashboard watchlist synced (17 symbols) for news/headlines.
Ending portfolio value: $99,425.43
Trade journal: no closed trades yet
Performance: Total return -0.41% | Max drawdown 12.37% | Daily Sharpe 0.26 | Open positions: 14 | Equity $99,425.43
Timings: account: 0.0s | risk: 3.6s | decide: 16.5s | watchlist: 0.2s | perf: 0.3s

=== Run at 2026-08-16T00:34:30.826856 ===
Current time: 2026-08-15 08:34 PM EDT | Market open (per Alpaca): False | Session: CLOSED
Account value: $99,425.43
Cash: $2,352.13 | Holdings (14): {'CEG': '35.6034 sh (+1.36%)', 'CHD': '97.9637 sh (+0.01%)', 'COHR': '7.9896 sh (-4.69%)', 'CVX': '24.8836 sh (+1.17%)', 'GEHC': '0.6136 sh (-0.28%)', 'IVZ': '306.9138 sh (+1.21%)', 'LMT': '16.3555 sh (+0.32%)', 'MS': '43.8344 sh (-1.63%)', 'MSI': '21.1281 sh (-0.69%)', 'NUE': '36.5544 sh (-1.52%)', 'NVDA': '44.2888 sh (+0.48%)', 'NWS': '303.7199 sh (+1.75%)', 'STLD': '0.9216 sh (-2.54%)', 'WSM': '0.1026 sh (-1.61%)'}
Open orders (1): NVDA sell 44.2888
Risk state: peak $99,703.60 | drawdown 0.28% | today -0.00% | halted: False
Market regime: NEUTRAL (position-size multiplier: 100% incl. circuit breaker 100%)
News: fetched 158, 2 new after dedup, 0 ticker(s) matched.
Quant pre-screen: 48/67 candidates passed.
Technical fallback (Gemini throttled/unavailable) proposed 51 trade(s) meeting the conviction bar.
Gemini calls used today (all models combined): 502
Market closed (overnight): queued 12 trade idea(s) for next-morning verification -- nothing submitted yet.
  -> queued WDC buy (conf 92, stop 485.0, tp 560.0)
  -> queued WFC buy (conf 91, stop 86.06, tp 97.76)
  -> queued HAS buy (conf 90, stop 89.34, tp 106.82)
  -> queued HUM buy (conf None, stop 354.57, tp 392.49)
  -> queued WDAY buy (conf 85, stop 188.0, tp 220.0)
  -> queued BAC buy (conf 85, stop 62.5, tp 67.5)
  -> queued HBAN buy (conf 85, stop 17.09, tp 19.45)
  -> queued TDY buy (conf None, stop 654.41, tp 697.61)
  -> queued TTWO buy (conf None, stop 228.4, tp 256.285)
  -> queued TYL buy (conf None, stop 300.28, tp 334.89)
  -> queued TEL buy (conf None, stop 200.81, tp 221.8)
  -> queued NDAQ buy (conf None, stop 93.23, tp 97.755)
Dashboard watchlist synced (60 symbols) for news/headlines.
Ending portfolio value: $99,425.43
Trade journal: no closed trades yet
Performance: Total return -0.41% | Max drawdown 12.37% | Daily Sharpe 0.26 | Open positions: 14 | Equity $99,425.43
Timings: account: 0.0s | risk: 3.6s | decide: 23.0s | watchlist: 0.2s | perf: 0.2s

=== Run at 2026-08-16T00:36:28.966412 ===
Current time: 2026-08-15 08:36 PM EDT | Market open (per Alpaca): False | Session: CLOSED
Account value: $99,425.43
Cash: $2,352.13 | Holdings (14): {'CEG': '35.6034 sh (+1.36%)', 'CHD': '97.9637 sh (+0.01%)', 'COHR': '7.9896 sh (-4.69%)', 'CVX': '24.8836 sh (+1.17%)', 'GEHC': '0.6136 sh (-0.28%)', 'IVZ': '306.9138 sh (+1.21%)', 'LMT': '16.3555 sh (+0.32%)', 'MS': '43.8344 sh (-1.63%)', 'MSI': '21.1281 sh (-0.69%)', 'NUE': '36.5544 sh (-1.52%)', 'NVDA': '44.2888 sh (+0.48%)', 'NWS': '303.7199 sh (+1.75%)', 'STLD': '0.9216 sh (-2.54%)', 'WSM': '0.1026 sh (-1.61%)'}
Open orders (1): NVDA sell 44.2888
Risk state: peak $99,703.60 | drawdown 0.28% | today -0.00% | halted: False
Market regime: NEUTRAL (position-size multiplier: 100% incl. circuit breaker 100%)
News: fetched 158, 0 new after dedup, 0 ticker(s) matched.
Quant pre-screen: 48/67 candidates passed.
Gemini proposed 3 trade(s) meeting the conviction bar.
Gemini calls used today (all models combined): 503
Market closed (overnight): queued 12 trade idea(s) for next-morning verification -- nothing submitted yet.
  -> queued WDC buy (conf 92, stop 485.0, tp 560.0)
  -> queued WFC buy (conf 91, stop 86.06, tp 97.76)
  -> queued HAS buy (conf 90, stop 89.34, tp 106.82)
  -> queued HUM buy (conf None, stop 354.57, tp 392.49)
  -> queued WDAY buy (conf 85, stop 188.0, tp 220.0)
  -> queued BAC buy (conf 85, stop 62.5, tp 67.5)
  -> queued HBAN buy (conf 85, stop 17.09, tp 19.45)
  -> queued TDY buy (conf 85, stop 654.41, tp 725.0)
  -> queued TTWO buy (conf 90, stop 228.4, tp 275.0)
  -> queued TYL buy (conf 92, stop 300.28, tp 360.0)
  -> queued TEL buy (conf None, stop 200.81, tp 221.8)
  -> queued NDAQ buy (conf None, stop 93.23, tp 97.755)
Dashboard watchlist synced (17 symbols) for news/headlines.
Ending portfolio value: $99,425.43
Trade journal: no closed trades yet
Performance: Total return -0.41% | Max drawdown 12.37% | Daily Sharpe 0.26 | Open positions: 14 | Equity $99,425.43
Timings: account: 0.0s | risk: 3.7s | decide: 15.9s | watchlist: 0.2s | perf: 0.3s

=== Run at 2026-08-16T00:38:26.621784 ===
Current time: 2026-08-15 08:38 PM EDT | Market open (per Alpaca): False | Session: CLOSED
Account value: $99,425.43
Cash: $2,352.13 | Holdings (14): {'CEG': '35.6034 sh (+1.36%)', 'CHD': '97.9637 sh (+0.01%)', 'COHR': '7.9896 sh (-4.69%)', 'CVX': '24.8836 sh (+1.17%)', 'GEHC': '0.6136 sh (-0.28%)', 'IVZ': '306.9138 sh (+1.21%)', 'LMT': '16.3555 sh (+0.32%)', 'MS': '43.8344 sh (-1.63%)', 'MSI': '21.1281 sh (-0.69%)', 'NUE': '36.5544 sh (-1.52%)', 'NVDA': '44.2888 sh (+0.48%)', 'NWS': '303.7199 sh (+1.75%)', 'STLD': '0.9216 sh (-2.54%)', 'WSM': '0.1026 sh (-1.61%)'}
Open orders (1): NVDA sell 44.2888
Risk state: peak $99,703.60 | drawdown 0.28% | today -0.00% | halted: False
Market regime: NEUTRAL (position-size multiplier: 100% incl. circuit breaker 100%)
News: fetched 158, 1 new after dedup, 1 ticker(s) matched.
Quant pre-screen: 36/49 candidates passed.
Gemini proposed 3 trade(s) meeting the conviction bar.
Gemini calls used today (all models combined): 504
Market closed (overnight): queued 12 trade idea(s) for next-morning verification -- nothing submitted yet.
  -> queued WDC buy (conf 92, stop 485.0, tp 560.0)
  -> queued WFC buy (conf 91, stop 86.06, tp 97.76)
  -> queued HAS buy (conf 90, stop 89.34, tp 106.82)
  -> queued HUM buy (conf None, stop 354.57, tp 392.49)
  -> queued WDAY buy (conf 85, stop 188.0, tp 220.0)
  -> queued BAC buy (conf 85, stop 62.5, tp 67.5)
  -> queued HBAN buy (conf 85, stop 17.09, tp 19.45)
  -> queued TDY buy (conf 85, stop 654.41, tp 715.0)
  -> queued TTWO buy (conf 91, stop 228.4, tp 265.49)
  -> queued TYL buy (conf 92, stop 300.28, tp 355.00000000000006)
  -> queued TEL buy (conf None, stop 200.81, tp 221.8)
  -> queued NDAQ buy (conf None, stop 93.23, tp 97.755)
Dashboard watchlist synced (18 symbols) for news/headlines.
Ending portfolio value: $99,425.43
Trade journal: no closed trades yet
Performance: Total return -0.41% | Max drawdown 12.37% | Daily Sharpe 0.26 | Open positions: 14 | Equity $99,425.43
Timings: account: 0.0s | risk: 4.2s | decide: 13.1s | watchlist: 0.2s | perf: 0.3s

=== Run at 2026-08-16T00:40:30.636274 ===
Current time: 2026-08-15 08:40 PM EDT | Market open (per Alpaca): False | Session: CLOSED
Account value: $99,425.43
Cash: $2,352.13 | Holdings (14): {'CEG': '35.6034 sh (+1.36%)', 'CHD': '97.9637 sh (+0.01%)', 'COHR': '7.9896 sh (-4.69%)', 'CVX': '24.8836 sh (+1.17%)', 'GEHC': '0.6136 sh (-0.28%)', 'IVZ': '306.9138 sh (+1.21%)', 'LMT': '16.3555 sh (+0.32%)', 'MS': '43.8344 sh (-1.63%)', 'MSI': '21.1281 sh (-0.69%)', 'NUE': '36.5544 sh (-1.52%)', 'NVDA': '44.2888 sh (+0.48%)', 'NWS': '303.7199 sh (+1.75%)', 'STLD': '0.9216 sh (-2.54%)', 'WSM': '0.1026 sh (-1.61%)'}
Open orders (1): NVDA sell 44.2888
Risk state: peak $99,703.60 | drawdown 0.28% | today -0.00% | halted: False
Market regime: NEUTRAL (position-size multiplier: 100% incl. circuit breaker 100%)
News: fetched 158, 1 new after dedup, 0 ticker(s) matched.
Quant pre-screen: 48/67 candidates passed.
Technical fallback (Gemini throttled/unavailable) proposed 51 trade(s) meeting the conviction bar.
Gemini calls used today (all models combined): 504
Market closed (overnight): queued 12 trade idea(s) for next-morning verification -- nothing submitted yet.
  -> queued WDC buy (conf 92, stop 485.0, tp 560.0)
  -> queued WFC buy (conf 91, stop 86.06, tp 97.76)
  -> queued HAS buy (conf 90, stop 89.34, tp 106.82)
  -> queued HUM buy (conf None, stop 354.57, tp 392.49)
  -> queued WDAY buy (conf 85, stop 188.0, tp 220.0)
  -> queued BAC buy (conf 85, stop 62.5, tp 67.5)
  -> queued HBAN buy (conf 85, stop 17.09, tp 19.45)
  -> queued TDY buy (conf None, stop 654.41, tp 697.61)
  -> queued TTWO buy (conf None, stop 228.4, tp 256.285)
  -> queued TYL buy (conf None, stop 300.28, tp 334.89)
  -> queued TEL buy (conf None, stop 200.81, tp 221.8)
  -> queued NDAQ buy (conf None, stop 93.23, tp 97.755)
Run budget spent -- skipping dashboard watchlist sync.
Run budget spent -- skipping performance snapshot.
Trade journal: no closed trades yet
Performance: Total return -0.41% | Max drawdown 12.37% | Daily Sharpe 0.26 | Open positions: 14 | Equity $99,425.43
Timings: account: 0.0s | risk: 2.9s | decide: 26.7s | watchlist: 0.0s | perf: 0.0s

=== Run at 2026-08-16T00:42:26.712134 ===
Current time: 2026-08-15 08:42 PM EDT | Market open (per Alpaca): False | Session: CLOSED
Account value: $99,425.43
Cash: $2,352.13 | Holdings (14): {'CEG': '35.6034 sh (+1.36%)', 'CHD': '97.9637 sh (+0.01%)', 'COHR': '7.9896 sh (-4.69%)', 'CVX': '24.8836 sh (+1.17%)', 'GEHC': '0.6136 sh (-0.28%)', 'IVZ': '306.9138 sh (+1.21%)', 'LMT': '16.3555 sh (+0.32%)', 'MS': '43.8344 sh (-1.63%)', 'MSI': '21.1281 sh (-0.69%)', 'NUE': '36.5544 sh (-1.52%)', 'NVDA': '44.2888 sh (+0.48%)', 'NWS': '303.7199 sh (+1.75%)', 'STLD': '0.9216 sh (-2.54%)', 'WSM': '0.1026 sh (-1.61%)'}
Open orders (1): NVDA sell 44.2888
Risk state: peak $99,703.60 | drawdown 0.28% | today -0.00% | halted: False
Market regime: NEUTRAL (position-size multiplier: 100% incl. circuit breaker 100%)
News: fetched 158, 0 new after dedup, 0 ticker(s) matched.
Quant pre-screen: 48/67 candidates passed.
Gemini proposed 3 trade(s) meeting the conviction bar.
Gemini calls used today (all models combined): 505
Market closed (overnight): queued 12 trade idea(s) for next-morning verification -- nothing submitted yet.
  -> queued WDC buy (conf 92, stop 485.0, tp 560.0)
  -> queued WFC buy (conf 91, stop 86.06, tp 97.76)
  -> queued HAS buy (conf 90, stop 89.34, tp 106.82)
  -> queued HUM buy (conf None, stop 354.57, tp 392.49)
  -> queued WDAY buy (conf 85, stop 188.0, tp 220.0)
  -> queued BAC buy (conf 85, stop 62.5, tp 67.5)
  -> queued HBAN buy (conf 85, stop 17.09, tp 19.45)
  -> queued TDY buy (conf None, stop 654.41, tp 697.61)
  -> queued TTWO buy (conf 91, stop 228.0, tp 270.0)
  -> queued TYL buy (conf 92, stop 300.0, tp 355.0)
  -> queued TEL buy (conf None, stop 200.81, tp 221.8)
  -> queued NDAQ buy (conf 83, stop 93.0, tp 102.0)
Dashboard watchlist synced (17 symbols) for news/headlines.
Ending portfolio value: $99,425.43
Trade journal: no closed trades yet
Performance: Total return -0.41% | Max drawdown 12.37% | Daily Sharpe 0.26 | Open positions: 14 | Equity $99,425.43
Timings: account: 0.0s | risk: 0.7s | decide: 2.9s | watchlist: 0.0s | perf: 0.1s

=== Run at 2026-08-16T00:43:28.883817 ===
Current time: 2026-08-15 08:43 PM EDT | Market open (per Alpaca): False | Session: CLOSED
Account value: $99,425.43
Cash: $2,352.13 | Holdings (14): {'CEG': '35.6034 sh (+1.36%)', 'CHD': '97.9637 sh (+0.01%)', 'COHR': '7.9896 sh (-4.69%)', 'CVX': '24.8836 sh (+1.17%)', 'GEHC': '0.6136 sh (-0.28%)', 'IVZ': '306.9138 sh (+1.21%)', 'LMT': '16.3555 sh (+0.32%)', 'MS': '43.8344 sh (-1.63%)', 'MSI': '21.1281 sh (-0.69%)', 'NUE': '36.5544 sh (-1.52%)', 'NVDA': '44.2888 sh (+0.48%)', 'NWS': '303.7199 sh (+1.75%)', 'STLD': '0.9216 sh (-2.54%)', 'WSM': '0.1026 sh (-1.61%)'}
Open orders (1): NVDA sell 44.2888
Risk state: peak $99,703.60 | drawdown 0.28% | today -0.00% | halted: False
Market regime: NEUTRAL (position-size multiplier: 100% incl. circuit breaker 100%)
News: fetched 158, 0 new after dedup, 0 ticker(s) matched.
Quant pre-screen: 48/67 candidates passed.
Gemini proposed 3 trade(s) meeting the conviction bar.
Gemini calls used today (all models combined): 506
Market closed (overnight): queued 12 trade idea(s) for next-morning verification -- nothing submitted yet.
  -> queued WDC buy (conf 92, stop 485.0, tp 560.0)
  -> queued WFC buy (conf 91, stop 86.06, tp 97.76)
  -> queued HAS buy (conf 90, stop 89.34, tp 106.82)
  -> queued HUM buy (conf None, stop 354.57, tp 392.49)
  -> queued WDAY buy (conf 85, stop 188.0, tp 220.0)
  -> queued BAC buy (conf 85, stop 62.5, tp 67.5)
  -> queued HBAN buy (conf 85, stop 17.09, tp 19.45)
  -> queued TDY buy (conf 92, stop 654.41, tp 715.0000000000001)
  -> queued TTWO buy (conf 91, stop 228.4, tp 265.0)
  -> queued TYL buy (conf 90, stop 300.28, tp 355.0)
  -> queued TEL buy (conf None, stop 200.81, tp 221.8)
  -> queued NDAQ buy (conf 83, stop 93.0, tp 102.0)
Dashboard watchlist synced (17 symbols) for news/headlines.
Ending portfolio value: $99,425.43
Trade journal: no closed trades yet
Performance: Total return -0.41% | Max drawdown 12.37% | Daily Sharpe 0.26 | Open positions: 14 | Equity $99,425.43
Timings: account: 0.0s | risk: 1.7s | decide: 3.1s | watchlist: 0.1s | perf: 0.1s

=== Run at 2026-08-16T00:44:28.917758 ===
Current time: 2026-08-15 08:44 PM EDT | Market open (per Alpaca): False | Session: CLOSED
Account value: $99,425.43
Cash: $2,352.13 | Holdings (14): {'CEG': '35.6034 sh (+1.36%)', 'CHD': '97.9637 sh (+0.01%)', 'COHR': '7.9896 sh (-4.69%)', 'CVX': '24.8836 sh (+1.17%)', 'GEHC': '0.6136 sh (-0.28%)', 'IVZ': '306.9138 sh (+1.21%)', 'LMT': '16.3555 sh (+0.32%)', 'MS': '43.8344 sh (-1.63%)', 'MSI': '21.1281 sh (-0.69%)', 'NUE': '36.5544 sh (-1.52%)', 'NVDA': '44.2888 sh (+0.48%)', 'NWS': '303.7199 sh (+1.75%)', 'STLD': '0.9216 sh (-2.54%)', 'WSM': '0.1026 sh (-1.61%)'}
Open orders (1): NVDA sell 44.2888
Risk state: peak $99,703.60 | drawdown 0.28% | today -0.00% | halted: False
Market regime: NEUTRAL (position-size multiplier: 100% incl. circuit breaker 100%)
News: fetched 158, 0 new after dedup, 0 ticker(s) matched.
Quant pre-screen: 48/67 candidates passed.
Gemini proposed 3 trade(s) meeting the conviction bar.
Gemini calls used today (all models combined): 507
Market closed (overnight): queued 12 trade idea(s) for next-morning verification -- nothing submitted yet.
  -> queued WDC buy (conf 92, stop 485.0, tp 560.0)
  -> queued WFC buy (conf 91, stop 86.06, tp 97.76)
  -> queued HAS buy (conf 90, stop 89.34, tp 106.82)
  -> queued HUM buy (conf None, stop 354.57, tp 392.49)
  -> queued WDAY buy (conf 85, stop 188.0, tp 220.0)
  -> queued BAC buy (conf 85, stop 62.5, tp 67.5)
  -> queued HBAN buy (conf 85, stop 17.09, tp 19.45)
  -> queued TDY buy (conf 85, stop 654.41, tp 725.0)
  -> queued TTWO buy (conf 90, stop 228.4, tp 275.0)
  -> queued TYL buy (conf 92, stop 300.28, tp 360.0)
  -> queued TEL buy (conf None, stop 200.81, tp 221.8)
  -> queued NDAQ buy (conf 83, stop 93.0, tp 102.0)
Dashboard watchlist synced (17 symbols) for news/headlines.
Ending portfolio value: $99,425.43
Trade journal: no closed trades yet
Performance: Total return -0.41% | Max drawdown 12.37% | Daily Sharpe 0.26 | Open positions: 14 | Equity $99,425.43
Timings: account: 0.0s | risk: 1.7s | decide: 4.0s | watchlist: 0.1s | perf: 0.1s

=== Run at 2026-08-16T00:46:30.578905 ===
Current time: 2026-08-15 08:46 PM EDT | Market open (per Alpaca): False | Session: CLOSED
Account value: $99,425.43
Cash: $2,352.13 | Holdings (14): {'CEG': '35.6034 sh (+1.36%)', 'CHD': '97.9637 sh (+0.01%)', 'COHR': '7.9896 sh (-4.69%)', 'CVX': '24.8836 sh (+1.17%)', 'GEHC': '0.6136 sh (-0.28%)', 'IVZ': '306.9138 sh (+1.21%)', 'LMT': '16.3555 sh (+0.32%)', 'MS': '43.8344 sh (-1.63%)', 'MSI': '21.1281 sh (-0.69%)', 'NUE': '36.5544 sh (-1.52%)', 'NVDA': '44.2888 sh (+0.48%)', 'NWS': '303.7199 sh (+1.75%)', 'STLD': '0.9216 sh (-2.54%)', 'WSM': '0.1026 sh (-1.61%)'}
Open orders (1): NVDA sell 44.2888
Risk state: peak $99,703.60 | drawdown 0.28% | today -0.00% | halted: False
Market regime: NEUTRAL (position-size multiplier: 100% incl. circuit breaker 100%)
News: fetched 158, 1 new after dedup, 0 ticker(s) matched.
Quant pre-screen: 48/67 candidates passed.
Gemini proposed 3 trade(s) meeting the conviction bar.
Gemini calls used today (all models combined): 508
Market closed (overnight): queued 12 trade idea(s) for next-morning verification -- nothing submitted yet.
  -> queued WDC buy (conf 92, stop 485.0, tp 560.0)
  -> queued WFC buy (conf 91, stop 86.06, tp 97.76)
  -> queued HAS buy (conf 90, stop 89.34, tp 106.82)
  -> queued HUM buy (conf None, stop 354.57, tp 392.49)
  -> queued WDAY buy (conf 85, stop 188.0, tp 220.0)
  -> queued BAC buy (conf 85, stop 62.5, tp 67.5)
  -> queued HBAN buy (conf 85, stop 17.09, tp 19.45)
  -> queued TDY buy (conf 85, stop 654.41, tp 720.0)
  -> queued TTWO buy (conf 91, stop 228.4, tp 275.0)
  -> queued TYL buy (conf 92, stop 300.28, tp 360.0)
  -> queued TEL buy (conf None, stop 200.81, tp 221.8)
  -> queued NDAQ buy (conf 83, stop 93.0, tp 102.0)
Dashboard watchlist synced (17 symbols) for news/headlines.
Ending portfolio value: $99,425.43
Trade journal: no closed trades yet
Performance: Total return -0.41% | Max drawdown 12.37% | Daily Sharpe 0.26 | Open positions: 14 | Equity $99,425.43
Timings: account: 0.0s | risk: 2.2s | decide: 8.9s | watchlist: 0.1s | perf: 0.2s

=== Run at 2026-08-16T00:48:26.993490 ===
Current time: 2026-08-15 08:48 PM EDT | Market open (per Alpaca): False | Session: CLOSED
Account value: $99,425.43
Cash: $2,352.13 | Holdings (14): {'CEG': '35.6034 sh (+1.36%)', 'CHD': '97.9637 sh (+0.01%)', 'COHR': '7.9896 sh (-4.69%)', 'CVX': '24.8836 sh (+1.17%)', 'GEHC': '0.6136 sh (-0.28%)', 'IVZ': '306.9138 sh (+1.21%)', 'LMT': '16.3555 sh (+0.32%)', 'MS': '43.8344 sh (-1.63%)', 'MSI': '21.1281 sh (-0.69%)', 'NUE': '36.5544 sh (-1.52%)', 'NVDA': '44.2888 sh (+0.48%)', 'NWS': '303.7199 sh (+1.75%)', 'STLD': '0.9216 sh (-2.54%)', 'WSM': '0.1026 sh (-1.61%)'}
Open orders (1): NVDA sell 44.2888
Risk state: peak $99,703.60 | drawdown 0.28% | today -0.00% | halted: False
Market regime: NEUTRAL (position-size multiplier: 100% incl. circuit breaker 100%)
News: fetched 158, 0 new after dedup, 0 ticker(s) matched.
Quant pre-screen: 48/67 candidates passed.
Gemini proposed 3 trade(s) meeting the conviction bar.
Gemini calls used today (all models combined): 509
Market closed (overnight): queued 12 trade idea(s) for next-morning verification -- nothing submitted yet.
  -> queued WDC buy (conf 92, stop 485.0, tp 560.0)
  -> queued WFC buy (conf 91, stop 86.06, tp 97.76)
  -> queued HAS buy (conf 90, stop 89.34, tp 106.82)
  -> queued HUM buy (conf None, stop 354.57, tp 392.49)
  -> queued WDAY buy (conf 85, stop 188.0, tp 220.0)
  -> queued BAC buy (conf 85, stop 62.5, tp 67.5)
  -> queued HBAN buy (conf 85, stop 17.09, tp 19.45)
  -> queued TDY buy (conf 85, stop 654.41, tp 720.0)
  -> queued TTWO buy (conf 92, stop 228.4, tp 265.49)
  -> queued TYL buy (conf 90, stop 300.28, tp 334.89)
  -> queued TEL buy (conf 85, stop 200.81, tp 221.8)
  -> queued NDAQ buy (conf 83, stop 93.0, tp 102.0)
Dashboard watchlist synced (17 symbols) for news/headlines.
Ending portfolio value: $99,425.43
Trade journal: no closed trades yet
Performance: Total return -0.41% | Max drawdown 12.37% | Daily Sharpe 0.26 | Open positions: 14 | Equity $99,425.43
Timings: account: 0.0s | risk: 3.5s | decide: 4.6s | watchlist: 0.2s | perf: 0.3s

=== Run at 2026-08-16T00:50:27.440982 ===
Current time: 2026-08-15 08:50 PM EDT | Market open (per Alpaca): False | Session: CLOSED
Account value: $99,425.43
Cash: $2,352.13 | Holdings (14): {'CEG': '35.6034 sh (+1.36%)', 'CHD': '97.9637 sh (+0.01%)', 'COHR': '7.9896 sh (-4.69%)', 'CVX': '24.8836 sh (+1.17%)', 'GEHC': '0.6136 sh (-0.28%)', 'IVZ': '306.9138 sh (+1.21%)', 'LMT': '16.3555 sh (+0.32%)', 'MS': '43.8344 sh (-1.63%)', 'MSI': '21.1281 sh (-0.69%)', 'NUE': '36.5544 sh (-1.52%)', 'NVDA': '44.2888 sh (+0.48%)', 'NWS': '303.7199 sh (+1.75%)', 'STLD': '0.9216 sh (-2.54%)', 'WSM': '0.1026 sh (-1.61%)'}
Open orders (1): NVDA sell 44.2888
Risk state: peak $99,703.60 | drawdown 0.28% | today -0.00% | halted: False
Market regime: NEUTRAL (position-size multiplier: 100% incl. circuit breaker 100%)
News: fetched 158, 0 new after dedup, 0 ticker(s) matched.
Quant pre-screen: 48/67 candidates passed.
Gemini proposed 3 trade(s) meeting the conviction bar.
Gemini calls used today (all models combined): 510
Market closed (overnight): queued 12 trade idea(s) for next-morning verification -- nothing submitted yet.
  -> queued WDC buy (conf 92, stop 485.0, tp 560.0)
  -> queued WFC buy (conf 91, stop 86.06, tp 97.76)
  -> queued HAS buy (conf 90, stop 89.34, tp 106.82)
  -> queued HUM buy (conf None, stop 354.57, tp 392.49)
  -> queued WDAY buy (conf 85, stop 188.0, tp 220.0)
  -> queued BAC buy (conf 85, stop 62.5, tp 67.5)
  -> queued HBAN buy (conf 85, stop 17.09, tp 19.45)
  -> queued TDY buy (conf 85, stop 654.41, tp 720.0)
  -> queued TTWO buy (conf 91, stop 228.4, tp 270.0)
  -> queued TYL buy (conf 92, stop 300.28, tp 360.0)
  -> queued TEL buy (conf 85, stop 200.81, tp 221.8)
  -> queued NDAQ buy (conf 83, stop 93.0, tp 102.0)
Dashboard watchlist synced (17 symbols) for news/headlines.
Ending portfolio value: $99,425.43
Trade journal: no closed trades yet
Performance: Total return -0.41% | Max drawdown 12.37% | Daily Sharpe 0.26 | Open positions: 14 | Equity $99,425.43
Timings: account: 0.0s | risk: 2.1s | decide: 10.7s | watchlist: 0.1s | perf: 0.2s

=== Run at 2026-08-16T00:52:30.519340 ===
Current time: 2026-08-15 08:52 PM EDT | Market open (per Alpaca): False | Session: CLOSED
Account value: $99,425.43
Cash: $2,352.13 | Holdings (14): {'CEG': '35.6034 sh (+1.36%)', 'CHD': '97.9637 sh (+0.01%)', 'COHR': '7.9896 sh (-4.69%)', 'CVX': '24.8836 sh (+1.17%)', 'GEHC': '0.6136 sh (-0.28%)', 'IVZ': '306.9138 sh (+1.21%)', 'LMT': '16.3555 sh (+0.32%)', 'MS': '43.8344 sh (-1.63%)', 'MSI': '21.1281 sh (-0.69%)', 'NUE': '36.5544 sh (-1.52%)', 'NVDA': '44.2888 sh (+0.48%)', 'NWS': '303.7199 sh (+1.75%)', 'STLD': '0.9216 sh (-2.54%)', 'WSM': '0.1026 sh (-1.61%)'}
Open orders (1): NVDA sell 44.2888
Risk state: peak $99,703.60 | drawdown 0.28% | today -0.00% | halted: False
Market regime: NEUTRAL (position-size multiplier: 100% incl. circuit breaker 100%)
News: fetched 158, 0 new after dedup, 0 ticker(s) matched.
Quant pre-screen: 48/67 candidates passed.
Gemini proposed 3 trade(s) meeting the conviction bar.
Gemini calls used today (all models combined): 511
Market closed (overnight): queued 12 trade idea(s) for next-morning verification -- nothing submitted yet.
  -> queued WDC buy (conf 92, stop 485.0, tp 560.0)
  -> queued WFC buy (conf 91, stop 86.06, tp 97.76)
  -> queued HAS buy (conf 90, stop 89.34, tp 106.82)
  -> queued HUM buy (conf None, stop 354.57, tp 392.49)
  -> queued WDAY buy (conf 85, stop 188.0, tp 220.0)
  -> queued BAC buy (conf 85, stop 62.5, tp 67.5)
  -> queued HBAN buy (conf 85, stop 17.09, tp 19.45)
  -> queued TDY buy (conf 85, stop 654.41, tp 720.0)
  -> queued TTWO buy (conf 90, stop 228.4, tp 275.0)
  -> queued TYL buy (conf 92, stop 300.28, tp 360.0)
  -> queued TEL buy (conf 85, stop 200.81, tp 221.8)
  -> queued NDAQ buy (conf 83, stop 93.0, tp 102.0)
Dashboard watchlist synced (17 symbols) for news/headlines.
Ending portfolio value: $99,425.43
Trade journal: no closed trades yet
Performance: Total return -0.41% | Max drawdown 12.37% | Daily Sharpe 0.26 | Open positions: 14 | Equity $99,425.43
Timings: account: 0.0s | risk: 3.8s | decide: 6.7s | watchlist: 0.2s | perf: 0.2s

=== Run at 2026-08-16T00:54:26.385357 ===
Current time: 2026-08-15 08:54 PM EDT | Market open (per Alpaca): False | Session: CLOSED
Account value: $99,425.43
Cash: $2,352.13 | Holdings (14): {'CEG': '35.6034 sh (+1.36%)', 'CHD': '97.9637 sh (+0.01%)', 'COHR': '7.9896 sh (-4.69%)', 'CVX': '24.8836 sh (+1.17%)', 'GEHC': '0.6136 sh (-0.28%)', 'IVZ': '306.9138 sh (+1.21%)', 'LMT': '16.3555 sh (+0.32%)', 'MS': '43.8344 sh (-1.63%)', 'MSI': '21.1281 sh (-0.69%)', 'NUE': '36.5544 sh (-1.52%)', 'NVDA': '44.2888 sh (+0.48%)', 'NWS': '303.7199 sh (+1.75%)', 'STLD': '0.9216 sh (-2.54%)', 'WSM': '0.1026 sh (-1.61%)'}
Open orders (1): NVDA sell 44.2888
Risk state: peak $99,703.60 | drawdown 0.28% | today -0.00% | halted: False
Market regime: NEUTRAL (position-size multiplier: 100% incl. circuit breaker 100%)
News: fetched 158, 1 new after dedup, 1 ticker(s) matched.
Quant pre-screen: 44/61 candidates passed.
Gemini proposed 3 trade(s) meeting the conviction bar.
Gemini calls used today (all models combined): 512
Market closed (overnight): queued 12 trade idea(s) for next-morning verification -- nothing submitted yet.
  -> queued WDC buy (conf 92, stop 485.0, tp 560.0)
  -> queued WFC buy (conf 91, stop 86.06, tp 97.76)
  -> queued HAS buy (conf 90, stop 89.34, tp 106.82)
  -> queued HUM buy (conf None, stop 354.57, tp 392.49)
  -> queued WDAY buy (conf 85, stop 188.0, tp 220.0)
  -> queued BAC buy (conf 85, stop 62.5, tp 67.5)
  -> queued HBAN buy (conf 85, stop 17.09, tp 19.45)
  -> queued TDY buy (conf 85, stop 654.41, tp 697.61)
  -> queued TTWO buy (conf 90, stop 228.4, tp 256.29)
  -> queued TYL buy (conf 92, stop 300.28, tp 334.89)
  -> queued TEL buy (conf 85, stop 200.81, tp 221.8)
  -> queued NDAQ buy (conf 83, stop 93.0, tp 102.0)
Dashboard watchlist synced (18 symbols) for news/headlines.
Ending portfolio value: $99,425.43
Trade journal: no closed trades yet
Performance: Total return -0.41% | Max drawdown 12.37% | Daily Sharpe 0.26 | Open positions: 14 | Equity $99,425.43
Timings: account: 0.0s | risk: 2.0s | decide: 25.1s | watchlist: 0.1s | perf: 0.1s

=== Run at 2026-08-16T00:56:27.167778 ===
Current time: 2026-08-15 08:56 PM EDT | Market open (per Alpaca): False | Session: CLOSED
Account value: $99,425.43
Cash: $2,352.13 | Holdings (14): {'CEG': '35.6034 sh (+1.36%)', 'CHD': '97.9637 sh (+0.01%)', 'COHR': '7.9896 sh (-4.69%)', 'CVX': '24.8836 sh (+1.17%)', 'GEHC': '0.6136 sh (-0.28%)', 'IVZ': '306.9138 sh (+1.21%)', 'LMT': '16.3555 sh (+0.32%)', 'MS': '43.8344 sh (-1.63%)', 'MSI': '21.1281 sh (-0.69%)', 'NUE': '36.5544 sh (-1.52%)', 'NVDA': '44.2888 sh (+0.48%)', 'NWS': '303.7199 sh (+1.75%)', 'STLD': '0.9216 sh (-2.54%)', 'WSM': '0.1026 sh (-1.61%)'}
Open orders (1): NVDA sell 44.2888
Risk state: peak $99,703.60 | drawdown 0.28% | today -0.00% | halted: False
Market regime: NEUTRAL (position-size multiplier: 100% incl. circuit breaker 100%)
News: fetched 158, 1 new after dedup, 0 ticker(s) matched.
Quant pre-screen: 48/67 candidates passed.
Gemini proposed 3 trade(s) meeting the conviction bar.
Gemini calls used today (all models combined): 513
Market closed (overnight): queued 12 trade idea(s) for next-morning verification -- nothing submitted yet.
  -> queued WDC buy (conf 92, stop 485.0, tp 560.0)
  -> queued WFC buy (conf 91, stop 86.06, tp 97.76)
  -> queued HAS buy (conf 90, stop 89.34, tp 106.82)
  -> queued HUM buy (conf None, stop 354.57, tp 392.49)
  -> queued WDAY buy (conf 85, stop 188.0, tp 220.0)
  -> queued BAC buy (conf 85, stop 62.5, tp 67.5)
  -> queued HBAN buy (conf 85, stop 17.09, tp 19.45)
  -> queued TDY buy (conf 85, stop 654.41, tp 697.61)
  -> queued TTWO buy (conf 92, stop 228.4, tp 265.49)
  -> queued TYL buy (conf 90, stop 300.28, tp 334.89)
  -> queued TEL buy (conf 85, stop 200.81, tp 221.8)
  -> queued NDAQ buy (conf 83, stop 93.0, tp 102.0)
Dashboard watchlist synced (17 symbols) for news/headlines.
Ending portfolio value: $99,425.43
Trade journal: no closed trades yet
Performance: Total return -0.41% | Max drawdown 12.37% | Daily Sharpe 0.26 | Open positions: 14 | Equity $99,425.43
Timings: account: 0.0s | risk: 0.6s | decide: 4.4s | watchlist: 0.0s | perf: 0.1s

=== Run at 2026-08-16T00:58:27.306353 ===
Current time: 2026-08-15 08:58 PM EDT | Market open (per Alpaca): False | Session: CLOSED
Account value: $99,425.43
Cash: $2,352.13 | Holdings (14): {'CEG': '35.6034 sh (+1.36%)', 'CHD': '97.9637 sh (+0.01%)', 'COHR': '7.9896 sh (-4.69%)', 'CVX': '24.8836 sh (+1.17%)', 'GEHC': '0.6136 sh (-0.28%)', 'IVZ': '306.9138 sh (+1.21%)', 'LMT': '16.3555 sh (+0.32%)', 'MS': '43.8344 sh (-1.63%)', 'MSI': '21.1281 sh (-0.69%)', 'NUE': '36.5544 sh (-1.52%)', 'NVDA': '44.2888 sh (+0.48%)', 'NWS': '303.7199 sh (+1.75%)', 'STLD': '0.9216 sh (-2.54%)', 'WSM': '0.1026 sh (-1.61%)'}
Open orders (1): NVDA sell 44.2888
Risk state: peak $99,703.60 | drawdown 0.28% | today -0.00% | halted: False
Market regime: NEUTRAL (position-size multiplier: 100% incl. circuit breaker 100%)
News: fetched 158, 0 new after dedup, 0 ticker(s) matched.
Quant pre-screen: 48/67 candidates passed.
Gemini proposed 3 trade(s) meeting the conviction bar.
Gemini calls used today (all models combined): 514
Market closed (overnight): queued 12 trade idea(s) for next-morning verification -- nothing submitted yet.
  -> queued WDC buy (conf 92, stop 485.0, tp 560.0)
  -> queued WFC buy (conf 91, stop 86.06, tp 97.76)
  -> queued HAS buy (conf 90, stop 89.34, tp 106.82)
  -> queued HUM buy (conf None, stop 354.57, tp 392.49)
  -> queued WDAY buy (conf 85, stop 188.0, tp 220.0)
  -> queued BAC buy (conf 85, stop 62.5, tp 67.5)
  -> queued HBAN buy (conf 85, stop 17.09, tp 19.45)
  -> queued TDY buy (conf 85, stop 654.41, tp 710.0)
  -> queued TTWO buy (conf 90, stop 228.4, tp 265.0)
  -> queued TYL buy (conf 92, stop 300.28, tp 355.0)
  -> queued TEL buy (conf 85, stop 200.81, tp 221.8)
  -> queued NDAQ buy (conf 83, stop 93.0, tp 102.0)
Dashboard watchlist synced (17 symbols) for news/headlines.
Ending portfolio value: $99,425.43
Trade journal: no closed trades yet
Performance: Total return -0.41% | Max drawdown 12.37% | Daily Sharpe 0.26 | Open positions: 14 | Equity $99,425.43
Timings: account: 0.0s | risk: 3.6s | decide: 8.8s | watchlist: 0.2s | perf: 0.3s

=== Run at 2026-08-16T01:00:37.024348 ===
Current time: 2026-08-15 09:00 PM EDT | Market open (per Alpaca): False | Session: CLOSED
Account value: $99,425.43
Cash: $2,352.13 | Holdings (14): {'CEG': '35.6034 sh (+1.36%)', 'CHD': '97.9637 sh (+0.01%)', 'COHR': '7.9896 sh (-4.69%)', 'CVX': '24.8836 sh (+1.17%)', 'GEHC': '0.6136 sh (-0.28%)', 'IVZ': '306.9138 sh (+1.21%)', 'LMT': '16.3555 sh (+0.32%)', 'MS': '43.8344 sh (-1.63%)', 'MSI': '21.1281 sh (-0.69%)', 'NUE': '36.5544 sh (-1.52%)', 'NVDA': '44.2888 sh (+0.48%)', 'NWS': '303.7199 sh (+1.75%)', 'STLD': '0.9216 sh (-2.54%)', 'WSM': '0.1026 sh (-1.61%)'}
Open orders (1): NVDA sell 44.2888
Risk state: peak $99,703.60 | drawdown 0.28% | today -0.00% | halted: False
Market regime: NEUTRAL (position-size multiplier: 100% incl. circuit breaker 100%)
News: fetched 158, 1 new after dedup, 0 ticker(s) matched.
Quant pre-screen: 15/19 candidates passed.
Gemini proposed 3 trade(s) meeting the conviction bar.
Gemini calls used today (all models combined): 515
Market closed (overnight): queued 12 trade idea(s) for next-morning verification -- nothing submitted yet.
  -> queued WDC buy (conf 92, stop 485.0, tp 560.0)
  -> queued WFC buy (conf 91, stop 86.06, tp 97.76)
  -> queued HAS buy (conf 90, stop 89.34, tp 106.82)
  -> queued HUM buy (conf None, stop 354.57, tp 392.49)
  -> queued WDAY buy (conf 85, stop 188.0, tp 220.0)
  -> queued BAC buy (conf 85, stop 62.5, tp 67.5)
  -> queued HBAN buy (conf 85, stop 17.09, tp 19.45)
  -> queued TDY buy (conf 92, stop 654.41, tp 710.0000000000001)
  -> queued TTWO buy (conf 91, stop 228.4, tp 265.49)
  -> queued TYL buy (conf 90, stop 300.28, tp 350.0)
  -> queued TEL buy (conf 85, stop 200.81, tp 221.8)
  -> queued NDAQ buy (conf 83, stop 93.0, tp 102.0)
Dashboard watchlist synced (17 symbols) for news/headlines.
Ending portfolio value: $99,425.43
Trade journal: no closed trades yet
Performance: Total return -0.41% | Max drawdown 12.37% | Daily Sharpe 0.26 | Open positions: 14 | Equity $99,425.43
Timings: account: 0.0s | risk: 0.7s | decide: 11.0s | watchlist: 0.0s | perf: 0.1s

=== Run at 2026-08-16T01:02:26.147012 ===
Current time: 2026-08-15 09:02 PM EDT | Market open (per Alpaca): False | Session: CLOSED
Account value: $99,425.43
Cash: $2,352.13 | Holdings (14): {'CEG': '35.6034 sh (+1.36%)', 'CHD': '97.9637 sh (+0.01%)', 'COHR': '7.9896 sh (-4.69%)', 'CVX': '24.8836 sh (+1.17%)', 'GEHC': '0.6136 sh (-0.28%)', 'IVZ': '306.9138 sh (+1.21%)', 'LMT': '16.3555 sh (+0.32%)', 'MS': '43.8344 sh (-1.63%)', 'MSI': '21.1281 sh (-0.69%)', 'NUE': '36.5544 sh (-1.52%)', 'NVDA': '44.2888 sh (+0.48%)', 'NWS': '303.7199 sh (+1.75%)', 'STLD': '0.9216 sh (-2.54%)', 'WSM': '0.1026 sh (-1.61%)'}
Open orders (1): NVDA sell 44.2888
Risk state: peak $99,703.60 | drawdown 0.28% | today -0.00% | halted: False
Market regime: NEUTRAL (position-size multiplier: 100% incl. circuit breaker 100%)
News: fetched 158, 1 new after dedup, 0 ticker(s) matched.
Quant pre-screen: 24/31 candidates passed.
Gemini proposed 3 trade(s) meeting the conviction bar.
Gemini calls used today (all models combined): 516
Market closed (overnight): queued 12 trade idea(s) for next-morning verification -- nothing submitted yet.
  -> queued WDC buy (conf 92, stop 485.0, tp 560.0)
  -> queued WFC buy (conf 91, stop 86.06, tp 97.76)
  -> queued HAS buy (conf 90, stop 89.34, tp 106.82)
  -> queued HUM buy (conf None, stop 354.57, tp 392.49)
  -> queued WDAY buy (conf 85, stop 188.0, tp 220.0)
  -> queued BAC buy (conf 85, stop 62.5, tp 67.5)
  -> queued HBAN buy (conf 85, stop 17.09, tp 19.45)
  -> queued TDY buy (conf 85, stop 654.41, tp 710.0)
  -> queued TTWO buy (conf 90, stop 228.4, tp 265.0)
  -> queued TYL buy (conf 92, stop 300.28, tp 355.0)
  -> queued TEL buy (conf 85, stop 200.81, tp 221.8)
  -> queued NDAQ buy (conf 83, stop 93.0, tp 102.0)
Dashboard watchlist synced (17 symbols) for news/headlines.
Ending portfolio value: $99,425.43
Trade journal: no closed trades yet
Performance: Total return -0.41% | Max drawdown 12.37% | Daily Sharpe 0.26 | Open positions: 14 | Equity $99,425.43
Timings: account: 0.0s | risk: 1.1s | decide: 3.8s | watchlist: 0.0s | perf: 0.1s

=== Run at 2026-08-16T01:04:26.088390 ===
Current time: 2026-08-15 09:04 PM EDT | Market open (per Alpaca): False | Session: CLOSED
Account value: $99,425.43
Cash: $2,352.13 | Holdings (14): {'CEG': '35.6034 sh (+1.36%)', 'CHD': '97.9637 sh (+0.01%)', 'COHR': '7.9896 sh (-4.69%)', 'CVX': '24.8836 sh (+1.17%)', 'GEHC': '0.6136 sh (-0.28%)', 'IVZ': '306.9138 sh (+1.21%)', 'LMT': '16.3555 sh (+0.32%)', 'MS': '43.8344 sh (-1.63%)', 'MSI': '21.1281 sh (-0.69%)', 'NUE': '36.5544 sh (-1.52%)', 'NVDA': '44.2888 sh (+0.48%)', 'NWS': '303.7199 sh (+1.75%)', 'STLD': '0.9216 sh (-2.54%)', 'WSM': '0.1026 sh (-1.61%)'}
Open orders (1): NVDA sell 44.2888
Risk state: peak $99,703.60 | drawdown 0.28% | today -0.00% | halted: False
Market regime: NEUTRAL (position-size multiplier: 100% incl. circuit breaker 100%)
News: fetched 158, 1 new after dedup, 0 ticker(s) matched.
Quant pre-screen: 31/43 candidates passed.
Gemini proposed 3 trade(s) meeting the conviction bar.
Gemini calls used today (all models combined): 517
Market closed (overnight): queued 12 trade idea(s) for next-morning verification -- nothing submitted yet.
  -> queued WDC buy (conf 92, stop 485.0, tp 560.0)
  -> queued WFC buy (conf 91, stop 86.06, tp 97.76)
  -> queued HAS buy (conf 90, stop 89.34, tp 106.82)
  -> queued HUM buy (conf None, stop 354.57, tp 392.49)
  -> queued WDAY buy (conf 85, stop 188.0, tp 220.0)
  -> queued BAC buy (conf 85, stop 62.5, tp 67.5)
  -> queued HBAN buy (conf 85, stop 17.09, tp 19.45)
  -> queued TDY buy (conf 90, stop 654.41, tp 697.61)
  -> queued TTWO buy (conf 91, stop 228.4, tp 256.29)
  -> queued TYL buy (conf 92, stop 300.28, tp 334.89)
  -> queued TEL buy (conf 85, stop 200.81, tp 221.8)
  -> queued NDAQ buy (conf 83, stop 93.0, tp 102.0)
Dashboard watchlist synced (17 symbols) for news/headlines.
Ending portfolio value: $99,425.43
Trade journal: no closed trades yet
Performance: Total return -0.41% | Max drawdown 12.37% | Daily Sharpe 0.26 | Open positions: 14 | Equity $99,425.43
Timings: account: 0.0s | risk: 0.7s | decide: 3.3s | watchlist: 0.0s | perf: 0.1s

=== Run at 2026-08-16T01:06:27.944984 ===
Current time: 2026-08-15 09:06 PM EDT | Market open (per Alpaca): False | Session: CLOSED
Account value: $99,425.43
Cash: $2,352.13 | Holdings (14): {'CEG': '35.6034 sh (+1.36%)', 'CHD': '97.9637 sh (+0.01%)', 'COHR': '7.9896 sh (-4.69%)', 'CVX': '24.8836 sh (+1.17%)', 'GEHC': '0.6136 sh (-0.28%)', 'IVZ': '306.9138 sh (+1.21%)', 'LMT': '16.3555 sh (+0.32%)', 'MS': '43.8344 sh (-1.63%)', 'MSI': '21.1281 sh (-0.69%)', 'NUE': '36.5544 sh (-1.52%)', 'NVDA': '44.2888 sh (+0.48%)', 'NWS': '303.7199 sh (+1.75%)', 'STLD': '0.9216 sh (-2.54%)', 'WSM': '0.1026 sh (-1.61%)'}
Open orders (1): NVDA sell 44.2888
Risk state: peak $99,703.60 | drawdown 0.28% | today -0.00% | halted: False
Market regime: NEUTRAL (position-size multiplier: 100% incl. circuit breaker 100%)
News: fetched 158, 1 new after dedup, 0 ticker(s) matched.
Quant pre-screen: 41/55 candidates passed.
Gemini proposed 3 trade(s) meeting the conviction bar.
Gemini calls used today (all models combined): 518
Market closed (overnight): queued 12 trade idea(s) for next-morning verification -- nothing submitted yet.
  -> queued WDC buy (conf 92, stop 485.0, tp 560.0)
  -> queued WFC buy (conf 91, stop 86.06, tp 97.76)
  -> queued HAS buy (conf 90, stop 89.34, tp 106.82)
  -> queued HUM buy (conf None, stop 354.57, tp 392.49)
  -> queued WDAY buy (conf 85, stop 188.0, tp 220.0)
  -> queued BAC buy (conf 85, stop 62.5, tp 67.5)
  -> queued HBAN buy (conf 85, stop 17.09, tp 19.45)
  -> queued TDY buy (conf 85, stop 654.41, tp 710.0)
  -> queued TTWO buy (conf 90, stop 228.4, tp 265.0)
  -> queued TYL buy (conf 92, stop 300.28, tp 355.0)
  -> queued TEL buy (conf 85, stop 200.81, tp 221.8)
  -> queued NDAQ buy (conf 83, stop 93.0, tp 102.0)
Dashboard watchlist synced (17 symbols) for news/headlines.
Ending portfolio value: $99,425.43
Trade journal: no closed trades yet
Performance: Total return -0.41% | Max drawdown 12.37% | Daily Sharpe 0.26 | Open positions: 14 | Equity $99,425.43
Timings: account: 0.0s | risk: 3.9s | decide: 8.9s | watchlist: 0.1s | perf: 0.2s

=== Run at 2026-08-16T01:08:23.724939 ===
Current time: 2026-08-15 09:08 PM EDT | Market open (per Alpaca): False | Session: CLOSED
Account value: $99,425.43
Cash: $2,352.13 | Holdings (14): {'CEG': '35.6034 sh (+1.36%)', 'CHD': '97.9637 sh (+0.01%)', 'COHR': '7.9896 sh (-4.69%)', 'CVX': '24.8836 sh (+1.17%)', 'GEHC': '0.6136 sh (-0.28%)', 'IVZ': '306.9138 sh (+1.21%)', 'LMT': '16.3555 sh (+0.32%)', 'MS': '43.8344 sh (-1.63%)', 'MSI': '21.1281 sh (-0.69%)', 'NUE': '36.5544 sh (-1.52%)', 'NVDA': '44.2888 sh (+0.48%)', 'NWS': '303.7199 sh (+1.75%)', 'STLD': '0.9216 sh (-2.54%)', 'WSM': '0.1026 sh (-1.61%)'}
Open orders (1): NVDA sell 44.2888
Risk state: peak $99,703.60 | drawdown 0.28% | today -0.00% | halted: False
Market regime: NEUTRAL (position-size multiplier: 100% incl. circuit breaker 100%)
News: fetched 158, 0 new after dedup, 0 ticker(s) matched.
Quant pre-screen: 48/67 candidates passed.
Gemini proposed 3 trade(s) meeting the conviction bar.
Gemini calls used today (all models combined): 519
Market closed (overnight): queued 12 trade idea(s) for next-morning verification -- nothing submitted yet.
  -> queued WDC buy (conf 92, stop 485.0, tp 560.0)
  -> queued WFC buy (conf 91, stop 86.06, tp 97.76)
  -> queued HAS buy (conf 90, stop 89.34, tp 106.82)
  -> queued HUM buy (conf None, stop 354.57, tp 392.49)
  -> queued WDAY buy (conf 85, stop 188.0, tp 220.0)
  -> queued BAC buy (conf 85, stop 62.5, tp 67.5)
  -> queued HBAN buy (conf 85, stop 17.09, tp 19.45)
  -> queued TDY buy (conf 85, stop 654.41, tp 720.0)
  -> queued TTWO buy (conf 91, stop 228.4, tp 270.0)
  -> queued TYL buy (conf 92, stop 300.28, tp 360.0)
  -> queued TEL buy (conf 85, stop 200.81, tp 221.8)
  -> queued NDAQ buy (conf 83, stop 93.0, tp 102.0)
Dashboard watchlist synced (17 symbols) for news/headlines.
Ending portfolio value: $99,425.43
Trade journal: no closed trades yet
Performance: Total return -0.41% | Max drawdown 12.37% | Daily Sharpe 0.26 | Open positions: 14 | Equity $99,425.43
Timings: account: 0.0s | risk: 0.9s | decide: 3.9s | watchlist: 0.0s | perf: 0.1s

=== Run at 2026-08-16T01:10:29.016846 ===
Current time: 2026-08-15 09:10 PM EDT | Market open (per Alpaca): False | Session: CLOSED
Account value: $99,425.43
Cash: $2,352.13 | Holdings (14): {'CEG': '35.6034 sh (+1.36%)', 'CHD': '97.9637 sh (+0.01%)', 'COHR': '7.9896 sh (-4.69%)', 'CVX': '24.8836 sh (+1.17%)', 'GEHC': '0.6136 sh (-0.28%)', 'IVZ': '306.9138 sh (+1.21%)', 'LMT': '16.3555 sh (+0.32%)', 'MS': '43.8344 sh (-1.63%)', 'MSI': '21.1281 sh (-0.69%)', 'NUE': '36.5544 sh (-1.52%)', 'NVDA': '44.2888 sh (+0.48%)', 'NWS': '303.7199 sh (+1.75%)', 'STLD': '0.9216 sh (-2.54%)', 'WSM': '0.1026 sh (-1.61%)'}
Open orders (1): NVDA sell 44.2888
Risk state: peak $99,703.60 | drawdown 0.28% | today -0.00% | halted: False
Market regime: NEUTRAL (position-size multiplier: 100% incl. circuit breaker 100%)
News: fetched 158, 0 new after dedup, 0 ticker(s) matched.
Quant pre-screen: 48/67 candidates passed.
Gemini proposed 3 trade(s) meeting the conviction bar.
Gemini calls used today (all models combined): 520
Market closed (overnight): queued 12 trade idea(s) for next-morning verification -- nothing submitted yet.
  -> queued WDC buy (conf 92, stop 485.0, tp 560.0)
  -> queued WFC buy (conf 91, stop 86.06, tp 97.76)
  -> queued HAS buy (conf 90, stop 89.34, tp 106.82)
  -> queued HUM buy (conf None, stop 354.57, tp 392.49)
  -> queued WDAY buy (conf 85, stop 188.0, tp 220.0)
  -> queued BAC buy (conf 85, stop 62.5, tp 67.5)
  -> queued HBAN buy (conf 85, stop 17.09, tp 19.45)
  -> queued TDY buy (conf 90, stop 654.41, tp 710.0)
  -> queued TTWO buy (conf 91, stop 228.4, tp 265.0)
  -> queued TYL buy (conf 92, stop 300.28, tp 350.0)
  -> queued TEL buy (conf 85, stop 200.81, tp 221.8)
  -> queued NDAQ buy (conf 83, stop 93.0, tp 102.0)
Dashboard watchlist synced (17 symbols) for news/headlines.
Ending portfolio value: $99,425.43
Trade journal: no closed trades yet
Performance: Total return -0.41% | Max drawdown 12.37% | Daily Sharpe 0.26 | Open positions: 14 | Equity $99,425.43
Timings: account: 0.0s | risk: 0.8s | decide: 2.9s | watchlist: 0.0s | perf: 0.1s

=== Run at 2026-08-16T01:12:25.013536 ===
Current time: 2026-08-15 09:12 PM EDT | Market open (per Alpaca): False | Session: CLOSED
Account value: $99,425.43
Cash: $2,352.13 | Holdings (14): {'CEG': '35.6034 sh (+1.36%)', 'CHD': '97.9637 sh (+0.01%)', 'COHR': '7.9896 sh (-4.69%)', 'CVX': '24.8836 sh (+1.17%)', 'GEHC': '0.6136 sh (-0.28%)', 'IVZ': '306.9138 sh (+1.21%)', 'LMT': '16.3555 sh (+0.32%)', 'MS': '43.8344 sh (-1.63%)', 'MSI': '21.1281 sh (-0.69%)', 'NUE': '36.5544 sh (-1.52%)', 'NVDA': '44.2888 sh (+0.48%)', 'NWS': '303.7199 sh (+1.75%)', 'STLD': '0.9216 sh (-2.54%)', 'WSM': '0.1026 sh (-1.61%)'}
Open orders (1): NVDA sell 44.2888
Risk state: peak $99,703.60 | drawdown 0.28% | today -0.00% | halted: False
Market regime: NEUTRAL (position-size multiplier: 100% incl. circuit breaker 100%)
News: fetched 120, 0 new after dedup, 0 ticker(s) matched.
Quant pre-screen: 48/67 candidates passed.
Gemini proposed 3 trade(s) meeting the conviction bar.
Gemini calls used today (all models combined): 521
Market closed (overnight): queued 12 trade idea(s) for next-morning verification -- nothing submitted yet.
  -> queued WDC buy (conf 92, stop 485.0, tp 560.0)
  -> queued WFC buy (conf 91, stop 86.06, tp 97.76)
  -> queued HAS buy (conf 90, stop 89.34, tp 106.82)
  -> queued HUM buy (conf None, stop 354.57, tp 392.49)
  -> queued WDAY buy (conf 85, stop 188.0, tp 220.0)
  -> queued BAC buy (conf 85, stop 62.5, tp 67.5)
  -> queued HBAN buy (conf 85, stop 17.09, tp 19.45)
  -> queued TDY buy (conf 92, stop 654.41, tp 715.0000000000001)
  -> queued TTWO buy (conf 90, stop 228.4, tp 265.0)
  -> queued TYL buy (conf 85, stop 300.28, tp 350.0)
  -> queued TEL buy (conf 85, stop 200.81, tp 221.8)
  -> queued NDAQ buy (conf 83, stop 93.0, tp 102.0)
Dashboard watchlist synced (17 symbols) for news/headlines.
Ending portfolio value: $99,425.43
Trade journal: no closed trades yet
Performance: Total return -0.41% | Max drawdown 12.37% | Daily Sharpe 0.26 | Open positions: 14 | Equity $99,425.43
Timings: account: 0.0s | risk: 2.8s | decide: 9.8s | watchlist: 0.1s | perf: 0.2s

=== Run at 2026-08-16T01:14:24.170007 ===
Current time: 2026-08-15 09:14 PM EDT | Market open (per Alpaca): False | Session: CLOSED
Account value: $99,425.43
Cash: $2,352.13 | Holdings (14): {'CEG': '35.6034 sh (+1.36%)', 'CHD': '97.9637 sh (+0.01%)', 'COHR': '7.9896 sh (-4.69%)', 'CVX': '24.8836 sh (+1.17%)', 'GEHC': '0.6136 sh (-0.28%)', 'IVZ': '306.9138 sh (+1.21%)', 'LMT': '16.3555 sh (+0.32%)', 'MS': '43.8344 sh (-1.63%)', 'MSI': '21.1281 sh (-0.69%)', 'NUE': '36.5544 sh (-1.52%)', 'NVDA': '44.2888 sh (+0.48%)', 'NWS': '303.7199 sh (+1.75%)', 'STLD': '0.9216 sh (-2.54%)', 'WSM': '0.1026 sh (-1.61%)'}
Open orders (1): NVDA sell 44.2888
Risk state: peak $99,703.60 | drawdown 0.28% | today -0.00% | halted: False
Market regime: NEUTRAL (position-size multiplier: 100% incl. circuit breaker 100%)
News: fetched 158, 1 new after dedup, 1 ticker(s) matched.
Quant pre-screen: 36/49 candidates passed.
Gemini proposed 3 trade(s) meeting the conviction bar.
Gemini calls used today (all models combined): 522
Market closed (overnight): queued 12 trade idea(s) for next-morning verification -- nothing submitted yet.
  -> queued WDC buy (conf 92, stop 485.0, tp 560.0)
  -> queued WFC buy (conf 91, stop 86.06, tp 97.76)
  -> queued HAS buy (conf 90, stop 89.34, tp 106.82)
  -> queued HUM buy (conf None, stop 354.57, tp 392.49)
  -> queued WDAY buy (conf 85, stop 188.0, tp 220.0)
  -> queued BAC buy (conf 85, stop 62.5, tp 67.5)
  -> queued HBAN buy (conf 85, stop 17.09, tp 19.45)
  -> queued TDY buy (conf 85, stop 654.41, tp 715.0)
  -> queued TTWO buy (conf 91, stop 228.4, tp 265.0)
  -> queued TYL buy (conf 92, stop 300.28, tp 355.0)
  -> queued TEL buy (conf 85, stop 200.81, tp 221.8)
  -> queued NDAQ buy (conf 83, stop 93.0, tp 102.0)
Dashboard watchlist synced (18 symbols) for news/headlines.
Ending portfolio value: $99,425.43
Trade journal: no closed trades yet
Performance: Total return -0.41% | Max drawdown 12.37% | Daily Sharpe 0.26 | Open positions: 14 | Equity $99,425.43
Timings: account: 0.0s | risk: 3.5s | decide: 7.9s | watchlist: 0.1s | perf: 0.2s

=== Run at 2026-08-16T01:16:27.737394 ===
Current time: 2026-08-15 09:16 PM EDT | Market open (per Alpaca): False | Session: CLOSED
Account value: $99,425.43
Cash: $2,352.13 | Holdings (14): {'CEG': '35.6034 sh (+1.36%)', 'CHD': '97.9637 sh (+0.01%)', 'COHR': '7.9896 sh (-4.69%)', 'CVX': '24.8836 sh (+1.17%)', 'GEHC': '0.6136 sh (-0.28%)', 'IVZ': '306.9138 sh (+1.21%)', 'LMT': '16.3555 sh (+0.32%)', 'MS': '43.8344 sh (-1.63%)', 'MSI': '21.1281 sh (-0.69%)', 'NUE': '36.5544 sh (-1.52%)', 'NVDA': '44.2888 sh (+0.48%)', 'NWS': '303.7199 sh (+1.75%)', 'STLD': '0.9216 sh (-2.54%)', 'WSM': '0.1026 sh (-1.61%)'}
Open orders (1): NVDA sell 44.2888
Risk state: peak $99,703.60 | drawdown 0.28% | today -0.00% | halted: False
Market regime: NEUTRAL (position-size multiplier: 100% incl. circuit breaker 100%)
News: fetched 158, 0 new after dedup, 0 ticker(s) matched.
Quant pre-screen: 48/67 candidates passed.
Gemini proposed 3 trade(s) meeting the conviction bar.
Gemini calls used today (all models combined): 523
Market closed (overnight): queued 12 trade idea(s) for next-morning verification -- nothing submitted yet.
  -> queued WDC buy (conf 92, stop 485.0, tp 560.0)
  -> queued WFC buy (conf 91, stop 86.06, tp 97.76)
  -> queued HAS buy (conf 90, stop 89.34, tp 106.82)
  -> queued HUM buy (conf None, stop 354.57, tp 392.49)
  -> queued WDAY buy (conf 85, stop 188.0, tp 220.0)
  -> queued BAC buy (conf 85, stop 62.5, tp 67.5)
  -> queued HBAN buy (conf 85, stop 17.09, tp 19.45)
  -> queued TDY buy (conf 90, stop 654.41, tp 720.0)
  -> queued TTWO buy (conf 91, stop 228.4, tp 270.0)
  -> queued TYL buy (conf 92, stop 300.28, tp 360.0)
  -> queued TEL buy (conf 85, stop 200.81, tp 221.8)
  -> queued NDAQ buy (conf 83, stop 93.0, tp 102.0)
Dashboard watchlist synced (17 symbols) for news/headlines.
Ending portfolio value: $99,425.43
Trade journal: no closed trades yet
Performance: Total return -0.41% | Max drawdown 12.37% | Daily Sharpe 0.26 | Open positions: 14 | Equity $99,425.43
Timings: account: 0.0s | risk: 1.0s | decide: 4.9s | watchlist: 0.0s | perf: 0.1s

=== Run at 2026-08-16T01:18:30.775394 ===
Current time: 2026-08-15 09:18 PM EDT | Market open (per Alpaca): False | Session: CLOSED
Account value: $99,425.43
Cash: $2,352.13 | Holdings (14): {'CEG': '35.6034 sh (+1.36%)', 'CHD': '97.9637 sh (+0.01%)', 'COHR': '7.9896 sh (-4.69%)', 'CVX': '24.8836 sh (+1.17%)', 'GEHC': '0.6136 sh (-0.28%)', 'IVZ': '306.9138 sh (+1.21%)', 'LMT': '16.3555 sh (+0.32%)', 'MS': '43.8344 sh (-1.63%)', 'MSI': '21.1281 sh (-0.69%)', 'NUE': '36.5544 sh (-1.52%)', 'NVDA': '44.2888 sh (+0.48%)', 'NWS': '303.7199 sh (+1.75%)', 'STLD': '0.9216 sh (-2.54%)', 'WSM': '0.1026 sh (-1.61%)'}
Open orders (1): NVDA sell 44.2888
Risk state: peak $99,703.60 | drawdown 0.28% | today -0.00% | halted: False
Market regime: NEUTRAL (position-size multiplier: 100% incl. circuit breaker 100%)
News: fetched 158, 0 new after dedup, 0 ticker(s) matched.
Quant pre-screen: 48/67 candidates passed.
Gemini proposed 3 trade(s) meeting the conviction bar.
Gemini calls used today (all models combined): 524
Market closed (overnight): queued 12 trade idea(s) for next-morning verification -- nothing submitted yet.
  -> queued WDC buy (conf 92, stop 485.0, tp 560.0)
  -> queued WFC buy (conf 91, stop 86.06, tp 97.76)
  -> queued HAS buy (conf 90, stop 89.34, tp 106.82)
  -> queued HUM buy (conf None, stop 354.57, tp 392.49)
  -> queued WDAY buy (conf 85, stop 188.0, tp 220.0)
  -> queued BAC buy (conf 85, stop 62.5, tp 67.5)
  -> queued HBAN buy (conf 85, stop 17.09, tp 19.45)
  -> queued TDY buy (conf 85, stop 654.41, tp 720.0)
  -> queued TTWO buy (conf 91, stop 228.4, tp 275.0)
  -> queued TYL buy (conf 92, stop 300.28, tp 360.0)
  -> queued TEL buy (conf 85, stop 200.81, tp 221.8)
  -> queued NDAQ buy (conf 83, stop 93.0, tp 102.0)
Dashboard watchlist synced (17 symbols) for news/headlines.
Ending portfolio value: $99,425.43
Trade journal: no closed trades yet
Performance: Total return -0.41% | Max drawdown 12.37% | Daily Sharpe 0.26 | Open positions: 14 | Equity $99,425.43
Timings: account: 0.0s | risk: 3.9s | decide: 7.0s | watchlist: 0.2s | perf: 0.3s

=== Run at 2026-08-16T01:20:29.866508 ===
Current time: 2026-08-15 09:20 PM EDT | Market open (per Alpaca): False | Session: CLOSED
Account value: $99,425.43
Cash: $2,352.13 | Holdings (14): {'CEG': '35.6034 sh (+1.36%)', 'CHD': '97.9637 sh (+0.01%)', 'COHR': '7.9896 sh (-4.69%)', 'CVX': '24.8836 sh (+1.17%)', 'GEHC': '0.6136 sh (-0.28%)', 'IVZ': '306.9138 sh (+1.21%)', 'LMT': '16.3555 sh (+0.32%)', 'MS': '43.8344 sh (-1.63%)', 'MSI': '21.1281 sh (-0.69%)', 'NUE': '36.5544 sh (-1.52%)', 'NVDA': '44.2888 sh (+0.48%)', 'NWS': '303.7199 sh (+1.75%)', 'STLD': '0.9216 sh (-2.54%)', 'WSM': '0.1026 sh (-1.61%)'}
Open orders (1): NVDA sell 44.2888
Risk state: peak $99,703.60 | drawdown 0.28% | today -0.00% | halted: False
Market regime: NEUTRAL (position-size multiplier: 100% incl. circuit breaker 100%)
News: fetched 158, 1 new after dedup, 0 ticker(s) matched.
Quant pre-screen: 48/67 candidates passed.
Gemini proposed 3 trade(s) meeting the conviction bar.
Gemini calls used today (all models combined): 525
Market closed (overnight): queued 12 trade idea(s) for next-morning verification -- nothing submitted yet.
  -> queued WDC buy (conf 92, stop 485.0, tp 560.0)
  -> queued WFC buy (conf 91, stop 86.06, tp 97.76)
  -> queued HAS buy (conf 90, stop 89.34, tp 106.82)
  -> queued HUM buy (conf None, stop 354.57, tp 392.49)
  -> queued WDAY buy (conf 85, stop 188.0, tp 220.0)
  -> queued BAC buy (conf 85, stop 62.5, tp 67.5)
  -> queued HBAN buy (conf 85, stop 17.09, tp 19.45)
  -> queued TDY buy (conf 95, stop 654.41, tp 715.0)
  -> queued TTWO buy (conf 92, stop 228.4, tp 265.0)
  -> queued TYL buy (conf 90, stop 300.28, tp 350.0)
  -> queued TEL buy (conf 85, stop 200.81, tp 221.8)
  -> queued NDAQ buy (conf 83, stop 93.0, tp 102.0)
Dashboard watchlist synced (17 symbols) for news/headlines.
Ending portfolio value: $99,425.43
Trade journal: no closed trades yet
Performance: Total return -0.41% | Max drawdown 12.37% | Daily Sharpe 0.26 | Open positions: 14 | Equity $99,425.43
Timings: account: 0.0s | risk: 0.7s | decide: 9.2s | watchlist: 0.0s | perf: 0.1s

=== Run at 2026-08-16T01:22:30.152570 ===
Current time: 2026-08-15 09:22 PM EDT | Market open (per Alpaca): False | Session: CLOSED
Account value: $99,425.43
Cash: $2,352.13 | Holdings (14): {'CEG': '35.6034 sh (+1.36%)', 'CHD': '97.9637 sh (+0.01%)', 'COHR': '7.9896 sh (-4.69%)', 'CVX': '24.8836 sh (+1.17%)', 'GEHC': '0.6136 sh (-0.28%)', 'IVZ': '306.9138 sh (+1.21%)', 'LMT': '16.3555 sh (+0.32%)', 'MS': '43.8344 sh (-1.63%)', 'MSI': '21.1281 sh (-0.69%)', 'NUE': '36.5544 sh (-1.52%)', 'NVDA': '44.2888 sh (+0.48%)', 'NWS': '303.7199 sh (+1.75%)', 'STLD': '0.9216 sh (-2.54%)', 'WSM': '0.1026 sh (-1.61%)'}
Open orders (1): NVDA sell 44.2888
Risk state: peak $99,703.60 | drawdown 0.28% | today -0.00% | halted: False
Market regime: NEUTRAL (position-size multiplier: 100% incl. circuit breaker 100%)
News: fetched 158, 3 new after dedup, 1 ticker(s) matched.
Quant pre-screen: 44/62 candidates passed.
Gemini proposed 3 trade(s) meeting the conviction bar.
Gemini calls used today (all models combined): 526
Market closed (overnight): queued 12 trade idea(s) for next-morning verification -- nothing submitted yet.
  -> queued WDC buy (conf 92, stop 485.0, tp 560.0)
  -> queued TTWO buy (conf 92, stop 228.4, tp 265.49)
  -> queued WFC buy (conf 91, stop 86.06, tp 97.76)
  -> queued HAS buy (conf 90, stop 89.34, tp 106.82)
  -> queued TYL buy (conf 90, stop 300.28, tp 350.0)
  -> queued HUM buy (conf None, stop 354.57, tp 392.49)
  -> queued WDAY buy (conf 85, stop 188.0, tp 220.0)
  -> queued BAC buy (conf 85, stop 62.5, tp 67.5)
  -> queued HBAN buy (conf 85, stop 17.09, tp 19.45)
  -> queued TDY buy (conf 85, stop 654.41, tp 697.61)
  -> queued TEL buy (conf 85, stop 200.81, tp 221.8)
  -> queued NDAQ buy (conf 83, stop 93.0, tp 102.0)
Dashboard watchlist synced (18 symbols) for news/headlines.
Ending portfolio value: $99,425.43
Trade journal: no closed trades yet
Performance: Total return -0.41% | Max drawdown 12.37% | Daily Sharpe 0.26 | Open positions: 14 | Equity $99,425.43
Timings: account: 0.0s | risk: 4.1s | decide: 9.4s | watchlist: 0.2s | perf: 0.3s

=== Run at 2026-08-16T01:24:26.805729 ===
Current time: 2026-08-15 09:24 PM EDT | Market open (per Alpaca): False | Session: CLOSED
Account value: $99,425.43
Cash: $2,352.13 | Holdings (14): {'CEG': '35.6034 sh (+1.36%)', 'CHD': '97.9637 sh (+0.01%)', 'COHR': '7.9896 sh (-4.69%)', 'CVX': '24.8836 sh (+1.17%)', 'GEHC': '0.6136 sh (-0.28%)', 'IVZ': '306.9138 sh (+1.21%)', 'LMT': '16.3555 sh (+0.32%)', 'MS': '43.8344 sh (-1.63%)', 'MSI': '21.1281 sh (-0.69%)', 'NUE': '36.5544 sh (-1.52%)', 'NVDA': '44.2888 sh (+0.48%)', 'NWS': '303.7199 sh (+1.75%)', 'STLD': '0.9216 sh (-2.54%)', 'WSM': '0.1026 sh (-1.61%)'}
Open orders (1): NVDA sell 44.2888
Risk state: peak $99,703.60 | drawdown 0.28% | today -0.00% | halted: False
Market regime: NEUTRAL (position-size multiplier: 100% incl. circuit breaker 100%)
News: fetched 158, 1 new after dedup, 0 ticker(s) matched.
Quant pre-screen: 48/67 candidates passed.
Gemini proposed 3 trade(s) meeting the conviction bar.
Gemini calls used today (all models combined): 527
Market closed (overnight): queued 12 trade idea(s) for next-morning verification -- nothing submitted yet.
  -> queued WDC buy (conf 92, stop 485.0, tp 560.0)
  -> queued TTWO buy (conf 90, stop 228.4, tp 275.0)
  -> queued WFC buy (conf 91, stop 86.06, tp 97.76)
  -> queued HAS buy (conf 90, stop 89.34, tp 106.82)
  -> queued TYL buy (conf 92, stop 300.28, tp 360.0)
  -> queued HUM buy (conf None, stop 354.57, tp 392.49)
  -> queued WDAY buy (conf 85, stop 188.0, tp 220.0)
  -> queued BAC buy (conf 85, stop 62.5, tp 67.5)
  -> queued HBAN buy (conf 85, stop 17.09, tp 19.45)
  -> queued TDY buy (conf 85, stop 654.41, tp 720.0)
  -> queued TEL buy (conf 85, stop 200.81, tp 221.8)
  -> queued NDAQ buy (conf 83, stop 93.0, tp 102.0)
Dashboard watchlist synced (17 symbols) for news/headlines.
Ending portfolio value: $99,425.43
Trade journal: no closed trades yet
Performance: Total return -0.41% | Max drawdown 12.37% | Daily Sharpe 0.26 | Open positions: 14 | Equity $99,425.43
Timings: account: 0.0s | risk: 3.6s | decide: 11.2s | watchlist: 0.1s | perf: 0.2s

=== Run at 2026-08-16T01:26:28.522397 ===
Current time: 2026-08-15 09:26 PM EDT | Market open (per Alpaca): False | Session: CLOSED
Account value: $99,425.43
Cash: $2,352.13 | Holdings (14): {'CEG': '35.6034 sh (+1.36%)', 'CHD': '97.9637 sh (+0.01%)', 'COHR': '7.9896 sh (-4.69%)', 'CVX': '24.8836 sh (+1.17%)', 'GEHC': '0.6136 sh (-0.28%)', 'IVZ': '306.9138 sh (+1.21%)', 'LMT': '16.3555 sh (+0.32%)', 'MS': '43.8344 sh (-1.63%)', 'MSI': '21.1281 sh (-0.69%)', 'NUE': '36.5544 sh (-1.52%)', 'NVDA': '44.2888 sh (+0.48%)', 'NWS': '303.7199 sh (+1.75%)', 'STLD': '0.9216 sh (-2.54%)', 'WSM': '0.1026 sh (-1.61%)'}
Open orders (1): NVDA sell 44.2888
Risk state: peak $99,703.60 | drawdown 0.28% | today -0.00% | halted: False
Market regime: NEUTRAL (position-size multiplier: 100% incl. circuit breaker 100%)
News: fetched 158, 0 new after dedup, 0 ticker(s) matched.
Quant pre-screen: 48/67 candidates passed.
Gemini proposed 3 trade(s) meeting the conviction bar.
Gemini calls used today (all models combined): 528
Market closed (overnight): queued 12 trade idea(s) for next-morning verification -- nothing submitted yet.
  -> queued WDC buy (conf 92, stop 485.0, tp 560.0)
  -> queued TTWO buy (conf 91, stop 228.4, tp 275.0)
  -> queued WFC buy (conf 91, stop 86.06, tp 97.76)
  -> queued HAS buy (conf 90, stop 89.34, tp 106.82)
  -> queued TYL buy (conf 92, stop 300.28, tp 360.0)
  -> queued HUM buy (conf None, stop 354.57, tp 392.49)
  -> queued WDAY buy (conf 85, stop 188.0, tp 220.0)
  -> queued BAC buy (conf 85, stop 62.5, tp 67.5)
  -> queued HBAN buy (conf 85, stop 17.09, tp 19.45)
  -> queued TDY buy (conf 85, stop 654.41, tp 720.0)
  -> queued TEL buy (conf 85, stop 200.81, tp 221.8)
  -> queued NDAQ buy (conf 83, stop 93.23, tp 105.0)
Dashboard watchlist synced (17 symbols) for news/headlines.
Ending portfolio value: $99,425.43
Trade journal: no closed trades yet
Performance: Total return -0.41% | Max drawdown 12.37% | Daily Sharpe 0.26 | Open positions: 14 | Equity $99,425.43
Timings: account: 0.0s | risk: 3.7s | decide: 4.5s | watchlist: 0.2s | perf: 0.2s

=== Run at 2026-08-16T01:28:29.218211 ===
Current time: 2026-08-15 09:28 PM EDT | Market open (per Alpaca): False | Session: CLOSED
Account value: $99,425.43
Cash: $2,352.13 | Holdings (14): {'CEG': '35.6034 sh (+1.36%)', 'CHD': '97.9637 sh (+0.01%)', 'COHR': '7.9896 sh (-4.69%)', 'CVX': '24.8836 sh (+1.17%)', 'GEHC': '0.6136 sh (-0.28%)', 'IVZ': '306.9138 sh (+1.21%)', 'LMT': '16.3555 sh (+0.32%)', 'MS': '43.8344 sh (-1.63%)', 'MSI': '21.1281 sh (-0.69%)', 'NUE': '36.5544 sh (-1.52%)', 'NVDA': '44.2888 sh (+0.48%)', 'NWS': '303.7199 sh (+1.75%)', 'STLD': '0.9216 sh (-2.54%)', 'WSM': '0.1026 sh (-1.61%)'}
Open orders (1): NVDA sell 44.2888
Risk state: peak $99,703.60 | drawdown 0.28% | today -0.00% | halted: False
Market regime: NEUTRAL (position-size multiplier: 100% incl. circuit breaker 100%)
News: fetched 158, 0 new after dedup, 0 ticker(s) matched.
Quant pre-screen: 48/67 candidates passed.
Gemini proposed 3 trade(s) meeting the conviction bar.
Gemini calls used today (all models combined): 529
Market closed (overnight): queued 12 trade idea(s) for next-morning verification -- nothing submitted yet.
  -> queued WDC buy (conf 92, stop 485.0, tp 560.0)
  -> queued TTWO buy (conf 90, stop 228.4, tp 275.0)
  -> queued WFC buy (conf 91, stop 86.06, tp 97.76)
  -> queued HAS buy (conf 90, stop 89.34, tp 106.82)
  -> queued TYL buy (conf 92, stop 300.28, tp 360.0)
  -> queued HUM buy (conf None, stop 354.57, tp 392.49)
  -> queued WDAY buy (conf 85, stop 188.0, tp 220.0)
  -> queued BAC buy (conf 85, stop 62.5, tp 67.5)
  -> queued HBAN buy (conf 85, stop 17.09, tp 19.45)
  -> queued TDY buy (conf 85, stop 654.41, tp 720.0)
  -> queued TEL buy (conf 85, stop 200.81, tp 221.8)
  -> queued NDAQ buy (conf 83, stop 93.23, tp 105.0)
Dashboard watchlist synced (17 symbols) for news/headlines.
Ending portfolio value: $99,425.43
Trade journal: no closed trades yet
Performance: Total return -0.41% | Max drawdown 12.37% | Daily Sharpe 0.26 | Open positions: 14 | Equity $99,425.43
Timings: account: 0.0s | risk: 3.8s | decide: 3.8s | watchlist: 0.2s | perf: 0.3s

=== Run at 2026-08-16T01:30:32.863783 ===
Current time: 2026-08-15 09:30 PM EDT | Market open (per Alpaca): False | Session: CLOSED
Account value: $99,425.43
Cash: $2,352.13 | Holdings (14): {'CEG': '35.6034 sh (+1.36%)', 'CHD': '97.9637 sh (+0.01%)', 'COHR': '7.9896 sh (-4.69%)', 'CVX': '24.8836 sh (+1.17%)', 'GEHC': '0.6136 sh (-0.28%)', 'IVZ': '306.9138 sh (+1.21%)', 'LMT': '16.3555 sh (+0.32%)', 'MS': '43.8344 sh (-1.63%)', 'MSI': '21.1281 sh (-0.69%)', 'NUE': '36.5544 sh (-1.52%)', 'NVDA': '44.2888 sh (+0.48%)', 'NWS': '303.7199 sh (+1.75%)', 'STLD': '0.9216 sh (-2.54%)', 'WSM': '0.1026 sh (-1.61%)'}
Open orders (1): NVDA sell 44.2888
Risk state: peak $99,703.60 | drawdown 0.28% | today -0.00% | halted: False
Market regime: NEUTRAL (position-size multiplier: 100% incl. circuit breaker 100%)
News: fetched 158, 3 new after dedup, 0 ticker(s) matched.
Quant pre-screen: 48/67 candidates passed.
Gemini proposed 3 trade(s) meeting the conviction bar.
Gemini calls used today (all models combined): 530
Market closed (overnight): queued 12 trade idea(s) for next-morning verification -- nothing submitted yet.
  -> queued WDC buy (conf 92, stop 485.0, tp 560.0)
  -> queued TTWO buy (conf 90, stop 228.4, tp 256.29)
  -> queued WFC buy (conf 91, stop 86.06, tp 97.76)
  -> queued HAS buy (conf 90, stop 89.34, tp 106.82)
  -> queued TYL buy (conf 92, stop 300.28, tp 334.89)
  -> queued HUM buy (conf None, stop 354.57, tp 392.49)
  -> queued WDAY buy (conf 85, stop 188.0, tp 220.0)
  -> queued BAC buy (conf 85, stop 62.5, tp 67.5)
  -> queued HBAN buy (conf 85, stop 17.09, tp 19.45)
  -> queued TDY buy (conf 85, stop 654.41, tp 697.61)
  -> queued TEL buy (conf 85, stop 200.81, tp 221.8)
  -> queued NDAQ buy (conf 83, stop 93.23, tp 105.0)
Dashboard watchlist synced (17 symbols) for news/headlines.
Ending portfolio value: $99,425.43
Trade journal: no closed trades yet
Performance: Total return -0.41% | Max drawdown 12.37% | Daily Sharpe 0.26 | Open positions: 14 | Equity $99,425.43
Timings: account: 0.0s | risk: 1.8s | decide: 2.6s | watchlist: 0.0s | perf: 0.1s

=== Run at 2026-08-16T01:32:24.247189 ===
Current time: 2026-08-15 09:32 PM EDT | Market open (per Alpaca): False | Session: CLOSED
Account value: $99,425.43
Cash: $2,352.13 | Holdings (14): {'CEG': '35.6034 sh (+1.36%)', 'CHD': '97.9637 sh (+0.01%)', 'COHR': '7.9896 sh (-4.69%)', 'CVX': '24.8836 sh (+1.17%)', 'GEHC': '0.6136 sh (-0.28%)', 'IVZ': '306.9138 sh (+1.21%)', 'LMT': '16.3555 sh (+0.32%)', 'MS': '43.8344 sh (-1.63%)', 'MSI': '21.1281 sh (-0.69%)', 'NUE': '36.5544 sh (-1.52%)', 'NVDA': '44.2888 sh (+0.48%)', 'NWS': '303.7199 sh (+1.75%)', 'STLD': '0.9216 sh (-2.54%)', 'WSM': '0.1026 sh (-1.61%)'}
Open orders (1): NVDA sell 44.2888
Risk state: peak $99,703.60 | drawdown 0.28% | today -0.00% | halted: False
Market regime: NEUTRAL (position-size multiplier: 100% incl. circuit breaker 100%)
News: fetched 158, 0 new after dedup, 0 ticker(s) matched.
Quant pre-screen: 48/67 candidates passed.
Gemini proposed 3 trade(s) meeting the conviction bar.
Gemini calls used today (all models combined): 531
Market closed (overnight): queued 12 trade idea(s) for next-morning verification -- nothing submitted yet.
  -> queued WDC buy (conf 92, stop 485.0, tp 560.0)
  -> queued TTWO buy (conf 92, stop 228.4, tp 265.49)
  -> queued WFC buy (conf 91, stop 86.06, tp 97.76)
  -> queued HAS buy (conf 90, stop 89.34, tp 106.82)
  -> queued TYL buy (conf 91, stop 300.28, tp 334.89)
  -> queued HUM buy (conf None, stop 354.57, tp 392.49)
  -> queued WDAY buy (conf 85, stop 188.0, tp 220.0)
  -> queued BAC buy (conf 85, stop 62.5, tp 67.5)
  -> queued HBAN buy (conf 85, stop 17.09, tp 19.45)
  -> queued TDY buy (conf 85, stop 654.41, tp 697.61)
  -> queued TEL buy (conf 85, stop 200.81, tp 221.8)
  -> queued NDAQ buy (conf 83, stop 93.23, tp 105.0)
Dashboard watchlist synced (17 symbols) for news/headlines.
Ending portfolio value: $99,425.43
Trade journal: no closed trades yet
Performance: Total return -0.41% | Max drawdown 12.37% | Daily Sharpe 0.26 | Open positions: 14 | Equity $99,425.43
Timings: account: 0.0s | risk: 0.8s | decide: 2.6s | watchlist: 0.0s | perf: 0.1s

=== Run at 2026-08-16T01:34:26.473129 ===
Current time: 2026-08-15 09:34 PM EDT | Market open (per Alpaca): False | Session: CLOSED
Account value: $99,425.43
Cash: $2,352.13 | Holdings (14): {'CEG': '35.6034 sh (+1.36%)', 'CHD': '97.9637 sh (+0.01%)', 'COHR': '7.9896 sh (-4.69%)', 'CVX': '24.8836 sh (+1.17%)', 'GEHC': '0.6136 sh (-0.28%)', 'IVZ': '306.9138 sh (+1.21%)', 'LMT': '16.3555 sh (+0.32%)', 'MS': '43.8344 sh (-1.63%)', 'MSI': '21.1281 sh (-0.69%)', 'NUE': '36.5544 sh (-1.52%)', 'NVDA': '44.2888 sh (+0.48%)', 'NWS': '303.7199 sh (+1.75%)', 'STLD': '0.9216 sh (-2.54%)', 'WSM': '0.1026 sh (-1.61%)'}
Open orders (1): NVDA sell 44.2888
Risk state: peak $99,703.60 | drawdown 0.28% | today -0.00% | halted: False
Market regime: NEUTRAL (position-size multiplier: 100% incl. circuit breaker 100%)
News: fetched 158, 1 new after dedup, 0 ticker(s) matched.
Quant pre-screen: 48/67 candidates passed.
Gemini proposed 3 trade(s) meeting the conviction bar.
Gemini calls used today (all models combined): 532
Market closed (overnight): queued 12 trade idea(s) for next-morning verification -- nothing submitted yet.
  -> queued WDC buy (conf 92, stop 485.0, tp 560.0)
  -> queued TTWO buy (conf 94, stop 228.4, tp 265.0)
  -> queued WFC buy (conf 91, stop 86.06, tp 97.76)
  -> queued HAS buy (conf 90, stop 89.34, tp 106.82)
  -> queued TYL buy (conf 94, stop 300.28, tp 355.0)
  -> queued HUM buy (conf None, stop 354.57, tp 392.49)
  -> queued WDAY buy (conf 85, stop 188.0, tp 220.0)
  -> queued BAC buy (conf 85, stop 62.5, tp 67.5)
  -> queued HBAN buy (conf 85, stop 17.09, tp 19.45)
  -> queued TDY buy (conf 90, stop 654.41, tp 715.0)
  -> queued TEL buy (conf 85, stop 200.81, tp 221.8)
  -> queued NDAQ buy (conf 83, stop 93.23, tp 105.0)
Dashboard watchlist synced (17 symbols) for news/headlines.
Ending portfolio value: $99,425.43
Trade journal: no closed trades yet
Performance: Total return -0.41% | Max drawdown 12.37% | Daily Sharpe 0.26 | Open positions: 14 | Equity $99,425.43
Timings: account: 0.0s | risk: 1.0s | decide: 2.9s | watchlist: 0.0s | perf: 0.1s

