=== Run at 2026-08-08T00:00:42.591583 ===
Current time: 2026-08-07 08:00 PM EDT | Market open (per Alpaca): False
Account value: $100,211.23
Cash: $-4,761.15 | Holdings (13): {'AAPL': '12.8012 sh (-0.08%)', 'AMZN': '25.4179 sh (-0.06%)', 'COP': '63.8341 sh (+1.40%)', 'COST': '7.8517 sh (+0.68%)', 'DIS': '66.8769 sh (+0.23%)', 'GOOGL': '20.8177 sh (-0.91%)', 'HD': '34.1034 sh (+1.14%)', 'HON': '49.4672 sh (+1.55%)', 'LMT': '20.7665 sh (+1.49%)', 'MA': '15.7159 sh (-1.61%)', 'META': '12.712 sh (+0.50%)', 'MSFT': '14.999 sh (-0.86%)', 'TSLA': '13.0184 sh (+1.89%)'}
Market regime: BULLISH (position-size multiplier: 100%)
News: fetched 60, 0 new after dedup, 0 ticker(s) matched.
Quant pre-screen: 6/10 candidates passed.
Gemini proposed 2 trade(s) meeting the conviction bar.
Gemini calls used today (all models combined): 46
  -> {"ticker": "NVDA", "status": "skipped", "reason": "below minimum trade size ($25) after position cap ($13,528.52), room ($13,528.52), regime multiplier (100%), and cash reserve ($2,505.28 kept of $-4,761.15 cash)"}
  -> {"ticker": "NFLX", "status": "skipped", "reason": "below minimum trade size ($25) after position cap ($10,522.18), room ($10,522.18), regime multiplier (100%), and cash reserve ($5,010.56 kept of $-4,761.15 cash)"}
Ending portfolio value: $100,211.23

=== Run at 2026-08-08T00:02:26.216858 ===
Current time: 2026-08-07 08:02 PM EDT | Market open (per Alpaca): False
Account value: $100,211.23
Cash: $-4,761.15 | Holdings (13): {'AAPL': '12.8012 sh (-0.08%)', 'AMZN': '25.4179 sh (-0.06%)', 'COP': '63.8341 sh (+1.40%)', 'COST': '7.8517 sh (+0.68%)', 'DIS': '66.8769 sh (+0.23%)', 'GOOGL': '20.8177 sh (-0.91%)', 'HD': '34.1034 sh (+1.14%)', 'HON': '49.4672 sh (+1.55%)', 'LMT': '20.7665 sh (+1.49%)', 'MA': '15.7159 sh (-1.61%)', 'META': '12.712 sh (+0.50%)', 'MSFT': '14.999 sh (-0.86%)', 'TSLA': '13.0184 sh (+1.89%)'}
Market regime: BULLISH (position-size multiplier: 100%)
News: fetched 60, 0 new after dedup, 0 ticker(s) matched.
Quant pre-screen: 6/10 candidates passed.
Gemini proposed 2 trade(s) meeting the conviction bar.
Gemini calls used today (all models combined): 47
  -> {"ticker": "NVDA", "status": "skipped", "reason": "below minimum trade size ($25) after position cap ($13,528.52), room ($13,528.52), regime multiplier (100%), and cash reserve ($2,505.28 kept of $-4,761.15 cash)"}
  -> {"ticker": "NFLX", "status": "skipped", "reason": "below minimum trade size ($25) after position cap ($10,522.18), room ($10,522.18), regime multiplier (100%), and cash reserve ($5,010.56 kept of $-4,761.15 cash)"}
Ending portfolio value: $100,211.23

=== Run at 2026-08-08T00:04:22.624852 ===
Current time: 2026-08-07 08:04 PM EDT | Market open (per Alpaca): False
Account value: $100,211.23
Cash: $-4,761.15 | Holdings (13): {'AAPL': '12.8012 sh (-0.08%)', 'AMZN': '25.4179 sh (-0.06%)', 'COP': '63.8341 sh (+1.40%)', 'COST': '7.8517 sh (+0.68%)', 'DIS': '66.8769 sh (+0.23%)', 'GOOGL': '20.8177 sh (-0.91%)', 'HD': '34.1034 sh (+1.14%)', 'HON': '49.4672 sh (+1.55%)', 'LMT': '20.7665 sh (+1.49%)', 'MA': '15.7159 sh (-1.61%)', 'META': '12.712 sh (+0.50%)', 'MSFT': '14.999 sh (-0.86%)', 'TSLA': '13.0184 sh (+1.89%)'}
Market regime: BULLISH (position-size multiplier: 100%)
News: fetched 60, 1 new after dedup, 1 ticker(s) matched.
Quant pre-screen: 7/11 candidates passed.
Gemini proposed 2 trade(s) meeting the conviction bar.
Gemini calls used today (all models combined): 48
  -> {"ticker": "ON", "status": "skipped", "reason": "below minimum trade size ($25) after position cap ($10,522.18), room ($10,522.18), regime multiplier (100%), and cash reserve ($5,010.56 kept of $-4,761.15 cash)"}
  -> {"ticker": "NVDA", "status": "skipped", "reason": "below minimum trade size ($25) after position cap ($12,025.35), room ($12,025.35), regime multiplier (100%), and cash reserve ($5,010.56 kept of $-4,761.15 cash)"}
Ending portfolio value: $100,211.23

=== Run at 2026-08-08T00:06:28.843432 ===
Current time: 2026-08-07 08:06 PM EDT | Market open (per Alpaca): False
Account value: $100,211.23
Cash: $-4,761.15 | Holdings (13): {'AAPL': '12.8012 sh (-0.08%)', 'AMZN': '25.4179 sh (-0.06%)', 'COP': '63.8341 sh (+1.40%)', 'COST': '7.8517 sh (+0.68%)', 'DIS': '66.8769 sh (+0.23%)', 'GOOGL': '20.8177 sh (-0.91%)', 'HD': '34.1034 sh (+1.14%)', 'HON': '49.4672 sh (+1.55%)', 'LMT': '20.7665 sh (+1.49%)', 'MA': '15.7159 sh (-1.61%)', 'META': '12.712 sh (+0.50%)', 'MSFT': '14.999 sh (-0.86%)', 'TSLA': '13.0184 sh (+1.89%)'}
Market regime: BULLISH (position-size multiplier: 100%)
News: fetched 60, 0 new after dedup, 0 ticker(s) matched.
Quant pre-screen: 6/10 candidates passed.
Gemini proposed 2 trade(s) meeting the conviction bar.
Gemini calls used today (all models combined): 49
  -> {"ticker": "NVDA", "status": "skipped", "reason": "below minimum trade size ($25) after position cap ($13,528.52), room ($13,528.52), regime multiplier (100%), and cash reserve ($2,505.28 kept of $-4,761.15 cash)"}
  -> {"ticker": "NFLX", "status": "skipped", "reason": "below minimum trade size ($25) after position cap ($10,522.18), room ($10,522.18), regime multiplier (100%), and cash reserve ($5,010.56 kept of $-4,761.15 cash)"}
Ending portfolio value: $100,211.23

=== Run at 2026-08-08T00:08:29.611864 ===
Current time: 2026-08-07 08:08 PM EDT | Market open (per Alpaca): False
Account value: $100,211.23
Cash: $-4,761.15 | Holdings (13): {'AAPL': '12.8012 sh (-0.08%)', 'AMZN': '25.4179 sh (-0.06%)', 'COP': '63.8341 sh (+1.40%)', 'COST': '7.8517 sh (+0.68%)', 'DIS': '66.8769 sh (+0.23%)', 'GOOGL': '20.8177 sh (-0.91%)', 'HD': '34.1034 sh (+1.14%)', 'HON': '49.4672 sh (+1.55%)', 'LMT': '20.7665 sh (+1.49%)', 'MA': '15.7159 sh (-1.61%)', 'META': '12.712 sh (+0.50%)', 'MSFT': '14.999 sh (-0.86%)', 'TSLA': '13.0184 sh (+1.89%)'}
Market regime: BULLISH (position-size multiplier: 100%)
News: fetched 0, 0 new after dedup, 0 ticker(s) matched.
Quant pre-screen: 6/10 candidates passed.
Gemini proposed 2 trade(s) meeting the conviction bar.
Gemini calls used today (all models combined): 50
  -> {"ticker": "NVDA", "status": "skipped", "reason": "below minimum trade size ($25) after position cap ($13,528.52), room ($13,528.52), regime multiplier (100%), and cash reserve ($2,505.28 kept of $-4,761.15 cash)"}
  -> {"ticker": "NFLX", "status": "skipped", "reason": "below minimum trade size ($25) after position cap ($10,522.18), room ($10,522.18), regime multiplier (100%), and cash reserve ($5,010.56 kept of $-4,761.15 cash)"}
Ending portfolio value: $100,211.23

=== Run at 2026-08-08T00:10:29.381436 ===
Current time: 2026-08-07 08:10 PM EDT | Market open (per Alpaca): False
Account value: $100,211.23
Cash: $-4,761.15 | Holdings (13): {'AAPL': '12.8012 sh (-0.08%)', 'AMZN': '25.4179 sh (-0.06%)', 'COP': '63.8341 sh (+1.40%)', 'COST': '7.8517 sh (+0.68%)', 'DIS': '66.8769 sh (+0.23%)', 'GOOGL': '20.8177 sh (-0.91%)', 'HD': '34.1034 sh (+1.14%)', 'HON': '49.4672 sh (+1.55%)', 'LMT': '20.7665 sh (+1.49%)', 'MA': '15.7159 sh (-1.61%)', 'META': '12.712 sh (+0.50%)', 'MSFT': '14.999 sh (-0.86%)', 'TSLA': '13.0184 sh (+1.89%)'}
Market regime: BULLISH (position-size multiplier: 100%)
News: fetched 60, 0 new after dedup, 0 ticker(s) matched.
Quant pre-screen: 6/10 candidates passed.
Gemini proposed 2 trade(s) meeting the conviction bar.
Gemini calls used today (all models combined): 51
  -> {"ticker": "NVDA", "status": "skipped", "reason": "below minimum trade size ($25) after position cap ($13,528.52), room ($13,528.52), regime multiplier (100%), and cash reserve ($2,505.28 kept of $-4,761.15 cash)"}
  -> {"ticker": "NFLX", "status": "skipped", "reason": "below minimum trade size ($25) after position cap ($10,522.18), room ($10,522.18), regime multiplier (100%), and cash reserve ($5,010.56 kept of $-4,761.15 cash)"}
Ending portfolio value: $100,211.23

=== Run at 2026-08-08T00:12:34.288896 ===
Current time: 2026-08-07 08:12 PM EDT | Market open (per Alpaca): False
Account value: $100,211.23
Cash: $-4,761.15 | Holdings (13): {'AAPL': '12.8012 sh (-0.08%)', 'AMZN': '25.4179 sh (-0.06%)', 'COP': '63.8341 sh (+1.40%)', 'COST': '7.8517 sh (+0.68%)', 'DIS': '66.8769 sh (+0.23%)', 'GOOGL': '20.8177 sh (-0.91%)', 'HD': '34.1034 sh (+1.14%)', 'HON': '49.4672 sh (+1.55%)', 'LMT': '20.7665 sh (+1.49%)', 'MA': '15.7159 sh (-1.61%)', 'META': '12.712 sh (+0.50%)', 'MSFT': '14.999 sh (-0.86%)', 'TSLA': '13.0184 sh (+1.89%)'}
Market regime: BULLISH (position-size multiplier: 100%)
News: fetched 60, 0 new after dedup, 0 ticker(s) matched.
Quant pre-screen: 6/10 candidates passed.
Gemini proposed 2 trade(s) meeting the conviction bar.
Gemini calls used today (all models combined): 52
  -> {"ticker": "NVDA", "status": "skipped", "reason": "below minimum trade size ($25) after position cap ($13,528.52), room ($13,528.52), regime multiplier (100%), and cash reserve ($2,505.28 kept of $-4,761.15 cash)"}
  -> {"ticker": "NFLX", "status": "skipped", "reason": "below minimum trade size ($25) after position cap ($10,522.18), room ($10,522.18), regime multiplier (100%), and cash reserve ($5,010.56 kept of $-4,761.15 cash)"}
Ending portfolio value: $100,211.23

=== Run at 2026-08-08T00:14:32.080084 ===
Current time: 2026-08-07 08:14 PM EDT | Market open (per Alpaca): False
Account value: $100,211.23
Cash: $-4,761.15 | Holdings (13): {'AAPL': '12.8012 sh (-0.08%)', 'AMZN': '25.4179 sh (-0.06%)', 'COP': '63.8341 sh (+1.40%)', 'COST': '7.8517 sh (+0.68%)', 'DIS': '66.8769 sh (+0.23%)', 'GOOGL': '20.8177 sh (-0.91%)', 'HD': '34.1034 sh (+1.14%)', 'HON': '49.4672 sh (+1.55%)', 'LMT': '20.7665 sh (+1.49%)', 'MA': '15.7159 sh (-1.61%)', 'META': '12.712 sh (+0.50%)', 'MSFT': '14.999 sh (-0.86%)', 'TSLA': '13.0184 sh (+1.89%)'}
Market regime: BULLISH (position-size multiplier: 100%)
News: fetched 60, 0 new after dedup, 0 ticker(s) matched.
Quant pre-screen: 6/10 candidates passed.
Gemini proposed 2 trade(s) meeting the conviction bar.
Gemini calls used today (all models combined): 53
  -> {"ticker": "NVDA", "status": "skipped", "reason": "below minimum trade size ($25) after position cap ($13,528.52), room ($13,528.52), regime multiplier (100%), and cash reserve ($2,505.28 kept of $-4,761.15 cash)"}
  -> {"ticker": "NFLX", "status": "skipped", "reason": "below minimum trade size ($25) after position cap ($10,522.18), room ($10,522.18), regime multiplier (100%), and cash reserve ($5,010.56 kept of $-4,761.15 cash)"}
Ending portfolio value: $100,211.23

=== Run at 2026-08-08T00:16:24.849942 ===
Current time: 2026-08-07 08:16 PM EDT | Market open (per Alpaca): False
Account value: $100,211.23
Cash: $-4,761.15 | Holdings (13): {'AAPL': '12.8012 sh (-0.08%)', 'AMZN': '25.4179 sh (-0.06%)', 'COP': '63.8341 sh (+1.40%)', 'COST': '7.8517 sh (+0.68%)', 'DIS': '66.8769 sh (+0.23%)', 'GOOGL': '20.8177 sh (-0.91%)', 'HD': '34.1034 sh (+1.14%)', 'HON': '49.4672 sh (+1.55%)', 'LMT': '20.7665 sh (+1.49%)', 'MA': '15.7159 sh (-1.61%)', 'META': '12.712 sh (+0.50%)', 'MSFT': '14.999 sh (-0.86%)', 'TSLA': '13.0184 sh (+1.89%)'}
Market regime: BULLISH (position-size multiplier: 100%)
News: fetched 60, 0 new after dedup, 0 ticker(s) matched.
Quant pre-screen: 6/10 candidates passed.
Gemini proposed 2 trade(s) meeting the conviction bar.
Gemini calls used today (all models combined): 54
  -> {"ticker": "NVDA", "status": "skipped", "reason": "below minimum trade size ($25) after position cap ($13,528.52), room ($13,528.52), regime multiplier (100%), and cash reserve ($2,505.28 kept of $-4,761.15 cash)"}
  -> {"ticker": "NFLX", "status": "skipped", "reason": "below minimum trade size ($25) after position cap ($10,522.18), room ($10,522.18), regime multiplier (100%), and cash reserve ($5,010.56 kept of $-4,761.15 cash)"}
Ending portfolio value: $100,211.23

=== Run at 2026-08-08T00:18:26.798789 ===
Current time: 2026-08-07 08:18 PM EDT | Market open (per Alpaca): False
Account value: $100,211.23
Cash: $-4,761.15 | Holdings (13): {'AAPL': '12.8012 sh (-0.08%)', 'AMZN': '25.4179 sh (-0.06%)', 'COP': '63.8341 sh (+1.40%)', 'COST': '7.8517 sh (+0.68%)', 'DIS': '66.8769 sh (+0.23%)', 'GOOGL': '20.8177 sh (-0.91%)', 'HD': '34.1034 sh (+1.14%)', 'HON': '49.4672 sh (+1.55%)', 'LMT': '20.7665 sh (+1.49%)', 'MA': '15.7159 sh (-1.61%)', 'META': '12.712 sh (+0.50%)', 'MSFT': '14.999 sh (-0.86%)', 'TSLA': '13.0184 sh (+1.89%)'}
Market regime: BULLISH (position-size multiplier: 100%)
News: fetched 60, 0 new after dedup, 0 ticker(s) matched.
Quant pre-screen: 6/10 candidates passed.
Gemini proposed 2 trade(s) meeting the conviction bar.
Gemini calls used today (all models combined): 55
  -> {"ticker": "NVDA", "status": "skipped", "reason": "below minimum trade size ($25) after position cap ($13,528.52), room ($13,528.52), regime multiplier (100%), and cash reserve ($2,505.28 kept of $-4,761.15 cash)"}
  -> {"ticker": "NFLX", "status": "skipped", "reason": "below minimum trade size ($25) after position cap ($10,522.18), room ($10,522.18), regime multiplier (100%), and cash reserve ($5,010.56 kept of $-4,761.15 cash)"}
Ending portfolio value: $100,211.23

=== Run at 2026-08-08T00:20:33.438964 ===
Current time: 2026-08-07 08:20 PM EDT | Market open (per Alpaca): False
Account value: $100,211.23
Cash: $-4,761.15 | Holdings (13): {'AAPL': '12.8012 sh (-0.08%)', 'AMZN': '25.4179 sh (-0.06%)', 'COP': '63.8341 sh (+1.40%)', 'COST': '7.8517 sh (+0.68%)', 'DIS': '66.8769 sh (+0.23%)', 'GOOGL': '20.8177 sh (-0.91%)', 'HD': '34.1034 sh (+1.14%)', 'HON': '49.4672 sh (+1.55%)', 'LMT': '20.7665 sh (+1.49%)', 'MA': '15.7159 sh (-1.61%)', 'META': '12.712 sh (+0.50%)', 'MSFT': '14.999 sh (-0.86%)', 'TSLA': '13.0184 sh (+1.89%)'}
Market regime: BULLISH (position-size multiplier: 100%)
News: fetched 60, 0 new after dedup, 0 ticker(s) matched.
Quant pre-screen: 6/10 candidates passed.
Gemini proposed 2 trade(s) meeting the conviction bar.
Gemini calls used today (all models combined): 56
  -> {"ticker": "NVDA", "status": "skipped", "reason": "below minimum trade size ($25) after position cap ($13,528.52), room ($13,528.52), regime multiplier (100%), and cash reserve ($2,505.28 kept of $-4,761.15 cash)"}
  -> {"ticker": "NFLX", "status": "skipped", "reason": "below minimum trade size ($25) after position cap ($10,522.18), room ($10,522.18), regime multiplier (100%), and cash reserve ($5,010.56 kept of $-4,761.15 cash)"}
Ending portfolio value: $100,211.23

=== Run at 2026-08-08T00:22:23.324666 ===
Current time: 2026-08-07 08:22 PM EDT | Market open (per Alpaca): False
Account value: $100,211.23
Cash: $-4,761.15 | Holdings (13): {'AAPL': '12.8012 sh (-0.08%)', 'AMZN': '25.4179 sh (-0.06%)', 'COP': '63.8341 sh (+1.40%)', 'COST': '7.8517 sh (+0.68%)', 'DIS': '66.8769 sh (+0.23%)', 'GOOGL': '20.8177 sh (-0.91%)', 'HD': '34.1034 sh (+1.14%)', 'HON': '49.4672 sh (+1.55%)', 'LMT': '20.7665 sh (+1.49%)', 'MA': '15.7159 sh (-1.61%)', 'META': '12.712 sh (+0.50%)', 'MSFT': '14.999 sh (-0.86%)', 'TSLA': '13.0184 sh (+1.89%)'}
Market regime: BULLISH (position-size multiplier: 100%)
News: fetched 60, 0 new after dedup, 0 ticker(s) matched.
Quant pre-screen: 6/10 candidates passed.
Gemini proposed 2 trade(s) meeting the conviction bar.
Gemini calls used today (all models combined): 57
  -> {"ticker": "NVDA", "status": "skipped", "reason": "below minimum trade size ($25) after position cap ($13,528.52), room ($13,528.52), regime multiplier (100%), and cash reserve ($2,505.28 kept of $-4,761.15 cash)"}
  -> {"ticker": "NFLX", "status": "skipped", "reason": "below minimum trade size ($25) after position cap ($10,522.18), room ($10,522.18), regime multiplier (100%), and cash reserve ($5,010.56 kept of $-4,761.15 cash)"}
Ending portfolio value: $100,211.23

=== Run at 2026-08-08T00:24:23.552549 ===
Current time: 2026-08-07 08:24 PM EDT | Market open (per Alpaca): False
Account value: $100,211.23
Cash: $-4,761.15 | Holdings (13): {'AAPL': '12.8012 sh (-0.08%)', 'AMZN': '25.4179 sh (-0.06%)', 'COP': '63.8341 sh (+1.40%)', 'COST': '7.8517 sh (+0.68%)', 'DIS': '66.8769 sh (+0.23%)', 'GOOGL': '20.8177 sh (-0.91%)', 'HD': '34.1034 sh (+1.14%)', 'HON': '49.4672 sh (+1.55%)', 'LMT': '20.7665 sh (+1.49%)', 'MA': '15.7159 sh (-1.61%)', 'META': '12.712 sh (+0.50%)', 'MSFT': '14.999 sh (-0.86%)', 'TSLA': '13.0184 sh (+1.89%)'}
Market regime: BULLISH (position-size multiplier: 100%)
News: fetched 60, 0 new after dedup, 0 ticker(s) matched.
Quant pre-screen: 6/10 candidates passed.
Gemini proposed 2 trade(s) meeting the conviction bar.
Gemini calls used today (all models combined): 58
  -> {"ticker": "NVDA", "status": "skipped", "reason": "below minimum trade size ($25) after position cap ($13,528.52), room ($13,528.52), regime multiplier (100%), and cash reserve ($2,505.28 kept of $-4,761.15 cash)"}
  -> {"ticker": "NFLX", "status": "skipped", "reason": "below minimum trade size ($25) after position cap ($10,522.18), room ($10,522.18), regime multiplier (100%), and cash reserve ($5,010.56 kept of $-4,761.15 cash)"}
Ending portfolio value: $100,211.23

=== Run at 2026-08-08T00:26:31.371019 ===
Current time: 2026-08-07 08:26 PM EDT | Market open (per Alpaca): False
Account value: $100,211.23
Cash: $-4,761.15 | Holdings (13): {'AAPL': '12.8012 sh (-0.08%)', 'AMZN': '25.4179 sh (-0.06%)', 'COP': '63.8341 sh (+1.40%)', 'COST': '7.8517 sh (+0.68%)', 'DIS': '66.8769 sh (+0.23%)', 'GOOGL': '20.8177 sh (-0.91%)', 'HD': '34.1034 sh (+1.14%)', 'HON': '49.4672 sh (+1.55%)', 'LMT': '20.7665 sh (+1.49%)', 'MA': '15.7159 sh (-1.61%)', 'META': '12.712 sh (+0.50%)', 'MSFT': '14.999 sh (-0.86%)', 'TSLA': '13.0184 sh (+1.89%)'}
Market regime: BULLISH (position-size multiplier: 100%)
News: fetched 60, 0 new after dedup, 0 ticker(s) matched.
Quant pre-screen: 6/10 candidates passed.
Gemini proposed 2 trade(s) meeting the conviction bar.
Gemini calls used today (all models combined): 59
  -> {"ticker": "NVDA", "status": "skipped", "reason": "below minimum trade size ($25) after position cap ($13,528.52), room ($13,528.52), regime multiplier (100%), and cash reserve ($2,505.28 kept of $-4,761.15 cash)"}
  -> {"ticker": "NFLX", "status": "skipped", "reason": "below minimum trade size ($25) after position cap ($10,522.18), room ($10,522.18), regime multiplier (100%), and cash reserve ($5,010.56 kept of $-4,761.15 cash)"}
Ending portfolio value: $100,211.23

=== Run at 2026-08-08T00:28:29.267817 ===
Current time: 2026-08-07 08:28 PM EDT | Market open (per Alpaca): False
Account value: $100,211.23
Cash: $-4,761.15 | Holdings (13): {'AAPL': '12.8012 sh (-0.08%)', 'AMZN': '25.4179 sh (-0.06%)', 'COP': '63.8341 sh (+1.40%)', 'COST': '7.8517 sh (+0.68%)', 'DIS': '66.8769 sh (+0.23%)', 'GOOGL': '20.8177 sh (-0.91%)', 'HD': '34.1034 sh (+1.14%)', 'HON': '49.4672 sh (+1.55%)', 'LMT': '20.7665 sh (+1.49%)', 'MA': '15.7159 sh (-1.61%)', 'META': '12.712 sh (+0.50%)', 'MSFT': '14.999 sh (-0.86%)', 'TSLA': '13.0184 sh (+1.89%)'}
Market regime: BULLISH (position-size multiplier: 100%)
News: fetched 60, 0 new after dedup, 0 ticker(s) matched.
Quant pre-screen: 6/10 candidates passed.
Gemini proposed 2 trade(s) meeting the conviction bar.
Gemini calls used today (all models combined): 60
  -> {"ticker": "NVDA", "status": "skipped", "reason": "below minimum trade size ($25) after position cap ($13,528.52), room ($13,528.52), regime multiplier (100%), and cash reserve ($2,505.28 kept of $-4,761.15 cash)"}
  -> {"ticker": "NFLX", "status": "skipped", "reason": "below minimum trade size ($25) after position cap ($10,522.18), room ($10,522.18), regime multiplier (100%), and cash reserve ($5,010.56 kept of $-4,761.15 cash)"}
Ending portfolio value: $100,211.23

=== Run at 2026-08-08T00:30:30.916605 ===
Current time: 2026-08-07 08:30 PM EDT | Market open (per Alpaca): False
Account value: $100,211.23
Cash: $-4,761.15 | Holdings (13): {'AAPL': '12.8012 sh (-0.08%)', 'AMZN': '25.4179 sh (-0.06%)', 'COP': '63.8341 sh (+1.40%)', 'COST': '7.8517 sh (+0.68%)', 'DIS': '66.8769 sh (+0.23%)', 'GOOGL': '20.8177 sh (-0.91%)', 'HD': '34.1034 sh (+1.14%)', 'HON': '49.4672 sh (+1.55%)', 'LMT': '20.7665 sh (+1.49%)', 'MA': '15.7159 sh (-1.61%)', 'META': '12.712 sh (+0.50%)', 'MSFT': '14.999 sh (-0.86%)', 'TSLA': '13.0184 sh (+1.89%)'}
Market regime: BULLISH (position-size multiplier: 100%)
News: fetched 60, 0 new after dedup, 0 ticker(s) matched.
Quant pre-screen: 6/10 candidates passed.
Gemini proposed 2 trade(s) meeting the conviction bar.
Gemini calls used today (all models combined): 61
  -> {"ticker": "NVDA", "status": "skipped", "reason": "below minimum trade size ($25) after position cap ($13,528.52), room ($13,528.52), regime multiplier (100%), and cash reserve ($2,505.28 kept of $-4,761.15 cash)"}
  -> {"ticker": "NFLX", "status": "skipped", "reason": "below minimum trade size ($25) after position cap ($10,522.18), room ($10,522.18), regime multiplier (100%), and cash reserve ($5,010.56 kept of $-4,761.15 cash)"}
Ending portfolio value: $100,211.23

=== Run at 2026-08-08T00:32:23.589346 ===
Current time: 2026-08-07 08:32 PM EDT | Market open (per Alpaca): False
Account value: $100,211.23
Cash: $-4,761.15 | Holdings (13): {'AAPL': '12.8012 sh (-0.08%)', 'AMZN': '25.4179 sh (-0.06%)', 'COP': '63.8341 sh (+1.40%)', 'COST': '7.8517 sh (+0.68%)', 'DIS': '66.8769 sh (+0.23%)', 'GOOGL': '20.8177 sh (-0.91%)', 'HD': '34.1034 sh (+1.14%)', 'HON': '49.4672 sh (+1.55%)', 'LMT': '20.7665 sh (+1.49%)', 'MA': '15.7159 sh (-1.61%)', 'META': '12.712 sh (+0.50%)', 'MSFT': '14.999 sh (-0.86%)', 'TSLA': '13.0184 sh (+1.89%)'}
Market regime: BULLISH (position-size multiplier: 100%)
News: fetched 60, 0 new after dedup, 0 ticker(s) matched.
Quant pre-screen: 6/10 candidates passed.
Gemini proposed 2 trade(s) meeting the conviction bar.
Gemini calls used today (all models combined): 62
  -> {"ticker": "NVDA", "status": "skipped", "reason": "below minimum trade size ($25) after position cap ($13,528.52), room ($13,528.52), regime multiplier (100%), and cash reserve ($2,505.28 kept of $-4,761.15 cash)"}
  -> {"ticker": "NFLX", "status": "skipped", "reason": "below minimum trade size ($25) after position cap ($10,522.18), room ($10,522.18), regime multiplier (100%), and cash reserve ($5,010.56 kept of $-4,761.15 cash)"}
Ending portfolio value: $100,211.23

=== Run at 2026-08-08T00:34:32.028184 ===
Current time: 2026-08-07 08:34 PM EDT | Market open (per Alpaca): False
Account value: $100,211.23
Cash: $-4,761.15 | Holdings (13): {'AAPL': '12.8012 sh (-0.08%)', 'AMZN': '25.4179 sh (-0.06%)', 'COP': '63.8341 sh (+1.40%)', 'COST': '7.8517 sh (+0.68%)', 'DIS': '66.8769 sh (+0.23%)', 'GOOGL': '20.8177 sh (-0.91%)', 'HD': '34.1034 sh (+1.14%)', 'HON': '49.4672 sh (+1.55%)', 'LMT': '20.7665 sh (+1.49%)', 'MA': '15.7159 sh (-1.61%)', 'META': '12.712 sh (+0.50%)', 'MSFT': '14.999 sh (-0.86%)', 'TSLA': '13.0184 sh (+1.89%)'}
Market regime: BULLISH (position-size multiplier: 100%)
News: fetched 60, 0 new after dedup, 0 ticker(s) matched.
Quant pre-screen: 6/10 candidates passed.
Gemini proposed 2 trade(s) meeting the conviction bar.
Gemini calls used today (all models combined): 63
  -> {"ticker": "NVDA", "status": "skipped", "reason": "below minimum trade size ($25) after position cap ($13,528.52), room ($13,528.52), regime multiplier (100%), and cash reserve ($2,505.28 kept of $-4,761.15 cash)"}
  -> {"ticker": "NFLX", "status": "skipped", "reason": "below minimum trade size ($25) after position cap ($10,522.18), room ($10,522.18), regime multiplier (100%), and cash reserve ($5,010.56 kept of $-4,761.15 cash)"}
Ending portfolio value: $100,211.23

=== Run at 2026-08-08T00:36:23.475660 ===
Current time: 2026-08-07 08:36 PM EDT | Market open (per Alpaca): False
Account value: $100,211.23
Cash: $-4,761.15 | Holdings (13): {'AAPL': '12.8012 sh (-0.08%)', 'AMZN': '25.4179 sh (-0.06%)', 'COP': '63.8341 sh (+1.40%)', 'COST': '7.8517 sh (+0.68%)', 'DIS': '66.8769 sh (+0.23%)', 'GOOGL': '20.8177 sh (-0.91%)', 'HD': '34.1034 sh (+1.14%)', 'HON': '49.4672 sh (+1.55%)', 'LMT': '20.7665 sh (+1.49%)', 'MA': '15.7159 sh (-1.61%)', 'META': '12.712 sh (+0.50%)', 'MSFT': '14.999 sh (-0.86%)', 'TSLA': '13.0184 sh (+1.89%)'}
Market regime: BULLISH (position-size multiplier: 100%)
News: fetched 60, 0 new after dedup, 0 ticker(s) matched.
Quant pre-screen: 6/10 candidates passed.
Gemini proposed 2 trade(s) meeting the conviction bar.
Gemini calls used today (all models combined): 64
  -> {"ticker": "NVDA", "status": "skipped", "reason": "below minimum trade size ($25) after position cap ($13,528.52), room ($13,528.52), regime multiplier (100%), and cash reserve ($2,505.28 kept of $-4,761.15 cash)"}
  -> {"ticker": "NFLX", "status": "skipped", "reason": "below minimum trade size ($25) after position cap ($10,522.18), room ($10,522.18), regime multiplier (100%), and cash reserve ($5,010.56 kept of $-4,761.15 cash)"}
Ending portfolio value: $100,211.23

=== Run at 2026-08-08T00:38:31.070859 ===
Current time: 2026-08-07 08:38 PM EDT | Market open (per Alpaca): False
Account value: $100,211.23
Cash: $-4,761.15 | Holdings (13): {'AAPL': '12.8012 sh (-0.08%)', 'AMZN': '25.4179 sh (-0.06%)', 'COP': '63.8341 sh (+1.40%)', 'COST': '7.8517 sh (+0.68%)', 'DIS': '66.8769 sh (+0.23%)', 'GOOGL': '20.8177 sh (-0.91%)', 'HD': '34.1034 sh (+1.14%)', 'HON': '49.4672 sh (+1.55%)', 'LMT': '20.7665 sh (+1.49%)', 'MA': '15.7159 sh (-1.61%)', 'META': '12.712 sh (+0.50%)', 'MSFT': '14.999 sh (-0.86%)', 'TSLA': '13.0184 sh (+1.89%)'}
Market regime: BULLISH (position-size multiplier: 100%)
News: fetched 60, 0 new after dedup, 0 ticker(s) matched.
Quant pre-screen: 6/10 candidates passed.
Gemini proposed 2 trade(s) meeting the conviction bar.
Gemini calls used today (all models combined): 65
  -> {"ticker": "NVDA", "status": "skipped", "reason": "below minimum trade size ($25) after position cap ($13,528.52), room ($13,528.52), regime multiplier (100%), and cash reserve ($2,505.28 kept of $-4,761.15 cash)"}
  -> {"ticker": "NFLX", "status": "skipped", "reason": "below minimum trade size ($25) after position cap ($10,522.18), room ($10,522.18), regime multiplier (100%), and cash reserve ($5,010.56 kept of $-4,761.15 cash)"}
Ending portfolio value: $100,211.23

=== Run at 2026-08-08T00:40:33.416825 ===
Current time: 2026-08-07 08:40 PM EDT | Market open (per Alpaca): False
Account value: $100,211.23
Cash: $-4,761.15 | Holdings (13): {'AAPL': '12.8012 sh (-0.08%)', 'AMZN': '25.4179 sh (-0.06%)', 'COP': '63.8341 sh (+1.40%)', 'COST': '7.8517 sh (+0.68%)', 'DIS': '66.8769 sh (+0.23%)', 'GOOGL': '20.8177 sh (-0.91%)', 'HD': '34.1034 sh (+1.14%)', 'HON': '49.4672 sh (+1.55%)', 'LMT': '20.7665 sh (+1.49%)', 'MA': '15.7159 sh (-1.61%)', 'META': '12.712 sh (+0.50%)', 'MSFT': '14.999 sh (-0.86%)', 'TSLA': '13.0184 sh (+1.89%)'}
Market regime: BULLISH (position-size multiplier: 100%)
News: fetched 60, 0 new after dedup, 0 ticker(s) matched.
Quant pre-screen: 6/10 candidates passed.
Gemini proposed 2 trade(s) meeting the conviction bar.
Gemini calls used today (all models combined): 66
  -> {"ticker": "NVDA", "status": "skipped", "reason": "below minimum trade size ($25) after position cap ($13,528.52), room ($13,528.52), regime multiplier (100%), and cash reserve ($2,505.28 kept of $-4,761.15 cash)"}
  -> {"ticker": "NFLX", "status": "skipped", "reason": "below minimum trade size ($25) after position cap ($10,522.18), room ($10,522.18), regime multiplier (100%), and cash reserve ($5,010.56 kept of $-4,761.15 cash)"}
Ending portfolio value: $100,211.23

=== Run at 2026-08-08T00:42:27.098388 ===
Current time: 2026-08-07 08:42 PM EDT | Market open (per Alpaca): False
Account value: $100,211.23
Cash: $-4,761.15 | Holdings (13): {'AAPL': '12.8012 sh (-0.08%)', 'AMZN': '25.4179 sh (-0.06%)', 'COP': '63.8341 sh (+1.40%)', 'COST': '7.8517 sh (+0.68%)', 'DIS': '66.8769 sh (+0.23%)', 'GOOGL': '20.8177 sh (-0.91%)', 'HD': '34.1034 sh (+1.14%)', 'HON': '49.4672 sh (+1.55%)', 'LMT': '20.7665 sh (+1.49%)', 'MA': '15.7159 sh (-1.61%)', 'META': '12.712 sh (+0.50%)', 'MSFT': '14.999 sh (-0.86%)', 'TSLA': '13.0184 sh (+1.89%)'}
Market regime: BULLISH (position-size multiplier: 100%)
News: fetched 60, 0 new after dedup, 0 ticker(s) matched.
Quant pre-screen: 6/10 candidates passed.
Gemini proposed 2 trade(s) meeting the conviction bar.
Gemini calls used today (all models combined): 67
  -> {"ticker": "NVDA", "status": "skipped", "reason": "below minimum trade size ($25) after position cap ($13,528.52), room ($13,528.52), regime multiplier (100%), and cash reserve ($2,505.28 kept of $-4,761.15 cash)"}
  -> {"ticker": "AVGO", "status": "skipped", "reason": "below minimum trade size ($25) after position cap ($10,522.18), room ($10,522.18), regime multiplier (100%), and cash reserve ($5,010.56 kept of $-4,761.15 cash)"}
Ending portfolio value: $100,211.23

=== Run at 2026-08-08T00:44:29.975573 ===
Current time: 2026-08-07 08:44 PM EDT | Market open (per Alpaca): False
Account value: $100,211.23
Cash: $-4,761.15 | Holdings (13): {'AAPL': '12.8012 sh (-0.08%)', 'AMZN': '25.4179 sh (-0.06%)', 'COP': '63.8341 sh (+1.40%)', 'COST': '7.8517 sh (+0.68%)', 'DIS': '66.8769 sh (+0.23%)', 'GOOGL': '20.8177 sh (-0.91%)', 'HD': '34.1034 sh (+1.14%)', 'HON': '49.4672 sh (+1.55%)', 'LMT': '20.7665 sh (+1.49%)', 'MA': '15.7159 sh (-1.61%)', 'META': '12.712 sh (+0.50%)', 'MSFT': '14.999 sh (-0.86%)', 'TSLA': '13.0184 sh (+1.89%)'}
Market regime: BULLISH (position-size multiplier: 100%)
News: fetched 60, 0 new after dedup, 0 ticker(s) matched.
Quant pre-screen: 6/10 candidates passed.
Gemini proposed 2 trade(s) meeting the conviction bar.
Gemini calls used today (all models combined): 68
  -> {"ticker": "NVDA", "status": "skipped", "reason": "below minimum trade size ($25) after position cap ($13,528.52), room ($13,528.52), regime multiplier (100%), and cash reserve ($2,505.28 kept of $-4,761.15 cash)"}
  -> {"ticker": "NFLX", "status": "skipped", "reason": "below minimum trade size ($25) after position cap ($10,522.18), room ($10,522.18), regime multiplier (100%), and cash reserve ($5,010.56 kept of $-4,761.15 cash)"}
Ending portfolio value: $100,211.23

=== Run at 2026-08-08T00:46:30.118350 ===
Current time: 2026-08-07 08:46 PM EDT | Market open (per Alpaca): False
Account value: $100,211.23
Cash: $-4,761.15 | Holdings (13): {'AAPL': '12.8012 sh (-0.08%)', 'AMZN': '25.4179 sh (-0.06%)', 'COP': '63.8341 sh (+1.40%)', 'COST': '7.8517 sh (+0.68%)', 'DIS': '66.8769 sh (+0.23%)', 'GOOGL': '20.8177 sh (-0.91%)', 'HD': '34.1034 sh (+1.14%)', 'HON': '49.4672 sh (+1.55%)', 'LMT': '20.7665 sh (+1.49%)', 'MA': '15.7159 sh (-1.61%)', 'META': '12.712 sh (+0.50%)', 'MSFT': '14.999 sh (-0.86%)', 'TSLA': '13.0184 sh (+1.89%)'}
Market regime: BULLISH (position-size multiplier: 100%)
News: fetched 60, 0 new after dedup, 0 ticker(s) matched.
Quant pre-screen: 6/10 candidates passed.
Gemini proposed 2 trade(s) meeting the conviction bar.
Gemini calls used today (all models combined): 69
  -> {"ticker": "NVDA", "status": "skipped", "reason": "below minimum trade size ($25) after position cap ($13,528.52), room ($13,528.52), regime multiplier (100%), and cash reserve ($2,505.28 kept of $-4,761.15 cash)"}
  -> {"ticker": "AVGO", "status": "skipped", "reason": "below minimum trade size ($25) after position cap ($10,522.18), room ($10,522.18), regime multiplier (100%), and cash reserve ($5,010.56 kept of $-4,761.15 cash)"}
Ending portfolio value: $100,211.23

=== Run at 2026-08-08T00:48:32.765266 ===
Current time: 2026-08-07 08:48 PM EDT | Market open (per Alpaca): False
Account value: $100,211.23
Cash: $-4,761.15 | Holdings (13): {'AAPL': '12.8012 sh (-0.08%)', 'AMZN': '25.4179 sh (-0.06%)', 'COP': '63.8341 sh (+1.40%)', 'COST': '7.8517 sh (+0.68%)', 'DIS': '66.8769 sh (+0.23%)', 'GOOGL': '20.8177 sh (-0.91%)', 'HD': '34.1034 sh (+1.14%)', 'HON': '49.4672 sh (+1.55%)', 'LMT': '20.7665 sh (+1.49%)', 'MA': '15.7159 sh (-1.61%)', 'META': '12.712 sh (+0.50%)', 'MSFT': '14.999 sh (-0.86%)', 'TSLA': '13.0184 sh (+1.89%)'}
Market regime: BULLISH (position-size multiplier: 100%)
News: fetched 60, 0 new after dedup, 0 ticker(s) matched.
Quant pre-screen: 6/10 candidates passed.
Gemini proposed 2 trade(s) meeting the conviction bar.
Gemini calls used today (all models combined): 70
  -> {"ticker": "NVDA", "status": "skipped", "reason": "below minimum trade size ($25) after position cap ($13,528.52), room ($13,528.52), regime multiplier (100%), and cash reserve ($2,505.28 kept of $-4,761.15 cash)"}
  -> {"ticker": "AVGO", "status": "skipped", "reason": "below minimum trade size ($25) after position cap ($10,522.18), room ($10,522.18), regime multiplier (100%), and cash reserve ($5,010.56 kept of $-4,761.15 cash)"}
Ending portfolio value: $100,211.23

=== Run at 2026-08-08T00:50:28.925089 ===
Current time: 2026-08-07 08:50 PM EDT | Market open (per Alpaca): False
Account value: $100,211.23
Cash: $-4,761.15 | Holdings (13): {'AAPL': '12.8012 sh (-0.08%)', 'AMZN': '25.4179 sh (-0.06%)', 'COP': '63.8341 sh (+1.40%)', 'COST': '7.8517 sh (+0.68%)', 'DIS': '66.8769 sh (+0.23%)', 'GOOGL': '20.8177 sh (-0.91%)', 'HD': '34.1034 sh (+1.14%)', 'HON': '49.4672 sh (+1.55%)', 'LMT': '20.7665 sh (+1.49%)', 'MA': '15.7159 sh (-1.61%)', 'META': '12.712 sh (+0.50%)', 'MSFT': '14.999 sh (-0.86%)', 'TSLA': '13.0184 sh (+1.89%)'}
Market regime: BULLISH (position-size multiplier: 100%)
News: fetched 60, 0 new after dedup, 0 ticker(s) matched.
Quant pre-screen: 6/10 candidates passed.
Gemini proposed 2 trade(s) meeting the conviction bar.
Gemini calls used today (all models combined): 71
  -> {"ticker": "NVDA", "status": "skipped", "reason": "below minimum trade size ($25) after position cap ($13,528.52), room ($13,528.52), regime multiplier (100%), and cash reserve ($2,505.28 kept of $-4,761.15 cash)"}
  -> {"ticker": "AVGO", "status": "skipped", "reason": "below minimum trade size ($25) after position cap ($10,522.18), room ($10,522.18), regime multiplier (100%), and cash reserve ($5,010.56 kept of $-4,761.15 cash)"}
Ending portfolio value: $100,211.23

=== Run at 2026-08-08T00:52:25.124776 ===
Current time: 2026-08-07 08:52 PM EDT | Market open (per Alpaca): False
Account value: $100,211.23
Cash: $-4,761.15 | Holdings (13): {'AAPL': '12.8012 sh (-0.08%)', 'AMZN': '25.4179 sh (-0.06%)', 'COP': '63.8341 sh (+1.40%)', 'COST': '7.8517 sh (+0.68%)', 'DIS': '66.8769 sh (+0.23%)', 'GOOGL': '20.8177 sh (-0.91%)', 'HD': '34.1034 sh (+1.14%)', 'HON': '49.4672 sh (+1.55%)', 'LMT': '20.7665 sh (+1.49%)', 'MA': '15.7159 sh (-1.61%)', 'META': '12.712 sh (+0.50%)', 'MSFT': '14.999 sh (-0.86%)', 'TSLA': '13.0184 sh (+1.89%)'}
Market regime: BULLISH (position-size multiplier: 100%)
News: fetched 60, 0 new after dedup, 0 ticker(s) matched.
Quant pre-screen: 6/10 candidates passed.
Gemini proposed 2 trade(s) meeting the conviction bar.
Gemini calls used today (all models combined): 72
  -> {"ticker": "NVDA", "status": "skipped", "reason": "below minimum trade size ($25) after position cap ($13,528.52), room ($13,528.52), regime multiplier (100%), and cash reserve ($2,505.28 kept of $-4,761.15 cash)"}
  -> {"ticker": "NFLX", "status": "skipped", "reason": "below minimum trade size ($25) after position cap ($10,522.18), room ($10,522.18), regime multiplier (100%), and cash reserve ($5,010.56 kept of $-4,761.15 cash)"}
Ending portfolio value: $100,211.23

=== Run at 2026-08-08T00:54:24.211805 ===
Current time: 2026-08-07 08:54 PM EDT | Market open (per Alpaca): False
Account value: $100,211.23
Cash: $-4,761.15 | Holdings (13): {'AAPL': '12.8012 sh (-0.08%)', 'AMZN': '25.4179 sh (-0.06%)', 'COP': '63.8341 sh (+1.40%)', 'COST': '7.8517 sh (+0.68%)', 'DIS': '66.8769 sh (+0.23%)', 'GOOGL': '20.8177 sh (-0.91%)', 'HD': '34.1034 sh (+1.14%)', 'HON': '49.4672 sh (+1.55%)', 'LMT': '20.7665 sh (+1.49%)', 'MA': '15.7159 sh (-1.61%)', 'META': '12.712 sh (+0.50%)', 'MSFT': '14.999 sh (-0.86%)', 'TSLA': '13.0184 sh (+1.89%)'}
Market regime: BULLISH (position-size multiplier: 100%)
News: fetched 60, 0 new after dedup, 0 ticker(s) matched.
Quant pre-screen: 6/10 candidates passed.
Gemini proposed 2 trade(s) meeting the conviction bar.
Gemini calls used today (all models combined): 73
  -> {"ticker": "NVDA", "status": "skipped", "reason": "below minimum trade size ($25) after position cap ($13,528.52), room ($13,528.52), regime multiplier (100%), and cash reserve ($2,505.28 kept of $-4,761.15 cash)"}
  -> {"ticker": "NFLX", "status": "skipped", "reason": "below minimum trade size ($25) after position cap ($10,522.18), room ($10,522.18), regime multiplier (100%), and cash reserve ($5,010.56 kept of $-4,761.15 cash)"}
Ending portfolio value: $100,211.23

=== Run at 2026-08-08T00:55:44.768839 ===
Current time: 2026-08-07 08:55 PM EDT | Market open (per Alpaca): False
Account value: $100,211.23
Cash: $-4,761.15 | Holdings (13): {'AAPL': '12.8012 sh (-0.08%)', 'AMZN': '25.4179 sh (-0.06%)', 'COP': '63.8341 sh (+1.40%)', 'COST': '7.8517 sh (+0.68%)', 'DIS': '66.8769 sh (+0.23%)', 'GOOGL': '20.8177 sh (-0.91%)', 'HD': '34.1034 sh (+1.14%)', 'HON': '49.4672 sh (+1.55%)', 'LMT': '20.7665 sh (+1.49%)', 'MA': '15.7159 sh (-1.61%)', 'META': '12.712 sh (+0.50%)', 'MSFT': '14.999 sh (-0.86%)', 'TSLA': '13.0184 sh (+1.89%)'}
Market regime: BULLISH (position-size multiplier: 100%)
News: fetched 60, 0 new after dedup, 0 ticker(s) matched.
Quant pre-screen: 6/10 candidates passed.
Gemini proposed 2 trade(s) meeting the conviction bar.
Gemini calls used today (all models combined): 74
  -> {"ticker": "NVDA", "status": "skipped", "reason": "below minimum trade size ($25) after position cap ($13,528.52), room ($13,528.52), regime multiplier (100%), and cash reserve ($2,505.28 kept of $-4,761.15 cash)"}
  -> {"ticker": "NFLX", "status": "skipped", "reason": "below minimum trade size ($25) after position cap ($10,522.18), room ($10,522.18), regime multiplier (100%), and cash reserve ($5,010.56 kept of $-4,761.15 cash)"}
Ending portfolio value: $100,211.23

=== Run at 2026-08-08T00:56:28.307004 ===
Current time: 2026-08-07 08:56 PM EDT | Market open (per Alpaca): False
Account value: $100,211.23
Cash: $-4,761.15 | Holdings (13): {'AAPL': '12.8012 sh (-0.08%)', 'AMZN': '25.4179 sh (-0.06%)', 'COP': '63.8341 sh (+1.40%)', 'COST': '7.8517 sh (+0.68%)', 'DIS': '66.8769 sh (+0.23%)', 'GOOGL': '20.8177 sh (-0.91%)', 'HD': '34.1034 sh (+1.14%)', 'HON': '49.4672 sh (+1.55%)', 'LMT': '20.7665 sh (+1.49%)', 'MA': '15.7159 sh (-1.61%)', 'META': '12.712 sh (+0.50%)', 'MSFT': '14.999 sh (-0.86%)', 'TSLA': '13.0184 sh (+1.89%)'}
Market regime: BULLISH (position-size multiplier: 100%)
News: fetched 60, 0 new after dedup, 0 ticker(s) matched.
Quant pre-screen: 6/10 candidates passed.
Gemini proposed 2 trade(s) meeting the conviction bar.
Gemini calls used today (all models combined): 75
  -> {"ticker": "NVDA", "status": "skipped", "reason": "below minimum trade size ($25) after position cap ($13,528.52), room ($13,528.52), regime multiplier (100%), and cash reserve ($2,505.28 kept of $-4,761.15 cash)"}
  -> {"ticker": "NFLX", "status": "skipped", "reason": "below minimum trade size ($25) after position cap ($10,522.18), room ($10,522.18), regime multiplier (100%), and cash reserve ($5,010.56 kept of $-4,761.15 cash)"}
Ending portfolio value: $100,211.23

=== Run at 2026-08-08T00:58:27.455431 ===
Current time: 2026-08-07 08:58 PM EDT | Market open (per Alpaca): False
Account value: $100,211.23
Cash: $-4,761.15 | Holdings (13): {'AAPL': '12.8012 sh (-0.08%)', 'AMZN': '25.4179 sh (-0.06%)', 'COP': '63.8341 sh (+1.40%)', 'COST': '7.8517 sh (+0.68%)', 'DIS': '66.8769 sh (+0.23%)', 'GOOGL': '20.8177 sh (-0.91%)', 'HD': '34.1034 sh (+1.14%)', 'HON': '49.4672 sh (+1.55%)', 'LMT': '20.7665 sh (+1.49%)', 'MA': '15.7159 sh (-1.61%)', 'META': '12.712 sh (+0.50%)', 'MSFT': '14.999 sh (-0.86%)', 'TSLA': '13.0184 sh (+1.89%)'}
Market regime: BULLISH (position-size multiplier: 100%)
News: fetched 60, 0 new after dedup, 0 ticker(s) matched.
Quant pre-screen: 6/10 candidates passed.
Gemini proposed 2 trade(s) meeting the conviction bar.
Gemini calls used today (all models combined): 76
  -> {"ticker": "NVDA", "status": "skipped", "reason": "below minimum trade size ($25) after position cap ($13,528.52), room ($13,528.52), regime multiplier (100%), and cash reserve ($2,505.28 kept of $-4,761.15 cash)"}
  -> {"ticker": "NFLX", "status": "skipped", "reason": "below minimum trade size ($25) after position cap ($10,522.18), room ($10,522.18), regime multiplier (100%), and cash reserve ($5,010.56 kept of $-4,761.15 cash)"}
Ending portfolio value: $100,211.23

=== Run at 2026-08-08T01:00:41.371329 ===
Current time: 2026-08-07 09:00 PM EDT | Market open (per Alpaca): False
Account value: $100,211.23
Cash: $-4,761.15 | Holdings (13): {'AAPL': '12.8012 sh (-0.08%)', 'AMZN': '25.4179 sh (-0.06%)', 'COP': '63.8341 sh (+1.40%)', 'COST': '7.8517 sh (+0.68%)', 'DIS': '66.8769 sh (+0.23%)', 'GOOGL': '20.8177 sh (-0.91%)', 'HD': '34.1034 sh (+1.14%)', 'HON': '49.4672 sh (+1.55%)', 'LMT': '20.7665 sh (+1.49%)', 'MA': '15.7159 sh (-1.61%)', 'META': '12.712 sh (+0.50%)', 'MSFT': '14.999 sh (-0.86%)', 'TSLA': '13.0184 sh (+1.89%)'}
Market regime: BULLISH (position-size multiplier: 100%)
News: fetched 60, 0 new after dedup, 0 ticker(s) matched.
Quant pre-screen: 6/10 candidates passed.
Gemini proposed 2 trade(s) meeting the conviction bar.
Gemini calls used today (all models combined): 77
  -> {"ticker": "NVDA", "status": "skipped", "reason": "below minimum trade size ($25) after position cap ($13,528.52), room ($13,528.52), regime multiplier (100%), and cash reserve ($2,505.28 kept of $-4,761.15 cash)"}
  -> {"ticker": "NFLX", "status": "skipped", "reason": "below minimum trade size ($25) after position cap ($10,522.18), room ($10,522.18), regime multiplier (100%), and cash reserve ($5,010.56 kept of $-4,761.15 cash)"}
Ending portfolio value: $100,211.23

=== Run at 2026-08-08T01:02:29.794663 ===
Current time: 2026-08-07 09:02 PM EDT | Market open (per Alpaca): False
Account value: $100,211.23
Cash: $-4,761.15 | Holdings (13): {'AAPL': '12.8012 sh (-0.08%)', 'AMZN': '25.4179 sh (-0.06%)', 'COP': '63.8341 sh (+1.40%)', 'COST': '7.8517 sh (+0.68%)', 'DIS': '66.8769 sh (+0.23%)', 'GOOGL': '20.8177 sh (-0.91%)', 'HD': '34.1034 sh (+1.14%)', 'HON': '49.4672 sh (+1.55%)', 'LMT': '20.7665 sh (+1.49%)', 'MA': '15.7159 sh (-1.61%)', 'META': '12.712 sh (+0.50%)', 'MSFT': '14.999 sh (-0.86%)', 'TSLA': '13.0184 sh (+1.89%)'}
Market regime: BULLISH (position-size multiplier: 100%)
News: fetched 60, 1 new after dedup, 1 ticker(s) matched.
Quant pre-screen: 7/11 candidates passed.
Gemini proposed 2 trade(s) meeting the conviction bar.
Gemini calls used today (all models combined): 78
  -> {"ticker": "ON", "status": "skipped", "reason": "below minimum trade size ($25) after position cap ($10,522.18), room ($10,522.18), regime multiplier (100%), and cash reserve ($5,010.56 kept of $-4,761.15 cash)"}
  -> {"ticker": "NVDA", "status": "skipped", "reason": "below minimum trade size ($25) after position cap ($12,025.35), room ($12,025.35), regime multiplier (100%), and cash reserve ($5,010.56 kept of $-4,761.15 cash)"}
Ending portfolio value: $100,211.23

=== Run at 2026-08-08T01:04:31.800516 ===
Current time: 2026-08-07 09:04 PM EDT | Market open (per Alpaca): False
Account value: $100,211.23
Cash: $-4,761.15 | Holdings (13): {'AAPL': '12.8012 sh (-0.08%)', 'AMZN': '25.4179 sh (-0.06%)', 'COP': '63.8341 sh (+1.40%)', 'COST': '7.8517 sh (+0.68%)', 'DIS': '66.8769 sh (+0.23%)', 'GOOGL': '20.8177 sh (-0.91%)', 'HD': '34.1034 sh (+1.14%)', 'HON': '49.4672 sh (+1.55%)', 'LMT': '20.7665 sh (+1.49%)', 'MA': '15.7159 sh (-1.61%)', 'META': '12.712 sh (+0.50%)', 'MSFT': '14.999 sh (-0.86%)', 'TSLA': '13.0184 sh (+1.89%)'}
Market regime: BULLISH (position-size multiplier: 100%)
News: fetched 60, 0 new after dedup, 0 ticker(s) matched.
Quant pre-screen: 6/10 candidates passed.
Gemini proposed 2 trade(s) meeting the conviction bar.
Gemini calls used today (all models combined): 79
  -> {"ticker": "NVDA", "status": "skipped", "reason": "below minimum trade size ($25) after position cap ($13,528.52), room ($13,528.52), regime multiplier (100%), and cash reserve ($2,505.28 kept of $-4,761.15 cash)"}
  -> {"ticker": "NFLX", "status": "skipped", "reason": "below minimum trade size ($25) after position cap ($10,522.18), room ($10,522.18), regime multiplier (100%), and cash reserve ($5,010.56 kept of $-4,761.15 cash)"}
Ending portfolio value: $100,211.23

=== Run at 2026-08-08T01:06:32.439165 ===
Current time: 2026-08-07 09:06 PM EDT | Market open (per Alpaca): False
Account value: $100,211.23
Cash: $-4,761.15 | Holdings (13): {'AAPL': '12.8012 sh (-0.08%)', 'AMZN': '25.4179 sh (-0.06%)', 'COP': '63.8341 sh (+1.40%)', 'COST': '7.8517 sh (+0.68%)', 'DIS': '66.8769 sh (+0.23%)', 'GOOGL': '20.8177 sh (-0.91%)', 'HD': '34.1034 sh (+1.14%)', 'HON': '49.4672 sh (+1.55%)', 'LMT': '20.7665 sh (+1.49%)', 'MA': '15.7159 sh (-1.61%)', 'META': '12.712 sh (+0.50%)', 'MSFT': '14.999 sh (-0.86%)', 'TSLA': '13.0184 sh (+1.89%)'}
Market regime: BULLISH (position-size multiplier: 100%)
News: fetched 60, 0 new after dedup, 0 ticker(s) matched.
Quant pre-screen: 6/10 candidates passed.
Gemini proposed 2 trade(s) meeting the conviction bar.
Gemini calls used today (all models combined): 80
  -> {"ticker": "NVDA", "status": "skipped", "reason": "below minimum trade size ($25) after position cap ($13,528.52), room ($13,528.52), regime multiplier (100%), and cash reserve ($2,505.28 kept of $-4,761.15 cash)"}
  -> {"ticker": "NFLX", "status": "skipped", "reason": "below minimum trade size ($25) after position cap ($10,522.18), room ($10,522.18), regime multiplier (100%), and cash reserve ($5,010.56 kept of $-4,761.15 cash)"}
Ending portfolio value: $100,211.23

=== Run at 2026-08-08T01:08:33.567336 ===
Current time: 2026-08-07 09:08 PM EDT | Market open (per Alpaca): False
Account value: $100,211.23
Cash: $-4,761.15 | Holdings (13): {'AAPL': '12.8012 sh (-0.08%)', 'AMZN': '25.4179 sh (-0.06%)', 'COP': '63.8341 sh (+1.40%)', 'COST': '7.8517 sh (+0.68%)', 'DIS': '66.8769 sh (+0.23%)', 'GOOGL': '20.8177 sh (-0.91%)', 'HD': '34.1034 sh (+1.14%)', 'HON': '49.4672 sh (+1.55%)', 'LMT': '20.7665 sh (+1.49%)', 'MA': '15.7159 sh (-1.61%)', 'META': '12.712 sh (+0.50%)', 'MSFT': '14.999 sh (-0.86%)', 'TSLA': '13.0184 sh (+1.89%)'}
Market regime: BULLISH (position-size multiplier: 100%)
News: fetched 60, 0 new after dedup, 0 ticker(s) matched.
Quant pre-screen: 6/10 candidates passed.
Gemini proposed 2 trade(s) meeting the conviction bar.
Gemini calls used today (all models combined): 81
  -> {"ticker": "NVDA", "status": "skipped", "reason": "below minimum trade size ($25) after position cap ($13,528.52), room ($13,528.52), regime multiplier (100%), and cash reserve ($2,505.28 kept of $-4,761.15 cash)"}
  -> {"ticker": "NFLX", "status": "skipped", "reason": "below minimum trade size ($25) after position cap ($10,522.18), room ($10,522.18), regime multiplier (100%), and cash reserve ($5,010.56 kept of $-4,761.15 cash)"}
Ending portfolio value: $100,211.23

=== Run at 2026-08-08T01:10:31.064092 ===
Current time: 2026-08-07 09:10 PM EDT | Market open (per Alpaca): False
Account value: $100,211.23
Cash: $-4,761.15 | Holdings (13): {'AAPL': '12.8012 sh (-0.08%)', 'AMZN': '25.4179 sh (-0.06%)', 'COP': '63.8341 sh (+1.40%)', 'COST': '7.8517 sh (+0.68%)', 'DIS': '66.8769 sh (+0.23%)', 'GOOGL': '20.8177 sh (-0.91%)', 'HD': '34.1034 sh (+1.14%)', 'HON': '49.4672 sh (+1.55%)', 'LMT': '20.7665 sh (+1.49%)', 'MA': '15.7159 sh (-1.61%)', 'META': '12.712 sh (+0.50%)', 'MSFT': '14.999 sh (-0.86%)', 'TSLA': '13.0184 sh (+1.89%)'}
Market regime: BULLISH (position-size multiplier: 100%)
News: fetched 60, 0 new after dedup, 0 ticker(s) matched.
Quant pre-screen: 6/10 candidates passed.
Gemini proposed 2 trade(s) meeting the conviction bar.
Gemini calls used today (all models combined): 82
  -> {"ticker": "NVDA", "status": "skipped", "reason": "below minimum trade size ($25) after position cap ($13,528.52), room ($13,528.52), regime multiplier (100%), and cash reserve ($2,505.28 kept of $-4,761.15 cash)"}
  -> {"ticker": "AVGO", "status": "skipped", "reason": "below minimum trade size ($25) after position cap ($10,522.18), room ($10,522.18), regime multiplier (100%), and cash reserve ($5,010.56 kept of $-4,761.15 cash)"}
Ending portfolio value: $100,211.23

=== Run at 2026-08-08T01:12:32.924500 ===
Current time: 2026-08-07 09:12 PM EDT | Market open (per Alpaca): False
Account value: $100,211.23
Cash: $-4,761.15 | Holdings (13): {'AAPL': '12.8012 sh (-0.08%)', 'AMZN': '25.4179 sh (-0.06%)', 'COP': '63.8341 sh (+1.40%)', 'COST': '7.8517 sh (+0.68%)', 'DIS': '66.8769 sh (+0.23%)', 'GOOGL': '20.8177 sh (-0.91%)', 'HD': '34.1034 sh (+1.14%)', 'HON': '49.4672 sh (+1.55%)', 'LMT': '20.7665 sh (+1.49%)', 'MA': '15.7159 sh (-1.61%)', 'META': '12.712 sh (+0.50%)', 'MSFT': '14.999 sh (-0.86%)', 'TSLA': '13.0184 sh (+1.89%)'}
Market regime: BULLISH (position-size multiplier: 100%)
News: fetched 60, 0 new after dedup, 0 ticker(s) matched.
Quant pre-screen: 6/10 candidates passed.
Gemini proposed 2 trade(s) meeting the conviction bar.
Gemini calls used today (all models combined): 83
  -> {"ticker": "NVDA", "status": "skipped", "reason": "below minimum trade size ($25) after position cap ($13,528.52), room ($13,528.52), regime multiplier (100%), and cash reserve ($2,505.28 kept of $-4,761.15 cash)"}
  -> {"ticker": "NFLX", "status": "skipped", "reason": "below minimum trade size ($25) after position cap ($10,522.18), room ($10,522.18), regime multiplier (100%), and cash reserve ($5,010.56 kept of $-4,761.15 cash)"}
Ending portfolio value: $100,211.23

=== Run at 2026-08-08T01:14:29.469715 ===
Current time: 2026-08-07 09:14 PM EDT | Market open (per Alpaca): False
Account value: $100,211.23
Cash: $-4,761.15 | Holdings (13): {'AAPL': '12.8012 sh (-0.08%)', 'AMZN': '25.4179 sh (-0.06%)', 'COP': '63.8341 sh (+1.40%)', 'COST': '7.8517 sh (+0.68%)', 'DIS': '66.8769 sh (+0.23%)', 'GOOGL': '20.8177 sh (-0.91%)', 'HD': '34.1034 sh (+1.14%)', 'HON': '49.4672 sh (+1.55%)', 'LMT': '20.7665 sh (+1.49%)', 'MA': '15.7159 sh (-1.61%)', 'META': '12.712 sh (+0.50%)', 'MSFT': '14.999 sh (-0.86%)', 'TSLA': '13.0184 sh (+1.89%)'}
Market regime: BULLISH (position-size multiplier: 100%)
News: fetched 60, 0 new after dedup, 0 ticker(s) matched.
Quant pre-screen: 6/10 candidates passed.
Gemini proposed 2 trade(s) meeting the conviction bar.
Gemini calls used today (all models combined): 84
  -> {"ticker": "NVDA", "status": "skipped", "reason": "below minimum trade size ($25) after position cap ($13,528.52), room ($13,528.52), regime multiplier (100%), and cash reserve ($2,505.28 kept of $-4,761.15 cash)"}
  -> {"ticker": "NFLX", "status": "skipped", "reason": "below minimum trade size ($25) after position cap ($10,522.18), room ($10,522.18), regime multiplier (100%), and cash reserve ($5,010.56 kept of $-4,761.15 cash)"}
Ending portfolio value: $100,211.23

=== Run at 2026-08-08T01:16:28.383746 ===
Current time: 2026-08-07 09:16 PM EDT | Market open (per Alpaca): False
Account value: $100,211.23
Cash: $-4,761.15 | Holdings (13): {'AAPL': '12.8012 sh (-0.08%)', 'AMZN': '25.4179 sh (-0.06%)', 'COP': '63.8341 sh (+1.40%)', 'COST': '7.8517 sh (+0.68%)', 'DIS': '66.8769 sh (+0.23%)', 'GOOGL': '20.8177 sh (-0.91%)', 'HD': '34.1034 sh (+1.14%)', 'HON': '49.4672 sh (+1.55%)', 'LMT': '20.7665 sh (+1.49%)', 'MA': '15.7159 sh (-1.61%)', 'META': '12.712 sh (+0.50%)', 'MSFT': '14.999 sh (-0.86%)', 'TSLA': '13.0184 sh (+1.89%)'}
Market regime: BULLISH (position-size multiplier: 100%)
News: fetched 60, 0 new after dedup, 0 ticker(s) matched.
Quant pre-screen: 6/10 candidates passed.
Gemini proposed 2 trade(s) meeting the conviction bar.
Gemini calls used today (all models combined): 85
  -> {"ticker": "NVDA", "status": "skipped", "reason": "below minimum trade size ($25) after position cap ($13,528.52), room ($13,528.52), regime multiplier (100%), and cash reserve ($2,505.28 kept of $-4,761.15 cash)"}
  -> {"ticker": "NFLX", "status": "skipped", "reason": "below minimum trade size ($25) after position cap ($10,522.18), room ($10,522.18), regime multiplier (100%), and cash reserve ($5,010.56 kept of $-4,761.15 cash)"}
Ending portfolio value: $100,211.23

=== Run at 2026-08-08T01:18:25.404736 ===
Current time: 2026-08-07 09:18 PM EDT | Market open (per Alpaca): False
Account value: $100,211.23
Cash: $-4,761.15 | Holdings (13): {'AAPL': '12.8012 sh (-0.08%)', 'AMZN': '25.4179 sh (-0.06%)', 'COP': '63.8341 sh (+1.40%)', 'COST': '7.8517 sh (+0.68%)', 'DIS': '66.8769 sh (+0.23%)', 'GOOGL': '20.8177 sh (-0.91%)', 'HD': '34.1034 sh (+1.14%)', 'HON': '49.4672 sh (+1.55%)', 'LMT': '20.7665 sh (+1.49%)', 'MA': '15.7159 sh (-1.61%)', 'META': '12.712 sh (+0.50%)', 'MSFT': '14.999 sh (-0.86%)', 'TSLA': '13.0184 sh (+1.89%)'}
Market regime: BULLISH (position-size multiplier: 100%)
News: fetched 60, 0 new after dedup, 0 ticker(s) matched.
Quant pre-screen: 6/10 candidates passed.
Gemini proposed 2 trade(s) meeting the conviction bar.
Gemini calls used today (all models combined): 86
  -> {"ticker": "NVDA", "status": "skipped", "reason": "below minimum trade size ($25) after position cap ($13,528.52), room ($13,528.52), regime multiplier (100%), and cash reserve ($2,505.28 kept of $-4,761.15 cash)"}
  -> {"ticker": "AVGO", "status": "skipped", "reason": "below minimum trade size ($25) after position cap ($10,522.18), room ($10,522.18), regime multiplier (100%), and cash reserve ($5,010.56 kept of $-4,761.15 cash)"}
Ending portfolio value: $100,211.23

=== Run at 2026-08-08T01:20:33.125799 ===
Current time: 2026-08-07 09:20 PM EDT | Market open (per Alpaca): False
Account value: $100,211.23
Cash: $-4,761.15 | Holdings (13): {'AAPL': '12.8012 sh (-0.08%)', 'AMZN': '25.4179 sh (-0.06%)', 'COP': '63.8341 sh (+1.40%)', 'COST': '7.8517 sh (+0.68%)', 'DIS': '66.8769 sh (+0.23%)', 'GOOGL': '20.8177 sh (-0.91%)', 'HD': '34.1034 sh (+1.14%)', 'HON': '49.4672 sh (+1.55%)', 'LMT': '20.7665 sh (+1.49%)', 'MA': '15.7159 sh (-1.61%)', 'META': '12.712 sh (+0.50%)', 'MSFT': '14.999 sh (-0.86%)', 'TSLA': '13.0184 sh (+1.89%)'}
Market regime: BULLISH (position-size multiplier: 100%)
News: fetched 60, 0 new after dedup, 0 ticker(s) matched.
Quant pre-screen: 6/10 candidates passed.
Gemini proposed 2 trade(s) meeting the conviction bar.
Gemini calls used today (all models combined): 87
  -> {"ticker": "NVDA", "status": "skipped", "reason": "below minimum trade size ($25) after position cap ($13,528.52), room ($13,528.52), regime multiplier (100%), and cash reserve ($2,505.28 kept of $-4,761.15 cash)"}
  -> {"ticker": "NFLX", "status": "skipped", "reason": "below minimum trade size ($25) after position cap ($10,522.18), room ($10,522.18), regime multiplier (100%), and cash reserve ($5,010.56 kept of $-4,761.15 cash)"}
Ending portfolio value: $100,211.23

=== Run at 2026-08-08T01:22:24.974861 ===
Current time: 2026-08-07 09:22 PM EDT | Market open (per Alpaca): False
Account value: $100,211.23
Cash: $-4,761.15 | Holdings (13): {'AAPL': '12.8012 sh (-0.08%)', 'AMZN': '25.4179 sh (-0.06%)', 'COP': '63.8341 sh (+1.40%)', 'COST': '7.8517 sh (+0.68%)', 'DIS': '66.8769 sh (+0.23%)', 'GOOGL': '20.8177 sh (-0.91%)', 'HD': '34.1034 sh (+1.14%)', 'HON': '49.4672 sh (+1.55%)', 'LMT': '20.7665 sh (+1.49%)', 'MA': '15.7159 sh (-1.61%)', 'META': '12.712 sh (+0.50%)', 'MSFT': '14.999 sh (-0.86%)', 'TSLA': '13.0184 sh (+1.89%)'}
Market regime: BULLISH (position-size multiplier: 100%)
News: fetched 60, 0 new after dedup, 0 ticker(s) matched.
Quant pre-screen: 6/10 candidates passed.
Gemini proposed 2 trade(s) meeting the conviction bar.
Gemini calls used today (all models combined): 88
  -> {"ticker": "NVDA", "status": "skipped", "reason": "below minimum trade size ($25) after position cap ($13,528.52), room ($13,528.52), regime multiplier (100%), and cash reserve ($2,505.28 kept of $-4,761.15 cash)"}
  -> {"ticker": "NFLX", "status": "skipped", "reason": "below minimum trade size ($25) after position cap ($10,522.18), room ($10,522.18), regime multiplier (100%), and cash reserve ($5,010.56 kept of $-4,761.15 cash)"}
Ending portfolio value: $100,211.23

=== Run at 2026-08-08T01:24:27.341687 ===
Current time: 2026-08-07 09:24 PM EDT | Market open (per Alpaca): False
Account value: $100,211.23
Cash: $-4,761.15 | Holdings (13): {'AAPL': '12.8012 sh (-0.08%)', 'AMZN': '25.4179 sh (-0.06%)', 'COP': '63.8341 sh (+1.40%)', 'COST': '7.8517 sh (+0.68%)', 'DIS': '66.8769 sh (+0.23%)', 'GOOGL': '20.8177 sh (-0.91%)', 'HD': '34.1034 sh (+1.14%)', 'HON': '49.4672 sh (+1.55%)', 'LMT': '20.7665 sh (+1.49%)', 'MA': '15.7159 sh (-1.61%)', 'META': '12.712 sh (+0.50%)', 'MSFT': '14.999 sh (-0.86%)', 'TSLA': '13.0184 sh (+1.89%)'}
Market regime: BULLISH (position-size multiplier: 100%)
News: fetched 60, 0 new after dedup, 0 ticker(s) matched.
Quant pre-screen: 6/10 candidates passed.
Gemini proposed 2 trade(s) meeting the conviction bar.
Gemini calls used today (all models combined): 89
  -> {"ticker": "NVDA", "status": "skipped", "reason": "below minimum trade size ($25) after position cap ($13,528.52), room ($13,528.52), regime multiplier (100%), and cash reserve ($2,505.28 kept of $-4,761.15 cash)"}
  -> {"ticker": "NFLX", "status": "skipped", "reason": "below minimum trade size ($25) after position cap ($10,522.18), room ($10,522.18), regime multiplier (100%), and cash reserve ($5,010.56 kept of $-4,761.15 cash)"}
Ending portfolio value: $100,211.23

=== Run at 2026-08-08T01:26:29.880889 ===
Current time: 2026-08-07 09:26 PM EDT | Market open (per Alpaca): False
Account value: $100,211.23
Cash: $-4,761.15 | Holdings (13): {'AAPL': '12.8012 sh (-0.08%)', 'AMZN': '25.4179 sh (-0.06%)', 'COP': '63.8341 sh (+1.40%)', 'COST': '7.8517 sh (+0.68%)', 'DIS': '66.8769 sh (+0.23%)', 'GOOGL': '20.8177 sh (-0.91%)', 'HD': '34.1034 sh (+1.14%)', 'HON': '49.4672 sh (+1.55%)', 'LMT': '20.7665 sh (+1.49%)', 'MA': '15.7159 sh (-1.61%)', 'META': '12.712 sh (+0.50%)', 'MSFT': '14.999 sh (-0.86%)', 'TSLA': '13.0184 sh (+1.89%)'}
Market regime: BULLISH (position-size multiplier: 100%)
News: fetched 60, 0 new after dedup, 0 ticker(s) matched.
Quant pre-screen: 6/10 candidates passed.
Gemini proposed 2 trade(s) meeting the conviction bar.
Gemini calls used today (all models combined): 90
  -> {"ticker": "NVDA", "status": "skipped", "reason": "below minimum trade size ($25) after position cap ($13,528.52), room ($13,528.52), regime multiplier (100%), and cash reserve ($2,505.28 kept of $-4,761.15 cash)"}
  -> {"ticker": "NFLX", "status": "skipped", "reason": "below minimum trade size ($25) after position cap ($10,522.18), room ($10,522.18), regime multiplier (100%), and cash reserve ($5,010.56 kept of $-4,761.15 cash)"}
Ending portfolio value: $100,211.23

=== Run at 2026-08-08T01:28:24.059818 ===
Current time: 2026-08-07 09:28 PM EDT | Market open (per Alpaca): False
Account value: $100,211.23
Cash: $-4,761.15 | Holdings (13): {'AAPL': '12.8012 sh (-0.08%)', 'AMZN': '25.4179 sh (-0.06%)', 'COP': '63.8341 sh (+1.40%)', 'COST': '7.8517 sh (+0.68%)', 'DIS': '66.8769 sh (+0.23%)', 'GOOGL': '20.8177 sh (-0.91%)', 'HD': '34.1034 sh (+1.14%)', 'HON': '49.4672 sh (+1.55%)', 'LMT': '20.7665 sh (+1.49%)', 'MA': '15.7159 sh (-1.61%)', 'META': '12.712 sh (+0.50%)', 'MSFT': '14.999 sh (-0.86%)', 'TSLA': '13.0184 sh (+1.89%)'}
Market regime: BULLISH (position-size multiplier: 100%)
News: fetched 0, 0 new after dedup, 0 ticker(s) matched.
Quant pre-screen: 6/10 candidates passed.
Gemini proposed 2 trade(s) meeting the conviction bar.
Gemini calls used today (all models combined): 91
  -> {"ticker": "NVDA", "status": "skipped", "reason": "below minimum trade size ($25) after position cap ($13,528.52), room ($13,528.52), regime multiplier (100%), and cash reserve ($2,505.28 kept of $-4,761.15 cash)"}
  -> {"ticker": "NFLX", "status": "skipped", "reason": "below minimum trade size ($25) after position cap ($10,522.18), room ($10,522.18), regime multiplier (100%), and cash reserve ($5,010.56 kept of $-4,761.15 cash)"}
Ending portfolio value: $100,211.23

=== Run at 2026-08-08T01:30:36.385073 ===
Current time: 2026-08-07 09:30 PM EDT | Market open (per Alpaca): False
Account value: $100,211.23
Cash: $-4,761.15 | Holdings (13): {'AAPL': '12.8012 sh (-0.08%)', 'AMZN': '25.4179 sh (-0.06%)', 'COP': '63.8341 sh (+1.40%)', 'COST': '7.8517 sh (+0.68%)', 'DIS': '66.8769 sh (+0.23%)', 'GOOGL': '20.8177 sh (-0.91%)', 'HD': '34.1034 sh (+1.14%)', 'HON': '49.4672 sh (+1.55%)', 'LMT': '20.7665 sh (+1.49%)', 'MA': '15.7159 sh (-1.61%)', 'META': '12.712 sh (+0.50%)', 'MSFT': '14.999 sh (-0.86%)', 'TSLA': '13.0184 sh (+1.89%)'}
Market regime: BULLISH (position-size multiplier: 100%)
News: fetched 60, 0 new after dedup, 0 ticker(s) matched.
Quant pre-screen: 6/10 candidates passed.
Gemini proposed 2 trade(s) meeting the conviction bar.
Gemini calls used today (all models combined): 92
  -> {"ticker": "NVDA", "status": "skipped", "reason": "below minimum trade size ($25) after position cap ($13,528.52), room ($13,528.52), regime multiplier (100%), and cash reserve ($2,505.28 kept of $-4,761.15 cash)"}
  -> {"ticker": "NFLX", "status": "skipped", "reason": "below minimum trade size ($25) after position cap ($10,522.18), room ($10,522.18), regime multiplier (100%), and cash reserve ($5,010.56 kept of $-4,761.15 cash)"}
Ending portfolio value: $100,211.23

=== Run at 2026-08-08T01:32:25.707132 ===
Current time: 2026-08-07 09:32 PM EDT | Market open (per Alpaca): False
Account value: $100,211.23
Cash: $-4,761.15 | Holdings (13): {'AAPL': '12.8012 sh (-0.08%)', 'AMZN': '25.4179 sh (-0.06%)', 'COP': '63.8341 sh (+1.40%)', 'COST': '7.8517 sh (+0.68%)', 'DIS': '66.8769 sh (+0.23%)', 'GOOGL': '20.8177 sh (-0.91%)', 'HD': '34.1034 sh (+1.14%)', 'HON': '49.4672 sh (+1.55%)', 'LMT': '20.7665 sh (+1.49%)', 'MA': '15.7159 sh (-1.61%)', 'META': '12.712 sh (+0.50%)', 'MSFT': '14.999 sh (-0.86%)', 'TSLA': '13.0184 sh (+1.89%)'}
Market regime: BULLISH (position-size multiplier: 100%)
News: fetched 60, 0 new after dedup, 0 ticker(s) matched.
Quant pre-screen: 6/10 candidates passed.
Gemini proposed 2 trade(s) meeting the conviction bar.
Gemini calls used today (all models combined): 93
  -> {"ticker": "NVDA", "status": "skipped", "reason": "below minimum trade size ($25) after position cap ($13,528.52), room ($13,528.52), regime multiplier (100%), and cash reserve ($2,505.28 kept of $-4,761.15 cash)"}
  -> {"ticker": "NFLX", "status": "skipped", "reason": "below minimum trade size ($25) after position cap ($10,522.18), room ($10,522.18), regime multiplier (100%), and cash reserve ($5,010.56 kept of $-4,761.15 cash)"}
Ending portfolio value: $100,211.23

=== Run at 2026-08-08T01:34:23.495007 ===
Current time: 2026-08-07 09:34 PM EDT | Market open (per Alpaca): False
Account value: $100,211.23
Cash: $-4,761.15 | Holdings (13): {'AAPL': '12.8012 sh (-0.08%)', 'AMZN': '25.4179 sh (-0.06%)', 'COP': '63.8341 sh (+1.40%)', 'COST': '7.8517 sh (+0.68%)', 'DIS': '66.8769 sh (+0.23%)', 'GOOGL': '20.8177 sh (-0.91%)', 'HD': '34.1034 sh (+1.14%)', 'HON': '49.4672 sh (+1.55%)', 'LMT': '20.7665 sh (+1.49%)', 'MA': '15.7159 sh (-1.61%)', 'META': '12.712 sh (+0.50%)', 'MSFT': '14.999 sh (-0.86%)', 'TSLA': '13.0184 sh (+1.89%)'}
Market regime: BULLISH (position-size multiplier: 100%)
News: fetched 60, 0 new after dedup, 0 ticker(s) matched.
Quant pre-screen: 6/10 candidates passed.
Gemini proposed 2 trade(s) meeting the conviction bar.
Gemini calls used today (all models combined): 94
  -> {"ticker": "NVDA", "status": "skipped", "reason": "below minimum trade size ($25) after position cap ($13,528.52), room ($13,528.52), regime multiplier (100%), and cash reserve ($2,505.28 kept of $-4,761.15 cash)"}
  -> {"ticker": "AVGO", "status": "skipped", "reason": "below minimum trade size ($25) after position cap ($10,522.18), room ($10,522.18), regime multiplier (100%), and cash reserve ($5,010.56 kept of $-4,761.15 cash)"}
Ending portfolio value: $100,211.23

=== Run at 2026-08-08T01:36:27.689306 ===
Current time: 2026-08-07 09:36 PM EDT | Market open (per Alpaca): False
Account value: $100,211.23
Cash: $-4,761.15 | Holdings (13): {'AAPL': '12.8012 sh (-0.08%)', 'AMZN': '25.4179 sh (-0.06%)', 'COP': '63.8341 sh (+1.40%)', 'COST': '7.8517 sh (+0.68%)', 'DIS': '66.8769 sh (+0.23%)', 'GOOGL': '20.8177 sh (-0.91%)', 'HD': '34.1034 sh (+1.14%)', 'HON': '49.4672 sh (+1.55%)', 'LMT': '20.7665 sh (+1.49%)', 'MA': '15.7159 sh (-1.61%)', 'META': '12.712 sh (+0.50%)', 'MSFT': '14.999 sh (-0.86%)', 'TSLA': '13.0184 sh (+1.89%)'}
Market regime: BULLISH (position-size multiplier: 100%)
News: fetched 60, 0 new after dedup, 0 ticker(s) matched.
Quant pre-screen: 6/10 candidates passed.
Gemini proposed 2 trade(s) meeting the conviction bar.
Gemini calls used today (all models combined): 95
  -> {"ticker": "NVDA", "status": "skipped", "reason": "below minimum trade size ($25) after position cap ($13,528.52), room ($13,528.52), regime multiplier (100%), and cash reserve ($2,505.28 kept of $-4,761.15 cash)"}
  -> {"ticker": "NFLX", "status": "skipped", "reason": "below minimum trade size ($25) after position cap ($10,522.18), room ($10,522.18), regime multiplier (100%), and cash reserve ($5,010.56 kept of $-4,761.15 cash)"}
Ending portfolio value: $100,211.23

=== Run at 2026-08-08T01:38:24.723432 ===
Current time: 2026-08-07 09:38 PM EDT | Market open (per Alpaca): False
Account value: $100,211.23
Cash: $-4,761.15 | Holdings (13): {'AAPL': '12.8012 sh (-0.08%)', 'AMZN': '25.4179 sh (-0.06%)', 'COP': '63.8341 sh (+1.40%)', 'COST': '7.8517 sh (+0.68%)', 'DIS': '66.8769 sh (+0.23%)', 'GOOGL': '20.8177 sh (-0.91%)', 'HD': '34.1034 sh (+1.14%)', 'HON': '49.4672 sh (+1.55%)', 'LMT': '20.7665 sh (+1.49%)', 'MA': '15.7159 sh (-1.61%)', 'META': '12.712 sh (+0.50%)', 'MSFT': '14.999 sh (-0.86%)', 'TSLA': '13.0184 sh (+1.89%)'}
Market regime: BULLISH (position-size multiplier: 100%)
News: fetched 60, 0 new after dedup, 0 ticker(s) matched.
Quant pre-screen: 6/10 candidates passed.
Gemini proposed 2 trade(s) meeting the conviction bar.
Gemini calls used today (all models combined): 96
  -> {"ticker": "NVDA", "status": "skipped", "reason": "below minimum trade size ($25) after position cap ($13,528.52), room ($13,528.52), regime multiplier (100%), and cash reserve ($2,505.28 kept of $-4,761.15 cash)"}
  -> {"ticker": "NFLX", "status": "skipped", "reason": "below minimum trade size ($25) after position cap ($10,522.18), room ($10,522.18), regime multiplier (100%), and cash reserve ($5,010.56 kept of $-4,761.15 cash)"}
Ending portfolio value: $100,211.23

=== Run at 2026-08-08T01:40:32.608612 ===
Current time: 2026-08-07 09:40 PM EDT | Market open (per Alpaca): False
Account value: $100,211.23
Cash: $-4,761.15 | Holdings (13): {'AAPL': '12.8012 sh (-0.08%)', 'AMZN': '25.4179 sh (-0.06%)', 'COP': '63.8341 sh (+1.40%)', 'COST': '7.8517 sh (+0.68%)', 'DIS': '66.8769 sh (+0.23%)', 'GOOGL': '20.8177 sh (-0.91%)', 'HD': '34.1034 sh (+1.14%)', 'HON': '49.4672 sh (+1.55%)', 'LMT': '20.7665 sh (+1.49%)', 'MA': '15.7159 sh (-1.61%)', 'META': '12.712 sh (+0.50%)', 'MSFT': '14.999 sh (-0.86%)', 'TSLA': '13.0184 sh (+1.89%)'}
Market regime: BULLISH (position-size multiplier: 100%)
News: fetched 60, 0 new after dedup, 0 ticker(s) matched.
Quant pre-screen: 6/10 candidates passed.
Gemini proposed 2 trade(s) meeting the conviction bar.
Gemini calls used today (all models combined): 97
  -> {"ticker": "NVDA", "status": "skipped", "reason": "below minimum trade size ($25) after position cap ($13,528.52), room ($13,528.52), regime multiplier (100%), and cash reserve ($2,505.28 kept of $-4,761.15 cash)"}
  -> {"ticker": "NFLX", "status": "skipped", "reason": "below minimum trade size ($25) after position cap ($10,522.18), room ($10,522.18), regime multiplier (100%), and cash reserve ($5,010.56 kept of $-4,761.15 cash)"}
Ending portfolio value: $100,211.23

=== Run at 2026-08-08T01:42:31.180683 ===
Current time: 2026-08-07 09:42 PM EDT | Market open (per Alpaca): False
Account value: $100,211.23
Cash: $-4,761.15 | Holdings (13): {'AAPL': '12.8012 sh (-0.08%)', 'AMZN': '25.4179 sh (-0.06%)', 'COP': '63.8341 sh (+1.40%)', 'COST': '7.8517 sh (+0.68%)', 'DIS': '66.8769 sh (+0.23%)', 'GOOGL': '20.8177 sh (-0.91%)', 'HD': '34.1034 sh (+1.14%)', 'HON': '49.4672 sh (+1.55%)', 'LMT': '20.7665 sh (+1.49%)', 'MA': '15.7159 sh (-1.61%)', 'META': '12.712 sh (+0.50%)', 'MSFT': '14.999 sh (-0.86%)', 'TSLA': '13.0184 sh (+1.89%)'}
Market regime: BULLISH (position-size multiplier: 100%)
News: fetched 60, 0 new after dedup, 0 ticker(s) matched.
Quant pre-screen: 6/10 candidates passed.
Gemini proposed 2 trade(s) meeting the conviction bar.
Gemini calls used today (all models combined): 98
  -> {"ticker": "NVDA", "status": "skipped", "reason": "below minimum trade size ($25) after position cap ($13,528.52), room ($13,528.52), regime multiplier (100%), and cash reserve ($2,505.28 kept of $-4,761.15 cash)"}
  -> {"ticker": "NFLX", "status": "skipped", "reason": "below minimum trade size ($25) after position cap ($10,522.18), room ($10,522.18), regime multiplier (100%), and cash reserve ($5,010.56 kept of $-4,761.15 cash)"}
Ending portfolio value: $100,211.23

=== Run at 2026-08-08T01:44:23.866077 ===
Current time: 2026-08-07 09:44 PM EDT | Market open (per Alpaca): False
Account value: $100,211.23
Cash: $-4,761.15 | Holdings (13): {'AAPL': '12.8012 sh (-0.08%)', 'AMZN': '25.4179 sh (-0.06%)', 'COP': '63.8341 sh (+1.40%)', 'COST': '7.8517 sh (+0.68%)', 'DIS': '66.8769 sh (+0.23%)', 'GOOGL': '20.8177 sh (-0.91%)', 'HD': '34.1034 sh (+1.14%)', 'HON': '49.4672 sh (+1.55%)', 'LMT': '20.7665 sh (+1.49%)', 'MA': '15.7159 sh (-1.61%)', 'META': '12.712 sh (+0.50%)', 'MSFT': '14.999 sh (-0.86%)', 'TSLA': '13.0184 sh (+1.89%)'}
Market regime: BULLISH (position-size multiplier: 100%)
News: fetched 0, 0 new after dedup, 0 ticker(s) matched.
Quant pre-screen: 6/10 candidates passed.
Gemini proposed 2 trade(s) meeting the conviction bar.
Gemini calls used today (all models combined): 99
  -> {"ticker": "NVDA", "status": "skipped", "reason": "below minimum trade size ($25) after position cap ($13,528.52), room ($13,528.52), regime multiplier (100%), and cash reserve ($2,505.28 kept of $-4,761.15 cash)"}
  -> {"ticker": "NFLX", "status": "skipped", "reason": "below minimum trade size ($25) after position cap ($10,522.18), room ($10,522.18), regime multiplier (100%), and cash reserve ($5,010.56 kept of $-4,761.15 cash)"}
Ending portfolio value: $100,211.23

=== Run at 2026-08-08T01:46:28.980946 ===
Current time: 2026-08-07 09:46 PM EDT | Market open (per Alpaca): False
Account value: $100,211.23
Cash: $-4,761.15 | Holdings (13): {'AAPL': '12.8012 sh (-0.08%)', 'AMZN': '25.4179 sh (-0.06%)', 'COP': '63.8341 sh (+1.40%)', 'COST': '7.8517 sh (+0.68%)', 'DIS': '66.8769 sh (+0.23%)', 'GOOGL': '20.8177 sh (-0.91%)', 'HD': '34.1034 sh (+1.14%)', 'HON': '49.4672 sh (+1.55%)', 'LMT': '20.7665 sh (+1.49%)', 'MA': '15.7159 sh (-1.61%)', 'META': '12.712 sh (+0.50%)', 'MSFT': '14.999 sh (-0.86%)', 'TSLA': '13.0184 sh (+1.89%)'}
Market regime: BULLISH (position-size multiplier: 100%)
News: fetched 60, 0 new after dedup, 0 ticker(s) matched.
Quant pre-screen: 6/10 candidates passed.
Gemini proposed 2 trade(s) meeting the conviction bar.
Gemini calls used today (all models combined): 100
  -> {"ticker": "NVDA", "status": "skipped", "reason": "below minimum trade size ($25) after position cap ($13,528.52), room ($13,528.52), regime multiplier (100%), and cash reserve ($2,505.28 kept of $-4,761.15 cash)"}
  -> {"ticker": "NFLX", "status": "skipped", "reason": "below minimum trade size ($25) after position cap ($10,522.18), room ($10,522.18), regime multiplier (100%), and cash reserve ($5,010.56 kept of $-4,761.15 cash)"}
Ending portfolio value: $100,211.23

=== Run at 2026-08-08T01:48:29.152960 ===
Current time: 2026-08-07 09:48 PM EDT | Market open (per Alpaca): False
Account value: $100,211.23
Cash: $-4,761.15 | Holdings (13): {'AAPL': '12.8012 sh (-0.08%)', 'AMZN': '25.4179 sh (-0.06%)', 'COP': '63.8341 sh (+1.40%)', 'COST': '7.8517 sh (+0.68%)', 'DIS': '66.8769 sh (+0.23%)', 'GOOGL': '20.8177 sh (-0.91%)', 'HD': '34.1034 sh (+1.14%)', 'HON': '49.4672 sh (+1.55%)', 'LMT': '20.7665 sh (+1.49%)', 'MA': '15.7159 sh (-1.61%)', 'META': '12.712 sh (+0.50%)', 'MSFT': '14.999 sh (-0.86%)', 'TSLA': '13.0184 sh (+1.89%)'}
Market regime: BULLISH (position-size multiplier: 100%)
News: fetched 60, 0 new after dedup, 0 ticker(s) matched.
Quant pre-screen: 6/10 candidates passed.
Gemini proposed 2 trade(s) meeting the conviction bar.
Gemini calls used today (all models combined): 101
  -> {"ticker": "NVDA", "status": "skipped", "reason": "below minimum trade size ($25) after position cap ($13,528.52), room ($13,528.52), regime multiplier (100%), and cash reserve ($2,505.28 kept of $-4,761.15 cash)"}
  -> {"ticker": "NFLX", "status": "skipped", "reason": "below minimum trade size ($25) after position cap ($10,522.18), room ($10,522.18), regime multiplier (100%), and cash reserve ($5,010.56 kept of $-4,761.15 cash)"}
Ending portfolio value: $100,211.23

=== Run at 2026-08-08T01:50:34.280360 ===
Current time: 2026-08-07 09:50 PM EDT | Market open (per Alpaca): False
Account value: $100,211.23
Cash: $-4,761.15 | Holdings (13): {'AAPL': '12.8012 sh (-0.08%)', 'AMZN': '25.4179 sh (-0.06%)', 'COP': '63.8341 sh (+1.40%)', 'COST': '7.8517 sh (+0.68%)', 'DIS': '66.8769 sh (+0.23%)', 'GOOGL': '20.8177 sh (-0.91%)', 'HD': '34.1034 sh (+1.14%)', 'HON': '49.4672 sh (+1.55%)', 'LMT': '20.7665 sh (+1.49%)', 'MA': '15.7159 sh (-1.61%)', 'META': '12.712 sh (+0.50%)', 'MSFT': '14.999 sh (-0.86%)', 'TSLA': '13.0184 sh (+1.89%)'}
Market regime: BULLISH (position-size multiplier: 100%)
News: fetched 60, 0 new after dedup, 0 ticker(s) matched.
Quant pre-screen: 6/10 candidates passed.
Gemini proposed 2 trade(s) meeting the conviction bar.
Gemini calls used today (all models combined): 102
  -> {"ticker": "NVDA", "status": "skipped", "reason": "below minimum trade size ($25) after position cap ($13,528.52), room ($13,528.52), regime multiplier (100%), and cash reserve ($2,505.28 kept of $-4,761.15 cash)"}
  -> {"ticker": "NFLX", "status": "skipped", "reason": "below minimum trade size ($25) after position cap ($10,522.18), room ($10,522.18), regime multiplier (100%), and cash reserve ($5,010.56 kept of $-4,761.15 cash)"}
Ending portfolio value: $100,211.23

=== Run at 2026-08-08T01:52:29.061806 ===
Current time: 2026-08-07 09:52 PM EDT | Market open (per Alpaca): False
Account value: $100,211.23
Cash: $-4,761.15 | Holdings (13): {'AAPL': '12.8012 sh (-0.08%)', 'AMZN': '25.4179 sh (-0.06%)', 'COP': '63.8341 sh (+1.40%)', 'COST': '7.8517 sh (+0.68%)', 'DIS': '66.8769 sh (+0.23%)', 'GOOGL': '20.8177 sh (-0.91%)', 'HD': '34.1034 sh (+1.14%)', 'HON': '49.4672 sh (+1.55%)', 'LMT': '20.7665 sh (+1.49%)', 'MA': '15.7159 sh (-1.61%)', 'META': '12.712 sh (+0.50%)', 'MSFT': '14.999 sh (-0.86%)', 'TSLA': '13.0184 sh (+1.89%)'}
Market regime: BULLISH (position-size multiplier: 100%)
News: fetched 60, 0 new after dedup, 0 ticker(s) matched.
Quant pre-screen: 6/10 candidates passed.
Gemini proposed 2 trade(s) meeting the conviction bar.
Gemini calls used today (all models combined): 103
  -> {"ticker": "NVDA", "status": "skipped", "reason": "below minimum trade size ($25) after position cap ($13,528.52), room ($13,528.52), regime multiplier (100%), and cash reserve ($2,505.28 kept of $-4,761.15 cash)"}
  -> {"ticker": "NFLX", "status": "skipped", "reason": "below minimum trade size ($25) after position cap ($10,522.18), room ($10,522.18), regime multiplier (100%), and cash reserve ($5,010.56 kept of $-4,761.15 cash)"}
Ending portfolio value: $100,211.23

=== Run at 2026-08-08T01:54:27.925320 ===
Current time: 2026-08-07 09:54 PM EDT | Market open (per Alpaca): False
Account value: $100,211.23
Cash: $-4,761.15 | Holdings (13): {'AAPL': '12.8012 sh (-0.08%)', 'AMZN': '25.4179 sh (-0.06%)', 'COP': '63.8341 sh (+1.40%)', 'COST': '7.8517 sh (+0.68%)', 'DIS': '66.8769 sh (+0.23%)', 'GOOGL': '20.8177 sh (-0.91%)', 'HD': '34.1034 sh (+1.14%)', 'HON': '49.4672 sh (+1.55%)', 'LMT': '20.7665 sh (+1.49%)', 'MA': '15.7159 sh (-1.61%)', 'META': '12.712 sh (+0.50%)', 'MSFT': '14.999 sh (-0.86%)', 'TSLA': '13.0184 sh (+1.89%)'}
Market regime: BULLISH (position-size multiplier: 100%)
News: fetched 60, 0 new after dedup, 0 ticker(s) matched.
Quant pre-screen: 6/10 candidates passed.
Gemini proposed 2 trade(s) meeting the conviction bar.
Gemini calls used today (all models combined): 104
  -> {"ticker": "NVDA", "status": "skipped", "reason": "below minimum trade size ($25) after position cap ($13,528.52), room ($13,528.52), regime multiplier (100%), and cash reserve ($2,505.28 kept of $-4,761.15 cash)"}
  -> {"ticker": "NFLX", "status": "skipped", "reason": "below minimum trade size ($25) after position cap ($10,522.18), room ($10,522.18), regime multiplier (100%), and cash reserve ($5,010.56 kept of $-4,761.15 cash)"}
Ending portfolio value: $100,211.23

=== Run at 2026-08-08T01:56:29.161429 ===
Current time: 2026-08-07 09:56 PM EDT | Market open (per Alpaca): False
Account value: $100,211.23
Cash: $-4,761.15 | Holdings (13): {'AAPL': '12.8012 sh (-0.08%)', 'AMZN': '25.4179 sh (-0.06%)', 'COP': '63.8341 sh (+1.40%)', 'COST': '7.8517 sh (+0.68%)', 'DIS': '66.8769 sh (+0.23%)', 'GOOGL': '20.8177 sh (-0.91%)', 'HD': '34.1034 sh (+1.14%)', 'HON': '49.4672 sh (+1.55%)', 'LMT': '20.7665 sh (+1.49%)', 'MA': '15.7159 sh (-1.61%)', 'META': '12.712 sh (+0.50%)', 'MSFT': '14.999 sh (-0.86%)', 'TSLA': '13.0184 sh (+1.89%)'}
Market regime: BULLISH (position-size multiplier: 100%)
News: fetched 60, 0 new after dedup, 0 ticker(s) matched.
Quant pre-screen: 6/10 candidates passed.
Gemini proposed 2 trade(s) meeting the conviction bar.
Gemini calls used today (all models combined): 105
  -> {"ticker": "NVDA", "status": "skipped", "reason": "below minimum trade size ($25) after position cap ($13,528.52), room ($13,528.52), regime multiplier (100%), and cash reserve ($2,505.28 kept of $-4,761.15 cash)"}
  -> {"ticker": "NFLX", "status": "skipped", "reason": "below minimum trade size ($25) after position cap ($10,522.18), room ($10,522.18), regime multiplier (100%), and cash reserve ($5,010.56 kept of $-4,761.15 cash)"}
Ending portfolio value: $100,211.23

=== Run at 2026-08-08T01:58:29.148781 ===
Current time: 2026-08-07 09:58 PM EDT | Market open (per Alpaca): False
Account value: $100,211.23
Cash: $-4,761.15 | Holdings (13): {'AAPL': '12.8012 sh (-0.08%)', 'AMZN': '25.4179 sh (-0.06%)', 'COP': '63.8341 sh (+1.40%)', 'COST': '7.8517 sh (+0.68%)', 'DIS': '66.8769 sh (+0.23%)', 'GOOGL': '20.8177 sh (-0.91%)', 'HD': '34.1034 sh (+1.14%)', 'HON': '49.4672 sh (+1.55%)', 'LMT': '20.7665 sh (+1.49%)', 'MA': '15.7159 sh (-1.61%)', 'META': '12.712 sh (+0.50%)', 'MSFT': '14.999 sh (-0.86%)', 'TSLA': '13.0184 sh (+1.89%)'}
Market regime: BULLISH (position-size multiplier: 100%)
News: fetched 60, 0 new after dedup, 0 ticker(s) matched.
Quant pre-screen: 6/10 candidates passed.
Gemini proposed 2 trade(s) meeting the conviction bar.
Gemini calls used today (all models combined): 106
  -> {"ticker": "NVDA", "status": "skipped", "reason": "below minimum trade size ($25) after position cap ($13,528.52), room ($13,528.52), regime multiplier (100%), and cash reserve ($2,505.28 kept of $-4,761.15 cash)"}
  -> {"ticker": "NFLX", "status": "skipped", "reason": "below minimum trade size ($25) after position cap ($10,522.18), room ($10,522.18), regime multiplier (100%), and cash reserve ($5,010.56 kept of $-4,761.15 cash)"}
Ending portfolio value: $100,211.23

=== Run at 2026-08-08T02:00:40.670920 ===
Current time: 2026-08-07 10:00 PM EDT | Market open (per Alpaca): False
Account value: $100,211.23
Cash: $-4,761.15 | Holdings (13): {'AAPL': '12.8012 sh (-0.08%)', 'AMZN': '25.4179 sh (-0.06%)', 'COP': '63.8341 sh (+1.40%)', 'COST': '7.8517 sh (+0.68%)', 'DIS': '66.8769 sh (+0.23%)', 'GOOGL': '20.8177 sh (-0.91%)', 'HD': '34.1034 sh (+1.14%)', 'HON': '49.4672 sh (+1.55%)', 'LMT': '20.7665 sh (+1.49%)', 'MA': '15.7159 sh (-1.61%)', 'META': '12.712 sh (+0.50%)', 'MSFT': '14.999 sh (-0.86%)', 'TSLA': '13.0184 sh (+1.89%)'}
Market regime: BULLISH (position-size multiplier: 100%)
News: fetched 60, 0 new after dedup, 0 ticker(s) matched.
Quant pre-screen: 6/10 candidates passed.
Gemini proposed 2 trade(s) meeting the conviction bar.
Gemini calls used today (all models combined): 107
  -> {"ticker": "NVDA", "status": "skipped", "reason": "below minimum trade size ($25) after position cap ($13,528.52), room ($13,528.52), regime multiplier (100%), and cash reserve ($2,505.28 kept of $-4,761.15 cash)"}
  -> {"ticker": "NFLX", "status": "skipped", "reason": "below minimum trade size ($25) after position cap ($10,522.18), room ($10,522.18), regime multiplier (100%), and cash reserve ($5,010.56 kept of $-4,761.15 cash)"}
Ending portfolio value: $100,211.23

=== Run at 2026-08-08T02:02:23.246549 ===
Current time: 2026-08-07 10:02 PM EDT | Market open (per Alpaca): False
Account value: $100,223.53
Cash: $-4,761.15 | Holdings (13): {'AAPL': '12.8012 sh (-0.02%)', 'AMZN': '25.4179 sh (-0.01%)', 'COP': '63.8341 sh (+1.40%)', 'COST': '7.8517 sh (+0.77%)', 'DIS': '66.8769 sh (+0.23%)', 'GOOGL': '20.8177 sh (-0.91%)', 'HD': '34.1034 sh (+1.14%)', 'HON': '49.4672 sh (+1.55%)', 'LMT': '20.7665 sh (+1.49%)', 'MA': '15.7159 sh (-1.61%)', 'META': '12.712 sh (+0.50%)', 'MSFT': '14.999 sh (-0.86%)', 'TSLA': '13.0184 sh (+1.89%)'}
Market regime: BULLISH (position-size multiplier: 100%)
News: fetched 60, 0 new after dedup, 0 ticker(s) matched.
Quant pre-screen: 6/10 candidates passed.
Gemini proposed 1 trade(s) meeting the conviction bar.
Gemini calls used today (all models combined): 108
  -> {"ticker": "NVDA", "status": "skipped", "reason": "below minimum trade size ($25) after position cap ($13,530.18), room ($13,530.18), regime multiplier (100%), and cash reserve ($2,505.59 kept of $-4,761.15 cash)"}
Ending portfolio value: $100,223.53

=== Run at 2026-08-08T02:04:32.789409 ===
Current time: 2026-08-07 10:04 PM EDT | Market open (per Alpaca): False
Account value: $100,235.66
Cash: $-4,761.15 | Holdings (13): {'AAPL': '12.8012 sh (-0.02%)', 'AMZN': '25.4179 sh (-0.01%)', 'COP': '63.8341 sh (+1.40%)', 'COST': '7.8517 sh (+0.77%)', 'DIS': '66.8769 sh (+0.30%)', 'GOOGL': '20.8177 sh (-1.02%)', 'HD': '34.1034 sh (+1.23%)', 'HON': '49.4672 sh (+1.55%)', 'LMT': '20.7665 sh (+1.48%)', 'MA': '15.7159 sh (-1.61%)', 'META': '12.712 sh (+0.53%)', 'MSFT': '14.999 sh (-0.74%)', 'TSLA': '13.0184 sh (+1.76%)'}
Market regime: BULLISH (position-size multiplier: 100%)
News: fetched 60, 0 new after dedup, 0 ticker(s) matched.
Quant pre-screen: 6/10 candidates passed.
Gemini proposed 2 trade(s) meeting the conviction bar.
Gemini calls used today (all models combined): 109
  -> {"ticker": "NVDA", "status": "skipped", "reason": "below minimum trade size ($25) after position cap ($13,531.81), room ($13,531.81), regime multiplier (100%), and cash reserve ($2,505.89 kept of $-4,761.15 cash)"}
  -> {"ticker": "NFLX", "status": "skipped", "reason": "below minimum trade size ($25) after position cap ($10,524.74), room ($10,524.74), regime multiplier (100%), and cash reserve ($5,011.78 kept of $-4,761.15 cash)"}
Ending portfolio value: $100,235.66

=== Run at 2026-08-08T02:06:30.662791 ===
Current time: 2026-08-07 10:06 PM EDT | Market open (per Alpaca): False
Account value: $100,235.66
Cash: $-4,761.15 | Holdings (13): {'AAPL': '12.8012 sh (-0.02%)', 'AMZN': '25.4179 sh (-0.01%)', 'COP': '63.8341 sh (+1.40%)', 'COST': '7.8517 sh (+0.77%)', 'DIS': '66.8769 sh (+0.30%)', 'GOOGL': '20.8177 sh (-1.02%)', 'HD': '34.1034 sh (+1.23%)', 'HON': '49.4672 sh (+1.55%)', 'LMT': '20.7665 sh (+1.48%)', 'MA': '15.7159 sh (-1.61%)', 'META': '12.712 sh (+0.53%)', 'MSFT': '14.999 sh (-0.74%)', 'TSLA': '13.0184 sh (+1.76%)'}
Market regime: BULLISH (position-size multiplier: 100%)
News: fetched 60, 0 new after dedup, 0 ticker(s) matched.
Quant pre-screen: 6/10 candidates passed.
Gemini proposed 2 trade(s) meeting the conviction bar.
Gemini calls used today (all models combined): 110
  -> {"ticker": "NVDA", "status": "skipped", "reason": "below minimum trade size ($25) after position cap ($13,531.81), room ($13,531.81), regime multiplier (100%), and cash reserve ($2,505.89 kept of $-4,761.15 cash)"}
  -> {"ticker": "AVGO", "status": "skipped", "reason": "below minimum trade size ($25) after position cap ($10,524.74), room ($10,524.74), regime multiplier (100%), and cash reserve ($5,011.78 kept of $-4,761.15 cash)"}
Ending portfolio value: $100,235.66

=== Run at 2026-08-08T02:08:27.875612 ===
Current time: 2026-08-07 10:08 PM EDT | Market open (per Alpaca): False
Account value: $100,235.66
Cash: $-4,761.15 | Holdings (13): {'AAPL': '12.8012 sh (-0.02%)', 'AMZN': '25.4179 sh (-0.01%)', 'COP': '63.8341 sh (+1.40%)', 'COST': '7.8517 sh (+0.77%)', 'DIS': '66.8769 sh (+0.30%)', 'GOOGL': '20.8177 sh (-1.02%)', 'HD': '34.1034 sh (+1.23%)', 'HON': '49.4672 sh (+1.55%)', 'LMT': '20.7665 sh (+1.48%)', 'MA': '15.7159 sh (-1.61%)', 'META': '12.712 sh (+0.53%)', 'MSFT': '14.999 sh (-0.74%)', 'TSLA': '13.0184 sh (+1.76%)'}
Market regime: BULLISH (position-size multiplier: 100%)
News: fetched 60, 0 new after dedup, 0 ticker(s) matched.
Quant pre-screen: 6/10 candidates passed.
Gemini proposed 2 trade(s) meeting the conviction bar.
Gemini calls used today (all models combined): 111
  -> {"ticker": "NVDA", "status": "skipped", "reason": "below minimum trade size ($25) after position cap ($13,531.81), room ($13,531.81), regime multiplier (100%), and cash reserve ($2,505.89 kept of $-4,761.15 cash)"}
  -> {"ticker": "NFLX", "status": "skipped", "reason": "below minimum trade size ($25) after position cap ($10,524.74), room ($10,524.74), regime multiplier (100%), and cash reserve ($5,011.78 kept of $-4,761.15 cash)"}
Ending portfolio value: $100,235.66

=== Run at 2026-08-08T02:10:26.656113 ===
Current time: 2026-08-07 10:10 PM EDT | Market open (per Alpaca): False
Account value: $100,235.66
Cash: $-4,761.15 | Holdings (13): {'AAPL': '12.8012 sh (-0.02%)', 'AMZN': '25.4179 sh (-0.01%)', 'COP': '63.8341 sh (+1.40%)', 'COST': '7.8517 sh (+0.77%)', 'DIS': '66.8769 sh (+0.30%)', 'GOOGL': '20.8177 sh (-1.02%)', 'HD': '34.1034 sh (+1.23%)', 'HON': '49.4672 sh (+1.55%)', 'LMT': '20.7665 sh (+1.48%)', 'MA': '15.7159 sh (-1.61%)', 'META': '12.712 sh (+0.53%)', 'MSFT': '14.999 sh (-0.74%)', 'TSLA': '13.0184 sh (+1.76%)'}
Market regime: BULLISH (position-size multiplier: 100%)
News: fetched 60, 0 new after dedup, 0 ticker(s) matched.
Quant pre-screen: 6/10 candidates passed.
Gemini proposed 2 trade(s) meeting the conviction bar.
Gemini calls used today (all models combined): 112
  -> {"ticker": "NVDA", "status": "skipped", "reason": "below minimum trade size ($25) after position cap ($13,531.81), room ($13,531.81), regime multiplier (100%), and cash reserve ($2,505.89 kept of $-4,761.15 cash)"}
  -> {"ticker": "NFLX", "status": "skipped", "reason": "below minimum trade size ($25) after position cap ($10,524.74), room ($10,524.74), regime multiplier (100%), and cash reserve ($5,011.78 kept of $-4,761.15 cash)"}
Ending portfolio value: $100,235.66

=== Run at 2026-08-08T02:12:29.139598 ===
Current time: 2026-08-07 10:12 PM EDT | Market open (per Alpaca): False
Account value: $100,235.66
Cash: $-4,761.15 | Holdings (13): {'AAPL': '12.8012 sh (-0.02%)', 'AMZN': '25.4179 sh (-0.01%)', 'COP': '63.8341 sh (+1.40%)', 'COST': '7.8517 sh (+0.77%)', 'DIS': '66.8769 sh (+0.30%)', 'GOOGL': '20.8177 sh (-1.02%)', 'HD': '34.1034 sh (+1.23%)', 'HON': '49.4672 sh (+1.55%)', 'LMT': '20.7665 sh (+1.48%)', 'MA': '15.7159 sh (-1.61%)', 'META': '12.712 sh (+0.53%)', 'MSFT': '14.999 sh (-0.74%)', 'TSLA': '13.0184 sh (+1.76%)'}
Market regime: BULLISH (position-size multiplier: 100%)
News: fetched 60, 0 new after dedup, 0 ticker(s) matched.
Quant pre-screen: 6/10 candidates passed.
Gemini proposed 2 trade(s) meeting the conviction bar.
Gemini calls used today (all models combined): 113
  -> {"ticker": "NVDA", "status": "skipped", "reason": "below minimum trade size ($25) after position cap ($13,531.81), room ($13,531.81), regime multiplier (100%), and cash reserve ($2,505.89 kept of $-4,761.15 cash)"}
  -> {"ticker": "AVGO", "status": "skipped", "reason": "below minimum trade size ($25) after position cap ($10,524.74), room ($10,524.74), regime multiplier (100%), and cash reserve ($5,011.78 kept of $-4,761.15 cash)"}
Ending portfolio value: $100,235.66

=== Run at 2026-08-08T02:14:24.073313 ===
Current time: 2026-08-07 10:14 PM EDT | Market open (per Alpaca): False
Account value: $100,235.66
Cash: $-4,761.15 | Holdings (13): {'AAPL': '12.8012 sh (-0.02%)', 'AMZN': '25.4179 sh (-0.01%)', 'COP': '63.8341 sh (+1.40%)', 'COST': '7.8517 sh (+0.77%)', 'DIS': '66.8769 sh (+0.30%)', 'GOOGL': '20.8177 sh (-1.02%)', 'HD': '34.1034 sh (+1.23%)', 'HON': '49.4672 sh (+1.55%)', 'LMT': '20.7665 sh (+1.48%)', 'MA': '15.7159 sh (-1.61%)', 'META': '12.712 sh (+0.53%)', 'MSFT': '14.999 sh (-0.74%)', 'TSLA': '13.0184 sh (+1.76%)'}
Market regime: BULLISH (position-size multiplier: 100%)
News: fetched 60, 0 new after dedup, 0 ticker(s) matched.
Quant pre-screen: 6/10 candidates passed.
Gemini proposed 2 trade(s) meeting the conviction bar.
Gemini calls used today (all models combined): 114
  -> {"ticker": "NVDA", "status": "skipped", "reason": "below minimum trade size ($25) after position cap ($13,531.81), room ($13,531.81), regime multiplier (100%), and cash reserve ($2,505.89 kept of $-4,761.15 cash)"}
  -> {"ticker": "NFLX", "status": "skipped", "reason": "below minimum trade size ($25) after position cap ($10,524.74), room ($10,524.74), regime multiplier (100%), and cash reserve ($5,011.78 kept of $-4,761.15 cash)"}
Ending portfolio value: $100,235.66

=== Run at 2026-08-08T02:16:29.863675 ===
Current time: 2026-08-07 10:16 PM EDT | Market open (per Alpaca): False
Account value: $100,235.66
Cash: $-4,761.15 | Holdings (13): {'AAPL': '12.8012 sh (-0.02%)', 'AMZN': '25.4179 sh (-0.01%)', 'COP': '63.8341 sh (+1.40%)', 'COST': '7.8517 sh (+0.77%)', 'DIS': '66.8769 sh (+0.30%)', 'GOOGL': '20.8177 sh (-1.02%)', 'HD': '34.1034 sh (+1.23%)', 'HON': '49.4672 sh (+1.55%)', 'LMT': '20.7665 sh (+1.48%)', 'MA': '15.7159 sh (-1.61%)', 'META': '12.712 sh (+0.53%)', 'MSFT': '14.999 sh (-0.74%)', 'TSLA': '13.0184 sh (+1.76%)'}
Market regime: BULLISH (position-size multiplier: 100%)
News: fetched 60, 0 new after dedup, 0 ticker(s) matched.
Quant pre-screen: 6/10 candidates passed.
Gemini proposed 2 trade(s) meeting the conviction bar.
Gemini calls used today (all models combined): 115
  -> {"ticker": "NVDA", "status": "skipped", "reason": "below minimum trade size ($25) after position cap ($13,531.81), room ($13,531.81), regime multiplier (100%), and cash reserve ($2,505.89 kept of $-4,761.15 cash)"}
  -> {"ticker": "AVGO", "status": "skipped", "reason": "below minimum trade size ($25) after position cap ($10,524.74), room ($10,524.74), regime multiplier (100%), and cash reserve ($5,011.78 kept of $-4,761.15 cash)"}
Ending portfolio value: $100,235.66

=== Run at 2026-08-08T02:18:26.304036 ===
Current time: 2026-08-07 10:18 PM EDT | Market open (per Alpaca): False
Account value: $100,235.66
Cash: $-4,761.15 | Holdings (13): {'AAPL': '12.8012 sh (-0.02%)', 'AMZN': '25.4179 sh (-0.01%)', 'COP': '63.8341 sh (+1.40%)', 'COST': '7.8517 sh (+0.77%)', 'DIS': '66.8769 sh (+0.30%)', 'GOOGL': '20.8177 sh (-1.02%)', 'HD': '34.1034 sh (+1.23%)', 'HON': '49.4672 sh (+1.55%)', 'LMT': '20.7665 sh (+1.48%)', 'MA': '15.7159 sh (-1.61%)', 'META': '12.712 sh (+0.53%)', 'MSFT': '14.999 sh (-0.74%)', 'TSLA': '13.0184 sh (+1.76%)'}
Market regime: BULLISH (position-size multiplier: 100%)
News: fetched 60, 0 new after dedup, 0 ticker(s) matched.
Quant pre-screen: 6/10 candidates passed.
Gemini proposed 2 trade(s) meeting the conviction bar.
Gemini calls used today (all models combined): 116
  -> {"ticker": "NVDA", "status": "skipped", "reason": "below minimum trade size ($25) after position cap ($13,531.81), room ($13,531.81), regime multiplier (100%), and cash reserve ($2,505.89 kept of $-4,761.15 cash)"}
  -> {"ticker": "AVGO", "status": "skipped", "reason": "below minimum trade size ($25) after position cap ($10,524.74), room ($10,524.74), regime multiplier (100%), and cash reserve ($5,011.78 kept of $-4,761.15 cash)"}
Ending portfolio value: $100,235.66

=== Run at 2026-08-08T02:20:32.333946 ===
Current time: 2026-08-07 10:20 PM EDT | Market open (per Alpaca): False
Account value: $100,235.66
Cash: $-4,761.15 | Holdings (13): {'AAPL': '12.8012 sh (-0.02%)', 'AMZN': '25.4179 sh (-0.01%)', 'COP': '63.8341 sh (+1.40%)', 'COST': '7.8517 sh (+0.77%)', 'DIS': '66.8769 sh (+0.30%)', 'GOOGL': '20.8177 sh (-1.02%)', 'HD': '34.1034 sh (+1.23%)', 'HON': '49.4672 sh (+1.55%)', 'LMT': '20.7665 sh (+1.48%)', 'MA': '15.7159 sh (-1.61%)', 'META': '12.712 sh (+0.53%)', 'MSFT': '14.999 sh (-0.74%)', 'TSLA': '13.0184 sh (+1.76%)'}
Market regime: BULLISH (position-size multiplier: 100%)
News: fetched 60, 0 new after dedup, 0 ticker(s) matched.
Quant pre-screen: 6/10 candidates passed.
Gemini proposed 2 trade(s) meeting the conviction bar.
Gemini calls used today (all models combined): 117
  -> {"ticker": "NVDA", "status": "skipped", "reason": "below minimum trade size ($25) after position cap ($13,531.81), room ($13,531.81), regime multiplier (100%), and cash reserve ($2,505.89 kept of $-4,761.15 cash)"}
  -> {"ticker": "AVGO", "status": "skipped", "reason": "below minimum trade size ($25) after position cap ($10,524.74), room ($10,524.74), regime multiplier (100%), and cash reserve ($5,011.78 kept of $-4,761.15 cash)"}
Ending portfolio value: $100,235.66

=== Run at 2026-08-08T02:22:23.127977 ===
Current time: 2026-08-07 10:22 PM EDT | Market open (per Alpaca): False
Account value: $100,235.66
Cash: $-4,761.15 | Holdings (13): {'AAPL': '12.8012 sh (-0.02%)', 'AMZN': '25.4179 sh (-0.01%)', 'COP': '63.8341 sh (+1.40%)', 'COST': '7.8517 sh (+0.77%)', 'DIS': '66.8769 sh (+0.30%)', 'GOOGL': '20.8177 sh (-1.02%)', 'HD': '34.1034 sh (+1.23%)', 'HON': '49.4672 sh (+1.55%)', 'LMT': '20.7665 sh (+1.48%)', 'MA': '15.7159 sh (-1.61%)', 'META': '12.712 sh (+0.53%)', 'MSFT': '14.999 sh (-0.74%)', 'TSLA': '13.0184 sh (+1.76%)'}
Market regime: BULLISH (position-size multiplier: 100%)
News: fetched 60, 0 new after dedup, 0 ticker(s) matched.
Quant pre-screen: 6/10 candidates passed.
Gemini proposed 2 trade(s) meeting the conviction bar.
Gemini calls used today (all models combined): 118
  -> {"ticker": "NVDA", "status": "skipped", "reason": "below minimum trade size ($25) after position cap ($13,531.81), room ($13,531.81), regime multiplier (100%), and cash reserve ($2,505.89 kept of $-4,761.15 cash)"}
  -> {"ticker": "AVGO", "status": "skipped", "reason": "below minimum trade size ($25) after position cap ($10,524.74), room ($10,524.74), regime multiplier (100%), and cash reserve ($5,011.78 kept of $-4,761.15 cash)"}
Ending portfolio value: $100,235.66

=== Run at 2026-08-08T02:24:26.745026 ===
Current time: 2026-08-07 10:24 PM EDT | Market open (per Alpaca): False
Account value: $100,235.66
Cash: $-4,761.15 | Holdings (13): {'AAPL': '12.8012 sh (-0.02%)', 'AMZN': '25.4179 sh (-0.01%)', 'COP': '63.8341 sh (+1.40%)', 'COST': '7.8517 sh (+0.77%)', 'DIS': '66.8769 sh (+0.30%)', 'GOOGL': '20.8177 sh (-1.02%)', 'HD': '34.1034 sh (+1.23%)', 'HON': '49.4672 sh (+1.55%)', 'LMT': '20.7665 sh (+1.48%)', 'MA': '15.7159 sh (-1.61%)', 'META': '12.712 sh (+0.53%)', 'MSFT': '14.999 sh (-0.74%)', 'TSLA': '13.0184 sh (+1.76%)'}
Market regime: BULLISH (position-size multiplier: 100%)
News: fetched 60, 0 new after dedup, 0 ticker(s) matched.
Quant pre-screen: 6/10 candidates passed.
Gemini proposed 2 trade(s) meeting the conviction bar.
Gemini calls used today (all models combined): 119
  -> {"ticker": "NVDA", "status": "skipped", "reason": "below minimum trade size ($25) after position cap ($13,531.81), room ($13,531.81), regime multiplier (100%), and cash reserve ($2,505.89 kept of $-4,761.15 cash)"}
  -> {"ticker": "AVGO", "status": "skipped", "reason": "below minimum trade size ($25) after position cap ($10,524.74), room ($10,524.74), regime multiplier (100%), and cash reserve ($5,011.78 kept of $-4,761.15 cash)"}
Ending portfolio value: $100,235.66

=== Run at 2026-08-08T02:26:22.629650 ===
Current time: 2026-08-07 10:26 PM EDT | Market open (per Alpaca): False
Account value: $100,235.66
Cash: $-4,761.15 | Holdings (13): {'AAPL': '12.8012 sh (-0.02%)', 'AMZN': '25.4179 sh (-0.01%)', 'COP': '63.8341 sh (+1.40%)', 'COST': '7.8517 sh (+0.77%)', 'DIS': '66.8769 sh (+0.30%)', 'GOOGL': '20.8177 sh (-1.02%)', 'HD': '34.1034 sh (+1.23%)', 'HON': '49.4672 sh (+1.55%)', 'LMT': '20.7665 sh (+1.48%)', 'MA': '15.7159 sh (-1.61%)', 'META': '12.712 sh (+0.53%)', 'MSFT': '14.999 sh (-0.74%)', 'TSLA': '13.0184 sh (+1.76%)'}
Market regime: BULLISH (position-size multiplier: 100%)
News: fetched 60, 0 new after dedup, 0 ticker(s) matched.
Quant pre-screen: 6/10 candidates passed.
Gemini proposed 2 trade(s) meeting the conviction bar.
Gemini calls used today (all models combined): 120
  -> {"ticker": "NVDA", "status": "skipped", "reason": "below minimum trade size ($25) after position cap ($13,531.81), room ($13,531.81), regime multiplier (100%), and cash reserve ($2,505.89 kept of $-4,761.15 cash)"}
  -> {"ticker": "AVGO", "status": "skipped", "reason": "below minimum trade size ($25) after position cap ($10,524.74), room ($10,524.74), regime multiplier (100%), and cash reserve ($5,011.78 kept of $-4,761.15 cash)"}
Ending portfolio value: $100,235.66

=== Run at 2026-08-08T02:28:22.619593 ===
Current time: 2026-08-07 10:28 PM EDT | Market open (per Alpaca): False
Account value: $100,235.66
Cash: $-4,761.15 | Holdings (13): {'AAPL': '12.8012 sh (-0.02%)', 'AMZN': '25.4179 sh (-0.01%)', 'COP': '63.8341 sh (+1.40%)', 'COST': '7.8517 sh (+0.77%)', 'DIS': '66.8769 sh (+0.30%)', 'GOOGL': '20.8177 sh (-1.02%)', 'HD': '34.1034 sh (+1.23%)', 'HON': '49.4672 sh (+1.55%)', 'LMT': '20.7665 sh (+1.48%)', 'MA': '15.7159 sh (-1.61%)', 'META': '12.712 sh (+0.53%)', 'MSFT': '14.999 sh (-0.74%)', 'TSLA': '13.0184 sh (+1.76%)'}
Market regime: BULLISH (position-size multiplier: 100%)
News: fetched 60, 0 new after dedup, 0 ticker(s) matched.
Quant pre-screen: 6/10 candidates passed.
Gemini proposed 2 trade(s) meeting the conviction bar.
Gemini calls used today (all models combined): 121
  -> {"ticker": "NVDA", "status": "skipped", "reason": "below minimum trade size ($25) after position cap ($13,531.81), room ($13,531.81), regime multiplier (100%), and cash reserve ($2,505.89 kept of $-4,761.15 cash)"}
  -> {"ticker": "NFLX", "status": "skipped", "reason": "below minimum trade size ($25) after position cap ($10,524.74), room ($10,524.74), regime multiplier (100%), and cash reserve ($5,011.78 kept of $-4,761.15 cash)"}
Ending portfolio value: $100,235.66

=== Run at 2026-08-08T02:30:38.848937 ===
Current time: 2026-08-07 10:30 PM EDT | Market open (per Alpaca): False
Account value: $100,235.66
Cash: $-4,761.15 | Holdings (13): {'AAPL': '12.8012 sh (-0.02%)', 'AMZN': '25.4179 sh (-0.01%)', 'COP': '63.8341 sh (+1.40%)', 'COST': '7.8517 sh (+0.77%)', 'DIS': '66.8769 sh (+0.30%)', 'GOOGL': '20.8177 sh (-1.02%)', 'HD': '34.1034 sh (+1.23%)', 'HON': '49.4672 sh (+1.55%)', 'LMT': '20.7665 sh (+1.48%)', 'MA': '15.7159 sh (-1.61%)', 'META': '12.712 sh (+0.53%)', 'MSFT': '14.999 sh (-0.74%)', 'TSLA': '13.0184 sh (+1.76%)'}
Market regime: BULLISH (position-size multiplier: 100%)
News: fetched 60, 0 new after dedup, 0 ticker(s) matched.
Quant pre-screen: 6/10 candidates passed.
Gemini proposed 2 trade(s) meeting the conviction bar.
Gemini calls used today (all models combined): 122
  -> {"ticker": "NVDA", "status": "skipped", "reason": "below minimum trade size ($25) after position cap ($13,531.81), room ($13,531.81), regime multiplier (100%), and cash reserve ($2,505.89 kept of $-4,761.15 cash)"}
  -> {"ticker": "NFLX", "status": "skipped", "reason": "below minimum trade size ($25) after position cap ($10,524.74), room ($10,524.74), regime multiplier (100%), and cash reserve ($5,011.78 kept of $-4,761.15 cash)"}
Ending portfolio value: $100,235.66

=== Run at 2026-08-08T02:32:23.873072 ===
Current time: 2026-08-07 10:32 PM EDT | Market open (per Alpaca): False
Account value: $100,235.66
Cash: $-4,761.15 | Holdings (13): {'AAPL': '12.8012 sh (-0.02%)', 'AMZN': '25.4179 sh (-0.01%)', 'COP': '63.8341 sh (+1.40%)', 'COST': '7.8517 sh (+0.77%)', 'DIS': '66.8769 sh (+0.30%)', 'GOOGL': '20.8177 sh (-1.02%)', 'HD': '34.1034 sh (+1.23%)', 'HON': '49.4672 sh (+1.55%)', 'LMT': '20.7665 sh (+1.48%)', 'MA': '15.7159 sh (-1.61%)', 'META': '12.712 sh (+0.53%)', 'MSFT': '14.999 sh (-0.74%)', 'TSLA': '13.0184 sh (+1.76%)'}
Market regime: BULLISH (position-size multiplier: 100%)
News: fetched 0, 0 new after dedup, 0 ticker(s) matched.
Quant pre-screen: 6/10 candidates passed.
Gemini proposed 2 trade(s) meeting the conviction bar.
Gemini calls used today (all models combined): 123
  -> {"ticker": "NVDA", "status": "skipped", "reason": "below minimum trade size ($25) after position cap ($13,531.81), room ($13,531.81), regime multiplier (100%), and cash reserve ($2,505.89 kept of $-4,761.15 cash)"}
  -> {"ticker": "AVGO", "status": "skipped", "reason": "below minimum trade size ($25) after position cap ($10,524.74), room ($10,524.74), regime multiplier (100%), and cash reserve ($5,011.78 kept of $-4,761.15 cash)"}
Ending portfolio value: $100,235.66

=== Run at 2026-08-08T02:34:32.013993 ===
Current time: 2026-08-07 10:34 PM EDT | Market open (per Alpaca): False
Account value: $100,235.66
Cash: $-4,761.15 | Holdings (13): {'AAPL': '12.8012 sh (-0.02%)', 'AMZN': '25.4179 sh (-0.01%)', 'COP': '63.8341 sh (+1.40%)', 'COST': '7.8517 sh (+0.77%)', 'DIS': '66.8769 sh (+0.30%)', 'GOOGL': '20.8177 sh (-1.02%)', 'HD': '34.1034 sh (+1.23%)', 'HON': '49.4672 sh (+1.55%)', 'LMT': '20.7665 sh (+1.48%)', 'MA': '15.7159 sh (-1.61%)', 'META': '12.712 sh (+0.53%)', 'MSFT': '14.999 sh (-0.74%)', 'TSLA': '13.0184 sh (+1.76%)'}
Market regime: BULLISH (position-size multiplier: 100%)
News: fetched 60, 1 new after dedup, 1 ticker(s) matched.
Quant pre-screen: 7/11 candidates passed.
Gemini proposed 2 trade(s) meeting the conviction bar.
Gemini calls used today (all models combined): 124
  -> {"ticker": "ON", "status": "skipped", "reason": "below minimum trade size ($25) after position cap ($10,524.74), room ($10,524.74), regime multiplier (100%), and cash reserve ($5,011.78 kept of $-4,761.15 cash)"}
  -> {"ticker": "NVDA", "status": "skipped", "reason": "below minimum trade size ($25) after position cap ($12,028.28), room ($12,028.28), regime multiplier (100%), and cash reserve ($5,011.78 kept of $-4,761.15 cash)"}
Ending portfolio value: $100,235.66

=== Run at 2026-08-08T02:36:40.576814 ===
Current time: 2026-08-07 10:36 PM EDT | Market open (per Alpaca): False
Account value: $100,235.66
Cash: $-4,761.15 | Holdings (13): {'AAPL': '12.8012 sh (-0.02%)', 'AMZN': '25.4179 sh (-0.01%)', 'COP': '63.8341 sh (+1.40%)', 'COST': '7.8517 sh (+0.77%)', 'DIS': '66.8769 sh (+0.30%)', 'GOOGL': '20.8177 sh (-1.02%)', 'HD': '34.1034 sh (+1.23%)', 'HON': '49.4672 sh (+1.55%)', 'LMT': '20.7665 sh (+1.48%)', 'MA': '15.7159 sh (-1.61%)', 'META': '12.712 sh (+0.53%)', 'MSFT': '14.999 sh (-0.74%)', 'TSLA': '13.0184 sh (+1.76%)'}
Market regime: BULLISH (position-size multiplier: 100%)
News: fetched 60, 0 new after dedup, 0 ticker(s) matched.
Quant pre-screen: 6/10 candidates passed.
Gemini proposed 2 trade(s) meeting the conviction bar.
Gemini calls used today (all models combined): 125
  -> {"ticker": "NVDA", "status": "skipped", "reason": "below minimum trade size ($25) after position cap ($13,531.81), room ($13,531.81), regime multiplier (100%), and cash reserve ($2,505.89 kept of $-4,761.15 cash)"}
  -> {"ticker": "NFLX", "status": "skipped", "reason": "below minimum trade size ($25) after position cap ($10,524.74), room ($10,524.74), regime multiplier (100%), and cash reserve ($5,011.78 kept of $-4,761.15 cash)"}
Ending portfolio value: $100,235.66

=== Run at 2026-08-08T02:38:31.294467 ===
Current time: 2026-08-07 10:38 PM EDT | Market open (per Alpaca): False
Account value: $100,235.66
Cash: $-4,761.15 | Holdings (13): {'AAPL': '12.8012 sh (-0.02%)', 'AMZN': '25.4179 sh (-0.01%)', 'COP': '63.8341 sh (+1.40%)', 'COST': '7.8517 sh (+0.77%)', 'DIS': '66.8769 sh (+0.30%)', 'GOOGL': '20.8177 sh (-1.02%)', 'HD': '34.1034 sh (+1.23%)', 'HON': '49.4672 sh (+1.55%)', 'LMT': '20.7665 sh (+1.48%)', 'MA': '15.7159 sh (-1.61%)', 'META': '12.712 sh (+0.53%)', 'MSFT': '14.999 sh (-0.74%)', 'TSLA': '13.0184 sh (+1.76%)'}
Market regime: BULLISH (position-size multiplier: 100%)
News: fetched 60, 0 new after dedup, 0 ticker(s) matched.
Quant pre-screen: 6/10 candidates passed.
Gemini proposed 2 trade(s) meeting the conviction bar.
Gemini calls used today (all models combined): 126
  -> {"ticker": "NVDA", "status": "skipped", "reason": "below minimum trade size ($25) after position cap ($13,531.81), room ($13,531.81), regime multiplier (100%), and cash reserve ($2,505.89 kept of $-4,761.15 cash)"}
  -> {"ticker": "AVGO", "status": "skipped", "reason": "below minimum trade size ($25) after position cap ($10,524.74), room ($10,524.74), regime multiplier (100%), and cash reserve ($5,011.78 kept of $-4,761.15 cash)"}
Ending portfolio value: $100,235.66

=== Run at 2026-08-08T02:40:29.982547 ===
Current time: 2026-08-07 10:40 PM EDT | Market open (per Alpaca): False
=== Run at 2026-08-08T02:42:59.723724 ===
Current time: 2026-08-07 10:42 PM EDT | Market open (per Alpaca): False
Account value: $100,235.66
Cash: $-4,761.15 | Holdings (13): {'AAPL': '12.8012 sh (-0.02%)', 'AMZN': '25.4179 sh (-0.01%)', 'COP': '63.8341 sh (+1.40%)', 'COST': '7.8517 sh (+0.77%)', 'DIS': '66.8769 sh (+0.30%)', 'GOOGL': '20.8177 sh (-1.02%)', 'HD': '34.1034 sh (+1.23%)', 'HON': '49.4672 sh (+1.55%)', 'LMT': '20.7665 sh (+1.48%)', 'MA': '15.7159 sh (-1.61%)', 'META': '12.712 sh (+0.53%)', 'MSFT': '14.999 sh (-0.74%)', 'TSLA': '13.0184 sh (+1.76%)'}
Market regime: BULLISH (position-size multiplier: 100%)
News: fetched 60, 0 new after dedup, 0 ticker(s) matched.
Quant pre-screen: 6/10 candidates passed.
Gemini proposed 2 trade(s) meeting the conviction bar.
Gemini calls used today (all models combined): 127
  -> {"ticker": "NVDA", "status": "skipped", "reason": "below minimum trade size ($25) after position cap ($13,531.81), room ($13,531.81), regime multiplier (100%), and cash reserve ($2,505.89 kept of $-4,761.15 cash)"}
  -> {"ticker": "AVGO", "status": "skipped", "reason": "below minimum trade size ($25) after position cap ($10,524.74), room ($10,524.74), regime multiplier (100%), and cash reserve ($5,011.78 kept of $-4,761.15 cash)"}
  -> {"ticker": "NFLX", "status": "skipped", "reason": "below minimum trade size ($25) after position cap ($10,524.74), room ($10,524.74), regime multiplier (100%), and cash reserve ($5,011.78 kept of $-4,761.15 cash)"}
Ending portfolio value: $100,235.66

=== Run at 2026-08-08T02:44:28.484124 ===
Current time: 2026-08-07 10:44 PM EDT | Market open (per Alpaca): False
Account value: $100,235.66
Cash: $-4,761.15 | Holdings (13): {'AAPL': '12.8012 sh (-0.02%)', 'AMZN': '25.4179 sh (-0.01%)', 'COP': '63.8341 sh (+1.40%)', 'COST': '7.8517 sh (+0.77%)', 'DIS': '66.8769 sh (+0.30%)', 'GOOGL': '20.8177 sh (-1.02%)', 'HD': '34.1034 sh (+1.23%)', 'HON': '49.4672 sh (+1.55%)', 'LMT': '20.7665 sh (+1.48%)', 'MA': '15.7159 sh (-1.61%)', 'META': '12.712 sh (+0.53%)', 'MSFT': '14.999 sh (-0.74%)', 'TSLA': '13.0184 sh (+1.76%)'}
Market regime: BULLISH (position-size multiplier: 100%)
News: fetched 60, 0 new after dedup, 0 ticker(s) matched.
Quant pre-screen: 6/10 candidates passed.
Gemini proposed 2 trade(s) meeting the conviction bar.
Gemini calls used today (all models combined): 1
  -> {"ticker": "NVDA", "status": "skipped", "reason": "below minimum trade size ($25) after position cap ($12,028.28), room ($12,028.28), regime multiplier (100%), and cash reserve ($5,011.78 kept of $-4,761.15 cash)"}
  -> {"ticker": "NFLX", "status": "skipped", "reason": "below minimum trade size ($25) after position cap ($10,524.74), room ($10,524.74), regime multiplier (100%), and cash reserve ($5,011.78 kept of $-4,761.15 cash)"}
Ending portfolio value: $100,235.66

=== Run at 2026-08-08T02:46:24.684186 ===
Current time: 2026-08-07 10:46 PM EDT | Market open (per Alpaca): False
Account value: $100,235.66
Cash: $-4,761.15 | Holdings (13): {'AAPL': '12.8012 sh (-0.02%)', 'AMZN': '25.4179 sh (-0.01%)', 'COP': '63.8341 sh (+1.40%)', 'COST': '7.8517 sh (+0.77%)', 'DIS': '66.8769 sh (+0.30%)', 'GOOGL': '20.8177 sh (-1.02%)', 'HD': '34.1034 sh (+1.23%)', 'HON': '49.4672 sh (+1.55%)', 'LMT': '20.7665 sh (+1.48%)', 'MA': '15.7159 sh (-1.61%)', 'META': '12.712 sh (+0.53%)', 'MSFT': '14.999 sh (-0.74%)', 'TSLA': '13.0184 sh (+1.76%)'}
Market regime: BULLISH (position-size multiplier: 100%)
News: fetched 60, 0 new after dedup, 0 ticker(s) matched.
Quant pre-screen: 6/10 candidates passed.
Gemini proposed 1 trade(s) meeting the conviction bar.
Gemini calls used today (all models combined): 2
  -> {"ticker": "NVDA", "status": "skipped", "reason": "below minimum trade size ($25) after position cap ($12,028.28), room ($12,028.28), regime multiplier (100%), and cash reserve ($5,011.78 kept of $-4,761.15 cash)"}
Ending portfolio value: $100,235.66

=== Run at 2026-08-08T02:48:22.835629 ===
Current time: 2026-08-07 10:48 PM EDT | Market open (per Alpaca): False
Account value: $100,235.66
Cash: $-4,761.15 | Holdings (13): {'AAPL': '12.8012 sh (-0.02%)', 'AMZN': '25.4179 sh (-0.01%)', 'COP': '63.8341 sh (+1.40%)', 'COST': '7.8517 sh (+0.77%)', 'DIS': '66.8769 sh (+0.30%)', 'GOOGL': '20.8177 sh (-1.02%)', 'HD': '34.1034 sh (+1.23%)', 'HON': '49.4672 sh (+1.55%)', 'LMT': '20.7665 sh (+1.48%)', 'MA': '15.7159 sh (-1.61%)', 'META': '12.712 sh (+0.53%)', 'MSFT': '14.999 sh (-0.74%)', 'TSLA': '13.0184 sh (+1.76%)'}
Market regime: BULLISH (position-size multiplier: 100%)
News: fetched 60, 0 new after dedup, 0 ticker(s) matched.
Quant pre-screen: 6/10 candidates passed.
Gemini proposed 0 trade(s) meeting the conviction bar.
Gemini calls used today (all models combined): 3
Ending portfolio value: $100,235.66

=== Run at 2026-08-08T02:50:29.338769 ===
Current time: 2026-08-07 10:50 PM EDT | Market open (per Alpaca): False
Account value: $100,235.66
Cash: $-4,761.15 | Holdings (13): {'AAPL': '12.8012 sh (-0.02%)', 'AMZN': '25.4179 sh (-0.01%)', 'COP': '63.8341 sh (+1.40%)', 'COST': '7.8517 sh (+0.77%)', 'DIS': '66.8769 sh (+0.30%)', 'GOOGL': '20.8177 sh (-1.02%)', 'HD': '34.1034 sh (+1.23%)', 'HON': '49.4672 sh (+1.55%)', 'LMT': '20.7665 sh (+1.48%)', 'MA': '15.7159 sh (-1.61%)', 'META': '12.712 sh (+0.53%)', 'MSFT': '14.999 sh (-0.74%)', 'TSLA': '13.0184 sh (+1.76%)'}
Market regime: BULLISH (position-size multiplier: 100%)
News: fetched 60, 0 new after dedup, 0 ticker(s) matched.
Quant pre-screen: 6/10 candidates passed.
Gemini proposed 2 trade(s) meeting the conviction bar.
Gemini calls used today (all models combined): 4
  -> {"ticker": "NVDA", "status": "skipped", "reason": "below minimum trade size ($25) after position cap ($13,531.81), room ($13,531.81), regime multiplier (100%), and cash reserve ($2,505.89 kept of $-4,761.15 cash)"}
  -> {"ticker": "NFLX", "status": "skipped", "reason": "below minimum trade size ($25) after position cap ($12,028.28), room ($12,028.28), regime multiplier (100%), and cash reserve ($5,011.78 kept of $-4,761.15 cash)"}
Ending portfolio value: $100,235.66

=== Run at 2026-08-08T02:51:19.430270 ===
Current time: 2026-08-07 10:51 PM EDT | Market open (per Alpaca): False
Account value: $100,235.66
Cash: $-4,761.15 | Holdings (13): {'AAPL': '12.8012 sh (-0.02%)', 'AMZN': '25.4179 sh (-0.01%)', 'COP': '63.8341 sh (+1.40%)', 'COST': '7.8517 sh (+0.77%)', 'DIS': '66.8769 sh (+0.30%)', 'GOOGL': '20.8177 sh (-1.02%)', 'HD': '34.1034 sh (+1.23%)', 'HON': '49.4672 sh (+1.55%)', 'LMT': '20.7665 sh (+1.48%)', 'MA': '15.7159 sh (-1.61%)', 'META': '12.712 sh (+0.53%)', 'MSFT': '14.999 sh (-0.74%)', 'TSLA': '13.0184 sh (+1.76%)'}
Market regime: BULLISH (position-size multiplier: 100%)
News: fetched 60, 0 new after dedup, 0 ticker(s) matched.
Quant pre-screen: 6/10 candidates passed.
Gemini proposed 1 trade(s) meeting the conviction bar.
Gemini calls used today (all models combined): 5
  -> {"ticker": "NVDA", "status": "skipped", "reason": "below minimum trade size ($25) after position cap ($12,028.28), room ($12,028.28), regime multiplier (100%), and cash reserve ($5,011.78 kept of $-4,761.15 cash)"}
Ending portfolio value: $100,235.66

=== Run at 2026-08-08T02:52:30.990212 ===
Current time: 2026-08-07 10:52 PM EDT | Market open (per Alpaca): False
Account value: $100,235.66
Cash: $-4,761.15 | Holdings (13): {'AAPL': '12.8012 sh (-0.02%)', 'AMZN': '25.4179 sh (-0.01%)', 'COP': '63.8341 sh (+1.40%)', 'COST': '7.8517 sh (+0.77%)', 'DIS': '66.8769 sh (+0.30%)', 'GOOGL': '20.8177 sh (-1.02%)', 'HD': '34.1034 sh (+1.23%)', 'HON': '49.4672 sh (+1.55%)', 'LMT': '20.7665 sh (+1.48%)', 'MA': '15.7159 sh (-1.61%)', 'META': '12.712 sh (+0.53%)', 'MSFT': '14.999 sh (-0.74%)', 'TSLA': '13.0184 sh (+1.76%)'}
Market regime: BULLISH (position-size multiplier: 100%)
News: fetched 60, 0 new after dedup, 0 ticker(s) matched.
Quant pre-screen: 6/10 candidates passed.
Gemini proposed 0 trade(s) meeting the conviction bar.
Gemini calls used today (all models combined): 6
Ending portfolio value: $100,235.66

=== Run at 2026-08-08T02:54:28.406173 ===
Current time: 2026-08-07 10:54 PM EDT | Market open (per Alpaca): False
Account value: $100,235.66
Cash: $-4,761.15 | Holdings (13): {'AAPL': '12.8012 sh (-0.02%)', 'AMZN': '25.4179 sh (-0.01%)', 'COP': '63.8341 sh (+1.40%)', 'COST': '7.8517 sh (+0.77%)', 'DIS': '66.8769 sh (+0.30%)', 'GOOGL': '20.8177 sh (-1.02%)', 'HD': '34.1034 sh (+1.23%)', 'HON': '49.4672 sh (+1.55%)', 'LMT': '20.7665 sh (+1.48%)', 'MA': '15.7159 sh (-1.61%)', 'META': '12.712 sh (+0.53%)', 'MSFT': '14.999 sh (-0.74%)', 'TSLA': '13.0184 sh (+1.76%)'}
Market regime: BULLISH (position-size multiplier: 100%)
News: fetched 60, 0 new after dedup, 0 ticker(s) matched.
Quant pre-screen: 6/10 candidates passed.
Gemini proposed 2 trade(s) meeting the conviction bar.
Gemini calls used today (all models combined): 7
  -> {"ticker": "NVDA", "status": "skipped", "reason": "below minimum trade size ($25) after position cap ($13,531.81), room ($13,531.81), regime multiplier (100%), and cash reserve ($2,505.89 kept of $-4,761.15 cash)"}
  -> {"ticker": "NFLX", "status": "skipped", "reason": "below minimum trade size ($25) after position cap ($12,028.28), room ($12,028.28), regime multiplier (100%), and cash reserve ($5,011.78 kept of $-4,761.15 cash)"}
Ending portfolio value: $100,235.66

=== Run at 2026-08-08T02:56:30.802980 ===
Current time: 2026-08-07 10:56 PM EDT | Market open (per Alpaca): False
Account value: $100,235.66
Cash: $-4,761.15 | Holdings (13): {'AAPL': '12.8012 sh (-0.02%)', 'AMZN': '25.4179 sh (-0.01%)', 'COP': '63.8341 sh (+1.40%)', 'COST': '7.8517 sh (+0.77%)', 'DIS': '66.8769 sh (+0.30%)', 'GOOGL': '20.8177 sh (-1.02%)', 'HD': '34.1034 sh (+1.23%)', 'HON': '49.4672 sh (+1.55%)', 'LMT': '20.7665 sh (+1.48%)', 'MA': '15.7159 sh (-1.61%)', 'META': '12.712 sh (+0.53%)', 'MSFT': '14.999 sh (-0.74%)', 'TSLA': '13.0184 sh (+1.76%)'}
Market regime: BULLISH (position-size multiplier: 100%)
News: fetched 60, 0 new after dedup, 0 ticker(s) matched.
Quant pre-screen: 6/10 candidates passed.
Gemini proposed 1 trade(s) meeting the conviction bar.
Gemini calls used today (all models combined): 8
  -> {"ticker": "NVDA", "status": "skipped", "reason": "below minimum trade size ($25) after position cap ($12,028.28), room ($12,028.28), regime multiplier (100%), and cash reserve ($5,011.78 kept of $-4,761.15 cash)"}
Ending portfolio value: $100,235.66

=== Run at 2026-08-08T02:58:27.169417 ===
Current time: 2026-08-07 10:58 PM EDT | Market open (per Alpaca): False
Account value: $100,235.66
Cash: $-4,761.15 | Holdings (13): {'AAPL': '12.8012 sh (-0.02%)', 'AMZN': '25.4179 sh (-0.01%)', 'COP': '63.8341 sh (+1.40%)', 'COST': '7.8517 sh (+0.77%)', 'DIS': '66.8769 sh (+0.30%)', 'GOOGL': '20.8177 sh (-1.02%)', 'HD': '34.1034 sh (+1.23%)', 'HON': '49.4672 sh (+1.55%)', 'LMT': '20.7665 sh (+1.48%)', 'MA': '15.7159 sh (-1.61%)', 'META': '12.712 sh (+0.53%)', 'MSFT': '14.999 sh (-0.74%)', 'TSLA': '13.0184 sh (+1.76%)'}
Market regime: BULLISH (position-size multiplier: 100%)
News: fetched 60, 0 new after dedup, 0 ticker(s) matched.
Quant pre-screen: 6/10 candidates passed.
Gemini proposed 1 trade(s) meeting the conviction bar.
Gemini calls used today (all models combined): 9
  -> {"ticker": "NVDA", "status": "skipped", "reason": "below minimum trade size ($25) after position cap ($12,028.28), room ($12,028.28), regime multiplier (100%), and cash reserve ($5,011.78 kept of $-4,761.15 cash)"}
Ending portfolio value: $100,235.66

=== Run at 2026-08-08T03:00:36.250446 ===
Current time: 2026-08-07 11:00 PM EDT | Market open (per Alpaca): False
Account value: $100,235.66
Cash: $-4,761.15 | Holdings (13): {'AAPL': '12.8012 sh (-0.02%)', 'AMZN': '25.4179 sh (-0.01%)', 'COP': '63.8341 sh (+1.40%)', 'COST': '7.8517 sh (+0.77%)', 'DIS': '66.8769 sh (+0.30%)', 'GOOGL': '20.8177 sh (-1.02%)', 'HD': '34.1034 sh (+1.23%)', 'HON': '49.4672 sh (+1.55%)', 'LMT': '20.7665 sh (+1.48%)', 'MA': '15.7159 sh (-1.61%)', 'META': '12.712 sh (+0.53%)', 'MSFT': '14.999 sh (-0.74%)', 'TSLA': '13.0184 sh (+1.76%)'}
Market regime: BULLISH (position-size multiplier: 100%)
News: fetched 60, 0 new after dedup, 0 ticker(s) matched.
Quant pre-screen: 6/10 candidates passed.
Gemini proposed 0 trade(s) meeting the conviction bar.
Gemini calls used today (all models combined): 10
Ending portfolio value: $100,235.66

=== Run at 2026-08-08T03:02:29.359447 ===
Current time: 2026-08-07 11:02 PM EDT | Market open (per Alpaca): False
Account value: $100,235.66
Cash: $-4,761.15 | Holdings (13): {'AAPL': '12.8012 sh (-0.02%)', 'AMZN': '25.4179 sh (-0.01%)', 'COP': '63.8341 sh (+1.40%)', 'COST': '7.8517 sh (+0.77%)', 'DIS': '66.8769 sh (+0.30%)', 'GOOGL': '20.8177 sh (-1.02%)', 'HD': '34.1034 sh (+1.23%)', 'HON': '49.4672 sh (+1.55%)', 'LMT': '20.7665 sh (+1.48%)', 'MA': '15.7159 sh (-1.61%)', 'META': '12.712 sh (+0.53%)', 'MSFT': '14.999 sh (-0.74%)', 'TSLA': '13.0184 sh (+1.76%)'}
Market regime: BULLISH (position-size multiplier: 100%)
News: fetched 60, 0 new after dedup, 0 ticker(s) matched.
Quant pre-screen: 6/10 candidates passed.
Gemini proposed 1 trade(s) meeting the conviction bar.
Gemini calls used today (all models combined): 11
  -> {"ticker": "NVDA", "status": "skipped", "reason": "below minimum trade size ($25) after position cap ($12,028.28), room ($12,028.28), regime multiplier (100%), and cash reserve ($5,011.78 kept of $-4,761.15 cash)"}
Ending portfolio value: $100,235.66

=== Run at 2026-08-08T03:04:23.707169 ===
Current time: 2026-08-07 11:04 PM EDT | Market open (per Alpaca): False
Account value: $100,235.66
Cash: $-4,761.15 | Holdings (13): {'AAPL': '12.8012 sh (-0.02%)', 'AMZN': '25.4179 sh (-0.01%)', 'COP': '63.8341 sh (+1.40%)', 'COST': '7.8517 sh (+0.77%)', 'DIS': '66.8769 sh (+0.30%)', 'GOOGL': '20.8177 sh (-1.02%)', 'HD': '34.1034 sh (+1.23%)', 'HON': '49.4672 sh (+1.55%)', 'LMT': '20.7665 sh (+1.48%)', 'MA': '15.7159 sh (-1.61%)', 'META': '12.712 sh (+0.53%)', 'MSFT': '14.999 sh (-0.74%)', 'TSLA': '13.0184 sh (+1.76%)'}
Market regime: BULLISH (position-size multiplier: 100%)
News: fetched 60, 0 new after dedup, 0 ticker(s) matched.
Quant pre-screen: 6/10 candidates passed.
Gemini proposed 1 trade(s) meeting the conviction bar.
Gemini calls used today (all models combined): 12
  -> {"ticker": "NVDA", "status": "skipped", "reason": "below minimum trade size ($25) after position cap ($13,531.81), room ($13,531.81), regime multiplier (100%), and cash reserve ($2,505.89 kept of $-4,761.15 cash)"}
Ending portfolio value: $100,235.66

=== Run at 2026-08-08T03:06:40.417206 ===
Current time: 2026-08-07 11:06 PM EDT | Market open (per Alpaca): False
Account value: $100,235.66
Cash: $-4,761.15 | Holdings (13): {'AAPL': '12.8012 sh (-0.02%)', 'AMZN': '25.4179 sh (-0.01%)', 'COP': '63.8341 sh (+1.40%)', 'COST': '7.8517 sh (+0.77%)', 'DIS': '66.8769 sh (+0.30%)', 'GOOGL': '20.8177 sh (-1.02%)', 'HD': '34.1034 sh (+1.23%)', 'HON': '49.4672 sh (+1.55%)', 'LMT': '20.7665 sh (+1.48%)', 'MA': '15.7159 sh (-1.61%)', 'META': '12.712 sh (+0.53%)', 'MSFT': '14.999 sh (-0.74%)', 'TSLA': '13.0184 sh (+1.76%)'}
Market regime: BULLISH (position-size multiplier: 100%)
News: fetched 60, 0 new after dedup, 0 ticker(s) matched.
Quant pre-screen: 6/10 candidates passed.
Gemini proposed 2 trade(s) meeting the conviction bar.
Gemini calls used today (all models combined): 13
  -> {"ticker": "NVDA", "status": "skipped", "reason": "below minimum trade size ($25) after position cap ($13,531.81), room ($13,531.81), regime multiplier (100%), and cash reserve ($2,505.89 kept of $-4,761.15 cash)"}
  -> {"ticker": "NFLX", "status": "skipped", "reason": "below minimum trade size ($25) after position cap ($12,028.28), room ($12,028.28), regime multiplier (100%), and cash reserve ($5,011.78 kept of $-4,761.15 cash)"}
Ending portfolio value: $100,235.66

=== Run at 2026-08-08T03:08:26.378087 ===
Current time: 2026-08-07 11:08 PM EDT | Market open (per Alpaca): False
Account value: $100,235.66
Cash: $-4,761.15 | Holdings (13): {'AAPL': '12.8012 sh (-0.02%)', 'AMZN': '25.4179 sh (-0.01%)', 'COP': '63.8341 sh (+1.40%)', 'COST': '7.8517 sh (+0.77%)', 'DIS': '66.8769 sh (+0.30%)', 'GOOGL': '20.8177 sh (-1.02%)', 'HD': '34.1034 sh (+1.23%)', 'HON': '49.4672 sh (+1.55%)', 'LMT': '20.7665 sh (+1.48%)', 'MA': '15.7159 sh (-1.61%)', 'META': '12.712 sh (+0.53%)', 'MSFT': '14.999 sh (-0.74%)', 'TSLA': '13.0184 sh (+1.76%)'}
Market regime: BULLISH (position-size multiplier: 100%)
News: fetched 60, 0 new after dedup, 0 ticker(s) matched.
Quant pre-screen: 6/10 candidates passed.
Gemini proposed 0 trade(s) meeting the conviction bar.
Gemini calls used today (all models combined): 14
Ending portfolio value: $100,235.66

=== Run at 2026-08-08T03:10:38.703861 ===
Current time: 2026-08-07 11:10 PM EDT | Market open (per Alpaca): False
Account value: $100,235.66
Cash: $-4,761.15 | Holdings (13): {'AAPL': '12.8012 sh (-0.02%)', 'AMZN': '25.4179 sh (-0.01%)', 'COP': '63.8341 sh (+1.40%)', 'COST': '7.8517 sh (+0.77%)', 'DIS': '66.8769 sh (+0.30%)', 'GOOGL': '20.8177 sh (-1.02%)', 'HD': '34.1034 sh (+1.23%)', 'HON': '49.4672 sh (+1.55%)', 'LMT': '20.7665 sh (+1.48%)', 'MA': '15.7159 sh (-1.61%)', 'META': '12.712 sh (+0.53%)', 'MSFT': '14.999 sh (-0.74%)', 'TSLA': '13.0184 sh (+1.76%)'}
Market regime: BULLISH (position-size multiplier: 100%)
News: fetched 60, 0 new after dedup, 0 ticker(s) matched.
Quant pre-screen: 6/10 candidates passed.
Gemini proposed 0 trade(s) meeting the conviction bar.
Gemini calls used today (all models combined): 15
Ending portfolio value: $100,235.66

=== Run at 2026-08-08T03:12:25.147010 ===
Current time: 2026-08-07 11:12 PM EDT | Market open (per Alpaca): False
Account value: $100,235.66
Cash: $-4,761.15 | Holdings (13): {'AAPL': '12.8012 sh (-0.02%)', 'AMZN': '25.4179 sh (-0.01%)', 'COP': '63.8341 sh (+1.40%)', 'COST': '7.8517 sh (+0.77%)', 'DIS': '66.8769 sh (+0.30%)', 'GOOGL': '20.8177 sh (-1.02%)', 'HD': '34.1034 sh (+1.23%)', 'HON': '49.4672 sh (+1.55%)', 'LMT': '20.7665 sh (+1.48%)', 'MA': '15.7159 sh (-1.61%)', 'META': '12.712 sh (+0.53%)', 'MSFT': '14.999 sh (-0.74%)', 'TSLA': '13.0184 sh (+1.76%)'}
Market regime: BULLISH (position-size multiplier: 100%)
News: fetched 60, 0 new after dedup, 0 ticker(s) matched.
Quant pre-screen: 6/10 candidates passed.
Gemini proposed 1 trade(s) meeting the conviction bar.
Gemini calls used today (all models combined): 16
  -> {"ticker": "NVDA", "status": "skipped", "reason": "below minimum trade size ($25) after position cap ($12,028.28), room ($12,028.28), regime multiplier (100%), and cash reserve ($5,011.78 kept of $-4,761.15 cash)"}
Ending portfolio value: $100,235.66

=== Run at 2026-08-08T03:14:25.965053 ===
Current time: 2026-08-07 11:14 PM EDT | Market open (per Alpaca): False
Account value: $100,235.66
Cash: $-4,761.15 | Holdings (13): {'AAPL': '12.8012 sh (-0.02%)', 'AMZN': '25.4179 sh (-0.01%)', 'COP': '63.8341 sh (+1.40%)', 'COST': '7.8517 sh (+0.77%)', 'DIS': '66.8769 sh (+0.30%)', 'GOOGL': '20.8177 sh (-1.02%)', 'HD': '34.1034 sh (+1.23%)', 'HON': '49.4672 sh (+1.55%)', 'LMT': '20.7665 sh (+1.48%)', 'MA': '15.7159 sh (-1.61%)', 'META': '12.712 sh (+0.53%)', 'MSFT': '14.999 sh (-0.74%)', 'TSLA': '13.0184 sh (+1.76%)'}
Market regime: BULLISH (position-size multiplier: 100%)
News: fetched 60, 0 new after dedup, 0 ticker(s) matched.
Quant pre-screen: 6/10 candidates passed.
Gemini proposed 0 trade(s) meeting the conviction bar.
Gemini calls used today (all models combined): 17
Ending portfolio value: $100,235.66

