dea(s) for next-morning verification -- nothing submitted yet.
  -> queued WDC buy (conf 92, stop 485.0, tp 560.0)
  -> queued TYL buy (conf 91, stop 302.5, tp 355.0)
  -> queued WFC buy (conf 91, stop 86.06, tp 97.76)
  -> queued TTWO buy (conf 85, stop 230.0, tp 270.0)
  -> queued HAS buy (conf 90, stop 89.34, tp 106.82)
  -> queued HUM buy (conf None, stop 354.57, tp 392.49)
  -> queued WDAY buy (conf 85, stop 188.0, tp 220.0)
  -> queued BAC buy (conf 85, stop 62.5, tp 67.5)
  -> queued HBAN buy (conf 85, stop 17.09, tp 19.45)
  -> queued TDY buy (conf 92, stop 654.41, tp 715.0)
  -> queued TEL buy (conf 80, stop 200.81, tp 230.0)
  -> queued LYB buy (conf 80, stop 58.01, tp 67.5)
Dashboard watchlist synced (15 symbols) for news/headlines.
Ending portfolio value: $99,425.43
Trade journal: no closed trades yet
Performance: Total return -0.41% | Max drawdown 12.37% | Daily Sharpe 0.27 | Open positions: 14 | Equity $99,425.43
Timings: account: 0.0s | risk: 1.4s | decide: 2.8s | watchlist: 0.1s | perf: 0.1s

=== Run at 2026-08-15T15:54:27.438300 ===
Current time: 2026-08-15 11:54 AM EDT | Market open (per Alpaca): False | Session: CLOSED
Account value: $99,425.43
Cash: $2,352.13 | Holdings (14): {'CEG': '35.6034 sh (+1.36%)', 'CHD': '97.9637 sh (+0.01%)', 'COHR': '7.9896 sh (-4.69%)', 'CVX': '24.8836 sh (+1.17%)', 'GEHC': '0.6136 sh (-0.28%)', 'IVZ': '306.9138 sh (+1.21%)', 'LMT': '16.3555 sh (+0.32%)', 'MS': '43.8344 sh (-1.63%)', 'MSI': '21.1281 sh (-0.69%)', 'NUE': '36.5544 sh (-1.52%)', 'NVDA': '44.2888 sh (+0.48%)', 'NWS': '303.7199 sh (+1.75%)', 'STLD': '0.9216 sh (-2.54%)', 'WSM': '0.1026 sh (-1.61%)'}
Risk state: peak $99,703.60 | drawdown 0.28% | today -0.00% | halted: False
Market regime: NEUTRAL (position-size multiplier: 100% incl. circuit breaker 100%)
News: fetched 157, 0 new after dedup, 0 ticker(s) matched.
Quant pre-screen: 47/67 candidates passed.
Gemini proposed 3 trade(s) meeting the conviction bar.
Gemini calls used today (all models combined): 270
Market closed (overnight): queued 12 trade idea(s) for next-morning verification -- nothing submitted yet.
  -> queued WDC buy (conf 92, stop 485.0, tp 560.0)
  -> queued TYL buy (conf 92, stop 315.0, tp 355.00000000000006)
  -> queued WFC buy (conf 91, stop 86.06, tp 97.76)
  -> queued TTWO buy (conf 85, stop 230.0, tp 270.0)
  -> queued HAS buy (conf 90, stop 89.34, tp 106.82)
  -> queued HUM buy (conf None, stop 354.57, tp 392.49)
  -> queued WDAY buy (conf 85, stop 188.0, tp 220.0)
  -> queued BAC buy (conf 85, stop 62.5, tp 67.5)
  -> queued HBAN buy (conf 85, stop 17.09, tp 19.45)
  -> queued TDY buy (conf 90, stop 655.0, tp 725.0)
  -> queued TEL buy (conf 80, stop 200.81, tp 230.0)
  -> queued LYB buy (conf 88, stop 61.5, tp 68.0)
Dashboard watchlist synced (17 symbols) for news/headlines.
Ending portfolio value: $99,425.43
Trade journal: no closed trades yet
Performance: Total return -0.41% | Max drawdown 12.37% | Daily Sharpe 0.27 | Open positions: 14 | Equity $99,425.43
Timings: account: 0.0s | risk: 3.2s | decide: 3.8s | watchlist: 0.1s | perf: 0.2s

=== Run at 2026-08-15T15:56:24.585290 ===
Current time: 2026-08-15 11:56 AM EDT | Market open (per Alpaca): False | Session: CLOSED
Account value: $99,425.43
Cash: $2,352.13 | Holdings (14): {'CEG': '35.6034 sh (+1.36%)', 'CHD': '97.9637 sh (+0.01%)', 'COHR': '7.9896 sh (-4.69%)', 'CVX': '24.8836 sh (+1.17%)', 'GEHC': '0.6136 sh (-0.28%)', 'IVZ': '306.9138 sh (+1.21%)', 'LMT': '16.3555 sh (+0.32%)', 'MS': '43.8344 sh (-1.63%)', 'MSI': '21.1281 sh (-0.69%)', 'NUE': '36.5544 sh (-1.52%)', 'NVDA': '44.2888 sh (+0.48%)', 'NWS': '303.7199 sh (+1.75%)', 'STLD': '0.9216 sh (-2.54%)', 'WSM': '0.1026 sh (-1.61%)'}
Risk state: peak $99,703.60 | drawdown 0.28% | today -0.00% | halted: False
Market regime: NEUTRAL (position-size multiplier: 100% incl. circuit breaker 100%)
News: fetched 157, 1 new after dedup, 0 ticker(s) matched.
Quant pre-screen: 47/67 candidates passed.
Gemini proposed 2 trade(s) meeting the conviction bar.
Gemini calls used today (all models combined): 271
Market closed (overnight): queued 12 trade idea(s) for next-morning verification -- nothing submitted yet.
  -> queued WDC buy (conf 92, stop 485.0, tp 560.0)
  -> queued TYL buy (conf 92, stop 315.0, tp 355.00000000000006)
  -> queued WFC buy (conf 91, stop 86.06, tp 97.76)
  -> queued TTWO buy (conf 82, stop 230.0, tp 265.0)
  -> queued HAS buy (conf 90, stop 89.34, tp 106.82)
  -> queued HUM buy (conf None, stop 354.57, tp 392.49)
  -> queued WDAY buy (conf 85, stop 188.0, tp 220.0)
  -> queued BAC buy (conf 85, stop 62.5, tp 67.5)
  -> queued HBAN buy (conf 85, stop 17.09, tp 19.45)
  -> queued TDY buy (conf 85, stop 654.41, tp 715.0)
  -> queued TEL buy (conf 80, stop 200.81, tp 230.0)
  -> queued LYB buy (conf 88, stop 61.5, tp 68.0)
Dashboard watchlist synced (16 symbols) for news/headlines.
Ending portfolio value: $99,425.43
Trade journal: no closed trades yet
Performance: Total return -0.41% | Max drawdown 12.37% | Daily Sharpe 0.27 | Open positions: 14 | Equity $99,425.43
Timings: account: 0.0s | risk: 1.1s | decide: 1.9s | watchlist: 0.0s | perf: 0.1s

=== Run at 2026-08-15T15:58:27.399708 ===
Current time: 2026-08-15 11:58 AM EDT | Market open (per Alpaca): False | Session: CLOSED
Account value: $99,425.43
Cash: $2,352.13 | Holdings (14): {'CEG': '35.6034 sh (+1.36%)', 'CHD': '97.9637 sh (+0.01%)', 'COHR': '7.9896 sh (-4.69%)', 'CVX': '24.8836 sh (+1.17%)', 'GEHC': '0.6136 sh (-0.28%)', 'IVZ': '306.9138 sh (+1.21%)', 'LMT': '16.3555 sh (+0.32%)', 'MS': '43.8344 sh (-1.63%)', 'MSI': '21.1281 sh (-0.69%)', 'NUE': '36.5544 sh (-1.52%)', 'NVDA': '44.2888 sh (+0.48%)', 'NWS': '303.7199 sh (+1.75%)', 'STLD': '0.9216 sh (-2.54%)', 'WSM': '0.1026 sh (-1.61%)'}
Risk state: peak $99,703.60 | drawdown 0.28% | today -0.00% | halted: False
Market regime: NEUTRAL (position-size multiplier: 100% incl. circuit breaker 100%)
News: fetched 158, 1 new after dedup, 0 ticker(s) matched.
Quant pre-screen: 47/67 candidates passed.
Gemini proposed 3 trade(s) meeting the conviction bar.
Gemini calls used today (all models combined): 272
Market closed (overnight): queued 12 trade idea(s) for next-morning verification -- nothing submitted yet.
  -> queued WDC buy (conf 92, stop 485.0, tp 560.0)
  -> queued TYL buy (conf 92, stop 315.0, tp 355.00000000000006)
  -> queued WFC buy (conf 91, stop 86.06, tp 97.76)
  -> queued TTWO buy (conf 82, stop 228.4, tp 265.0)
  -> queued HAS buy (conf 90, stop 89.34, tp 106.82)
  -> queued HUM buy (conf None, stop 354.57, tp 392.49)
  -> queued WDAY buy (conf 85, stop 188.0, tp 220.0)
  -> queued BAC buy (conf 85, stop 62.5, tp 67.5)
  -> queued HBAN buy (conf 85, stop 17.09, tp 19.45)
  -> queued TDY buy (conf 85, stop 654.41, tp 715.0)
  -> queued TEL buy (conf 80, stop 200.81, tp 230.0)
  -> queued LYB buy (conf 80, stop 58.01, tp 67.5)
Dashboard watchlist synced (17 symbols) for news/headlines.
Ending portfolio value: $99,425.43
Trade journal: no closed trades yet
Performance: Total return -0.41% | Max drawdown 12.37% | Daily Sharpe 0.27 | Open positions: 14 | Equity $99,425.43
Timings: account: 0.0s | risk: 3.9s | decide: 3.6s | watchlist: 0.2s | perf: 0.3s

=== Run at 2026-08-15T16:00:34.524017 ===
Current time: 2026-08-15 12:00 PM EDT | Market open (per Alpaca): False | Session: CLOSED
Account value: $99,425.43
Cash: $2,352.13 | Holdings (14): {'CEG': '35.6034 sh (+1.36%)', 'CHD': '97.9637 sh (+0.01%)', 'COHR': '7.9896 sh (-4.69%)', 'CVX': '24.8836 sh (+1.17%)', 'GEHC': '0.6136 sh (-0.28%)', 'IVZ': '306.9138 sh (+1.21%)', 'LMT': '16.3555 sh (+0.32%)', 'MS': '43.8344 sh (-1.63%)', 'MSI': '21.1281 sh (-0.69%)', 'NUE': '36.5544 sh (-1.52%)', 'NVDA': '44.2888 sh (+0.48%)', 'NWS': '303.7199 sh (+1.75%)', 'STLD': '0.9216 sh (-2.54%)', 'WSM': '0.1026 sh (-1.61%)'}
Risk state: peak $99,703.60 | drawdown 0.28% | today -0.00% | halted: False
Market regime: NEUTRAL (position-size multiplier: 100% incl. circuit breaker 100%)
News: fetched 157, 1 new after dedup, 0 ticker(s) matched.
Quant pre-screen: 14/19 candidates passed.
Technical fallback (Gemini throttled/unavailable) proposed 17 trade(s) meeting the conviction bar.
Gemini calls used today (all models combined): 272
Market closed (overnight): queued 12 trade idea(s) for next-morning verification -- nothing submitted yet.
  -> queued WDC buy (conf 92, stop 485.0, tp 560.0)
  -> queued WFC buy (conf 91, stop 86.06, tp 97.76)
  -> queued HAS buy (conf 90, stop 89.34, tp 106.82)
  -> queued HUM buy (conf None, stop 354.57, tp 392.49)
  -> queued WDAY buy (conf 85, stop 188.0, tp 220.0)
  -> queued BAC buy (conf 85, stop 62.5, tp 67.5)
  -> queued HBAN buy (conf 85, stop 17.09, tp 19.45)
  -> queued TDY buy (conf None, stop 654.41, tp 697.61)
  -> queued TYL buy (conf None, stop 300.28, tp 334.89)
  -> queued TTWO buy (conf None, stop 228.4, tp 256.285)
  -> queued TEL buy (conf None, stop 200.81, tp 221.8)
  -> queued LYB buy (conf None, stop 58.01, tp 64.365)
Dashboard watchlist synced (28 symbols) for news/headlines.
Ending portfolio value: $99,425.43
Trade journal: no closed trades yet
Performance: Total return -0.41% | Max drawdown 12.37% | Daily Sharpe 0.27 | Open positions: 14 | Equity $99,425.43
Timings: account: 0.0s | risk: 3.6s | decide: 25.6s | watchlist: 0.1s | perf: 0.2s

=== Run at 2026-08-15T16:02:29.015236 ===
Current time: 2026-08-15 12:02 PM EDT | Market open (per Alpaca): False | Session: CLOSED
Account value: $99,425.43
Cash: $2,352.13 | Holdings (14): {'CEG': '35.6034 sh (+1.36%)', 'CHD': '97.9637 sh (+0.01%)', 'COHR': '7.9896 sh (-4.69%)', 'CVX': '24.8836 sh (+1.17%)', 'GEHC': '0.6136 sh (-0.28%)', 'IVZ': '306.9138 sh (+1.21%)', 'LMT': '16.3555 sh (+0.32%)', 'MS': '43.8344 sh (-1.63%)', 'MSI': '21.1281 sh (-0.69%)', 'NUE': '36.5544 sh (-1.52%)', 'NVDA': '44.2888 sh (+0.48%)', 'NWS': '303.7199 sh (+1.75%)', 'STLD': '0.9216 sh (-2.54%)', 'WSM': '0.1026 sh (-1.61%)'}
Risk state: peak $99,703.60 | drawdown 0.28% | today -0.00% | halted: False
Market regime: NEUTRAL (position-size multiplier: 100% incl. circuit breaker 100%)
News: fetched 157, 0 new after dedup, 0 ticker(s) matched.
Quant pre-screen: 22/31 candidates passed.
Gemini proposed 3 trade(s) meeting the conviction bar.
Gemini calls used today (all models combined): 273
Market closed (overnight): queued 12 trade idea(s) for next-morning verification -- nothing submitted yet.
  -> queued WDC buy (conf 92, stop 485.0, tp 560.0)
  -> queued WFC buy (conf 91, stop 86.06, tp 97.76)
  -> queued HAS buy (conf 90, stop 89.34, tp 106.82)
  -> queued HUM buy (conf None, stop 354.57, tp 392.49)
  -> queued WDAY buy (conf 85, stop 188.0, tp 220.0)
  -> queued BAC buy (conf 85, stop 62.5, tp 67.5)
  -> queued HBAN buy (conf 85, stop 17.09, tp 19.45)
  -> queued TDY buy (conf None, stop 654.41, tp 697.61)
  -> queued TYL buy (conf 92, stop 315.48, tp 355.0)
  -> queued TTWO buy (conf 90, stop 235.15, tp 270.0)
  -> queued TEL buy (conf None, stop 200.81, tp 221.8)
  -> queued LYB buy (conf 85, stop 61.61, tp 68.0)
Dashboard watchlist synced (17 symbols) for news/headlines.
Ending portfolio value: $99,425.43
Trade journal: no closed trades yet
Performance: Total return -0.41% | Max drawdown 12.37% | Daily Sharpe 0.27 | Open positions: 14 | Equity $99,425.43
Timings: account: 0.0s | risk: 3.8s | decide: 7.3s | watchlist: 0.2s | perf: 0.2s

=== Run at 2026-08-15T16:04:24.765501 ===
Current time: 2026-08-15 12:04 PM EDT | Market open (per Alpaca): False | Session: CLOSED
Account value: $99,425.43
Cash: $2,352.13 | Holdings (14): {'CEG': '35.6034 sh (+1.36%)', 'CHD': '97.9637 sh (+0.01%)', 'COHR': '7.9896 sh (-4.69%)', 'CVX': '24.8836 sh (+1.17%)', 'GEHC': '0.6136 sh (-0.28%)', 'IVZ': '306.9138 sh (+1.21%)', 'LMT': '16.3555 sh (+0.32%)', 'MS': '43.8344 sh (-1.63%)', 'MSI': '21.1281 sh (-0.69%)', 'NUE': '36.5544 sh (-1.52%)', 'NVDA': '44.2888 sh (+0.48%)', 'NWS': '303.7199 sh (+1.75%)', 'STLD': '0.9216 sh (-2.54%)', 'WSM': '0.1026 sh (-1.61%)'}
Risk state: peak $99,703.60 | drawdown 0.28% | today -0.00% | halted: False
Market regime: NEUTRAL (position-size multiplier: 100% incl. circuit breaker 100%)
News: fetched 158, 1 new after dedup, 0 ticker(s) matched.
Quant pre-screen: 30/43 candidates passed.
Gemini proposed 1 trade(s) meeting the conviction bar.
Gemini calls used today (all models combined): 274
Market closed (overnight): queued 12 trade idea(s) for next-morning verification -- nothing submitted yet.
  -> queued WDC buy (conf 92, stop 485.0, tp 560.0)
  -> queued WFC buy (conf 91, stop 86.06, tp 97.76)
  -> queued HAS buy (conf 90, stop 89.34, tp 106.82)
  -> queued HUM buy (conf None, stop 354.57, tp 392.49)
  -> queued WDAY buy (conf 85, stop 188.0, tp 220.0)
  -> queued BAC buy (conf 85, stop 62.5, tp 67.5)
  -> queued HBAN buy (conf 85, stop 17.09, tp 19.45)
  -> queued TDY buy (conf 85, stop 654.41, tp 697.61)
  -> queued TYL buy (conf 92, stop 315.48, tp 355.0)
  -> queued TTWO buy (conf 90, stop 235.15, tp 270.0)
  -> queued TEL buy (conf None, stop 200.81, tp 221.8)
  -> queued LYB buy (conf 85, stop 61.61, tp 68.0)
Dashboard watchlist synced (15 symbols) for news/headlines.
Ending portfolio value: $99,425.43
Trade journal: no closed trades yet
Performance: Total return -0.41% | Max drawdown 12.37% | Daily Sharpe 0.27 | Open positions: 14 | Equity $99,425.43
Timings: account: 0.0s | risk: 2.3s | decide: 4.8s | watchlist: 0.1s | perf: 0.2s

=== Run at 2026-08-15T16:06:24.406282 ===
Current time: 2026-08-15 12:06 PM EDT | Market open (per Alpaca): False | Session: CLOSED
Account value: $99,425.43
Cash: $2,352.13 | Holdings (14): {'CEG': '35.6034 sh (+1.36%)', 'CHD': '97.9637 sh (+0.01%)', 'COHR': '7.9896 sh (-4.69%)', 'CVX': '24.8836 sh (+1.17%)', 'GEHC': '0.6136 sh (-0.28%)', 'IVZ': '306.9138 sh (+1.21%)', 'LMT': '16.3555 sh (+0.32%)', 'MS': '43.8344 sh (-1.63%)', 'MSI': '21.1281 sh (-0.69%)', 'NUE': '36.5544 sh (-1.52%)', 'NVDA': '44.2888 sh (+0.48%)', 'NWS': '303.7199 sh (+1.75%)', 'STLD': '0.9216 sh (-2.54%)', 'WSM': '0.1026 sh (-1.61%)'}
Risk state: peak $99,703.60 | drawdown 0.28% | today -0.00% | halted: False
Market regime: NEUTRAL (position-size multiplier: 100% incl. circuit breaker 100%)
News: fetched 157, 2 new after dedup, 1 ticker(s) matched.
Quant pre-screen: 20/26 candidates passed.
Gemini proposed 2 trade(s) meeting the conviction bar.
Gemini calls used today (all models combined): 275
Market closed (overnight): queued 12 trade idea(s) for next-morning verification -- nothing submitted yet.
  -> queued WDC buy (conf 92, stop 485.0, tp 560.0)
  -> queued WFC buy (conf 91, stop 86.06, tp 97.76)
  -> queued HAS buy (conf 90, stop 89.34, tp 106.82)
  -> queued HUM buy (conf None, stop 354.57, tp 392.49)
  -> queued WDAY buy (conf 85, stop 188.0, tp 220.0)
  -> queued BAC buy (conf 85, stop 62.5, tp 67.5)
  -> queued HBAN buy (conf 85, stop 17.09, tp 19.45)
  -> queued TDY buy (conf 90, stop 654.41, tp 710.0)
  -> queued TYL buy (conf 92, stop 315.48, tp 355.0)
  -> queued TTWO buy (conf 92, stop 232.0, tp 265.0)
  -> queued TEL buy (conf None, stop 200.81, tp 221.8)
  -> queued LYB buy (conf 85, stop 61.61, tp 68.0)
Dashboard watchlist synced (17 symbols) for news/headlines.
Ending portfolio value: $99,425.43
Trade journal: no closed trades yet
Performance: Total return -0.41% | Max drawdown 12.37% | Daily Sharpe 0.27 | Open positions: 14 | Equity $99,425.43
Timings: account: 0.0s | risk: 3.2s | decide: 8.4s | watchlist: 0.1s | perf: 0.2s

=== Run at 2026-08-15T16:08:29.096383 ===
Current time: 2026-08-15 12:08 PM EDT | Market open (per Alpaca): False | Session: CLOSED
Account value: $99,425.43
Cash: $2,352.13 | Holdings (14): {'CEG': '35.6034 sh (+1.36%)', 'CHD': '97.9637 sh (+0.01%)', 'COHR': '7.9896 sh (-4.69%)', 'CVX': '24.8836 sh (+1.17%)', 'GEHC': '0.6136 sh (-0.28%)', 'IVZ': '306.9138 sh (+1.21%)', 'LMT': '16.3555 sh (+0.32%)', 'MS': '43.8344 sh (-1.63%)', 'MSI': '21.1281 sh (-0.69%)', 'NUE': '36.5544 sh (-1.52%)', 'NVDA': '44.2888 sh (+0.48%)', 'NWS': '303.7199 sh (+1.75%)', 'STLD': '0.9216 sh (-2.54%)', 'WSM': '0.1026 sh (-1.61%)'}
Risk state: peak $99,703.60 | drawdown 0.28% | today -0.00% | halted: False
Market regime: NEUTRAL (position-size multiplier: 100% incl. circuit breaker 100%)
News: fetched 157, 1 new after dedup, 0 ticker(s) matched.
Quant pre-screen: 46/67 candidates passed.
Gemini proposed 3 trade(s) meeting the conviction bar.
Gemini calls used today (all models combined): 276
Market closed (overnight): queued 12 trade idea(s) for next-morning verification -- nothing submitted yet.
  -> queued WDC buy (conf 92, stop 485.0, tp 560.0)
  -> queued WFC buy (conf 91, stop 86.06, tp 97.76)
  -> queued HAS buy (conf 90, stop 89.34, tp 106.82)
  -> queued HUM buy (conf None, stop 354.57, tp 392.49)
  -> queued WDAY buy (conf 85, stop 188.0, tp 220.0)
  -> queued BAC buy (conf 85, stop 62.5, tp 67.5)
  -> queued HBAN buy (conf 85, stop 17.09, tp 19.45)
  -> queued TDY buy (conf 85, stop 664.68, tp 710.4)
  -> queued TYL buy (conf 92, stop 315.48, tp 355.03)
  -> queued TTWO buy (conf 88, stop 239.15, tp 262.4)
  -> queued TEL buy (conf None, stop 200.81, tp 221.8)
  -> queued LYB buy (conf 85, stop 61.61, tp 68.0)
Dashboard watchlist synced (17 symbols) for news/headlines.
Ending portfolio value: $99,425.43
Trade journal: no closed trades yet
Performance: Total return -0.41% | Max drawdown 12.37% | Daily Sharpe 0.27 | Open positions: 14 | Equity $99,425.43
Timings: account: 0.0s | risk: 3.3s | decide: 6.7s | watchlist: 0.1s | perf: 0.2s

=== Run at 2026-08-15T16:10:29.335854 ===
Current time: 2026-08-15 12:10 PM EDT | Market open (per Alpaca): False | Session: CLOSED
Account value: $99,425.43
Cash: $2,352.13 | Holdings (14): {'CEG': '35.6034 sh (+1.36%)', 'CHD': '97.9637 sh (+0.01%)', 'COHR': '7.9896 sh (-4.69%)', 'CVX': '24.8836 sh (+1.17%)', 'GEHC': '0.6136 sh (-0.28%)', 'IVZ': '306.9138 sh (+1.21%)', 'LMT': '16.3555 sh (+0.32%)', 'MS': '43.8344 sh (-1.63%)', 'MSI': '21.1281 sh (-0.69%)', 'NUE': '36.5544 sh (-1.52%)', 'NVDA': '44.2888 sh (+0.48%)', 'NWS': '303.7199 sh (+1.75%)', 'STLD': '0.9216 sh (-2.54%)', 'WSM': '0.1026 sh (-1.61%)'}
Risk state: peak $99,703.60 | drawdown 0.28% | today -0.00% | halted: False
Market regime: NEUTRAL (position-size multiplier: 100% incl. circuit breaker 100%)
News: fetched 157, 1 new after dedup, 0 ticker(s) matched.
Quant pre-screen: 46/67 candidates passed.
Gemini proposed 3 trade(s) meeting the conviction bar.
Gemini calls used today (all models combined): 277
Market closed (overnight): queued 12 trade idea(s) for next-morning verification -- nothing submitted yet.
  -> queued WDC buy (conf 92, stop 485.0, tp 560.0)
  -> queued WFC buy (conf 91, stop 86.06, tp 97.76)
  -> queued HAS buy (conf 90, stop 89.34, tp 106.82)
  -> queued HUM buy (conf None, stop 354.57, tp 392.49)
  -> queued WDAY buy (conf 85, stop 188.0, tp 220.0)
  -> queued BAC buy (conf 85, stop 62.5, tp 67.5)
  -> queued HBAN buy (conf 85, stop 17.09, tp 19.45)
  -> queued TDY buy (conf 85, stop 654.41, tp 697.61)
  -> queued TYL buy (conf 92, stop 300.28, tp 334.89)
  -> queued TTWO buy (conf 91, stop 228.4, tp 256.29)
  -> queued TEL buy (conf None, stop 200.81, tp 221.8)
  -> queued LYB buy (conf 85, stop 61.61, tp 68.0)
Dashboard watchlist synced (17 symbols) for news/headlines.
Ending portfolio value: $99,425.43
Trade journal: no closed trades yet
Performance: Total return -0.41% | Max drawdown 12.37% | Daily Sharpe 0.27 | Open positions: 14 | Equity $99,425.43
Timings: account: 0.0s | risk: 3.2s | decide: 23.8s | watchlist: 0.1s | perf: 0.2s

=== Run at 2026-08-15T16:12:26.554707 ===
Current time: 2026-08-15 12:12 PM EDT | Market open (per Alpaca): False | Session: CLOSED
Account value: $99,425.43
Cash: $2,352.13 | Holdings (14): {'CEG': '35.6034 sh (+1.36%)', 'CHD': '97.9637 sh (+0.01%)', 'COHR': '7.9896 sh (-4.69%)', 'CVX': '24.8836 sh (+1.17%)', 'GEHC': '0.6136 sh (-0.28%)', 'IVZ': '306.9138 sh (+1.21%)', 'LMT': '16.3555 sh (+0.32%)', 'MS': '43.8344 sh (-1.63%)', 'MSI': '21.1281 sh (-0.69%)', 'NUE': '36.5544 sh (-1.52%)', 'NVDA': '44.2888 sh (+0.48%)', 'NWS': '303.7199 sh (+1.75%)', 'STLD': '0.9216 sh (-2.54%)', 'WSM': '0.1026 sh (-1.61%)'}
Risk state: peak $99,703.60 | drawdown 0.28% | today -0.00% | halted: False
Market regime: NEUTRAL (position-size multiplier: 100% incl. circuit breaker 100%)
News: fetched 158, 1 new after dedup, 0 ticker(s) matched.
Quant pre-screen: 46/67 candidates passed.
Gemini proposed 1 trade(s) meeting the conviction bar.
Gemini calls used today (all models combined): 278
Market closed (overnight): queued 12 trade idea(s) for next-morning verification -- nothing submitted yet.
  -> queued WDC buy (conf 92, stop 485.0, tp 560.0)
  -> queued WFC buy (conf 91, stop 86.06, tp 97.76)
  -> queued HAS buy (conf 90, stop 89.34, tp 106.82)
  -> queued HUM buy (conf None, stop 354.57, tp 392.49)
  -> queued WDAY buy (conf 85, stop 188.0, tp 220.0)
  -> queued BAC buy (conf 85, stop 62.5, tp 67.5)
  -> queued HBAN buy (conf 85, stop 17.09, tp 19.45)
  -> queued TDY buy (conf 85, stop 654.41, tp 697.61)
  -> queued TYL buy (conf 92, stop 315.0, tp 355.00000000000006)
  -> queued TTWO buy (conf 91, stop 228.4, tp 256.29)
  -> queued TEL buy (conf None, stop 200.81, tp 221.8)
  -> queued LYB buy (conf 85, stop 61.61, tp 68.0)
Dashboard watchlist synced (15 symbols) for news/headlines.
Ending portfolio value: $99,425.43
Trade journal: no closed trades yet
Performance: Total return -0.41% | Max drawdown 12.37% | Daily Sharpe 0.27 | Open positions: 14 | Equity $99,425.43
Timings: account: 0.0s | risk: 3.3s | decide: 13.0s | watchlist: 0.1s | perf: 0.2s

=== Run at 2026-08-15T16:13:10.667383 ===
Current time: 2026-08-15 12:13 PM EDT | Market open (per Alpaca): False | Session: CLOSED
Account value: $99,425.43
Cash: $2,352.13 | Holdings (14): {'CEG': '35.6034 sh (+1.36%)', 'CHD': '97.9637 sh (+0.01%)', 'COHR': '7.9896 sh (-4.69%)', 'CVX': '24.8836 sh (+1.17%)', 'GEHC': '0.6136 sh (-0.28%)', 'IVZ': '306.9138 sh (+1.21%)', 'LMT': '16.3555 sh (+0.32%)', 'MS': '43.8344 sh (-1.63%)', 'MSI': '21.1281 sh (-0.69%)', 'NUE': '36.5544 sh (-1.52%)', 'NVDA': '44.2888 sh (+0.48%)', 'NWS': '303.7199 sh (+1.75%)', 'STLD': '0.9216 sh (-2.54%)', 'WSM': '0.1026 sh (-1.61%)'}
Risk state: peak $99,703.60 | drawdown 0.28% | today -0.00% | halted: False
Market regime: NEUTRAL (position-size multiplier: 100% incl. circuit breaker 100%)
News: fetched 158, 0 new after dedup, 0 ticker(s) matched.
Quant pre-screen: 46/67 candidates passed.
Gemini proposed 1 trade(s) meeting the conviction bar.
Gemini calls used today (all models combined): 279
Market closed (overnight): queued 12 trade idea(s) for next-morning verification -- nothing submitted yet.
  -> queued WDC buy (conf 92, stop 485.0, tp 560.0)
  -> queued WFC buy (conf 91, stop 86.06, tp 97.76)
  -> queued HAS buy (conf 90, stop 89.34, tp 106.82)
  -> queued HUM buy (conf None, stop 354.57, tp 392.49)
  -> queued WDAY buy (conf 85, stop 188.0, tp 220.0)
  -> queued BAC buy (conf 85, stop 62.5, tp 67.5)
  -> queued HBAN buy (conf 85, stop 17.09, tp 19.45)
  -> queued TDY buy (conf 80, stop 654.41, tp None)
  -> queued TYL buy (conf 92, stop 315.0, tp 355.00000000000006)
  -> queued TTWO buy (conf 91, stop 228.4, tp 256.29)
  -> queued TEL buy (conf None, stop 200.81, tp 221.8)
  -> queued LYB buy (conf 85, stop 61.61, tp 68.0)
Dashboard watchlist synced (15 symbols) for news/headlines.
Ending portfolio value: $99,425.43
Trade journal: no closed trades yet
Performance: Total return -0.41% | Max drawdown 12.37% | Daily Sharpe 0.27 | Open positions: 14 | Equity $99,425.43
Timings: account: 0.0s | risk: 1.8s | decide: 19.3s | watchlist: 0.1s | perf: 0.1s

=== Run at 2026-08-15T16:14:28.028474 ===
Current time: 2026-08-15 12:14 PM EDT | Market open (per Alpaca): False | Session: CLOSED
Account value: $99,425.43
Cash: $2,352.13 | Holdings (14): {'CEG': '35.6034 sh (+1.36%)', 'CHD': '97.9637 sh (+0.01%)', 'COHR': '7.9896 sh (-4.69%)', 'CVX': '24.8836 sh (+1.17%)', 'GEHC': '0.6136 sh (-0.28%)', 'IVZ': '306.9138 sh (+1.21%)', 'LMT': '16.3555 sh (+0.32%)', 'MS': '43.8344 sh (-1.63%)', 'MSI': '21.1281 sh (-0.69%)', 'NUE': '36.5544 sh (-1.52%)', 'NVDA': '44.2888 sh (+0.48%)', 'NWS': '303.7199 sh (+1.75%)', 'STLD': '0.9216 sh (-2.54%)', 'WSM': '0.1026 sh (-1.61%)'}
Risk state: peak $99,703.60 | drawdown 0.28% | today -0.00% | halted: False
Market regime: NEUTRAL (position-size multiplier: 100% incl. circuit breaker 100%)
News: fetched 157, 0 new after dedup, 0 ticker(s) matched.
Quant pre-screen: 46/67 candidates passed.
Gemini proposed 3 trade(s) meeting the conviction bar.
Gemini calls used today (all models combined): 280
Market closed (overnight): queued 12 trade idea(s) for next-morning verification -- nothing submitted yet.
  -> queued WDC buy (conf 92, stop 485.0, tp 560.0)
  -> queued WFC buy (conf 91, stop 86.06, tp 97.76)
  -> queued HAS buy (conf 90, stop 89.34, tp 106.82)
  -> queued HUM buy (conf None, stop 354.57, tp 392.49)
  -> queued WDAY buy (conf 85, stop 188.0, tp 220.0)
  -> queued BAC buy (conf 85, stop 62.5, tp 67.5)
  -> queued HBAN buy (conf 85, stop 17.09, tp 19.45)
  -> queued TDY buy (conf 91, stop 660.0, tp 715.0)
  -> queued TYL buy (conf 92, stop 315.0, tp 355.0)
  -> queued TTWO buy (conf 90, stop 235.0, tp 270.0)
  -> queued TEL buy (conf None, stop 200.81, tp 221.8)
  -> queued LYB buy (conf 85, stop 61.61, tp 68.0)
Dashboard watchlist synced (17 symbols) for news/headlines.
Ending portfolio value: $99,425.43
Trade journal: no closed trades yet
Performance: Total return -0.41% | Max drawdown 12.37% | Daily Sharpe 0.27 | Open positions: 14 | Equity $99,425.43
Timings: account: 0.0s | risk: 3.7s | decide: 4.0s | watchlist: 0.2s | perf: 0.2s

=== Run at 2026-08-15T16:16:26.775410 ===
Current time: 2026-08-15 12:16 PM EDT | Market open (per Alpaca): False | Session: CLOSED
Account value: $99,425.43
Cash: $2,352.13 | Holdings (14): {'CEG': '35.6034 sh (+1.36%)', 'CHD': '97.9637 sh (+0.01%)', 'COHR': '7.9896 sh (-4.69%)', 'CVX': '24.8836 sh (+1.17%)', 'GEHC': '0.6136 sh (-0.28%)', 'IVZ': '306.9138 sh (+1.21%)', 'LMT': '16.3555 sh (+0.32%)', 'MS': '43.8344 sh (-1.63%)', 'MSI': '21.1281 sh (-0.69%)', 'NUE': '36.5544 sh (-1.52%)', 'NVDA': '44.2888 sh (+0.48%)', 'NWS': '303.7199 sh (+1.75%)', 'STLD': '0.9216 sh (-2.54%)', 'WSM': '0.1026 sh (-1.61%)'}
Risk state: peak $99,703.60 | drawdown 0.28% | today -0.00% | halted: False
Market regime: NEUTRAL (position-size multiplier: 100% incl. circuit breaker 100%)
News: fetched 158, 4 new after dedup, 1 ticker(s) matched.
Quant pre-screen: 33/50 candidates passed.
Gemini proposed 2 trade(s) meeting the conviction bar.
Gemini calls used today (all models combined): 281
Market closed (overnight): queued 12 trade idea(s) for next-morning verification -- nothing submitted yet.
  -> queued WDC buy (conf 92, stop 485.0, tp 560.0)
  -> queued WFC buy (conf 91, stop 86.06, tp 97.76)
  -> queued HAS buy (conf 90, stop 89.34, tp 106.82)
  -> queued HUM buy (conf None, stop 354.57, tp 392.49)
  -> queued WDAY buy (conf 85, stop 188.0, tp 220.0)
  -> queued BAC buy (conf 85, stop 62.5, tp 67.5)
  -> queued HBAN buy (conf 85, stop 17.09, tp 19.45)
  -> queued TDY buy (conf 92, stop 654.41, tp 710.0)
  -> queued TYL buy (conf 92, stop 315.0, tp 355.0)
  -> queued TTWO buy (conf 90, stop 228.4, tp 265.0)
  -> queued TEL buy (conf None, stop 200.81, tp 221.8)
  -> queued LYB buy (conf 85, stop 61.61, tp 68.0)
Dashboard watchlist synced (17 symbols) for news/headlines.
Ending portfolio value: $99,425.43
Trade journal: no closed trades yet
Performance: Total return -0.41% | Max drawdown 12.37% | Daily Sharpe 0.27 | Open positions: 14 | Equity $99,425.43
Timings: account: 0.0s | risk: 3.1s | decide: 6.8s | watchlist: 0.1s | perf: 0.2s

=== Run at 2026-08-15T16:18:24.282995 ===
Current time: 2026-08-15 12:18 PM EDT | Market open (per Alpaca): False | Session: CLOSED
Account value: $99,425.43
Cash: $2,352.13 | Holdings (14): {'CEG': '35.6034 sh (+1.36%)', 'CHD': '97.9637 sh (+0.01%)', 'COHR': '7.9896 sh (-4.69%)', 'CVX': '24.8836 sh (+1.17%)', 'GEHC': '0.6136 sh (-0.28%)', 'IVZ': '306.9138 sh (+1.21%)', 'LMT': '16.3555 sh (+0.32%)', 'MS': '43.8344 sh (-1.63%)', 'MSI': '21.1281 sh (-0.69%)', 'NUE': '36.5544 sh (-1.52%)', 'NVDA': '44.2888 sh (+0.48%)', 'NWS': '303.7199 sh (+1.75%)', 'STLD': '0.9216 sh (-2.54%)', 'WSM': '0.1026 sh (-1.61%)'}
Risk state: peak $99,703.60 | drawdown 0.28% | today -0.00% | halted: False
Market regime: NEUTRAL (position-size multiplier: 100% incl. circuit breaker 100%)
News: fetched 157, 0 new after dedup, 0 ticker(s) matched.
Quant pre-screen: 46/67 candidates passed.
Gemini proposed 3 trade(s) meeting the conviction bar.
Gemini calls used today (all models combined): 282
Market closed (overnight): queued 12 trade idea(s) for next-morning verification -- nothing submitted yet.
  -> queued WDC buy (conf 92, stop 485.0, tp 560.0)
  -> queued WFC buy (conf 91, stop 86.06, tp 97.76)
  -> queued HAS buy (conf 90, stop 89.34, tp 106.82)
  -> queued HUM buy (conf None, stop 354.57, tp 392.49)
  -> queued WDAY buy (conf 85, stop 188.0, tp 220.0)
  -> queued BAC buy (conf 85, stop 62.5, tp 67.5)
  -> queued HBAN buy (conf 85, stop 17.09, tp 19.45)
  -> queued TDY buy (conf 90, stop 660.0, tp 725.0)
  -> queued TYL buy (conf 92, stop 315.0, tp 355.00000000000006)
  -> queued TTWO buy (conf 91, stop 235.0, tp 270.0)
  -> queued TEL buy (conf None, stop 200.81, tp 221.8)
  -> queued LYB buy (conf 85, stop 61.61, tp 68.0)
Dashboard watchlist synced (17 symbols) for news/headlines.
Ending portfolio value: $99,425.43
Trade journal: no closed trades yet
Performance: Total return -0.41% | Max drawdown 12.37% | Daily Sharpe 0.27 | Open positions: 14 | Equity $99,425.43
Timings: account: 0.0s | risk: 0.9s | decide: 2.3s | watchlist: 0.0s | perf: 0.1s

=== Run at 2026-08-15T16:20:30.914138 ===
Current time: 2026-08-15 12:20 PM EDT | Market open (per Alpaca): False | Session: CLOSED
Account value: $99,425.43
Cash: $2,352.13 | Holdings (14): {'CEG': '35.6034 sh (+1.36%)', 'CHD': '97.9637 sh (+0.01%)', 'COHR': '7.9896 sh (-4.69%)', 'CVX': '24.8836 sh (+1.17%)', 'GEHC': '0.6136 sh (-0.28%)', 'IVZ': '306.9138 sh (+1.21%)', 'LMT': '16.3555 sh (+0.32%)', 'MS': '43.8344 sh (-1.63%)', 'MSI': '21.1281 sh (-0.69%)', 'NUE': '36.5544 sh (-1.52%)', 'NVDA': '44.2888 sh (+0.48%)', 'NWS': '303.7199 sh (+1.75%)', 'STLD': '0.9216 sh (-2.54%)', 'WSM': '0.1026 sh (-1.61%)'}
Risk state: peak $99,703.60 | drawdown 0.28% | today -0.00% | halted: False
Market regime: NEUTRAL (position-size multiplier: 100% incl. circuit breaker 100%)
News: fetched 158, 0 new after dedup, 0 ticker(s) matched.
Quant pre-screen: 46/67 candidates passed.
Gemini proposed 2 trade(s) meeting the conviction bar.
Gemini calls used today (all models combined): 283
Market closed (overnight): queued 12 trade idea(s) for next-morning verification -- nothing submitted yet.
  -> queued WDC buy (conf 92, stop 485.0, tp 560.0)
  -> queued WFC buy (conf 91, stop 86.06, tp 97.76)
  -> queued HAS buy (conf 90, stop 89.34, tp 106.82)
  -> queued HUM buy (conf None, stop 354.57, tp 392.49)
  -> queued WDAY buy (conf 85, stop 188.0, tp 220.0)
  -> queued BAC buy (conf 85, stop 62.5, tp 67.5)
  -> queued HBAN buy (conf 85, stop 17.09, tp 19.45)
  -> queued TDY buy (conf 85, stop 655.0, tp 725.0)
  -> queued TYL buy (conf 90, stop 310.0, tp 355.00000000000006)
  -> queued TTWO buy (conf 91, stop 235.0, tp 270.0)
  -> queued TEL buy (conf None, stop 200.81, tp 221.8)
  -> queued LYB buy (conf 85, stop 61.61, tp 68.0)
Dashboard watchlist synced (16 symbols) for news/headlines.
Ending portfolio value: $99,425.43
Trade journal: no closed trades yet
Performance: Total return -0.41% | Max drawdown 12.37% | Daily Sharpe 0.27 | Open positions: 14 | Equity $99,425.43
Timings: account: 0.0s | risk: 4.2s | decide: 3.7s | watchlist: 0.2s | perf: 0.3s

=== Run at 2026-08-15T16:22:25.972160 ===
Current time: 2026-08-15 12:22 PM EDT | Market open (per Alpaca): False | Session: CLOSED
Account value: $99,425.43
Cash: $2,352.13 | Holdings (14): {'CEG': '35.6034 sh (+1.36%)', 'CHD': '97.9637 sh (+0.01%)', 'COHR': '7.9896 sh (-4.69%)', 'CVX': '24.8836 sh (+1.17%)', 'GEHC': '0.6136 sh (-0.28%)', 'IVZ': '306.9138 sh (+1.21%)', 'LMT': '16.3555 sh (+0.32%)', 'MS': '43.8344 sh (-1.63%)', 'MSI': '21.1281 sh (-0.69%)', 'NUE': '36.5544 sh (-1.52%)', 'NVDA': '44.2888 sh (+0.48%)', 'NWS': '303.7199 sh (+1.75%)', 'STLD': '0.9216 sh (-2.54%)', 'WSM': '0.1026 sh (-1.61%)'}
Risk state: peak $99,703.60 | drawdown 0.28% | today -0.00% | halted: False
Market regime: NEUTRAL (position-size multiplier: 100% incl. circuit breaker 100%)
News: fetched 157, 0 new after dedup, 0 ticker(s) matched.
Quant pre-screen: 46/67 candidates passed.
Gemini proposed 3 trade(s) meeting the conviction bar.
Gemini calls used today (all models combined): 284
Market closed (overnight): queued 12 trade idea(s) for next-morning verification -- nothing submitted yet.
  -> queued WDC buy (conf 92, stop 485.0, tp 560.0)
  -> queued WFC buy (conf 91, stop 86.06, tp 97.76)
  -> queued HAS buy (conf 90, stop 89.34, tp 106.82)
  -> queued HUM buy (conf None, stop 354.57, tp 392.49)
  -> queued WDAY buy (conf 85, stop 188.0, tp 220.0)
  -> queued BAC buy (conf 85, stop 62.5, tp 67.5)
  -> queued HBAN buy (conf 85, stop 17.09, tp 19.45)
  -> queued TDY buy (conf 92, stop 654.41, tp 710.0)
  -> queued TYL buy (conf 90, stop 310.0, tp 355.00000000000006)
  -> queued TTWO buy (conf 90, stop 228.4, tp 265.49)
  -> queued TEL buy (conf 85, stop 200.81, tp 230.0)
  -> queued LYB buy (conf 85, stop 61.61, tp 68.0)
Dashboard watchlist synced (17 symbols) for news/headlines.
Ending portfolio value: $99,425.43
Trade journal: no closed trades yet
Performance: Total return -0.41% | Max drawdown 12.37% | Daily Sharpe 0.27 | Open positions: 14 | Equity $99,425.43
Timings: account: 0.0s | risk: 2.5s | decide: 3.3s | watchlist: 0.1s | perf: 0.1s

=== Run at 2026-08-15T16:24:24.681678 ===
Current time: 2026-08-15 12:24 PM EDT | Market open (per Alpaca): False | Session: CLOSED
Account value: $99,425.43
Cash: $2,352.13 | Holdings (14): {'CEG': '35.6034 sh (+1.36%)', 'CHD': '97.9637 sh (+0.01%)', 'COHR': '7.9896 sh (-4.69%)', 'CVX': '24.8836 sh (+1.17%)', 'GEHC': '0.6136 sh (-0.28%)', 'IVZ': '306.9138 sh (+1.21%)', 'LMT': '16.3555 sh (+0.32%)', 'MS': '43.8344 sh (-1.63%)', 'MSI': '21.1281 sh (-0.69%)', 'NUE': '36.5544 sh (-1.52%)', 'NVDA': '44.2888 sh (+0.48%)', 'NWS': '303.7199 sh (+1.75%)', 'STLD': '0.9216 sh (-2.54%)', 'WSM': '0.1026 sh (-1.61%)'}
Risk state: peak $99,703.60 | drawdown 0.28% | today -0.00% | halted: False
Market regime: NEUTRAL (position-size multiplier: 100% incl. circuit breaker 100%)
News: fetched 157, 2 new after dedup, 0 ticker(s) matched.
Quant pre-screen: 46/67 candidates passed.
Gemini proposed 2 trade(s) meeting the conviction bar.
Gemini calls used today (all models combined): 285
Market closed (overnight): queued 12 trade idea(s) for next-morning verification -- nothing submitted yet.
  -> queued WDC buy (conf 92, stop 485.0, tp 560.0)
  -> queued WFC buy (conf 91, stop 86.06, tp 97.76)
  -> queued HAS buy (conf 90, stop 89.34, tp 106.82)
  -> queued HUM buy (conf None, stop 354.57, tp 392.49)
  -> queued WDAY buy (conf 85, stop 188.0, tp 220.0)
  -> queued BAC buy (conf 85, stop 62.5, tp 67.5)
  -> queued HBAN buy (conf 85, stop 17.09, tp 19.45)
  -> queued TDY buy (conf 91, stop 660.0, tp 710.0)
  -> queued TYL buy (conf 90, stop 310.0, tp 355.00000000000006)
  -> queued TTWO buy (conf 92, stop 235.0, tp 265.0)
  -> queued TEL buy (conf 85, stop 200.81, tp 230.0)
  -> queued LYB buy (conf 85, stop 61.61, tp 68.0)
Dashboard watchlist synced (16 symbols) for news/headlines.
Ending portfolio value: $99,425.43
Trade journal: no closed trades yet
Performance: Total return -0.41% | Max drawdown 12.37% | Daily Sharpe 0.27 | Open positions: 14 | Equity $99,425.43
Timings: account: 0.0s | risk: 1.6s | decide: 2.5s | watchlist: 0.1s | perf: 0.1s

=== Run at 2026-08-15T16:26:28.262151 ===
Current time: 2026-08-15 12:26 PM EDT | Market open (per Alpaca): False | Session: CLOSED
Account value: $99,425.43
Cash: $2,352.13 | Holdings (14): {'CEG': '35.6034 sh (+1.36%)', 'CHD': '97.9637 sh (+0.01%)', 'COHR': '7.9896 sh (-4.69%)', 'CVX': '24.8836 sh (+1.17%)', 'GEHC': '0.6136 sh (-0.28%)', 'IVZ': '306.9138 sh (+1.21%)', 'LMT': '16.3555 sh (+0.32%)', 'MS': '43.8344 sh (-1.63%)', 'MSI': '21.1281 sh (-0.69%)', 'NUE': '36.5544 sh (-1.52%)', 'NVDA': '44.2888 sh (+0.48%)', 'NWS': '303.7199 sh (+1.75%)', 'STLD': '0.9216 sh (-2.54%)', 'WSM': '0.1026 sh (-1.61%)'}
Risk state: peak $99,703.60 | drawdown 0.28% | today -0.00% | halted: False
Market regime: NEUTRAL (position-size multiplier: 100% incl. circuit breaker 100%)
News: fetched 157, 2 new after dedup, 0 ticker(s) matched.
Quant pre-screen: 46/67 candidates passed.
Gemini proposed 3 trade(s) meeting the conviction bar.
Gemini calls used today (all models combined): 286
Market closed (overnight): queued 12 trade idea(s) for next-morning verification -- nothing submitted yet.
  -> queued WDC buy (conf 92, stop 485.0, tp 560.0)
  -> queued WFC buy (conf 91, stop 86.06, tp 97.76)
  -> queued HAS buy (conf 90, stop 89.34, tp 106.82)
  -> queued HUM buy (conf None, stop 354.57, tp 392.49)
  -> queued WDAY buy (conf 85, stop 188.0, tp 220.0)
  -> queued BAC buy (conf 85, stop 62.5, tp 67.5)
  -> queued HBAN buy (conf 85, stop 17.09, tp 19.45)
  -> queued TDY buy (conf 85, stop 654.41, tp 697.61)
  -> queued TYL buy (conf 92, stop 300.28, tp 334.89)
  -> queued TTWO buy (conf 90, stop 228.4, tp 256.29)
  -> queued TEL buy (conf 85, stop 200.81, tp 230.0)
  -> queued LYB buy (conf 85, stop 61.61, tp 68.0)
Dashboard watchlist synced (17 symbols) for news/headlines.
Ending portfolio value: $99,425.43
Trade journal: no closed trades yet
Performance: Total return -0.41% | Max drawdown 12.37% | Daily Sharpe 0.27 | Open positions: 14 | Equity $99,425.43
Timings: account: 0.0s | risk: 1.9s | decide: 22.9s | watchlist: 0.1s | perf: 0.1s

=== Run at 2026-08-15T16:28:25.449981 ===
Current time: 2026-08-15 12:28 PM EDT | Market open (per Alpaca): False | Session: CLOSED
Account value: $99,425.43
Cash: $2,352.13 | Holdings (14): {'CEG': '35.6034 sh (+1.36%)', 'CHD': '97.9637 sh (+0.01%)', 'COHR': '7.9896 sh (-4.69%)', 'CVX': '24.8836 sh (+1.17%)', 'GEHC': '0.6136 sh (-0.28%)', 'IVZ': '306.9138 sh (+1.21%)', 'LMT': '16.3555 sh (+0.32%)', 'MS': '43.8344 sh (-1.63%)', 'MSI': '21.1281 sh (-0.69%)', 'NUE': '36.5544 sh (-1.52%)', 'NVDA': '44.2888 sh (+0.48%)', 'NWS': '303.7199 sh (+1.75%)', 'STLD': '0.9216 sh (-2.54%)', 'WSM': '0.1026 sh (-1.61%)'}
Risk state: peak $99,703.60 | drawdown 0.28% | today -0.00% | halted: False
Market regime: NEUTRAL (position-size multiplier: 100% incl. circuit breaker 100%)
News: fetched 157, 2 new after dedup, 2 ticker(s) matched.
Quant pre-screen: 21/25 candidates passed.
Gemini proposed 3 trade(s) meeting the conviction bar.
Gemini calls used today (all models combined): 287
Market closed (overnight): queued 12 trade idea(s) for next-morning verification -- nothing submitted yet.
  -> queued WDC buy (conf 92, stop 485.0, tp 560.0)
  -> queued WFC buy (conf 91, stop 86.06, tp 97.76)
  -> queued HAS buy (conf 90, stop 89.34, tp 106.82)
  -> queued HUM buy (conf None, stop 354.57, tp 392.49)
  -> queued WDAY buy (conf 85, stop 188.0, tp 220.0)
  -> queued BAC buy (conf 85, stop 62.5, tp 67.5)
  -> queued HBAN buy (conf 85, stop 17.09, tp 19.45)
  -> queued TDY buy (conf 85, stop 657.44, tp 697.61)
  -> queued TYL buy (conf 82, stop 310.28, tp 350.0)
  -> queued TTWO buy (conf 88, stop 231.4, tp 265.0)
  -> queued TEL buy (conf 85, stop 200.81, tp 230.0)
  -> queued LYB buy (conf 85, stop 61.61, tp 68.0)
Dashboard watchlist synced (19 symbols) for news/headlines.
Ending portfolio value: $99,425.43
Trade journal: no closed trades yet
Performance: Total return -0.41% | Max drawdown 12.37% | Daily Sharpe 0.27 | Open positions: 14 | Equity $99,425.43
Timings: account: 0.0s | risk: 0.8s | decide: 2.8s | watchlist: 0.0s | perf: 0.1s

=== Run at 2026-08-15T16:30:30.359435 ===
Current time: 2026-08-15 12:30 PM EDT | Market open (per Alpaca): False | Session: CLOSED
Account value: $99,425.43
Cash: $2,352.13 | Holdings (14): {'CEG': '35.6034 sh (+1.36%)', 'CHD': '97.9637 sh (+0.01%)', 'COHR': '7.9896 sh (-4.69%)', 'CVX': '24.8836 sh (+1.17%)', 'GEHC': '0.6136 sh (-0.28%)', 'IVZ': '306.9138 sh (+1.21%)', 'LMT': '16.3555 sh (+0.32%)', 'MS': '43.8344 sh (-1.63%)', 'MSI': '21.1281 sh (-0.69%)', 'NUE': '36.5544 sh (-1.52%)', 'NVDA': '44.2888 sh (+0.48%)', 'NWS': '303.7199 sh (+1.75%)', 'STLD': '0.9216 sh (-2.54%)', 'WSM': '0.1026 sh (-1.61%)'}
Risk state: peak $99,703.60 | drawdown 0.28% | today -0.00% | halted: False
Market regime: NEUTRAL (position-size multiplier: 100% incl. circuit breaker 100%)
News: fetched 157, 0 new after dedup, 0 ticker(s) matched.
Quant pre-screen: 46/67 candidates passed.
Gemini proposed 3 trade(s) meeting the conviction bar.
Gemini calls used today (all models combined): 288
Market closed (overnight): queued 12 trade idea(s) for next-morning verification -- nothing submitted yet.
  -> queued WDC buy (conf 92, stop 485.0, tp 560.0)
  -> queued WFC buy (conf 91, stop 86.06, tp 97.76)
  -> queued HAS buy (conf 90, stop 89.34, tp 106.82)
  -> queued HUM buy (conf None, stop 354.57, tp 392.49)
  -> queued WDAY buy (conf 85, stop 188.0, tp 220.0)
  -> queued BAC buy (conf 85, stop 62.5, tp 67.5)
  -> queued HBAN buy (conf 85, stop 17.09, tp 19.45)
  -> queued TDY buy (conf 92, stop 654.41, tp 715.0)
  -> queued TYL buy (conf 90, stop 300.28, tp 355.0)
  -> queued TTWO buy (conf 91, stop 228.4, tp 265.0)
  -> queued TEL buy (conf 85, stop 200.81, tp 230.0)
  -> queued LYB buy (conf 85, stop 61.61, tp 68.0)
Dashboard watchlist synced (17 symbols) for news/headlines.
Ending portfolio value: $99,425.43
Trade journal: no closed trades yet
Performance: Total return -0.41% | Max drawdown 12.37% | Daily Sharpe 0.27 | Open positions: 14 | Equity $99,425.43
Timings: account: 0.0s | risk: 0.9s | decide: 2.4s | watchlist: 0.0s | perf: 0.1s

=== Run at 2026-08-15T16:32:24.512649 ===
Current time: 2026-08-15 12:32 PM EDT | Market open (per Alpaca): False | Session: CLOSED
Account value: $99,425.43
Cash: $2,352.13 | Holdings (14): {'CEG': '35.6034 sh (+1.36%)', 'CHD': '97.9637 sh (+0.01%)', 'COHR': '7.9896 sh (-4.69%)', 'CVX': '24.8836 sh (+1.17%)', 'GEHC': '0.6136 sh (-0.28%)', 'IVZ': '306.9138 sh (+1.21%)', 'LMT': '16.3555 sh (+0.32%)', 'MS': '43.8344 sh (-1.63%)', 'MSI': '21.1281 sh (-0.69%)', 'NUE': '36.5544 sh (-1.52%)', 'NVDA': '44.2888 sh (+0.48%)', 'NWS': '303.7199 sh (+1.75%)', 'STLD': '0.9216 sh (-2.54%)', 'WSM': '0.1026 sh (-1.61%)'}
Risk state: peak $99,703.60 | drawdown 0.28% | today -0.00% | halted: False
Market regime: NEUTRAL (position-size multiplier: 100% incl. circuit breaker 100%)
News: fetched 157, 2 new after dedup, 0 ticker(s) matched.
Quant pre-screen: 46/67 candidates passed.
Gemini proposed 2 trade(s) meeting the conviction bar.
Gemini calls used today (all models combined): 289
Market closed (overnight): queued 12 trade idea(s) for next-morning verification -- nothing submitted yet.
  -> queued WDC buy (conf 92, stop 485.0, tp 560.0)
  -> queued WFC buy (conf 91, stop 86.06, tp 97.76)
  -> queued HAS buy (conf 90, stop 89.34, tp 106.82)
  -> queued HUM buy (conf None, stop 354.57, tp 392.49)
  -> queued WDAY buy (conf 85, stop 188.0, tp 220.0)
  -> queued BAC buy (conf 85, stop 62.5, tp 67.5)
  -> queued HBAN buy (conf 85, stop 17.09, tp 19.45)
  -> queued TDY buy (conf 91, stop 660.0, tp 715.0)
  -> queued TYL buy (conf 92, stop 315.0, tp 355.0)
  -> queued TTWO buy (conf 91, stop 228.4, tp 265.0)
  -> queued TEL buy (conf 85, stop 200.81, tp 230.0)
  -> queued LYB buy (conf 85, stop 61.61, tp 68.0)
Dashboard watchlist synced (16 symbols) for news/headlines.
Ending portfolio value: $99,425.43
Trade journal: no closed trades yet
Performance: Total return -0.41% | Max drawdown 12.37% | Daily Sharpe 0.27 | Open positions: 14 | Equity $99,425.43
Timings: account: 0.0s | risk: 1.6s | decide: 4.6s | watchlist: 0.1s | perf: 0.1s

=== Run at 2026-08-15T16:34:24.641520 ===
Current time: 2026-08-15 12:34 PM EDT | Market open (per Alpaca): False | Session: CLOSED
Account value: $99,425.43
Cash: $2,352.13 | Holdings (14): {'CEG': '35.6034 sh (+1.36%)', 'CHD': '97.9637 sh (+0.01%)', 'COHR': '7.9896 sh (-4.69%)', 'CVX': '24.8836 sh (+1.17%)', 'GEHC': '0.6136 sh (-0.28%)', 'IVZ': '306.9138 sh (+1.21%)', 'LMT': '16.3555 sh (+0.32%)', 'MS': '43.8344 sh (-1.63%)', 'MSI': '21.1281 sh (-0.69%)', 'NUE': '36.5544 sh (-1.52%)', 'NVDA': '44.2888 sh (+0.48%)', 'NWS': '303.7199 sh (+1.75%)', 'STLD': '0.9216 sh (-2.54%)', 'WSM': '0.1026 sh (-1.61%)'}
Risk state: peak $99,703.60 | drawdown 0.28% | today -0.00% | halted: False
Market regime: NEUTRAL (position-size multiplier: 100% incl. circuit breaker 100%)
News: fetched 157, 1 new after dedup, 0 ticker(s) matched.
Quant pre-screen: 46/67 candidates passed.
Gemini proposed 2 trade(s) meeting the conviction bar.
Gemini calls used today (all models combined): 290
Market closed (overnight): queued 12 trade idea(s) for next-morning verification -- nothing submitted yet.
  -> queued WDC buy (conf 92, stop 485.0, tp 560.0)
  -> queued WFC buy (conf 91, stop 86.06, tp 97.76)
  -> queued HAS buy (conf 90, stop 89.34, tp 106.82)
  -> queued HUM buy (conf None, stop 354.57, tp 392.49)
  -> queued WDAY buy (conf 85, stop 188.0, tp 220.0)
  -> queued BAC buy (conf 85, stop 62.5, tp 67.5)
  -> queued HBAN buy (conf 85, stop 17.09, tp 19.45)
  -> queued TDY buy (conf 92, stop 654.41, tp 710.0)
  -> queued TYL buy (conf 92, stop 315.0, tp 355.0)
  -> queued TTWO buy (conf 90, stop 228.4, tp 265.49)
  -> queued TEL buy (conf 85, stop 200.81, tp 230.0)
  -> queued LYB buy (conf 85, stop 61.61, tp 68.0)
Dashboard watchlist synced (16 symbols) for news/headlines.
Ending portfolio value: $99,425.43
Trade journal: no closed trades yet
Performance: Total return -0.41% | Max drawdown 12.37% | Daily Sharpe 0.27 | Open positions: 14 | Equity $99,425.43
Timings: account: 0.0s | risk: 3.4s | decide: 3.8s | watchlist: 0.1s | perf: 0.2s

=== Run at 2026-08-15T16:36:26.069584 ===
Current time: 2026-08-15 12:36 PM EDT | Market open (per Alpaca): False | Session: CLOSED
Account value: $99,425.43
Cash: $2,352.13 | Holdings (14): {'CEG': '35.6034 sh (+1.36%)', 'CHD': '97.9637 sh (+0.01%)', 'COHR': '7.9896 sh (-4.69%)', 'CVX': '24.8836 sh (+1.17%)', 'GEHC': '0.6136 sh (-0.28%)', 'IVZ': '306.9138 sh (+1.21%)', 'LMT': '16.3555 sh (+0.32%)', 'MS': '43.8344 sh (-1.63%)', 'MSI': '21.1281 sh (-0.69%)', 'NUE': '36.5544 sh (-1.52%)', 'NVDA': '44.2888 sh (+0.48%)', 'NWS': '303.7199 sh (+1.75%)', 'STLD': '0.9216 sh (-2.54%)', 'WSM': '0.1026 sh (-1.61%)'}
Risk state: peak $99,703.60 | drawdown 0.28% | today -0.00% | halted: False
Market regime: NEUTRAL (position-size multiplier: 100% incl. circuit breaker 100%)
News: fetched 157, 0 new after dedup, 0 ticker(s) matched.
Quant pre-screen: 46/67 candidates passed.
Technical fallback (Gemini throttled/unavailable) proposed 49 trade(s) meeting the conviction bar.
Gemini calls used today (all models combined): 290
Market closed (overnight): queued 12 trade idea(s) for next-morning verification -- nothing submitted yet.
  -> queued WDC buy (conf 92, stop 485.0, tp 560.0)
  -> queued WFC buy (conf 91, stop 86.06, tp 97.76)
  -> queued HAS buy (conf 90, stop 89.34, tp 106.82)
  -> queued HUM buy (conf None, stop 354.57, tp 392.49)
  -> queued WDAY buy (conf 85, stop 188.0, tp 220.0)
  -> queued BAC buy (conf 85, stop 62.5, tp 67.5)
  -> queued HBAN buy (conf 85, stop 17.09, tp 19.45)
  -> queued TDY buy (conf None, stop 654.41, tp 697.61)
  -> queued TYL buy (conf None, stop 300.28, tp 334.89)
  -> queued TTWO buy (conf None, stop 228.4, tp 256.285)
  -> queued TEL buy (conf None, stop 200.81, tp 221.8)
  -> queued LYB buy (conf None, stop 58.01, tp 64.365)
Dashboard watchlist synced (60 symbols) for news/headlines.
Ending portfolio value: $99,425.43
Trade journal: no closed trades yet
Performance: Total return -0.41% | Max drawdown 12.37% | Daily Sharpe 0.27 | Open positions: 14 | Equity $99,425.43
Timings: account: 0.0s | risk: 4.0s | decide: 22.7s | watchlist: 0.2s | perf: 0.3s

=== Run at 2026-08-15T16:38:29.651734 ===
Current time: 2026-08-15 12:38 PM EDT | Market open (per Alpaca): False | Session: CLOSED
Account value: $99,425.43
Cash: $2,352.13 | Holdings (14): {'CEG': '35.6034 sh (+1.36%)', 'CHD': '97.9637 sh (+0.01%)', 'COHR': '7.9896 sh (-4.69%)', 'CVX': '24.8836 sh (+1.17%)', 'GEHC': '0.6136 sh (-0.28%)', 'IVZ': '306.9138 sh (+1.21%)', 'LMT': '16.3555 sh (+0.32%)', 'MS': '43.8344 sh (-1.63%)', 'MSI': '21.1281 sh (-0.69%)', 'NUE': '36.5544 sh (-1.52%)', 'NVDA': '44.2888 sh (+0.48%)', 'NWS': '303.7199 sh (+1.75%)', 'STLD': '0.9216 sh (-2.54%)', 'WSM': '0.1026 sh (-1.61%)'}
Risk state: peak $99,703.60 | drawdown 0.28% | today -0.00% | halted: False
Market regime: NEUTRAL (position-size multiplier: 100% incl. circuit breaker 100%)
News: fetched 158, 1 new after dedup, 0 ticker(s) matched.
Quant pre-screen: 46/67 candidates passed.
Gemini proposed 3 trade(s) meeting the conviction bar.
Gemini calls used today (all models combined): 291
Market closed (overnight): queued 12 trade idea(s) for next-morning verification -- nothing submitted yet.
  -> queued WDC buy (conf 92, stop 485.0, tp 560.0)
  -> queued WFC buy (conf 91, stop 86.06, tp 97.76)
  -> queued HAS buy (conf 90, stop 89.34, tp 106.82)
  -> queued HUM buy (conf None, stop 354.57, tp 392.49)
  -> queued WDAY buy (conf 85, stop 188.0, tp 220.0)
  -> queued BAC buy (conf 85, stop 62.5, tp 67.5)
  -> queued HBAN buy (conf 85, stop 17.09, tp 19.45)
  -> queued TDY buy (conf 85, stop 654.41, tp 720.0)
  -> queued TYL buy (conf 92, stop 300.28, tp 360.0)
  -> queued TTWO buy (conf 90, stop 228.4, tp 275.0)
  -> queued TEL buy (conf None, stop 200.81, tp 221.8)
  -> queued LYB buy (conf None, stop 58.01, tp 64.365)
Dashboard watchlist synced (17 symbols) for news/headlines.
Ending portfolio value: $99,425.43
Trade journal: no closed trades yet
Performance: Total return -0.41% | Max drawdown 12.37% | Daily Sharpe 0.27 | Open positions: 14 | Equity $99,425.43
Timings: account: 0.0s | risk: 3.9s | decide: 23.9s | watchlist: 0.2s | perf: 0.3s

=== Run at 2026-08-15T16:40:30.611358 ===
Current time: 2026-08-15 12:40 PM EDT | Market open (per Alpaca): False | Session: CLOSED
Account value: $99,425.43
Cash: $2,352.13 | Holdings (14): {'CEG': '35.6034 sh (+1.36%)', 'CHD': '97.9637 sh (+0.01%)', 'COHR': '7.9896 sh (-4.69%)', 'CVX': '24.8836 sh (+1.17%)', 'GEHC': '0.6136 sh (-0.28%)', 'IVZ': '306.9138 sh (+1.21%)', 'LMT': '16.3555 sh (+0.32%)', 'MS': '43.8344 sh (-1.63%)', 'MSI': '21.1281 sh (-0.69%)', 'NUE': '36.5544 sh (-1.52%)', 'NVDA': '44.2888 sh (+0.48%)', 'NWS': '303.7199 sh (+1.75%)', 'STLD': '0.9216 sh (-2.54%)', 'WSM': '0.1026 sh (-1.61%)'}
Risk state: peak $99,703.60 | drawdown 0.28% | today -0.00% | halted: False
Market regime: NEUTRAL (position-size multiplier: 100% incl. circuit breaker 100%)
News: fetched 157, 0 new after dedup, 0 ticker(s) matched.
Quant pre-screen: 46/67 candidates passed.
Gemini proposed 1 trade(s) meeting the conviction bar.
Gemini calls used today (all models combined): 292
Market closed (overnight): queued 12 trade idea(s) for next-morning verification -- nothing submitted yet.
  -> queued WDC buy (conf 92, stop 485.0, tp 560.0)
  -> queued WFC buy (conf 91, stop 86.06, tp 97.76)
  -> queued HAS buy (conf 90, stop 89.34, tp 106.82)
  -> queued HUM buy (conf None, stop 354.57, tp 392.49)
  -> queued WDAY buy (conf 85, stop 188.0, tp 220.0)
  -> queued BAC buy (conf 85, stop 62.5, tp 67.5)
  -> queued HBAN buy (conf 85, stop 17.09, tp 19.45)
  -> queued TDY buy (conf 85, stop 654.41, tp 725.0)
  -> queued TYL buy (conf 92, stop 300.28, tp 360.0)
  -> queued TTWO buy (conf 90, stop 228.4, tp 275.0)
  -> queued TEL buy (conf None, stop 200.81, tp 221.8)
  -> queued LYB buy (conf None, stop 58.01, tp 64.365)
Dashboard watchlist synced (15 symbols) for news/headlines.
Ending portfolio value: $99,425.43
Trade journal: no closed trades yet
Performance: Total return -0.41% | Max drawdown 12.37% | Daily Sharpe 0.27 | Open positions: 14 | Equity $99,425.43
Timings: account: 0.0s | risk: 1.2s | decide: 2.0s | watchlist: 0.0s | perf: 0.1s

=== Run at 2026-08-15T16:42:31.687917 ===
Current time: 2026-08-15 12:42 PM EDT | Market open (per Alpaca): False | Session: CLOSED
Account value: $99,425.43
Cash: $2,352.13 | Holdings (14): {'CEG': '35.6034 sh (+1.36%)', 'CHD': '97.9637 sh (+0.01%)', 'COHR': '7.9896 sh (-4.69%)', 'CVX': '24.8836 sh (+1.17%)', 'GEHC': '0.6136 sh (-0.28%)', 'IVZ': '306.9138 sh (+1.21%)', 'LMT': '16.3555 sh (+0.32%)', 'MS': '43.8344 sh (-1.63%)', 'MSI': '21.1281 sh (-0.69%)', 'NUE': '36.5544 sh (-1.52%)', 'NVDA': '44.2888 sh (+0.48%)', 'NWS': '303.7199 sh (+1.75%)', 'STLD': '0.9216 sh (-2.54%)', 'WSM': '0.1026 sh (-1.61%)'}
Risk state: peak $99,703.60 | drawdown 0.28% | today -0.00% | halted: False
Market regime: NEUTRAL (position-size multiplier: 100% incl. circuit breaker 100%)
News: fetched 158, 0 new after dedup, 0 ticker(s) matched.
Quant pre-screen: 46/67 candidates passed.
Gemini proposed 2 trade(s) meeting the conviction bar.
Gemini calls used today (all models combined): 293
Market closed (overnight): queued 12 trade idea(s) for next-morning verification -- nothing submitted yet.
  -> queued WDC buy (conf 92, stop 485.0, tp 560.0)
  -> queued WFC buy (conf 91, stop 86.06, tp 97.76)
  -> queued HAS buy (conf 90, stop 89.34, tp 106.82)
  -> queued HUM buy (conf None, stop 354.57, tp 392.49)
  -> queued WDAY buy (conf 85, stop 188.0, tp 220.0)
  -> queued BAC buy (conf 85, stop 62.5, tp 67.5)
  -> queued HBAN buy (conf 85, stop 17.09, tp 19.45)
  -> queued TDY buy (conf 90, stop 655.0, tp 710.0)
  -> queued TYL buy (conf 92, stop 310.0, tp 355.00000000000006)
  -> queued TTWO buy (conf 90, stop 228.4, tp 275.0)
  -> queued TEL buy (conf None, stop 200.81, tp 221.8)
  -> queued LYB buy (conf None, stop 58.01, tp 64.365)
Dashboard watchlist synced (16 symbols) for news/headlines.
Ending portfolio value: $99,425.43
Trade journal: no closed trades yet
Performance: Total return -0.41% | Max drawdown 12.37% | Daily Sharpe 0.27 | Open positions: 14 | Equity $99,425.43
Timings: account: 0.0s | risk: 4.1s | decide: 3.8s | watchlist: 0.2s | perf: 0.3s

=== Run at 2026-08-15T16:44:24.414014 ===
Current time: 2026-08-15 12:44 PM EDT | Market open (per Alpaca): False | Session: CLOSED
Account value: $99,425.43
Cash: $2,352.13 | Holdings (14): {'CEG': '35.6034 sh (+1.36%)', 'CHD': '97.9637 sh (+0.01%)', 'COHR': '7.9896 sh (-4.69%)', 'CVX': '24.8836 sh (+1.17%)', 'GEHC': '0.6136 sh (-0.28%)', 'IVZ': '306.9138 sh (+1.21%)', 'LMT': '16.3555 sh (+0.32%)', 'MS': '43.8344 sh (-1.63%)', 'MSI': '21.1281 sh (-0.69%)', 'NUE': '36.5544 sh (-1.52%)', 'NVDA': '44.2888 sh (+0.48%)', 'NWS': '303.7199 sh (+1.75%)', 'STLD': '0.9216 sh (-2.54%)', 'WSM': '0.1026 sh (-1.61%)'}
Risk state: peak $99,703.60 | drawdown 0.28% | today -0.00% | halted: False
Market regime: NEUTRAL (position-size multiplier: 100% incl. circuit breaker 100%)
News: fetched 157, 2 new after dedup, 0 ticker(s) matched.
Quant pre-screen: 46/67 candidates passed.
Gemini proposed 2 trade(s) meeting the conviction bar.
Gemini calls used today (all models combined): 294
Market closed (overnight): queued 12 trade idea(s) for next-morning verification -- nothing submitted yet.
  -> queued WDC buy (conf 92, stop 485.0, tp 560.0)
  -> queued WFC buy (conf 91, stop 86.06, tp 97.76)
  -> queued HAS buy (conf 90, stop 89.34, tp 106.82)
  -> queued HUM buy (conf None, stop 354.57, tp 392.49)
  -> queued WDAY buy (conf 85, stop 188.0, tp 220.0)
  -> queued BAC buy (conf 85, stop 62.5, tp 67.5)
  -> queued HBAN buy (conf 85, stop 17.09, tp 19.45)
  -> queued TDY buy (conf 80, stop 654.41, tp 710.0)
  -> queued TYL buy (conf 92, stop 310.0, tp 355.00000000000006)
  -> queued TTWO buy (conf 80, stop 228.4, tp 265.49)
  -> queued TEL buy (conf None, stop 200.81, tp 221.8)
  -> queued LYB buy (conf None, stop 58.01, tp 64.365)
Dashboard watchlist synced (16 symbols) for news/headlines.
Ending portfolio value: $99,425.43
Trade journal: no closed trades yet
Performance: Total return -0.41% | Max drawdown 12.37% | Daily Sharpe 0.27 | Open positions: 14 | Equity $99,425.43
Timings: account: 0.0s | risk: 2.7s | decide: 3.3s | watchlist: 0.1s | perf: 0.1s

=== Run at 2026-08-15T16:46:28.283101 ===
Current time: 2026-08-15 12:46 PM EDT | Market open (per Alpaca): False | Session: CLOSED
Account value: $99,425.43
Cash: $2,352.13 | Holdings (14): {'CEG': '35.6034 sh (+1.36%)', 'CHD': '97.9637 sh (+0.01%)', 'COHR': '7.9896 sh (-4.69%)', 'CVX': '24.8836 sh (+1.17%)', 'GEHC': '0.6136 sh (-0.28%)', 'IVZ': '306.9138 sh (+1.21%)', 'LMT': '16.3555 sh (+0.32%)', 'MS': '43.8344 sh (-1.63%)', 'MSI': '21.1281 sh (-0.69%)', 'NUE': '36.5544 sh (-1.52%)', 'NVDA': '44.2888 sh (+0.48%)', 'NWS': '303.7199 sh (+1.75%)', 'STLD': '0.9216 sh (-2.54%)', 'WSM': '0.1026 sh (-1.61%)'}
Risk state: peak $99,703.60 | drawdown 0.28% | today -0.00% | halted: False
Market regime: NEUTRAL (position-size multiplier: 100% incl. circuit breaker 100%)
News: fetched 158, 0 new after dedup, 0 ticker(s) matched.
Quant pre-screen: 46/67 candidates passed.
Technical fallback (Gemini throttled/unavailable) proposed 49 trade(s) meeting the conviction bar.
Gemini calls used today (all models combined): 294
Market closed (overnight): queued 12 trade idea(s) for next-morning verification -- nothing submitted yet.
  -> queued WDC buy (conf 92, stop 485.0, tp 560.0)
  -> queued WFC buy (conf 91, stop 86.06, tp 97.76)
  -> queued HAS buy (conf 90, stop 89.34, tp 106.82)
  -> queued HUM buy (conf None, stop 354.57, tp 392.49)
  -> queued WDAY buy (conf 85, stop 188.0, tp 220.0)
  -> queued BAC buy (conf 85, stop 62.5, tp 67.5)
  -> queued HBAN buy (conf 85, stop 17.09, tp 19.45)
  -> queued TDY buy (conf None, stop 654.41, tp 697.61)
  -> queued TYL buy (conf None, stop 300.28, tp 334.89)
  -> queued TTWO buy (conf None, stop 228.4, tp 256.285)
  -> queued TEL buy (conf None, stop 200.81, tp 221.8)
  -> queued LYB buy (conf None, stop 58.01, tp 64.365)
Dashboard watchlist synced (60 symbols) for news/headlines.
Ending portfolio value: $99,425.43
Trade journal: no closed trades yet
Performance: Total return -0.41% | Max drawdown 12.37% | Daily Sharpe 0.27 | Open positions: 14 | Equity $99,425.43
Timings: account: 0.0s | risk: 3.9s | decide: 23.9s | watchlist: 0.2s | perf: 0.2s

=== Run at 2026-08-15T16:48:23.752171 ===
Current time: 2026-08-15 12:48 PM EDT | Market open (per Alpaca): False | Session: CLOSED
Account value: $99,425.43
Cash: $2,352.13 | Holdings (14): {'CEG': '35.6034 sh (+1.36%)', 'CHD': '97.9637 sh (+0.01%)', 'COHR': '7.9896 sh (-4.69%)', 'CVX': '24.8836 sh (+1.17%)', 'GEHC': '0.6136 sh (-0.28%)', 'IVZ': '306.9138 sh (+1.21%)', 'LMT': '16.3555 sh (+0.32%)', 'MS': '43.8344 sh (-1.63%)', 'MSI': '21.1281 sh (-0.69%)', 'NUE': '36.5544 sh (-1.52%)', 'NVDA': '44.2888 sh (+0.48%)', 'NWS': '303.7199 sh (+1.75%)', 'STLD': '0.9216 sh (-2.54%)', 'WSM': '0.1026 sh (-1.61%)'}
Risk state: peak $99,703.60 | drawdown 0.28% | today -0.00% | halted: False
Market regime: NEUTRAL (position-size multiplier: 100% incl. circuit breaker 100%)
News: fetched 158, 0 new after dedup, 0 ticker(s) matched.
Quant pre-screen: 46/67 candidates passed.
Gemini proposed 3 trade(s) meeting the conviction bar.
Gemini calls used today (all models combined): 295
Market closed (overnight): queued 12 trade idea(s) for next-morning verification -- nothing submitted yet.
  -> queued WDC buy (conf 92, stop 485.0, tp 560.0)
  -> queued WFC buy (conf 91, stop 86.06, tp 97.76)
  -> queued HAS buy (conf 90, stop 89.34, tp 106.82)
  -> queued HUM buy (conf None, stop 354.57, tp 392.49)
  -> queued WDAY buy (conf 85, stop 188.0, tp 220.0)
  -> queued BAC buy (conf 85, stop 62.5, tp 67.5)
  -> queued HBAN buy (conf 85, stop 17.09, tp 19.45)
  -> queued TDY buy (conf 85, stop 654.41, tp 697.61)
  -> queued TYL buy (conf 92, stop 300.28, tp 334.89)
  -> queued TTWO buy (conf 90, stop 228.4, tp 256.29)
  -> queued TEL buy (conf None, stop 200.81, tp 221.8)
  -> queued LYB buy (conf None, stop 58.01, tp 64.365)
Dashboard watchlist synced (17 symbols) for news/headlines.
Ending portfolio value: $99,425.43
Trade journal: no closed trades yet
Performance: Total return -0.41% | Max drawdown 12.37% | Daily Sharpe 0.27 | Open positions: 14 | Equity $99,425.43
Timings: account: 0.0s | risk: 1.0s | decide: 22.0s | watchlist: 0.0s | perf: 0.1s

=== Run at 2026-08-15T16:50:31.637555 ===
Current time: 2026-08-15 12:50 PM EDT | Market open (per Alpaca): False | Session: CLOSED
Account value: $99,425.43
Cash: $2,352.13 | Holdings (14): {'CEG': '35.6034 sh (+1.36%)', 'CHD': '97.9637 sh (+0.01%)', 'COHR': '7.9896 sh (-4.69%)', 'CVX': '24.8836 sh (+1.17%)', 'GEHC': '0.6136 sh (-0.28%)', 'IVZ': '306.9138 sh (+1.21%)', 'LMT': '16.3555 sh (+0.32%)', 'MS': '43.8344 sh (-1.63%)', 'MSI': '21.1281 sh (-0.69%)', 'NUE': '36.5544 sh (-1.52%)', 'NVDA': '44.2888 sh (+0.48%)', 'NWS': '303.7199 sh (+1.75%)', 'STLD': '0.9216 sh (-2.54%)', 'WSM': '0.1026 sh (-1.61%)'}
Risk state: peak $99,703.60 | drawdown 0.28% | today -0.00% | halted: False
Market regime: NEUTRAL (position-size multiplier: 100% incl. circuit breaker 100%)
News: fetched 157, 0 new after dedup, 0 ticker(s) matched.
Quant pre-screen: 46/67 candidates passed.
Gemini proposed 3 trade(s) meeting the conviction bar.
Gemini calls used today (all models combined): 296
Market closed (overnight): queued 12 trade idea(s) for next-morning verification -- nothing submitted yet.
  -> queued WDC buy (conf 92, stop 485.0, tp 560.0)
  -> queued WFC buy (conf 91, stop 86.06, tp 97.76)
  -> queued HAS buy (conf 90, stop 89.34, tp 106.82)
  -> queued HUM buy (conf None, stop 354.57, tp 392.49)
  -> queued WDAY buy (conf 85, stop 188.0, tp 220.0)
  -> queued BAC buy (conf 85, stop 62.5, tp 67.5)
  -> queued HBAN buy (conf 85, stop 17.09, tp 19.45)
  -> queued TDY buy (conf 91, stop 659.92, tp 720.0)
  -> queued TYL buy (conf 92, stop 315.0, tp 355.00000000000006)
  -> queued TTWO buy (conf 90, stop 235.0, tp 270.0)
  -> queued TEL buy (conf None, stop 200.81, tp 221.8)
  -> queued LYB buy (conf None, stop 58.01, tp 64.365)
Dashboard watchlist synced (17 symbols) for news/headlines.
Ending portfolio value: $99,425.43
Trade journal: no closed trades yet
Performance: Total return -0.41% | Max drawdown 12.37% | Daily Sharpe 0.27 | Open positions: 14 | Equity $99,425.43
Timings: account: 0.0s | risk: 1.5s | decide: 3.0s | watchlist: 0.1s | perf: 0.1s

=== Run at 2026-08-15T16:52:26.170955 ===
Current time: 2026-08-15 12:52 PM EDT | Market open (per Alpaca): False | Session: CLOSED
Account value: $99,425.43
Cash: $2,352.13 | Holdings (14): {'CEG': '35.6034 sh (+1.36%)', 'CHD': '97.9637 sh (+0.01%)', 'COHR': '7.9896 sh (-4.69%)', 'CVX': '24.8836 sh (+1.17%)', 'GEHC': '0.6136 sh (-0.28%)', 'IVZ': '306.9138 sh (+1.21%)', 'LMT': '16.3555 sh (+0.32%)', 'MS': '43.8344 sh (-1.63%)', 'MSI': '21.1281 sh (-0.69%)', 'NUE': '36.5544 sh (-1.52%)', 'NVDA': '44.2888 sh (+0.48%)', 'NWS': '303.7199 sh (+1.75%)', 'STLD': '0.9216 sh (-2.54%)', 'WSM': '0.1026 sh (-1.61%)'}
Risk state: peak $99,703.60 | drawdown 0.28% | today -0.00% | halted: False
Market regime: NEUTRAL (position-size multiplier: 100% incl. circuit breaker 100%)
News: fetched 158, 0 new after dedup, 0 ticker(s) matched.
Quant pre-screen: 46/67 candidates passed.
Gemini proposed 2 trade(s) meeting the conviction bar.
Gemini calls used today (all models combined): 297
Market closed (overnight): queued 12 trade idea(s) for next-morning verification -- nothing submitted yet.
  -> queued WDC buy (conf 92, stop 485.0, tp 560.0)
  -> queued WFC buy (conf 91, stop 86.06, tp 97.76)
  -> queued HAS buy (conf 90, stop 89.34, tp 106.82)
  -> queued HUM buy (conf None, stop 354.57, tp 392.49)
  -> queued WDAY buy (conf 85, stop 188.0, tp 220.0)
  -> queued BAC buy (conf 85, stop 62.5, tp 67.5)
  -> queued HBAN buy (conf 85, stop 17.09, tp 19.45)
  -> queued TDY buy (conf 91, stop 654.41, tp 725.0)
  -> queued TYL buy (conf 92, stop 315.0, tp 355.00000000000006)
  -> queued TTWO buy (conf 90, stop 228.4, tp 270.0)
  -> queued TEL buy (conf None, stop 200.81, tp 221.8)
  -> queued LYB buy (conf None, stop 58.01, tp 64.365)
Dashboard watchlist synced (16 symbols) for news/headlines.
Ending portfolio value: $99,425.43
Trade journal: no closed trades yet
Performance: Total return -0.41% | Max drawdown 12.37% | Daily Sharpe 0.27 | Open positions: 14 | Equity $99,425.43
Timings: account: 0.0s | risk: 4.2s | decide: 3.9s | watchlist: 0.1s | perf: 0.2s

=== Run at 2026-08-15T16:54:25.829342 ===
Current time: 2026-08-15 12:54 PM EDT | Market open (per Alpaca): False | Session: CLOSED
Account value: $99,425.43
Cash: $2,352.13 | Holdings (14): {'CEG': '35.6034 sh (+1.36%)', 'CHD': '97.9637 sh (+0.01%)', 'COHR': '7.9896 sh (-4.69%)', 'CVX': '24.8836 sh (+1.17%)', 'GEHC': '0.6136 sh (-0.28%)', 'IVZ': '306.9138 sh (+1.21%)', 'LMT': '16.3555 sh (+0.32%)', 'MS': '43.8344 sh (-1.63%)', 'MSI': '21.1281 sh (-0.69%)', 'NUE': '36.5544 sh (-1.52%)', 'NVDA': '44.2888 sh (+0.48%)', 'NWS': '303.7199 sh (+1.75%)', 'STLD': '0.9216 sh (-2.54%)', 'WSM': '0.1026 sh (-1.61%)'}
Risk state: peak $99,703.60 | drawdown 0.28% | today -0.00% | halted: False
Market regime: NEUTRAL (position-size multiplier: 100% incl. circuit breaker 100%)
News: fetched 158, 0 new after dedup, 0 ticker(s) matched.
Quant pre-screen: 46/67 candidates passed.
Gemini proposed 1 trade(s) meeting the conviction bar.
Gemini calls used today (all models combined): 298
Market closed (overnight): queued 12 trade idea(s) for next-morning verification -- nothing submitted yet.
  -> queued WDC buy (conf 92, stop 485.0, tp 560.0)
  -> queued WFC buy (conf 91, stop 86.06, tp 97.76)
  -> queued HAS buy (conf 90, stop 89.34, tp 106.82)
  -> queued HUM buy (conf None, stop 354.57, tp 392.49)
  -> queued WDAY buy (conf 85, stop 188.0, tp 220.0)
  -> queued BAC buy (conf 85, stop 62.5, tp 67.5)
  -> queued HBAN buy (conf 85, stop 17.09, tp 19.45)
  -> queued TDY buy (conf 91, stop 654.41, tp 725.0)
  -> queued TYL buy (conf 92, stop 315.0, tp 35500000.0)
  -> queued TTWO buy (conf 90, stop 228.4, tp 270.0)
  -> queued TEL buy (conf None, stop 200.81, tp 221.8)
  -> queued LYB buy (conf None, stop 58.01, tp 64.365)
Dashboard watchlist synced (15 symbols) for news/headlines.
Ending portfolio value: $99,425.43
Trade journal: no closed trades yet
Performance: Total return -0.41% | Max drawdown 12.37% | Daily Sharpe 0.27 | Open positions: 14 | Equity $99,425.43
Timings: account: 0.0s | risk: 1.5s | decide: 5.5s | watchlist: 0.0s | perf: 0.1s

=== Run at 2026-08-15T16:56:26.596891 ===
Current time: 2026-08-15 12:56 PM EDT | Market open (per Alpaca): False | Session: CLOSED
Account value: $99,425.43
Cash: $2,352.13 | Holdings (14): {'CEG': '35.6034 sh (+1.36%)', 'CHD': '97.9637 sh (+0.01%)', 'COHR': '7.9896 sh (-4.69%)', 'CVX': '24.8836 sh (+1.17%)', 'GEHC': '0.6136 sh (-0.28%)', 'IVZ': '306.9138 sh (+1.21%)', 'LMT': '16.3555 sh (+0.32%)', 'MS': '43.8344 sh (-1.63%)', 'MSI': '21.1281 sh (-0.69%)', 'NUE': '36.5544 sh (-1.52%)', 'NVDA': '44.2888 sh (+0.48%)', 'NWS': '303.7199 sh (+1.75%)', 'STLD': '0.9216 sh (-2.54%)', 'WSM': '0.1026 sh (-1.61%)'}
Risk state: peak $99,703.60 | drawdown 0.28% | today -0.00% | halted: False
Market regime: NEUTRAL (position-size multiplier: 100% incl. circuit breaker 100%)
News: fetched 157, 0 new after dedup, 0 ticker(s) matched.
Quant pre-screen: 46/67 candidates passed.
Gemini proposed 1 trade(s) meeting the conviction bar.
Gemini calls used today (all models combined): 299
Market closed (overnight): queued 12 trade idea(s) for next-morning verification -- nothing submitted yet.
  -> queued WDC buy (conf 92, stop 485.0, tp 560.0)
  -> queued WFC buy (conf 91, stop 86.06, tp 97.76)
  -> queued HAS buy (conf 90, stop 89.34, tp 106.82)
  -> queued HUM buy (conf None, stop 354.57, tp 392.49)
  -> queued WDAY buy (conf 85, stop 188.0, tp 220.0)
  -> queued BAC buy (conf 85, stop 62.5, tp 67.5)
  -> queued HBAN buy (conf 85, stop 17.09, tp 19.45)
  -> queued TDY buy (conf 91, stop 654.41, tp 725.0)
  -> queued TYL buy (conf 92, stop 315.0, tp 35500000.0)
  -> queued TTWO buy (conf 90, stop 228.4, tp 270.0)
  -> queued TEL buy (conf None, stop 200.81, tp 221.8)
  -> queued LYB buy (conf None, stop 58.01, tp 64.365)
Dashboard watchlist synced (15 symbols) for news/headlines.
Ending portfolio value: $99,425.43
Trade journal: no closed trades yet
Performance: Total return -0.41% | Max drawdown 12.37% | Daily Sharpe 0.27 | Open positions: 14 | Equity $99,425.43
Timings: account: 0.0s | risk: 1.0s | decide: 6.3s | watchlist: 0.0s | perf: 0.1s

=== Run at 2026-08-15T16:58:34.276510 ===
Current time: 2026-08-15 12:58 PM EDT | Market open (per Alpaca): False | Session: CLOSED
Account value: $99,425.43
Cash: $2,352.13 | Holdings (14): {'CEG': '35.6034 sh (+1.36%)', 'CHD': '97.9637 sh (+0.01%)', 'COHR': '7.9896 sh (-4.69%)', 'CVX': '24.8836 sh (+1.17%)', 'GEHC': '0.6136 sh (-0.28%)', 'IVZ': '306.9138 sh (+1.21%)', 'LMT': '16.3555 sh (+0.32%)', 'MS': '43.8344 sh (-1.63%)', 'MSI': '21.1281 sh (-0.69%)', 'NUE': '36.5544 sh (-1.52%)', 'NVDA': '44.2888 sh (+0.48%)', 'NWS': '303.7199 sh (+1.75%)', 'STLD': '0.9216 sh (-2.54%)', 'WSM': '0.1026 sh (-1.61%)'}
Risk state: peak $99,703.60 | drawdown 0.28% | today -0.00% | halted: False
Market regime: NEUTRAL (position-size multiplier: 100% incl. circuit breaker 100%)
News: fetched 157, 0 new after dedup, 0 ticker(s) matched.
Quant pre-screen: 46/67 candidates passed.
Gemini proposed 3 trade(s) meeting the conviction bar.
Gemini calls used today (all models combined): 300
Market closed (overnight): queued 12 trade idea(s) for next-morning verification -- nothing submitted yet.
  -> queued WDC buy (conf 92, stop 485.0, tp 560.0)
  -> queued WFC buy (conf 91, stop 86.06, tp 97.76)
  -> queued HAS buy (conf 90, stop 89.34, tp 106.82)
  -> queued HUM buy (conf None, stop 354.57, tp 392.49)
  -> queued WDAY buy (conf 85, stop 188.0, tp 220.0)
  -> queued BAC buy (conf 85, stop 62.5, tp 67.5)
  -> queued HBAN buy (conf 85, stop 17.09, tp 19.45)
  -> queued TDY buy (conf 85, stop 654.41, tp 697.61)
  -> queued TYL buy (conf 92, stop 300.28, tp 334.89)
  -> queued TTWO buy (conf 91, stop 228.4, tp 256.29)
  -> queued TEL buy (conf None, stop 200.81, tp 221.8)
  -> queued LYB buy (conf None, stop 58.01, tp 64.365)
Dashboard watchlist synced (17 symbols) for news/headlines.
Ending portfolio value: $99,425.43
Trade journal: no closed trades yet
Performance: Total return -0.41% | Max drawdown 12.37% | Daily Sharpe 0.27 | Open positions: 14 | Equity $99,425.43
Timings: account: 0.0s | risk: 3.1s | decide: 23.7s | watchlist: 0.1s | perf: 0.2s

=== Run at 2026-08-15T17:00:34.009641 ===
Current time: 2026-08-15 01:00 PM EDT | Market open (per Alpaca): False | Session: CLOSED
Account value: $99,425.43
Cash: $2,352.13 | Holdings (14): {'CEG': '35.6034 sh (+1.36%)', 'CHD': '97.9637 sh (+0.01%)', 'COHR': '7.9896 sh (-4.69%)', 'CVX': '24.8836 sh (+1.17%)', 'GEHC': '0.6136 sh (-0.28%)', 'IVZ': '306.9138 sh (+1.21%)', 'LMT': '16.3555 sh (+0.32%)', 'MS': '43.8344 sh (-1.63%)', 'MSI': '21.1281 sh (-0.69%)', 'NUE': '36.5544 sh (-1.52%)', 'NVDA': '44.2888 sh (+0.48%)', 'NWS': '303.7199 sh (+1.75%)', 'STLD': '0.9216 sh (-2.54%)', 'WSM': '0.1026 sh (-1.61%)'}
Risk state: peak $99,703.60 | drawdown 0.28% | today -0.00% | halted: False
Market regime: NEUTRAL (position-size multiplier: 100% incl. circuit breaker 100%)
News: fetched 157, 1 new after dedup, 0 ticker(s) matched.
Quant pre-screen: 13/19 candidates passed.
Gemini proposed 2 trade(s) meeting the conviction bar.
Gemini calls used today (all models combined): 301
Market closed (overnight): queued 12 trade idea(s) for next-morning verification -- nothing submitted yet.
  -> queued WDC buy (conf 92, stop 485.0, tp 560.0)
  -> queued WFC buy (conf 91, stop 86.06, tp 97.76)
  -> queued HAS buy (conf 90, stop 89.34, tp 106.82)
  -> queued HUM buy (conf None, stop 354.57, tp 392.49)
  -> queued WDAY buy (conf 85, stop 188.0, tp 220.0)
  -> queued BAC buy (conf 85, stop 62.5, tp 67.5)
  -> queued HBAN buy (conf 85, stop 17.09, tp 19.45)
  -> queued TDY buy (conf 80, stop 654.41, tp 725.0000000000001)
  -> queued TYL buy (conf 85, stop 300.28, tp 355.00000000000006)
  -> queued TTWO buy (conf 91, stop 228.4, tp 256.29)
  -> queued TEL buy (conf None, stop 200.81, tp 221.8)
  -> queued LYB buy (conf None, stop 58.01, tp 64.365)
Dashboard watchlist synced (16 symbols) for news/headlines.
Ending portfolio value: $99,425.43
Trade journal: no closed trades yet
Performance: Total return -0.41% | Max drawdown 12.37% | Daily Sharpe 0.27 | Open positions: 14 | Equity $99,425.43
Timings: account: 0.0s | risk: 2.2s | decide: 5.0s | watchlist: 0.1s | perf: 0.1s

=== Run at 2026-08-15T17:02:24.142264 ===
Current time: 2026-08-15 01:02 PM EDT | Market open (per Alpaca): False | Session: CLOSED
Account value: $99,425.43
Cash: $2,352.13 | Holdings (14): {'CEG': '35.6034 sh (+1.36%)', 'CHD': '97.9637 sh (+0.01%)', 'COHR': '7.9896 sh (-4.69%)', 'CVX': '24.8836 sh (+1.17%)', 'GEHC': '0.6136 sh (-0.28%)', 'IVZ': '306.9138 sh (+1.21%)', 'LMT': '16.3555 sh (+0.32%)', 'MS': '43.8344 sh (-1.63%)', 'MSI': '21.1281 sh (-0.69%)', 'NUE': '36.5544 sh (-1.52%)', 'NVDA': '44.2888 sh (+0.48%)', 'NWS': '303.7199 sh (+1.75%)', 'STLD': '0.9216 sh (-2.54%)', 'WSM': '0.1026 sh (-1.61%)'}
Risk state: peak $99,703.60 | drawdown 0.28% | today -0.00% | halted: False
Market regime: NEUTRAL (position-size multiplier: 100% incl. circuit breaker 100%)
News: fetched 157, 0 new after dedup, 0 ticker(s) matched.
Quant pre-screen: 21/31 candidates passed.
Gemini proposed 2 trade(s) meeting the conviction bar.
Gemini calls used today (all models combined): 302
Market closed (overnight): queued 12 trade idea(s) for next-morning verification -- nothing submitted yet.
  -> queued WDC buy (conf 92, stop 485.0, tp 560.0)
  -> queued WFC buy (conf 91, stop 86.06, tp 97.76)
  -> queued HAS buy (conf 90, stop 89.34, tp 106.82)
  -> queued HUM buy (conf None, stop 354.57, tp 392.49)
  -> queued WDAY buy (conf 85, stop 188.0, tp 220.0)
  -> queued BAC buy (conf 85, stop 62.5, tp 67.5)
  -> queued HBAN buy (conf 85, stop 17.09, tp 19.45)
  -> queued TDY buy (conf 80, stop 654.41, tp 725.0000000000001)
  -> queued TYL buy (conf 92, stop 315.0, tp 355.0)
  -> queued TTWO buy (conf 90, stop 235.0, tp 270.0)
  -> queued TEL buy (conf None, stop 200.81, tp 221.8)
  -> queued LYB buy (conf None, stop 58.01, tp 64.365)
Dashboard watchlist synced (16 symbols) for news/headlines.
Ending portfolio value: $99,425.43
Trade journal: no closed trades yet
Performance: Total return -0.41% | Max drawdown 12.37% | Daily Sharpe 0.27 | Open positions: 14 | Equity $99,425.43
Timings: account: 0.0s | risk: 1.0s | decide: 2.8s | watchlist: 0.0s | perf: 0.1s

=== Run at 2026-08-15T17:04:24.382582 ===
Current time: 2026-08-15 01:04 PM EDT | Market open (per Alpaca): False | Session: CLOSED
Account value: $99,425.43
Cash: $2,352.13 | Holdings (14): {'CEG': '35.6034 sh (+1.36%)', 'CHD': '97.9637 sh (+0.01%)', 'COHR': '7.9896 sh (-4.69%)', 'CVX': '24.8836 sh (+1.17%)', 'GEHC': '0.6136 sh (-0.28%)', 'IVZ': '306.9138 sh (+1.21%)', 'LMT': '16.3555 sh (+0.32%)', 'MS': '43.8344 sh (-1.63%)', 'MSI': '21.1281 sh (-0.69%)', 'NUE': '36.5544 sh (-1.52%)', 'NVDA': '44.2888 sh (+0.48%)', 'NWS': '303.7199 sh (+1.75%)', 'STLD': '0.9216 sh (-2.54%)', 'WSM': '0.1026 sh (-1.61%)'}
Risk state: peak $99,703.60 | drawdown 0.28% | today -0.00% | halted: False
Market regime: NEUTRAL (position-size multiplier: 100% incl. circuit breaker 100%)
News: fetched 157, 1 new after dedup, 0 ticker(s) matched.
Quant pre-screen: 30/43 candidates passed.
Gemini proposed 2 trade(s) meeting the conviction bar.
Gemini calls used today (all models combined): 303
Market closed (overnight): queued 12 trade idea(s) for next-morning verification -- nothing submitted yet.
  -> queued WDC buy (conf 92, stop 485.0, tp 560.0)
  -> queued WFC buy (conf 91, stop 86.06, tp 97.76)
  -> queued HAS buy (conf 90, stop 89.34, tp 106.82)
  -> queued HUM buy (conf None, stop 354.57, tp 392.49)
  -> queued WDAY buy (conf 85, stop 188.0, tp 220.0)
  -> queued BAC buy (conf 85, stop 62.5, tp 67.5)
  -> queued HBAN buy (conf 85, stop 17.09, tp 19.45)
  -> queued TDY buy (conf 85, stop 660.0, tp 715.0)
  -> queued TYL buy (conf 92, stop 315.0, tp 355.0)
  -> queued TTWO buy (conf 82, stop 235.0, tp 265.0)
  -> queued TEL buy (conf None, stop 200.81, tp 221.8)
  -> queued LYB buy (conf None, stop 58.01, tp 64.365)
Dashboard watchlist synced (16 symbols) for news/headlines.
Ending portfolio value: $99,425.43
Trade journal: no closed trades yet
Performance: Total return -0.41% | Max drawdown 12.37% | Daily Sharpe 0.27 | Open positions: 14 | Equity $99,425.43
Timings: account: 0.0s | risk: 0.9s | decide: 2.7s | watchlist: 0.0s | perf: 0.1s

=== Run at 2026-08-15T17:06:27.774677 ===
Current time: 2026-08-15 01:06 PM EDT | Market open (per Alpaca): False | Session: CLOSED
Account value: $99,425.43
Cash: $2,352.13 | Holdings (14): {'CEG': '35.6034 sh (+1.36%)', 'CHD': '97.9637 sh (+0.01%)', 'COHR': '7.9896 sh (-4.69%)', 'CVX': '24.8836 sh (+1.17%)', 'GEHC': '0.6136 sh (-0.28%)', 'IVZ': '306.9138 sh (+1.21%)', 'LMT': '16.3555 sh (+0.32%)', 'MS': '43.8344 sh (-1.63%)', 'MSI': '21.1281 sh (-0.69%)', 'NUE': '36.5544 sh (-1.52%)', 'NVDA': '44.2888 sh (+0.48%)', 'NWS': '303.7199 sh (+1.75%)', 'STLD': '0.9216 sh (-2.54%)', 'WSM': '0.1026 sh (-1.61%)'}
Risk state: peak $99,703.60 | drawdown 0.28% | today -0.00% | halted: False
Market regime: NEUTRAL (position-size multiplier: 100% incl. circuit breaker 100%)
News: fetched 157, 3 new after dedup, 2 ticker(s) matched.
Quant pre-screen: 22/26 candidates passed.
Gemini proposed 3 trade(s) meeting the conviction bar.
Gemini calls used today (all models combined): 304
Market closed (overnight): queued 12 trade idea(s) for next-morning verification -- nothing submitted yet.
  -> queued WDC buy (conf 92, stop 485.0, tp 560.0)
  -> queued WFC buy (conf 91, stop 86.06, tp 97.76)
  -> queued HAS buy (conf 90, stop 89.34, tp 106.82)
  -> queued HUM buy (conf None, stop 354.57, tp 392.49)
  -> queued WDAY buy (conf 85, stop 188.0, tp 220.0)
  -> queued BAC buy (conf 85, stop 62.5, tp 67.5)
  -> queued HBAN buy (conf 85, stop 17.09, tp 19.45)
  -> queued TDY buy (conf 85, stop 654.41, tp 697.61)
  -> queued TYL buy (conf 90, stop 300.28, tp 334.89)
  -> queued TTWO buy (conf 92, stop 228.4, tp 265.49)
  -> queued TEL buy (conf None, stop 200.81, tp 221.8)
  -> queued LYB buy (conf None, stop 58.01, tp 64.365)
Dashboard watchlist synced (19 symbols) for news/headlines.
Ending portfolio value: $99,425.43
Trade journal: no closed trades yet
Performance: Total return -0.41% | Max drawdown 12.37% | Daily Sharpe 0.27 | Open positions: 14 | Equity $99,425.43
Timings: account: 0.0s | risk: 1.0s | decide: 23.6s | watchlist: 0.0s | perf: 0.1s

=== Run at 2026-08-15T17:08:27.623864 ===
Current time: 2026-08-15 01:08 PM EDT | Market open (per Alpaca): False | Session: CLOSED
Account value: $99,425.43
Cash: $2,352.13 | Holdings (14): {'CEG': '35.6034 sh (+1.36%)', 'CHD': '97.9637 sh (+0.01%)', 'COHR': '7.9896 sh (-4.69%)', 'CVX': '24.8836 sh (+1.17%)', 'GEHC': '0.6136 sh (-0.28%)', 'IVZ': '306.9138 sh (+1.21%)', 'LMT': '16.3555 sh (+0.32%)', 'MS': '43.8344 sh (-1.63%)', 'MSI': '21.1281 sh (-0.69%)', 'NUE': '36.5544 sh (-1.52%)', 'NVDA': '44.2888 sh (+0.48%)', 'NWS': '303.7199 sh (+1.75%)', 'STLD': '0.9216 sh (-2.54%)', 'WSM': '0.1026 sh (-1.61%)'}
Risk state: peak $99,703.60 | drawdown 0.28% | today -0.00% | halted: False
Market regime: NEUTRAL (position-size multiplier: 100% incl. circuit breaker 100%)
News: fetched 158, 0 new after dedup, 0 ticker(s) matched.
Quant pre-screen: 38/55 candidates passed.
Gemini proposed 2 trade(s) meeting the conviction bar.
Gemini calls used today (all models combined): 305
Market closed (overnight): queued 12 trade idea(s) for next-morning verification -- nothing submitted yet.
  -> queued WDC buy (conf 92, stop 485.0, tp 560.0)
  -> queued WFC buy (conf 91, stop 86.06, tp 97.76)
  -> queued HAS buy (conf 90, stop 89.34, tp 106.82)
  -> queued HUM buy (conf None, stop 354.57, tp 392.49)
  -> queued WDAY buy (conf 85, stop 188.0, tp 220.0)
  -> queued BAC buy (conf 85, stop 62.5, tp 67.5)
  -> queued HBAN buy (conf 85, stop 17.09, tp 19.45)
  -> queued TDY buy (conf 92, stop 654.41, tp 710.0)
  -> queued TYL buy (conf 90, stop 300.28, tp 334.89)
  -> queued TTWO buy (conf 90, stop 228.4, tp 265.49)
  -> queued TEL buy (conf None, stop 200.81, tp 221.8)
  -> queued LYB buy (conf None, stop 58.01, tp 64.365)
Dashboard watchlist synced (16 symbols) for news/headlines.
Ending portfolio value: $99,425.43
Trade journal: no closed trades yet
Performance: Total return -0.41% | Max drawdown 12.37% | Daily Sharpe 0.27 | Open positions: 14 | Equity $99,425.43
Timings: account: 0.0s | risk: 1.9s | decide: 4.5s | watchlist: 0.1s | perf: 0.1s

=== Run at 2026-08-15T17:10:30.063633 ===
Current time: 2026-08-15 01:10 PM EDT | Market open (per Alpaca): False | Session: CLOSED
Account value: $99,425.43
Cash: $2,352.13 | Holdings (14): {'CEG': '35.6034 sh (+1.36%)', 'CHD': '97.9637 sh (+0.01%)', 'COHR': '7.9896 sh (-4.69%)', 'CVX': '24.8836 sh (+1.17%)', 'GEHC': '0.6136 sh (-0.28%)', 'IVZ': '306.9138 sh (+1.21%)', 'LMT': '16.3555 sh (+0.32%)', 'MS': '43.8344 sh (-1.63%)', 'MSI': '21.1281 sh (-0.69%)', 'NUE': '36.5544 sh (-1.52%)', 'NVDA': '44.2888 sh (+0.48%)', 'NWS': '303.7199 sh (+1.75%)', 'STLD': '0.9216 sh (-2.54%)', 'WSM': '0.1026 sh (-1.61%)'}
Risk state: peak $99,703.60 | drawdown 0.28% | today -0.00% | halted: False
Market regime: NEUTRAL (position-size multiplier: 100% incl. circuit breaker 100%)
News: fetched 158, 2 new after dedup, 0 ticker(s) matched.
Quant pre-screen: 46/67 candidates passed.
Gemini proposed 2 trade(s) meeting the conviction bar.
Gemini calls used today (all models combined): 306
Market closed (overnight): queued 12 trade idea(s) for next-morning verification -- nothing submitted yet.
  -> queued WDC buy (conf 92, stop 485.0, tp 560.0)
  -> queued WFC buy (conf 91, stop 86.06, tp 97.76)
  -> queued HAS buy (conf 90, stop 89.34, tp 106.82)
  -> queued HUM buy (conf None, stop 354.57, tp 392.49)
  -> queued WDAY buy (conf 85, stop 188.0, tp 220.0)
  -> queued BAC buy (conf 85, stop 62.5, tp 67.5)
  -> queued HBAN buy (conf 85, stop 17.09, tp 19.45)
  -> queued TDY buy (conf 92, stop 654.41, tp 710.0)
  -> queued TYL buy (conf 90, stop 312.0, tp 355.0)
  -> queued TTWO buy (conf 92, stop 235.0, tp 265.00000000000006)
  -> queued TEL buy (conf None, stop 200.81, tp 221.8)
  -> queued LYB buy (conf None, stop 58.01, tp 64.365)
Dashboard watchlist synced (16 symbols) for news/headlines.
Ending portfolio value: $99,425.43
Trade journal: no closed trades yet
Performance: Total return -0.41% | Max drawdown 12.37% | Daily Sharpe 0.27 | Open positions: 14 | Equity $99,425.43
Timings: account: 0.0s | risk: 2.6s | decide: 5.7s | watchlist: 0.1s | perf: 0.2s

=== Run at 2026-08-15T17:13:01.365248 ===
Current time: 2026-08-15 01:13 PM EDT | Market open (per Alpaca): False | Session: CLOSED
=== Run at 2026-08-15T17:12:27.826355 ===
Current time: 2026-08-15 01:12 PM EDT | Market open (per Alpaca): False | Session: CLOSED
Account value: $99,425.43
Cash: $2,352.13 | Holdings (14): {'CEG': '35.6034 sh (+1.36%)', 'CHD': '97.9637 sh (+0.01%)', 'COHR': '7.9896 sh (-4.69%)', 'CVX': '24.8836 sh (+1.17%)', 'GEHC': '0.6136 sh (-0.28%)', 'IVZ': '306.9138 sh (+1.21%)', 'LMT': '16.3555 sh (+0.32%)', 'MS': '43.8344 sh (-1.63%)', 'MSI': '21.1281 sh (-0.69%)', 'NUE': '36.5544 sh (-1.52%)', 'NVDA': '44.2888 sh (+0.48%)', 'NWS': '303.7199 sh (+1.75%)', 'STLD': '0.9216 sh (-2.54%)', 'WSM': '0.1026 sh (-1.61%)'}
Risk state: peak $99,703.60 | drawdown 0.28% | today -0.00% | halted: False
Market regime: NEUTRAL (position-size multiplier: 100% incl. circuit breaker 100%)
News: fetched 157, 2 new after dedup, 0 ticker(s) matched.
Quant pre-screen: 46/67 candidates passed.
Gemini proposed 2 trade(s) meeting the conviction bar.
Gemini calls used today (all models combined): 307
Market closed (overnight): queued 12 trade idea(s) for next-morning verification -- nothing submitted yet.
  -> queued WDC buy (conf 92, stop 485.0, tp 560.0)
  -> queued WFC buy (conf 91, stop 86.06, tp 97.76)
  -> queued HAS buy (conf 90, stop 89.34, tp 106.82)
  -> queued HUM buy (conf None, stop 354.57, tp 392.49)
  -> queued WDAY buy (conf 85, stop 188.0, tp 220.0)
  -> queued BAC buy (conf 85, stop 62.5, tp 67.5)
  -> queued HBAN buy (conf 85, stop 17.09, tp 19.45)
  -> queued TDY buy (conf 92, stop 654.41, tp 710.0)
  -> queued TYL buy (conf 91, stop 310.0, tp 355.0)
  -> queued TTWO buy (conf 88, stop 232.0, tp 272.0)
  -> queued TDY buy (conf 90, stop 655.0, tp 710.0)
  -> queued TYL buy (conf 90, stop 312.0, tp 355.0)
  -> queued TTWO buy (conf 92, stop 235.0, tp 265.00000000000006)
  -> queued TEL buy (conf None, stop 200.81, tp 221.8)
  -> queued LYB buy (conf None, stop 58.01, tp 64.365)
Dashboard watchlist synced (16 symbols) for news/headlines.
Ending portfolio value: $99,425.43
Trade journal: no closed trades yet
Performance: Total return -0.41% | Max drawdown 12.37% | Daily Sharpe 0.27 | Open positions: 14 | Equity $99,425.43
Timings: account: 0.0s | risk: 1.1s | decide: 2.2s | watchlist: 6.2s | perf: 0.1s
Timings: account: 0.0s | risk: 4.0s | decide: 3.9s | watchlist: 0.1s | perf: 0.2s

=== Run at 2026-08-15T17:14:28.411635 ===
Current time: 2026-08-15 01:14 PM EDT | Market open (per Alpaca): False | Session: CLOSED
Account value: $99,425.43
Cash: $2,352.13 | Holdings (14): {'CEG': '35.6034 sh (+1.36%)', 'CHD': '97.9637 sh (+0.01%)', 'COHR': '7.9896 sh (-4.69%)', 'CVX': '24.8836 sh (+1.17%)', 'GEHC': '0.6136 sh (-0.28%)', 'IVZ': '306.9138 sh (+1.21%)', 'LMT': '16.3555 sh (+0.32%)', 'MS': '43.8344 sh (-1.63%)', 'MSI': '21.1281 sh (-0.69%)', 'NUE': '36.5544 sh (-1.52%)', 'NVDA': '44.2888 sh (+0.48%)', 'NWS': '303.7199 sh (+1.75%)', 'STLD': '0.9216 sh (-2.54%)', 'WSM': '0.1026 sh (-1.61%)'}
Risk state: peak $99,703.60 | drawdown 0.28% | today -0.00% | halted: False
Market regime: NEUTRAL (position-size multiplier: 100% incl. circuit breaker 100%)
News: fetched 157, 0 new after dedup, 0 ticker(s) matched.
Quant pre-screen: 46/67 candidates passed.
Gemini proposed 2 trade(s) meeting the conviction bar.
Gemini calls used today (all models combined): 308
Market closed (overnight): queued 12 trade idea(s) for next-morning verification -- nothing submitted yet.
  -> queued WDC buy (conf 92, stop 485.0, tp 560.0)
  -> queued WFC buy (conf 91, stop 86.06, tp 97.76)
  -> queued HAS buy (conf 90, stop 89.34, tp 106.82)
  -> queued HUM buy (conf None, stop 354.57, tp 392.49)
  -> queued WDAY buy (conf 85, stop 188.0, tp 220.0)
  -> queued BAC buy (conf 85, stop 62.5, tp 67.5)
  -> queued HBAN buy (conf 85, stop 17.09, tp 19.45)
  -> queued TDY buy (conf 90, stop 655.0, tp 697.61)
  -> queued TYL buy (conf 91, stop 310.0, tp 355.0)
  -> queued TTWO buy (conf 91, stop 235.0, tp 265.00000000000006)
  -> queued TEL buy (conf None, stop 200.81, tp 221.8)
  -> queued LYB buy (conf None, stop 58.01, tp 64.365)
Dashboard watchlist synced (16 symbols) for news/headlines.
Ending portfolio value: $99,425.43
Trade journal: no closed trades yet
Performance: Total return -0.41% | Max drawdown 12.37% | Daily Sharpe 0.27 | Open positions: 14 | Equity $99,425.43
Timings: account: 0.0s | risk: 3.3s | decide: 3.6s | watchlist: 0.1s | perf: 0.2s

=== Run at 2026-08-15T17:16:28.674659 ===
Current time: 2026-08-15 01:16 PM EDT | Market open (per Alpaca): False | Session: CLOSED
Account value: $99,425.43
Cash: $2,352.13 | Holdings (14): {'CEG': '35.6034 sh (+1.36%)', 'CHD': '97.9637 sh (+0.01%)', 'COHR': '7.9896 sh (-4.69%)', 'CVX': '24.8836 sh (+1.17%)', 'GEHC': '0.6136 sh (-0.28%)', 'IVZ': '306.9138 sh (+1.21%)', 'LMT': '16.3555 sh (+0.32%)', 'MS': '43.8344 sh (-1.63%)', 'MSI': '21.1281 sh (-0.69%)', 'NUE': '36.5544 sh (-1.52%)', 'NVDA': '44.2888 sh (+0.48%)', 'NWS': '303.7199 sh (+1.75%)', 'STLD': '0.9216 sh (-2.54%)', 'WSM': '0.1026 sh (-1.61%)'}
Risk state: peak $99,703.60 | drawdown 0.28% | today -0.00% | halted: False
Market regime: NEUTRAL (position-size multiplier: 100% incl. circuit breaker 100%)
News: fetched 158, 0 new after dedup, 0 ticker(s) matched.
Quant pre-screen: 46/67 candidates passed.
Gemini proposed 3 trade(s) meeting the conviction bar.
Gemini calls used today (all models combined): 309
Market closed (overnight): queued 12 trade idea(s) for next-morning verification -- nothing submitted yet.
  -> queued WDC buy (conf 92, stop 485.0, tp 560.0)
  -> queued WFC buy (conf 91, stop 86.06, tp 97.76)
  -> queued HAS buy (conf 90, stop 89.34, tp 106.82)
  -> queued HUM buy (conf None, stop 354.57, tp 392.49)
  -> queued WDAY buy (conf 85, stop 188.0, tp 220.0)
  -> queued BAC buy (conf 85, stop 62.5, tp 67.5)
  -> queued HBAN buy (conf 85, stop 17.09, tp 19.45)
  -> queued TDY buy (conf 85, stop 654.41, tp 697.61)
  -> queued TYL buy (conf 92, stop 300.28, tp 334.89)
  -> queued TTWO buy (conf 91, stop 228.4, tp 256.29)
  -> queued TEL buy (conf None, stop 200.81, tp 221.8)
  -> queued LYB buy (conf None, stop 58.01, tp 64.365)
Dashboard watchlist synced (17 symbols) for news/headlines.
Ending portfolio value: $99,425.43
Trade journal: no closed trades yet
Performance: Total return -0.41% | Max drawdown 12.37% | Daily Sharpe 0.27 | Open positions: 14 | Equity $99,425.43
Timings: account: 0.0s | risk: 3.7s | decide: 23.8s | watchlist: 0.2s | perf: 0.3s

=== Run at 2026-08-15T17:18:26.801117 ===
Current time: 2026-08-15 01:18 PM EDT | Market open (per Alpaca): False | Session: CLOSED
Account value: $99,425.43
Cash: $2,352.13 | Holdings (14): {'CEG': '35.6034 sh (+1.36%)', 'CHD': '97.9637 sh (+0.01%)', 'COHR': '7.9896 sh (-4.69%)', 'CVX': '24.8836 sh (+1.17%)', 'GEHC': '0.6136 sh (-0.28%)', 'IVZ': '306.9138 sh (+1.21%)', 'LMT': '16.3555 sh (+0.32%)', 'MS': '43.8344 sh (-1.63%)', 'MSI': '21.1281 sh (-0.69%)', 'NUE': '36.5544 sh (-1.52%)', 'NVDA': '44.2888 sh (+0.48%)', 'NWS': '303.7199 sh (+1.75%)', 'STLD': '0.9216 sh (-2.54%)', 'WSM': '0.1026 sh (-1.61%)'}
Risk state: peak $99,703.60 | drawdown 0.28% | today -0.00% | halted: False
Market regime: NEUTRAL (position-size multiplier: 100% incl. circuit breaker 100%)
News: fetched 157, 1 new after dedup, 0 ticker(s) matched.
Quant pre-screen: 46/67 candidates passed.
Technical fallback (Gemini throttled/unavailable) proposed 49 trade(s) meeting the conviction bar.
Gemini calls used today (all models combined): 309
Market closed (overnight): queued 12 trade idea(s) for next-morning verification -- nothing submitted yet.
  -> queued WDC buy (conf 92, stop 485.0, tp 560.0)
  -> queued WFC buy (conf 91, stop 86.06, tp 97.76)
  -> queued HAS buy (conf 90, stop 89.34, tp 106.82)
  -> queued HUM buy (conf None, stop 354.57, tp 392.49)
  -> queued WDAY buy (conf 85, stop 188.0, tp 220.0)
  -> queued BAC buy (conf 85, stop 62.5, tp 67.5)
  -> queued HBAN buy (conf 85, stop 17.09, tp 19.45)
  -> queued TDY buy (conf None, stop 654.41, tp 697.61)
  -> queued TYL buy (conf None, stop 300.28, tp 334.89)
  -> queued TTWO buy (conf None, stop 228.4, tp 256.285)
  -> queued TEL buy (conf None, stop 200.81, tp 221.8)
  -> queued LYB buy (conf None, stop 58.01, tp 64.365)
Dashboard watchlist synced (60 symbols) for news/headlines.
Ending portfolio value: $99,425.43
Trade journal: no closed trades yet
Performance: Total return -0.41% | Max drawdown 12.37% | Daily Sharpe 0.27 | Open positions: 14 | Equity $99,425.43
Timings: account: 0.0s | risk: 3.9s | decide: 22.9s | watchlist: 0.2s | perf: 0.2s

=== Run at 2026-08-15T17:20:33.052056 ===
Current time: 2026-08-15 01:20 PM EDT | Market open (per Alpaca): False | Session: CLOSED
Account value: $99,425.43
Cash: $2,352.13 | Holdings (14): {'CEG': '35.6034 sh (+1.36%)', 'CHD': '97.9637 sh (+0.01%)', 'COHR': '7.9896 sh (-4.69%)', 'CVX': '24.8836 sh (+1.17%)', 'GEHC': '0.6136 sh (-0.28%)', 'IVZ': '306.9138 sh (+1.21%)', 'LMT': '16.3555 sh (+0.32%)', 'MS': '43.8344 sh (-1.63%)', 'MSI': '21.1281 sh (-0.69%)', 'NUE': '36.5544 sh (-1.52%)', 'NVDA': '44.2888 sh (+0.48%)', 'NWS': '303.7199 sh (+1.75%)', 'STLD': '0.9216 sh (-2.54%)', 'WSM': '0.1026 sh (-1.61%)'}
Risk state: peak $99,703.60 | drawdown 0.28% | today -0.00% | halted: False
Market regime: NEUTRAL (position-size multiplier: 100% incl. circuit breaker 100%)
News: fetched 157, 0 new after dedup, 0 ticker(s) matched.
Quant pre-screen: 46/67 candidates passed.
Gemini proposed 3 trade(s) meeting the conviction bar.
Gemini calls used today (all models combined): 310
Market closed (overnight): queued 12 trade idea(s) for next-morning verification -- nothing submitted yet.
  -> queued WDC buy (conf 92, stop 485.0, tp 560.0)
  -> queued WFC buy (conf 91, stop 86.06, tp 97.76)
  -> queued HAS buy (conf 90, stop 89.34, tp 106.82)
  -> queued HUM buy (conf None, stop 354.57, tp 392.49)
  -> queued WDAY buy (conf 85, stop 188.0, tp 220.0)
  -> queued BAC buy (conf 85, stop 62.5, tp 67.5)
  -> queued HBAN buy (conf 85, stop 17.09, tp 19.45)
  -> queued TDY buy (conf 92, stop 654.41, tp 720.0)
  -> queued TYL buy (conf 90, stop 300.28, tp 355.0)
  -> queued TTWO buy (conf 90, stop 228.4, tp 270.0)
  -> queued TEL buy (conf None, stop 200.81, tp 221.8)
  -> queued LYB buy (conf None, stop 58.01, tp 64.365)
Dashboard watchlist synced (17 symbols) for news/headlines.
Ending portfolio value: $99,425.43
Trade journal: no closed trades yet
Performance: Total return -0.41% | Max drawdown 12.37% | Daily Sharpe 0.27 | Open positions: 14 | Equity $99,425.43
Timings: account: 0.0s | risk: 3.2s | decide: 3.5s | watchlist: 0.1s | perf: 0.2s

=== Run at 2026-08-15T17:22:25.180430 ===
Current time: 2026-08-15 01:22 PM EDT | Market open (per Alpaca): False | Session: CLOSED
Account value: $99,425.43
Cash: $2,352.13 | Holdings (14): {'CEG': '35.6034 sh (+1.36%)', 'CHD': '97.9637 sh (+0.01%)', 'COHR': '7.9896 sh (-4.69%)', 'CVX': '24.8836 sh (+1.17%)', 'GEHC': '0.6136 sh (-0.28%)', 'IVZ': '306.9138 sh (+1.21%)', 'LMT': '16.3555 sh (+0.32%)', 'MS': '43.8344 sh (-1.63%)', 'MSI': '21.1281 sh (-0.69%)', 'NUE': '36.5544 sh (-1.52%)', 'NVDA': '44.2888 sh (+0.48%)', 'NWS': '303.7199 sh (+1.75%)', 'STLD': '0.9216 sh (-2.54%)', 'WSM': '0.1026 sh (-1.61%)'}
Risk state: peak $99,703.60 | drawdown 0.28% | today -0.00% | halted: False
Market regime: NEUTRAL (position-size multiplier: 100% incl. circuit breaker 100%)
News: fetched 158, 0 new after dedup, 0 ticker(s) matched.
Quant pre-screen: 46/67 candidates passed.
Gemini proposed 2 trade(s) meeting the conviction bar.
Gemini calls used today (all models combined): 311
Market closed (overnight): queued 12 trade idea(s) for next-morning verification -- nothing submitted yet.
  -> queued WDC buy (conf 92, stop 485.0, tp 560.0)
  -> queued WFC buy (conf 91, stop 86.06, tp 97.76)
  -> queued HAS buy (conf 90, stop 89.34, tp 106.82)
  -> queued HUM buy (conf None, stop 354.57, tp 392.49)
  -> queued WDAY buy (conf 85, stop 188.0, tp 220.0)
  -> queued BAC buy (conf 85, stop 62.5, tp 67.5)
  -> queued HBAN buy (conf 85, stop 17.09, tp 19.45)
  -> queued TDY buy (conf 85, stop 660.0, tp 710.0000000000001)
  -> queued TYL buy (conf 90, stop 300.28, tp 355.0)
  -> queued TTWO buy (conf 82, stop 235.0, tp 265.0)
  -> queued TEL buy (conf None, stop 200.81, tp 221.8)
  -> queued LYB buy (conf None, stop 58.01, tp 64.365)
Dashboard watchlist synced (16 symbols) for news/headlines.
Ending portfolio value: $99,425.43
Trade journal: no closed trades yet
Performance: Total return -0.41% | Max drawdown 12.37% | Daily Sharpe 0.27 | Open positions: 14 | Equity $99,425.43
Timings: account: 0.0s | risk: 3.7s | decide: 3.8s | watchlist: 0.1s | perf: 0.2s

=== Run at 2026-08-15T17:24:24.914932 ===
Current time: 2026-08-15 01:24 PM EDT | Market open (per Alpaca): False | Session: CLOSED
Account value: $99,425.43
Cash: $2,352.13 | Holdings (14): {'CEG': '35.6034 sh (+1.36%)', 'CHD': '97.9637 sh (+0.01%)', 'COHR': '7.9896 sh (-4.69%)', 'CVX': '24.8836 sh (+1.17%)', 'GEHC': '0.6136 sh (-0.28%)', 'IVZ': '306.9138 sh (+1.21%)', 'LMT': '16.3555 sh (+0.32%)', 'MS': '43.8344 sh (-1.63%)', 'MSI': '21.1281 sh (-0.69%)', 'NUE': '36.5544 sh (-1.52%)', 'NVDA': '44.2888 sh (+0.48%)', 'NWS': '303.7199 sh (+1.75%)', 'STLD': '0.9216 sh (-2.54%)', 'WSM': '0.1026 sh (-1.61%)'}
Risk state: peak $99,703.60 | drawdown 0.28% | today -0.00% | halted: False
Market regime: NEUTRAL (position-size multiplier: 100% incl. circuit breaker 100%)
News: fetched 158, 0 new after dedup, 0 ticker(s) matched.
Quant pre-screen: 46/67 candidates passed.
Gemini proposed 2 trade(s) meeting the conviction bar.
Gemini calls used today (all models combined): 312
Market closed (overnight): queued 12 trade idea(s) for next-morning verification -- nothing submitted yet.
  -> queued WDC buy (conf 92, stop 485.0, tp 560.0)
  -> queued WFC buy (conf 91, stop 86.06, tp 97.76)
  -> queued HAS buy (conf 90, stop 89.34, tp 106.82)
  -> queued HUM buy (conf None, stop 354.57, tp 392.49)
  -> queued WDAY buy (conf 85, stop 188.0, tp 220.0)
  -> queued BAC buy (conf 85, stop 62.5, tp 67.5)
  -> queued HBAN buy (conf 85, stop 17.09, tp 19.45)
  -> queued TDY buy (conf 85, stop 654.41, tp 715.0)
  -> queued TYL buy (conf 90, stop 300.28, tp 355.0)
  -> queued TTWO buy (conf 82, stop 228.4, tp 265.0)
  -> queued TEL buy (conf None, stop 200.81, tp 221.8)
  -> queued LYB buy (conf None, stop 58.01, tp 64.365)
Dashboard watchlist synced (16 symbols) for news/headlines.
Ending portfolio value: $99,425.43
Trade journal: no closed trades yet
Performance: Total return -0.41% | Max drawdown 12.37% | Daily Sharpe 0.27 | Open positions: 14 | Equity $99,425.43
Timings: account: 0.0s | risk: 1.4s | decide: 2.4s | watchlist: 0.1s | perf: 0.1s

=== Run at 2026-08-15T17:26:26.436063 ===
Current time: 2026-08-15 01:26 PM EDT | Market open (per Alpaca): False | Session: CLOSED
Account value: $99,425.43
Cash: $2,352.13 | Holdings (14): {'CEG': '35.6034 sh (+1.36%)', 'CHD': '97.9637 sh (+0.01%)', 'COHR': '7.9896 sh (-4.69%)', 'CVX': '24.8836 sh (+1.17%)', 'GEHC': '0.6136 sh (-0.28%)', 'IVZ': '306.9138 sh (+1.21%)', 'LMT': '16.3555 sh (+0.32%)', 'MS': '43.8344 sh (-1.63%)', 'MSI': '21.1281 sh (-0.69%)', 'NUE': '36.5544 sh (-1.52%)', 'NVDA': '44.2888 sh (+0.48%)', 'NWS': '303.7199 sh (+1.75%)', 'STLD': '0.9216 sh (-2.54%)', 'WSM': '0.1026 sh (-1.61%)'}
Risk state: peak $99,703.60 | drawdown 0.28% | today -0.00% | halted: False
Market regime: NEUTRAL (position-size multiplier: 100% incl. circuit breaker 100%)
News: fetched 158, 0 new after dedup, 0 ticker(s) matched.
Quant pre-screen: 46/67 candidates passed.
Gemini proposed 2 trade(s) meeting the conviction bar.
Gemini calls used today (all models combined): 313
Market closed (overnight): queued 12 trade idea(s) for next-morning verification -- nothing submitted yet.
  -> queued WDC buy (conf 92, stop 485.0, tp 560.0)
  -> queued WFC buy (conf 91, stop 86.06, tp 97.76)
  -> queued HAS buy (conf 90, stop 89.34, tp 106.82)
  -> queued HUM buy (conf None, stop 354.57, tp 392.49)
  -> queued WDAY buy (conf 85, stop 188.0, tp 220.0)
  -> queued BAC buy (conf 85, stop 62.5, tp 67.5)
  -> queued HBAN buy (conf 85, stop 17.09, tp 19.45)
  -> queued TDY buy (conf 90, stop 660.0, tp 710.0)
  -> queued TYL buy (conf 90, stop 300.28, tp 355.0)
  -> queued TTWO buy (conf 90, stop 235.0, tp 265.0)
  -> queued TEL buy (conf None, stop 200.81, tp 221.8)
  -> queued LYB buy (conf None, stop 58.01, tp 64.365)
Dashboard watchlist synced (16 symbols) for news/headlines.
Ending portfolio value: $99,425.43
Trade journal: no closed trades yet
Performance: Total return -0.41% | Max drawdown 12.37% | Daily Sharpe 0.27 | Open positions: 14 | Equity $99,425.43
Timings: account: 0.0s | risk: 2.5s | decide: 13.5s | watchlist: 0.1s | perf: 0.2s

=== Run at 2026-08-15T17:28:23.070292 ===
Current time: 2026-08-15 01:28 PM EDT | Market open (per Alpaca): False | Session: CLOSED
Account value: $99,425.43
Cash: $2,352.13 | Holdings (14): {'CEG': '35.6034 sh (+1.36%)', 'CHD': '97.9637 sh (+0.01%)', 'COHR': '7.9896 sh (-4.69%)', 'CVX': '24.8836 sh (+1.17%)', 'GEHC': '0.6136 sh (-0.28%)', 'IVZ': '306.9138 sh (+1.21%)', 'LMT': '16.3555 sh (+0.32%)', 'MS': '43.8344 sh (-1.63%)', 'MSI': '21.1281 sh (-0.69%)', 'NUE': '36.5544 sh (-1.52%)', 'NVDA': '44.2888 sh (+0.48%)', 'NWS': '303.7199 sh (+1.75%)', 'STLD': '0.9216 sh (-2.54%)', 'WSM': '0.1026 sh (-1.61%)'}
Risk state: peak $99,703.60 | drawdown 0.28% | today -0.00% | halted: False
Market regime: NEUTRAL (position-size multiplier: 100% incl. circuit breaker 100%)
News: fetched 158, 0 new after dedup, 0 ticker(s) matched.
Quant pre-screen: 46/67 candidates passed.
Gemini proposed 2 trade(s) meeting the conviction bar.
Gemini calls used today (all models combined): 314
Market closed (overnight): queued 12 trade idea(s) for next-morning verification -- nothing submitted yet.
  -> queued WDC buy (conf 92, stop 485.0, tp 560.0)
  -> queued WFC buy (conf 91, stop 86.06, tp 97.76)
  -> queued HAS buy (conf 90, stop 89.34, tp 106.82)
  -> queued HUM buy (conf None, stop 354.57, tp 392.49)
  -> queued WDAY buy (conf 85, stop 188.0, tp 220.0)
  -> queued BAC buy (conf 85, stop 62.5, tp 67.5)
  -> queued HBAN buy (conf 85, stop 17.09, tp 19.45)
  -> queued TDY buy (conf 90, stop 650.0, tp 710.0)
  -> queued TYL buy (conf 90, stop 300.28, tp 355.0)
  -> queued TTWO buy (conf 92, stop 235.0, tp 265.00000000000006)
  -> queued TEL buy (conf None, stop 200.81, tp 221.8)
  -> queued LYB buy (conf None, stop 58.01, tp 64.365)
Dashboard watchlist synced (16 symbols) for news/headlines.
Ending portfolio value: $99,425.43
Trade journal: no closed trades yet
Performance: Total return -0.41% | Max drawdown 12.37% | Daily Sharpe 0.27 | Open positions: 14 | Equity $99,425.43
Timings: account: 0.0s | risk: 1.0s | decide: 1.9s | watchlist: 0.0s | perf: 0.1s

=== Run at 2026-08-15T17:30:35.033566 ===
Current time: 2026-08-15 01:30 PM EDT | Market open (per Alpaca): False | Session: CLOSED
Account value: $99,425.43
Cash: $2,352.13 | Holdings (14): {'CEG': '35.6034 sh (+1.36%)', 'CHD': '97.9637 sh (+0.01%)', 'COHR': '7.9896 sh (-4.69%)', 'CVX': '24.8836 sh (+1.17%)', 'GEHC': '0.6136 sh (-0.28%)', 'IVZ': '306.9138 sh (+1.21%)', 'LMT': '16.3555 sh (+0.32%)', 'MS': '43.8344 sh (-1.63%)', 'MSI': '21.1281 sh (-0.69%)', 'NUE': '36.5544 sh (-1.52%)', 'NVDA': '44.2888 sh (+0.48%)', 'NWS': '303.7199 sh (+1.75%)', 'STLD': '0.9216 sh (-2.54%)', 'WSM': '0.1026 sh (-1.61%)'}
Risk state: peak $99,703.60 | drawdown 0.28% | today -0.00% | halted: False
Market regime: NEUTRAL (position-size multiplier: 100% incl. circuit breaker 100%)
News: fetched 158, 0 new after dedup, 0 ticker(s) matched.
Quant pre-screen: 46/67 candidates passed.
Technical fallback (Gemini throttled/unavailable) proposed 49 trade(s) meeting the conviction bar.
Gemini calls used today (all models combined): 314
Market closed (overnight): queued 12 trade idea(s) for next-morning verification -- nothing submitted yet.
  -> queued WDC buy (conf 92, stop 485.0, tp 560.0)
  -> queued WFC buy (conf 91, stop 86.06, tp 97.76)
  -> queued HAS buy (conf 90, stop 89.34, tp 106.82)
  -> queued HUM buy (conf None, stop 354.57, tp 392.49)
  -> queued WDAY buy (conf 85, stop 188.0, tp 220.0)
  -> queued BAC buy (conf 85, stop 62.5, tp 67.5)
  -> queued HBAN buy (conf 85, stop 17.09, tp 19.45)
  -> queued TDY buy (conf None, stop 654.41, tp 697.61)
  -> queued TYL buy (conf None, stop 300.28, tp 334.89)
  -> queued TTWO buy (conf None, stop 228.4, tp 256.285)
  -> queued TEL buy (conf None, stop 200.81, tp 221.8)
  -> queued LYB buy (conf None, stop 58.01, tp 64.365)
Dashboard watchlist synced (60 symbols) for news/headlines.
Ending portfolio value: $99,425.43
Trade journal: no closed trades yet
Performance: Total return -0.41% | Max drawdown 12.37% | Daily Sharpe 0.27 | Open positions: 14 | Equity $99,425.43
Timings: account: 0.0s | risk: 3.8s | decide: 22.8s | watchlist: 0.3s | perf: 0.3s

=== Run at 2026-08-15T17:32:27.931099 ===
Current time: 2026-08-15 01:32 PM EDT | Market open (per Alpaca): False | Session: CLOSED
Account value: $99,425.43
Cash: $2,352.13 | Holdings (14): {'CEG': '35.6034 sh (+1.36%)', 'CHD': '97.9637 sh (+0.01%)', 'COHR': '7.9896 sh (-4.69%)', 'CVX': '24.8836 sh (+1.17%)', 'GEHC': '0.6136 sh (-0.28%)', 'IVZ': '306.9138 sh (+1.21%)', 'LMT': '16.3555 sh (+0.32%)', 'MS': '43.8344 sh (-1.63%)', 'MSI': '21.1281 sh (-0.69%)', 'NUE': '36.5544 sh (-1.52%)', 'NVDA': '44.2888 sh (+0.48%)', 'NWS': '303.7199 sh (+1.75%)', 'STLD': '0.9216 sh (-2.54%)', 'WSM': '0.1026 sh (-1.61%)'}
Risk state: peak $99,703.60 | drawdown 0.28% | today -0.00% | halted: False
Market regime: NEUTRAL (position-size multiplier: 100% incl. circuit breaker 100%)
News: fetched 158, 1 new after dedup, 0 ticker(s) matched.
Quant pre-screen: 46/67 candidates passed.
Gemini proposed 2 trade(s) meeting the conviction bar.
Gemini calls used today (all models combined): 315
Market closed (overnight): queued 12 trade idea(s) for next-morning verification -- nothing submitted yet.
  -> queued WDC buy (conf 92, stop 485.0, tp 560.0)
  -> queued WFC buy (conf 91, stop 86.06, tp 97.76)
  -> queued HAS buy (conf 90, stop 89.34, tp 106.82)
  -> queued HUM buy (conf None, stop 354.57, tp 392.49)
  -> queued WDAY buy (conf 85, stop 188.0, tp 220.0)
  -> queued BAC buy (conf 85, stop 62.5, tp 67.5)
  -> queued HBAN buy (conf 85, stop 17.09, tp 19.45)
  -> queued TDY buy (conf None, stop 654.41, tp 697.61)
  -> queued TYL buy (conf 91, stop 310.0, tp 355.0)
  -> queued TTWO buy (conf 88, stop 235.0, tp 270.0)
  -> queued TEL buy (conf None, stop 200.81, tp 221.8)
  -> queued LYB buy (conf None, stop 58.01, tp 64.365)
Dashboard watchlist synced (16 symbols) for news/headlines.
Ending portfolio value: $99,425.43
Trade journal: no closed trades yet
Performance: Total return -0.41% | Max drawdown 12.37% | Daily Sharpe 0.27 | Open positions: 14 | Equity $99,425.43
Timings: account: 0.0s | risk: 3.4s | decide: 3.5s | watchlist: 0.1s | perf: 0.2s

=== Run at 2026-08-15T17:34:26.867788 ===
Current time: 2026-08-15 01:34 PM EDT | Market open (per Alpaca): False | Session: CLOSED
Account value: $99,425.43
Cash: $2,352.13 | Holdings (14): {'CEG': '35.6034 sh (+1.36%)', 'CHD': '97.9637 sh (+0.01%)', 'COHR': '7.9896 sh (-4.69%)', 'CVX': '24.8836 sh (+1.17%)', 'GEHC': '0.6136 sh (-0.28%)', 'IVZ': '306.9138 sh (+1.21%)', 'LMT': '16.3555 sh (+0.32%)', 'MS': '43.8344 sh (-1.63%)', 'MSI': '21.1281 sh (-0.69%)', 'NUE': '36.5544 sh (-1.52%)', 'NVDA': '44.2888 sh (+0.48%)', 'NWS': '303.7199 sh (+1.75%)', 'STLD': '0.9216 sh (-2.54%)', 'WSM': '0.1026 sh (-1.61%)'}
Risk state: peak $99,703.60 | drawdown 0.28% | today -0.00% | halted: False
Market regime: NEUTRAL (position-size multiplier: 100% incl. circuit breaker 100%)
News: fetched 158, 0 new after dedup, 0 ticker(s) matched.
Quant pre-screen: 46/67 candidates passed.
Gemini proposed 2 trade(s) meeting the conviction bar.
Gemini calls used today (all models combined): 316
Market closed (overnight): queued 12 trade idea(s) for next-morning verification -- nothing submitted yet.
  -> queued WDC buy (conf 92, stop 485.0, tp 560.0)
  -> queued WFC buy (conf 91, stop 86.06, tp 97.76)
  -> queued HAS buy (conf 90, stop 89.34, tp 106.82)
  -> queued HUM buy (conf None, stop 354.57, tp 392.49)
  -> queued WDAY buy (conf 85, stop 188.0, tp 220.0)
  -> queued BAC buy (conf 85, stop 62.5, tp 67.5)
  -> queued HBAN buy (conf 85, stop 17.09, tp 19.45)
  -> queued TDY buy (conf None, stop 654.41, tp 697.61)
  -> queued TYL buy (conf 90, stop 312.0, tp 355.0)
  -> queued TTWO buy (conf 92, stop 235.0, tp 270.0)
  -> queued TEL buy (conf None, stop 200.81, tp 221.8)
  -> queued LYB buy (conf None, stop 58.01, tp 64.365)
Dashboard watchlist synced (16 symbols) for news/headlines.
Ending portfolio value: $99,425.43
Trade journal: no closed trades yet
Performance: Total return -0.41% | Max drawdown 12.37% | Daily Sharpe 0.27 | Open positions: 14 | Equity $99,425.43
Timings: account: 0.0s | risk: 3.2s | decide: 21.0s | watchlist: 0.1s | perf: 0.2s

=== Run at 2026-08-15T17:36:26.290731 ===
Current time: 2026-08-15 01:36 PM EDT | Market open (per Alpaca): False | Session: CLOSED
Account value: $99,425.43
Cash: $2,352.13 | Holdings (14): {'CEG': '35.6034 sh (+1.36%)', 'CHD': '97.9637 sh (+0.01%)', 'COHR': '7.9896 sh (-4.69%)', 'CVX': '24.8836 sh (+1.17%)', 'GEHC': '0.6136 sh (-0.28%)', 'IVZ': '306.9138 sh (+1.21%)', 'LMT': '16.3555 sh (+0.32%)', 'MS': '43.8344 sh (-1.63%)', 'MSI': '21.1281 sh (-0.69%)', 'NUE': '36.5544 sh (-1.52%)', 'NVDA': '44.2888 sh (+0.48%)', 'NWS': '303.7199 sh (+1.75%)', 'STLD': '0.9216 sh (-2.54%)', 'WSM': '0.1026 sh (-1.61%)'}
Risk state: peak $99,703.60 | drawdown 0.28% | today -0.00% | halted: False
Market regime: NEUTRAL (position-size multiplier: 100% incl. circuit breaker 100%)
News: fetched 158, 4 new after dedup, 0 ticker(s) matched.
Quant pre-screen: 46/67 candidates passed.
Gemini proposed 3 trade(s) meeting the conviction bar.
Gemini calls used today (all models combined): 317
Market closed (overnight): queued 12 trade idea(s) for next-morning verification -- nothing submitted yet.
  -> queued WDC buy (conf 92, stop 485.0, tp 560.0)
  -> queued WFC buy (conf 91, stop 86.06, tp 97.76)
  -> queued HAS buy (conf 90, stop 89.34, tp 106.82)
  -> queued HUM buy (conf None, stop 354.57, tp 392.49)
  -> queued WDAY buy (conf 85, stop 188.0, tp 220.0)
  -> queued BAC buy (conf 85, stop 62.5, tp 67.5)
  -> queued HBAN buy (conf 85, stop 17.09, tp 19.45)
  -> queued TDY buy (conf 91, stop 660.0, tp 720.0)
  -> queued TYL buy (conf 92, stop 315.0, tp 355.0)
  -> queued TTWO buy (conf 90, stop 235.0, tp 270.0)
  -> queued TEL buy (conf None, stop 200.81, tp 221.8)
  -> queued LYB buy (conf None, stop 58.01, tp 64.365)
Dashboard watchlist synced (17 symbols) for news/headlines.
Ending portfolio value: $99,425.43
Trade journal: no closed trades yet
Performance: Total return -0.41% | Max drawdown 12.37% | Daily Sharpe 0.27 | Open positions: 14 | Equity $99,425.43
Timings: account: 0.0s | risk: 3.4s | decide: 4.0s | watchlist: 0.1s | perf: 0.2s

=== Run at 2026-08-15T17:38:30.477674 ===
Current time: 2026-08-15 01:38 PM EDT | Market open (per Alpaca): False | Session: CLOSED
Account value: $99,425.43
Cash: $2,352.13 | Holdings (14): {'CEG': '35.6034 sh (+1.36%)', 'CHD': '97.9637 sh (+0.01%)', 'COHR': '7.9896 sh (-4.69%)', 'CVX': '24.8836 sh (+1.17%)', 'GEHC': '0.6136 sh (-0.28%)', 'IVZ': '306.9138 sh (+1.21%)', 'LMT': '16.3555 sh (+0.32%)', 'MS': '43.8344 sh (-1.63%)', 'MSI': '21.1281 sh (-0.69%)', 'NUE': '36.5544 sh (-1.52%)', 'NVDA': '44.2888 sh (+0.48%)', 'NWS': '303.7199 sh (+1.75%)', 'STLD': '0.9216 sh (-2.54%)', 'WSM': '0.1026 sh (-1.61%)'}
Risk state: peak $99,703.60 | drawdown 0.28% | today -0.00% | halted: False
Market regime: NEUTRAL (position-size multiplier: 100% incl. circuit breaker 100%)
News: fetched 158, 0 new after dedup, 0 ticker(s) matched.
Quant pre-screen: 46/67 candidates passed.
Gemini proposed 2 trade(s) meeting the conviction bar.
Gemini calls used today (all models combined): 318
Market closed (overnight): queued 12 trade idea(s) for next-morning verification -- nothing submitted yet.
  -> queued WDC buy (conf 92, stop 485.0, tp 560.0)
  -> queued WFC buy (conf 91, stop 86.06, tp 97.76)
  -> queued HAS buy (conf 90, stop 89.34, tp 106.82)
  -> queued HUM buy (conf None, stop 354.57, tp 392.49)
  -> queued WDAY buy (conf 85, stop 188.0, tp 220.0)
  -> queued BAC buy (conf 85, stop 62.5, tp 67.5)
  -> queued HBAN buy (conf 85, stop 17.09, tp 19.45)
  -> queued TDY buy (conf 80, stop 654.41, tp 697.61)
  -> queued TYL buy (conf 92, stop 315.0, tp 355.0)
  -> queued TTWO buy (conf 80, stop 228.4, tp 256.29)
  -> queued TEL buy (conf None, stop 200.81, tp 221.8)
  -> queued LYB buy (conf None, stop 58.01, tp 64.365)
Dashboard watchlist synced (16 symbols) for news/headlines.
Ending portfolio value: $99,425.43
Trade journal: no closed trades yet
Performance: Total return -0.41% | Max drawdown 12.37% | Daily Sharpe 0.27 | Open positions: 14 | Equity $99,425.43
Timings: account: 0.0s | risk: 2.2s | decide: 3.0s | watchlist: 0.1s | perf: 0.2s

=== Run at 2026-08-15T17:40:31.223780 ===
Current time: 2026-08-15 01:40 PM EDT | Market open (per Alpaca): False | Session: CLOSED
Account value: $99,425.43
Cash: $2,352.13 | Holdings (14): {'CEG': '35.6034 sh (+1.36%)', 'CHD': '97.9637 sh (+0.01%)', 'COHR': '7.9896 sh (-4.69%)', 'CVX': '24.8836 sh (+1.17%)', 'GEHC': '0.6136 sh (-0.28%)', 'IVZ': '306.9138 sh (+1.21%)', 'LMT': '16.3555 sh (+0.32%)', 'MS': '43.8344 sh (-1.63%)', 'MSI': '21.1281 sh (-0.69%)', 'NUE': '36.5544 sh (-1.52%)', 'NVDA': '44.2888 sh (+0.48%)', 'NWS': '303.7199 sh (+1.75%)', 'STLD': '0.9216 sh (-2.54%)', 'WSM': '0.1026 sh (-1.61%)'}
Risk state: peak $99,703.60 | drawdown 0.28% | today -0.00% | halted: False
Market regime: NEUTRAL (position-size multiplier: 100% incl. circuit breaker 100%)
News: fetched 158, 1 new after dedup, 0 ticker(s) matched.
Quant pre-screen: 46/67 candidates passed.
Gemini proposed 3 trade(s) meeting the conviction bar.
Gemini calls used today (all models combined): 319
Market closed (overnight): queued 12 trade idea(s) for next-morning verification -- nothing submitted yet.
  -> queued WDC buy (conf 92, stop 485.0, tp 560.0)
  -> queued TYL buy (conf 92, stop 300.28, tp 334.89)
  -> queued WFC buy (conf 91, stop 86.06, tp 97.76)
  -> queued HAS buy (conf 90, stop 89.34, tp 106.82)
  -> queued TTWO buy (conf 90, stop 228.4, tp 256.29)
  -> queued HUM buy (conf None, stop 354.57, tp 392.49)
  -> queued WDAY buy (conf 85, stop 188.0, tp 220.0)
  -> queued BAC buy (conf 85, stop 62.5, tp 67.5)
  -> queued HBAN buy (conf 85, stop 17.09, tp 19.45)
  -> queued NDAQ buy (conf 83, stop 93.23, tp 101.78)
  -> queued TDY buy (conf 80, stop 654.41, tp 697.61)
  -> queued TEL buy (conf None, stop 200.81, tp 221.8)
Dashboard watchlist synced (17 symbols) for news/headlines.
Ending portfolio value: $99,425.43
Trade journal: no closed trades yet
Performance: Total return -0.41% | Max drawdown 12.37% | Daily Sharpe 0.27 | Open positions: 14 | Equity $99,425.43
Timings: account: 0.0s | risk: 1.2s | decide: 22.8s | watchlist: 0.0s | perf: 0.1s

=== Run at 2026-08-15T17:42:24.723491 ===
Current time: 2026-08-15 01:42 PM EDT | Market open (per Alpaca): False | Session: CLOSED
Account value: $99,425.43
Cash: $2,352.13 | Holdings (14): {'CEG': '35.6034 sh (+1.36%)', 'CHD': '97.9637 sh (+0.01%)', 'COHR': '7.9896 sh (-4.69%)', 'CVX': '24.8836 sh (+1.17%)', 'GEHC': '0.6136 sh (-0.28%)', 'IVZ': '306.9138 sh (+1.21%)', 'LMT': '16.3555 sh (+0.32%)', 'MS': '43.8344 sh (-1.63%)', 'MSI': '21.1281 sh (-0.69%)', 'NUE': '36.5544 sh (-1.52%)', 'NVDA': '44.2888 sh (+0.48%)', 'NWS': '303.7199 sh (+1.75%)', 'STLD': '0.9216 sh (-2.54%)', 'WSM': '0.1026 sh (-1.61%)'}
Risk state: peak $99,703.60 | drawdown 0.28% | today -0.00% | halted: False
Market regime: NEUTRAL (position-size multiplier: 100% incl. circuit breaker 100%)
News: fetched 158, 1 new after dedup, 0 ticker(s) matched.
Quant pre-screen: 46/67 candidates passed.
Gemini proposed 3 trade(s) meeting the conviction bar.
Gemini calls used today (all models combined): 320
Market closed (overnight): queued 12 trade idea(s) for next-morning verification -- nothing submitted yet.
  -> queued WDC buy (conf 92, stop 485.0, tp 560.0)
  -> queued TYL buy (conf 92, stop 315.0, tp 355.0)
  -> queued WFC buy (conf 91, stop 86.06, tp 97.76)
  -> queued HAS buy (conf 90, stop 89.34, tp 106.82)
  -> queued TTWO buy (conf 90, stop 235.0, tp 270.0)
  -> queued HUM buy (conf None, stop 354.57, tp 392.49)
  -> queued WDAY buy (conf 85, stop 188.0, tp 220.0)
  -> queued BAC buy (conf 85, stop 62.5, tp 67.5)
  -> queued HBAN buy (conf 85, stop 17.09, tp 19.45)
  -> queued NDAQ buy (conf 83, stop 93.23, tp 101.78)
  -> queued TDY buy (conf 85, stop 660.0, tp 715.0)
  -> queued TEL buy (conf None, stop 200.81, tp 221.8)
Dashboard watchlist synced (17 symbols) for news/headlines.
Ending portfolio value: $99,425.43
Trade journal: no closed trades yet
Performance: Total return -0.41% | Max drawdown 12.37% | Daily Sharpe 0.27 | Open positions: 14 | Equity $99,425.43
Timings: account: 0.0s | risk: 3.5s | decide: 4.8s | watchlist: 0.1s | perf: 0.2s

=== Run at 2026-08-15T17:44:24.980792 ===
Current time: 2026-08-15 01:44 PM EDT | Market open (per Alpaca): False | Session: CLOSED
Account value: $99,425.43
Cash: $2,352.13 | Holdings (14): {'CEG': '35.6034 sh (+1.36%)', 'CHD': '97.9637 sh (+0.01%)', 'COHR': '7.9896 sh (-4.69%)', 'CVX': '24.8836 sh (+1.17%)', 'GEHC': '0.6136 sh (-0.28%)', 'IVZ': '306.9138 sh (+1.21%)', 'LMT': '16.3555 sh (+0.32%)', 'MS': '43.8344 sh (-1.63%)', 'MSI': '21.1281 sh (-0.69%)', 'NUE': '36.5544 sh (-1.52%)', 'NVDA': '44.2888 sh (+0.48%)', 'NWS': '303.7199 sh (+1.75%)', 'STLD': '0.9216 sh (-2.54%)', 'WSM': '0.1026 sh (-1.61%)'}
Risk state: peak $99,703.60 | drawdown 0.28% | today -0.00% | halted: False
Market regime: NEUTRAL (position-size multiplier: 100% incl. circuit breaker 100%)
News: fetched 158, 3 new after dedup, 0 ticker(s) matched.
Quant pre-screen: 46/67 candidates passed.
Gemini proposed 3 trade(s) meeting the conviction bar.
Gemini calls used today (all models combined): 321
Market closed (overnight): queued 12 trade idea(s) for next-morning verification -- nothing submitted yet.
  -> queued WDC buy (conf 92, stop 485.0, tp 560.0)
  -> queued TYL buy (conf 92, stop 315.0, tp 355.0)
  -> queued WFC buy (conf 91, stop 86.06, tp 97.76)
  -> queued HAS buy (conf 90, stop 89.34, tp 106.82)
  -> queued TTWO buy (conf 90, stop 239.0, tp 265.0)
  -> queued HUM buy (conf None, stop 354.57, tp 392.49)
  -> queued WDAY buy (conf 85, stop 188.0, tp 220.0)
  -> queued BAC buy (conf 85, stop 62.5, tp 67.5)
  -> queued HBAN buy (conf 85, stop 17.09, tp 19.45)
  -> queued NDAQ buy (conf 83, stop 93.23, tp 101.78)
  -> queued TDY buy (conf 90, stop 664.0, tp 715.0)
  -> queued TEL buy (conf None, stop 200.81, tp 221.8)
Dashboard watchlist synced (17 symbols) for news/headlines.
Ending portfolio value: $99,425.43
Trade journal: no closed trades yet
Performance: Total return -0.41% | Max drawdown 12.37% | Daily Sharpe 0.27 | Open positions: 14 | Equity $99,425.43
Timings: account: 0.0s | risk: 0.7s | decide: 2.4s | watchlist: 0.0s | perf: 0.1s

=== Run at 2026-08-15T17:46:24.573766 ===
Current time: 2026-08-15 01:46 PM EDT | Market open (per Alpaca): False | Session: CLOSED
Account value: $99,425.43
Cash: $2,352.13 | Holdings (14): {'CEG': '35.6034 sh (+1.36%)', 'CHD': '97.9637 sh (+0.01%)', 'COHR': '7.9896 sh (-4.69%)', 'CVX': '24.8836 sh (+1.17%)', 'GEHC': '0.6136 sh (-0.28%)', 'IVZ': '306.9138 sh (+1.21%)', 'LMT': '16.3555 sh (+0.32%)', 'MS': '43.8344 sh (-1.63%)', 'MSI': '21.1281 sh (-0.69%)', 'NUE': '36.5544 sh (-1.52%)', 'NVDA': '44.2888 sh (+0.48%)', 'NWS': '303.7199 sh (+1.75%)', 'STLD': '0.9216 sh (-2.54%)', 'WSM': '0.1026 sh (-1.61%)'}
Risk state: peak $99,703.60 | drawdown 0.28% | today -0.00% | halted: False
Market regime: NEUTRAL (position-size multiplier: 100% incl. circuit breaker 100%)
News: fetched 158, 2 new after dedup, 0 ticker(s) matched.
Quant pre-screen: 46/67 candidates passed.
Gemini proposed 3 trade(s) meeting the conviction bar.
Gemini calls used today (all models combined): 322
Market closed (overnight): queued 12 trade idea(s) for next-morning verification -- nothing submitted yet.
  -> queued WDC buy (conf 92, stop 485.0, tp 560.0)
  -> queued TYL buy (conf 92, stop 315.0, tp 355.00000000000006)
  -> queued WFC buy (conf 91, stop 86.06, tp 97.76)
  -> queued HAS buy (conf 90, stop 89.34, tp 106.82)
  -> queued TTWO buy (conf 90, stop 235.0, tp 275.0)
  -> queued HUM buy (conf None, stop 354.57, tp 392.49)
  -> queued WDAY buy (conf 85, stop 188.0, tp 220.0)
  -> queued BAC buy (conf 85, stop 62.5, tp 67.5)
  -> queued HBAN buy (conf 85, stop 17.09, tp 19.45)
  -> queued NDAQ buy (conf 83, stop 93.23, tp 101.78)
  -> queued TDY buy (conf 91, stop 655.0, tp 725.0)
  -> queued TEL buy (conf None, stop 200.81, tp 221.8)
Dashboard watchlist synced (17 symbols) for news/headlines.
Ending portfolio value: $99,425.43
Trade journal: no closed trades yet
Performance: Total return -0.41% | Max drawdown 12.37% | Daily Sharpe 0.27 | Open positions: 14 | Equity $99,425.43
Timings: account: 0.0s | risk: 2.2s | decide: 3.5s | watchlist: 0.1s | perf: 0.1s

=== Run at 2026-08-15T17:48:25.638789 ===
Current time: 2026-08-15 01:48 PM EDT | Market open (per Alpaca): False | Session: CLOSED
Account value: $99,425.43
Cash: $2,352.13 | Holdings (14): {'CEG': '35.6034 sh (+1.36%)', 'CHD': '97.9637 sh (+0.01%)', 'COHR': '7.9896 sh (-4.69%)', 'CVX': '24.8836 sh (+1.17%)', 'GEHC': '0.6136 sh (-0.28%)', 'IVZ': '306.9138 sh (+1.21%)', 'LMT': '16.3555 sh (+0.32%)', 'MS': '43.8344 sh (-1.63%)', 'MSI': '21.1281 sh (-0.69%)', 'NUE': '36.5544 sh (-1.52%)', 'NVDA': '44.2888 sh (+0.48%)', 'NWS': '303.7199 sh (+1.75%)', 'STLD': '0.9216 sh (-2.54%)', 'WSM': '0.1026 sh (-1.61%)'}
Risk state: peak $99,703.60 | drawdown 0.28% | today -0.00% | halted: False
Market regime: NEUTRAL (position-size multiplier: 100% incl. circuit breaker 100%)
News: fetched 158, 0 new after dedup, 0 ticker(s) matched.
Quant pre-screen: 46/67 candidates passed.
Gemini proposed 3 trade(s) meeting the conviction bar.
Gemini calls used today (all models combined): 323
Market closed (overnight): queued 12 trade idea(s) for next-morning verification -- nothing submitted yet.
  -> queued WDC buy (conf 92, stop 485.0, tp 560.0)
  -> queued TYL buy (conf 92, stop 310.0, tp None)
  -> queued WFC buy (conf 91, stop 86.06, tp 97.76)
  -> queued HAS buy (conf 90, stop 89.34, tp 106.82)
  -> queued TTWO buy (conf 91, stop 235.0, tp 270.0)
  -> queued HUM buy (conf None, stop 354.57, tp 392.49)
  -> queued WDAY buy (conf 85, stop 188.0, tp 220.0)
  -> queued BAC buy (conf 85, stop 62.5, tp 67.5)
  -> queued HBAN buy (conf 85, stop 17.09, tp 19.45)
  -> queued NDAQ buy (conf 83, stop 93.23, tp 101.78)
  -> queued TDY buy (conf 90, stop 660.0, tp 720.0)
  -> queued TEL buy (conf None, stop 200.81, tp 221.8)
Dashboard watchlist synced (17 symbols) for news/headlines.
Ending portfolio value: $99,425.43
Trade journal: no closed trades yet
Performance: Total return -0.41% | Max drawdown 12.37% | Daily Sharpe 0.27 | Open positions: 14 | Equity $99,425.43
Timings: account: 0.0s | risk: 0.7s | decide: 2.5s | watchlist: 0.0s | perf: 0.1s

=== Run at 2026-08-15T17:50:28.969106 ===
Current time: 2026-08-15 01:50 PM EDT | Market open (per Alpaca): False | Session: CLOSED
Account value: $99,425.43
Cash: $2,352.13 | Holdings (14): {'CEG': '35.6034 sh (+1.36%)', 'CHD': '97.9637 sh (+0.01%)', 'COHR': '7.9896 sh (-4.69%)', 'CVX': '24.8836 sh (+1.17%)', 'GEHC': '0.6136 sh (-0.28%)', 'IVZ': '306.9138 sh (+1.21%)', 'LMT': '16.3555 sh (+0.32%)', 'MS': '43.8344 sh (-1.63%)', 'MSI': '21.1281 sh (-0.69%)', 'NUE': '36.5544 sh (-1.52%)', 'NVDA': '44.2888 sh (+0.48%)', 'NWS': '303.7199 sh (+1.75%)', 'STLD': '0.9216 sh (-2.54%)', 'WSM': '0.1026 sh (-1.61%)'}
Risk state: peak $99,703.60 | drawdown 0.28% | today -0.00% | halted: False
Market regime: NEUTRAL (position-size multiplier: 100% incl. circuit breaker 100%)
News: fetched 158, 0 new after dedup, 0 ticker(s) matched.
Quant pre-screen: 46/67 candidates passed.
Gemini proposed 3 trade(s) meeting the conviction bar.
Gemini calls used today (all models combined): 324
Market closed (overnight): queued 12 trade idea(s) for next-morning verification -- nothing submitted yet.
  -> queued WDC buy (conf 92, stop 485.0, tp 560.0)
  -> queued TYL buy (conf 90, stop 315.0, tp 355.0)
  -> queued WFC buy (conf 91, stop 86.06, tp 97.76)
  -> queued HAS buy (conf 90, stop 89.34, tp 106.82)
  -> queued TTWO buy (conf 92, stop 235.0, tp 270.0)
  -> queued HUM buy (conf None, stop 354.57, tp 392.49)
  -> queued WDAY buy (conf 85, stop 188.0, tp 220.0)
  -> queued BAC buy (conf 85, stop 62.5, tp 67.5)
  -> queued HBAN buy (conf 85, stop 17.09, tp 19.45)
  -> queued NDAQ buy (conf 83, stop 93.23, tp 101.78)
  -> queued TDY buy (conf 90, stop 660.0, tp 720.0)
  -> queued TEL buy (conf None, stop 200.81, tp 221.8)
Dashboard watchlist synced (17 symbols) for news/headlines.
Ending portfolio value: $99,425.43
Trade journal: no closed trades yet
Performance: Total return -0.41% | Max drawdown 12.37% | Daily Sharpe 0.27 | Open positions: 14 | Equity $99,425.43
Timings: account: 0.0s | risk: 1.9s | decide: 2.7s | watchlist: 0.1s | perf: 0.1s

=== Run at 2026-08-15T17:52:26.774648 ===
Current time: 2026-08-15 01:52 PM EDT | Market open (per Alpaca): False | Session: CLOSED
Account value: $99,425.43
Cash: $2,352.13 | Holdings (14): {'CEG': '35.6034 sh (+1.36%)', 'CHD': '97.9637 sh (+0.01%)', 'COHR': '7.9896 sh (-4.69%)', 'CVX': '24.8836 sh (+1.17%)', 'GEHC': '0.6136 sh (-0.28%)', 'IVZ': '306.9138 sh (+1.21%)', 'LMT': '16.3555 sh (+0.32%)', 'MS': '43.8344 sh (-1.63%)', 'MSI': '21.1281 sh (-0.69%)', 'NUE': '36.5544 sh (-1.52%)', 'NVDA': '44.2888 sh (+0.48%)', 'NWS': '303.7199 sh (+1.75%)', 'STLD': '0.9216 sh (-2.54%)', 'WSM': '0.1026 sh (-1.61%)'}
Risk state: peak $99,703.60 | drawdown 0.28% | today -0.00% | halted: False
Market regime: NEUTRAL (position-size multiplier: 100% incl. circuit breaker 100%)
News: fetched 119, 0 new after dedup, 0 ticker(s) matched.
Quant pre-screen: 46/67 candidates passed.
Gemini proposed 2 trade(s) meeting the conviction bar.
Gemini calls used today (all models combined): 325
Market closed (overnight): queued 12 trade idea(s) for next-morning verification -- nothing submitted yet.
  -> queued WDC buy (conf 92, stop 485.0, tp 560.0)
  -> queued TYL buy (conf 90, stop 310.0, tp None)
  -> queued WFC buy (conf 91, stop 86.06, tp 97.76)
  -> queued HAS buy (conf 90, stop 89.34, tp 106.82)
  -> queued TTWO buy (conf 92, stop 235.0, tp 270.0)
  -> queued HUM buy (conf None, stop 354.57, tp 392.49)
  -> queued WDAY buy (conf 85, stop 188.0, tp 220.0)
  -> queued BAC buy (conf 85, stop 62.5, tp 67.5)
  -> queued HBAN buy (conf 85, stop 17.09, tp 19.45)
  -> queued NDAQ buy (conf 83, stop 93.23, tp 101.78)
  -> queued TDY buy (conf 85, stop 655.0, tp 725.0)
  -> queued TEL buy (conf None, stop 200.81, tp 221.8)
Dashboard watchlist synced (16 symbols) for news/headlines.
Ending portfolio value: $99,425.43
Trade journal: no closed trades yet
Performance: Total return -0.41% | Max drawdown 12.37% | Daily Sharpe 0.27 | Open positions: 14 | Equity $99,425.43
Timings: account: 0.0s | risk: 0.8s | decide: 7.3s | watchlist: 0.0s | perf: 0.1s

=== Run at 2026-08-15T17:54:25.057425 ===
Current time: 2026-08-15 01:54 PM EDT | Market open (per Alpaca): False | Session: CLOSED
Account value: $99,425.43
Cash: $2,352.13 | Holdings (14): {'CEG': '35.6034 sh (+1.36%)', 'CHD': '97.9637 sh (+0.01%)', 'COHR': '7.9896 sh (-4.69%)', 'CVX': '24.8836 sh (+1.17%)', 'GEHC': '0.6136 sh (-0.28%)', 'IVZ': '306.9138 sh (+1.21%)', 'LMT': '16.3555 sh (+0.32%)', 'MS': '43.8344 sh (-1.63%)', 'MSI': '21.1281 sh (-0.69%)', 'NUE': '36.5544 sh (-1.52%)', 'NVDA': '44.2888 sh (+0.48%)', 'NWS': '303.7199 sh (+1.75%)', 'STLD': '0.9216 sh (-2.54%)', 'WSM': '0.1026 sh (-1.61%)'}
Risk state: peak $99,703.60 | drawdown 0.28% | today -0.00% | halted: False
Market regime: NEUTRAL (position-size multiplier: 100% incl. circuit breaker 100%)
News: fetched 157, 1 new after dedup, 0 ticker(s) matched.
Quant pre-screen: 46/67 candidates passed.
Gemini proposed 3 trade(s) meeting the conviction bar.
Gemini calls used today (all models combined): 326
Market closed (overnight): queued 12 trade idea(s) for next-morning verification -- nothing submitted yet.
  -> queued WDC buy (conf 92, stop 485.0, tp 560.0)
  -> queued TYL buy (conf 82, stop 315.0, tp 334.89)
  -> queued WFC buy (conf 91, stop 86.06, tp 97.76)
  -> queued HAS buy (conf 90, stop 89.34, tp 106.82)
  -> queued TTWO buy (conf 90, stop 235.0, tp 265.00000000000006)
  -> queued HUM buy (conf None, stop 354.57, tp 392.49)
  -> queued WDAY buy (conf 85, stop 188.0, tp 220.0)
  -> queued BAC buy (conf 85, stop 62.5, tp 67.5)
  -> queued HBAN buy (conf 85, stop 17.09, tp 19.45)
  -> queued NDAQ buy (conf 83, stop 93.23, tp 101.78)
  -> queued TDY buy (conf 85, stop 655.0, tp 697.6100000000001)
  -> queued TEL buy (conf None, stop 200.81, tp 221.8)
Dashboard watchlist synced (17 symbols) for news/headlines.
Ending portfolio value: $99,425.43
Trade journal: no closed trades yet
Performance: Total return -0.41% | Max drawdown 12.37% | Daily Sharpe 0.27 | Open positions: 14 | Equity $99,425.43
Timings: account: 0.0s | risk: 1.6s | decide: 2.5s | watchlist: 0.1s | perf: 0.1s

=== Run at 2026-08-15T17:56:28.736960 ===
Current time: 2026-08-15 01:56 PM EDT | Market open (per Alpaca): False | Session: CLOSED
Account value: $99,425.43
Cash: $2,352.13 | Holdings (14): {'CEG': '35.6034 sh (+1.36%)', 'CHD': '97.9637 sh (+0.01%)', 'COHR': '7.9896 sh (-4.69%)', 'CVX': '24.8836 sh (+1.17%)', 'GEHC': '0.6136 sh (-0.28%)', 'IVZ': '306.9138 sh (+1.21%)', 'LMT': '16.3555 sh (+0.32%)', 'MS': '43.8344 sh (-1.63%)', 'MSI': '21.1281 sh (-0.69%)', 'NUE': '36.5544 sh (-1.52%)', 'NVDA': '44.2888 sh (+0.48%)', 'NWS': '303.7199 sh (+1.75%)', 'STLD': '0.9216 sh (-2.54%)', 'WSM': '0.1026 sh (-1.61%)'}
Risk state: peak $99,703.60 | drawdown 0.28% | today -0.00% | halted: False
Market regime: NEUTRAL (position-size multiplier: 100% incl. circuit breaker 100%)
News: fetched 158, 0 new after dedup, 0 ticker(s) matched.
Quant pre-screen: 46/67 candidates passed.
Gemini proposed 2 trade(s) meeting the conviction bar.
Gemini calls used today (all models combined): 327
Market closed (overnight): queued 12 trade idea(s) for next-morning verification -- nothing submitted yet.
  -> queued WDC buy (conf 92, stop 485.0, tp 560.0)
  -> queued TYL buy (conf 90, stop 300.28, tp 334.89)
  -> queued WFC buy (conf 91, stop 86.06, tp 97.76)
  -> queued HAS buy (conf 90, stop 89.34, tp 106.82)
  -> queued TTWO buy (conf 90, stop 235.0, tp 265.00000000000006)
  -> queued HUM buy (conf None, stop 354.57, tp 392.49)
  -> queued WDAY buy (conf 85, stop 188.0, tp 220.0)
  -> queued BAC buy (conf 85, stop 62.5, tp 67.5)
  -> queued HBAN buy (conf 85, stop 17.09, tp 19.45)
  -> queued NDAQ buy (conf 83, stop 93.23, tp 101.78)
  -> queued TDY buy (conf 90, stop 654.41, tp 697.61)
  -> queued TEL buy (conf None, stop 200.81, tp 221.8)
Dashboard watchlist synced (16 symbols) for news/headlines.
Ending portfolio value: $99,425.43
Trade journal: no closed trades yet
Performance: Total return -0.41% | Max drawdown 12.37% | Daily Sharpe 0.27 | Open positions: 14 | Equity $99,425.43
Timings: account: 0.0s | risk: 3.8s | decide: 3.7s | watchlist: 0.1s | perf: 0.2s

=== Run at 2026-08-15T17:58:23.565199 ===
Current time: 2026-08-15 01:58 PM EDT | Market open (per Alpaca): False | Session: CLOSED
Account value: $99,425.43
Cash: $2,352.13 | Holdings (14): {'CEG': '35.6034 sh (+1.36%)', 'CHD': '97.9637 sh (+0.01%)', 'COHR': '7.9896 sh (-4.69%)', 'CVX': '24.8836 sh (+1.17%)', 'GEHC': '0.6136 sh (-0.28%)', 'IVZ': '306.9138 sh (+1.21%)', 'LMT': '16.3555 sh (+0.32%)', 'MS': '43.8344 sh (-1.63%)', 'MSI': '21.1281 sh (-0.69%)', 'NUE': '36.5544 sh (-1.52%)', 'NVDA': '44.2888 sh (+0.48%)', 'NWS': '303.7199 sh (+1.75%)', 'STLD': '0.9216 sh (-2.54%)', 'WSM': '0.1026 sh (-1.61%)'}
Risk state: peak $99,703.60 | drawdown 0.28% | today -0.00% | halted: False
Market regime: NEUTRAL (position-size multiplier: 100% incl. circuit breaker 100%)
News: fetched 157, 0 new after dedup, 0 ticker(s) matched.
Quant pre-screen: 46/67 candidates passed.
Gemini proposed 3 trade(s) meeting the conviction bar.
Gemini calls used today (all models combined): 328
Market closed (overnight): queued 12 trade idea(s) for next-morning verification -- nothing submitted yet.
  -> queued WDC buy (conf 92, stop 485.0, tp 560.0)
  -> queued TYL buy (conf 80, stop 300.28, tp 355.0)
  -> queued WFC buy (conf 91, stop 86.06, tp 97.76)
  -> queued HAS buy (conf 90, stop 89.34, tp 106.82)
  -> queued TTWO buy (conf 82, stop 228.4, tp 265.0)
  -> queued HUM buy (conf None, stop 354.57, tp 392.49)
  -> queued WDAY buy (conf 85, stop 188.0, tp 220.0)
  -> queued BAC buy (conf 85, stop 62.5, tp 67.5)
  -> queued HBAN buy (conf 85, stop 17.09, tp 19.45)
  -> queued NDAQ buy (conf 83, stop 93.23, tp 101.78)
  -> queued TDY buy (conf 85, stop 654.41, tp 715.0)
  -> queued TEL buy (conf None, stop 200.81, tp 221.8)
Dashboard watchlist synced (17 symbols) for news/headlines.
Ending portfolio value: $99,425.43
Trade journal: no closed trades yet
Performance: Total return -0.41% | Max drawdown 12.37% | Daily Sharpe 0.27 | Open positions: 14 | Equity $99,425.43
Timings: account: 0.0s | risk: 1.9s | decide: 3.1s | watchlist: 0.1s | perf: 0.1s

=== Run at 2026-08-15T18:00:38.006963 ===
Current time: 2026-08-15 02:00 PM EDT | Market open (per Alpaca): False | Session: CLOSED
Account value: $99,425.43
Cash: $2,352.13 | Holdings (14): {'CEG': '35.6034 sh (+1.36%)', 'CHD': '97.9637 sh (+0.01%)', 'COHR': '7.9896 sh (-4.69%)', 'CVX': '24.8836 sh (+1.17%)', 'GEHC': '0.6136 sh (-0.28%)', 'IVZ': '306.9138 sh (+1.21%)', 'LMT': '16.3555 sh (+0.32%)', 'MS': '43.8344 sh (-1.63%)', 'MSI': '21.1281 sh (-0.69%)', 'NUE': '36.5544 sh (-1.52%)', 'NVDA': '44.2888 sh (+0.48%)', 'NWS': '303.7199 sh (+1.75%)', 'STLD': '0.9216 sh (-2.54%)', 'WSM': '0.1026 sh (-1.61%)'}
Risk state: peak $99,703.60 | drawdown 0.28% | today -0.00% | halted: False
Market regime: NEUTRAL (position-size multiplier: 100% incl. circuit breaker 100%)
News: fetched 157, 0 new after dedup, 0 ticker(s) matched.
Quant pre-screen: 13/19 candidates passed.
Gemini proposed 3 trade(s) meeting the conviction bar.
Gemini calls used today (all models combined): 329
Market closed (overnight): queued 12 trade idea(s) for next-morning verification -- nothing submitted yet.
  -> queued WDC buy (conf 92, stop 485.0, tp 560.0)
  -> queued WFC buy (conf 91, stop 86.06, tp 97.76)
  -> queued HAS buy (conf 90, stop 89.34, tp 106.82)
  -> queued HUM buy (conf None, stop 354.57, tp 392.49)
  -> queued TTWO buy (conf 85, stop 228.4, tp None)
  -> queued WDAY buy (conf 85, stop 188.0, tp 220.0)
  -> queued BAC buy (conf 85, stop 62.5, tp 67.5)
  -> queued HBAN buy (conf 85, stop 17.09, tp 19.45)
  -> queued TDY buy (conf 85, stop 654.41, tp None)
  -> queued NDAQ buy (conf 83, stop 93.23, tp 101.78)
  -> queued TYL buy (conf 80, stop 300.28, tp 355.0)
  -> queued LYB buy (conf 80, stop 58.01, tp None)
Dashboard watchlist synced (17 symbols) for news/headlines.
Ending portfolio value: $99,425.43
Trade journal: no closed trades yet
Performance: Total return -0.41% | Max drawdown 12.37% | Daily Sharpe 0.27 | Open positions: 14 | Equity $99,425.43
Timings: account: 0.0s | risk: 3.6s | decide: 11.8s | watchlist: 0.1s | perf: 0.2s

=== Run at 2026-08-15T18:02:28.072596 ===
Current time: 2026-08-15 02:02 PM EDT | Market open (per Alpaca): False | Session: CLOSED
Account value: $99,425.43
Cash: $2,352.13 | Holdings (14): {'CEG': '35.6034 sh (+1.36%)', 'CHD': '97.9637 sh (+0.01%)', 'COHR': '7.9896 sh (-4.69%)', 'CVX': '24.8836 sh (+1.17%)', 'GEHC': '0.6136 sh (-0.28%)', 'IVZ': '306.9138 sh (+1.21%)', 'LMT': '16.3555 sh (+0.32%)', 'MS': '43.8344 sh (-1.63%)', 'MSI': '21.1281 sh (-0.69%)', 'NUE': '36.5544 sh (-1.52%)', 'NVDA': '44.2888 sh (+0.48%)', 'NWS': '303.7199 sh (+1.75%)', 'STLD': '0.9216 sh (-2.54%)', 'WSM': '0.1026 sh (-1.61%)'}
Risk state: peak $99,703.60 | drawdown 0.28% | today -0.00% | halted: False
Market regime: NEUTRAL (position-size multiplier: 100% incl. circuit breaker 100%)
News: fetched 158, 2 new after dedup, 0 ticker(s) matched.
Quant pre-screen: 22/31 candidates passed.
Gemini proposed 1 trade(s) meeting the conviction bar.
Gemini calls used today (all models combined): 330
Market closed (overnight): queued 12 trade idea(s) for next-morning verification -- nothing submitted yet.
  -> queued WDC buy (conf 92, stop 485.0, tp 560.0)
  -> queued WFC buy (conf 91, stop 86.06, tp 97.76)
  -> queued HAS buy (conf 90, stop 89.34, tp 106.82)
  -> queued HUM buy (conf None, stop 354.57, tp 392.49)
  -> queued TTWO buy (conf 85, stop 228.4, tp None)
  -> queued WDAY buy (conf 85, stop 188.0, tp 220.0)
  -> queued BAC buy (conf 85, stop 62.5, tp 67.5)
  -> queued HBAN buy (conf 85, stop 17.09, tp 19.45)
  -> queued TDY buy (conf 90, stop 654.41, tp 725.0)
  -> queued NDAQ buy (conf 83, stop 93.23, tp 101.78)
  -> queued TYL buy (conf 80, stop 300.28, tp 355.0)
  -> queued LYB buy (conf 80, stop 58.01, tp None)
Dashboard watchlist synced (15 symbols) for news/headlines.
Ending portfolio value: $99,425.43
Trade journal: no closed trades yet
Performance: Total return -0.41% | Max drawdown 12.37% | Daily Sharpe 0.27 | Open positions: 14 | Equity $99,425.43
Timings: account: 0.0s | risk: 3.2s | decide: 5.7s | watchlist: 0.1s | perf: 0.2s

=== Run at 2026-08-15T18:04:29.577758 ===
Current time: 2026-08-15 02:04 PM EDT | Market open (per Alpaca): False | Session: CLOSED
Account value: $99,425.43
Cash: $2,352.13 | Holdings (14): {'CEG': '35.6034 sh (+1.36%)', 'CHD': '97.9637 sh (+0.01%)', 'COHR': '7.9896 sh (-4.69%)', 'CVX': '24.8836 sh (+1.17%)', 'GEHC': '0.6136 sh (-0.28%)', 'IVZ': '306.9138 sh (+1.21%)', 'LMT': '16.3555 sh (+0.32%)', 'MS': '43.8344 sh (-1.63%)', 'MSI': '21.1281 sh (-0.69%)', 'NUE': '36.5544 sh (-1.52%)', 'NVDA': '44.2888 sh (+0.48%)', 'NWS': '303.7199 sh (+1.75%)', 'STLD': '0.9216 sh (-2.54%)', 'WSM': '0.1026 sh (-1.61%)'}
Risk state: peak $99,703.60 | drawdown 0.28% | today -0.00% | halted: False
Market regime: NEUTRAL (position-size multiplier: 100% incl. circuit breaker 100%)
News: fetched 157, 0 new after dedup, 0 ticker(s) matched.
Quant pre-screen: 31/43 candidates passed.
Gemini proposed 2 trade(s) meeting the conviction bar.
Gemini calls used today (all models combined): 331
Market closed (overnight): queued 12 trade idea(s) for next-morning verification -- nothing submitted yet.
  -> queued WDC buy (conf 92, stop 485.0, tp 560.0)
  -> queued WFC buy (conf 91, stop 86.06, tp 97.76)
  -> queued HAS buy (conf 90, stop 89.34, tp 106.82)
  -> queued HUM buy (conf None, stop 354.57, tp 392.49)
  -> queued TTWO buy (conf 90, stop 228.4, tp 265.0)
  -> queued WDAY buy (conf 85, stop 188.0, tp 220.0)
  -> queued BAC buy (conf 85, stop 62.5, tp 67.5)
  -> queued HBAN buy (conf 85, stop 17.09, tp 19.45)
  -> queued TDY buy (conf 92, stop 654.41, tp 710.0)
  -> queued NDAQ buy (conf 83, stop 93.23, tp 101.78)
  -> queued TYL buy (conf 80, stop 300.28, tp 355.0)
  -> queued LYB buy (conf 80, stop 58.01, tp None)
Dashboard watchlist synced (16 symbols) for news/headlines.
Ending portfolio value: $99,425.43
Trade journal: no closed trades yet
Performance: Total return -0.41% | Max drawdown 12.37% | Daily Sharpe 0.27 | Open positions: 14 | Equity $99,425.43
Timings: account: 0.0s | risk: 3.9s | decide: 19.9s | watchlist: 0.2s | perf: 0.3s

=== Run at 2026-08-15T18:06:25.456654 ===
Current time: 2026-08-15 02:06 PM EDT | Market open (per Alpaca): False | Session: CLOSED
Account value: $99,425.43
Cash: $2,352.13 | Holdings (14): {'CEG': '35.6034 sh (+1.36%)', 'CHD': '97.9637 sh (+0.01%)', 'COHR': '7.9896 sh (-4.69%)', 'CVX': '24.8836 sh (+1.17%)', 'GEHC': '0.6136 sh (-0.28%)', 'IVZ': '306.9138 sh (+1.21%)', 'LMT': '16.3555 sh (+0.32%)', 'MS': '43.8344 sh (-1.63%)', 'MSI': '21.1281 sh (-0.69%)', 'NUE': '36.5544 sh (-1.52%)', 'NVDA': '44.2888 sh (+0.48%)', 'NWS': '303.7199 sh (+1.75%)', 'STLD': '0.9216 sh (-2.54%)', 'WSM': '0.1026 sh (-1.61%)'}
Risk state: peak $99,703.60 | drawdown 0.28% | today -0.00% | halted: False
Market regime: NEUTRAL (position-size multiplier: 100% incl. circuit breaker 100%)
News: fetched 157, 0 new after dedup, 0 ticker(s) matched.
Quant pre-screen: 39/55 candidates passed.
Gemini proposed 2 trade(s) meeting the conviction bar.
Gemini calls used today (all models combined): 332
Market closed (overnight): queued 12 trade idea(s) for next-morning verification -- nothing submitted yet.
  -> queued WDC buy (conf 92, stop 485.0, tp 560.0)
  -> queued WFC buy (conf 91, stop 86.06, tp 97.76)
  -> queued HAS buy (conf 90, stop 89.34, tp 106.82)
  -> queued HUM buy (conf None, stop 354.57, tp 392.49)
  -> queued TTWO buy (conf 90, stop 228.4, tp 270.0)
  -> queued WDAY buy (conf 85, stop 188.0, tp 220.0)
  -> queued BAC buy (conf 85, stop 62.5, tp 67.5)
  -> queued HBAN buy (conf 85, stop 17.09, tp 19.45)
  -> queued TDY buy (conf 92, stop 654.41, tp 720.0)
  -> queued NDAQ buy (conf 83, stop 93.23, tp 101.78)
  -> queued TYL buy (conf 80, stop 300.28, tp 355.0)
  -> queued LYB buy (conf 80, stop 58.01, tp None)
Dashboard watchlist synced (16 symbols) for news/headlines.
Ending portfolio value: $99,425.43
Trade journal: no closed trades yet
Performance: Total return -0.41% | Max drawdown 12.37% | Daily Sharpe 0.27 | Open positions: 14 | Equity $99,425.43
Timings: account: 0.0s | risk: 0.9s | decide: 3.2s | watchlist: 0.0s | perf: 0.1s

=== Run at 2026-08-15T18:08:27.316820 ===
Current time: 2026-08-15 02:08 PM EDT | Market open (per Alpaca): False | Session: CLOSED
Account value: $99,425.43
Cash: $2,352.13 | Holdings (14): {'CEG': '35.6034 sh (+1.36%)', 'CHD': '97.9637 sh (+0.01%)', 'COHR': '7.9896 sh (-4.69%)', 'CVX': '24.8836 sh (+1.17%)', 'GEHC': '0.6136 sh (-0.28%)', 'IVZ': '306.9138 sh (+1.21%)', 'LMT': '16.3555 sh (+0.32%)', 'MS': '43.8344 sh (-1.63%)', 'MSI': '21.1281 sh (-0.69%)', 'NUE': '36.5544 sh (-1.52%)', 'NVDA': '44.2888 sh (+0.48%)', 'NWS': '303.7199 sh (+1.75%)', 'STLD': '0.9216 sh (-2.54%)', 'WSM': '0.1026 sh (-1.61%)'}
Risk state: peak $99,703.60 | drawdown 0.28% | today -0.00% | halted: False
Market regime: NEUTRAL (position-size multiplier: 100% incl. circuit breaker 100%)
News: fetched 157, 0 new after dedup, 0 ticker(s) matched.
Quant pre-screen: 47/67 candidates passed.
Gemini proposed 3 trade(s) meeting the conviction bar.
Gemini calls used today (all models combined): 333
Market closed (overnight): queued 12 trade idea(s) for next-morning verification -- nothing submitted yet.
  -> queued WDC buy (conf 92, stop 485.0, tp 560.0)
  -> queued WFC buy (conf 91, stop 86.06, tp 97.76)
  -> queued HAS buy (conf 90, stop 89.34, tp 106.82)
  -> queued HUM buy (conf None, stop 354.57, tp 392.49)
  -> queued TTWO buy (conf 90, stop 228.4, tp 272.25)
  -> queued WDAY buy (conf 85, stop 188.0, tp 220.0)
  -> queued BAC buy (conf 85, stop 62.5, tp 67.5)
  -> queued HBAN buy (conf 85, stop 17.09, tp 19.45)
  -> queued TDY buy (conf 90, stop 654.41, tp 745.0000000000001)
  -> queued NDAQ buy (conf 83, stop 93.23, tp 101.78)
  -> queued TYL buy (conf 92, stop 300.28, tp 355.00000000000006)
  -> queued LYB buy (conf 80, stop 58.01, tp None)
Dashboard watchlist synced (17 symbols) for news/headlines.
Ending portfolio value: $99,425.43
Trade journal: no closed trades yet
Performance: Total return -0.41% | Max drawdown 12.37% | Daily Sharpe 0.27 | Open positions: 14 | Equity $99,425.43
Timings: account: 0.0s | risk: 3.7s | decide: 6.9s | watchlist: 0.2s | perf: 0.3s

=== Run at 2026-08-15T18:10:35.271072 ===
Current time: 2026-08-15 02:10 PM EDT | Market open (per Alpaca): False | Session: CLOSED
Account value: $99,425.43
Cash: $2,352.13 | Holdings (14): {'CEG': '35.6034 sh (+1.36%)', 'CHD': '97.9637 sh (+0.01%)', 'COHR': '7.9896 sh (-4.69%)', 'CVX': '24.8836 sh (+1.17%)', 'GEHC': '0.6136 sh (-0.28%)', 'IVZ': '306.9138 sh (+1.21%)', 'LMT': '16.3555 sh (+0.32%)', 'MS': '43.8344 sh (-1.63%)', 'MSI': '21.1281 sh (-0.69%)', 'NUE': '36.5544 sh (-1.52%)', 'NVDA': '44.2888 sh (+0.48%)', 'NWS': '303.7199 sh (+1.75%)', 'STLD': '0.9216 sh (-2.54%)', 'WSM': '0.1026 sh (-1.61%)'}
Risk state: peak $99,703.60 | drawdown 0.28% | today -0.00% | halted: False
Market regime: NEUTRAL (position-size multiplier: 100% incl. circuit breaker 100%)
News: fetched 157, 1 new after dedup, 0 ticker(s) matched.
Quant pre-screen: 47/67 candidates passed.
Gemini proposed 2 trade(s) meeting the conviction bar.
Gemini calls used today (all models combined): 334
Market closed (overnight): queued 12 trade idea(s) for next-morning verification -- nothing submitted yet.
  -> queued WDC buy (conf 92, stop 485.0, tp 560.0)
  -> queued WFC buy (conf 91, stop 86.06, tp 97.76)
  -> queued HAS buy (conf 90, stop 89.34, tp 106.82)
  -> queued HUM buy (conf None, stop 354.57, tp 392.49)
  -> queued TTWO buy (conf 90, stop 235.0, tp 270.0)
  -> queued WDAY buy (conf 85, stop 188.0, tp 220.0)
  -> queued BAC buy (conf 85, stop 62.5, tp 67.5)
  -> queued HBAN buy (conf 85, stop 17.09, tp 19.45)
  -> queued TDY buy (conf 90, stop 654.41, tp 745.0000000000001)
  -> queued NDAQ buy (conf 83, stop 93.23, tp 101.78)
  -> queued TYL buy (conf 92, stop 310.0, tp 355.00000000000006)
  -> queued LYB buy (conf 80, stop 58.01, tp None)
Dashboard watchlist synced (16 symbols) for news/headlines.
Ending portfolio value: $99,425.43
Trade journal: no closed trades yet
Performance: Total return -0.41% | Max drawdown 12.37% | Daily Sharpe 0.27 | Open positions: 14 | Equity $99,425.43
Timings: account: 0.0s | risk: 4.1s | decide: 4.8s | watchlist: 0.2s | perf: 0.2s

=== Run at 2026-08-15T18:12:33.594381 ===
Current time: 2026-08-15 02:12 PM EDT | Market open (per Alpaca): False | Session: CLOSED
Account value: $99,425.43
Cash: $2,352.13 | Holdings (14): {'CEG': '35.6034 sh (+1.36%)', 'CHD': '97.9637 sh (+0.01%)', 'COHR': '7.9896 sh (-4.69%)', 'CVX': '24.8836 sh (+1.17%)', 'GEHC': '0.6136 sh (-0.28%)', 'IVZ': '306.9138 sh (+1.21%)', 'LMT': '16.3555 sh (+0.32%)', 'MS': '43.8344 sh (-1.63%)', 'MSI': '21.1281 sh (-0.69%)', 'NUE': '36.5544 sh (-1.52%)', 'NVDA': '44.2888 sh (+0.48%)', 'NWS': '303.7199 sh (+1.75%)', 'STLD': '0.9216 sh (-2.54%)', 'WSM': '0.1026 sh (-1.61%)'}
Risk state: peak $99,703.60 | drawdown 0.28% | today -0.00% | halted: False
Market regime: NEUTRAL (position-size multiplier: 100% incl. circuit breaker 100%)
News: fetched 157, 1 new after dedup, 0 ticker(s) matched.
Quant pre-screen: 47/67 candidates passed.
Technical fallback (Gemini throttled/unavailable) proposed 50 trade(s) meeting the conviction bar.
Gemini calls used today (all models combined): 334
Market closed (overnight): queued 12 trade idea(s) for next-morning verification -- nothing submitted yet.
  -> queued WDC buy (conf 92, stop 485.0, tp 560.0)
  -> queued WFC buy (conf 91, stop 86.06, tp 97.76)
  -> queued HAS buy (conf 90, stop 89.34, tp 106.82)
  -> queued HUM buy (conf None, stop 354.57, tp 392.49)
  -> queued WDAY buy (conf 85, stop 188.0, tp 220.0)
  -> queued BAC buy (conf 85, stop 62.5, tp 67.5)
  -> queued HBAN buy (conf 85, stop 17.09, tp 19.45)
  -> queued TDY buy (conf None, stop 654.41, tp 697.61)
  -> queued TTWO buy (conf None, stop 228.4, tp 256.285)
  -> queued NDAQ buy (conf None, stop 93.23, tp 97.755)
  -> queued TYL buy (conf None, stop 300.28, tp 334.89)
  -> queued LYB buy (conf None, stop 58.01, tp 64.365)
Dashboard watchlist synced (60 symbols) for news/headlines.
Ending portfolio value: $99,425.43
Trade journal: no closed trades yet
Performance: Total return -0.41% | Max drawdown 12.37% | Daily Sharpe 0.27 | Open positions: 14 | Equity $99,425.43
Timings: account: 0.0s | risk: 4.3s | decide: 22.8s | watchlist: 0.2s | perf: 0.3s

=== Run at 2026-08-15T18:14:53.429610 ===
Current time: 2026-08-15 02:14 PM EDT | Market open (per Alpaca): False | Session: CLOSED
Account value: $99,425.43
Cash: $2,352.13 | Holdings (14): {'CEG': '35.6034 sh (+1.36%)', 'CHD': '97.9637 sh (+0.01%)', 'COHR': '7.9896 sh (-4.69%)', 'CVX': '24.8836 sh (+1.17%)', 'GEHC': '0.6136 sh (-0.28%)', 'IVZ': '306.9138 sh (+1.21%)', 'LMT': '16.3555 sh (+0.32%)', 'MS': '43.8344 sh (-1.63%)', 'MSI': '21.1281 sh (-0.69%)', 'NUE': '36.5544 sh (-1.52%)', 'NVDA': '44.2888 sh (+0.48%)', 'NWS': '303.7199 sh (+1.75%)', 'STLD': '0.9216 sh (-2.54%)', 'WSM': '0.1026 sh (-1.61%)'}
Open orders (1): NVDA sell 44.2888
Risk state: peak $99,703.60 | drawdown 0.28% | today -0.00% | halted: False
=== Run at 2026-08-15T18:14:26.888428 ===
Current time: 2026-08-15 02:14 PM EDT | Market open (per Alpaca): False | Session: CLOSED
Account value: $99,425.43
Cash: $2,352.13 | Holdings (14): {'CEG': '35.6034 sh (+1.36%)', 'CHD': '97.9637 sh (+0.01%)', 'COHR': '7.9896 sh (-4.69%)', 'CVX': '24.8836 sh (+1.17%)', 'GEHC': '0.6136 sh (-0.28%)', 'IVZ': '306.9138 sh (+1.21%)', 'LMT': '16.3555 sh (+0.32%)', 'MS': '43.8344 sh (-1.63%)', 'MSI': '21.1281 sh (-0.69%)', 'NUE': '36.5544 sh (-1.52%)', 'NVDA': '44.2888 sh (+0.48%)', 'NWS': '303.7199 sh (+1.75%)', 'STLD': '0.9216 sh (-2.54%)', 'WSM': '0.1026 sh (-1.61%)'}
Risk state: peak $99,703.60 | drawdown 0.28% | today -0.00% | halted: False
Risk management triggered 1 forced sell(s):
  -> {"timestamp": "2026-08-15T18:14:28.282708", "ticker": "NVDA", "action": "sell", "qty": 44.2888, "conviction": 10, "size_multiplier": 1.0, "order_id": "a82bc2aa-1cce-4e14-9386-3c7d64cd3628", "order_status": "OrderStatus.ACCEPTED", "stop_loss": null, "take_profit": null, "reasoning": "Negative news: worst sentiment -1.00", "status": "submitted", "trigger": "negative_news"}
Market regime: NEUTRAL (position-size multiplier: 100% incl. circuit breaker 100%)
News: fetched 157, 0 new after dedup, 0 ticker(s) matched.
Quant pre-screen: 47/67 candidates passed.
Gemini proposed 3 trade(s) meeting the conviction bar.
Gemini calls used today (all models combined): 335
Market closed (overnight): queued 12 trade idea(s) for next-morning verification -- nothing submitted yet.
  -> queued WDC buy (conf 92, stop 485.0, tp 560.0)
  -> queued WFC buy (conf 91, stop 86.06, tp 97.76)
  -> queued HAS buy (conf 90, stop 89.34, tp 106.82)
  -> queued HUM buy (conf None, stop 354.57, tp 392.49)
  -> queued WDAY buy (conf 85, stop 188.0, tp 220.0)
  -> queued BAC buy (conf 85, stop 62.5, tp 67.5)
  -> queued HBAN buy (conf 85, stop 17.09, tp 19.45)
  -> queued TDY buy (conf 90, stop 655.0, tp 720.0)
  -> queued TTWO buy (conf 91, stop 235.0, tp 270.0)
  -> queued NDAQ buy (conf None, stop 93.23, tp 97.755)
  -> queued TYL buy (conf 92, stop 310.0, tp 355.00000000000006)
  -> queued LYB buy (conf None, stop 58.01, tp 64.365)
  -> queued TDY buy (conf 90, stop 660.0, tp 715.0)
  -> queued TTWO buy (conf 90, stop 232.0, tp 265.0)
  -> queued NDAQ buy (conf None, stop 93.23, tp 97.755)
  -> queued TYL buy (conf None, stop 300.28, tp 334.89)
  -> queued LYB buy (conf 85, stop 60.5, tp 66.5)
Dashboard watchlist synced (17 symbols) for news/headlines.
Ending portfolio value: $99,425.43
Trade journal: no closed trades yet
Performance: Total return -0.41% | Max drawdown 12.37% | Daily Sharpe 0.27 | Open positions: 14 | Equity $99,425.43
Timings: account: 0.0s | risk: 0.8s | decide: 2.4s | watchlist: 0.0s | perf: 0.1s
Timings: account: 0.0s | risk: 1.6s | decide: 2.4s | watchlist: 0.1s | perf: 0.1s

=== Run at 2026-08-15T18:16:26.402014 ===
Current time: 2026-08-15 02:16 PM EDT | Market open (per Alpaca): False | Session: CLOSED
Account value: $99,425.43
Cash: $2,352.13 | Holdings (14): {'CEG': '35.6034 sh (+1.36%)', 'CHD': '97.9637 sh (+0.01%)', 'COHR': '7.9896 sh (-4.69%)', 'CVX': '24.8836 sh (+1.17%)', 'GEHC': '0.6136 sh (-0.28%)', 'IVZ': '306.9138 sh (+1.21%)', 'LMT': '16.3555 sh (+0.32%)', 'MS': '43.8344 sh (-1.63%)', 'MSI': '21.1281 sh (-0.69%)', 'NUE': '36.5544 sh (-1.52%)', 'NVDA': '44.2888 sh (+0.48%)', 'NWS': '303.7199 sh (+1.75%)', 'STLD': '0.9216 sh (-2.54%)', 'WSM': '0.1026 sh (-1.61%)'}
Open orders (1): NVDA sell 44.2888
Risk state: peak $99,703.60 | drawdown 0.28% | today -0.00% | halted: False
Market regime: NEUTRAL (position-size multiplier: 100% incl. circuit breaker 100%)
News: fetched 158, 0 new after dedup, 0 ticker(s) matched.
Quant pre-screen: 47/67 candidates passed.
Gemini proposed 1 trade(s) meeting the conviction bar.
Gemini calls used today (all models combined): 336
Market closed (overnight): queued 12 trade idea(s) for next-morning verification -- nothing submitted yet.
  -> queued WDC buy (conf 92, stop 485.0, tp 560.0)
  -> queued WFC buy (conf 91, stop 86.06, tp 97.76)
  -> queued HAS buy (conf 90, stop 89.34, tp 106.82)
  -> queued HUM buy (conf None, stop 354.57, tp 392.49)
  -> queued WDAY buy (conf 85, stop 188.0, tp 220.0)
  -> queued BAC buy (conf 85, stop 62.5, tp 67.5)
  -> queued HBAN buy (conf 85, stop 17.09, tp 19.45)
  -> queued TDY buy (conf 85, stop 654.41, tp 710.0)
  -> queued TTWO buy (conf 91, stop 235.0, tp 270.0)
  -> queued NDAQ buy (conf None, stop 93.23, tp 97.755)
  -> queued TYL buy (conf 92, stop 310.0, tp 355.00000000000006)
  -> queued LYB buy (conf None, stop 58.01, tp 64.365)
Dashboard watchlist synced (15 symbols) for news/headlines.
Ending portfolio value: $99,425.43
Trade journal: no closed trades yet
Performance: Total return -0.41% | Max drawdown 12.37% | Daily Sharpe 0.27 | Open positions: 14 | Equity $99,425.43
Timings: account: 0.0s | risk: 3.5s | decide: 3.8s | watchlist: 0.1s | perf: 0.2s

=== Run at 2026-08-15T18:18:24.758445 ===
Current time: 2026-08-15 02:18 PM EDT | Market open (per Alpaca): False | Session: CLOSED
Account value: $99,425.43
Cash: $2,352.13 | Holdings (14): {'CEG': '35.6034 sh (+1.36%)', 'CHD': '97.9637 sh (+0.01%)', 'COHR': '7.9896 sh (-4.69%)', 'CVX': '24.8836 sh (+1.17%)', 'GEHC': '0.6136 sh (-0.28%)', 'IVZ': '306.9138 sh (+1.21%)', 'LMT': '16.3555 sh (+0.32%)', 'MS': '43.8344 sh (-1.63%)', 'MSI': '21.1281 sh (-0.69%)', 'NUE': '36.5544 sh (-1.52%)', 'NVDA': '44.2888 sh (+0.48%)', 'NWS': '303.7199 sh (+1.75%)', 'STLD': '0.9216 sh (-2.54%)', 'WSM': '0.1026 sh (-1.61%)'}
Open orders (1): NVDA sell 44.2888
Risk state: peak $99,703.60 | drawdown 0.28% | today -0.00% | halted: False
Market regime: NEUTRAL (position-size multiplier: 100% incl. circuit breaker 100%)
News: fetched 157, 1 new after dedup, 0 ticker(s) matched.
Quant pre-screen: 47/67 candidates passed.
Gemini proposed 3 trade(s) meeting the conviction bar.
Gemini calls used today (all models combined): 337
Market closed (overnight): queued 12 trade idea(s) for next-morning verification -- nothing submitted yet.
  -> queued WDC buy (conf 92, stop 485.0, tp 560.0)
  -> queued WFC buy (conf 91, stop 86.06, tp 97.76)
  -> queued HAS buy (conf 90, stop 89.34, tp 106.82)
  -> queued HUM buy (conf None, stop 354.57, tp 392.49)
  -> queued WDAY buy (conf 85, stop 188.0, tp 220.0)
  -> queued BAC buy (conf 85, stop 62.5, tp 67.5)
  -> queued HBAN buy (conf 85, stop 17.09, tp 19.45)
  -> queued TDY buy (conf 85, stop 654.41, tp 710.0)
  -> queued TTWO buy (conf 90, stop 228.40000000000003, tp 270.0)
  -> queued NDAQ buy (conf None, stop 93.23, tp 97.755)
  -> queued TYL buy (conf 92, stop 300.28, tp 355.00000000000006)
  -> queued LYB buy (conf 85, stop 58.01, tp 68.0)
Dashboard watchlist synced (17 symbols) for news/headlines.
Ending portfolio value: $99,425.43
Trade journal: no closed trades yet
Performance: Total return -0.41% | Max drawdown 12.37% | Daily Sharpe 0.27 | Open positions: 14 | Equity $99,425.43
Timings: account: 0.0s | risk: 1.7s | decide: 3.1s | watchlist: 0.1s | perf: 0.1s

=== Run at 2026-08-15T18:20:32.872646 ===
Current time: 2026-08-15 02:20 PM EDT | Market open (per Alpaca): False | Session: CLOSED
Account value: $99,425.43
Cash: $2,352.13 | Holdings (14): {'CEG': '35.6034 sh (+1.36%)', 'CHD': '97.9637 sh (+0.01%)', 'COHR': '7.9896 sh (-4.69%)', 'CVX': '24.8836 sh (+1.17%)', 'GEHC': '0.6136 sh (-0.28%)', 'IVZ': '306.9138 sh (+1.21%)', 'LMT': '16.3555 sh (+0.32%)', 'MS': '43.8344 sh (-1.63%)', 'MSI': '21.1281 sh (-0.69%)', 'NUE': '36.5544 sh (-1.52%)', 'NVDA': '44.2888 sh (+0.48%)', 'NWS': '303.7199 sh (+1.75%)', 'STLD': '0.9216 sh (-2.54%)', 'WSM': '0.1026 sh (-1.61%)'}
Open orders (1): NVDA sell 44.2888
Risk state: peak $99,703.60 | drawdown 0.28% | today -0.00% | halted: False
Market regime: NEUTRAL (position-size multiplier: 100% incl. circuit breaker 100%)
News: fetched 157, 0 new after dedup, 0 ticker(s) matched.
Quant pre-screen: 47/67 candidates passed.
Gemini proposed 2 trade(s) meeting the conviction bar.
Gemini calls used today (all models combined): 338
Market closed (overnight): queued 12 trade idea(s) for next-morning verification -- nothing submitted yet.
  -> queued WDC buy (conf 92, stop 485.0, tp 560.0)
  -> queued WFC buy (conf 91, stop 86.06, tp 97.76)
  -> queued HAS buy (conf 90, stop 89.34, tp 106.82)
  -> queued HUM buy (conf None, stop 354.57, tp 392.49)
  -> queued WDAY buy (conf 85, stop 188.0, tp 220.0)
  -> queued BAC buy (conf 85, stop 62.5, tp 67.5)
  -> queued HBAN buy (conf 85, stop 17.09, tp 19.45)
  -> queued TDY buy (conf 85, stop 654.41, tp 710.0)
  -> queued TTWO buy (conf 90, stop 235.0, tp 270.0)
  -> queued NDAQ buy (conf None, stop 93.23, tp 97.755)
  -> queued TYL buy (conf 91, stop 315.0, tp 355.00000000000006)
  -> queued LYB buy (conf 85, stop 58.01, tp 68.0)
Dashboard watchlist synced (16 symbols) for news/headlines.
Ending portfolio value: $99,425.43
Trade journal: no closed trades yet
Performance: Total return -0.41% | Max drawdown 12.37% | Daily Sharpe 0.27 | Open positions: 14 | Equity $99,425.43
Timings: account: 0.0s | risk: 2.2s | decide: 3.3s | watchlist: 0.1s | perf: 0.2s

=== Run at 2026-08-15T18:22:26.055430 ===
Current time: 2026-08-15 02:22 PM EDT | Market open (per Alpaca): False | Session: CLOSED
Account value: $99,425.43
Cash: $2,352.13 | Holdings (14): {'CEG': '35.6034 sh (+1.36%)', 'CHD': '97.9637 sh (+0.01%)', 'COHR': '7.9896 sh (-4.69%)', 'CVX': '24.8836 sh (+1.17%)', 'GEHC': '0.6136 sh (-0.28%)', 'IVZ': '306.9138 sh (+1.21%)', 'LMT': '16.3555 sh (+0.32%)', 'MS': '43.8344 sh (-1.63%)', 'MSI': '21.1281 sh (-0.69%)', 'NUE': '36.5544 sh (-1.52%)', 'NVDA': '44.2888 sh (+0.48%)', 'NWS': '303.7199 sh (+1.75%)', 'STLD': '0.9216 sh (-2.54%)', 'WSM': '0.1026 sh (-1.61%)'}
Open orders (1): NVDA sell 44.2888
Risk state: peak $99,703.60 | drawdown 0.28% | today -0.00% | halted: False
Market regime: NEUTRAL (position-size multiplier: 100% incl. circuit breaker 100%)
News: fetched 157, 0 new after dedup, 0 ticker(s) matched.
Quant pre-screen: 47/67 candidates passed.
Technical fallback (Gemini throttled/unavailable) proposed 50 trade(s) meeting the conviction bar.
Gemini calls used today (all models combined): 338
Market closed (overnight): queued 12 trade idea(s) for next-morning verification -- nothing submitted yet.
  -> queued WDC buy (conf 92, stop 485.0, tp 560.0)
  -> queued WFC buy (conf 91, stop 86.06, tp 97.76)
  -> queued HAS buy (conf 90, stop 89.34, tp 106.82)
  -> queued HUM buy (conf None, stop 354.57, tp 392.49)
  -> queued WDAY buy (conf 85, stop 188.0, tp 220.0)
  -> queued BAC buy (conf 85, stop 62.5, tp 67.5)
  -> queued HBAN buy (conf 85, stop 17.09, tp 19.45)
  -> queued TDY buy (conf None, stop 654.41, tp 697.61)
  -> queued TTWO buy (conf None, stop 228.4, tp 256.285)
  -> queued NDAQ buy (conf None, stop 93.23, tp 97.755)
  -> queued TYL buy (conf None, stop 300.28, tp 334.89)
  -> queued LYB buy (conf None, stop 58.01, tp 64.365)
Run budget spent -- skipping dashboard watchlist sync.
Run budget spent -- skipping performance snapshot.
Trade journal: no closed trades yet
Performance: Total return -0.41% | Max drawdown 12.37% | Daily Sharpe 0.27 | Open positions: 14 | Equity $99,425.43
Timings: account: 0.0s | risk: 3.4s | decide: 26.3s | watchlist: 0.0s | perf: 0.0s

=== Run at 2026-08-15T18:24:22.761000 ===
Current time: 2026-08-15 02:24 PM EDT | Market open (per Alpaca): False | Session: CLOSED
Account value: $99,425.43
Cash: $2,352.13 | Holdings (14): {'CEG': '35.6034 sh (+1.36%)', 'CHD': '97.9637 sh (+0.01%)', 'COHR': '7.9896 sh (-4.69%)', 'CVX': '24.8836 sh (+1.17%)', 'GEHC': '0.6136 sh (-0.28%)', 'IVZ': '306.9138 sh (+1.21%)', 'LMT': '16.3555 sh (+0.32%)', 'MS': '43.8344 sh (-1.63%)', 'MSI': '21.1281 sh (-0.69%)', 'NUE': '36.5544 sh (-1.52%)', 'NVDA': '44.2888 sh (+0.48%)', 'NWS': '303.7199 sh (+1.75%)', 'STLD': '0.9216 sh (-2.54%)', 'WSM': '0.1026 sh (-1.61%)'}
Open orders (1): NVDA sell 44.2888
Risk state: peak $99,703.60 | drawdown 0.28% | today -0.00% | halted: False
Market regime: NEUTRAL (position-size multiplier: 100% incl. circuit breaker 100%)
News: fetched 157, 1 new after dedup, 0 ticker(s) matched.
Quant pre-screen: 47/67 candidates passed.
Gemini proposed 2 trade(s) meeting the conviction bar.
Gemini calls used today (all models combined): 339
Market closed (overnight): queued 12 trade idea(s) for next-morning verification -- nothing submitted yet.
  -> queued WDC buy (conf 92, stop 485.0, tp 560.0)
  -> queued WFC buy (conf 91, stop 86.06, tp 97.76)
  -> queued HAS buy (conf 90, stop 89.34, tp 106.82)
  -> queued HUM buy (conf None, stop 354.57, tp 392.49)
  -> queued WDAY buy (conf 85, stop 188.0, tp 220.0)
  -> queued BAC buy (conf 85, stop 62.5, tp 67.5)
  -> queued HBAN buy (conf 85, stop 17.09, tp 19.45)
  -> queued TDY buy (conf 85, stop 654.41, tp 725.0)
  -> queued TTWO buy (conf 82, stop 228.4, tp 270.0)
  -> queued NDAQ buy (conf None, stop 93.23, tp 97.755)
  -> queued TYL buy (conf None, stop 300.28, tp 334.89)
  -> queued LYB buy (conf None, stop 58.01, tp 64.365)
Dashboard watchlist synced (16 symbols) for news/headlines.
Ending portfolio value: $99,425.43
Trade journal: no closed trades yet
Performance: Total return -0.41% | Max drawdown 12.37% | Daily Sharpe 0.27 | Open positions: 14 | Equity $99,425.43
Timings: account: 0.0s | risk: 1.8s | decide: 3.0s | watchlist: 0.1s | perf: 0.1s

=== Run at 2026-08-15T18:26:24.049241 ===
Current time: 2026-08-15 02:26 PM EDT | Market open (per Alpaca): False | Session: CLOSED
Account value: $99,425.43
Cash: $2,352.13 | Holdings (14): {'CEG': '35.6034 sh (+1.36%)', 'CHD': '97.9637 sh (+0.01%)', 'COHR': '7.9896 sh (-4.69%)', 'CVX': '24.8836 sh (+1.17%)', 'GEHC': '0.6136 sh (-0.28%)', 'IVZ': '306.9138 sh (+1.21%)', 'LMT': '16.3555 sh (+0.32%)', 'MS': '43.8344 sh (-1.63%)', 'MSI': '21.1281 sh (-0.69%)', 'NUE': '36.5544 sh (-1.52%)', 'NVDA': '44.2888 sh (+0.48%)', 'NWS': '303.7199 sh (+1.75%)', 'STLD': '0.9216 sh (-2.54%)', 'WSM': '0.1026 sh (-1.61%)'}
Open orders (1): NVDA sell 44.2888
Risk state: peak $99,703.60 | drawdown 0.28% | today -0.00% | halted: False
Market regime: NEUTRAL (position-size multiplier: 100% incl. circuit breaker 100%)
News: fetched 157, 2 new after dedup, 1 ticker(s) matched.
Quant pre-screen: 34/50 candidates passed.
Gemini proposed 3 trade(s) meeting the conviction bar.
Gemini calls used today (all models combined): 340
Market closed (overnight): queued 12 trade idea(s) for next-morning verification -- nothing submitted yet.
  -> queued WDC buy (conf 92, stop 485.0, tp 560.0)
  -> queued WFC buy (conf 91, stop 86.06, tp 97.76)
  -> queued HAS buy (conf 90, stop 89.34, tp 106.82)
  -> queued HUM buy (conf None, stop 354.57, tp 392.49)
  -> queued WDAY buy (conf 85, stop 188.0, tp 220.0)
  -> queued BAC buy (conf 85, stop 62.5, tp 67.5)
  -> queued HBAN buy (conf 85, stop 17.09, tp 19.45)
  -> queued TDY buy (conf 80, stop 654.41, tp 725.0)
  -> queued TTWO buy (conf 85, stop 228.4, tp 265.49)
  -> queued NDAQ buy (conf None, stop 93.23, tp 97.755)
  -> queued TYL buy (conf 90, stop 300.28, tp 360.00000000000006)
  -> queued LYB buy (conf None, stop 58.01, tp 64.365)
Dashboard watchlist synced (18 symbols) for news/headlines.
Ending portfolio value: $99,425.43
Trade journal: no closed trades yet
Performance: Total return -0.41% | Max drawdown 12.37% | Daily Sharpe 0.27 | Open positions: 14 | Equity $99,425.43
Timings: account: 0.0s | risk: 1.2s | decide: 23.2s | watchlist: 0.0s | perf: 0.1s

=== Run at 2026-08-15T18:28:32.152159 ===
Current time: 2026-08-15 02:28 PM EDT | Market open (per Alpaca): False | Session: CLOSED
Account value: $99,425.43
Cash: $2,352.13 | Holdings (14): {'CEG': '35.6034 sh (+1.36%)', 'CHD': '97.9637 sh (+0.01%)', 'COHR': '7.9896 sh (-4.69%)', 'CVX': '24.8836 sh (+1.17%)', 'GEHC': '0.6136 sh (-0.28%)', 'IVZ': '306.9138 sh (+1.21%)', 'LMT': '16.3555 sh (+0.32%)', 'MS': '43.8344 sh (-1.63%)', 'MSI': '21.1281 sh (-0.69%)', 'NUE': '36.5544 sh (-1.52%)', 'NVDA': '44.2888 sh (+0.48%)', 'NWS': '303.7199 sh (+1.75%)', 'STLD': '0.9216 sh (-2.54%)', 'WSM': '0.1026 sh (-1.61%)'}
Open orders (1): NVDA sell 44.2888
Risk state: peak $99,703.60 | drawdown 0.28% | today -0.00% | halted: False
Market regime: NEUTRAL (position-size multiplier: 100% incl. circuit breaker 100%)
News: fetched 157, 1 new after dedup, 0 ticker(s) matched.
Quant pre-screen: 47/67 candidates passed.
Gemini proposed 3 trade(s) meeting the conviction bar.
Gemini calls used today (all models combined): 341
Market closed (overnight): queued 12 trade idea(s) for next-morning verification -- nothing submitted yet.
  -> queued WDC buy (conf 92, stop 485.0, tp 560.0)
  -> queued WFC buy (conf 91, stop 86.06, tp 97.76)
  -> queued HAS buy (conf 90, stop 89.34, tp 106.82)
  -> queued HUM buy (conf None, stop 354.57, tp 392.49)
  -> queued WDAY buy (conf 85, stop 188.0, tp 220.0)
  -> queued BAC buy (conf 85, stop 62.5, tp 67.5)
  -> queued HBAN buy (conf 85, stop 17.09, tp 19.45)
  -> queued TDY buy (conf 80, stop 654.41, tp 725.0)
  -> queued TTWO buy (conf 91, stop 228.4, tp 275.0)
  -> queued NDAQ buy (conf None, stop 93.23, tp 97.755)
  -> queued TYL buy (conf 92, stop 300.28, tp 360.0)
  -> queued LYB buy (conf 84, stop 58.01, tp 68.0)
Dashboard watchlist synced (17 symbols) for news/headlines.
Ending portfolio value: $99,425.43
Trade journal: no closed trades yet
Performance: Total return -0.41% | Max drawdown 12.37% | Daily Sharpe 0.27 | Open positions: 14 | Equity $99,425.43
Timings: account: 0.0s | risk: 3.0s | decide: 24.1s | watchlist: 0.1s | perf: 0.2s

=== Run at 2026-08-15T18:30:33.369724 ===
Current time: 2026-08-15 02:30 PM EDT | Market open (per Alpaca): False | Session: CLOSED
Account value: $99,425.43
Cash: $2,352.13 | Holdings (14): {'CEG': '35.6034 sh (+1.36%)', 'CHD': '97.9637 sh (+0.01%)', 'COHR': '7.9896 sh (-4.69%)', 'CVX': '24.8836 sh (+1.17%)', 'GEHC': '0.6136 sh (-0.28%)', 'IVZ': '306.9138 sh (+1.21%)', 'LMT': '16.3555 sh (+0.32%)', 'MS': '43.8344 sh (-1.63%)', 'MSI': '21.1281 sh (-0.69%)', 'NUE': '36.5544 sh (-1.52%)', 'NVDA': '44.2888 sh (+0.48%)', 'NWS': '303.7199 sh (+1.75%)', 'STLD': '0.9216 sh (-2.54%)', 'WSM': '0.1026 sh (-1.61%)'}
Open orders (1): NVDA sell 44.2888
Risk state: peak $99,703.60 | drawdown 0.28% | today -0.00% | halted: False
Market regime: NEUTRAL (position-size multiplier: 100% incl. circuit breaker 100%)
News: fetched 157, 2 new after dedup, 0 ticker(s) matched.
Quant pre-screen: 47/67 candidates passed.
Gemini proposed 2 trade(s) meeting the conviction bar.
Gemini calls used today (all models combined): 342
Market closed (overnight): queued 12 trade idea(s) for next-morning verification -- nothing submitted yet.
  -> queued WDC buy (conf 92, stop 485.0, tp 560.0)
  -> queued WFC buy (conf 91, stop 86.06, tp 97.76)
  -> queued HAS buy (conf 90, stop 89.34, tp 106.82)
  -> queued HUM buy (conf None, stop 354.57, tp 392.49)
  -> queued WDAY buy (conf 85, stop 188.0, tp 220.0)
  -> queued BAC buy (conf 85, stop 62.5, tp 67.5)
  -> queued HBAN buy (conf 85, stop 17.09, tp 19.45)
  -> queued TDY buy (conf 80, stop 654.41, tp 725.0)
  -> queued TTWO buy (conf 92, stop 235.0, tp 265.00000000000006)
  -> queued NDAQ buy (conf None, stop 93.23, tp 97.755)
  -> queued TYL buy (conf 90, stop 310.0, tp 355.0)
  -> queued LYB buy (conf 84, stop 58.01, tp 68.0)
Dashboard watchlist synced (16 symbols) for news/headlines.
Ending portfolio value: $99,425.43
Trade journal: no closed trades yet
Performance: Total return -0.41% | Max drawdown 12.37% | Daily Sharpe 0.27 | Open positions: 14 | Equity $99,425.43
Timings: account: 0.0s | risk: 0.9s | decide: 2.1s | watchlist: 0.0s | perf: 0.1s

=== Run at 2026-08-15T18:32:23.028895 ===
Current time: 2026-08-15 02:32 PM EDT | Market open (per Alpaca): False | Session: CLOSED
Account value: $99,425.43
Cash: $2,352.13 | Holdings (14): {'CEG': '35.6034 sh (+1.36%)', 'CHD': '97.9637 sh (+0.01%)', 'COHR': '7.9896 sh (-4.69%)', 'CVX': '24.8836 sh (+1.17%)', 'GEHC': '0.6136 sh (-0.28%)', 'IVZ': '306.9138 sh (+1.21%)', 'LMT': '16.3555 sh (+0.32%)', 'MS': '43.8344 sh (-1.63%)', 'MSI': '21.1281 sh (-0.69%)', 'NUE': '36.5544 sh (-1.52%)', 'NVDA': '44.2888 sh (+0.48%)', 'NWS': '303.7199 sh (+1.75%)', 'STLD': '0.9216 sh (-2.54%)', 'WSM': '0.1026 sh (-1.61%)'}
Open orders (1): NVDA sell 44.2888
Risk state: peak $99,703.60 | drawdown 0.28% | today -0.00% | halted: False
Market regime: NEUTRAL (position-size multiplier: 100% incl. circuit breaker 100%)
News: fetched 157, 0 new after dedup, 0 ticker(s) matched.
Quant pre-screen: 47/67 candidates passed.
Gemini proposed 3 trade(s) meeting the conviction bar.
Gemini calls used today (all models combined): 343
Market closed (overnight): queued 12 trade idea(s) for next-morning verification -- nothing submitted yet.
  -> queued WDC buy (conf 92, stop 485.0, tp 560.0)
  -> queued WFC buy (conf 91, stop 86.06, tp 97.76)
  -> queued HAS buy (conf 90, stop 89.34, tp 106.82)
  -> queued HUM buy (conf None, stop 354.57, tp 392.49)
  -> queued WDAY buy (conf 85, stop 188.0, tp 220.0)
  -> queued BAC buy (conf 85, stop 62.5, tp 67.5)
  -> queued HBAN buy (conf 85, stop 17.09, tp 19.45)
  -> queued TDY buy (conf 80, stop 654.41, tp 725.0)
  -> queued TTWO buy (conf 90, stop 235.0, tp 270.0)
  -> queued NDAQ buy (conf None, stop 93.23, tp 97.755)
  -> queued TYL buy (conf 92, stop 315.0, tp 355.0)
  -> queued LYB buy (conf 85, stop 61.5, tp 68.0)
Dashboard watchlist synced (17 symbols) for news/headlines.
Ending portfolio value: $99,425.43
Trade journal: no closed trades yet
Performance: Total return -0.41% | Max drawdown 12.37% | Daily Sharpe 0.27 | Open positions: 14 | Equity $99,425.43
Timings: account: 0.0s | risk: 1.8s | decide: 2.8s | watchlist: 0.1s | perf: 0.1s

=== Run at 2026-08-15T18:34:32.006132 ===
Current time: 2026-08-15 02:34 PM EDT | Market open (per Alpaca): False | Session: CLOSED
Account value: $99,425.43
Cash: $2,352.13 | Holdings (14): {'CEG': '35.6034 sh (+1.36%)', 'CHD': '97.9637 sh (+0.01%)', 'COHR': '7.9896 sh (-4.69%)', 'CVX': '24.8836 sh (+1.17%)', 'GEHC': '0.6136 sh (-0.28%)', 'IVZ': '306.9138 sh (+1.21%)', 'LMT': '16.3555 sh (+0.32%)', 'MS': '43.8344 sh (-1.63%)', 'MSI': '21.1281 sh (-0.69%)', 'NUE': '36.5544 sh (-1.52%)', 'NVDA': '44.2888 sh (+0.48%)', 'NWS': '303.7199 sh (+1.75%)', 'STLD': '0.9216 sh (-2.54%)', 'WSM': '0.1026 sh (-1.61%)'}
Open orders (1): NVDA sell 44.2888
Risk state: peak $99,703.60 | drawdown 0.28% | today -0.00% | halted: False
Market regime: NEUTRAL (position-size multiplier: 100% incl. circuit breaker 100%)
News: fetched 158, 0 new after dedup, 0 ticker(s) matched.
Quant pre-screen: 47/67 candidates passed.
Gemini proposed 3 trade(s) meeting the conviction bar.
Gemini calls used today (all models combined): 344
Market closed (overnight): queued 12 trade idea(s) for next-morning verification -- nothing submitted yet.
  -> queued WDC buy (conf 92, stop 485.0, tp 560.0)
  -> queued WFC buy (conf 91, stop 86.06, tp 97.76)
  -> queued HAS buy (conf 90, stop 89.34, tp 106.82)
  -> queued HUM buy (conf None, stop 354.57, tp 392.49)
  -> queued WDAY buy (conf 85, stop 188.0, tp 220.0)
  -> queued BAC buy (conf 85, stop 62.5, tp 67.5)
  -> queued HBAN buy (conf 85, stop 17.09, tp 19.45)
  -> queued TDY buy (conf 85, stop 660.0, tp 720.0)
  -> queued TTWO buy (conf 90, stop 235.0, tp 270.0)
  -> queued NDAQ buy (conf None, stop 93.23, tp 97.755)
  -> queued TYL buy (conf 91, stop 315.0, tp 355.0)
  -> queued LYB buy (conf 85, stop 61.5, tp 68.0)
Dashboard watchlist synced (17 symbols) for news/headlines.
Ending portfolio value: $99,425.43
Trade journal: no closed trades yet
Performance: Total return -0.41% | Max drawdown 12.37% | Daily Sharpe 0.27 | Open positions: 14 | Equity $99,425.43
Timings: account: 0.0s | risk: 3.7s | decide: 4.1s | watchlist: 0.1s | perf: 0.2s

=== Run at 2026-08-15T18:36:36.246756 ===
Current time: 2026-08-15 02:36 PM EDT | Market open (per Alpaca): False | Session: CLOSED
Account value: $99,425.43
Cash: $2,352.13 | Holdings (14): {'CEG': '35.6034 sh (+1.36%)', 'CHD': '97.9637 sh (+0.01%)', 'COHR': '7.9896 sh (-4.69%)', 'CVX': '24.8836 sh (+1.17%)', 'GEHC': '0.6136 sh (-0.28%)', 'IVZ': '306.9138 sh (+1.21%)', 'LMT': '16.3555 sh (+0.32%)', 'MS': '43.8344 sh (-1.63%)', 'MSI': '21.1281 sh (-0.69%)', 'NUE': '36.5544 sh (-1.52%)', 'NVDA': '44.2888 sh (+0.48%)', 'NWS': '303.7199 sh (+1.75%)', 'STLD': '0.9216 sh (-2.54%)', 'WSM': '0.1026 sh (-1.61%)'}
Open orders (1): NVDA sell 44.2888
Risk state: peak $99,703.60 | drawdown 0.28% | today -0.00% | halted: False
Market regime: NEUTRAL (position-size multiplier: 100% incl. circuit breaker 100%)
News: fetched 158, 2 new after dedup, 0 ticker(s) matched.
Quant pre-screen: 47/67 candidates passed.
Gemini proposed 3 trade(s) meeting the conviction bar.
Gemini calls used today (all models combined): 345
Market closed (overnight): queued 12 trade idea(s) for next-morning verification -- nothing submitted yet.
  -> queued WDC buy (conf 92, stop 485.0, tp 560.0)
  -> queued WFC buy (conf 91, stop 86.06, tp 97.76)
  -> queued HAS buy (conf 90, stop 89.34, tp 106.82)
  -> queued HUM buy (conf None, stop 354.57, tp 392.49)
  -> queued WDAY buy (conf 85, stop 188.0, tp 220.0)
  -> queued BAC buy (conf 85, stop 62.5, tp 67.5)
  -> queued HBAN buy (conf 85, stop 17.09, tp 19.45)
  -> queued TDY buy (conf 91, stop 654.41, tp 715.0000000000001)
  -> queued TTWO buy (conf 90, stop 228.4, tp 265.00000000000006)
  -> queued NDAQ buy (conf None, stop 93.23, tp 97.755)
  -> queued TYL buy (conf 91, stop 315.0, tp 355.0)
  -> queued LYB buy (conf 85, stop 58.01, tp 68.00000000000001)
Dashboard watchlist synced (17 symbols) for news/headlines.
Ending portfolio value: $99,425.43
Trade journal: no closed trades yet
Performance: Total return -0.41% | Max drawdown 12.37% | Daily Sharpe 0.27 | Open positions: 14 | Equity $99,425.43
Timings: account: 0.0s | risk: 3.6s | decide: 5.6s | watchlist: 0.2s | perf: 0.2s

=== Run at 2026-08-15T18:38:27.027253 ===
Current time: 2026-08-15 02:38 PM EDT | Market open (per Alpaca): False | Session: CLOSED
Account value: $99,425.43
Cash: $2,352.13 | Holdings (14): {'CEG': '35.6034 sh (+1.36%)', 'CHD': '97.9637 sh (+0.01%)', 'COHR': '7.9896 sh (-4.69%)', 'CVX': '24.8836 sh (+1.17%)', 'GEHC': '0.6136 sh (-0.28%)', 'IVZ': '306.9138 sh (+1.21%)', 'LMT': '16.3555 sh (+0.32%)', 'MS': '43.8344 sh (-1.63%)', 'MSI': '21.1281 sh (-0.69%)', 'NUE': '36.5544 sh (-1.52%)', 'NVDA': '44.2888 sh (+0.48%)', 'NWS': '303.7199 sh (+1.75%)', 'STLD': '0.9216 sh (-2.54%)', 'WSM': '0.1026 sh (-1.61%)'}
Open orders (1): NVDA sell 44.2888
Risk state: peak $99,703.60 | drawdown 0.28% | today -0.00% | halted: False
Market regime: NEUTRAL (position-size multiplier: 100% incl. circuit breaker 100%)
News: fetched 157, 0 new after dedup, 0 ticker(s) matched.
Quant pre-screen: 47/67 candidates passed.
Gemini proposed 2 trade(s) meeting the conviction bar.
Gemini calls used today (all models combined): 346
Market closed (overnight): queued 12 trade idea(s) for next-morning verification -- nothing submitted yet.
  -> queued WDC buy (conf 92, stop 485.0, tp 560.0)
  -> queued WFC buy (conf 91, stop 86.06, tp 97.76)
  -> queued HAS buy (conf 90, stop 89.34, tp 106.82)
  -> queued HUM buy (conf None, stop 354.57, tp 392.49)
  -> queued WDAY buy (conf 85, stop 188.0, tp 220.0)
  -> queued BAC buy (conf 85, stop 62.5, tp 67.5)
  -> queued HBAN buy (conf 85, stop 17.09, tp 19.45)
  -> queued TDY buy (conf 85, stop 654.41, tp 715.0)
  -> queued TTWO buy (conf 80, stop 228.4, tp 265.0)
  -> queued NDAQ buy (conf None, stop 93.23, tp 97.755)
  -> queued TYL buy (conf 91, stop 315.0, tp 355.0)
  -> queued LYB buy (conf 85, stop 58.01, tp 68.00000000000001)
Dashboard watchlist synced (16 symbols) for news/headlines.
Ending portfolio value: $99,425.43
Trade journal: no closed trades yet
Performance: Total return -0.41% | Max drawdown 12.37% | Daily Sharpe 0.27 | Open positions: 14 | Equity $99,425.43
Timings: account: 0.0s | risk: 1.8s | decide: 3.2s | watchlist: 0.1s | perf: 0.2s

=== Run at 2026-08-15T18:40:29.736460 ===
Current time: 2026-08-15 02:40 PM EDT | Market open (per Alpaca): False | Session: CLOSED
Account value: $99,425.43
Cash: $2,352.13 | Holdings (14): {'CEG': '35.6034 sh (+1.36%)', 'CHD': '97.9637 sh (+0.01%)', 'COHR': '7.9896 sh (-4.69%)', 'CVX': '24.8836 sh (+1.17%)', 'GEHC': '0.6136 sh (-0.28%)', 'IVZ': '306.9138 sh (+1.21%)', 'LMT': '16.3555 sh (+0.32%)', 'MS': '43.8344 sh (-1.63%)', 'MSI': '21.1281 sh (-0.69%)', 'NUE': '36.5544 sh (-1.52%)', 'NVDA': '44.2888 sh (+0.48%)', 'NWS': '303.7199 sh (+1.75%)', 'STLD': '0.9216 sh (-2.54%)', 'WSM': '0.1026 sh (-1.61%)'}
Open orders (1): NVDA sell 44.2888
Risk state: peak $99,703.60 | drawdown 0.28% | today -0.00% | halted: False
Market regime: NEUTRAL (position-size multiplier: 100% incl. circuit breaker 100%)
News: fetched 157, 0 new after dedup, 0 ticker(s) matched.
Quant pre-screen: 47/67 candidates passed.
Gemini proposed 3 trade(s) meeting the conviction bar.
Gemini calls used today (all models combined): 347
Market closed (overnight): queued 12 trade idea(s) for next-morning verification -- nothing submitted yet.
  -> queued WDC buy (conf 92, stop 485.0, tp 560.0)
  -> queued WFC buy (conf 91, stop 86.06, tp 97.76)
  -> queued HAS buy (conf 90, stop 89.34, tp 106.82)
  -> queued HUM buy (conf None, stop 354.57, tp 392.49)
  -> queued WDAY buy (conf 85, stop 188.0, tp 220.0)
  -> queued BAC buy (conf 85, stop 62.5, tp 67.5)
  -> queued HBAN buy (conf 85, stop 17.09, tp 19.45)
  -> queued TDY buy (conf 85, stop 654.41, tp 715.0)
  -> queued TTWO buy (conf 91, stop 228.4, tp 265.0)
  -> queued NDAQ buy (conf None, stop 93.23, tp 97.755)
  -> queued TYL buy (conf 92, stop 300.28, tp 355.0)
  -> queued LYB buy (conf 85, stop 58.01, tp 68.00000000000001)
Dashboard watchlist synced (17 symbols) for news/headlines.
Ending portfolio value: $99,425.43
Trade journal: no closed trades yet
Performance: Total return -0.41% | Max drawdown 12.37% | Daily Sharpe 0.27 | Open positions: 14 | Equity $99,425.43
Timings: account: 0.0s | risk: 3.0s | decide: 24.4s | watchlist: 0.1s | perf: 0.2s

=== Run at 2026-08-15T18:42:25.577235 ===
Current time: 2026-08-15 02:42 PM EDT | Market open (per Alpaca): False | Session: CLOSED
Account value: $99,425.43
Cash: $2,352.13 | Holdings (14): {'CEG': '35.6034 sh (+1.36%)', 'CHD': '97.9637 sh (+0.01%)', 'COHR': '7.9896 sh (-4.69%)', 'CVX': '24.8836 sh (+1.17%)', 'GEHC': '0.6136 sh (-0.28%)', 'IVZ': '306.9138 sh (+1.21%)', 'LMT': '16.3555 sh (+0.32%)', 'MS': '43.8344 sh (-1.63%)', 'MSI': '21.1281 sh (-0.69%)', 'NUE': '36.5544 sh (-1.52%)', 'NVDA': '44.2888 sh (+0.48%)', 'NWS': '303.7199 sh (+1.75%)', 'STLD': '0.9216 sh (-2.54%)', 'WSM': '0.1026 sh (-1.61%)'}
Open orders (1): NVDA sell 44.2888
Risk state: peak $99,703.60 | drawdown 0.28% | today -0.00% | halted: False
Market regime: NEUTRAL (position-size multiplier: 100% incl. circuit breaker 100%)
News: fetched 158, 1 new after dedup, 0 ticker(s) matched.
Quant pre-screen: 47/67 candidates passed.
Gemini proposed 3 trade(s) meeting the conviction bar.
Gemini calls used today (all models combined): 348
Market closed (overnight): queued 12 trade idea(s) for next-morning verification -- nothing submitted yet.
  -> queued WDC buy (conf 92, stop 485.0, tp 560.0)
  -> queued WFC buy (conf 91, stop 86.06, tp 97.76)
  -> queued HAS buy (conf 90, stop 89.34, tp 106.82)
  -> queued HUM buy (conf None, stop 354.57, tp 392.49)
  -> queued WDAY buy (conf 85, stop 188.0, tp 220.0)
  -> queued BAC buy (conf 85, stop 62.5, tp 67.5)
  -> queued HBAN buy (conf 85, stop 17.09, tp 19.45)
  -> queued TDY buy (conf 90, stop 655.0, tp 725.0)
  -> queued TTWO buy (conf 90, stop 235.0, tp 270.0)
  -> queued NDAQ buy (conf None, stop 93.23, tp 97.755)
  -> queued TYL buy (conf 92, stop 310.0, tp 355.0)
  -> queued LYB buy (conf 85, stop 58.01, tp 68.00000000000001)
Dashboard watchlist synced (17 symbols) for news/headlines.
Ending portfolio value: $99,425.43
Trade journal: no closed trades yet
Performance: Total return -0.41% | Max drawdown 12.37% | Daily Sharpe 0.27 | Open positions: 14 | Equity $99,425.43
Timings: account: 0.0s | risk: 1.5s | decide: 3.0s | watchlist: 0.1s | perf: 0.1s

=== Run at 2026-08-15T18:44:28.353760 ===
Current time: 2026-08-15 02:44 PM EDT | Market open (per Alpaca): False | Session: CLOSED
Account value: $99,425.43
Cash: $2,352.13 | Holdings (14): {'CEG': '35.6034 sh (+1.36%)', 'CHD': '97.9637 sh (+0.01%)', 'COHR': '7.9896 sh (-4.69%)', 'CVX': '24.8836 sh (+1.17%)', 'GEHC': '0.6136 sh (-0.28%)', 'IVZ': '306.9138 sh (+1.21%)', 'LMT': '16.3555 sh (+0.32%)', 'MS': '43.8344 sh (-1.63%)', 'MSI': '21.1281 sh (-0.69%)', 'NUE': '36.5544 sh (-1.52%)', 'NVDA': '44.2888 sh (+0.48%)', 'NWS': '303.7199 sh (+1.75%)', 'STLD': '0.9216 sh (-2.54%)', 'WSM': '0.1026 sh (-1.61%)'}
Open orders (1): NVDA sell 44.2888
Risk state: peak $99,703.60 | drawdown 0.28% | today -0.00% | halted: False
Market regime: NEUTRAL (position-size multiplier: 100% incl. circuit breaker 100%)
News: fetched 158, 1 new after dedup, 0 ticker(s) matched.
Quant pre-screen: 47/67 candidates passed.
Gemini proposed 2 trade(s) meeting the conviction bar.
Gemini calls used today (all models combined): 349
Market closed (overnight): queued 12 trade idea(s) for next-morning verification -- nothing submitted yet.
  -> queued WDC buy (conf 92, stop 485.0, tp 560.0)
  -> queued WFC buy (conf 91, stop 86.06, tp 97.76)
  -> queued HAS buy (conf 90, stop 89.34, tp 106.82)
  -> queued HUM buy (conf None, stop 354.57, tp 392.49)
  -> queued WDAY buy (conf 85, stop 188.0, tp 220.0)
  -> queued BAC buy (conf 85, stop 62.5, tp 67.5)
  -> queued HBAN buy (conf 85, stop 17.09, tp 19.45)
  -> queued TDY buy (conf 82, stop 655.0, tp 697.0)
  -> queued TTWO buy (conf 85, stop 232.0, tp 265.0)
  -> queued NDAQ buy (conf None, stop 93.23, tp 97.755)
  -> queued TYL buy (conf 92, stop 310.0, tp 355.0)
  -> queued LYB buy (conf 85, stop 58.01, tp 68.00000000000001)
Dashboard watchlist synced (16 symbols) for news/headlines.
Ending portfolio value: $99,425.43
Trade journal: no closed trades yet
Performance: Total return -0.41% | Max drawdown 12.37% | Daily Sharpe 0.27 | Open positions: 14 | Equity $99,425.43
Timings: account: 0.0s | risk: 1.5s | decide: 2.3s | watchlist: 0.1s | perf: 0.1s

=== Run at 2026-08-15T18:46:28.850964 ===
Current time: 2026-08-15 02:46 PM EDT | Market open (per Alpaca): False | Session: CLOSED
Account value: $99,425.43
Cash: $2,352.13 | Holdings (14): {'CEG': '35.6034 sh (+1.36%)', 'CHD': '97.9637 sh (+0.01%)', 'COHR': '7.9896 sh (-4.69%)', 'CVX': '24.8836 sh (+1.17%)', 'GEHC': '0.6136 sh (-0.28%)', 'IVZ': '306.9138 sh (+1.21%)', 'LMT': '16.3555 sh (+0.32%)', 'MS': '43.8344 sh (-1.63%)', 'MSI': '21.1281 sh (-0.69%)', 'NUE': '36.5544 sh (-1.52%)', 'NVDA': '44.2888 sh (+0.48%)', 'NWS': '303.7199 sh (+1.75%)', 'STLD': '0.9216 sh (-2.54%)', 'WSM': '0.1026 sh (-1.61%)'}
Open orders (1): NVDA sell 44.2888
Risk state: peak $99,703.60 | drawdown 0.28% | today -0.00% | halted: False
Market regime: NEUTRAL (position-size multiplier: 100% incl. circuit breaker 100%)
News: fetched 157, 1 new after dedup, 0 ticker(s) matched.
Quant pre-screen: 47/67 candidates passed.
Gemini proposed 1 trade(s) meeting the conviction bar.
Gemini calls used today (all models combined): 350
Market closed (overnight): queued 12 trade idea(s) for next-morning verification -- nothing submitted yet.
  -> queued WDC buy (conf 92, stop 485.0, tp 560.0)
  -> queued WFC buy (conf 91, stop 86.06, tp 97.76)
  -> queued HAS buy (conf 90, stop 89.34, tp 106.82)
  -> queued HUM buy (conf None, stop 354.57, tp 392.49)
  -> queued WDAY buy (conf 85, stop 188.0, tp 220.0)
  -> queued BAC buy (conf 85, stop 62.5, tp 67.5)
  -> queued HBAN buy (conf 85, stop 17.09, tp 19.45)
  -> queued TDY buy (conf 82, stop 655.0, tp 697.0)
  -> queued TTWO buy (conf 85, stop 232.0, tp 265.0)
  -> queued NDAQ buy (conf None, stop 93.23, tp 97.755)
  -> queued TYL buy (conf 91, stop 315.0, tp 35500000.0)
  -> queued LYB buy (conf 85, stop 58.01, tp 68.00000000000001)
Dashboard watchlist synced (15 symbols) for news/headlines.
Ending portfolio value: $99,425.43
Trade journal: no closed trades yet
Performance: Total return -0.41% | Max drawdown 12.37% | Daily Sharpe 0.27 | Open positions: 14 | Equity $99,425.43
Timings: account: 0.0s | risk: 2.3s | decide: 8.0s | watchlist: 0.1s | perf: 0.2s

=== Run at 2026-08-15T18:48:30.308865 ===
Current time: 2026-08-15 02:48 PM EDT | Market open (per Alpaca): False | Session: CLOSED
Account value: $99,425.43
Cash: $2,352.13 | Holdings (14): {'CEG': '35.6034 sh (+1.36%)', 'CHD': '97.9637 sh (+0.01%)', 'COHR': '7.9896 sh (-4.69%)', 'CVX': '24.8836 sh (+1.17%)', 'GEHC': '0.6136 sh (-0.28%)', 'IVZ': '306.9138 sh (+1.21%)', 'LMT': '16.3555 sh (+0.32%)', 'MS': '43.8344 sh (-1.63%)', 'MSI': '21.1281 sh (-0.69%)', 'NUE': '36.5544 sh (-1.52%)', 'NVDA': '44.2888 sh (+0.48%)', 'NWS': '303.7199 sh (+1.75%)', 'STLD': '0.9216 sh (-2.54%)', 'WSM': '0.1026 sh (-1.61%)'}
Open orders (1): NVDA sell 44.2888
Risk state: peak $99,703.60 | drawdown 0.28% | today -0.00% | halted: False
Market regime: NEUTRAL (position-size multiplier: 100% incl. circuit breaker 100%)
News: fetched 157, 0 new after dedup, 0 ticker(s) matched.
Quant pre-screen: 47/67 candidates passed.
Gemini proposed 2 trade(s) meeting the conviction bar.
Gemini calls used today (all models combined): 351
Market closed (overnight): queued 12 trade idea(s) for next-morning verification -- nothing submitted yet.
  -> queued WDC buy (conf 92, stop 485.0, tp 560.0)
  -> queued WFC buy (conf 91, stop 86.06, tp 97.76)
  -> queued HAS buy (conf 90, stop 89.34, tp 106.82)
  -> queued HUM buy (conf None, stop 354.57, tp 392.49)
  -> queued WDAY buy (conf 85, stop 188.0, tp 220.0)
  -> queued BAC buy (conf 85, stop 62.5, tp 67.5)
  -> queued HBAN buy (conf 85, stop 17.09, tp 19.45)
  -> queued TDY buy (conf 82, stop 655.0, tp 697.0)
  -> queued TTWO buy (conf 91, stop 230.0, tp 265.00000000000006)
  -> queued NDAQ buy (conf None, stop 93.23, tp 97.755)
  -> queued TYL buy (conf 90, stop 310.0, tp 350.00000000000006)
  -> queued LYB buy (conf 85, stop 58.01, tp 68.00000000000001)
Dashboard watchlist synced (16 symbols) for news/headlines.
Ending portfolio value: $99,425.43
Trade journal: no closed trades yet
Performance: Total return -0.41% | Max drawdown 12.37% | Daily Sharpe 0.27 | Open positions: 14 | Equity $99,425.43
Timings: account: 0.0s | risk: 3.5s | decide: 5.2s | watchlist: 0.1s | perf: 0.3s

=== Run at 2026-08-15T18:50:29.205143 ===
Current time: 2026-08-15 02:50 PM EDT | Market open (per Alpaca): False | Session: CLOSED
Account value: $99,425.43
Cash: $2,352.13 | Holdings (14): {'CEG': '35.6034 sh (+1.36%)', 'CHD': '97.9637 sh (+0.01%)', 'COHR': '7.9896 sh (-4.69%)', 'CVX': '24.8836 sh (+1.17%)', 'GEHC': '0.6136 sh (-0.28%)', 'IVZ': '306.9138 sh (+1.21%)', 'LMT': '16.3555 sh (+0.32%)', 'MS': '43.8344 sh (-1.63%)', 'MSI': '21.1281 sh (-0.69%)', 'NUE': '36.5544 sh (-1.52%)', 'NVDA': '44.2888 sh (+0.48%)', 'NWS': '303.7199 sh (+1.75%)', 'STLD': '0.9216 sh (-2.54%)', 'WSM': '0.1026 sh (-1.61%)'}
Open orders (1): NVDA sell 44.2888
Risk state: peak $99,703.60 | drawdown 0.28% | today -0.00% | halted: False
Market regime: NEUTRAL (position-size multiplier: 100% incl. circuit breaker 100%)
News: fetched 158, 0 new after dedup, 0 ticker(s) matched.
Quant pre-screen: 47/67 candidates passed.
Gemini proposed 3 trade(s) meeting the conviction bar.
Gemini calls used today (all models combined): 352
Market closed (overnight): queued 12 trade idea(s) for next-morning verification -- nothing submitted yet.
  -> queued WDC buy (conf 92, stop 485.0, tp 560.0)
  -> queued WFC buy (conf 91, stop 86.06, tp 97.76)
  -> queued HAS buy (conf 90, stop 89.34, tp 106.82)
  -> queued HUM buy (conf None, stop 354.57, tp 392.49)
  -> queued WDAY buy (conf 85, stop 188.0, tp 220.0)
  -> queued BAC buy (conf 85, stop 62.5, tp 67.5)
  -> queued HBAN buy (conf 85, stop 17.09, tp 19.45)
  -> queued TDY buy (conf 85, stop 660.0, tp 715.0)
  -> queued TTWO buy (conf 90, stop 235.0, tp 270.0)
  -> queued NDAQ buy (conf None, stop 93.23, tp 97.755)
  -> queued TYL buy (conf 92, stop 315.0, tp 355.0)
  -> queued LYB buy (conf 85, stop 58.01, tp 68.00000000000001)
Dashboard watchlist synced (17 symbols) for news/headlines.
Ending portfolio value: $99,425.43
Trade journal: no closed trades yet
Performance: Total return -0.41% | Max drawdown 12.37% | Daily Sharpe 0.27 | Open positions: 14 | Equity $99,425.43
Timings: account: 0.0s | risk: 0.9s | decide: 2.7s | watchlist: 0.0s | perf: 0.1s

=== Run at 2026-08-15T18:52:28.764486 ===
Current time: 2026-08-15 02:52 PM EDT | Market open (per Alpaca): False | Session: CLOSED
Account value: $99,425.43
Cash: $2,352.13 | Holdings (14): {'CEG': '35.6034 sh (+1.36%)', 'CHD': '97.9637 sh (+0.01%)', 'COHR': '7.9896 sh (-4.69%)', 'CVX': '24.8836 sh (+1.17%)', 'GEHC': '0.6136 sh (-0.28%)', 'IVZ': '306.9138 sh (+1.21%)', 'LMT': '16.3555 sh (+0.32%)', 'MS': '43.8344 sh (-1.63%)', 'MSI': '21.1281 sh (-0.69%)', 'NUE': '36.5544 sh (-1.52%)', 'NVDA': '44.2888 sh (+0.48%)', 'NWS': '303.7199 sh (+1.75%)', 'STLD': '0.9216 sh (-2.54%)', 'WSM': '0.1026 sh (-1.61%)'}
Open orders (1): NVDA sell 44.2888
Risk state: peak $99,703.60 | drawdown 0.28% | today -0.00% | halted: False
Market regime: NEUTRAL (position-size multiplier: 100% incl. circuit breaker 100%)
News: fetched 157, 1 new after dedup, 0 ticker(s) matched.
Quant pre-screen: 47/67 candidates passed.
Gemini proposed 3 trade(s) meeting the conviction bar.
Gemini calls used today (all models combined): 353
Market closed (overnight): queued 12 trade idea(s) for next-morning verification -- nothing submitted yet.
  -> queued WDC buy (conf 92, stop 485.0, tp 560.0)
  -> queued WFC buy (conf 91, stop 86.06, tp 97.76)
  -> queued HAS buy (conf 90, stop 89.34, tp 106.82)
  -> queued HUM buy (conf None, stop 354.57, tp 392.49)
  -> queued WDAY buy (conf 85, stop 188.0, tp 220.0)
  -> queued BAC buy (conf 85, stop 62.5, tp 67.5)
  -> queued HBAN buy (conf 85, stop 17.09, tp 19.45)
  -> queued TDY buy (conf 90, stop 654.41, tp 720.0)
  -> queued TTWO buy (conf 90, stop 228.4, tp 275.0)
  -> queued NDAQ buy (conf None, stop 93.23, tp 97.755)
  -> queued TYL buy (conf 92, stop 300.28, tp 355.0)
  -> queued LYB buy (conf 85, stop 58.01, tp 68.00000000000001)
Dashboard watchlist synced (17 symbols) for news/headlines.
Ending portfolio value: $99,425.43
Trade journal: no closed trades yet
Performance: Total return -0.41% | Max drawdown 12.37% | Daily Sharpe 0.27 | Open positions: 14 | Equity $99,425.43
Timings: account: 0.0s | risk: 3.6s | decide: 4.5s | watchlist: 0.2s | perf: 0.3s

=== Run at 2026-08-15T18:54:29.262533 ===
Current time: 2026-08-15 02:54 PM EDT | Market open (per Alpaca): False | Session: CLOSED
Account value: $99,425.43
Cash: $2,352.13 | Holdings (14): {'CEG': '35.6034 sh (+1.36%)', 'CHD': '97.9637 sh (+0.01%)', 'COHR': '7.9896 sh (-4.69%)', 'CVX': '24.8836 sh (+1.17%)', 'GEHC': '0.6136 sh (-0.28%)', 'IVZ': '306.9138 sh (+1.21%)', 'LMT': '16.3555 sh (+0.32%)', 'MS': '43.8344 sh (-1.63%)', 'MSI': '21.1281 sh (-0.69%)', 'NUE': '36.5544 sh (-1.52%)', 'NVDA': '44.2888 sh (+0.48%)', 'NWS': '303.7199 sh (+1.75%)', 'STLD': '0.9216 sh (-2.54%)', 'WSM': '0.1026 sh (-1.61%)'}
Open orders (1): NVDA sell 44.2888
Risk state: peak $99,703.60 | drawdown 0.28% | today -0.00% | halted: False
Market regime: NEUTRAL (position-size multiplier: 100% incl. circuit breaker 100%)
News: fetched 157, 0 new after dedup, 0 ticker(s) matched.
Quant pre-screen: 47/67 candidates passed.
Gemini proposed 1 trade(s) meeting the conviction bar.
Gemini calls used today (all models combined): 354
Market closed (overnight): queued 12 trade idea(s) for next-morning verification -- nothing submitted yet.
  -> queued WDC buy (conf 92, stop 485.0, tp 560.0)
  -> queued WFC buy (conf 91, stop 86.06, tp 97.76)
  -> queued HAS buy (conf 90, stop 89.34, tp 106.82)
  -> queued HUM buy (conf None, stop 354.57, tp 392.49)
  -> queued WDAY buy (conf 85, stop 188.0, tp 220.0)
  -> queued BAC buy (conf 85, stop 62.5, tp 67.5)
  -> queued HBAN buy (conf 85, stop 17.09, tp 19.45)
  -> queued TDY buy (conf 90, stop 654.41, tp 720.0)
  -> queued TTWO buy (conf 90, stop 228.4, tp 275.0)
  -> queued NDAQ buy (conf None, stop 93.23, tp 97.755)
  -> queued TYL buy (conf 92, stop 315.0, tp 355.0)
  -> queued LYB buy (conf 85, stop 58.01, tp 68.00000000000001)
Dashboard watchlist synced (15 symbols) for news/headlines.
Ending portfolio value: $99,425.43
Trade journal: no closed trades yet
Performance: Total return -0.41% | Max drawdown 12.37% | Daily Sharpe 0.27 | Open positions: 14 | Equity $99,425.43
Timings: account: 0.0s | risk: 3.0s | decide: 4.0s | watchlist: 0.1s | perf: 0.2s

=== Run at 2026-08-15T18:56:26.661027 ===
Current time: 2026-08-15 02:56 PM EDT | Market open (per Alpaca): False | Session: CLOSED
Account value: $99,425.43
Cash: $2,352.13 | Holdings (14): {'CEG': '35.6034 sh (+1.36%)', 'CHD': '97.9637 sh (+0.01%)', 'COHR': '7.9896 sh (-4.69%)', 'CVX': '24.8836 sh (+1.17%)', 'GEHC': '0.6136 sh (-0.28%)', 'IVZ': '306.9138 sh (+1.21%)', 'LMT': '16.3555 sh (+0.32%)', 'MS': '43.8344 sh (-1.63%)', 'MSI': '21.1281 sh (-0.69%)', 'NUE': '36.5544 sh (-1.52%)', 'NVDA': '44.2888 sh (+0.48%)', 'NWS': '303.7199 sh (+1.75%)', 'STLD': '0.9216 sh (-2.54%)', 'WSM': '0.1026 sh (-1.61%)'}
Open orders (1): NVDA sell 44.2888
Risk state: peak $99,703.60 | drawdown 0.28% | today -0.00% | halted: False
Market regime: NEUTRAL (position-size multiplier: 100% incl. circuit breaker 100%)
News: fetched 157, 0 new after dedup, 0 ticker(s) matched.
Quant pre-screen: 47/67 candidates passed.
Gemini proposed 2 trade(s) meeting the conviction bar.
Gemini calls used today (all models combined): 355
Market closed (overnight): queued 12 trade idea(s) for next-morning verification -- nothing submitted yet.
  -> queued WDC buy (conf 92, stop 485.0, tp 560.0)
  -> queued WFC buy (conf 91, stop 86.06, tp 97.76)
  -> queued HAS buy (conf 90, stop 89.34, tp 106.82)
  -> queued HUM buy (conf None, stop 354.57, tp 392.49)
  -> queued WDAY buy (conf 85, stop 188.0, tp 220.0)
  -> queued BAC buy (conf 85, stop 62.5, tp 67.5)
  -> queued HBAN buy (conf 85, stop 17.09, tp 19.45)
  -> queued TDY buy (conf 90, stop 654.41, tp 720.0)
  -> queued TTWO buy (conf 90, stop 238.99, tp 268.00000000000006)
  -> queued NDAQ buy (conf None, stop 93.23, tp 97.755)
  -> queued TYL buy (conf 91, stop 315.49, tp 355.00000000000006)
  -> queued LYB buy (conf 85, stop 58.01, tp 68.00000000000001)
Dashboard watchlist synced (16 symbols) for news/headlines.
Ending portfolio value: $99,425.43
Trade journal: no closed trades yet
Performance: Total return -0.41% | Max drawdown 12.37% | Daily Sharpe 0.27 | Open positions: 14 | Equity $99,425.43
Timings: account: 0.0s | risk: 3.7s | decide: 4.2s | watchlist: 0.1s | perf: 0.2s

=== Run at 2026-08-15T18:58:30.987525 ===
Current time: 2026-08-15 02:58 PM EDT | Market open (per Alpaca): False | Session: CLOSED
Account value: $99,425.43
Cash: $2,352.13 | Holdings (14): {'CEG': '35.6034 sh (+1.36%)', 'CHD': '97.9637 sh (+0.01%)', 'COHR': '7.9896 sh (-4.69%)', 'CVX': '24.8836 sh (+1.17%)', 'GEHC': '0.6136 sh (-0.28%)', 'IVZ': '306.9138 sh (+1.21%)', 'LMT': '16.3555 sh (+0.32%)', 'MS': '43.8344 sh (-1.63%)', 'MSI': '21.1281 sh (-0.69%)', 'NUE': '36.5544 sh (-1.52%)', 'NVDA': '44.2888 sh (+0.48%)', 'NWS': '303.7199 sh (+1.75%)', 'STLD': '0.9216 sh (-2.54%)', 'WSM': '0.1026 sh (-1.61%)'}
Open orders (1): NVDA sell 44.2888
Risk state: peak $99,703.60 | drawdown 0.28% | today -0.00% | halted: False
Market regime: NEUTRAL (position-size multiplier: 100% incl. circuit breaker 100%)
News: fetched 157, 0 new after dedup, 0 ticker(s) matched.
Quant pre-screen: 47/67 candidates passed.
Gemini proposed 2 trade(s) meeting the conviction bar.
Gemini calls used today (all models combined): 356
Market closed (overnight): queued 12 trade idea(s) for next-morning verification -- nothing submitted yet.
  -> queued WDC buy (conf 92, stop 485.0, tp 560.0)
  -> queued WFC buy (conf 91, stop 86.06, tp 97.76)
  -> queued HAS buy (conf 90, stop 89.34, tp 106.82)
  -> queued HUM buy (conf None, stop 354.57, tp 392.49)
  -> queued WDAY buy (conf 85, stop 188.0, tp 220.0)
  -> queued BAC buy (conf 85, stop 62.5, tp 67.5)
  -> queued HBAN buy (conf 85, stop 17.09, tp 19.45)
  -> queued TDY buy (conf 91, stop 654.41, tp 715.0)
  -> queued TTWO buy (conf 90, stop 228.4, tp 265.0)
  -> queued NDAQ buy (conf None, stop 93.23, tp 97.755)
  -> queued TYL buy (conf 91, stop 315.49, tp 355.00000000000006)
  -> queued LYB buy (conf 85, stop 58.01, tp 68.00000000000001)
Dashboard watchlist synced (16 symbols) for news/headlines.
Ending portfolio value: $99,425.43
Trade journal: no closed trades yet
Performance: Total return -0.41% | Max drawdown 12.37% | Daily Sharpe 0.27 | Open positions: 14 | Equity $99,425.43
Timings: account: 0.0s | risk: 4.0s | decide: 4.7s | watchlist: 0.1s | perf: 0.2s

=== Run at 2026-08-15T19:00:37.128807 ===
Current time: 2026-08-15 03:00 PM EDT | Market open (per Alpaca): False | Session: CLOSED
Account value: $99,425.43
Cash: $2,352.13 | Holdings (14): {'CEG': '35.6034 sh (+1.36%)', 'CHD': '97.9637 sh (+0.01%)', 'COHR': '7.9896 sh (-4.69%)', 'CVX': '24.8836 sh (+1.17%)', 'GEHC': '0.6136 sh (-0.28%)', 'IVZ': '306.9138 sh (+1.21%)', 'LMT': '16.3555 sh (+0.32%)', 'MS': '43.8344 sh (-1.63%)', 'MSI': '21.1281 sh (-0.69%)', 'NUE': '36.5544 sh (-1.52%)', 'NVDA': '44.2888 sh (+0.48%)', 'NWS': '303.7199 sh (+1.75%)', 'STLD': '0.9216 sh (-2.54%)', 'WSM': '0.1026 sh (-1.61%)'}
Open orders (1): NVDA sell 44.2888
Risk state: peak $99,703.60 | drawdown 0.28% | today -0.00% | halted: False
Market regime: NEUTRAL (position-size multiplier: 100% incl. circuit breaker 100%)
News: fetched 158, 1 new after dedup, 0 ticker(s) matched.
Quant pre-screen: 14/19 candidates passed.
Gemini proposed 3 trade(s) meeting the conviction bar.
Gemini calls used today (all models combined): 357
Market closed (overnight): queued 12 trade idea(s) for next-morning verification -- nothing submitted yet.
  -> queued WDC buy (conf 92, stop 485.0, tp 560.0)
  -> queued WFC buy (conf 91, stop 86.06, tp 97.76)
  -> queued HAS buy (conf 90, stop 89.34, tp 106.82)
  -> queued HUM buy (conf None, stop 354.57, tp 392.49)
  -> queued WDAY buy (conf 85, stop 188.0, tp 220.0)
  -> queued BAC buy (conf 85, stop 62.5, tp 67.5)
  -> queued HBAN buy (conf 85, stop 17.09, tp 19.45)
  -> queued TDY buy (conf 90, stop 654.41, tp 710.0)
  -> queued TTWO buy (conf 85, stop 228.4, tp 265.49)
  -> queued NDAQ buy (conf None, stop 93.23, tp 97.755)
  -> queued TYL buy (conf 91, stop 315.49, tp 355.00000000000006)
  -> queued LYB buy (conf 82, stop 58.01, tp 66.5)
Dashboard watchlist synced (17 symbols) for news/headlines.
Ending portfolio value: $99,425.43
Trade journal: no closed trades yet
Performance: Total return -0.41% | Max drawdown 12.37% | Daily Sharpe 0.27 | Open positions: 14 | Equity $99,425.43
Timings: account: 0.0s | risk: 1.0s | decide: 3.0s | watchlist: 0.0s | perf: 0.1s

=== Run at 2026-08-15T19:02:30.688658 ===
Current time: 2026-08-15 03:02 PM EDT | Market open (per Alpaca): False | Session: CLOSED
Account value: $99,425.43
Cash: $2,352.13 | Holdings (14): {'CEG': '35.6034 sh (+1.36%)', 'CHD': '97.9637 sh (+0.01%)', 'COHR': '7.9896 sh (-4.69%)', 'CVX': '24.8836 sh (+1.17%)', 'GEHC': '0.6136 sh (-0.28%)', 'IVZ': '306.9138 sh (+1.21%)', 'LMT': '16.3555 sh (+0.32%)', 'MS': '43.8344 sh (-1.63%)', 'MSI': '21.1281 sh (-0.69%)', 'NUE': '36.5544 sh (-1.52%)', 'NVDA': '44.2888 sh (+0.48%)', 'NWS': '303.7199 sh (+1.75%)', 'STLD': '0.9216 sh (-2.54%)', 'WSM': '0.1026 sh (-1.61%)'}
Open orders (1): NVDA sell 44.2888
Risk state: peak $99,703.60 | drawdown 0.28% | today -0.00% | halted: False
Market regime: NEUTRAL (position-size multiplier: 100% incl. circuit breaker 100%)
News: fetched 157, 0 new after dedup, 0 ticker(s) matched.
Quant pre-screen: 23/31 candidates passed.
Gemini proposed 2 trade(s) meeting the conviction bar.
Gemini calls used today (all models combined): 358
Market closed (overnight): queued 12 trade idea(s) for next-morning verification -- nothing submitted yet.
  -> queued WDC buy (conf 92, stop 485.0, tp 560.0)
  -> queued WFC buy (conf 91, stop 86.06, tp 97.76)
  -> queued HAS buy (conf 90, stop 89.34, tp 106.82)
  -> queued HUM buy (conf None, stop 354.57, tp 392.49)
  -> queued WDAY buy (conf 85, stop 188.0, tp 220.0)
  -> queued BAC buy (conf 85, stop 62.5, tp 67.5)
  -> queued HBAN buy (conf 85, stop 17.09, tp 19.45)
  -> queued TDY buy (conf 90, stop 654.41, tp 710.0)
  -> queued TTWO buy (conf 80, stop 236.0, tp 272.00000000000006)
  -> queued NDAQ buy (conf None, stop 93.23, tp 97.755)
  -> queued TYL buy (conf 85, stop 315.0, tp 355.00000000000006)
  -> queued LYB buy (conf 82, stop 58.01, tp 66.5)
Dashboard watchlist synced (16 symbols) for news/headlines.
Ending portfolio value: $99,425.43
Trade journal: no closed trades yet
Performance: Total return -0.41% | Max drawdown 12.37% | Daily Sharpe 0.27 | Open positions: 14 | Equity $99,425.43
Timings: account: 0.0s | risk: 3.0s | decide: 14.2s | watchlist: 0.1s | perf: 0.2s

=== Run at 2026-08-15T19:04:26.599935 ===
Current time: 2026-08-15 03:04 PM EDT | Market open (per Alpaca): False | Session: CLOSED
Account value: $99,425.43
Cash: $2,352.13 | Holdings (14): {'CEG': '35.6034 sh (+1.36%)', 'CHD': '97.9637 sh (+0.01%)', 'COHR': '7.9896 sh (-4.69%)', 'CVX': '24.8836 sh (+1.17%)', 'GEHC': '0.6136 sh (-0.28%)', 'IVZ': '306.9138 sh (+1.21%)', 'LMT': '16.3555 sh (+0.32%)', 'MS': '43.8344 sh (-1.63%)', 'MSI': '21.1281 sh (-0.69%)', 'NUE': '36.5544 sh (-1.52%)', 'NVDA': '44.2888 sh (+0.48%)', 'NWS': '303.7199 sh (+1.75%)', 'STLD': '0.9216 sh (-2.54%)', 'WSM': '0.1026 sh (-1.61%)'}
Open orders (1): NVDA sell 44.2888
Risk state: peak $99,703.60 | drawdown 0.28% | today -0.00% | halted: False
Market regime: NEUTRAL (position-size multiplier: 100% incl. circuit breaker 100%)
News: fetched 158, 1 new after dedup, 0 ticker(s) matched.
Quant pre-screen: 31/43 candidates passed.
Gemini proposed 2 trade(s) meeting the conviction bar.
Gemini calls used today (all models combined): 359
Market closed (overnight): queued 12 trade idea(s) for next-morning verification -- nothing submitted yet.
  -> queued WDC buy (conf 92, stop 485.0, tp 560.0)
  -> queued WFC buy (conf 91, stop 86.06, tp 97.76)
  -> queued HAS buy (conf 90, stop 89.34, tp 106.82)
  -> queued HUM buy (conf None, stop 354.57, tp 392.49)
  -> queued WDAY buy (conf 85, stop 188.0, tp 220.0)
  -> queued BAC buy (conf 85, stop 62.5, tp 67.5)
  -> queued HBAN buy (conf 85, stop 17.09, tp 19.45)
  -> queued TDY buy (conf 90, stop 654.41, tp 710.0)
  -> queued TTWO buy (conf 90, stop 232.0, tp 270.0)
  -> queued NDAQ buy (conf None, stop 93.23, tp 97.755)
  -> queued TYL buy (conf 92, stop 310.0, tp 355.00000000000006)
  -> queued LYB buy (conf 82, stop 58.01, tp 66.5)
Dashboard watchlist synced (16 symbols) for news/headlines.
Ending portfolio value: $99,425.43
Trade journal: no closed trades yet
Performance: Total return -0.41% | Max drawdown 12.37% | Daily Sharpe 0.27 | Open positions: 14 | Equity $99,425.43
Timings: account: 0.0s | risk: 2.3s | decide: 5.4s | watchlist: 0.1s | perf: 0.2s

=== Run at 2026-08-15T19:06:23.680100 ===
Current time: 2026-08-15 03:06 PM EDT | Market open (per Alpaca): False | Session: CLOSED
Account value: $99,425.43
Cash: $2,352.13 | Holdings (14): {'CEG': '35.6034 sh (+1.36%)', 'CHD': '97.9637 sh (+0.01%)', 'COHR': '7.9896 sh (-4.69%)', 'CVX': '24.8836 sh (+1.17%)', 'GEHC': '0.6136 sh (-0.28%)', 'IVZ': '306.9138 sh (+1.21%)', 'LMT': '16.3555 sh (+0.32%)', 'MS': '43.8344 sh (-1.63%)', 'MSI': '21.1281 sh (-0.69%)', 'NUE': '36.5544 sh (-1.52%)', 'NVDA': '44.2888 sh (+0.48%)', 'NWS': '303.7199 sh (+1.75%)', 'STLD': '0.9216 sh (-2.54%)', 'WSM': '0.1026 sh (-1.61%)'}
Open orders (1): NVDA sell 44.2888
Risk state: peak $99,703.60 | drawdown 0.28% | today -0.00% | halted: False
Market regime: NEUTRAL (position-size multiplier: 100% incl. circuit breaker 100%)
News: fetched 157, 2 new after dedup, 0 ticker(s) matched.
Quant pre-screen: 40/55 candidates passed.
Gemini proposed 3 trade(s) meeting the conviction bar.
Gemini calls used today (all models combined): 360
Market closed (overnight): queued 12 trade idea(s) for next-morning verification -- nothing submitted yet.
  -> queued WDC buy (conf 92, stop 485.0, tp 560.0)
  -> queued WFC buy (conf 91, stop 86.06, tp 97.76)
  -> queued HAS buy (conf 90, stop 89.34, tp 106.82)
  -> queued HUM buy (conf None, stop 354.57, tp 392.49)
  -> queued WDAY buy (conf 85, stop 188.0, tp 220.0)
  -> queued BAC buy (conf 85, stop 62.5, tp 67.5)
  -> queued HBAN buy (conf 85, stop 17.09, tp 19.45)
  -> queued TDY buy (conf 90, stop 650.0, tp 725.0)
  -> queued TTWO buy (conf 91, stop 232.0, tp 270.0)
  -> queued NDAQ buy (conf None, stop 93.23, tp 97.755)
  -> queued TYL buy (conf 92, stop 310.0, tp 355.00000000000006)
  -> queued LYB buy (conf 82, stop 58.01, tp 66.5)
Dashboard watchlist synced (17 symbols) for news/headlines.
Ending portfolio value: $99,425.43
Trade journal: no closed trades yet
Performance: Total return -0.41% | Max drawdown 12.37% | Daily Sharpe 0.27 | Open positions: 14 | Equity $99,425.43
Timings: account: 0.0s | risk: 1.8s | decide: 4.1s | watchlist: 0.1s | perf: 0.1s

=== Run at 2026-08-15T19:08:28.091241 ===
Current time: 2026-08-15 03:08 PM EDT | Market open (per Alpaca): False | Session: CLOSED
Account value: $99,425.43
Cash: $2,352.13 | Holdings (14): {'CEG': '35.6034 sh (+1.36%)', 'CHD': '97.9637 sh (+0.01%)', 'COHR': '7.9896 sh (-4.69%)', 'CVX': '24.8836 sh (+1.17%)', 'GEHC': '0.6136 sh (-0.28%)', 'IVZ': '306.9138 sh (+1.21%)', 'LMT': '16.3555 sh (+0.32%)', 'MS': '43.8344 sh (-1.63%)', 'MSI': '21.1281 sh (-0.69%)', 'NUE': '36.5544 sh (-1.52%)', 'NVDA': '44.2888 sh (+0.48%)', 'NWS': '303.7199 sh (+1.75%)', 'STLD': '0.9216 sh (-2.54%)', 'WSM': '0.1026 sh (-1.61%)'}
Open orders (1): NVDA sell 44.2888
Risk state: peak $99,703.60 | drawdown 0.28% | today -0.00% | halted: False
Market regime: NEUTRAL (position-size multiplier: 100% incl. circuit breaker 100%)
News: fetched 157, 0 new after dedup, 0 ticker(s) matched.
Quant pre-screen: 48/67 candidates passed.
Gemini proposed 3 trade(s) meeting the conviction bar.
Gemini calls used today (all models combined): 361
Market closed (overnight): queued 12 trade idea(s) for next-morning verification -- nothing submitted yet.
  -> queued WDC buy (conf 92, stop 485.0, tp 560.0)
  -> queued WFC buy (conf 91, stop 86.06, tp 97.76)
  -> queued HAS buy (conf 90, stop 89.34, tp 106.82)
  -> queued HUM buy (conf None, stop 354.57, tp 392.49)
  -> queued WDAY buy (conf 85, stop 188.0, tp 220.0)
  -> queued BAC buy (conf 85, stop 62.5, tp 67.5)
  -> queued HBAN buy (conf 85, stop 17.09, tp 19.45)
  -> queued TDY buy (conf 90, stop 655.0, tp 720.0)
  -> queued TTWO buy (conf 90, stop 235.0, tp 270.0)
  -> queued NDAQ buy (conf None, stop 93.23, tp 97.755)
  -> queued TYL buy (conf 92, stop 315.0, tp 355.0)
  -> queued LYB buy (conf 82, stop 58.01, tp 66.5)
Dashboard watchlist synced (17 symbols) for news/headlines.
Ending portfolio value: $99,425.43
Trade journal: no closed trades yet
Performance: Total return -0.41% | Max drawdown 12.37% | Daily Sharpe 0.27 | Open positions: 14 | Equity $99,425.43
Timings: account: 0.0s | risk: 1.4s | decide: 4.1s | watchlist: 0.1s | perf: 0.1s

=== Run at 2026-08-15T19:10:32.484576 ===
Current time: 2026-08-15 03:10 PM EDT | Market open (per Alpaca): False | Session: CLOSED
Account value: $99,425.43
Cash: $2,352.13 | Holdings (14): {'CEG': '35.6034 sh (+1.36%)', 'CHD': '97.9637 sh (+0.01%)', 'COHR': '7.9896 sh (-4.69%)', 'CVX': '24.8836 sh (+1.17%)', 'GEHC': '0.6136 sh (-0.28%)', 'IVZ': '306.9138 sh (+1.21%)', 'LMT': '16.3555 sh (+0.32%)', 'MS': '43.8344 sh (-1.63%)', 'MSI': '21.1281 sh (-0.69%)', 'NUE': '36.5544 sh (-1.52%)', 'NVDA': '44.2888 sh (+0.48%)', 'NWS': '303.7199 sh (+1.75%)', 'STLD': '0.9216 sh (-2.54%)', 'WSM': '0.1026 sh (-1.61%)'}
Open orders (1): NVDA sell 44.2888
Risk state: peak $99,703.60 | drawdown 0.28% | today -0.00% | halted: False
Market regime: NEUTRAL (position-size multiplier: 100% incl. circuit breaker 100%)
News: fetched 157, 2 new after dedup, 0 ticker(s) matched.
Quant pre-screen: 48/67 candidates passed.
Gemini proposed 3 trade(s) meeting the conviction bar.
Gemini calls used today (all models combined): 362
Market closed (overnight): queued 12 trade idea(s) for next-morning verification -- nothing submitted yet.
  -> queued WDC buy (conf 92, stop 485.0, tp 560.0)
  -> queued WFC buy (conf 91, stop 86.06, tp 97.76)
  -> queued HAS buy (conf 90, stop 89.34, tp 106.82)
  -> queued HUM buy (conf None, stop 354.57, tp 392.49)
  -> queued WDAY buy (conf 85, stop 188.0, tp 220.0)
  -> queued BAC buy (conf 85, stop 62.5, tp 67.5)
  -> queued HBAN buy (conf 85, stop 17.09, tp 19.45)
  -> queued TDY buy (conf 85, stop 665.0, tp 715.0)
  -> queued TTWO buy (conf 85, stop 235.0, tp 270.0)
  -> queued NDAQ buy (conf None, stop 93.23, tp 97.755)
  -> queued TYL buy (conf 90, stop 315.0, tp 355.0)
  -> queued LYB buy (conf 82, stop 58.01, tp 66.5)
Dashboard watchlist synced (17 symbols) for news/headlines.
Ending portfolio value: $99,425.43
Trade journal: no closed trades yet
Performance: Total return -0.41% | Max drawdown 12.37% | Daily Sharpe 0.27 | Open positions: 14 | Equity $99,425.43
Timings: account: 0.0s | risk: 0.7s | decide: 2.0s | watchlist: 0.0s | perf: 0.1s

=== Run at 2026-08-15T19:12:23.316340 ===
Current time: 2026-08-15 03:12 PM EDT | Market open (per Alpaca): False | Session: CLOSED
Account value: $99,425.43
Cash: $2,352.13 | Holdings (14): {'CEG': '35.6034 sh (+1.36%)', 'CHD': '97.9637 sh (+0.01%)', 'COHR': '7.9896 sh (-4.69%)', 'CVX': '24.8836 sh (+1.17%)', 'GEHC': '0.6136 sh (-0.28%)', 'IVZ': '306.9138 sh (+1.21%)', 'LMT': '16.3555 sh (+0.32%)', 'MS': '43.8344 sh (-1.63%)', 'MSI': '21.1281 sh (-0.69%)', 'NUE': '36.5544 sh (-1.52%)', 'NVDA': '44.2888 sh (+0.48%)', 'NWS': '303.7199 sh (+1.75%)', 'STLD': '0.9216 sh (-2.54%)', 'WSM': '0.1026 sh (-1.61%)'}
Open orders (1): NVDA sell 44.2888
Risk state: peak $99,703.60 | drawdown 0.28% | today -0.00% | halted: False
Market regime: NEUTRAL (position-size multiplier: 100% incl. circuit breaker 100%)
News: fetched 157, 0 new after dedup, 0 ticker(s) matched.
Quant pre-screen: 48/67 candidates passed.
Gemini proposed 1 trade(s) meeting the conviction bar.
Gemini calls used today (all models combined): 363
Market closed (overnight): queued 12 trade idea(s) for next-morning verification -- nothing submitted yet.
  -> queued WDC buy (conf 92, stop 485.0, tp 560.0)
  -> queued WFC buy (conf 91, stop 86.06, tp 97.76)
  -> queued HAS buy (conf 90, stop 89.34, tp 106.82)
  -> queued HUM buy (conf None, stop 354.57, tp 392.49)
  -> queued WDAY buy (conf 85, stop 188.0, tp 220.0)
  -> queued BAC buy (conf 85, stop 62.5, tp 67.5)
  -> queued HBAN buy (conf 85, stop 17.09, tp 19.45)
  -> queued TDY buy (conf 90, stop 654.41, tp 710.0)
  -> queued TTWO buy (conf 85, stop 235.0, tp 270.0)
  -> queued NDAQ buy (conf None, stop 93.23, tp 97.755)
  -> queued TYL buy (conf 90, stop 315.0, tp 355.0)
  -> queued LYB buy (conf 82, stop 58.01, tp 66.5)
Dashboard watchlist synced (15 symbols) for news/headlines.
Ending portfolio value: $99,425.43
Trade journal: no closed trades yet
Performance: Total return -0.41% | Max drawdown 12.37% | Daily Sharpe 0.27 | Open positions: 14 | Equity $99,425.43
Timings: account: 0.0s | risk: 0.7s | decide: 2.1s | watchlist: 0.0s | perf: 0.1s

=== Run at 2026-08-15T19:14:25.207709 ===
Current time: 2026-08-15 03:14 PM EDT | Market open (per Alpaca): False | Session: CLOSED
Account value: $99,425.43
Cash: $2,352.13 | Holdings (14): {'CEG': '35.6034 sh (+1.36%)', 'CHD': '97.9637 sh (+0.01%)', 'COHR': '7.9896 sh (-4.69%)', 'CVX': '24.8836 sh (+1.17%)', 'GEHC': '0.6136 sh (-0.28%)', 'IVZ': '306.9138 sh (+1.21%)', 'LMT': '16.3555 sh (+0.32%)', 'MS': '43.8344 sh (-1.63%)', 'MSI': '21.1281 sh (-0.69%)', 'NUE': '36.5544 sh (-1.52%)', 'NVDA': '44.2888 sh (+0.48%)', 'NWS': '303.7199 sh (+1.75%)', 'STLD': '0.9216 sh (-2.54%)', 'WSM': '0.1026 sh (-1.61%)'}
Open orders (1): NVDA sell 44.2888
Risk state: peak $99,703.60 | drawdown 0.28% | today -0.00% | halted: False
Market regime: NEUTRAL (position-size multiplier: 100% incl. circuit breaker 100%)
News: fetched 158, 3 new after dedup, 4 ticker(s) matched.
Quant pre-screen: 23/27 candidates passed.
Gemini proposed 2 trade(s) meeting the conviction bar.
Gemini calls used today (all models combined): 364
Market closed (overnight): queued 12 trade idea(s) for next-morning verification -- nothing submitted yet.
  -> queued WDC buy (conf 92, stop 485.0, tp 560.0)
  -> queued WFC buy (conf 91, stop 86.06, tp 97.76)
  -> queued HAS buy (conf 90, stop 89.34, tp 106.82)
  -> queued HUM buy (conf None, stop 354.57, tp 392.49)
  -> queued WDAY buy (conf 85, stop 188.0, tp 220.0)
  -> queued BAC buy (conf 85, stop 62.5, tp 67.5)
  -> queued HBAN buy (conf 85, stop 17.09, tp 19.45)
  -> queued TDY buy (conf 82, stop 655.0, tp 715.0)
  -> queued TTWO buy (conf 85, stop 234.0, tp 265.0)
  -> queued NDAQ buy (conf None, stop 93.23, tp 97.755)
  -> queued TYL buy (conf 90, stop 315.0, tp 355.0)
  -> queued LYB buy (conf 82, stop 58.01, tp 66.5)
Dashboard watchlist synced (20 symbols) for news/headlines.
Ending portfolio value: $99,425.43
Trade journal: no closed trades yet
Performance: Total return -0.41% | Max drawdown 12.37% | Daily Sharpe 0.27 | Open positions: 14 | Equity $99,425.43
Timings: account: 0.0s | risk: 1.4s | decide: 3.8s | watchlist: 0.1s | perf: 0.1s

=== Run at 2026-08-15T19:15:23.671265 ===
Current time: 2026-08-15 03:15 PM EDT | Market open (per Alpaca): False | Session: CLOSED
Account value: $99,425.43
Cash: $2,352.13 | Holdings (14): {'CEG': '35.6034 sh (+1.36%)', 'CHD': '97.9637 sh (+0.01%)', 'COHR': '7.9896 sh (-4.69%)', 'CVX': '24.8836 sh (+1.17%)', 'GEHC': '0.6136 sh (-0.28%)', 'IVZ': '306.9138 sh (+1.21%)', 'LMT': '16.3555 sh (+0.32%)', 'MS': '43.8344 sh (-1.63%)', 'MSI': '21.1281 sh (-0.69%)', 'NUE': '36.5544 sh (-1.52%)', 'NVDA': '44.2888 sh (+0.48%)', 'NWS': '303.7199 sh (+1.75%)', 'STLD': '0.9216 sh (-2.54%)', 'WSM': '0.1026 sh (-1.61%)'}
Open orders (1): NVDA sell 44.2888
Risk state: peak $99,703.60 | drawdown 0.28% | today -0.00% | halted: False
Market regime: NEUTRAL (position-size multiplier: 100% incl. circuit breaker 100%)
News: fetched 119, 0 new after dedup, 0 ticker(s) matched.
Quant pre-screen: 48/67 candidates passed.
Gemini proposed 3 trade(s) meeting the conviction bar.
Gemini calls used today (all models combined): 365
Market closed (overnight): queued 12 trade idea(s) for next-morning verification -- nothing submitted yet.
  -> queued WDC buy (conf 92, stop 485.0, tp 560.0)
  -> queued WFC buy (conf 91, stop 86.06, tp 97.76)
  -> queued HAS buy (conf 90, stop 89.34, tp 106.82)
  -> queued HUM buy (conf None, stop 354.57, tp 392.49)
  -> queued WDAY buy (conf 85, stop 188.0, tp 220.0)
  -> queued BAC buy (conf 85, stop 62.5, tp 67.5)
  -> queued HBAN buy (conf 85, stop 17.09, tp 19.45)
  -> queued TDY buy (conf 88, stop 655.0, tp 715.0)
  -> queued TTWO buy (conf 91, stop 235.0, tp 270.0)
  -> queued NDAQ buy (conf None, stop 93.23, tp 97.755)
  -> queued TYL buy (conf 92, stop 310.0, tp 355.0)
  -> queued LYB buy (conf 82, stop 58.01, tp 66.5)
Dashboard watchlist synced (17 symbols) for news/headlines.
Ending portfolio value: $99,425.43
Trade journal: no closed trades yet
Performance: Total return -0.41% | Max drawdown 12.37% | Daily Sharpe 0.27 | Open positions: 14 | Equity $99,425.43
Timings: account: 0.0s | risk: 0.8s | decide: 10.4s | watchlist: 0.0s | perf: 0.1s

=== Run at 2026-08-15T19:16:31.577845 ===
Current time: 2026-08-15 03:16 PM EDT | Market open (per Alpaca): False | Session: CLOSED
Account value: $99,425.43
Cash: $2,352.13 | Holdings (14): {'CEG': '35.6034 sh (+1.36%)', 'CHD': '97.9637 sh (+0.01%)', 'COHR': '7.9896 sh (-4.69%)', 'CVX': '24.8836 sh (+1.17%)', 'GEHC': '0.6136 sh (-0.28%)', 'IVZ': '306.9138 sh (+1.21%)', 'LMT': '16.3555 sh (+0.32%)', 'MS': '43.8344 sh (-1.63%)', 'MSI': '21.1281 sh (-0.69%)', 'NUE': '36.5544 sh (-1.52%)', 'NVDA': '44.2888 sh (+0.48%)', 'NWS': '303.7199 sh (+1.75%)', 'STLD': '0.9216 sh (-2.54%)', 'WSM': '0.1026 sh (-1.61%)'}
Open orders (1): NVDA sell 44.2888
Risk state: peak $99,703.60 | drawdown 0.28% | today -0.00% | halted: False
Market regime: NEUTRAL (position-size multiplier: 100% incl. circuit breaker 100%)
News: fetched 157, 1 new after dedup, 0 ticker(s) matched.
Quant pre-screen: 48/67 candidates passed.
Gemini proposed 3 trade(s) meeting the conviction bar.
Gemini calls used today (all models combined): 366
Market closed (overnight): queued 12 trade idea(s) for next-morning verification -- nothing submitted yet.
  -> queued WDC buy (conf 92, stop 485.0, tp 560.0)
  -> queued WFC buy (conf 91, stop 86.06, tp 97.76)
  -> queued HAS buy (conf 90, stop 89.34, tp 106.82)
  -> queued HUM buy (conf None, stop 354.57, tp 392.49)
  -> queued WDAY buy (conf 85, stop 188.0, tp 220.0)
  -> queued BAC buy (conf 85, stop 62.5, tp 67.5)
  -> queued HBAN buy (conf 85, stop 17.09, tp 19.45)
  -> queued TDY buy (conf 80, stop 655.0, tp 710.0)
  -> queued TTWO buy (conf 85, stop 235.0, tp 265.0)
  -> queued NDAQ buy (conf None, stop 93.23, tp 97.755)
  -> queued TYL buy (conf 92, stop 310.0, tp 355.0)
  -> queued LYB buy (conf 75, stop 59.0, tp 67.0)
Dashboard watchlist synced (17 symbols) for news/headlines.
Ending portfolio value: $99,425.43
Trade journal: no closed trades yet
Performance: Total return -0.41% | Max drawdown 12.37% | Daily Sharpe 0.27 | Open positions: 14 | Equity $99,425.43
Timings: account: 0.0s | risk: 2.1s | decide: 3.7s | watchlist: 0.1s | perf: 0.1s

=== Run at 2026-08-15T19:18:27.773502 ===
Current time: 2026-08-15 03:18 PM EDT | Market open (per Alpaca): False | Session: CLOSED
Account value: $99,425.43
Cash: $2,352.13 | Holdings (14): {'CEG': '35.6034 sh (+1.36%)', 'CHD': '97.9637 sh (+0.01%)', 'COHR': '7.9896 sh (-4.69%)', 'CVX': '24.8836 sh (+1.17%)', 'GEHC': '0.6136 sh (-0.28%)', 'IVZ': '306.9138 sh (+1.21%)', 'LMT': '16.3555 sh (+0.32%)', 'MS': '43.8344 sh (-1.63%)', 'MSI': '21.1281 sh (-0.69%)', 'NUE': '36.5544 sh (-1.52%)', 'NVDA': '44.2888 sh (+0.48%)', 'NWS': '303.7199 sh (+1.75%)', 'STLD': '0.9216 sh (-2.54%)', 'WSM': '0.1026 sh (-1.61%)'}
Open orders (1): NVDA sell 44.2888
Risk state: peak $99,703.60 | drawdown 0.28% | today -0.00% | halted: False
Market regime: NEUTRAL (position-size multiplier: 100% incl. circuit breaker 100%)
News: fetched 157, 0 new after dedup, 0 ticker(s) matched.
Quant pre-screen: 48/67 candidates passed.
Gemini proposed 2 trade(s) meeting the conviction bar.
Gemini calls used today (all models combined): 367
Market closed (overnight): queued 12 trade idea(s) for next-morning verification -- nothing submitted yet.
  -> queued WDC buy (conf 92, stop 485.0, tp 560.0)
  -> queued WFC buy (conf 91, stop 86.06, tp 97.76)
  -> queued HAS buy (conf 90, stop 89.34, tp 106.82)
  -> queued HUM buy (conf None, stop 354.57, tp 392.49)
  -> queued WDAY buy (conf 85, stop 188.0, tp 220.0)
  -> queued BAC buy (conf 85, stop 62.5, tp 67.5)
  -> queued HBAN buy (conf 85, stop 17.09, tp 19.45)
  -> queued TDY buy (conf 91, stop 654.41, tp 715.0)
  -> queued TTWO buy (conf 90, stop 228.4, tp 265.0)
  -> queued NDAQ buy (conf None, stop 93.23, tp 97.755)
  -> queued TYL buy (conf 92, stop 310.0, tp 355.0)
  -> queued LYB buy (conf 75, stop 59.0, tp 67.0)
Dashboard watchlist synced (16 symbols) for news/headlines.
Ending portfolio value: $99,425.43
Trade journal: no closed trades yet
Performance: Total return -0.41% | Max drawdown 12.37% | Daily Sharpe 0.27 | Open positions: 14 | Equity $99,425.43
Timings: account: 0.0s | risk: 3.1s | decide: 3.5s | watchlist: 0.1s | perf: 0.2s

=== Run at 2026-08-15T19:20:30.134335 ===
Current time: 2026-08-15 03:20 PM EDT | Market open (per Alpaca): False | Session: CLOSED
Account value: $99,425.43
Cash: $2,352.13 | Holdings (14): {'CEG': '35.6034 sh (+1.36%)', 'CHD': '97.9637 sh (+0.01%)', 'COHR': '7.9896 sh (-4.69%)', 'CVX': '24.8836 sh (+1.17%)', 'GEHC': '0.6136 sh (-0.28%)', 'IVZ': '306.9138 sh (+1.21%)', 'LMT': '16.3555 sh (+0.32%)', 'MS': '43.8344 sh (-1.63%)', 'MSI': '21.1281 sh (-0.69%)', 'NUE': '36.5544 sh (-1.52%)', 'NVDA': '44.2888 sh (+0.48%)', 'NWS': '303.7199 sh (+1.75%)', 'STLD': '0.9216 sh (-2.54%)', 'WSM': '0.1026 sh (-1.61%)'}
Open orders (1): NVDA sell 44.2888
Risk state: peak $99,703.60 | drawdown 0.28% | today -0.00% | halted: False
Market regime: NEUTRAL (position-size multiplier: 100% incl. circuit breaker 100%)
News: fetched 158, 1 new after dedup, 0 ticker(s) matched.
Quant pre-screen: 48/67 candidates passed.
Gemini proposed 3 trade(s) meeting the conviction bar.
Gemini calls used today (all models combined): 368
Market closed (overnight): queued 12 trade idea(s) for next-morning verification -- nothing submitted yet.
  -> queued WDC buy (conf 92, stop 485.0, tp 560.0)
  -> queued WFC buy (conf 91, stop 86.06, tp 97.76)
  -> queued HAS buy (conf 90, stop 89.34, tp 106.82)
  -> queued HUM buy (conf None, stop 354.57, tp 392.49)
  -> queued WDAY buy (conf 85, stop 188.0, tp 220.0)
  -> queued BAC buy (conf 85, stop 62.5, tp 67.5)
  -> queued HBAN buy (conf 85, stop 17.09, tp 19.45)
  -> queued TDY buy (conf 90, stop 654.41, tp 720.0)
  -> queued TTWO buy (conf 94, stop 228.4, tp 270.0)
  -> queued NDAQ buy (conf None, stop 93.23, tp 97.755)
  -> queued TYL buy (conf 94, stop 300.28, tp 360.0)
  -> queued LYB buy (conf 75, stop 59.0, tp 67.0)
Dashboard watchlist synced (17 symbols) for news/headlines.
Ending portfolio value: $99,425.43
Trade journal: no closed trades yet
Performance: Total return -0.41% | Max drawdown 12.37% | Daily Sharpe 0.27 | Open positions: 14 | Equity $99,425.43
Timings: account: 0.0s | risk: 1.0s | decide: 22.5s | watchlist: 0.0s | perf: 0.1s

=== Run at 2026-08-15T19:22:27.342387 ===
Current time: 2026-08-15 03:22 PM EDT | Market open (per Alpaca): False | Session: CLOSED
Account value: $99,425.43
Cash: $2,352.13 | Holdings (14): {'CEG': '35.6034 sh (+1.36%)', 'CHD': '97.9637 sh (+0.01%)', 'COHR': '7.9896 sh (-4.69%)', 'CVX': '24.8836 sh (+1.17%)', 'GEHC': '0.6136 sh (-0.28%)', 'IVZ': '306.9138 sh (+1.21%)', 'LMT': '16.3555 sh (+0.32%)', 'MS': '43.8344 sh (-1.63%)', 'MSI': '21.1281 sh (-0.69%)', 'NUE': '36.5544 sh (-1.52%)', 'NVDA': '44.2888 sh (+0.48%)', 'NWS': '303.7199 sh (+1.75%)', 'STLD': '0.9216 sh (-2.54%)', 'WSM': '0.1026 sh (-1.61%)'}
Open orders (1): NVDA sell 44.2888
Risk state: peak $99,703.60 | drawdown 0.28% | today -0.00% | halted: False
Market regime: NEUTRAL (position-size multiplier: 100% incl. circuit breaker 100%)
News: fetched 157, 0 new after dedup, 0 ticker(s) matched.
Quant pre-screen: 48/67 candidates passed.
Gemini proposed 2 trade(s) meeting the conviction bar.
Gemini calls used today (all models combined): 369
Market closed (overnight): queued 12 trade idea(s) for next-morning verification -- nothing submitted yet.
  -> queued WDC buy (conf 92, stop 485.0, tp 560.0)
  -> queued WFC buy (conf 91, stop 86.06, tp 97.76)
  -> queued HAS buy (conf 90, stop 89.34, tp 106.82)
  -> queued HUM buy (conf None, stop 354.57, tp 392.49)
  -> queued WDAY buy (conf 85, stop 188.0, tp 220.0)
  -> queued BAC buy (conf 85, stop 62.5, tp 67.5)
  -> queued HBAN buy (conf 85, stop 17.09, tp 19.45)
  -> queued TDY buy (conf 90, stop 654.41, tp 720.0)
  -> queued TTWO buy (conf 90, stop 235.25, tp 268.0)
  -> queued NDAQ buy (conf None, stop 93.23, tp 97.755)
  -> queued TYL buy (conf 90, stop 315.0, tp 355.00000000000006)
  -> queued LYB buy (conf 75, stop 59.0, tp 67.0)
Dashboard watchlist synced (16 symbols) for news/headlines.
Ending portfolio value: $99,425.43
Trade journal: no closed trades yet
Performance: Total return -0.41% | Max drawdown 12.37% | Daily Sharpe 0.27 | Open positions: 14 | Equity $99,425.43
Timings: account: 0.0s | risk: 3.4s | decide: 4.0s | watchlist: 0.1s | perf: 0.2s

=== Run at 2026-08-15T19:24:23.996414 ===
Current time: 2026-08-15 03:24 PM EDT | Market open (per Alpaca): False | Session: CLOSED
Account value: $99,425.43
Cash: $2,352.13 | Holdings (14): {'CEG': '35.6034 sh (+1.36%)', 'CHD': '97.9637 sh (+0.01%)', 'COHR': '7.9896 sh (-4.69%)', 'CVX': '24.8836 sh (+1.17%)', 'GEHC': '0.6136 sh (-0.28%)', 'IVZ': '306.9138 sh (+1.21%)', 'LMT': '16.3555 sh (+0.32%)', 'MS': '43.8344 sh (-1.63%)', 'MSI': '21.1281 sh (-0.69%)', 'NUE': '36.5544 sh (-1.52%)', 'NVDA': '44.2888 sh (+0.48%)', 'NWS': '303.7199 sh (+1.75%)', 'STLD': '0.9216 sh (-2.54%)', 'WSM': '0.1026 sh (-1.61%)'}
Open orders (1): NVDA sell 44.2888
Risk state: peak $99,703.60 | drawdown 0.28% | today -0.00% | halted: False
Market regime: NEUTRAL (position-size multiplier: 100% incl. circuit breaker 100%)
News: fetched 157, 0 new after dedup, 0 ticker(s) matched.
Quant pre-screen: 48/67 candidates passed.
Gemini proposed 3 trade(s) meeting the conviction bar.
Gemini calls used today (all models combined): 370
Market closed (overnight): queued 12 trade idea(s) for next-morning verification -- nothing submitted yet.
  -> queued WDC buy (conf 92, stop 485.0, tp 560.0)
  -> queued WFC buy (conf 91, stop 86.06, tp 97.76)
  -> queued HAS buy (conf 90, stop 89.34, tp 106.82)
  -> queued HUM buy (conf None, stop 354.57, tp 392.49)
  -> queued WDAY buy (conf 85, stop 188.0, tp 220.0)
  -> queued BAC buy (conf 85, stop 62.5, tp 67.5)
  -> queued HBAN buy (conf 85, stop 17.09, tp 19.45)
  -> queued TDY buy (conf 88, stop 660.0, tp 720.0)
  -> queued TTWO buy (conf 90, stop 235.0, tp 270.0)
  -> queued NDAQ buy (conf None, stop 93.23, tp 97.755)
  -> queued TYL buy (conf 91, stop 315.0, tp 355.00000000000006)
  -> queued LYB buy (conf 75, stop 59.0, tp 67.0)
Dashboard watchlist synced (17 symbols) for news/headlines.
Ending portfolio value: $99,425.43
Trade journal: no closed trades yet
Performance: Total return -0.41% | Max drawdown 12.37% | Daily Sharpe 0.27 | Open positions: 14 | Equity $99,425.43
Timings: account: 0.0s | risk: 0.9s | decide: 2.9s | watchlist: 0.0s | perf: 0.1s

=== Run at 2026-08-15T19:26:26.408683 ===
Current time: 2026-08-15 03:26 PM EDT | Market open (per Alpaca): False | Session: CLOSED
Account value: $99,425.43
Cash: $2,352.13 | Holdings (14): {'CEG': '35.6034 sh (+1.36%)', 'CHD': '97.9637 sh (+0.01%)', 'COHR': '7.9896 sh (-4.69%)', 'CVX': '24.8836 sh (+1.17%)', 'GEHC': '0.6136 sh (-0.28%)', 'IVZ': '306.9138 sh (+1.21%)', 'LMT': '16.3555 sh (+0.32%)', 'MS': '43.8344 sh (-1.63%)', 'MSI': '21.1281 sh (-0.69%)', 'NUE': '36.5544 sh (-1.52%)', 'NVDA': '44.2888 sh (+0.48%)', 'NWS': '303.7199 sh (+1.75%)', 'STLD': '0.9216 sh (-2.54%)', 'WSM': '0.1026 sh (-1.61%)'}
Open orders (1): NVDA sell 44.2888
Risk state: peak $99,703.60 | drawdown 0.28% | today -0.00% | halted: False
Market regime: NEUTRAL (position-size multiplier: 100% incl. circuit breaker 100%)
News: fetched 120, 0 new after dedup, 0 ticker(s) matched.
Quant pre-screen: 48/67 candidates passed.
Gemini proposed 3 trade(s) meeting the conviction bar.
Gemini calls used today (all models combined): 371
Market closed (overnight): queued 12 trade idea(s) for next-morning verification -- nothing submitted yet.
  -> queued WDC buy (conf 92, stop 485.0, tp 560.0)
  -> queued WFC buy (conf 91, stop 86.06, tp 97.76)
  -> queued HAS buy (conf 90, stop 89.34, tp 106.82)
  -> queued HUM buy (conf None, stop 354.57, tp 392.49)
  -> queued WDAY buy (conf 85, stop 188.0, tp 220.0)
  -> queued BAC buy (conf 85, stop 62.5, tp 67.5)
  -> queued HBAN buy (conf 85, stop 17.09, tp 19.45)
  -> queued TDY buy (conf 85, stop 654.41, tp 715.0)
  -> queued TTWO buy (conf 82, stop 228.4, tp 265.0)
  -> queued NDAQ buy (conf None, stop 93.23, tp 97.755)
  -> queued TYL buy (conf 91, stop 315.0, tp 355.00000000000006)
  -> queued LYB buy (conf 80, stop 58.01, tp 67.5)
Dashboard watchlist synced (17 symbols) for news/headlines.
Ending portfolio value: $99,425.43
Trade journal: no closed trades yet
Performance: Total return -0.41% | Max drawdown 12.37% | Daily Sharpe 0.27 | Open positions: 14 | Equity $99,425.43
Timings: account: 0.0s | risk: 0.7s | decide: 10.2s | watchlist: 0.0s | perf: 0.1s

=== Run at 2026-08-15T19:28:24.376852 ===
Current time: 2026-08-15 03:28 PM EDT | Market open (per Alpaca): False | Session: CLOSED
Account value: $99,425.43
Cash: $2,352.13 | Holdings (14): {'CEG': '35.6034 sh (+1.36%)', 'CHD': '97.9637 sh (+0.01%)', 'COHR': '7.9896 sh (-4.69%)', 'CVX': '24.8836 sh (+1.17%)', 'GEHC': '0.6136 sh (-0.28%)', 'IVZ': '306.9138 sh (+1.21%)', 'LMT': '16.3555 sh (+0.32%)', 'MS': '43.8344 sh (-1.63%)', 'MSI': '21.1281 sh (-0.69%)', 'NUE': '36.5544 sh (-1.52%)', 'NVDA': '44.2888 sh (+0.48%)', 'NWS': '303.7199 sh (+1.75%)', 'STLD': '0.9216 sh (-2.54%)', 'WSM': '0.1026 sh (-1.61%)'}
Open orders (1): NVDA sell 44.2888
Risk state: peak $99,703.60 | drawdown 0.28% | today -0.00% | halted: False
Market regime: NEUTRAL (position-size multiplier: 100% incl. circuit breaker 100%)
News: fetched 157, 2 new after dedup, 0 ticker(s) matched.
Quant pre-screen: 48/67 candidates passed.
Gemini proposed 3 trade(s) meeting the conviction bar.
Gemini calls used today (all models combined): 372
Market closed (overnight): queued 12 trade idea(s) for next-morning verification -- nothing submitted yet.
  -> queued WDC buy (conf 92, stop 485.0, tp 560.0)
  -> queued WFC buy (conf 91, stop 86.06, tp 97.76)
  -> queued HAS buy (conf 90, stop 89.34, tp 106.82)
  -> queued HUM buy (conf None, stop 354.57, tp 392.49)
  -> queued WDAY buy (conf 85, stop 188.0, tp 220.0)
  -> queued BAC buy (conf 85, stop 62.5, tp 67.5)
  -> queued HBAN buy (conf 85, stop 17.09, tp 19.45)
  -> queued TDY buy (conf 91, stop 654.41, tp 710.0)
  -> queued TTWO buy (conf 90, stop 228.4, tp 265.49)
  -> queued NDAQ buy (conf None, stop 93.23, tp 97.755)
  -> queued TYL buy (conf 90, stop 300.28, tp 355.0)
  -> queued LYB buy (conf 80, stop 58.01, tp 67.5)
Dashboard watchlist synced (17 symbols) for news/headlines.
Ending portfolio value: $99,425.43
Trade journal: no closed trades yet
Performance: Total return -0.41% | Max drawdown 12.37% | Daily Sharpe 0.27 | Open positions: 14 | Equity $99,425.43
Timings: account: 0.0s | risk: 3.6s | decide: 4.2s | watchlist: 0.1s | perf: 0.2s

=== Run at 2026-08-15T19:30:33.160404 ===
Current time: 2026-08-15 03:30 PM EDT | Market open (per Alpaca): False | Session: CLOSED
Account value: $99,425.43
Cash: $2,352.13 | Holdings (14): {'CEG': '35.6034 sh (+1.36%)', 'CHD': '97.9637 sh (+0.01%)', 'COHR': '7.9896 sh (-4.69%)', 'CVX': '24.8836 sh (+1.17%)', 'GEHC': '0.6136 sh (-0.28%)', 'IVZ': '306.9138 sh (+1.21%)', 'LMT': '16.3555 sh (+0.32%)', 'MS': '43.8344 sh (-1.63%)', 'MSI': '21.1281 sh (-0.69%)', 'NUE': '36.5544 sh (-1.52%)', 'NVDA': '44.2888 sh (+0.48%)', 'NWS': '303.7199 sh (+1.75%)', 'STLD': '0.9216 sh (-2.54%)', 'WSM': '0.1026 sh (-1.61%)'}
Open orders (1): NVDA sell 44.2888
Risk state: peak $99,703.60 | drawdown 0.28% | today -0.00% | halted: False
Market regime: NEUTRAL (position-size multiplier: 100% incl. circuit breaker 100%)
News: fetched 158, 2 new after dedup, 0 ticker(s) matched.
Quant pre-screen: 48/67 candidates passed.
Gemini proposed 3 trade(s) meeting the conviction bar.
Gemini calls used today (all models combined): 373
Market closed (overnight): queued 12 trade idea(s) for next-morning verification -- nothing submitted yet.
  -> queued WDC buy (conf 92, stop 485.0, tp 560.0)
  -> queued WFC buy (conf 91, stop 86.06, tp 97.76)
  -> queued HAS buy (conf 90, stop 89.34, tp 106.82)
  -> queued HUM buy (conf None, stop 354.57, tp 392.49)
  -> queued WDAY buy (conf 85, stop 188.0, tp 220.0)
  -> queued BAC buy (conf 85, stop 62.5, tp 67.5)
  -> queued HBAN buy (conf 85, stop 17.09, tp 19.45)
  -> queued TDY buy (conf 90, stop 655.0, tp 715.0)
  -> queued TTWO buy (conf 90, stop 235.0, tp 270.0)
  -> queued NDAQ buy (conf None, stop 93.23, tp 97.755)
  -> queued TYL buy (conf 90, stop 314.5, tp 3.55e+57)
  -> queued LYB buy (conf 80, stop 58.01, tp 67.5)
Dashboard watchlist synced (17 symbols) for news/headlines.
Ending portfolio value: $99,425.43
Trade journal: no closed trades yet
Performance: Total return -0.41% | Max drawdown 12.37% | Daily Sharpe 0.27 | Open positions: 14 | Equity $99,425.43
Timings: account: 0.0s | risk: 0.7s | decide: 4.9s | watchlist: 0.0s | perf: 0.1s

=== Run at 2026-08-15T19:32:24.263577 ===
Current time: 2026-08-15 03:32 PM EDT | Market open (per Alpaca): False | Session: CLOSED
Account value: $99,425.43
Cash: $2,352.13 | Holdings (14): {'CEG': '35.6034 sh (+1.36%)', 'CHD': '97.9637 sh (+0.01%)', 'COHR': '7.9896 sh (-4.69%)', 'CVX': '24.8836 sh (+1.17%)', 'GEHC': '0.6136 sh (-0.28%)', 'IVZ': '306.9138 sh (+1.21%)', 'LMT': '16.3555 sh (+0.32%)', 'MS': '43.8344 sh (-1.63%)', 'MSI': '21.1281 sh (-0.69%)', 'NUE': '36.5544 sh (-1.52%)', 'NVDA': '44.2888 sh (+0.48%)', 'NWS': '303.7199 sh (+1.75%)', 'STLD': '0.9216 sh (-2.54%)', 'WSM': '0.1026 sh (-1.61%)'}
Open orders (1): NVDA sell 44.2888
Risk state: peak $99,703.60 | drawdown 0.28% | today -0.00% | halted: False
Market regime: NEUTRAL (position-size multiplier: 100% incl. circuit breaker 100%)
News: fetched 158, 0 new after dedup, 0 ticker(s) matched.
Quant pre-screen: 48/67 candidates passed.
Gemini proposed 3 trade(s) meeting the conviction bar.
Gemini calls used today (all models combined): 374
Market closed (overnight): queued 12 trade idea(s) for next-morning verification -- nothing submitted yet.
  -> queued WDC buy (conf 92, stop 485.0, tp 560.0)
  -> queued WFC buy (conf 91, stop 86.06, tp 97.76)
  -> queued HAS buy (conf 90, stop 89.34, tp 106.82)
  -> queued HUM buy (conf None, stop 354.57, tp 392.49)
  -> queued WDAY buy (conf 85, stop 188.0, tp 220.0)
  -> queued BAC buy (conf 85, stop 62.5, tp 67.5)
  -> queued HBAN buy (conf 85, stop 17.09, tp 19.45)
  -> queued TDY buy (conf 90, stop 655.0, tp 697.6099999999999)
  -> queued TTWO buy (conf 91, stop 235.0, tp 265.00000000000006)
  -> queued NDAQ buy (conf None, stop 93.23, tp 97.755)
  -> queued TYL buy (conf 85, stop 310.0, tp 334.89)
  -> queued LYB buy (conf 80, stop 58.01, tp 67.5)
Dashboard watchlist synced (17 symbols) for news/headlines.
Ending portfolio value: $99,425.43
Trade journal: no closed trades yet
Performance: Total return -0.41% | Max drawdown 12.37% | Daily Sharpe 0.27 | Open positions: 14 | Equity $99,425.43
Timings: account: 0.0s | risk: 0.6s | decide: 2.5s | watchlist: 0.0s | perf: 0.1s

=== Run at 2026-08-15T19:34:25.076582 ===
Current time: 2026-08-15 03:34 PM EDT | Market open (per Alpaca): False | Session: CLOSED
Account value: $99,425.43
Cash: $2,352.13 | Holdings (14): {'CEG': '35.6034 sh (+1.36%)', 'CHD': '97.9637 sh (+0.01%)', 'COHR': '7.9896 sh (-4.69%)', 'CVX': '24.8836 sh (+1.17%)', 'GEHC': '0.6136 sh (-0.28%)', 'IVZ': '306.9138 sh (+1.21%)', 'LMT': '16.3555 sh (+0.32%)', 'MS': '43.8344 sh (-1.63%)', 'MSI': '21.1281 sh (-0.69%)', 'NUE': '36.5544 sh (-1.52%)', 'NVDA': '44.2888 sh (+0.48%)', 'NWS': '303.7199 sh (+1.75%)', 'STLD': '0.9216 sh (-2.54%)', 'WSM': '0.1026 sh (-1.61%)'}
Open orders (1): NVDA sell 44.2888
Risk state: peak $99,703.60 | drawdown 0.28% | today -0.00% | halted: False
Market regime: NEUTRAL (position-size multiplier: 100% incl. circuit breaker 100%)
News: fetched 157, 0 new after dedup, 0 ticker(s) matched.
Quant pre-screen: 48/67 candidates passed.
Gemini proposed 2 trade(s) meeting the conviction bar.
Gemini calls used today (all models combined): 375
Market closed (overnight): queued 12 trade idea(s) for next-morning verification -- nothing submitted yet.
  -> queued WDC buy (conf 92, stop 485.0, tp 560.0)
  -> queued WFC buy (conf 91, stop 86.06, tp 97.76)
  -> queued HAS buy (conf 90, stop 89.34, tp 106.82)
  -> queued HUM buy (conf None, stop 354.57, tp 392.49)
  -> queued WDAY buy (conf 85, stop 188.0, tp 220.0)
  -> queued BAC buy (conf 85, stop 62.5, tp 67.5)
  -> queued HBAN buy (conf 85, stop 17.09, tp 19.45)
  -> queued TDY buy (conf 90, stop 655.0, tp 697.6099999999999)
  -> queued TTWO buy (conf 90, stop 228.4, tp 275.0)
  -> queued NDAQ buy (conf None, stop 93.23, tp 97.755)
  -> queued TYL buy (conf 92, stop 300.28, tp 355.0)
  -> queued LYB buy (conf 80, stop 58.01, tp 67.5)
Dashboard watchlist synced (16 symbols) for news/headlines.
Ending portfolio value: $99,425.43
Trade journal: no closed trades yet
Performance: Total return -0.41% | Max drawdown 12.37% | Daily Sharpe 0.27 | Open positions: 14 | Equity $99,425.43
Timings: account: 0.0s | risk: 0.7s | decide: 2.2s | watchlist: 0.0s | perf: 0.1s

=== Run at 2026-08-15T19:36:27.643329 ===
Current time: 2026-08-15 03:36 PM EDT | Market open (per Alpaca): False | Session: CLOSED
Account value: $99,425.43
Cash: $2,352.13 | Holdings (14): {'CEG': '35.6034 sh (+1.36%)', 'CHD': '97.9637 sh (+0.01%)', 'COHR': '7.9896 sh (-4.69%)', 'CVX': '24.8836 sh (+1.17%)', 'GEHC': '0.6136 sh (-0.28%)', 'IVZ': '306.9138 sh (+1.21%)', 'LMT': '16.3555 sh (+0.32%)', 'MS': '43.8344 sh (-1.63%)', 'MSI': '21.1281 sh (-0.69%)', 'NUE': '36.5544 sh (-1.52%)', 'NVDA': '44.2888 sh (+0.48%)', 'NWS': '303.7199 sh (+1.75%)', 'STLD': '0.9216 sh (-2.54%)', 'WSM': '0.1026 sh (-1.61%)'}
Open orders (1): NVDA sell 44.2888
Risk state: peak $99,703.60 | drawdown 0.28% | today -0.00% | halted: False
Market regime: NEUTRAL (position-size multiplier: 100% incl. circuit breaker 100%)
News: fetched 157, 1 new after dedup, 0 ticker(s) matched.
Quant pre-screen: 48/67 candidates passed.
Gemini proposed 2 trade(s) meeting the conviction bar.
Gemini calls used today (all models combined): 376
Market closed (overnight): queued 12 trade idea(s) for next-morning verification -- nothing submitted yet.
  -> queued WDC buy (conf 92, stop 485.0, tp 560.0)
  -> queued WFC buy (conf 91, stop 86.06, tp 97.76)
  -> queued HAS buy (conf 90, stop 89.34, tp 106.82)
  -> queued HUM buy (conf None, stop 354.57, tp 392.49)
  -> queued WDAY buy (conf 85, stop 188.0, tp 220.0)
  -> queued BAC buy (conf 85, stop 62.5, tp 67.5)
  -> queued HBAN buy (conf 85, stop 17.09, tp 19.45)
  -> queued TDY buy (conf 90, stop 655.0, tp 697.6099999999999)
  -> queued TTWO buy (conf 90, stop 235.0, tp 270.0)
  -> queued NDAQ buy (conf None, stop 93.23, tp 97.755)
  -> queued TYL buy (conf 90, stop 315.0, tp 355.00000000000006)
  -> queued LYB buy (conf 80, stop 58.01, tp 67.5)
Dashboard watchlist synced (16 symbols) for news/headlines.
Ending portfolio value: $99,425.43
Trade journal: no closed trades yet
Performance: Total return -0.41% | Max drawdown 12.37% | Daily Sharpe 0.27 | Open positions: 14 | Equity $99,425.43
Timings: account: 0.0s | risk: 3.6s | decide: 4.0s | watchlist: 0.2s | perf: 0.3s

=== Run at 2026-08-15T19:38:25.208060 ===
Current time: 2026-08-15 03:38 PM EDT | Market open (per Alpaca): False | Session: CLOSED
Account value: $99,425.43
Cash: $2,352.13 | Holdings (14): {'CEG': '35.6034 sh (+1.36%)', 'CHD': '97.9637 sh (+0.01%)', 'COHR': '7.9896 sh (-4.69%)', 'CVX': '24.8836 sh (+1.17%)', 'GEHC': '0.6136 sh (-0.28%)', 'IVZ': '306.9138 sh (+1.21%)', 'LMT': '16.3555 sh (+0.32%)', 'MS': '43.8344 sh (-1.63%)', 'MSI': '21.1281 sh (-0.69%)', 'NUE': '36.5544 sh (-1.52%)', 'NVDA': '44.2888 sh (+0.48%)', 'NWS': '303.7199 sh (+1.75%)', 'STLD': '0.9216 sh (-2.54%)', 'WSM': '0.1026 sh (-1.61%)'}
Open orders (1): NVDA sell 44.2888
Risk state: peak $99,703.60 | drawdown 0.28% | today -0.00% | halted: False
Market regime: NEUTRAL (position-size multiplier: 100% incl. circuit breaker 100%)
News: fetched 157, 0 new after dedup, 0 ticker(s) matched.
Quant pre-screen: 48/67 candidates passed.
Gemini proposed 1 trade(s) meeting the conviction bar.
Gemini calls used today (all models combined): 377
Market closed (overnight): queued 12 trade idea(s) for next-morning verification -- nothing submitted yet.
  -> queued WDC buy (conf 92, stop 485.0, tp 560.0)
  -> queued WFC buy (conf 91, stop 86.06, tp 97.76)
  -> queued HAS buy (conf 90, stop 89.34, tp 106.82)
  -> queued HUM buy (conf None, stop 354.57, tp 392.49)
  -> queued WDAY buy (conf 85, stop 188.0, tp 220.0)
  -> queued BAC buy (conf 85, stop 62.5, tp 67.5)
  -> queued HBAN buy (conf 85, stop 17.09, tp 19.45)
  -> queued TDY buy (conf 90, stop 655.0, tp 697.6099999999999)
  -> queued TTWO buy (conf 92, stop 235.0, tp None)
  -> queued NDAQ buy (conf None, stop 93.23, tp 97.755)
  -> queued TYL buy (conf 90, stop 315.0, tp 355.00000000000006)
  -> queued LYB buy (conf 80, stop 58.01, tp 67.5)
Dashboard watchlist synced (15 symbols) for news/headlines.
Ending portfolio value: $99,425.43
Trade journal: no closed trades yet
Performance: Total return -0.41% | Max drawdown 12.37% | Daily Sharpe 0.27 | Open positions: 14 | Equity $99,425.43
Timings: account: 0.0s | risk: 1.4s | decide: 11.7s | watchlist: 0.1s | perf: 0.1s

=== Run at 2026-08-15T19:40:31.253627 ===
Current time: 2026-08-15 03:40 PM EDT | Market open (per Alpaca): False | Session: CLOSED
Account value: $99,425.43
Cash: $2,352.13 | Holdings (14): {'CEG': '35.6034 sh (+1.36%)', 'CHD': '97.9637 sh (+0.01%)', 'COHR': '7.9896 sh (-4.69%)', 'CVX': '24.8836 sh (+1.17%)', 'GEHC': '0.6136 sh (-0.28%)', 'IVZ': '306.9138 sh (+1.21%)', 'LMT': '16.3555 sh (+0.32%)', 'MS': '43.8344 sh (-1.63%)', 'MSI': '21.1281 sh (-0.69%)', 'NUE': '36.5544 sh (-1.52%)', 'NVDA': '44.2888 sh (+0.48%)', 'NWS': '303.7199 sh (+1.75%)', 'STLD': '0.9216 sh (-2.54%)', 'WSM': '0.1026 sh (-1.61%)'}
Open orders (1): NVDA sell 44.2888
Risk state: peak $99,703.60 | drawdown 0.28% | today -0.00% | halted: False
Market regime: NEUTRAL (position-size multiplier: 100% incl. circuit breaker 100%)
News: fetched 157, 2 new after dedup, 0 ticker(s) matched.
Quant pre-screen: 48/67 candidates passed.
Gemini proposed 3 trade(s) meeting the conviction bar.
Gemini calls used today (all models combined): 378
Market closed (overnight): queued 12 trade idea(s) for next-morning verification -- nothing submitted yet.
  -> queued WDC buy (conf 92, stop 485.0, tp 560.0)
  -> queued WFC buy (conf 91, stop 86.06, tp 97.76)
  -> queued HAS buy (conf 90, stop 89.34, tp 106.82)
  -> queued HUM buy (conf None, stop 354.57, tp 392.49)
  -> queued WDAY buy (conf 85, stop 188.0, tp 220.0)
  -> queued BAC buy (conf 85, stop 62.5, tp 67.5)
  -> queued HBAN buy (conf 85, stop 17.09, tp 19.45)
  -> queued TDY buy (conf 88, stop 650.0, tp 715.0)
  -> queued TTWO buy (conf 90, stop 230.0, tp 270.0)
  -> queued NDAQ buy (conf None, stop 93.23, tp 97.755)
  -> queued TYL buy (conf 92, stop 310.0, tp 355.00000000000006)
  -> queued LYB buy (conf 80, stop 58.01, tp 67.5)
Dashboard watchlist synced (17 symbols) for news/headlines.
Ending portfolio value: $99,425.43
Trade journal: no closed trades yet
Performance: Total return -0.41% | Max drawdown 12.37% | Daily Sharpe 0.27 | Open positions: 14 | Equity $99,425.43
Timings: account: 0.0s | risk: 0.6s | decide: 2.1s | watchlist: 0.0s | perf: 0.1s

=== Run at 2026-08-15T19:42:25.714703 ===
Current time: 2026-08-15 03:42 PM EDT | Market open (per Alpaca): False | Session: CLOSED
Account value: $99,425.43
Cash: $2,352.13 | Holdings (14): {'CEG': '35.6034 sh (+1.36%)', 'CHD': '97.9637 sh (+0.01%)', 'COHR': '7.9896 sh (-4.69%)', 'CVX': '24.8836 sh (+1.17%)', 'GEHC': '0.6136 sh (-0.28%)', 'IVZ': '306.9138 sh (+1.21%)', 'LMT': '16.3555 sh (+0.32%)', 'MS': '43.8344 sh (-1.63%)', 'MSI': '21.1281 sh (-0.69%)', 'NUE': '36.5544 sh (-1.52%)', 'NVDA': '44.2888 sh (+0.48%)', 'NWS': '303.7199 sh (+1.75%)', 'STLD': '0.9216 sh (-2.54%)', 'WSM': '0.1026 sh (-1.61%)'}
Open orders (1): NVDA sell 44.2888
Risk state: peak $99,703.60 | drawdown 0.28% | today -0.00% | halted: False
Market regime: NEUTRAL (position-size multiplier: 100% incl. circuit breaker 100%)
News: fetched 158, 0 new after dedup, 0 ticker(s) matched.
Quant pre-screen: 48/67 candidates passed.
Gemini proposed 3 trade(s) meeting the conviction bar.
Gemini calls used today (all models combined): 379
Market closed (overnight): queued 12 trade idea(s) for next-morning verification -- nothing submitted yet.
  -> queued WDC buy (conf 92, stop 485.0, tp 560.0)
  -> queued WFC buy (conf 91, stop 86.06, tp 97.76)
  -> queued HAS buy (conf 90, stop 89.34, tp 106.82)
  -> queued HUM buy (conf None, stop 354.57, tp 392.49)
  -> queued WDAY buy (conf 85, stop 188.0, tp 220.0)
  -> queued BAC buy (conf 85, stop 62.5, tp 67.5)
  -> queued HBAN buy (conf 85, stop 17.09, tp 19.45)
  -> queued TDY buy (conf 80, stop 655.0, tp 710.0)
  -> queued TTWO buy (conf 85, stop 235.0, tp 265.00000000000006)
  -> queued NDAQ buy (conf None, stop 93.23, tp 97.755)
  -> queued TYL buy (conf 80, stop 310.0, tp 355.0)
  -> queued LYB buy (conf 80, stop 58.01, tp 67.5)
Dashboard watchlist synced (17 symbols) for news/headlines.
Ending portfolio value: $99,425.43
Trade journal: no closed trades yet
Performance: Total return -0.41% | Max drawdown 12.37% | Daily Sharpe 0.27 | Open positions: 14 | Equity $99,425.43
Timings: account: 0.0s | risk: 0.7s | decide: 2.0s | watchlist: 0.0s | perf: 0.1s

=== Run at 2026-08-15T19:44:24.293650 ===
Current time: 2026-08-15 03:44 PM EDT | Market open (per Alpaca): False | Session: CLOSED
Account value: $99,425.43
Cash: $2,352.13 | Holdings (14): {'CEG': '35.6034 sh (+1.36%)', 'CHD': '97.9637 sh (+0.01%)', 'COHR': '7.9896 sh (-4.69%)', 'CVX': '24.8836 sh (+1.17%)', 'GEHC': '0.6136 sh (-0.28%)', 'IVZ': '306.9138 sh (+1.21%)', 'LMT': '16.3555 sh (+0.32%)', 'MS': '43.8344 sh (-1.63%)', 'MSI': '21.1281 sh (-0.69%)', 'NUE': '36.5544 sh (-1.52%)', 'NVDA': '44.2888 sh (+0.48%)', 'NWS': '303.7199 sh (+1.75%)', 'STLD': '0.9216 sh (-2.54%)', 'WSM': '0.1026 sh (-1.61%)'}
Open orders (1): NVDA sell 44.2888
Risk state: peak $99,703.60 | drawdown 0.28% | today -0.00% | halted: False
Market regime: NEUTRAL (position-size multiplier: 100% incl. circuit breaker 100%)
News: fetched 158, 0 new after dedup, 0 ticker(s) matched.
Quant pre-screen: 48/67 candidates passed.
Gemini proposed 2 trade(s) meeting the conviction bar.
Gemini calls used today (all models combined): 380
Market closed (overnight): queued 12 trade idea(s) for next-morning verification -- nothing submitted yet.
  -> queued WDC buy (conf 92, stop 485.0, tp 560.0)
  -> queued WFC buy (conf 91, stop 86.06, tp 97.76)
  -> queued HAS buy (conf 90, stop 89.34, tp 106.82)
  -> queued HUM buy (conf None, stop 354.57, tp 392.49)
  -> queued WDAY buy (conf 85, stop 188.0, tp 220.0)
  -> queued BAC buy (conf 85, stop 62.5, tp 67.5)
  -> queued HBAN buy (conf 85, stop 17.09, tp 19.45)
  -> queued TDY buy (conf 90, stop 655.0, tp 730.0)
  -> queued TTWO buy (conf 92, stop None, tp None)
  -> queued NDAQ buy (conf None, stop 93.23, tp 97.755)
  -> queued TYL buy (conf 80, stop 310.0, tp 355.0)
  -> queued LYB buy (conf 80, stop 58.01, tp 67.5)
Dashboard watchlist synced (16 symbols) for news/headlines.
Ending portfolio value: $99,425.43
Trade journal: no closed trades yet
Performance: Total return -0.41% | Max drawdown 12.37% | Daily Sharpe 0.27 | Open positions: 14 | Equity $99,425.43
Timings: account: 0.0s | risk: 0.8s | decide: 1.8s | watchlist: 0.0s | perf: 0.1s

=== Run at 2026-08-15T19:46:30.283741 ===
Current time: 2026-08-15 03:46 PM EDT | Market open (per Alpaca): False | Session: CLOSED
Account value: $99,425.43
Cash: $2,352.13 | Holdings (14): {'CEG': '35.6034 sh (+1.36%)', 'CHD': '97.9637 sh (+0.01%)', 'COHR': '7.9896 sh (-4.69%)', 'CVX': '24.8836 sh (+1.17%)', 'GEHC': '0.6136 sh (-0.28%)', 'IVZ': '306.9138 sh (+1.21%)', 'LMT': '16.3555 sh (+0.32%)', 'MS': '43.8344 sh (-1.63%)', 'MSI': '21.1281 sh (-0.69%)', 'NUE': '36.5544 sh (-1.52%)', 'NVDA': '44.2888 sh (+0.48%)', 'NWS': '303.7199 sh (+1.75%)', 'STLD': '0.9216 sh (-2.54%)', 'WSM': '0.1026 sh (-1.61%)'}
Open orders (1): NVDA sell 44.2888
Risk state: peak $99,703.60 | drawdown 0.28% | today -0.00% | halted: False
Market regime: NEUTRAL (position-size multiplier: 100% incl. circuit breaker 100%)
News: fetched 157, 2 new after dedup, 0 ticker(s) matched.
Quant pre-screen: 48/67 candidates passed.
Gemini proposed 2 trade(s) meeting the conviction bar.
Gemini calls used today (all models combined): 381
Market closed (overnight): queued 12 trade idea(s) for next-morning verification -- nothing submitted yet.
  -> queued WDC buy (conf 92, stop 485.0, tp 560.0)
  -> queued WFC buy (conf 91, stop 86.06, tp 97.76)
  -> queued HAS buy (conf 90, stop 89.34, tp 106.82)
  -> queued HUM buy (conf None, stop 354.57, tp 392.49)
  -> queued WDAY buy (conf 85, stop 188.0, tp 220.0)
  -> queued BAC buy (conf 85, stop 62.5, tp 67.5)
  -> queued HBAN buy (conf 85, stop 17.09, tp 19.45)
  -> queued TDY buy (conf 85, stop 654.41, tp 720.0)
  -> queued TTWO buy (conf 80, stop 228.4, tp 270.0)
  -> queued NDAQ buy (conf None, stop 93.23, tp 97.755)
  -> queued TYL buy (conf 80, stop 310.0, tp 355.0)
  -> queued LYB buy (conf 80, stop 58.01, tp 67.5)
Dashboard watchlist synced (16 symbols) for news/headlines.
Ending portfolio value: $99,425.43
Trade journal: no closed trades yet
Performance: Total return -0.41% | Max drawdown 12.37% | Daily Sharpe 0.27 | Open positions: 14 | Equity $99,425.43
Timings: account: 0.0s | risk: 4.0s | decide: 4.3s | watchlist: 0.1s | perf: 0.2s

=== Run at 2026-08-15T19:48:30.269516 ===
Current time: 2026-08-15 03:48 PM EDT | Market open (per Alpaca): False | Session: CLOSED
Account value: $99,425.43
Cash: $2,352.13 | Holdings (14): {'CEG': '35.6034 sh (+1.36%)', 'CHD': '97.9637 sh (+0.01%)', 'COHR': '7.9896 sh (-4.69%)', 'CVX': '24.8836 sh (+1.17%)', 'GEHC': '0.6136 sh (-0.28%)', 'IVZ': '306.9138 sh (+1.21%)', 'LMT': '16.3555 sh (+0.32%)', 'MS': '43.8344 sh (-1.63%)', 'MSI': '21.1281 sh (-0.69%)', 'NUE': '36.5544 sh (-1.52%)', 'NVDA': '44.2888 sh (+0.48%)', 'NWS': '303.7199 sh (+1.75%)', 'STLD': '0.9216 sh (-2.54%)', 'WSM': '0.1026 sh (-1.61%)'}
Open orders (1): NVDA sell 44.2888
Risk state: peak $99,703.60 | drawdown 0.28% | today -0.00% | halted: False
Market regime: NEUTRAL (position-size multiplier: 100% incl. circuit breaker 100%)
News: fetched 157, 1 new after dedup, 0 ticker(s) matched.
Quant pre-screen: 48/67 candidates passed.
Gemini proposed 2 trade(s) meeting the conviction bar.
Gemini calls used today (all models combined): 382
Market closed (overnight): queued 12 trade idea(s) for next-morning verification -- nothing submitted yet.
  -> queued WDC buy (conf 92, stop 485.0, tp 560.0)
  -> queued WFC buy (conf 91, stop 86.06, tp 97.76)
  -> queued HAS buy (conf 90, stop 89.34, tp 106.82)
  -> queued HUM buy (conf None, stop 354.57, tp 392.49)
  -> queued WDAY buy (conf 85, stop 188.0, tp 220.0)
  -> queued BAC buy (conf 85, stop 62.5, tp 67.5)
  -> queued HBAN buy (conf 85, stop 17.09, tp 19.45)
  -> queued TDY buy (conf 91, stop 654.41, tp 710.0)
  -> queued TTWO buy (conf 88, stop 228.4, tp 265.0)
  -> queued NDAQ buy (conf None, stop 93.23, tp 97.755)
  -> queued TYL buy (conf 80, stop 310.0, tp 355.0)
  -> queued LYB buy (conf 80, stop 58.01, tp 67.5)
Dashboard watchlist synced (16 symbols) for news/headlines.
Ending portfolio value: $99,425.43
Trade journal: no closed trades yet
Performance: Total return -0.41% | Max drawdown 12.37% | Daily Sharpe 0.27 | Open positions: 14 | Equity $99,425.43
Timings: account: 0.0s | risk: 3.4s | decide: 4.0s | watchlist: 0.1s | perf: 0.2s

=== Run at 2026-08-15T19:50:30.139856 ===
Current time: 2026-08-15 03:50 PM EDT | Market open (per Alpaca): False | Session: CLOSED
Account value: $99,425.43
Cash: $2,352.13 | Holdings (14): {'CEG': '35.6034 sh (+1.36%)', 'CHD': '97.9637 sh (+0.01%)', 'COHR': '7.9896 sh (-4.69%)', 'CVX': '24.8836 sh (+1.17%)', 'GEHC': '0.6136 sh (-0.28%)', 'IVZ': '306.9138 sh (+1.21%)', 'LMT': '16.3555 sh (+0.32%)', 'MS': '43.8344 sh (-1.63%)', 'MSI': '21.1281 sh (-0.69%)', 'NUE': '36.5544 sh (-1.52%)', 'NVDA': '44.2888 sh (+0.48%)', 'NWS': '303.7199 sh (+1.75%)', 'STLD': '0.9216 sh (-2.54%)', 'WSM': '0.1026 sh (-1.61%)'}
Open orders (1): NVDA sell 44.2888
Risk state: peak $99,703.60 | drawdown 0.28% | today -0.00% | halted: False
Market regime: NEUTRAL (position-size multiplier: 100% incl. circuit breaker 100%)
News: fetched 157, 0 new after dedup, 0 ticker(s) matched.
Quant pre-screen: 48/67 candidates passed.
Gemini proposed 3 trade(s) meeting the conviction bar.
Gemini calls used today (all models combined): 383
Market closed (overnight): queued 12 trade idea(s) for next-morning verification -- nothing submitted yet.
  -> queued WDC buy (conf 92, stop 485.0, tp 560.0)
  -> queued WFC buy (conf 91, stop 86.06, tp 97.76)
  -> queued HAS buy (conf 90, stop 89.34, tp 106.82)
  -> queued HUM buy (conf None, stop 354.57, tp 392.49)
  -> queued WDAY buy (conf 85, stop 188.0, tp 220.0)
  -> queued BAC buy (conf 85, stop 62.5, tp 67.5)
  -> queued HBAN buy (conf 85, stop 17.09, tp 19.45)
  -> queued TDY buy (conf 85, stop 660.0, tp 720.0)
  -> queued TTWO buy (conf 88, stop 232.0, tp 272.0)
  -> queued NDAQ buy (conf None, stop 93.23, tp 97.755)
  -> queued TYL buy (conf 91, stop 310.0, tp 355.0)
  -> queued LYB buy (conf 80, stop 58.01, tp 67.5)
Dashboard watchlist synced (17 symbols) for news/headlines.
Ending portfolio value: $99,425.43
Trade journal: no closed trades yet
Performance: Total return -0.41% | Max drawdown 12.37% | Daily Sharpe 0.27 | Open positions: 14 | Equity $99,425.43
Timings: account: 0.0s | risk: 1.6s | decide: 3.2s | watchlist: 0.1s | perf: 0.1s

=== Run at 2026-08-15T19:52:29.938751 ===
Current time: 2026-08-15 03:52 PM EDT | Market open (per Alpaca): False | Session: CLOSED
Account value: $99,425.43
Cash: $2,352.13 | Holdings (14): {'CEG': '35.6034 sh (+1.36%)', 'CHD': '97.9637 sh (+0.01%)', 'COHR': '7.9896 sh (-4.69%)', 'CVX': '24.8836 sh (+1.17%)', 'GEHC': '0.6136 sh (-0.28%)', 'IVZ': '306.9138 sh (+1.21%)', 'LMT': '16.3555 sh (+0.32%)', 'MS': '43.8344 sh (-1.63%)', 'MSI': '21.1281 sh (-0.69%)', 'NUE': '36.5544 sh (-1.52%)', 'NVDA': '44.2888 sh (+0.48%)', 'NWS': '303.7199 sh (+1.75%)', 'STLD': '0.9216 sh (-2.54%)', 'WSM': '0.1026 sh (-1.61%)'}
Open orders (1): NVDA sell 44.2888
Risk state: peak $99,703.60 | drawdown 0.28% | today -0.00% | halted: False
Market regime: NEUTRAL (position-size multiplier: 100% incl. circuit breaker 100%)
News: fetched 157, 1 new after dedup, 0 ticker(s) matched.
Quant pre-screen: 48/67 candidates passed.
Gemini proposed 3 trade(s) meeting the conviction bar.
Gemini calls used today (all models combined): 384
Market closed (overnight): queued 12 trade idea(s) for next-morning verification -- nothing submitted yet.
  -> queued WDC buy (conf 92, stop 485.0, tp 560.0)
  -> queued WFC buy (conf 91, stop 86.06, tp 97.76)
  -> queued HAS buy (conf 90, stop 89.34, tp 106.82)
  -> queued HUM buy (conf None, stop 354.57, tp 392.49)
  -> queued WDAY buy (conf 85, stop 188.0, tp 220.0)
  -> queued BAC buy (conf 85, stop 62.5, tp 67.5)
  -> queued HBAN buy (conf 85, stop 17.09, tp 19.45)
  -> queued TDY buy (conf 88, stop 655.0, tp 720.0)
  -> queued TTWO buy (conf 90, stop 235.0, tp 270.0)
  -> queued NDAQ buy (conf None, stop 93.23, tp 97.755)
  -> queued TYL buy (conf 91, stop 310.0, tp 355.00000000000006)
  -> queued LYB buy (conf 80, stop 58.01, tp 67.5)
Dashboard watchlist synced (17 symbols) for news/headlines.
Ending portfolio value: $99,425.43
Trade journal: no closed trades yet
Performance: Total return -0.41% | Max drawdown 12.37% | Daily Sharpe 0.27 | Open positions: 14 | Equity $99,425.43
Timings: account: 0.0s | risk: 3.7s | decide: 10.3s | watchlist: 0.1s | perf: 0.3s

=== Run at 2026-08-15T19:54:24.384905 ===
Current time: 2026-08-15 03:54 PM EDT | Market open (per Alpaca): False | Session: CLOSED
Account value: $99,425.43
Cash: $2,352.13 | Holdings (14): {'CEG': '35.6034 sh (+1.36%)', 'CHD': '97.9637 sh (+0.01%)', 'COHR': '7.9896 sh (-4.69%)', 'CVX': '24.8836 sh (+1.17%)', 'GEHC': '0.6136 sh (-0.28%)', 'IVZ': '306.9138 sh (+1.21%)', 'LMT': '16.3555 sh (+0.32%)', 'MS': '43.8344 sh (-1.63%)', 'MSI': '21.1281 sh (-0.69%)', 'NUE': '36.5544 sh (-1.52%)', 'NVDA': '44.2888 sh (+0.48%)', 'NWS': '303.7199 sh (+1.75%)', 'STLD': '0.9216 sh (-2.54%)', 'WSM': '0.1026 sh (-1.61%)'}
Open orders (1): NVDA sell 44.2888
Risk state: peak $99,703.60 | drawdown 0.28% | today -0.00% | halted: False
Market regime: NEUTRAL (position-size multiplier: 100% incl. circuit breaker 100%)
News: fetched 157, 0 new after dedup, 0 ticker(s) matched.
Quant pre-screen: 48/67 candidates passed.
Gemini proposed 1 trade(s) meeting the conviction bar.
Gemini calls used today (all models combined): 385
Market closed (overnight): queued 12 trade idea(s) for next-morning verification -- nothing submitted yet.
  -> queued WDC buy (conf 92, stop 485.0, tp 560.0)
  -> queued WFC buy (conf 91, stop 86.06, tp 97.76)
  -> queued HAS buy (conf 90, stop 89.34, tp 106.82)
  -> queued HUM buy (conf None, stop 354.57, tp 392.49)
  -> queued WDAY buy (conf 85, stop 188.0, tp 220.0)
  -> queued BAC buy (conf 85, stop 62.5, tp 67.5)
  -> queued HBAN buy (conf 85, stop 17.09, tp 19.45)
  -> queued TDY buy (conf 88, stop 655.0, tp 720.0)
  -> queued TTWO buy (conf 90, stop 235.0, tp 270.0)
  -> queued NDAQ buy (conf None, stop 93.23, tp 97.755)
  -> queued TYL buy (conf 92, stop 310.0, tp None)
  -> queued LYB buy (conf 80, stop 58.01, tp 67.5)
Dashboard watchlist synced (15 symbols) for news/headlines.
Ending portfolio value: $99,425.43
Trade journal: no closed trades yet
Performance: Total return -0.41% | Max drawdown 12.37% | Daily Sharpe 0.27 | Open positions: 14 | Equity $99,425.43
Timings: account: 0.0s | risk: 0.7s | decide: 7.3s | watchlist: 0.0s | perf: 0.1s

=== Run at 2026-08-15T19:56:25.964280 ===
Current time: 2026-08-15 03:56 PM EDT | Market open (per Alpaca): False | Session: CLOSED
Account value: $99,425.43
Cash: $2,352.13 | Holdings (14): {'CEG': '35.6034 sh (+1.36%)', 'CHD': '97.9637 sh (+0.01%)', 'COHR': '7.9896 sh (-4.69%)', 'CVX': '24.8836 sh (+1.17%)', 'GEHC': '0.6136 sh (-0.28%)', 'IVZ': '306.9138 sh (+1.21%)', 'LMT': '16.3555 sh (+0.32%)', 'MS': '43.8344 sh (-1.63%)', 'MSI': '21.1281 sh (-0.69%)', 'NUE': '36.5544 sh (-1.52%)', 'NVDA': '44.2888 sh (+0.48%)', 'NWS': '303.7199 sh (+1.75%)', 'STLD': '0.9216 sh (-2.54%)', 'WSM': '0.1026 sh (-1.61%)'}
Open orders (1): NVDA sell 44.2888
Risk state: peak $99,703.60 | drawdown 0.28% | today -0.00% | halted: False
Market regime: NEUTRAL (position-size multiplier: 100% incl. circuit breaker 100%)
News: fetched 157, 1 new after dedup, 0 ticker(s) matched.
Quant pre-screen: 48/67 candidates passed.
Gemini proposed 3 trade(s) meeting the conviction bar.
Gemini calls used today (all models combined): 386
Market closed (overnight): queued 12 trade idea(s) for next-morning verification -- nothing submitted yet.
  -> queued WDC buy (conf 92, stop 485.0, tp 560.0)
  -> queued WFC buy (conf 91, stop 86.06, tp 97.76)
  -> queued HAS buy (conf 90, stop 89.34, tp 106.82)
  -> queued HUM buy (conf None, stop 354.57, tp 392.49)
  -> queued WDAY buy (conf 85, stop 188.0, tp 220.0)
  -> queued BAC buy (conf 85, stop 62.5, tp 67.5)
  -> queued HBAN buy (conf 85, stop 17.09, tp 19.45)
  -> queued TDY buy (conf 92, stop 654.41, tp None)
  -> queued TTWO buy (conf 91, stop 228.4, tp 265.49)
  -> queued NDAQ buy (conf None, stop 93.23, tp 97.755)
  -> queued TYL buy (conf 90, stop 300.28, tp 350.0)
  -> queued LYB buy (conf 80, stop 58.01, tp 67.5)
Dashboard watchlist synced (17 symbols) for news/headlines.
Ending portfolio value: $99,425.43
Trade journal: no closed trades yet
Performance: Total return -0.41% | Max drawdown 12.37% | Daily Sharpe 0.27 | Open positions: 14 | Equity $99,425.43
Timings: account: 0.0s | risk: 0.7s | decide: 2.6s | watchlist: 0.0s | perf: 0.1s

=== Run at 2026-08-15T19:58:30.599765 ===
Current time: 2026-08-15 03:58 PM EDT | Market open (per Alpaca): False | Session: CLOSED
Account value: $99,425.43
Cash: $2,352.13 | Holdings (14): {'CEG': '35.6034 sh (+1.36%)', 'CHD': '97.9637 sh (+0.01%)', 'COHR': '7.9896 sh (-4.69%)', 'CVX': '24.8836 sh (+1.17%)', 'GEHC': '0.6136 sh (-0.28%)', 'IVZ': '306.9138 sh (+1.21%)', 'LMT': '16.3555 sh (+0.32%)', 'MS': '43.8344 sh (-1.63%)', 'MSI': '21.1281 sh (-0.69%)', 'NUE': '36.5544 sh (-1.52%)', 'NVDA': '44.2888 sh (+0.48%)', 'NWS': '303.7199 sh (+1.75%)', 'STLD': '0.9216 sh (-2.54%)', 'WSM': '0.1026 sh (-1.61%)'}
Open orders (1): NVDA sell 44.2888
Risk state: peak $99,703.60 | drawdown 0.28% | today -0.00% | halted: False
Market regime: NEUTRAL (position-size multiplier: 100% incl. circuit breaker 100%)
News: fetched 157, 0 new after dedup, 0 ticker(s) matched.
Quant pre-screen: 48/67 candidates passed.
Gemini proposed 3 trade(s) meeting the conviction bar.
Gemini calls used today (all models combined): 387
Market closed (overnight): queued 12 trade idea(s) for next-morning verification -- nothing submitted yet.
  -> queued WDC buy (conf 92, stop 485.0, tp 560.0)
  -> queued WFC buy (conf 91, stop 86.06, tp 97.76)
  -> queued HAS buy (conf 90, stop 89.34, tp 106.82)
  -> queued HUM buy (conf None, stop 354.57, tp 392.49)
  -> queued WDAY buy (conf 85, stop 188.0, tp 220.0)
  -> queued BAC buy (conf 85, stop 62.5, tp 67.5)
  -> queued HBAN buy (conf 85, stop 17.09, tp 19.45)
  -> queued TDY buy (conf 88, stop 655.0, tp 720.0)
  -> queued TTWO buy (conf 90, stop 234.0, tp 270.0)
  -> queued NDAQ buy (conf None, stop 93.23, tp 97.755)
  -> queued TYL buy (conf 92, stop 310.0, tp 355.0)
  -> queued LYB buy (conf 80, stop 58.01, tp 67.5)
Dashboard watchlist synced (17 symbols) for news/headlines.
Ending portfolio value: $99,425.43
Trade journal: no closed trades yet
Performance: Total return -0.41% | Max drawdown 12.37% | Daily Sharpe 0.27 | Open positions: 14 | Equity $99,425.43
Timings: account: 0.0s | risk: 2.1s | decide: 3.3s | watchlist: 0.1s | perf: 0.2s

=== Run at 2026-08-15T20:00:30.110772 ===
Current time: 2026-08-15 04:00 PM EDT | Market open (per Alpaca): False | Session: CLOSED
Account value: $99,425.43
Cash: $2,352.13 | Holdings (14): {'CEG': '35.6034 sh (+1.36%)', 'CHD': '97.9637 sh (+0.01%)', 'COHR': '7.9896 sh (-4.69%)', 'CVX': '24.8836 sh (+1.17%)', 'GEHC': '0.6136 sh (-0.28%)', 'IVZ': '306.9138 sh (+1.21%)', 'LMT': '16.3555 sh (+0.32%)', 'MS': '43.8344 sh (-1.63%)', 'MSI': '21.1281 sh (-0.69%)', 'NUE': '36.5544 sh (-1.52%)', 'NVDA': '44.2888 sh (+0.48%)', 'NWS': '303.7199 sh (+1.75%)', 'STLD': '0.9216 sh (-2.54%)', 'WSM': '0.1026 sh (-1.61%)'}
Open orders (1): NVDA sell 44.2888
Risk state: peak $99,703.60 | drawdown 0.28% | today -0.00% | halted: False
Market regime: NEUTRAL (position-size multiplier: 100% incl. circuit breaker 100%)
News: fetched 157, 0 new after dedup, 0 ticker(s) matched.
Quant pre-screen: 14/19 candidates passed.
Gemini proposed 1 trade(s) meeting the conviction bar.
Gemini calls used today (all models combined): 388
Market closed (overnight): queued 12 trade idea(s) for next-morning verification -- nothing submitted yet.
  -> queued WDC buy (conf 92, stop 485.0, tp 560.0)
  -> queued WFC buy (conf 91, stop 86.06, tp 97.76)
  -> queued HAS buy (conf 90, stop 89.34, tp 106.82)
  -> queued HUM buy (conf None, stop 354.57, tp 392.49)
  -> queued WDAY buy (conf 85, stop 188.0, tp 220.0)
  -> queued BAC buy (conf 85, stop 62.5, tp 67.5)
  -> queued HBAN buy (conf 85, stop 17.09, tp 19.45)
  -> queued TDY buy (conf 85, stop 654.41, tp 697.61)
  -> queued TTWO buy (conf 90, stop 234.0, tp 270.0)
  -> queued NDAQ buy (conf None, stop 93.23, tp 97.755)
  -> queued TYL buy (conf 92, stop 310.0, tp 355.0)
  -> queued LYB buy (conf 80, stop 58.01, tp 67.5)
Dashboard watchlist synced (15 symbols) for news/headlines.
Ending portfolio value: $99,425.43
Trade journal: no closed trades yet
Performance: Total return -0.41% | Max drawdown 12.37% | Daily Sharpe 0.27 | Open positions: 14 | Equity $99,425.43
Timings: account: 0.0s | risk: 2.6s | decide: 5.1s | watchlist: 0.1s | perf: 0.1s

=== Run at 2026-08-15T20:02:25.729223 ===
Current time: 2026-08-15 04:02 PM EDT | Market open (per Alpaca): False | Session: CLOSED
Account value: $99,425.43
Cash: $2,352.13 | Holdings (14): {'CEG': '35.6034 sh (+1.36%)', 'CHD': '97.9637 sh (+0.01%)', 'COHR': '7.9896 sh (-4.69%)', 'CVX': '24.8836 sh (+1.17%)', 'GEHC': '0.6136 sh (-0.28%)', 'IVZ': '306.9138 sh (+1.21%)', 'LMT': '16.3555 sh (+0.32%)', 'MS': '43.8344 sh (-1.63%)', 'MSI': '21.1281 sh (-0.69%)', 'NUE': '36.5544 sh (-1.52%)', 'NVDA': '44.2888 sh (+0.48%)', 'NWS': '303.7199 sh (+1.75%)', 'STLD': '0.9216 sh (-2.54%)', 'WSM': '0.1026 sh (-1.61%)'}
Open orders (1): NVDA sell 44.2888
Risk state: peak $99,703.60 | drawdown 0.28% | today -0.00% | halted: False
Market regime: NEUTRAL (position-size multiplier: 100% incl. circuit breaker 100%)
News: fetched 157, 0 new after dedup, 0 ticker(s) matched.
Quant pre-screen: 23/31 candidates passed.
Gemini proposed 1 trade(s) meeting the conviction bar.
Gemini calls used today (all models combined): 389
Market closed (overnight): queued 12 trade idea(s) for next-morning verification -- nothing submitted yet.
  -> queued WDC buy (conf 92, stop 485.0, tp 560.0)
  -> queued WFC buy (conf 91, stop 86.06, tp 97.76)
  -> queued HAS buy (conf 90, stop 89.34, tp 106.82)
  -> queued HUM buy (conf None, stop 354.57, tp 392.49)
  -> queued WDAY buy (conf 85, stop 188.0, tp 220.0)
  -> queued BAC buy (conf 85, stop 62.5, tp 67.5)
  -> queued HBAN buy (conf 85, stop 17.09, tp 19.45)
  -> queued TDY buy (conf 91, stop 654.41, tp 715.0)
  -> queued TTWO buy (conf 90, stop 234.0, tp 270.0)
  -> queued NDAQ buy (conf None, stop 93.23, tp 97.755)
  -> queued TYL buy (conf 92, stop 310.0, tp 355.0)
  -> queued LYB buy (conf 80, stop 58.01, tp 67.5)
Dashboard watchlist synced (15 symbols) for news/headlines.
Ending portfolio value: $99,425.43
Trade journal: no closed trades yet
Performance: Total return -0.41% | Max drawdown 12.37% | Daily Sharpe 0.27 | Open positions: 14 | Equity $99,425.43
Timings: account: 0.0s | risk: 2.2s | decide: 5.9s | watchlist: 0.1s | perf: 0.2s

=== Run at 2026-08-15T20:04:28.516508 ===
Current time: 2026-08-15 04:04 PM EDT | Market open (per Alpaca): False | Session: CLOSED
Account value: $99,425.43
Cash: $2,352.13 | Holdings (14): {'CEG': '35.6034 sh (+1.36%)', 'CHD': '97.9637 sh (+0.01%)', 'COHR': '7.9896 sh (-4.69%)', 'CVX': '24.8836 sh (+1.17%)', 'GEHC': '0.6136 sh (-0.28%)', 'IVZ': '306.9138 sh (+1.21%)', 'LMT': '16.3555 sh (+0.32%)', 'MS': '43.8344 sh (-1.63%)', 'MSI': '21.1281 sh (-0.69%)', 'NUE': '36.5544 sh (-1.52%)', 'NVDA': '44.2888 sh (+0.48%)', 'NWS': '303.7199 sh (+1.75%)', 'STLD': '0.9216 sh (-2.54%)', 'WSM': '0.1026 sh (-1.61%)'}
Open orders (1): NVDA sell 44.2888
Risk state: peak $99,703.60 | drawdown 0.28% | today -0.00% | halted: False
Market regime: NEUTRAL (position-size multiplier: 100% incl. circuit breaker 100%)
News: fetched 157, 1 new after dedup, 0 ticker(s) matched.
Quant pre-screen: 31/43 candidates passed.
Gemini proposed 2 trade(s) meeting the conviction bar.
Gemini calls used today (all models combined): 390
Market closed (overnight): queued 12 trade idea(s) for next-morning verification -- nothing submitted yet.
  -> queued WDC buy (conf 92, stop 485.0, tp 560.0)
  -> queued WFC buy (conf 91, stop 86.06, tp 97.76)
  -> queued HAS buy (conf 90, stop 89.34, tp 106.82)
  -> queued HUM buy (conf None, stop 354.57, tp 392.49)
  -> queued WDAY buy (conf 85, stop 188.0, tp 220.0)
  -> queued BAC buy (conf 85, stop 62.5, tp 67.5)
  -> queued HBAN buy (conf 85, stop 17.09, tp 19.45)
  -> queued TDY buy (conf 90, stop 650.0, tp 697.6)
  -> queued TTWO buy (conf 92, stop 231.0, tp 265.0)
  -> queued NDAQ buy (conf None, stop 93.23, tp 97.755)
  -> queued TYL buy (conf 92, stop 310.0, tp 355.0)
  -> queued LYB buy (conf 80, stop 58.01, tp 67.5)
Dashboard watchlist synced (16 symbols) for news/headlines.
Ending portfolio value: $99,425.43
Trade journal: no closed trades yet
Performance: Total return -0.41% | Max drawdown 12.37% | Daily Sharpe 0.27 | Open positions: 14 | Equity $99,425.43
Timings: account: 0.0s | risk: 3.6s | decide: 7.0s | watchlist: 0.2s | perf: 0.2s

=== Run at 2026-08-15T20:06:27.331947 ===
Current time: 2026-08-15 04:06 PM EDT | Market open (per Alpaca): False | Session: CLOSED
Account value: $99,425.43
Cash: $2,352.13 | Holdings (14): {'CEG': '35.6034 sh (+1.36%)', 'CHD': '97.9637 sh (+0.01%)', 'COHR': '7.9896 sh (-4.69%)', 'CVX': '24.8836 sh (+1.17%)', 'GEHC': '0.6136 sh (-0.28%)', 'IVZ': '306.9138 sh (+1.21%)', 'LMT': '16.3555 sh (+0.32%)', 'MS': '43.8344 sh (-1.63%)', 'MSI': '21.1281 sh (-0.69%)', 'NUE': '36.5544 sh (-1.52%)', 'NVDA': '44.2888 sh (+0.48%)', 'NWS': '303.7199 sh (+1.75%)', 'STLD': '0.9216 sh (-2.54%)', 'WSM': '0.1026 sh (-1.61%)'}
Open orders (1): NVDA sell 44.2888
Risk state: peak $99,703.60 | drawdown 0.28% | today -0.00% | halted: False
Market regime: NEUTRAL (position-size multiplier: 100% incl. circuit breaker 100%)
News: fetched 157, 4 new after dedup, 0 ticker(s) matched.
Quant pre-screen: 40/55 candidates passed.
Gemini proposed 2 trade(s) meeting the conviction bar.
Gemini calls used today (all models combined): 391
Market closed (overnight): queued 12 trade idea(s) for next-morning verification -- nothing submitted yet.
  -> queued WDC buy (conf 92, stop 485.0, tp 560.0)
  -> queued WFC buy (conf 91, stop 86.06, tp 97.76)
  -> queued HAS buy (conf 90, stop 89.34, tp 106.82)
  -> queued HUM buy (conf None, stop 354.57, tp 392.49)
  -> queued WDAY buy (conf 85, stop 188.0, tp 220.0)
  -> queued BAC buy (conf 85, stop 62.5, tp 67.5)
  -> queued HBAN buy (conf 85, stop 17.09, tp 19.45)
  -> queued TDY buy (conf 90, stop 650.0, tp 697.6)
  -> queued TTWO buy (conf 91, stop 230.0, tp 272.0)
  -> queued NDAQ buy (conf None, stop 93.23, tp 97.755)
  -> queued TYL buy (conf 92, stop 310.0, tp 355.00000000000006)
  -> queued LYB buy (conf 80, stop 58.01, tp 67.5)
Dashboard watchlist synced (16 symbols) for news/headlines.
Ending portfolio value: $99,425.43
Trade journal: no closed trades yet
Performance: Total return -0.41% | Max drawdown 12.37% | Daily Sharpe 0.27 | Open positions: 14 | Equity $99,425.43
Timings: account: 0.0s | risk: 3.6s | decide: 6.6s | watchlist: 0.1s | perf: 0.2s

=== Run at 2026-08-15T20:08:26.699623 ===
Current time: 2026-08-15 04:08 PM EDT | Market open (per Alpaca): False | Session: CLOSED
Account value: $99,425.43
Cash: $2,352.13 | Holdings (14): {'CEG': '35.6034 sh (+1.36%)', 'CHD': '97.9637 sh (+0.01%)', 'COHR': '7.9896 sh (-4.69%)', 'CVX': '24.8836 sh (+1.17%)', 'GEHC': '0.6136 sh (-0.28%)', 'IVZ': '306.9138 sh (+1.21%)', 'LMT': '16.3555 sh (+0.32%)', 'MS': '43.8344 sh (-1.63%)', 'MSI': '21.1281 sh (-0.69%)', 'NUE': '36.5544 sh (-1.52%)', 'NVDA': '44.2888 sh (+0.48%)', 'NWS': '303.7199 sh (+1.75%)', 'STLD': '0.9216 sh (-2.54%)', 'WSM': '0.1026 sh (-1.61%)'}
Open orders (1): NVDA sell 44.2888
Risk state: peak $99,703.60 | drawdown 0.28% | today -0.00% | halted: False
Market regime: NEUTRAL (position-size multiplier: 100% incl. circuit breaker 100%)
News: fetched 157, 2 new after dedup, 1 ticker(s) matched.
Quant pre-screen: 28/38 candidates passed.
Gemini proposed 1 trade(s) meeting the conviction bar.
Gemini calls used today (all models combined): 392
Market closed (overnight): queued 12 trade idea(s) for next-morning verification -- nothing submitted yet.
  -> queued WDC buy (conf 92, stop 485.0, tp 560.0)
  -> queued WFC buy (conf 91, stop 86.06, tp 97.76)
  -> queued HAS buy (conf 90, stop 89.34, tp 106.82)
  -> queued HUM buy (conf None, stop 354.57, tp 392.49)
  -> queued WDAY buy (conf 85, stop 188.0, tp 220.0)
  -> queued BAC buy (conf 85, stop 62.5, tp 67.5)
  -> queued HBAN buy (conf 85, stop 17.09, tp 19.45)
  -> queued TDY buy (conf 90, stop 650.0, tp 697.6)
  -> queued TTWO buy (conf 91, stop 230.0, tp 272.0)
  -> queued NDAQ buy (conf None, stop 93.23, tp 97.755)
  -> queued TYL buy (conf 91, stop 300.28, tp 350.0)
  -> queued LYB buy (conf 80, stop 58.01, tp 67.5)
Dashboard watchlist synced (16 symbols) for news/headlines.
Ending portfolio value: $99,425.43
Trade journal: no closed trades yet
Performance: Total return -0.41% | Max drawdown 12.37% | Daily Sharpe 0.27 | Open positions: 14 | Equity $99,425.43
Timings: account: 0.0s | risk: 3.5s | decide: 7.0s | watchlist: 0.2s | perf: 0.3s

=== Run at 2026-08-15T20:10:27.662108 ===
Current time: 2026-08-15 04:10 PM EDT | Market open (per Alpaca): False | Session: CLOSED
Account value: $99,425.43
Cash: $2,352.13 | Holdings (14): {'CEG': '35.6034 sh (+1.36%)', 'CHD': '97.9637 sh (+0.01%)', 'COHR': '7.9896 sh (-4.69%)', 'CVX': '24.8836 sh (+1.17%)', 'GEHC': '0.6136 sh (-0.28%)', 'IVZ': '306.9138 sh (+1.21%)', 'LMT': '16.3555 sh (+0.32%)', 'MS': '43.8344 sh (-1.63%)', 'MSI': '21.1281 sh (-0.69%)', 'NUE': '36.5544 sh (-1.52%)', 'NVDA': '44.2888 sh (+0.48%)', 'NWS': '303.7199 sh (+1.75%)', 'STLD': '0.9216 sh (-2.54%)', 'WSM': '0.1026 sh (-1.61%)'}
Open orders (1): NVDA sell 44.2888
Risk state: peak $99,703.60 | drawdown 0.28% | today -0.00% | halted: False
Market regime: NEUTRAL (position-size multiplier: 100% incl. circuit breaker 100%)
News: fetched 157, 1 new after dedup, 0 ticker(s) matched.
Quant pre-screen: 47/67 candidates passed.
Gemini proposed 1 trade(s) meeting the conviction bar.
Gemini calls used today (all models combined): 393
Market closed (overnight): queued 12 trade idea(s) for next-morning verification -- nothing submitted yet.
  -> queued WDC buy (conf 92, stop 485.0, tp 560.0)
  -> queued WFC buy (conf 91, stop 86.06, tp 97.76)
  -> queued HAS buy (conf 90, stop 89.34, tp 106.82)
  -> queued HUM buy (conf None, stop 354.57, tp 392.49)
  -> queued WDAY buy (conf 85, stop 188.0, tp 220.0)
  -> queued BAC buy (conf 85, stop 62.5, tp 67.5)
  -> queued HBAN buy (conf 85, stop 17.09, tp 19.45)
  -> queued TDY buy (conf 90, stop 650.0, tp 697.6)
  -> queued TTWO buy (conf 91, stop 230.0, tp 272.0)
  -> queued NDAQ buy (conf None, stop 93.23, tp 97.755)
  -> queued TYL buy (conf 90, stop 300.28, tp 355.0)
  -> queued LYB buy (conf 80, stop 58.01, tp 67.5)
Dashboard watchlist synced (15 symbols) for news/headlines.
Ending portfolio value: $99,425.43
Trade journal: no closed trades yet
Performance: Total return -0.41% | Max drawdown 12.37% | Daily Sharpe 0.27 | Open positions: 14 | Equity $99,425.43
Timings: account: 0.0s | risk: 3.0s | decide: 3.7s | watchlist: 0.1s | perf: 0.2s

=== Run at 2026-08-15T20:13:16.862125 ===
Current time: 2026-08-15 04:13 PM EDT | Market open (per Alpaca): False | Session: CLOSED
=== Run at 2026-08-15T20:12:24.770530 ===
Current time: 2026-08-15 04:12 PM EDT | Market open (per Alpaca): False | Session: CLOSED
Account value: $99,425.43
Cash: $2,352.13 | Holdings (14): {'CEG': '35.6034 sh (+1.36%)', 'CHD': '97.9637 sh (+0.01%)', 'COHR': '7.9896 sh (-4.69%)', 'CVX': '24.8836 sh (+1.17%)', 'GEHC': '0.6136 sh (-0.28%)', 'IVZ': '306.9138 sh (+1.21%)', 'LMT': '16.3555 sh (+0.32%)', 'MS': '43.8344 sh (-1.63%)', 'MSI': '21.1281 sh (-0.69%)', 'NUE': '36.5544 sh (-1.52%)', 'NVDA': '44.2888 sh (+0.48%)', 'NWS': '303.7199 sh (+1.75%)', 'STLD': '0.9216 sh (-2.54%)', 'WSM': '0.1026 sh (-1.61%)'}
Open orders (1): NVDA sell 44.2888
Risk state: peak $99,703.60 | drawdown 0.28% | today -0.00% | halted: False
Market regime: NEUTRAL (position-size multiplier: 100% incl. circuit breaker 100%)
News: fetched 157, 1 new after dedup, 0 ticker(s) matched.
Quant pre-screen: 47/67 candidates passed.
Gemini proposed 2 trade(s) meeting the conviction bar.
News: fetched 158, 0 new after dedup, 0 ticker(s) matched.
Quant pre-screen: 47/67 candidates passed.
Gemini proposed 3 trade(s) meeting the conviction bar.
Gemini calls used today (all models combined): 394
Market closed (overnight): queued 12 trade idea(s) for next-morning verification -- nothing submitted yet.
  -> queued WDC buy (conf 92, stop 485.0, tp 560.0)
  -> queued WFC buy (conf 91, stop 86.06, tp 97.76)
  -> queued HAS buy (conf 90, stop 89.34, tp 106.82)
  -> queued HUM buy (conf None, stop 354.57, tp 392.49)
  -> queued WDAY buy (conf 85, stop 188.0, tp 220.0)
  -> queued BAC buy (conf 85, stop 62.5, tp 67.5)
  -> queued HBAN buy (conf 85, stop 17.09, tp 19.45)
  -> queued TDY buy (conf 90, stop 654.41, tp 697.61)
  -> queued TTWO buy (conf 92, stop 234.0, tp 265.0)
  -> queued NDAQ buy (conf None, stop 93.23, tp 97.755)
  -> queued TYL buy (conf 90, stop 300.28, tp 355.0)
  -> queued LYB buy (conf 80, stop 58.01, tp 67.5)
Dashboard watchlist synced (16 symbols) for news/headlines.
Ending portfolio value: $99,425.43
Trade journal: no closed trades yet
Performance: Total return -0.41% | Max drawdown 12.37% | Daily Sharpe 0.27 | Open positions: 14 | Equity $99,425.43
Timings: account: 0.0s | risk: 0.7s | decide: 2.2s | watchlist: 0.0s | perf: 0.1s
  -> queued TDY buy (conf 90, stop 654.41, tp 720.0)
  -> queued TTWO buy (conf 91, stop 228.4, tp 275.0)
  -> queued NDAQ buy (conf None, stop 93.23, tp 97.755)
  -> queued TYL buy (conf 92, stop 300.28, tp 360.0)
  -> queued LYB buy (conf 80, stop 58.01, tp 67.5)
Dashboard watchlist synced (17 symbols) for news/headlines.
Ending portfolio value: $99,425.43
Trade journal: no closed trades yet
Performance: Total return -0.41% | Max drawdown 12.37% | Daily Sharpe 0.27 | Open positions: 14 | Equity $99,425.43
Timings: account: 0.0s | risk: 0.7s | decide: 24.5s | watchlist: 0.0s | perf: 0.1s

=== Run at 2026-08-15T20:14:27.201095 ===
Current time: 2026-08-15 04:14 PM EDT | Market open (per Alpaca): False | Session: CLOSED
Account value: $99,425.43
Cash: $2,352.13 | Holdings (14): {'CEG': '35.6034 sh (+1.36%)', 'CHD': '97.9637 sh (+0.01%)', 'COHR': '7.9896 sh (-4.69%)', 'CVX': '24.8836 sh (+1.17%)', 'GEHC': '0.6136 sh (-0.28%)', 'IVZ': '306.9138 sh (+1.21%)', 'LMT': '16.3555 sh (+0.32%)', 'MS': '43.8344 sh (-1.63%)', 'MSI': '21.1281 sh (-0.69%)', 'NUE': '36.5544 sh (-1.52%)', 'NVDA': '44.2888 sh (+0.48%)', 'NWS': '303.7199 sh (+1.75%)', 'STLD': '0.9216 sh (-2.54%)', 'WSM': '0.1026 sh (-1.61%)'}
Open orders (1): NVDA sell 44.2888
Risk state: peak $99,703.60 | drawdown 0.28% | today -0.00% | halted: False
Market regime: NEUTRAL (position-size multiplier: 100% incl. circuit breaker 100%)
News: fetched 158, 2 new after dedup, 0 ticker(s) matched.
Quant pre-screen: 47/67 candidates passed.
Gemini proposed 2 trade(s) meeting the conviction bar.
Gemini calls used today (all models combined): 395
Market closed (overnight): queued 12 trade idea(s) for next-morning verification -- nothing submitted yet.
  -> queued WDC buy (conf 92, stop 485.0, tp 560.0)
  -> queued WFC buy (conf 91, stop 86.06, tp 97.76)
  -> queued HAS buy (conf 90, stop 89.34, tp 106.82)
  -> queued HUM buy (conf None, stop 354.57, tp 392.49)
  -> queued WDAY buy (conf 85, stop 188.0, tp 220.0)
  -> queued BAC buy (conf 85, stop 62.5, tp 67.5)
  -> queued HBAN buy (conf 85, stop 17.09, tp 19.45)
  -> queued TDY buy (conf 85, stop 654.41, tp 715.0)
  -> queued TTWO buy (conf 92, stop 234.0, tp 265.0)
  -> queued NDAQ buy (conf None, stop 93.23, tp 97.755)
  -> queued TYL buy (conf 90, stop 300.28, tp 355.0)
  -> queued LYB buy (conf 80, stop 58.01, tp 67.5)
Dashboard watchlist synced (16 symbols) for news/headlines.
Ending portfolio value: $99,425.43
Trade journal: no closed trades yet
Performance: Total return -0.41% | Max drawdown 12.37% | Daily Sharpe 0.27 | Open positions: 14 | Equity $99,425.43
Timings: account: 0.0s | risk: 3.8s | decide: 4.1s | watchlist: 0.2s | perf: 0.3s

=== Run at 2026-08-15T20:16:24.991124 ===
Current time: 2026-08-15 04:16 PM EDT | Market open (per Alpaca): False | Session: CLOSED
Account value: $99,425.43
Cash: $2,352.13 | Holdings (14): {'CEG': '35.6034 sh (+1.36%)', 'CHD': '97.9637 sh (+0.01%)', 'COHR': '7.9896 sh (-4.69%)', 'CVX': '24.8836 sh (+1.17%)', 'GEHC': '0.6136 sh (-0.28%)', 'IVZ': '306.9138 sh (+1.21%)', 'LMT': '16.3555 sh (+0.32%)', 'MS': '43.8344 sh (-1.63%)', 'MSI': '21.1281 sh (-0.69%)', 'NUE': '36.5544 sh (-1.52%)', 'NVDA': '44.2888 sh (+0.48%)', 'NWS': '303.7199 sh (+1.75%)', 'STLD': '0.9216 sh (-2.54%)', 'WSM': '0.1026 sh (-1.61%)'}
Open orders (1): NVDA sell 44.2888
Risk state: peak $99,703.60 | drawdown 0.28% | today -0.00% | halted: False
Market regime: NEUTRAL (position-size multiplier: 100% incl. circuit breaker 100%)
News: fetched 57, 2 new after dedup, 1 ticker(s) matched.
Quant pre-screen: 35/50 candidates passed.
Gemini proposed 2 trade(s) meeting the conviction bar.
Gemini calls used today (all models combined): 396
Market closed (overnight): queued 12 trade idea(s) for next-morning verification -- nothing submitted yet.
  -> queued WDC buy (conf 92, stop 485.0, tp 560.0)
  -> queued WFC buy (conf 91, stop 86.06, tp 97.76)
  -> queued HAS buy (conf 90, stop 89.34, tp 106.82)
  -> queued HUM buy (conf None, stop 354.57, tp 392.49)
  -> queued WDAY buy (conf 85, stop 188.0, tp 220.0)
  -> queued BAC buy (conf 85, stop 62.5, tp 67.5)
  -> queued HBAN buy (conf 85, stop 17.09, tp 19.45)
  -> queued TDY buy (conf 85, stop 654.41, tp 715.0)
  -> queued TTWO buy (conf 91, stop 235.0, tp 270.0)
  -> queued NDAQ buy (conf None, stop 93.23, tp 97.755)
  -> queued TYL buy (conf 92, stop 310.0, tp 355.00000000000006)
  -> queued LYB buy (conf 80, stop 58.01, tp 67.5)
Dashboard watchlist synced (17 symbols) for news/headlines.
Ending portfolio value: $99,425.43
Trade journal: no closed trades yet
Performance: Total return -0.41% | Max drawdown 12.37% | Daily Sharpe 0.27 | Open positions: 14 | Equity $99,425.43
Timings: account: 0.0s | risk: 1.2s | decide: 3.1s | watchlist: 0.0s | perf: 0.1s

=== Run at 2026-08-15T20:18:25.608995 ===
Current time: 2026-08-15 04:18 PM EDT | Market open (per Alpaca): False | Session: CLOSED
Account value: $99,425.43
Cash: $2,352.13 | Holdings (14): {'CEG': '35.6034 sh (+1.36%)', 'CHD': '97.9637 sh (+0.01%)', 'COHR': '7.9896 sh (-4.69%)', 'CVX': '24.8836 sh (+1.17%)', 'GEHC': '0.6136 sh (-0.28%)', 'IVZ': '306.9138 sh (+1.21%)', 'LMT': '16.3555 sh (+0.32%)', 'MS': '43.8344 sh (-1.63%)', 'MSI': '21.1281 sh (-0.69%)', 'NUE': '36.5544 sh (-1.52%)', 'NVDA': '44.2888 sh (+0.48%)', 'NWS': '303.7199 sh (+1.75%)', 'STLD': '0.9216 sh (-2.54%)', 'WSM': '0.1026 sh (-1.61%)'}
Open orders (1): NVDA sell 44.2888
Risk state: peak $99,703.60 | drawdown 0.28% | today -0.00% | halted: False
Market regime: NEUTRAL (position-size multiplier: 100% incl. circuit breaker 100%)
News: fetched 57, 0 new after dedup, 0 ticker(s) matched.
Quant pre-screen: 47/67 candidates passed.
Gemini proposed 2 trade(s) meeting the conviction bar.
Gemini calls used today (all models combined): 397
Market closed (overnight): queued 12 trade idea(s) for next-morning verification -- nothing submitted yet.
  -> queued WDC buy (conf 92, stop 485.0, tp 560.0)
  -> queued WFC buy (conf 91, stop 86.06, tp 97.76)
  -> queued HAS buy (conf 90, stop 89.34, tp 106.82)
  -> queued HUM buy (conf None, stop 354.57, tp 392.49)
  -> queued WDAY buy (conf 85, stop 188.0, tp 220.0)
  -> queued BAC buy (conf 85, stop 62.5, tp 67.5)
  -> queued HBAN buy (conf 85, stop 17.09, tp 19.45)
  -> queued TDY buy (conf 92, stop 654.41, tp 715.0000000000001)
  -> queued TTWO buy (conf 90, stop 228.4, tp 270.00000000000006)
  -> queued NDAQ buy (conf None, stop 93.23, tp 97.755)
  -> queued TYL buy (conf 92, stop 310.0, tp 355.00000000000006)
  -> queued LYB buy (conf 80, stop 58.01, tp 67.5)
Dashboard watchlist synced (16 symbols) for news/headlines.
Ending portfolio value: $99,425.43
Trade journal: no closed trades yet
Performance: Total return -0.41% | Max drawdown 12.37% | Daily Sharpe 0.27 | Open positions: 14 | Equity $99,425.43
Timings: account: 0.0s | risk: 0.8s | decide: 2.2s | watchlist: 0.0s | perf: 0.1s

=== Run at 2026-08-15T20:20:29.998197 ===
Current time: 2026-08-15 04:20 PM EDT | Market open (per Alpaca): False | Session: CLOSED
Account value: $99,425.43
Cash: $2,352.13 | Holdings (14): {'CEG': '35.6034 sh (+1.36%)', 'CHD': '97.9637 sh (+0.01%)', 'COHR': '7.9896 sh (-4.69%)', 'CVX': '24.8836 sh (+1.17%)', 'GEHC': '0.6136 sh (-0.28%)', 'IVZ': '306.9138 sh (+1.21%)', 'LMT': '16.3555 sh (+0.32%)', 'MS': '43.8344 sh (-1.63%)', 'MSI': '21.1281 sh (-0.69%)', 'NUE': '36.5544 sh (-1.52%)', 'NVDA': '44.2888 sh (+0.48%)', 'NWS': '303.7199 sh (+1.75%)', 'STLD': '0.9216 sh (-2.54%)', 'WSM': '0.1026 sh (-1.61%)'}
Open orders (1): NVDA sell 44.2888
Risk state: peak $99,703.60 | drawdown 0.28% | today -0.00% | halted: False
Market regime: NEUTRAL (position-size multiplier: 100% incl. circuit breaker 100%)
News: fetched 157, 2 new after dedup, 0 ticker(s) matched.
Quant pre-screen: 47/67 candidates passed.
Gemini proposed 2 trade(s) meeting the conviction bar.
Gemini calls used today (all models combined): 398
Market closed (overnight): queued 12 trade idea(s) for next-morning verification -- nothing submitted yet.
  -> queued WDC buy (conf 92, stop 485.0, tp 560.0)
  -> queued WFC buy (conf 91, stop 86.06, tp 97.76)
  -> queued HAS buy (conf 90, stop 89.34, tp 106.82)
  -> queued HUM buy (conf None, stop 354.57, tp 392.49)
  -> queued WDAY buy (conf 85, stop 188.0, tp 220.0)
  -> queued BAC buy (conf 85, stop 62.5, tp 67.5)
  -> queued HBAN buy (conf 85, stop 17.09, tp 19.45)
  -> queued TDY buy (conf 90, stop 654.41, tp 710.0)
  -> queued TTWO buy (conf 92, stop 235.0, tp 265.00000000000006)
  -> queued NDAQ buy (conf None, stop 93.23, tp 97.755)
  -> queued TYL buy (conf 92, stop 310.0, tp 355.00000000000006)
  -> queued LYB buy (conf 80, stop 58.01, tp 67.5)
Dashboard watchlist synced (16 symbols) for news/headlines.
Ending portfolio value: $99,425.43
Trade journal: no closed trades yet
Performance: Total return -0.41% | Max drawdown 12.37% | Daily Sharpe 0.27 | Open positions: 14 | Equity $99,425.43
Timings: account: 0.0s | risk: 0.8s | decide: 2.2s | watchlist: 0.0s | perf: 0.1s

=== Run at 2026-08-15T20:22:24.638617 ===
Current time: 2026-08-15 04:22 PM EDT | Market open (per Alpaca): False | Session: CLOSED
Account value: $99,425.43
Cash: $2,352.13 | Holdings (14): {'CEG': '35.6034 sh (+1.36%)', 'CHD': '97.9637 sh (+0.01%)', 'COHR': '7.9896 sh (-4.69%)', 'CVX': '24.8836 sh (+1.17%)', 'GEHC': '0.6136 sh (-0.28%)', 'IVZ': '306.9138 sh (+1.21%)', 'LMT': '16.3555 sh (+0.32%)', 'MS': '43.8344 sh (-1.63%)', 'MSI': '21.1281 sh (-0.69%)', 'NUE': '36.5544 sh (-1.52%)', 'NVDA': '44.2888 sh (+0.48%)', 'NWS': '303.7199 sh (+1.75%)', 'STLD': '0.9216 sh (-2.54%)', 'WSM': '0.1026 sh (-1.61%)'}
Open orders (1): NVDA sell 44.2888
Risk state: peak $99,703.60 | drawdown 0.28% | today -0.00% | halted: False
Market regime: NEUTRAL (position-size multiplier: 100% incl. circuit breaker 100%)
News: fetched 157, 0 new after dedup, 0 ticker(s) matched.
Quant pre-screen: 47/67 candidates passed.
Gemini proposed 3 trade(s) meeting the conviction bar.
Gemini calls used today (all models combined): 399
Market closed (overnight): queued 12 trade idea(s) for next-morning verification -- nothing submitted yet.
  -> queued WDC buy (conf 92, stop 485.0, tp 560.0)
  -> queued WFC buy (conf 91, stop 86.06, tp 97.76)
  -> queued HAS buy (conf 90, stop 89.34, tp 106.82)
  -> queued HUM buy (conf None, stop 354.57, tp 392.49)
  -> queued WDAY buy (conf 85, stop 188.0, tp 220.0)
  -> queued BAC buy (conf 85, stop 62.5, tp 67.5)
  -> queued HBAN buy (conf 85, stop 17.09, tp 19.45)
  -> queued TDY buy (conf 91, stop 654.41, tp 725.0)
  -> queued TTWO buy (conf 88, stop 228.4, tp 270.0)
  -> queued NDAQ buy (conf None, stop 93.23, tp 97.755)
  -> queued TYL buy (conf 92, stop 310.0, tp 355.00000000000006)
  -> queued LYB buy (conf 82, stop 58.01, tp 68.0)
Dashboard watchlist synced (17 symbols) for news/headlines.
Ending portfolio value: $99,425.43
Trade journal: no closed trades yet
Performance: Total return -0.41% | Max drawdown 12.37% | Daily Sharpe 0.27 | Open positions: 14 | Equity $99,425.43
Timings: account: 0.0s | risk: 0.6s | decide: 2.1s | watchlist: 0.0s | perf: 0.1s

=== Run at 2026-08-15T20:24:23.637989 ===
Current time: 2026-08-15 04:24 PM EDT | Market open (per Alpaca): False | Session: CLOSED
Account value: $99,425.43
Cash: $2,352.13 | Holdings (14): {'CEG': '35.6034 sh (+1.36%)', 'CHD': '97.9637 sh (+0.01%)', 'COHR': '7.9896 sh (-4.69%)', 'CVX': '24.8836 sh (+1.17%)', 'GEHC': '0.6136 sh (-0.28%)', 'IVZ': '306.9138 sh (+1.21%)', 'LMT': '16.3555 sh (+0.32%)', 'MS': '43.8344 sh (-1.63%)', 'MSI': '21.1281 sh (-0.69%)', 'NUE': '36.5544 sh (-1.52%)', 'NVDA': '44.2888 sh (+0.48%)', 'NWS': '303.7199 sh (+1.75%)', 'STLD': '0.9216 sh (-2.54%)', 'WSM': '0.1026 sh (-1.61%)'}
Open orders (1): NVDA sell 44.2888
Risk state: peak $99,703.60 | drawdown 0.28% | today -0.00% | halted: False
Market regime: NEUTRAL (position-size multiplier: 100% incl. circuit breaker 100%)
News: fetched 157, 2 new after dedup, 0 ticker(s) matched.
Quant pre-screen: 47/67 candidates passed.
Gemini proposed 3 trade(s) meeting the conviction bar.
Gemini calls used today (all models combined): 400
Market closed (overnight): queued 12 trade idea(s) for next-morning verification -- nothing submitted yet.
  -> queued WDC buy (conf 92, stop 485.0, tp 560.0)
  -> queued WFC buy (conf 91, stop 86.06, tp 97.76)
  -> queued HAS buy (conf 90, stop 89.34, tp 106.82)
  -> queued HUM buy (conf None, stop 354.57, tp 392.49)
  -> queued WDAY buy (conf 85, stop 188.0, tp 220.0)
  -> queued BAC buy (conf 85, stop 62.5, tp 67.5)
  -> queued HBAN buy (conf 85, stop 17.09, tp 19.45)
  -> queued TDY buy (conf 90, stop 654.41, tp 725.0000000000001)
  -> queued TTWO buy (conf 90, stop 228.4, tp 275.00000000000006)
  -> queued NDAQ buy (conf None, stop 93.23, tp 97.755)
  -> queued TYL buy (conf 92, stop 300.28, tp 355.00000000000006)
  -> queued LYB buy (conf 82, stop 58.01, tp 68.0)
Dashboard watchlist synced (17 symbols) for news/headlines.
Ending portfolio value: $99,425.43
Trade journal: no closed trades yet
Performance: Total return -0.41% | Max drawdown 12.37% | Daily Sharpe 0.27 | Open positions: 14 | Equity $99,425.43
Timings: account: 0.0s | risk: 1.0s | decide: 2.4s | watchlist: 0.0s | perf: 0.1s

=== Run at 2026-08-15T20:26:27.413194 ===
Current time: 2026-08-15 04:26 PM EDT | Market open (per Alpaca): False | Session: CLOSED
Account value: $99,425.43
Cash: $2,352.13 | Holdings (14): {'CEG': '35.6034 sh (+1.36%)', 'CHD': '97.9637 sh (+0.01%)', 'COHR': '7.9896 sh (-4.69%)', 'CVX': '24.8836 sh (+1.17%)', 'GEHC': '0.6136 sh (-0.28%)', 'IVZ': '306.9138 sh (+1.21%)', 'LMT': '16.3555 sh (+0.32%)', 'MS': '43.8344 sh (-1.63%)', 'MSI': '21.1281 sh (-0.69%)', 'NUE': '36.5544 sh (-1.52%)', 'NVDA': '44.2888 sh (+0.48%)', 'NWS': '303.7199 sh (+1.75%)', 'STLD': '0.9216 sh (-2.54%)', 'WSM': '0.1026 sh (-1.61%)'}
Open orders (1): NVDA sell 44.2888
Risk state: peak $99,703.60 | drawdown 0.28% | today -0.00% | halted: False
Market regime: NEUTRAL (position-size multiplier: 100% incl. circuit breaker 100%)
News: fetched 157, 2 new after dedup, 0 ticker(s) matched.
Quant pre-screen: 47/67 candidates passed.
Gemini proposed 2 trade(s) meeting the conviction bar.
Gemini calls used today (all models combined): 401
Market closed (overnight): queued 12 trade idea(s) for next-morning verification -- nothing submitted yet.
  -> queued WDC buy (conf 92, stop 485.0, tp 560.0)
  -> queued WFC buy (conf 91, stop 86.06, tp 97.76)
  -> queued HAS buy (conf 90, stop 89.34, tp 106.82)
  -> queued HUM buy (conf None, stop 354.57, tp 392.49)
  -> queued WDAY buy (conf 85, stop 188.0, tp 220.0)
  -> queued BAC buy (conf 85, stop 62.5, tp 67.5)
  -> queued HBAN buy (conf 85, stop 17.09, tp 19.45)
  -> queued TDY buy (conf 90, stop 655.0, tp 730.0)
  -> queued TTWO buy (conf 90, stop 228.4, tp 275.00000000000006)
  -> queued NDAQ buy (conf None, stop 93.23, tp 97.755)
  -> queued TYL buy (conf 91, stop 310.0, tp 355.0)
  -> queued LYB buy (conf 82, stop 58.01, tp 68.0)
Dashboard watchlist synced (16 symbols) for news/headlines.
Ending portfolio value: $99,425.43
Trade journal: no closed trades yet
Performance: Total return -0.41% | Max drawdown 12.37% | Daily Sharpe 0.27 | Open positions: 14 | Equity $99,425.43
Timings: account: 0.0s | risk: 3.2s | decide: 3.8s | watchlist: 0.1s | perf: 0.2s

=== Run at 2026-08-15T20:28:23.455399 ===
Current time: 2026-08-15 04:28 PM EDT | Market open (per Alpaca): False | Session: CLOSED
Account value: $99,425.43
Cash: $2,352.13 | Holdings (14): {'CEG': '35.6034 sh (+1.36%)', 'CHD': '97.9637 sh (+0.01%)', 'COHR': '7.9896 sh (-4.69%)', 'CVX': '24.8836 sh (+1.17%)', 'GEHC': '0.6136 sh (-0.28%)', 'IVZ': '306.9138 sh (+1.21%)', 'LMT': '16.3555 sh (+0.32%)', 'MS': '43.8344 sh (-1.63%)', 'MSI': '21.1281 sh (-0.69%)', 'NUE': '36.5544 sh (-1.52%)', 'NVDA': '44.2888 sh (+0.48%)', 'NWS': '303.7199 sh (+1.75%)', 'STLD': '0.9216 sh (-2.54%)', 'WSM': '0.1026 sh (-1.61%)'}
Open orders (1): NVDA sell 44.2888
Risk state: peak $99,703.60 | drawdown 0.28% | today -0.00% | halted: False
Market regime: NEUTRAL (position-size multiplier: 100% incl. circuit breaker 100%)
News: fetched 158, 0 new after dedup, 0 ticker(s) matched.
Quant pre-screen: 47/67 candidates passed.
Gemini proposed 2 trade(s) meeting the conviction bar.
Gemini calls used today (all models combined): 402
Market closed (overnight): queued 12 trade idea(s) for next-morning verification -- nothing submitted yet.
  -> queued WDC buy (conf 92, stop 485.0, tp 560.0)
  -> queued WFC buy (conf 91, stop 86.06, tp 97.76)
  -> queued HAS buy (conf 90, stop 89.34, tp 106.82)
  -> queued HUM buy (conf None, stop 354.57, tp 392.49)
  -> queued WDAY buy (conf 85, stop 188.0, tp 220.0)
  -> queued BAC buy (conf 85, stop 62.5, tp 67.5)
  -> queued HBAN buy (conf 85, stop 17.09, tp 19.45)
  -> queued TDY buy (conf 90, stop 655.0, tp 730.0)
  -> queued TTWO buy (conf 92, stop 228.4, tp 265.00000000000006)
  -> queued NDAQ buy (conf None, stop 93.23, tp 97.755)
  -> queued TYL buy (conf 90, stop 300.28, tp 355.0)
  -> queued LYB buy (conf 82, stop 58.01, tp 68.0)
Dashboard watchlist synced (16 symbols) for news/headlines.
Ending portfolio value: $99,425.43
Trade journal: no closed trades yet
Performance: Total return -0.41% | Max drawdown 12.37% | Daily Sharpe 0.27 | Open positions: 14 | Equity $99,425.43
Timings: account: 0.0s | risk: 0.9s | decide: 2.0s | watchlist: 0.0s | perf: 0.1s

=== Run at 2026-08-15T20:30:31.652862 ===
Current time: 2026-08-15 04:30 PM EDT | Market open (per Alpaca): False | Session: CLOSED
Account value: $99,425.43
Cash: $2,352.13 | Holdings (14): {'CEG': '35.6034 sh (+1.36%)', 'CHD': '97.9637 sh (+0.01%)', 'COHR': '7.9896 sh (-4.69%)', 'CVX': '24.8836 sh (+1.17%)', 'GEHC': '0.6136 sh (-0.28%)', 'IVZ': '306.9138 sh (+1.21%)', 'LMT': '16.3555 sh (+0.32%)', 'MS': '43.8344 sh (-1.63%)', 'MSI': '21.1281 sh (-0.69%)', 'NUE': '36.5544 sh (-1.52%)', 'NVDA': '44.2888 sh (+0.48%)', 'NWS': '303.7199 sh (+1.75%)', 'STLD': '0.9216 sh (-2.54%)', 'WSM': '0.1026 sh (-1.61%)'}
Open orders (1): NVDA sell 44.2888
Risk state: peak $99,703.60 | drawdown 0.28% | today -0.00% | halted: False
Market regime: NEUTRAL (position-size multiplier: 100% incl. circuit breaker 100%)
News: fetched 58, 2 new after dedup, 0 ticker(s) matched.
Quant pre-screen: 47/67 candidates passed.
Gemini proposed 2 trade(s) meeting the conviction bar.
Gemini calls used today (all models combined): 403
Market closed (overnight): queued 12 trade idea(s) for next-morning verification -- nothing submitted yet.
  -> queued WDC buy (conf 92, stop 485.0, tp 560.0)
  -> queued WFC buy (conf 91, stop 86.06, tp 97.76)
  -> queued HAS buy (conf 90, stop 89.34, tp 106.82)
  -> queued HUM buy (conf None, stop 354.57, tp 392.49)
  -> queued WDAY buy (conf 85, stop 188.0, tp 220.0)
  -> queued BAC buy (conf 85, stop 62.5, tp 67.5)
  -> queued HBAN buy (conf 85, stop 17.09, tp 19.45)
  -> queued TDY buy (conf 85, stop 654.41, tp 710.0)
  -> queued TTWO buy (conf 80, stop 228.4, tp 265.0)
  -> queued NDAQ buy (conf None, stop 93.23, tp 97.755)
  -> queued TYL buy (conf 90, stop 300.28, tp 355.0)
  -> queued LYB buy (conf 82, stop 58.01, tp 68.0)
Dashboard watchlist synced (16 symbols) for news/headlines.
Ending portfolio value: $99,425.43
Trade journal: no closed trades yet
Performance: Total return -0.41% | Max drawdown 12.37% | Daily Sharpe 0.27 | Open positions: 14 | Equity $99,425.43
Timings: account: 0.0s | risk: 2.0s | decide: 3.5s | watchlist: 0.1s | perf: 0.1s

=== Run at 2026-08-15T20:32:23.147158 ===
Current time: 2026-08-15 04:32 PM EDT | Market open (per Alpaca): False | Session: CLOSED
Account value: $99,425.43
Cash: $2,352.13 | Holdings (14): {'CEG': '35.6034 sh (+1.36%)', 'CHD': '97.9637 sh (+0.01%)', 'COHR': '7.9896 sh (-4.69%)', 'CVX': '24.8836 sh (+1.17%)', 'GEHC': '0.6136 sh (-0.28%)', 'IVZ': '306.9138 sh (+1.21%)', 'LMT': '16.3555 sh (+0.32%)', 'MS': '43.8344 sh (-1.63%)', 'MSI': '21.1281 sh (-0.69%)', 'NUE': '36.5544 sh (-1.52%)', 'NVDA': '44.2888 sh (+0.48%)', 'NWS': '303.7199 sh (+1.75%)', 'STLD': '0.9216 sh (-2.54%)', 'WSM': '0.1026 sh (-1.61%)'}
Open orders (1): NVDA sell 44.2888
Risk state: peak $99,703.60 | drawdown 0.28% | today -0.00% | halted: False
Market regime: NEUTRAL (position-size multiplier: 100% incl. circuit breaker 100%)
News: fetched 157, 2 new after dedup, 0 ticker(s) matched.
Quant pre-screen: 47/67 candidates passed.
Gemini proposed 1 trade(s) meeting the conviction bar.
Gemini calls used today (all models combined): 404
Market closed (overnight): queued 12 trade idea(s) for next-morning verification -- nothing submitted yet.
  -> queued WDC buy (conf 92, stop 485.0, tp 560.0)
  -> queued WFC buy (conf 91, stop 86.06, tp 97.76)
  -> queued HAS buy (conf 90, stop 89.34, tp 106.82)
  -> queued HUM buy (conf None, stop 354.57, tp 392.49)
  -> queued WDAY buy (conf 85, stop 188.0, tp 220.0)
  -> queued BAC buy (conf 85, stop 62.5, tp 67.5)
  -> queued HBAN buy (conf 85, stop 17.09, tp 19.45)
  -> queued TDY buy (conf 82, stop 654.41, tp 697.61)
  -> queued TTWO buy (conf 80, stop 228.4, tp 265.0)
  -> queued NDAQ buy (conf None, stop 93.23, tp 97.755)
  -> queued TYL buy (conf 90, stop 300.28, tp 355.0)
  -> queued LYB buy (conf 82, stop 58.01, tp 68.0)
Dashboard watchlist synced (15 symbols) for news/headlines.
Ending portfolio value: $99,425.43
Trade journal: no closed trades yet
Performance: Total return -0.41% | Max drawdown 12.37% | Daily Sharpe 0.27 | Open positions: 14 | Equity $99,425.43
Timings: account: 0.0s | risk: 0.6s | decide: 2.4s | watchlist: 0.0s | perf: 0.1s

=== Run at 2026-08-15T20:34:33.233162 ===
Current time: 2026-08-15 04:34 PM EDT | Market open (per Alpaca): False | Session: CLOSED
Account value: $99,425.43
Cash: $2,352.13 | Holdings (14): {'CEG': '35.6034 sh (+1.36%)', 'CHD': '97.9637 sh (+0.01%)', 'COHR': '7.9896 sh (-4.69%)', 'CVX': '24.8836 sh (+1.17%)', 'GEHC': '0.6136 sh (-0.28%)', 'IVZ': '306.9138 sh (+1.21%)', 'LMT': '16.3555 sh (+0.32%)', 'MS': '43.8344 sh (-1.63%)', 'MSI': '21.1281 sh (-0.69%)', 'NUE': '36.5544 sh (-1.52%)', 'NVDA': '44.2888 sh (+0.48%)', 'NWS': '303.7199 sh (+1.75%)', 'STLD': '0.9216 sh (-2.54%)', 'WSM': '0.1026 sh (-1.61%)'}
Open orders (1): NVDA sell 44.2888
Risk state: peak $99,703.60 | drawdown 0.28% | today -0.00% | halted: False
Market regime: NEUTRAL (position-size multiplier: 100% incl. circuit breaker 100%)
News: fetched 157, 1 new after dedup, 0 ticker(s) matched.
Quant pre-screen: 47/67 candidates passed.
Gemini proposed 3 trade(s) meeting the conviction bar.
Gemini calls used today (all models combined): 405
Market closed (overnight): queued 12 trade idea(s) for next-morning verification -- nothing submitted yet.
  -> queued WDC buy (conf 92, stop 485.0, tp 560.0)
  -> queued WFC buy (conf 91, stop 86.06, tp 97.76)
  -> queued HAS buy (conf 90, stop 89.34, tp 106.82)
  -> queued HUM buy (conf None, stop 354.57, tp 392.49)
  -> queued WDAY buy (conf 85, stop 188.0, tp 220.0)
  -> queued BAC buy (conf 85, stop 62.5, tp 67.5)
  -> queued HBAN buy (conf 85, stop 17.09, tp 19.45)
  -> queued TDY buy (conf 90, stop 650.0, tp 730.0000000000001)
  -> queued TTWO buy (conf 90, stop 235.0, tp 270.0)
  -> queued NDAQ buy (conf None, stop 93.23, tp 97.755)
  -> queued TYL buy (conf 92, stop 310.0, tp 355.00000000000006)
  -> queued LYB buy (conf 82, stop 58.01, tp 68.0)
Dashboard watchlist synced (17 symbols) for news/headlines.
Ending portfolio value: $99,425.43
Trade journal: no closed trades yet
Performance: Total return -0.41% | Max drawdown 12.37% | Daily Sharpe 0.27 | Open positions: 14 | Equity $99,425.43
Timings: account: 0.0s | risk: 4.0s | decide: 4.2s | watchlist: 0.1s | perf: 0.2s

=== Run at 2026-08-15T20:36:33.104392 ===
Current time: 2026-08-15 04:36 PM EDT | Market open (per Alpaca): False | Session: CLOSED
Account value: $99,425.43
Cash: $2,352.13 | Holdings (14): {'CEG': '35.6034 sh (+1.36%)', 'CHD': '97.9637 sh (+0.01%)', 'COHR': '7.9896 sh (-4.69%)', 'CVX': '24.8836 sh (+1.17%)', 'GEHC': '0.6136 sh (-0.28%)', 'IVZ': '306.9138 sh (+1.21%)', 'LMT': '16.3555 sh (+0.32%)', 'MS': '43.8344 sh (-1.63%)', 'MSI': '21.1281 sh (-0.69%)', 'NUE': '36.5544 sh (-1.52%)', 'NVDA': '44.2888 sh (+0.48%)', 'NWS': '303.7199 sh (+1.75%)', 'STLD': '0.9216 sh (-2.54%)', 'WSM': '0.1026 sh (-1.61%)'}
Open orders (1): NVDA sell 44.2888
Risk state: peak $99,703.60 | drawdown 0.28% | today -0.00% | halted: False
Market regime: NEUTRAL (position-size multiplier: 100% incl. circuit breaker 100%)
News: fetched 158, 4 new after dedup, 0 ticker(s) matched.
Quant pre-screen: 47/67 candidates passed.
Technical fallback (Gemini throttled/unavailable) proposed 50 trade(s) meeting the conviction bar.
Gemini calls used today (all models combined): 405
Market closed (overnight): queued 12 trade idea(s) for next-morning verification -- nothing submitted yet.
  -> queued WDC buy (conf 92, stop 485.0, tp 560.0)
  -> queued WFC buy (conf 91, stop 86.06, tp 97.76)
  -> queued HAS buy (conf 90, stop 89.34, tp 106.82)
  -> queued HUM buy (conf None, stop 354.57, tp 392.49)
  -> queued WDAY buy (conf 85, stop 188.0, tp 220.0)
  -> queued BAC buy (conf 85, stop 62.5, tp 67.5)
  -> queued HBAN buy (conf 85, stop 17.09, tp 19.45)
  -> queued TDY buy (conf None, stop 654.41, tp 697.61)
  -> queued TTWO buy (conf None, stop 228.4, tp 256.285)
  -> queued NDAQ buy (conf None, stop 93.23, tp 97.755)
  -> queued TYL buy (conf None, stop 300.28, tp 334.89)
  -> queued LYB buy (conf None, stop 58.01, tp 64.365)
Dashboard watchlist synced (60 symbols) for news/headlines.
Ending portfolio value: $99,425.43
Trade journal: no closed trades yet
Performance: Total return -0.41% | Max drawdown 12.37% | Daily Sharpe 0.27 | Open positions: 14 | Equity $99,425.43
Timings: account: 0.0s | risk: 3.6s | decide: 22.9s | watchlist: 0.2s | perf: 0.3s

=== Run at 2026-08-15T20:38:24.962195 ===
Current time: 2026-08-15 04:38 PM EDT | Market open (per Alpaca): False | Session: CLOSED
Account value: $99,425.43
Cash: $2,352.13 | Holdings (14): {'CEG': '35.6034 sh (+1.36%)', 'CHD': '97.9637 sh (+0.01%)', 'COHR': '7.9896 sh (-4.69%)', 'CVX': '24.8836 sh (+1.17%)', 'GEHC': '0.6136 sh (-0.28%)', 'IVZ': '306.9138 sh (+1.21%)', 'LMT': '16.3555 sh (+0.32%)', 'MS': '43.8344 sh (-1.63%)', 'MSI': '21.1281 sh (-0.69%)', 'NUE': '36.5544 sh (-1.52%)', 'NVDA': '44.2888 sh (+0.48%)', 'NWS': '303.7199 sh (+1.75%)', 'STLD': '0.9216 sh (-2.54%)', 'WSM': '0.1026 sh (-1.61%)'}
Open orders (1): NVDA sell 44.2888
Risk state: peak $99,703.60 | drawdown 0.28% | today -0.00% | halted: False
Market regime: NEUTRAL (position-size multiplier: 100% incl. circuit breaker 100%)
News: fetched 157, 1 new after dedup, 0 ticker(s) matched.
Quant pre-screen: 47/67 candidates passed.
Gemini proposed 2 trade(s) meeting the conviction bar.
Gemini calls used today (all models combined): 406
Market closed (overnight): queued 12 trade idea(s) for next-morning verification -- nothing submitted yet.
  -> queued WDC buy (conf 92, stop 485.0, tp 560.0)
  -> queued WFC buy (conf 91, stop 86.06, tp 97.76)
  -> queued HAS buy (conf 90, stop 89.34, tp 106.82)
  -> queued HUM buy (conf None, stop 354.57, tp 392.49)
  -> queued WDAY buy (conf 85, stop 188.0, tp 220.0)
  -> queued BAC buy (conf 85, stop 62.5, tp 67.5)
  -> queued HBAN buy (conf 85, stop 17.09, tp 19.45)
  -> queued TDY buy (conf 90, stop 665.0, tp 720.0)
  -> queued TTWO buy (conf None, stop 228.4, tp 256.285)
  -> queued NDAQ buy (conf None, stop 93.23, tp 97.755)
  -> queued TYL buy (conf 92, stop 315.0, tp 355.0)
  -> queued LYB buy (conf None, stop 58.01, tp 64.365)
Dashboard watchlist synced (16 symbols) for news/headlines.
Ending portfolio value: $99,425.43
Trade journal: no closed trades yet
Performance: Total return -0.41% | Max drawdown 12.37% | Daily Sharpe 0.27 | Open positions: 14 | Equity $99,425.43
Timings: account: 0.0s | risk: 0.8s | decide: 2.1s | watchlist: 0.0s | perf: 0.1s

=== Run at 2026-08-15T20:40:31.799729 ===
Current time: 2026-08-15 04:40 PM EDT | Market open (per Alpaca): False | Session: CLOSED
Account value: $99,425.43
Cash: $2,352.13 | Holdings (14): {'CEG': '35.6034 sh (+1.36%)', 'CHD': '97.9637 sh (+0.01%)', 'COHR': '7.9896 sh (-4.69%)', 'CVX': '24.8836 sh (+1.17%)', 'GEHC': '0.6136 sh (-0.28%)', 'IVZ': '306.9138 sh (+1.21%)', 'LMT': '16.3555 sh (+0.32%)', 'MS': '43.8344 sh (-1.63%)', 'MSI': '21.1281 sh (-0.69%)', 'NUE': '36.5544 sh (-1.52%)', 'NVDA': '44.2888 sh (+0.48%)', 'NWS': '303.7199 sh (+1.75%)', 'STLD': '0.9216 sh (-2.54%)', 'WSM': '0.1026 sh (-1.61%)'}
Open orders (1): NVDA sell 44.2888
Risk state: peak $99,703.60 | drawdown 0.28% | today -0.00% | halted: False
Market regime: NEUTRAL (position-size multiplier: 100% incl. circuit breaker 100%)
News: fetched 158, 0 new after dedup, 0 ticker(s) matched.
Quant pre-screen: 47/67 candidates passed.
Gemini proposed 2 trade(s) meeting the conviction bar.
Gemini calls used today (all models combined): 407
Market closed (overnight): queued 12 trade idea(s) for next-morning verification -- nothing submitted yet.
  -> queued WDC buy (conf 92, stop 485.0, tp 560.0)
  -> queued WFC buy (conf 91, stop 86.06, tp 97.76)
  -> queued HAS buy (conf 90, stop 89.34, tp 106.82)
  -> queued HUM buy (conf None, stop 354.57, tp 392.49)
  -> queued WDAY buy (conf 85, stop 188.0, tp 220.0)
  -> queued BAC buy (conf 85, stop 62.5, tp 67.5)
  -> queued HBAN buy (conf 85, stop 17.09, tp 19.45)
  -> queued TDY buy (conf 90, stop 654.41, tp 710.0)
  -> queued TTWO buy (conf 90, stop 228.4, tp 265.0)
  -> queued NDAQ buy (conf None, stop 93.23, tp 97.755)
  -> queued TYL buy (conf 92, stop 315.0, tp 355.0)
  -> queued LYB buy (conf None, stop 58.01, tp 64.365)
Dashboard watchlist synced (16 symbols) for news/headlines.
Ending portfolio value: $99,425.43
Trade journal: no closed trades yet
Performance: Total return -0.41% | Max drawdown 12.37% | Daily Sharpe 0.27 | Open positions: 14 | Equity $99,425.43
Timings: account: 0.0s | risk: 3.1s | decide: 3.9s | watchlist: 0.1s | perf: 0.2s

=== Run at 2026-08-15T20:42:27.318964 ===
Current time: 2026-08-15 04:42 PM EDT | Market open (per Alpaca): False | Session: CLOSED
Account value: $99,425.43
Cash: $2,352.13 | Holdings (14): {'CEG': '35.6034 sh (+1.36%)', 'CHD': '97.9637 sh (+0.01%)', 'COHR': '7.9896 sh (-4.69%)', 'CVX': '24.8836 sh (+1.17%)', 'GEHC': '0.6136 sh (-0.28%)', 'IVZ': '306.9138 sh (+1.21%)', 'LMT': '16.3555 sh (+0.32%)', 'MS': '43.8344 sh (-1.63%)', 'MSI': '21.1281 sh (-0.69%)', 'NUE': '36.5544 sh (-1.52%)', 'NVDA': '44.2888 sh (+0.48%)', 'NWS': '303.7199 sh (+1.75%)', 'STLD': '0.9216 sh (-2.54%)', 'WSM': '0.1026 sh (-1.61%)'}
Open orders (1): NVDA sell 44.2888
Risk state: peak $99,703.60 | drawdown 0.28% | today -0.00% | halted: False
Market regime: NEUTRAL (position-size multiplier: 100% incl. circuit breaker 100%)
News: fetched 157, 0 new after dedup, 0 ticker(s) matched.
Quant pre-screen: 47/67 candidates passed.
Technical fallback (Gemini throttled/unavailable) proposed 50 trade(s) meeting the conviction bar.
Gemini calls used today (all models combined): 407
Market closed (overnight): queued 12 trade idea(s) for next-morning verification -- nothing submitted yet.
  -> queued WDC buy (conf 92, stop 485.0, tp 560.0)
  -> queued WFC buy (conf 91, stop 86.06, tp 97.76)
  -> queued HAS buy (conf 90, stop 89.34, tp 106.82)
  -> queued HUM buy (conf None, stop 354.57, tp 392.49)
  -> queued WDAY buy (conf 85, stop 188.0, tp 220.0)
  -> queued BAC buy (conf 85, stop 62.5, tp 67.5)
  -> queued HBAN buy (conf 85, stop 17.09, tp 19.45)
  -> queued TDY buy (conf None, stop 654.41, tp 697.61)
  -> queued TTWO buy (conf None, stop 228.4, tp 256.285)
  -> queued NDAQ buy (conf None, stop 93.23, tp 97.755)
  -> queued TYL buy (conf None, stop 300.28, tp 334.89)
  -> queued LYB buy (conf None, stop 58.01, tp 64.365)
Run budget spent -- skipping dashboard watchlist sync.
Run budget spent -- skipping performance snapshot.
Trade journal: no closed trades yet
Performance: Total return -0.41% | Max drawdown 12.37% | Daily Sharpe 0.27 | Open positions: 14 | Equity $99,425.43
Timings: account: 0.0s | risk: 3.2s | decide: 26.4s | watchlist: 0.0s | perf: 0.0s

=== Run at 2026-08-15T20:44:26.441317 ===
Current time: 2026-08-15 04:44 PM EDT | Market open (per Alpaca): False | Session: CLOSED
Account value: $99,425.43
Cash: $2,352.13 | Holdings (14): {'CEG': '35.6034 sh (+1.36%)', 'CHD': '97.9637 sh (+0.01%)', 'COHR': '7.9896 sh (-4.69%)', 'CVX': '24.8836 sh (+1.17%)', 'GEHC': '0.6136 sh (-0.28%)', 'IVZ': '306.9138 sh (+1.21%)', 'LMT': '16.3555 sh (+0.32%)', 'MS': '43.8344 sh (-1.63%)', 'MSI': '21.1281 sh (-0.69%)', 'NUE': '36.5544 sh (-1.52%)', 'NVDA': '44.2888 sh (+0.48%)', 'NWS': '303.7199 sh (+1.75%)', 'STLD': '0.9216 sh (-2.54%)', 'WSM': '0.1026 sh (-1.61%)'}
Open orders (1): NVDA sell 44.2888
Risk state: peak $99,703.60 | drawdown 0.28% | today -0.00% | halted: False
Market regime: NEUTRAL (position-size multiplier: 100% incl. circuit breaker 100%)
News: fetched 158, 2 new after dedup, 0 ticker(s) matched.
Quant pre-screen: 47/67 candidates passed.
Gemini proposed 2 trade(s) meeting the conviction bar.
Gemini calls used today (all models combined): 408
Market closed (overnight): queued 12 trade idea(s) for next-morning verification -- nothing submitted yet.
  -> queued WDC buy (conf 92, stop 485.0, tp 560.0)
  -> queued WFC buy (conf 91, stop 86.06, tp 97.76)
  -> queued HAS buy (conf 90, stop 89.34, tp 106.82)
  -> queued HUM buy (conf None, stop 354.57, tp 392.49)
  -> queued WDAY buy (conf 85, stop 188.0, tp 220.0)
  -> queued BAC buy (conf 85, stop 62.5, tp 67.5)
  -> queued HBAN buy (conf 85, stop 17.09, tp 19.45)
  -> queued TDY buy (conf None, stop 654.41, tp 697.61)
  -> queued TTWO buy (conf 91, stop 235.0, tp 270.0)
  -> queued NDAQ buy (conf None, stop 93.23, tp 97.755)
  -> queued TYL buy (conf 92, stop 315.0, tp 355.0)
  -> queued LYB buy (conf None, stop 58.01, tp 64.365)
Dashboard watchlist synced (16 symbols) for news/headlines.
Ending portfolio value: $99,425.43
Trade journal: no closed trades yet
Performance: Total return -0.41% | Max drawdown 12.37% | Daily Sharpe 0.27 | Open positions: 14 | Equity $99,425.43
Timings: account: 0.0s | risk: 0.8s | decide: 2.4s | watchlist: 0.0s | perf: 0.1s

=== Run at 2026-08-15T20:46:28.062240 ===
Current time: 2026-08-15 04:46 PM EDT | Market open (per Alpaca): False | Session: CLOSED
Account value: $99,425.43
Cash: $2,352.13 | Holdings (14): {'CEG': '35.6034 sh (+1.36%)', 'CHD': '97.9637 sh (+0.01%)', 'COHR': '7.9896 sh (-4.69%)', 'CVX': '24.8836 sh (+1.17%)', 'GEHC': '0.6136 sh (-0.28%)', 'IVZ': '306.9138 sh (+1.21%)', 'LMT': '16.3555 sh (+0.32%)', 'MS': '43.8344 sh (-1.63%)', 'MSI': '21.1281 sh (-0.69%)', 'NUE': '36.5544 sh (-1.52%)', 'NVDA': '44.2888 sh (+0.48%)', 'NWS': '303.7199 sh (+1.75%)', 'STLD': '0.9216 sh (-2.54%)', 'WSM': '0.1026 sh (-1.61%)'}
Open orders (1): NVDA sell 44.2888
Risk state: peak $99,703.60 | drawdown 0.28% | today -0.00% | halted: False
Market regime: NEUTRAL (position-size multiplier: 100% incl. circuit breaker 100%)
News: fetched 157, 1 new after dedup, 0 ticker(s) matched.
Quant pre-screen: 47/67 candidates passed.
Gemini proposed 2 trade(s) meeting the conviction bar.
Gemini calls used today (all models combined): 409
Market closed (overnight): queued 12 trade idea(s) for next-morning verification -- nothing submitted yet.
  -> queued WDC buy (conf 92, stop 485.0, tp 560.0)
  -> queued WFC buy (conf 91, stop 86.06, tp 97.76)
  -> queued HAS buy (conf 90, stop 89.34, tp 106.82)
  -> queued HUM buy (conf None, stop 354.57, tp 392.49)
  -> queued WDAY buy (conf 85, stop 188.0, tp 220.0)
  -> queued BAC buy (conf 85, stop 62.5, tp 67.5)
  -> queued HBAN buy (conf 85, stop 17.09, tp 19.45)
  -> queued TDY buy (conf None, stop 654.41, tp 697.61)
  -> queued TTWO buy (conf 85, stop 235.0, tp 265.0)
  -> queued NDAQ buy (conf None, stop 93.23, tp 97.755)
  -> queued TYL buy (conf 80, stop 312.0, tp 355.0)
  -> queued LYB buy (conf None, stop 58.01, tp 64.365)
Dashboard watchlist synced (16 symbols) for news/headlines.
Ending portfolio value: $99,425.43
Trade journal: no closed trades yet
Performance: Total return -0.41% | Max drawdown 12.37% | Daily Sharpe 0.27 | Open positions: 14 | Equity $99,425.43
Timings: account: 0.0s | risk: 3.0s | decide: 3.9s | watchlist: 0.1s | perf: 0.2s

=== Run at 2026-08-15T20:48:29.315328 ===
Current time: 2026-08-15 04:48 PM EDT | Market open (per Alpaca): False | Session: CLOSED
Account value: $99,425.43
Cash: $2,352.13 | Holdings (14): {'CEG': '35.6034 sh (+1.36%)', 'CHD': '97.9637 sh (+0.01%)', 'COHR': '7.9896 sh (-4.69%)', 'CVX': '24.8836 sh (+1.17%)', 'GEHC': '0.6136 sh (-0.28%)', 'IVZ': '306.9138 sh (+1.21%)', 'LMT': '16.3555 sh (+0.32%)', 'MS': '43.8344 sh (-1.63%)', 'MSI': '21.1281 sh (-0.69%)', 'NUE': '36.5544 sh (-1.52%)', 'NVDA': '44.2888 sh (+0.48%)', 'NWS': '303.7199 sh (+1.75%)', 'STLD': '0.9216 sh (-2.54%)', 'WSM': '0.1026 sh (-1.61%)'}
Open orders (1): NVDA sell 44.2888
Risk state: peak $99,703.60 | drawdown 0.28% | today -0.00% | halted: False
Market regime: NEUTRAL (position-size multiplier: 100% incl. circuit breaker 100%)
News: fetched 157, 0 new after dedup, 0 ticker(s) matched.
Quant pre-screen: 47/67 candidates passed.
Gemini proposed 2 trade(s) meeting the conviction bar.
Gemini calls used today (all models combined): 410
Market closed (overnight): queued 12 trade idea(s) for next-morning verification -- nothing submitted yet.
  -> queued WDC buy (conf 92, stop 485.0, tp 560.0)
  -> queued WFC buy (conf 91, stop 86.06, tp 97.76)
  -> queued HAS buy (conf 90, stop 89.34, tp 106.82)
  -> queued HUM buy (conf None, stop 354.57, tp 392.49)
  -> queued WDAY buy (conf 85, stop 188.0, tp 220.0)
  -> queued BAC buy (conf 85, stop 62.5, tp 67.5)
  -> queued HBAN buy (conf 85, stop 17.09, tp 19.45)
  -> queued TDY buy (conf None, stop 654.41, tp 697.61)
  -> queued TTWO buy (conf 90, stop 232.0, tp 270.0)
  -> queued NDAQ buy (conf None, stop 93.23, tp 97.755)
  -> queued TYL buy (conf 92, stop 310.0, tp 355.0)
  -> queued LYB buy (conf None, stop 58.01, tp 64.365)
Dashboard watchlist synced (16 symbols) for news/headlines.
Ending portfolio value: $99,425.43
Trade journal: no closed trades yet
Performance: Total return -0.41% | Max drawdown 12.37% | Daily Sharpe 0.27 | Open positions: 14 | Equity $99,425.43
Timings: account: 0.0s | risk: 3.7s | decide: 4.1s | watchlist: 0.1s | perf: 0.2s

=== Run at 2026-08-15T20:50:32.493038 ===
Current time: 2026-08-15 04:50 PM EDT | Market open (per Alpaca): False | Session: CLOSED
Account value: $99,425.43
Cash: $2,352.13 | Holdings (14): {'CEG': '35.6034 sh (+1.36%)', 'CHD': '97.9637 sh (+0.01%)', 'COHR': '7.9896 sh (-4.69%)', 'CVX': '24.8836 sh (+1.17%)', 'GEHC': '0.6136 sh (-0.28%)', 'IVZ': '306.9138 sh (+1.21%)', 'LMT': '16.3555 sh (+0.32%)', 'MS': '43.8344 sh (-1.63%)', 'MSI': '21.1281 sh (-0.69%)', 'NUE': '36.5544 sh (-1.52%)', 'NVDA': '44.2888 sh (+0.48%)', 'NWS': '303.7199 sh (+1.75%)', 'STLD': '0.9216 sh (-2.54%)', 'WSM': '0.1026 sh (-1.61%)'}
Open orders (1): NVDA sell 44.2888
Risk state: peak $99,703.60 | drawdown 0.28% | today -0.00% | halted: False
Market regime: NEUTRAL (position-size multiplier: 100% incl. circuit breaker 100%)
News: fetched 157, 1 new after dedup, 0 ticker(s) matched.
Quant pre-screen: 47/67 candidates passed.
Gemini proposed 3 trade(s) meeting the conviction bar.
Gemini calls used today (all models combined): 411
Market closed (overnight): queued 12 trade idea(s) for next-morning verification -- nothing submitted yet.
  -> queued WDC buy (conf 92, stop 485.0, tp 560.0)
  -> queued WFC buy (conf 91, stop 86.06, tp 97.76)
  -> queued HAS buy (conf 90, stop 89.34, tp 106.82)
  -> queued HUM buy (conf None, stop 354.57, tp 392.49)
  -> queued WDAY buy (conf 85, stop 188.0, tp 220.0)
  -> queued BAC buy (conf 85, stop 62.5, tp 67.5)
  -> queued HBAN buy (conf 85, stop 17.09, tp 19.45)
  -> queued TDY buy (conf 85, stop 654.41, tp 715.0)
  -> queued TTWO buy (conf 88, stop 228.4, tp 270.0)
  -> queued NDAQ buy (conf None, stop 93.23, tp 97.755)
  -> queued TYL buy (conf 90, stop 300.28, tp 355.0)
  -> queued LYB buy (conf None, stop 58.01, tp 64.365)
Dashboard watchlist synced (17 symbols) for news/headlines.
Ending portfolio value: $99,425.43
Trade journal: no closed trades yet
Performance: Total return -0.41% | Max drawdown 12.37% | Daily Sharpe 0.27 | Open positions: 14 | Equity $99,425.43
Timings: account: 0.0s | risk: 1.7s | decide: 3.5s | watchlist: 0.1s | perf: 0.1s

=== Run at 2026-08-15T20:52:25.161966 ===
Current time: 2026-08-15 04:52 PM EDT | Market open (per Alpaca): False | Session: CLOSED
Account value: $99,425.43
Cash: $2,352.13 | Holdings (14): {'CEG': '35.6034 sh (+1.36%)', 'CHD': '97.9637 sh (+0.01%)', 'COHR': '7.9896 sh (-4.69%)', 'CVX': '24.8836 sh (+1.17%)', 'GEHC': '0.6136 sh (-0.28%)', 'IVZ': '306.9138 sh (+1.21%)', 'LMT': '16.3555 sh (+0.32%)', 'MS': '43.8344 sh (-1.63%)', 'MSI': '21.1281 sh (-0.69%)', 'NUE': '36.5544 sh (-1.52%)', 'NVDA': '44.2888 sh (+0.48%)', 'NWS': '303.7199 sh (+1.75%)', 'STLD': '0.9216 sh (-2.54%)', 'WSM': '0.1026 sh (-1.61%)'}
Open orders (1): NVDA sell 44.2888
Risk state: peak $99,703.60 | drawdown 0.28% | today -0.00% | halted: False
Market regime: NEUTRAL (position-size multiplier: 100% incl. circuit breaker 100%)
News: fetched 157, 4 new after dedup, 0 ticker(s) matched.
Quant pre-screen: 47/67 candidates passed.
Gemini proposed 2 trade(s) meeting the conviction bar.
Gemini calls used today (all models combined): 412
Market closed (overnight): queued 12 trade idea(s) for next-morning verification -- nothing submitted yet.
  -> queued WDC buy (conf 92, stop 485.0, tp 560.0)
  -> queued WFC buy (conf 91, stop 86.06, tp 97.76)
  -> queued HAS buy (conf 90, stop 89.34, tp 106.82)
  -> queued HUM buy (conf None, stop 354.57, tp 392.49)
  -> queued WDAY buy (conf 85, stop 188.0, tp 220.0)
  -> queued BAC buy (conf 85, stop 62.5, tp 67.5)
  -> queued HBAN buy (conf 85, stop 17.09, tp 19.45)
  -> queued TDY buy (conf 85, stop 654.41, tp 715.0)
  -> queued TTWO buy (conf 92, stop 235.0, tp 270.0)
  -> queued NDAQ buy (conf None, stop 93.23, tp 97.755)
  -> queued TYL buy (conf 90, stop 310.0, tp 355.0)
  -> queued LYB buy (conf None, stop 58.01, tp 64.365)
Dashboard watchlist synced (16 symbols) for news/headlines.
Ending portfolio value: $99,425.43
Trade journal: no closed trades yet
Performance: Total return -0.41% | Max drawdown 12.37% | Daily Sharpe 0.27 | Open positions: 14 | Equity $99,425.43
Timings: account: 0.0s | risk: 1.3s | decide: 2.3s | watchlist: 0.0s | perf: 0.1s

=== Run at 2026-08-15T20:54:36.777645 ===
Current time: 2026-08-15 04:54 PM EDT | Market open (per Alpaca): False | Session: CLOSED
Account value: $99,425.43
Cash: $2,352.13 | Holdings (14): {'CEG': '35.6034 sh (+1.36%)', 'CHD': '97.9637 sh (+0.01%)', 'COHR': '7.9896 sh (-4.69%)', 'CVX': '24.8836 sh (+1.17%)', 'GEHC': '0.6136 sh (-0.28%)', 'IVZ': '306.9138 sh (+1.21%)', 'LMT': '16.3555 sh (+0.32%)', 'MS': '43.8344 sh (-1.63%)', 'MSI': '21.1281 sh (-0.69%)', 'NUE': '36.5544 sh (-1.52%)', 'NVDA': '44.2888 sh (+0.48%)', 'NWS': '303.7199 sh (+1.75%)', 'STLD': '0.9216 sh (-2.54%)', 'WSM': '0.1026 sh (-1.61%)'}
Open orders (1): NVDA sell 44.2888
Risk state: peak $99,703.60 | drawdown 0.28% | today -0.00% | halted: False
Market regime: NEUTRAL (position-size multiplier: 100% incl. circuit breaker 100%)
News: fetched 157, 0 new after dedup, 0 ticker(s) matched.
Quant pre-screen: 47/67 candidates passed.
Gemini proposed 2 trade(s) meeting the conviction bar.
Gemini calls used today (all models combined): 413
Market closed (overnight): queued 12 trade idea(s) for next-morning verification -- nothing submitted yet.
  -> queued WDC buy (conf 92, stop 485.0, tp 560.0)
  -> queued WFC buy (conf 91, stop 86.06, tp 97.76)
  -> queued HAS buy (conf 90, stop 89.34, tp 106.82)
  -> queued HUM buy (conf None, stop 354.57, tp 392.49)
  -> queued WDAY buy (conf 85, stop 188.0, tp 220.0)
  -> queued BAC buy (conf 85, stop 62.5, tp 67.5)
  -> queued HBAN buy (conf 85, stop 17.09, tp 19.45)
  -> queued TDY buy (conf 85, stop 654.41, tp 715.0)
  -> queued TTWO buy (conf 90, stop 239.15, tp 265.0)
  -> queued NDAQ buy (conf None, stop 93.23, tp 97.755)
  -> queued TYL buy (conf 92, stop 315.48, tp 355.0)
  -> queued LYB buy (conf None, stop 58.01, tp 64.365)
Dashboard watchlist synced (16 symbols) for news/headlines.
Ending portfolio value: $99,425.43
Trade journal: no closed trades yet
Performance: Total return -0.41% | Max drawdown 12.37% | Daily Sharpe 0.27 | Open positions: 14 | Equity $99,425.43
Timings: account: 0.0s | risk: 3.7s | decide: 3.9s | watchlist: 0.1s | perf: 0.2s

=== Run at 2026-08-15T20:56:29.178716 ===
Current time: 2026-08-15 04:56 PM EDT | Market open (per Alpaca): False | Session: CLOSED
Account value: $99,425.43
Cash: $2,352.13 | Holdings (14): {'CEG': '35.6034 sh (+1.36%)', 'CHD': '97.9637 sh (+0.01%)', 'COHR': '7.9896 sh (-4.69%)', 'CVX': '24.8836 sh (+1.17%)', 'GEHC': '0.6136 sh (-0.28%)', 'IVZ': '306.9138 sh (+1.21%)', 'LMT': '16.3555 sh (+0.32%)', 'MS': '43.8344 sh (-1.63%)', 'MSI': '21.1281 sh (-0.69%)', 'NUE': '36.5544 sh (-1.52%)', 'NVDA': '44.2888 sh (+0.48%)', 'NWS': '303.7199 sh (+1.75%)', 'STLD': '0.9216 sh (-2.54%)', 'WSM': '0.1026 sh (-1.61%)'}
Open orders (1): NVDA sell 44.2888
Risk state: peak $99,703.60 | drawdown 0.28% | today -0.00% | halted: False
Market regime: NEUTRAL (position-size multiplier: 100% incl. circuit breaker 100%)
News: fetched 157, 2 new after dedup, 0 ticker(s) matched.
Quant pre-screen: 47/67 candidates passed.
Gemini proposed 2 trade(s) meeting the conviction bar.
Gemini calls used today (all models combined): 414
Market closed (overnight): queued 12 trade idea(s) for next-morning verification -- nothing submitted yet.
  -> queued WDC buy (conf 92, stop 485.0, tp 560.0)
  -> queued WFC buy (conf 91, stop 86.06, tp 97.76)
  -> queued HAS buy (conf 90, stop 89.34, tp 106.82)
  -> queued HUM buy (conf None, stop 354.57, tp 392.49)
  -> queued WDAY buy (conf 85, stop 188.0, tp 220.0)
  -> queued BAC buy (conf 85, stop 62.5, tp 67.5)
  -> queued HBAN buy (conf 85, stop 17.09, tp 19.45)
  -> queued TDY buy (conf 90, stop 654.41, tp 710.0)
  -> queued TTWO buy (conf 92, stop 235.0, tp 265.00000000000006)
  -> queued NDAQ buy (conf None, stop 93.23, tp 97.755)
  -> queued TYL buy (conf 92, stop 315.48, tp 355.0)
  -> queued LYB buy (conf None, stop 58.01, tp 64.365)
Dashboard watchlist synced (16 symbols) for news/headlines.
Ending portfolio value: $99,425.43
Trade journal: no closed trades yet
Performance: Total return -0.41% | Max drawdown 12.37% | Daily Sharpe 0.27 | Open positions: 14 | Equity $99,425.43
Timings: account: 0.0s | risk: 3.8s | decide: 3.9s | watchlist: 0.1s | perf: 0.3s

=== Run at 2026-08-15T20:58:24.118604 ===
Current time: 2026-08-15 04:58 PM EDT | Market open (per Alpaca): False | Session: CLOSED
Account value: $99,425.43
Cash: $2,352.13 | Holdings (14): {'CEG': '35.6034 sh (+1.36%)', 'CHD': '97.9637 sh (+0.01%)', 'COHR': '7.9896 sh (-4.69%)', 'CVX': '24.8836 sh (+1.17%)', 'GEHC': '0.6136 sh (-0.28%)', 'IVZ': '306.9138 sh (+1.21%)', 'LMT': '16.3555 sh (+0.32%)', 'MS': '43.8344 sh (-1.63%)', 'MSI': '21.1281 sh (-0.69%)', 'NUE': '36.5544 sh (-1.52%)', 'NVDA': '44.2888 sh (+0.48%)', 'NWS': '303.7199 sh (+1.75%)', 'STLD': '0.9216 sh (-2.54%)', 'WSM': '0.1026 sh (-1.61%)'}
Open orders (1): NVDA sell 44.2888
Risk state: peak $99,703.60 | drawdown 0.28% | today -0.00% | halted: False
Market regime: NEUTRAL (position-size multiplier: 100% incl. circuit breaker 100%)
News: fetched 157, 1 new after dedup, 0 ticker(s) matched.
Quant pre-screen: 47/67 candidates passed.
Gemini proposed 3 trade(s) meeting the conviction bar.
Gemini calls used today (all models combined): 415
Market closed (overnight): queued 12 trade idea(s) for next-morning verification -- nothing submitted yet.
  -> queued WDC buy (conf 92, stop 485.0, tp 560.0)
  -> queued WFC buy (conf 91, stop 86.06, tp 97.76)
  -> queued HAS buy (conf 90, stop 89.34, tp 106.82)
  -> queued HUM buy (conf None, stop 354.57, tp 392.49)
  -> queued WDAY buy (conf 85, stop 188.0, tp 220.0)
  -> queued BAC buy (conf 85, stop 62.5, tp 67.5)
  -> queued HBAN buy (conf 85, stop 17.09, tp 19.45)
  -> queued TDY buy (conf 92, stop 654.41, tp 715.0)
  -> queued TTWO buy (conf 90, stop 228.4, tp 268.0)
  -> queued NDAQ buy (conf None, stop 93.23, tp 97.755)
  -> queued TYL buy (conf 88, stop 300.28, tp 355.0)
  -> queued LYB buy (conf None, stop 58.01, tp 64.365)
Dashboard watchlist synced (17 symbols) for news/headlines.
Ending portfolio value: $99,425.43
Trade journal: no closed trades yet
Performance: Total return -0.41% | Max drawdown 12.37% | Daily Sharpe 0.27 | Open positions: 14 | Equity $99,425.43
Timings: account: 0.0s | risk: 0.7s | decide: 2.4s | watchlist: 0.0s | perf: 0.1s

=== Run at 2026-08-15T21:00:38.894366 ===
Current time: 2026-08-15 05:00 PM EDT | Market open (per Alpaca): False | Session: CLOSED
Account value: $99,425.43
Cash: $2,352.13 | Holdings (14): {'CEG': '35.6034 sh (+1.36%)', 'CHD': '97.9637 sh (+0.01%)', 'COHR': '7.9896 sh (-4.69%)', 'CVX': '24.8836 sh (+1.17%)', 'GEHC': '0.6136 sh (-0.28%)', 'IVZ': '306.9138 sh (+1.21%)', 'LMT': '16.3555 sh (+0.32%)', 'MS': '43.8344 sh (-1.63%)', 'MSI': '21.1281 sh (-0.69%)', 'NUE': '36.5544 sh (-1.52%)', 'NVDA': '44.2888 sh (+0.48%)', 'NWS': '303.7199 sh (+1.75%)', 'STLD': '0.9216 sh (-2.54%)', 'WSM': '0.1026 sh (-1.61%)'}
Open orders (1): NVDA sell 44.2888
Risk state: peak $99,703.60 | drawdown 0.28% | today -0.00% | halted: False
Market regime: NEUTRAL (position-size multiplier: 100% incl. circuit breaker 100%)
News: fetched 158, 0 new after dedup, 0 ticker(s) matched.
Quant pre-screen: 15/19 candidates passed.
Gemini proposed 1 trade(s) meeting the conviction bar.
Gemini calls used today (all models combined): 416
Market closed (overnight): queued 12 trade idea(s) for next-morning verification -- nothing submitted yet.
  -> queued WDC buy (conf 92, stop 485.0, tp 560.0)
  -> queued WFC buy (conf 91, stop 86.06, tp 97.76)
  -> queued HAS buy (conf 90, stop 89.34, tp 106.82)
  -> queued HUM buy (conf None, stop 354.57, tp 392.49)
  -> queued WDAY buy (conf 85, stop 188.0, tp 220.0)
  -> queued BAC buy (conf 85, stop 62.5, tp 67.5)
  -> queued HBAN buy (conf 85, stop 17.09, tp 19.45)
  -> queued TDY buy (conf 85, stop 654.41, tp None)
  -> queued TTWO buy (conf 90, stop 228.4, tp 268.0)
  -> queued NDAQ buy (conf None, stop 93.23, tp 97.755)
  -> queued TYL buy (conf 88, stop 300.28, tp 355.0)
  -> queued LYB buy (conf None, stop 58.01, tp 64.365)
Dashboard watchlist synced (15 symbols) for news/headlines.
Ending portfolio value: $99,425.43
Trade journal: no closed trades yet
Performance: Total return -0.41% | Max drawdown 12.37% | Daily Sharpe 0.27 | Open positions: 14 | Equity $99,425.43
Timings: account: 0.0s | risk: 4.1s | decide: 20.6s | watchlist: 0.2s | perf: 0.2s

=== Run at 2026-08-15T21:02:28.174606 ===
Current time: 2026-08-15 05:02 PM EDT | Market open (per Alpaca): False | Session: CLOSED
Account value: $99,425.43
Cash: $2,352.13 | Holdings (14): {'CEG': '35.6034 sh (+1.36%)', 'CHD': '97.9637 sh (+0.01%)', 'COHR': '7.9896 sh (-4.69%)', 'CVX': '24.8836 sh (+1.17%)', 'GEHC': '0.6136 sh (-0.28%)', 'IVZ': '306.9138 sh (+1.21%)', 'LMT': '16.3555 sh (+0.32%)', 'MS': '43.8344 sh (-1.63%)', 'MSI': '21.1281 sh (-0.69%)', 'NUE': '36.5544 sh (-1.52%)', 'NVDA': '44.2888 sh (+0.48%)', 'NWS': '303.7199 sh (+1.75%)', 'STLD': '0.9216 sh (-2.54%)', 'WSM': '0.1026 sh (-1.61%)'}
Open orders (1): NVDA sell 44.2888
Risk state: peak $99,703.60 | drawdown 0.28% | today -0.00% | halted: False
Market regime: NEUTRAL (position-size multiplier: 100% incl. circuit breaker 100%)
News: fetched 158, 2 new after dedup, 1 ticker(s) matched.
Quant pre-screen: 20/25 candidates passed.
Technical fallback (Gemini throttled/unavailable) proposed 23 trade(s) meeting the conviction bar.
Gemini calls used today (all models combined): 416
Market closed (overnight): queued 12 trade idea(s) for next-morning verification -- nothing submitted yet.
  -> queued WDC buy (conf 92, stop 485.0, tp 560.0)
  -> queued WFC buy (conf 91, stop 86.06, tp 97.76)
  -> queued HAS buy (conf 90, stop 89.34, tp 106.82)
  -> queued HUM buy (conf None, stop 354.57, tp 392.49)
  -> queued WDAY buy (conf 85, stop 188.0, tp 220.0)
  -> queued BAC buy (conf 85, stop 62.5, tp 67.5)
  -> queued HBAN buy (conf 85, stop 17.09, tp 19.45)
  -> queued TDY buy (conf None, stop 654.41, tp 697.61)
  -> queued TTWO buy (conf None, stop 228.4, tp 256.285)
  -> queued NDAQ buy (conf None, stop 93.23, tp 97.755)
  -> queued TYL buy (conf None, stop 300.28, tp 334.89)
  -> queued LYB buy (conf None, stop 58.01, tp 64.365)
Dashboard watchlist synced (34 symbols) for news/headlines.
Ending portfolio value: $99,425.43
Trade journal: no closed trades yet
Performance: Total return -0.41% | Max drawdown 12.37% | Daily Sharpe 0.27 | Open positions: 14 | Equity $99,425.43
Timings: account: 0.0s | risk: 3.2s | decide: 25.5s | watchlist: 0.1s | perf: 0.2s

=== Run at 2026-08-15T21:04:27.736457 ===
Current time: 2026-08-15 05:04 PM EDT | Market open (per Alpaca): False | Session: CLOSED
Account value: $99,425.43
Cash: $2,352.13 | Holdings (14): {'CEG': '35.6034 sh (+1.36%)', 'CHD': '97.9637 sh (+0.01%)', 'COHR': '7.9896 sh (-4.69%)', 'CVX': '24.8836 sh (+1.17%)', 'GEHC': '0.6136 sh (-0.28%)', 'IVZ': '306.9138 sh (+1.21%)', 'LMT': '16.3555 sh (+0.32%)', 'MS': '43.8344 sh (-1.63%)', 'MSI': '21.1281 sh (-0.69%)', 'NUE': '36.5544 sh (-1.52%)', 'NVDA': '44.2888 sh (+0.48%)', 'NWS': '303.7199 sh (+1.75%)', 'STLD': '0.9216 sh (-2.54%)', 'WSM': '0.1026 sh (-1.61%)'}
Open orders (1): NVDA sell 44.2888
Risk state: peak $99,703.60 | drawdown 0.28% | today -0.00% | halted: False
Market regime: NEUTRAL (position-size multiplier: 100% incl. circuit breaker 100%)
News: fetched 157, 0 new after dedup, 0 ticker(s) matched.
Quant pre-screen: 33/43 candidates passed.
Gemini proposed 2 trade(s) meeting the conviction bar.
Gemini calls used today (all models combined): 417
Market closed (overnight): queued 12 trade idea(s) for next-morning verification -- nothing submitted yet.
  -> queued WDC buy (conf 92, stop 485.0, tp 560.0)
  -> queued WFC buy (conf 91, stop 86.06, tp 97.76)
  -> queued HAS buy (conf 90, stop 89.34, tp 106.82)
  -> queued HUM buy (conf None, stop 354.57, tp 392.49)
  -> queued WDAY buy (conf 85, stop 188.0, tp 220.0)
  -> queued BAC buy (conf 85, stop 62.5, tp 67.5)
  -> queued HBAN buy (conf 85, stop 17.09, tp 19.45)
  -> queued TDY buy (conf 92, stop 654.41, tp 715.0)
  -> queued TTWO buy (conf 90, stop 228.4, tp 265.0)
  -> queued NDAQ buy (conf None, stop 93.23, tp 97.755)
  -> queued TYL buy (conf None, stop 300.28, tp 334.89)
  -> queued LYB buy (conf None, stop 58.01, tp 64.365)
Dashboard watchlist synced (16 symbols) for news/headlines.
Ending portfolio value: $99,425.43
Trade journal: no closed trades yet
Performance: Total return -0.41% | Max drawdown 12.37% | Daily Sharpe 0.27 | Open positions: 14 | Equity $99,425.43
Timings: account: 0.0s | risk: 3.8s | decide: 7.5s | watchlist: 0.2s | perf: 0.3s

=== Run at 2026-08-15T21:06:26.243048 ===
Current time: 2026-08-15 05:06 PM EDT | Market open (per Alpaca): False | Session: CLOSED
Account value: $99,425.43
Cash: $2,352.13 | Holdings (14): {'CEG': '35.6034 sh (+1.36%)', 'CHD': '97.9637 sh (+0.01%)', 'COHR': '7.9896 sh (-4.69%)', 'CVX': '24.8836 sh (+1.17%)', 'GEHC': '0.6136 sh (-0.28%)', 'IVZ': '306.9138 sh (+1.21%)', 'LMT': '16.3555 sh (+0.32%)', 'MS': '43.8344 sh (-1.63%)', 'MSI': '21.1281 sh (-0.69%)', 'NUE': '36.5544 sh (-1.52%)', 'NVDA': '44.2888 sh (+0.48%)', 'NWS': '303.7199 sh (+1.75%)', 'STLD': '0.9216 sh (-2.54%)', 'WSM': '0.1026 sh (-1.61%)'}
Open orders (1): NVDA sell 44.2888
Risk state: peak $99,703.60 | drawdown 0.28% | today -0.00% | halted: False
Market regime: NEUTRAL (position-size multiplier: 100% incl. circuit breaker 100%)
News: fetched 119, 5 new after dedup, 0 ticker(s) matched.
Quant pre-screen: 40/55 candidates passed.
Technical fallback (Gemini throttled/unavailable) proposed 43 trade(s) meeting the conviction bar.
Gemini calls used today (all models combined): 417
Market closed (overnight): queued 12 trade idea(s) for next-morning verification -- nothing submitted yet.
  -> queued WDC buy (conf 92, stop 485.0, tp 560.0)
  -> queued WFC buy (conf 91, stop 86.06, tp 97.76)
  -> queued HAS buy (conf 90, stop 89.34, tp 106.82)
  -> queued HUM buy (conf None, stop 354.57, tp 392.49)
  -> queued WDAY buy (conf 85, stop 188.0, tp 220.0)
  -> queued BAC buy (conf 85, stop 62.5, tp 67.5)
  -> queued HBAN buy (conf 85, stop 17.09, tp 19.45)
  -> queued TDY buy (conf None, stop 654.41, tp 697.61)
  -> queued TTWO buy (conf None, stop 228.4, tp 256.285)
  -> queued NDAQ buy (conf None, stop 93.23, tp 97.755)
  -> queued TYL buy (conf None, stop 300.28, tp 334.89)
  -> queued LYB buy (conf None, stop 58.01, tp 64.365)
Run budget spent -- skipping dashboard watchlist sync.
Run budget spent -- skipping performance snapshot.
Trade journal: no closed trades yet
Performance: Total return -0.41% | Max drawdown 12.37% | Daily Sharpe 0.27 | Open positions: 14 | Equity $99,425.43
Timings: account: 0.0s | risk: 4.0s | decide: 25.7s | watchlist: 0.0s | perf: 0.0s

=== Run at 2026-08-15T21:08:23.518281 ===
Current time: 2026-08-15 05:08 PM EDT | Market open (per Alpaca): False | Session: CLOSED
Account value: $99,425.43
Cash: $2,352.13 | Holdings (14): {'CEG': '35.6034 sh (+1.36%)', 'CHD': '97.9637 sh (+0.01%)', 'COHR': '7.9896 sh (-4.69%)', 'CVX': '24.8836 sh (+1.17%)', 'GEHC': '0.6136 sh (-0.28%)', 'IVZ': '306.9138 sh (+1.21%)', 'LMT': '16.3555 sh (+0.32%)', 'MS': '43.8344 sh (-1.63%)', 'MSI': '21.1281 sh (-0.69%)', 'NUE': '36.5544 sh (-1.52%)', 'NVDA': '44.2888 sh (+0.48%)', 'NWS': '303.7199 sh (+1.75%)', 'STLD': '0.9216 sh (-2.54%)', 'WSM': '0.1026 sh (-1.61%)'}
Open orders (1): NVDA sell 44.2888
Risk state: peak $99,703.60 | drawdown 0.28% | today -0.00% | halted: False
Market regime: NEUTRAL (position-size multiplier: 100% incl. circuit breaker 100%)
News: fetched 158, 4 new after dedup, 0 ticker(s) matched.
Quant pre-screen: 48/67 candidates passed.
Gemini proposed 2 trade(s) meeting the conviction bar.
Gemini calls used today (all models combined): 418
Market closed (overnight): queued 12 trade idea(s) for next-morning verification -- nothing submitted yet.
  -> queued WDC buy (conf 92, stop 485.0, tp 560.0)
  -> queued WFC buy (conf 91, stop 86.06, tp 97.76)
  -> queued HAS buy (conf 90, stop 89.34, tp 106.82)
  -> queued HUM buy (conf None, stop 354.57, tp 392.49)
  -> queued WDAY buy (conf 85, stop 188.0, tp 220.0)
  -> queued BAC buy (conf 85, stop 62.5, tp 67.5)
  -> queued HBAN buy (conf 85, stop 17.09, tp 19.45)
  -> queued TDY buy (conf 85, stop 654.41, tp 725.0)
  -> queued TTWO buy (conf 84, stop 228.4, tp 270.0)
  -> queued NDAQ buy (conf None, stop 93.23, tp 97.755)
  -> queued TYL buy (conf None, stop 300.28, tp 334.89)
  -> queued LYB buy (conf None, stop 58.01, tp 64.365)
Dashboard watchlist synced (16 symbols) for news/headlines.
Ending portfolio value: $99,425.43
Trade journal: no closed trades yet
Performance: Total return -0.41% | Max drawdown 12.37% | Daily Sharpe 0.27 | Open positions: 14 | Equity $99,425.43
Timings: account: 0.0s | risk: 0.7s | decide: 2.9s | watchlist: 0.0s | perf: 0.1s

=== Run at 2026-08-15T21:10:28.305491 ===
Current time: 2026-08-15 05:10 PM EDT | Market open (per Alpaca): False | Session: CLOSED
Account value: $99,425.43
Cash: $2,352.13 | Holdings (14): {'CEG': '35.6034 sh (+1.36%)', 'CHD': '97.9637 sh (+0.01%)', 'COHR': '7.9896 sh (-4.69%)', 'CVX': '24.8836 sh (+1.17%)', 'GEHC': '0.6136 sh (-0.28%)', 'IVZ': '306.9138 sh (+1.21%)', 'LMT': '16.3555 sh (+0.32%)', 'MS': '43.8344 sh (-1.63%)', 'MSI': '21.1281 sh (-0.69%)', 'NUE': '36.5544 sh (-1.52%)', 'NVDA': '44.2888 sh (+0.48%)', 'NWS': '303.7199 sh (+1.75%)', 'STLD': '0.9216 sh (-2.54%)', 'WSM': '0.1026 sh (-1.61%)'}
Open orders (1): NVDA sell 44.2888
Risk state: peak $99,703.60 | drawdown 0.28% | today -0.00% | halted: False
Market regime: NEUTRAL (position-size multiplier: 100% incl. circuit breaker 100%)
News: fetched 157, 1 new after dedup, 0 ticker(s) matched.
Quant pre-screen: 48/67 candidates passed.
Gemini proposed 3 trade(s) meeting the conviction bar.
Gemini calls used today (all models combined): 419
Market closed (overnight): queued 12 trade idea(s) for next-morning verification -- nothing submitted yet.
  -> queued WDC buy (conf 92, stop 485.0, tp 560.0)
  -> queued WFC buy (conf 91, stop 86.06, tp 97.76)
  -> queued HAS buy (conf 90, stop 89.34, tp 106.82)
  -> queued HUM buy (conf None, stop 354.57, tp 392.49)
  -> queued WDAY buy (conf 85, stop 188.0, tp 220.0)
  -> queued BAC buy (conf 85, stop 62.5, tp 67.5)
  -> queued HBAN buy (conf 85, stop 17.09, tp 19.45)
  -> queued TDY buy (conf 90, stop 650.0, tp 720.0)
  -> queued TTWO buy (conf 92, stop 230.0, tp 2700000000000.0)
  -> queued NDAQ buy (conf None, stop 93.23, tp 97.755)
  -> queued TYL buy (conf 90, stop 305.0, tp 355.0)
  -> queued LYB buy (conf None, stop 58.01, tp 64.365)
Dashboard watchlist synced (17 symbols) for news/headlines.
Ending portfolio value: $99,425.43
Trade journal: no closed trades yet
Performance: Total return -0.41% | Max drawdown 12.37% | Daily Sharpe 0.27 | Open positions: 14 | Equity $99,425.43
Timings: account: 0.0s | risk: 1.6s | decide: 3.0s | watchlist: 0.1s | perf: 0.1s

=== Run at 2026-08-15T21:12:45.547085 ===
=== Run at 2026-08-15T21:12:17.881841 ===
Current time: 2026-08-15 05:12 PM EDT | Market open (per Alpaca): False | Session: CLOSED
Account value: $99,425.43
Cash: $2,352.13 | Holdings (14): {'CEG': '35.6034 sh (+1.36%)', 'CHD': '97.9637 sh (+0.01%)', 'COHR': '7.9896 sh (-4.69%)', 'CVX': '24.8836 sh (+1.17%)', 'GEHC': '0.6136 sh (-0.28%)', 'IVZ': '306.9138 sh (+1.21%)', 'LMT': '16.3555 sh (+0.32%)', 'MS': '43.8344 sh (-1.63%)', 'MSI': '21.1281 sh (-0.69%)', 'NUE': '36.5544 sh (-1.52%)', 'NVDA': '44.2888 sh (+0.48%)', 'NWS': '303.7199 sh (+1.75%)', 'STLD': '0.9216 sh (-2.54%)', 'WSM': '0.1026 sh (-1.61%)'}
Open orders (1): NVDA sell 44.2888
Risk state: peak $99,703.60 | drawdown 0.28% | today -0.00% | halted: False
Market regime: NEUTRAL (position-size multiplier: 100% incl. circuit breaker 100%)
News: fetched 157, 2 new after dedup, 1 ticker(s) matched.
Quant pre-screen: 34/49 candidates passed.
Gemini proposed 3 trade(s) meeting the conviction bar.
Gemini calls used today (all models combined): 420
Market closed (overnight): queued 12 trade idea(s) for next-morning verification -- nothing submitted yet.
  -> queued WDC buy (conf 92, stop 485.0, tp 560.0)
  -> queued WFC buy (conf 91, stop 86.06, tp 97.76)
  -> queued HAS buy (conf 90, stop 89.34, tp 106.82)
  -> queued HUM buy (conf None, stop 354.57, tp 392.49)
  -> queued WDAY buy (conf 85, stop 188.0, tp 220.0)
  -> queued BAC buy (conf 85, stop 62.5, tp 67.5)
  -> queued HBAN buy (conf 85, stop 17.09, tp 19.45)
  -> queued TDY buy (conf 85, stop 654.41, tp 720.0)
  -> queued TTWO buy (conf 91, stop 228.4, tp 270.0)
  -> queued NDAQ buy (conf None, stop 93.23, tp 97.755)
  -> queued TYL buy (conf 92, stop 300.28, tp 360.00000000000006)
  -> queued TDY buy (conf 91, stop 654.41, tp 715.0)
  -> queued TTWO buy (conf 90, stop 228.4, tp 270.0)
  -> queued NDAQ buy (conf None, stop 93.23, tp 97.755)
  -> queued TYL buy (conf 90, stop 300.28, tp 355.0)
  -> queued LYB buy (conf None, stop 58.01, tp 64.365)
Dashboard watchlist synced (18 symbols) for news/headlines.
Ending portfolio value: $99,425.43
Trade journal: no closed trades yet
Performance: Total return -0.41% | Max drawdown 12.37% | Daily Sharpe 0.27 | Open positions: 14 | Equity $99,425.43
Timings: account: 0.0s | risk: 2.0s | decide: 24.9s | watchlist: 0.1s | perf: 0.1s
Timings: account: 0.0s | risk: 0.7s | decide: 2.7s | watchlist: 0.0s | perf: 0.1s

=== Run at 2026-08-15T21:14:24.907103 ===
Current time: 2026-08-15 05:14 PM EDT | Market open (per Alpaca): False | Session: CLOSED
Account value: $99,425.43
Cash: $2,352.13 | Holdings (14): {'CEG': '35.6034 sh (+1.36%)', 'CHD': '97.9637 sh (+0.01%)', 'COHR': '7.9896 sh (-4.69%)', 'CVX': '24.8836 sh (+1.17%)', 'GEHC': '0.6136 sh (-0.28%)', 'IVZ': '306.9138 sh (+1.21%)', 'LMT': '16.3555 sh (+0.32%)', 'MS': '43.8344 sh (-1.63%)', 'MSI': '21.1281 sh (-0.69%)', 'NUE': '36.5544 sh (-1.52%)', 'NVDA': '44.2888 sh (+0.48%)', 'NWS': '303.7199 sh (+1.75%)', 'STLD': '0.9216 sh (-2.54%)', 'WSM': '0.1026 sh (-1.61%)'}
Open orders (1): NVDA sell 44.2888
Risk state: peak $99,703.60 | drawdown 0.28% | today -0.00% | halted: False
Market regime: NEUTRAL (position-size multiplier: 100% incl. circuit breaker 100%)
News: fetched 119, 0 new after dedup, 0 ticker(s) matched.
Quant pre-screen: 48/67 candidates passed.
Technical fallback (Gemini throttled/unavailable) proposed 51 trade(s) meeting the conviction bar.
Gemini calls used today (all models combined): 420
Market closed (overnight): queued 12 trade idea(s) for next-morning verification -- nothing submitted yet.
  -> queued WDC buy (conf 92, stop 485.0, tp 560.0)
  -> queued WFC buy (conf 91, stop 86.06, tp 97.76)
  -> queued HAS buy (conf 90, stop 89.34, tp 106.82)
  -> queued HUM buy (conf None, stop 354.57, tp 392.49)
  -> queued WDAY buy (conf 85, stop 188.0, tp 220.0)
  -> queued BAC buy (conf 85, stop 62.5, tp 67.5)
  -> queued HBAN buy (conf 85, stop 17.09, tp 19.45)
  -> queued TDY buy (conf None, stop 654.41, tp 697.61)
  -> queued TTWO buy (conf None, stop 228.4, tp 256.285)
  -> queued NDAQ buy (conf None, stop 93.23, tp 97.755)
  -> queued TYL buy (conf None, stop 300.28, tp 334.89)
  -> queued LYB buy (conf None, stop 58.01, tp 64.365)
Run budget spent -- skipping dashboard watchlist sync.
Run budget spent -- skipping performance snapshot.
Trade journal: no closed trades yet
Performance: Total return -0.41% | Max drawdown 12.37% | Daily Sharpe 0.27 | Open positions: 14 | Equity $99,425.43
Timings: account: 0.0s | risk: 3.1s | decide: 26.6s | watchlist: 0.0s | perf: 0.0s

=== Run at 2026-08-15T21:16:26.253186 ===
Current time: 2026-08-15 05:16 PM EDT | Market open (per Alpaca): False | Session: CLOSED
Account value: $99,425.43
Cash: $2,352.13 | Holdings (14): {'CEG': '35.6034 sh (+1.36%)', 'CHD': '97.9637 sh (+0.01%)', 'COHR': '7.9896 sh (-4.69%)', 'CVX': '24.8836 sh (+1.17%)', 'GEHC': '0.6136 sh (-0.28%)', 'IVZ': '306.9138 sh (+1.21%)', 'LMT': '16.3555 sh (+0.32%)', 'MS': '43.8344 sh (-1.63%)', 'MSI': '21.1281 sh (-0.69%)', 'NUE': '36.5544 sh (-1.52%)', 'NVDA': '44.2888 sh (+0.48%)', 'NWS': '303.7199 sh (+1.75%)', 'STLD': '0.9216 sh (-2.54%)', 'WSM': '0.1026 sh (-1.61%)'}
Open orders (1): NVDA sell 44.2888
Risk state: peak $99,703.60 | drawdown 0.28% | today -0.00% | halted: False
Market regime: NEUTRAL (position-size multiplier: 100% incl. circuit breaker 100%)
News: fetched 157, 1 new after dedup, 0 ticker(s) matched.
Quant pre-screen: 48/67 candidates passed.
Gemini proposed 2 trade(s) meeting the conviction bar.
Gemini calls used today (all models combined): 421
Market closed (overnight): queued 12 trade idea(s) for next-morning verification -- nothing submitted yet.
  -> queued WDC buy (conf 92, stop 485.0, tp 560.0)
  -> queued WFC buy (conf 91, stop 86.06, tp 97.76)
  -> queued HAS buy (conf 90, stop 89.34, tp 106.82)
  -> queued HUM buy (conf None, stop 354.57, tp 392.49)
  -> queued WDAY buy (conf 85, stop 188.0, tp 220.0)
  -> queued BAC buy (conf 85, stop 62.5, tp 67.5)
  -> queued HBAN buy (conf 85, stop 17.09, tp 19.45)
  -> queued TDY buy (conf 85, stop 654.41, tp 697.61)
  -> queued TTWO buy (conf 82, stop 228.4, tp 256.29)
  -> queued NDAQ buy (conf None, stop 93.23, tp 97.755)
  -> queued TYL buy (conf None, stop 300.28, tp 334.89)
  -> queued LYB buy (conf None, stop 58.01, tp 64.365)
Dashboard watchlist synced (16 symbols) for news/headlines.
Ending portfolio value: $99,425.43
Trade journal: no closed trades yet
Performance: Total return -0.41% | Max drawdown 12.37% | Daily Sharpe 0.27 | Open positions: 14 | Equity $99,425.43
Timings: account: 0.0s | risk: 0.8s | decide: 2.4s | watchlist: 0.0s | perf: 0.1s

=== Run at 2026-08-15T21:18:25.526011 ===
Current time: 2026-08-15 05:18 PM EDT | Market open (per Alpaca): False | Session: CLOSED
Account value: $99,425.43
Cash: $2,352.13 | Holdings (14): {'CEG': '35.6034 sh (+1.36%)', 'CHD': '97.9637 sh (+0.01%)', 'COHR': '7.9896 sh (-4.69%)', 'CVX': '24.8836 sh (+1.17%)', 'GEHC': '0.6136 sh (-0.28%)', 'IVZ': '306.9138 sh (+1.21%)', 'LMT': '16.3555 sh (+0.32%)', 'MS': '43.8344 sh (-1.63%)', 'MSI': '21.1281 sh (-0.69%)', 'NUE': '36.5544 sh (-1.52%)', 'NVDA': '44.2888 sh (+0.48%)', 'NWS': '303.7199 sh (+1.75%)', 'STLD': '0.9216 sh (-2.54%)', 'WSM': '0.1026 sh (-1.61%)'}
Open orders (1): NVDA sell 44.2888
Risk state: peak $99,703.60 | drawdown 0.28% | today -0.00% | halted: False
Market regime: NEUTRAL (position-size multiplier: 100% incl. circuit breaker 100%)
News: fetched 158, 0 new after dedup, 0 ticker(s) matched.
Quant pre-screen: 48/67 candidates passed.
Gemini proposed 2 trade(s) meeting the conviction bar.
Gemini calls used today (all models combined): 422
Market closed (overnight): queued 12 trade idea(s) for next-morning verification -- nothing submitted yet.
  -> queued WDC buy (conf 92, stop 485.0, tp 560.0)
  -> queued WFC buy (conf 91, stop 86.06, tp 97.76)
  -> queued HAS buy (conf 90, stop 89.34, tp 106.82)
  -> queued HUM buy (conf None, stop 354.57, tp 392.49)
  -> queued WDAY buy (conf 85, stop 188.0, tp 220.0)
  -> queued BAC buy (conf 85, stop 62.5, tp 67.5)
  -> queued HBAN buy (conf 85, stop 17.09, tp 19.45)
  -> queued TDY buy (conf 85, stop 654.41, tp 697.61)
  -> queued TTWO buy (conf 90, stop 232.0, tp 270.0)
  -> queued NDAQ buy (conf None, stop 93.23, tp 97.755)
  -> queued TYL buy (conf 91, stop 310.0, tp 355.0)
  -> queued LYB buy (conf None, stop 58.01, tp 64.365)
Dashboard watchlist synced (16 symbols) for news/headlines.
Ending portfolio value: $99,425.43
Trade journal: no closed trades yet
Performance: Total return -0.41% | Max drawdown 12.37% | Daily Sharpe 0.27 | Open positions: 14 | Equity $99,425.43
Timings: account: 0.0s | risk: 2.3s | decide: 3.4s | watchlist: 0.1s | perf: 0.1s

=== Run at 2026-08-15T21:20:30.265146 ===
Current time: 2026-08-15 05:20 PM EDT | Market open (per Alpaca): False | Session: CLOSED
Account value: $99,425.43
Cash: $2,352.13 | Holdings (14): {'CEG': '35.6034 sh (+1.36%)', 'CHD': '97.9637 sh (+0.01%)', 'COHR': '7.9896 sh (-4.69%)', 'CVX': '24.8836 sh (+1.17%)', 'GEHC': '0.6136 sh (-0.28%)', 'IVZ': '306.9138 sh (+1.21%)', 'LMT': '16.3555 sh (+0.32%)', 'MS': '43.8344 sh (-1.63%)', 'MSI': '21.1281 sh (-0.69%)', 'NUE': '36.5544 sh (-1.52%)', 'NVDA': '44.2888 sh (+0.48%)', 'NWS': '303.7199 sh (+1.75%)', 'STLD': '0.9216 sh (-2.54%)', 'WSM': '0.1026 sh (-1.61%)'}
Open orders (1): NVDA sell 44.2888
Risk state: peak $99,703.60 | drawdown 0.28% | today -0.00% | halted: False
Market regime: NEUTRAL (position-size multiplier: 100% incl. circuit breaker 100%)
News: fetched 158, 0 new after dedup, 0 ticker(s) matched.
Quant pre-screen: 48/67 candidates passed.
Technical fallback (Gemini throttled/unavailable) proposed 51 trade(s) meeting the conviction bar.
Gemini calls used today (all models combined): 422
Market closed (overnight): queued 12 trade idea(s) for next-morning verification -- nothing submitted yet.
  -> queued WDC buy (conf 92, stop 485.0, tp 560.0)
  -> queued WFC buy (conf 91, stop 86.06, tp 97.76)
  -> queued HAS buy (conf 90, stop 89.34, tp 106.82)
  -> queued HUM buy (conf None, stop 354.57, tp 392.49)
  -> queued WDAY buy (conf 85, stop 188.0, tp 220.0)
  -> queued BAC buy (conf 85, stop 62.5, tp 67.5)
  -> queued HBAN buy (conf 85, stop 17.09, tp 19.45)
  -> queued TDY buy (conf None, stop 654.41, tp 697.61)
  -> queued TTWO buy (conf None, stop 228.4, tp 256.285)
  -> queued NDAQ buy (conf None, stop 93.23, tp 97.755)
  -> queued TYL buy (conf None, stop 300.28, tp 334.89)
  -> queued LYB buy (conf None, stop 58.01, tp 64.365)
Dashboard watchlist synced (60 symbols) for news/headlines.
Ending portfolio value: $99,425.43
Trade journal: no closed trades yet
Performance: Total return -0.41% | Max drawdown 12.37% | Daily Sharpe 0.27 | Open positions: 14 | Equity $99,425.43
Timings: account: 0.0s | risk: 3.9s | decide: 22.9s | watchlist: 0.2s | perf: 0.3s

=== Run at 2026-08-15T21:22:26.328639 ===
Current time: 2026-08-15 05:22 PM EDT | Market open (per Alpaca): False | Session: CLOSED
Account value: $99,425.43
Cash: $2,352.13 | Holdings (14): {'CEG': '35.6034 sh (+1.36%)', 'CHD': '97.9637 sh (+0.01%)', 'COHR': '7.9896 sh (-4.69%)', 'CVX': '24.8836 sh (+1.17%)', 'GEHC': '0.6136 sh (-0.28%)', 'IVZ': '306.9138 sh (+1.21%)', 'LMT': '16.3555 sh (+0.32%)', 'MS': '43.8344 sh (-1.63%)', 'MSI': '21.1281 sh (-0.69%)', 'NUE': '36.5544 sh (-1.52%)', 'NVDA': '44.2888 sh (+0.48%)', 'NWS': '303.7199 sh (+1.75%)', 'STLD': '0.9216 sh (-2.54%)', 'WSM': '0.1026 sh (-1.61%)'}
Open orders (1): NVDA sell 44.2888
Risk state: peak $99,703.60 | drawdown 0.28% | today -0.00% | halted: False
Market regime: NEUTRAL (position-size multiplier: 100% incl. circuit breaker 100%)
News: fetched 120, 0 new after dedup, 0 ticker(s) matched.
Quant pre-screen: 48/67 candidates passed.
Technical fallback (Gemini throttled/unavailable) proposed 51 trade(s) meeting the conviction bar.
Gemini calls used today (all models combined): 422
Market closed (overnight): queued 12 trade idea(s) for next-morning verification -- nothing submitted yet.
  -> queued WDC buy (conf 92, stop 485.0, tp 560.0)
  -> queued WFC buy (conf 91, stop 86.06, tp 97.76)
  -> queued HAS buy (conf 90, stop 89.34, tp 106.82)
  -> queued HUM buy (conf None, stop 354.57, tp 392.49)
  -> queued WDAY buy (conf 85, stop 188.0, tp 220.0)
  -> queued BAC buy (conf 85, stop 62.5, tp 67.5)
  -> queued HBAN buy (conf 85, stop 17.09, tp 19.45)
  -> queued TDY buy (conf None, stop 654.41, tp 697.61)
  -> queued TTWO buy (conf None, stop 228.4, tp 256.285)
  -> queued NDAQ buy (conf None, stop 93.23, tp 97.755)
  -> queued TYL buy (conf None, stop 300.28, tp 334.89)
  -> queued LYB buy (conf None, stop 58.01, tp 64.365)
Dashboard watchlist synced (60 symbols) for news/headlines.
Ending portfolio value: $99,425.43
Trade journal: no closed trades yet
Performance: Total return -0.41% | Max drawdown 12.37% | Daily Sharpe 0.27 | Open positions: 14 | Equity $99,425.43
Timings: account: 0.0s | risk: 0.8s | decide: 26.1s | watchlist: 0.0s | perf: 0.1s

=== Run at 2026-08-15T21:24:28.698476 ===
Current time: 2026-08-15 05:24 PM EDT | Market open (per Alpaca): False | Session: CLOSED
Account value: $99,425.43
Cash: $2,352.13 | Holdings (14): {'CEG': '35.6034 sh (+1.36%)', 'CHD': '97.9637 sh (+0.01%)', 'COHR': '7.9896 sh (-4.69%)', 'CVX': '24.8836 sh (+1.17%)', 'GEHC': '0.6136 sh (-0.28%)', 'IVZ': '306.9138 sh (+1.21%)', 'LMT': '16.3555 sh (+0.32%)', 'MS': '43.8344 sh (-1.63%)', 'MSI': '21.1281 sh (-0.69%)', 'NUE': '36.5544 sh (-1.52%)', 'NVDA': '44.2888 sh (+0.48%)', 'NWS': '303.7199 sh (+1.75%)', 'STLD': '0.9216 sh (-2.54%)', 'WSM': '0.1026 sh (-1.61%)'}
Open orders (1): NVDA sell 44.2888
Risk state: peak $99,703.60 | drawdown 0.28% | today -0.00% | halted: False
Market regime: NEUTRAL (position-size multiplier: 100% incl. circuit breaker 100%)
News: fetched 158, 2 new after dedup, 0 ticker(s) matched.
Quant pre-screen: 48/67 candidates passed.
Gemini proposed 3 trade(s) meeting the conviction bar.
Gemini calls used today (all models combined): 423
Market closed (overnight): queued 12 trade idea(s) for next-morning verification -- nothing submitted yet.
  -> queued WDC buy (conf 92, stop 485.0, tp 560.0)
  -> queued WFC buy (conf 91, stop 86.06, tp 97.76)
  -> queued HAS buy (conf 90, stop 89.34, tp 106.82)
  -> queued HUM buy (conf None, stop 354.57, tp 392.49)
  -> queued WDAY buy (conf 85, stop 188.0, tp 220.0)
  -> queued BAC buy (conf 85, stop 62.5, tp 67.5)
  -> queued HBAN buy (conf 85, stop 17.09, tp 19.45)
  -> queued TDY buy (conf 92, stop 654.41, tp 715.0000000000001)
  -> queued TTWO buy (conf 91, stop 228.4, tp 265.49)
  -> queued NDAQ buy (conf None, stop 93.23, tp 97.755)
  -> queued TYL buy (conf 90, stop 300.28, tp 350.0)
  -> queued LYB buy (conf None, stop 58.01, tp 64.365)
Dashboard watchlist synced (17 symbols) for news/headlines.
Ending portfolio value: $99,425.43
Trade journal: no closed trades yet
Performance: Total return -0.41% | Max drawdown 12.37% | Daily Sharpe 0.27 | Open positions: 14 | Equity $99,425.43
Timings: account: 0.0s | risk: 1.2s | decide: 22.9s | watchlist: 0.0s | perf: 0.1s

=== Run at 2026-08-15T21:26:26.513247 ===
Current time: 2026-08-15 05:26 PM EDT | Market open (per Alpaca): False | Session: CLOSED
Account value: $99,425.43
Cash: $2,352.13 | Holdings (14): {'CEG': '35.6034 sh (+1.36%)', 'CHD': '97.9637 sh (+0.01%)', 'COHR': '7.9896 sh (-4.69%)', 'CVX': '24.8836 sh (+1.17%)', 'GEHC': '0.6136 sh (-0.28%)', 'IVZ': '306.9138 sh (+1.21%)', 'LMT': '16.3555 sh (+0.32%)', 'MS': '43.8344 sh (-1.63%)', 'MSI': '21.1281 sh (-0.69%)', 'NUE': '36.5544 sh (-1.52%)', 'NVDA': '44.2888 sh (+0.48%)', 'NWS': '303.7199 sh (+1.75%)', 'STLD': '0.9216 sh (-2.54%)', 'WSM': '0.1026 sh (-1.61%)'}
Open orders (1): NVDA sell 44.2888
Risk state: peak $99,703.60 | drawdown 0.28% | today -0.00% | halted: False
Market regime: NEUTRAL (position-size multiplier: 100% incl. circuit breaker 100%)
News: fetched 157, 0 new after dedup, 0 ticker(s) matched.
Quant pre-screen: 48/67 candidates passed.
Gemini proposed 2 trade(s) meeting the conviction bar.
Gemini calls used today (all models combined): 424
Market closed (overnight): queued 12 trade idea(s) for next-morning verification -- nothing submitted yet.
  -> queued WDC buy (conf 92, stop 485.0, tp 560.0)
  -> queued WFC buy (conf 91, stop 86.06, tp 97.76)
  -> queued HAS buy (conf 90, stop 89.34, tp 106.82)
  -> queued HUM buy (conf None, stop 354.57, tp 392.49)
  -> queued WDAY buy (conf 85, stop 188.0, tp 220.0)
  -> queued BAC buy (conf 85, stop 62.5, tp 67.5)
  -> queued HBAN buy (conf 85, stop 17.09, tp 19.45)
  -> queued TDY buy (conf 85, stop 654.41, tp 715.0)
  -> queued TTWO buy (conf 80, stop 228.4, tp 265.0)
  -> queued NDAQ buy (conf None, stop 93.23, tp 97.755)
  -> queued TYL buy (conf 90, stop 300.28, tp 350.0)
  -> queued LYB buy (conf None, stop 58.01, tp 64.365)
Dashboard watchlist synced (16 symbols) for news/headlines.
Ending portfolio value: $99,425.43
Trade journal: no closed trades yet
Performance: Total return -0.41% | Max drawdown 12.37% | Daily Sharpe 0.27 | Open positions: 14 | Equity $99,425.43
Timings: account: 0.0s | risk: 0.8s | decide: 2.3s | watchlist: 0.0s | perf: 0.1s

=== Run at 2026-08-15T21:28:28.274151 ===
Current time: 2026-08-15 05:28 PM EDT | Market open (per Alpaca): False | Session: CLOSED
Account value: $99,425.43
Cash: $2,352.13 | Holdings (14): {'CEG': '35.6034 sh (+1.36%)', 'CHD': '97.9637 sh (+0.01%)', 'COHR': '7.9896 sh (-4.69%)', 'CVX': '24.8836 sh (+1.17%)', 'GEHC': '0.6136 sh (-0.28%)', 'IVZ': '306.9138 sh (+1.21%)', 'LMT': '16.3555 sh (+0.32%)', 'MS': '43.8344 sh (-1.63%)', 'MSI': '21.1281 sh (-0.69%)', 'NUE': '36.5544 sh (-1.52%)', 'NVDA': '44.2888 sh (+0.48%)', 'NWS': '303.7199 sh (+1.75%)', 'STLD': '0.9216 sh (-2.54%)', 'WSM': '0.1026 sh (-1.61%)'}
Open orders (1): NVDA sell 44.2888
Risk state: peak $99,703.60 | drawdown 0.28% | today -0.00% | halted: False
Market regime: NEUTRAL (position-size multiplier: 100% incl. circuit breaker 100%)
News: fetched 157, 1 new after dedup, 0 ticker(s) matched.
Quant pre-screen: 48/67 candidates passed.
Gemini proposed 3 trade(s) meeting the conviction bar.
Gemini calls used today (all models combined): 425
Market closed (overnight): queued 12 trade idea(s) for next-morning verification -- nothing submitted yet.
  -> queued WDC buy (conf 92, stop 485.0, tp 560.0)
  -> queued WFC buy (conf 91, stop 86.06, tp 97.76)
  -> queued HAS buy (conf 90, stop 89.34, tp 106.82)
  -> queued HUM buy (conf None, stop 354.57, tp 392.49)
  -> queued WDAY buy (conf 85, stop 188.0, tp 220.0)
  -> queued BAC buy (conf 85, stop 62.5, tp 67.5)
  -> queued HBAN buy (conf 85, stop 17.09, tp 19.45)
  -> queued TDY buy (conf 85, stop 654.41, tp 715.0)
  -> queued TTWO buy (conf 88, stop 235.0, tp 270.0)
  -> queued NDAQ buy (conf None, stop 93.23, tp 97.755)
  -> queued TYL buy (conf 92, stop 310.0, tp 355.0)
  -> queued LYB buy (conf 85, stop 61.0, tp 69.0)
Dashboard watchlist synced (17 symbols) for news/headlines.
Ending portfolio value: $99,425.43
Trade journal: no closed trades yet
Performance: Total return -0.41% | Max drawdown 12.37% | Daily Sharpe 0.27 | Open positions: 14 | Equity $99,425.43
Timings: account: 0.0s | risk: 3.6s | decide: 4.0s | watchlist: 0.1s | perf: 0.2s

=== Run at 2026-08-15T21:30:35.777719 ===
Current time: 2026-08-15 05:30 PM EDT | Market open (per Alpaca): False | Session: CLOSED
Account value: $99,425.43
Cash: $2,352.13 | Holdings (14): {'CEG': '35.6034 sh (+1.36%)', 'CHD': '97.9637 sh (+0.01%)', 'COHR': '7.9896 sh (-4.69%)', 'CVX': '24.8836 sh (+1.17%)', 'GEHC': '0.6136 sh (-0.28%)', 'IVZ': '306.9138 sh (+1.21%)', 'LMT': '16.3555 sh (+0.32%)', 'MS': '43.8344 sh (-1.63%)', 'MSI': '21.1281 sh (-0.69%)', 'NUE': '36.5544 sh (-1.52%)', 'NVDA': '44.2888 sh (+0.48%)', 'NWS': '303.7199 sh (+1.75%)', 'STLD': '0.9216 sh (-2.54%)', 'WSM': '0.1026 sh (-1.61%)'}
Open orders (1): NVDA sell 44.2888
Risk state: peak $99,703.60 | drawdown 0.28% | today -0.00% | halted: False
Market regime: NEUTRAL (position-size multiplier: 100% incl. circuit breaker 100%)
News: fetched 157, 3 new after dedup, 0 ticker(s) matched.
Quant pre-screen: 48/67 candidates passed.
Gemini proposed 2 trade(s) meeting the conviction bar.
Gemini calls used today (all models combined): 426
Market closed (overnight): queued 12 trade idea(s) for next-morning verification -- nothing submitted yet.
  -> queued WDC buy (conf 92, stop 485.0, tp 560.0)
  -> queued WFC buy (conf 91, stop 86.06, tp 97.76)
  -> queued HAS buy (conf 90, stop 89.34, tp 106.82)
  -> queued HUM buy (conf None, stop 354.57, tp 392.49)
  -> queued WDAY buy (conf 85, stop 188.0, tp 220.0)
  -> queued BAC buy (conf 85, stop 62.5, tp 67.5)
  -> queued HBAN buy (conf 85, stop 17.09, tp 19.45)
  -> queued TDY buy (conf 85, stop 654.41, tp 710.0000000000001)
  -> queued TTWO buy (conf 85, stop 228.4, tp 265.49)
  -> queued NDAQ buy (conf None, stop 93.23, tp 97.755)
  -> queued TYL buy (conf 92, stop 310.0, tp 355.0)
  -> queued LYB buy (conf 85, stop 61.0, tp 69.0)
Dashboard watchlist synced (16 symbols) for news/headlines.
Ending portfolio value: $99,425.43
Trade journal: no closed trades yet
Performance: Total return -0.41% | Max drawdown 12.37% | Daily Sharpe 0.27 | Open positions: 14 | Equity $99,425.43
Timings: account: 0.0s | risk: 2.9s | decide: 3.8s | watchlist: 0.1s | perf: 0.2s

=== Run at 2026-08-15T21:32:27.384406 ===
Current time: 2026-08-15 05:32 PM EDT | Market open (per Alpaca): False | Session: CLOSED
Account value: $99,425.43
Cash: $2,352.13 | Holdings (14): {'CEG': '35.6034 sh (+1.36%)', 'CHD': '97.9637 sh (+0.01%)', 'COHR': '7.9896 sh (-4.69%)', 'CVX': '24.8836 sh (+1.17%)', 'GEHC': '0.6136 sh (-0.28%)', 'IVZ': '306.9138 sh (+1.21%)', 'LMT': '16.3555 sh (+0.32%)', 'MS': '43.8344 sh (-1.63%)', 'MSI': '21.1281 sh (-0.69%)', 'NUE': '36.5544 sh (-1.52%)', 'NVDA': '44.2888 sh (+0.48%)', 'NWS': '303.7199 sh (+1.75%)', 'STLD': '0.9216 sh (-2.54%)', 'WSM': '0.1026 sh (-1.61%)'}
Open orders (1): NVDA sell 44.2888
Risk state: peak $99,703.60 | drawdown 0.28% | today -0.00% | halted: False
Market regime: NEUTRAL (position-size multiplier: 100% incl. circuit breaker 100%)
News: fetched 158, 3 new after dedup, 0 ticker(s) matched.
Quant pre-screen: 48/67 candidates passed.
Gemini proposed 3 trade(s) meeting the conviction bar.
Gemini calls used today (all models combined): 427
Market closed (overnight): queued 12 trade idea(s) for next-morning verification -- nothing submitted yet.
  -> queued WDC buy (conf 92, stop 485.0, tp 560.0)
  -> queued WFC buy (conf 91, stop 86.06, tp 97.76)
  -> queued HAS buy (conf 90, stop 89.34, tp 106.82)
  -> queued HUM buy (conf None, stop 354.57, tp 392.49)
  -> queued WDAY buy (conf 85, stop 188.0, tp 220.0)
  -> queued BAC buy (conf 85, stop 62.5, tp 67.5)
  -> queued HBAN buy (conf 85, stop 17.09, tp 19.45)
  -> queued TDY buy (conf 88, stop 654.4, tp 710.0)
  -> queued TTWO buy (conf 91, stop 231.0, tp 265.0)
  -> queued NDAQ buy (conf None, stop 93.23, tp 97.755)
  -> queued TYL buy (conf 92, stop 310.0, tp 355.0)
  -> queued LYB buy (conf 85, stop 59.5, tp 67.5)
Dashboard watchlist synced (17 symbols) for news/headlines.
Ending portfolio value: $99,425.43
Trade journal: no closed trades yet
Performance: Total return -0.41% | Max drawdown 12.37% | Daily Sharpe 0.27 | Open positions: 14 | Equity $99,425.43
Timings: account: 0.0s | risk: 0.7s | decide: 2.1s | watchlist: 0.0s | perf: 0.1s

=== Run at 2026-08-15T21:34:30.221274 ===
Current time: 2026-08-15 05:34 PM EDT | Market open (per Alpaca): False | Session: CLOSED
Account value: $99,425.43
Cash: $2,352.13 | Holdings (14): {'CEG': '35.6034 sh (+1.36%)', 'CHD': '97.9637 sh (+0.01%)', 'COHR': '7.9896 sh (-4.69%)', 'CVX': '24.8836 sh (+1.17%)', 'GEHC': '0.6136 sh (-0.28%)', 'IVZ': '306.9138 sh (+1.21%)', 'LMT': '16.3555 sh (+0.32%)', 'MS': '43.8344 sh (-1.63%)', 'MSI': '21.1281 sh (-0.69%)', 'NUE': '36.5544 sh (-1.52%)', 'NVDA': '44.2888 sh (+0.48%)', 'NWS': '303.7199 sh (+1.75%)', 'STLD': '0.9216 sh (-2.54%)', 'WSM': '0.1026 sh (-1.61%)'}
Open orders (1): NVDA sell 44.2888
Risk state: peak $99,703.60 | drawdown 0.28% | today -0.00% | halted: False
Market regime: NEUTRAL (position-size multiplier: 100% incl. circuit breaker 100%)
News: fetched 158, 0 new after dedup, 0 ticker(s) matched.
Quant pre-screen: 48/67 candidates passed.
Technical fallback (Gemini throttled/unavailable) proposed 51 trade(s) meeting the conviction bar.
Gemini calls used today (all models combined): 427
Market closed (overnight): queued 12 trade idea(s) for next-morning verification -- nothing submitted yet.
  -> queued WDC buy (conf 92, stop 485.0, tp 560.0)
  -> queued WFC buy (conf 91, stop 86.06, tp 97.76)
  -> queued HAS buy (conf 90, stop 89.34, tp 106.82)
  -> queued HUM buy (conf None, stop 354.57, tp 392.49)
  -> queued WDAY buy (conf 85, stop 188.0, tp 220.0)
  -> queued BAC buy (conf 85, stop 62.5, tp 67.5)
  -> queued HBAN buy (conf 85, stop 17.09, tp 19.45)
  -> queued TDY buy (conf None, stop 654.41, tp 697.61)
  -> queued TTWO buy (conf None, stop 228.4, tp 256.285)
  -> queued NDAQ buy (conf None, stop 93.23, tp 97.755)
  -> queued TYL buy (conf None, stop 300.28, tp 334.89)
  -> queued LYB buy (conf None, stop 58.01, tp 64.365)
Dashboard watchlist synced (60 symbols) for news/headlines.
Ending portfolio value: $99,425.43
Trade journal: no closed trades yet
Performance: Total return -0.41% | Max drawdown 12.37% | Daily Sharpe 0.27 | Open positions: 14 | Equity $99,425.43
Timings: account: 0.0s | risk: 4.0s | decide: 23.0s | watchlist: 0.2s | perf: 0.3s

=== Run at 2026-08-15T21:36:27.913671 ===
Current time: 2026-08-15 05:36 PM EDT | Market open (per Alpaca): False | Session: CLOSED
Account value: $99,425.43
Cash: $2,352.13 | Holdings (14): {'CEG': '35.6034 sh (+1.36%)', 'CHD': '97.9637 sh (+0.01%)', 'COHR': '7.9896 sh (-4.69%)', 'CVX': '24.8836 sh (+1.17%)', 'GEHC': '0.6136 sh (-0.28%)', 'IVZ': '306.9138 sh (+1.21%)', 'LMT': '16.3555 sh (+0.32%)', 'MS': '43.8344 sh (-1.63%)', 'MSI': '21.1281 sh (-0.69%)', 'NUE': '36.5544 sh (-1.52%)', 'NVDA': '44.2888 sh (+0.48%)', 'NWS': '303.7199 sh (+1.75%)', 'STLD': '0.9216 sh (-2.54%)', 'WSM': '0.1026 sh (-1.61%)'}
Open orders (1): NVDA sell 44.2888
Risk state: peak $99,703.60 | drawdown 0.28% | today -0.00% | halted: False
Market regime: NEUTRAL (position-size multiplier: 100% incl. circuit breaker 100%)
News: fetched 158, 0 new after dedup, 0 ticker(s) matched.
Quant pre-screen: 48/67 candidates passed.
Gemini proposed 1 trade(s) meeting the conviction bar.
Gemini calls used today (all models combined): 428
Market closed (overnight): queued 12 trade idea(s) for next-morning verification -- nothing submitted yet.
  -> queued WDC buy (conf 92, stop 485.0, tp 560.0)
  -> queued WFC buy (conf 91, stop 86.06, tp 97.76)
  -> queued HAS buy (conf 90, stop 89.34, tp 106.82)
  -> queued HUM buy (conf None, stop 354.57, tp 392.49)
  -> queued WDAY buy (conf 85, stop 188.0, tp 220.0)
  -> queued BAC buy (conf 85, stop 62.5, tp 67.5)
  -> queued HBAN buy (conf 85, stop 17.09, tp 19.45)
  -> queued TDY buy (conf 85, stop 654.41, tp None)
  -> queued TTWO buy (conf None, stop 228.4, tp 256.285)
  -> queued NDAQ buy (conf None, stop 93.23, tp 97.755)
  -> queued TYL buy (conf None, stop 300.28, tp 334.89)
  -> queued LYB buy (conf None, stop 58.01, tp 64.365)
Dashboard watchlist synced (15 symbols) for news/headlines.
Ending portfolio value: $99,425.43
Trade journal: no closed trades yet
Performance: Total return -0.41% | Max drawdown 12.37% | Daily Sharpe 0.27 | Open positions: 14 | Equity $99,425.43
Timings: account: 0.0s | risk: 3.7s | decide: 8.3s | watchlist: 0.2s | perf: 0.2s

=== Run at 2026-08-15T21:38:25.731092 ===
Current time: 2026-08-15 05:38 PM EDT | Market open (per Alpaca): False | Session: CLOSED
Account value: $99,425.43
Cash: $2,352.13 | Holdings (14): {'CEG': '35.6034 sh (+1.36%)', 'CHD': '97.9637 sh (+0.01%)', 'COHR': '7.9896 sh (-4.69%)', 'CVX': '24.8836 sh (+1.17%)', 'GEHC': '0.6136 sh (-0.28%)', 'IVZ': '306.9138 sh (+1.21%)', 'LMT': '16.3555 sh (+0.32%)', 'MS': '43.8344 sh (-1.63%)', 'MSI': '21.1281 sh (-0.69%)', 'NUE': '36.5544 sh (-1.52%)', 'NVDA': '44.2888 sh (+0.48%)', 'NWS': '303.7199 sh (+1.75%)', 'STLD': '0.9216 sh (-2.54%)', 'WSM': '0.1026 sh (-1.61%)'}
Open orders (1): NVDA sell 44.2888
Risk state: peak $99,703.60 | drawdown 0.28% | today -0.00% | halted: False
Market regime: NEUTRAL (position-size multiplier: 100% incl. circuit breaker 100%)
News: fetched 158, 1 new after dedup, 0 ticker(s) matched.
Quant pre-screen: 48/67 candidates passed.
Gemini proposed 3 trade(s) meeting the conviction bar.
Gemini calls used today (all models combined): 429
Market closed (overnight): queued 12 trade idea(s) for next-morning verification -- nothing submitted yet.
  -> queued WDC buy (conf 92, stop 485.0, tp 560.0)
  -> queued WFC buy (conf 91, stop 86.06, tp 97.76)
  -> queued HAS buy (conf 90, stop 89.34, tp 106.82)
  -> queued HUM buy (conf None, stop 354.57, tp 392.49)
  -> queued WDAY buy (conf 85, stop 188.0, tp 220.0)
  -> queued BAC buy (conf 85, stop 62.5, tp 67.5)
  -> queued HBAN buy (conf 85, stop 17.09, tp 19.45)
  -> queued TDY buy (conf 90, stop 655.0, tp 720.0)
  -> queued TTWO buy (conf 92, stop 235.0, tp 270.0)
  -> queued NDAQ buy (conf None, stop 93.23, tp 97.755)
  -> queued TYL buy (conf 90, stop 312.0, tp 355.0)
  -> queued LYB buy (conf None, stop 58.01, tp 64.365)
Dashboard watchlist synced (17 symbols) for news/headlines.
Ending portfolio value: $99,425.43
Trade journal: no closed trades yet
Performance: Total return -0.41% | Max drawdown 12.37% | Daily Sharpe 0.27 | Open positions: 14 | Equity $99,425.43
Timings: account: 0.0s | risk: 1.1s | decide: 7.0s | watchlist: 0.0s | perf: 0.1s

=== Run at 2026-08-15T21:40:34.153300 ===
Current time: 2026-08-15 05:40 PM EDT | Market open (per Alpaca): False | Session: CLOSED
Account value: $99,425.43
Cash: $2,352.13 | Holdings (14): {'CEG': '35.6034 sh (+1.36%)', 'CHD': '97.9637 sh (+0.01%)', 'COHR': '7.9896 sh (-4.69%)', 'CVX': '24.8836 sh (+1.17%)', 'GEHC': '0.6136 sh (-0.28%)', 'IVZ': '306.9138 sh (+1.21%)', 'LMT': '16.3555 sh (+0.32%)', 'MS': '43.8344 sh (-1.63%)', 'MSI': '21.1281 sh (-0.69%)', 'NUE': '36.5544 sh (-1.52%)', 'NVDA': '44.2888 sh (+0.48%)', 'NWS': '303.7199 sh (+1.75%)', 'STLD': '0.9216 sh (-2.54%)', 'WSM': '0.1026 sh (-1.61%)'}
Open orders (1): NVDA sell 44.2888
Risk state: peak $99,703.60 | drawdown 0.28% | today -0.00% | halted: False
Market regime: NEUTRAL (position-size multiplier: 100% incl. circuit breaker 100%)
News: fetched 158, 1 new after dedup, 0 ticker(s) matched.
Quant pre-screen: 48/67 candidates passed.
Gemini proposed 3 trade(s) meeting the conviction bar.
Gemini calls used today (all models combined): 430
Market closed (overnight): queued 12 trade idea(s) for next-morning verification -- nothing submitted yet.
  -> queued WDC buy (conf 92, stop 485.0, tp 560.0)
  -> queued WFC buy (conf 91, stop 86.06, tp 97.76)
  -> queued HAS buy (conf 90, stop 89.34, tp 106.82)
  -> queued HUM buy (conf None, stop 354.57, tp 392.49)
  -> queued WDAY buy (conf 85, stop 188.0, tp 220.0)
  -> queued BAC buy (conf 85, stop 62.5, tp 67.5)
  -> queued HBAN buy (conf 85, stop 17.09, tp 19.45)
  -> queued TDY buy (conf 85, stop 654.41, tp 720.0)
  -> queued TTWO buy (conf 91, stop 228.4, tp 275.0)
  -> queued NDAQ buy (conf None, stop 93.23, tp 97.755)
  -> queued TYL buy (conf 92, stop 300.28, tp 360.0)
  -> queued LYB buy (conf None, stop 58.01, tp 64.365)
Dashboard watchlist synced (17 symbols) for news/headlines.
Ending portfolio value: $99,425.43
Trade journal: no closed trades yet
Performance: Total return -0.41% | Max drawdown 12.37% | Daily Sharpe 0.27 | Open positions: 14 | Equity $99,425.43
Timings: account: 0.0s | risk: 1.3s | decide: 23.0s | watchlist: 0.1s | perf: 0.1s

=== Run at 2026-08-15T21:42:25.403882 ===
Current time: 2026-08-15 05:42 PM EDT | Market open (per Alpaca): False | Session: CLOSED
Account value: $99,425.43
Cash: $2,352.13 | Holdings (14): {'CEG': '35.6034 sh (+1.36%)', 'CHD': '97.9637 sh (+0.01%)', 'COHR': '7.9896 sh (-4.69%)', 'CVX': '24.8836 sh (+1.17%)', 'GEHC': '0.6136 sh (-0.28%)', 'IVZ': '306.9138 sh (+1.21%)', 'LMT': '16.3555 sh (+0.32%)', 'MS': '43.8344 sh (-1.63%)', 'MSI': '21.1281 sh (-0.69%)', 'NUE': '36.5544 sh (-1.52%)', 'NVDA': '44.2888 sh (+0.48%)', 'NWS': '303.7199 sh (+1.75%)', 'STLD': '0.9216 sh (-2.54%)', 'WSM': '0.1026 sh (-1.61%)'}
Open orders (1): NVDA sell 44.2888
Risk state: peak $99,703.60 | drawdown 0.28% | today -0.00% | halted: False
Market regime: NEUTRAL (position-size multiplier: 100% incl. circuit breaker 100%)
News: fetched 158, 3 new after dedup, 0 ticker(s) matched.
Quant pre-screen: 48/67 candidates passed.
Gemini proposed 2 trade(s) meeting the conviction bar.
Gemini calls used today (all models combined): 431
Market closed (overnight): queued 12 trade idea(s) for next-morning verification -- nothing submitted yet.
  -> queued WDC buy (conf 92, stop 485.0, tp 560.0)
  -> queued WFC buy (conf 91, stop 86.06, tp 97.76)
  -> queued HAS buy (conf 90, stop 89.34, tp 106.82)
  -> queued HUM buy (conf None, stop 354.57, tp 392.49)
  -> queued WDAY buy (conf 85, stop 188.0, tp 220.0)
  -> queued BAC buy (conf 85, stop 62.5, tp 67.5)
  -> queued HBAN buy (conf 85, stop 17.09, tp 19.45)
  -> queued TDY buy (conf 85, stop 654.41, tp 720.0)
  -> queued TTWO buy (conf 91, stop 230.0, tp None)
  -> queued NDAQ buy (conf None, stop 93.23, tp 97.755)
  -> queued TYL buy (conf 90, stop 310.0, tp 350.0)
  -> queued LYB buy (conf None, stop 58.01, tp 64.365)
Dashboard watchlist synced (16 symbols) for news/headlines.
Ending portfolio value: $99,425.43
Trade journal: no closed trades yet
Performance: Total return -0.41% | Max drawdown 12.37% | Daily Sharpe 0.27 | Open positions: 14 | Equity $99,425.43
Timings: account: 0.0s | risk: 1.0s | decide: 1.9s | watchlist: 0.0s | perf: 0.1s

=== Run at 2026-08-15T21:44:26.397685 ===
Current time: 2026-08-15 05:44 PM EDT | Market open (per Alpaca): False | Session: CLOSED
Account value: $99,425.43
Cash: $2,352.13 | Holdings (14): {'CEG': '35.6034 sh (+1.36%)', 'CHD': '97.9637 sh (+0.01%)', 'COHR': '7.9896 sh (-4.69%)', 'CVX': '24.8836 sh (+1.17%)', 'GEHC': '0.6136 sh (-0.28%)', 'IVZ': '306.9138 sh (+1.21%)', 'LMT': '16.3555 sh (+0.32%)', 'MS': '43.8344 sh (-1.63%)', 'MSI': '21.1281 sh (-0.69%)', 'NUE': '36.5544 sh (-1.52%)', 'NVDA': '44.2888 sh (+0.48%)', 'NWS': '303.7199 sh (+1.75%)', 'STLD': '0.9216 sh (-2.54%)', 'WSM': '0.1026 sh (-1.61%)'}
Open orders (1): NVDA sell 44.2888
Risk state: peak $99,703.60 | drawdown 0.28% | today -0.00% | halted: False
Market regime: NEUTRAL (position-size multiplier: 100% incl. circuit breaker 100%)
News: fetched 158, 0 new after dedup, 0 ticker(s) matched.
Quant pre-screen: 48/67 candidates passed.
Gemini proposed 2 trade(s) meeting the conviction bar.
Gemini calls used today (all models combined): 432
Market closed (overnight): queued 12 trade idea(s) for next-morning verification -- nothing submitted yet.
  -> queued WDC buy (conf 92, stop 485.0, tp 560.0)
  -> queued WFC buy (conf 91, stop 86.06, tp 97.76)
  -> queued HAS buy (conf 90, stop 89.34, tp 106.82)
  -> queued HUM buy (conf None, stop 354.57, tp 392.49)
  -> queued WDAY buy (conf 85, stop 188.0, tp 220.0)
  -> queued BAC buy (conf 85, stop 62.5, tp 67.5)
  -> queued HBAN buy (conf 85, stop 17.09, tp 19.45)
  -> queued TDY buy (conf 85, stop 654.41, tp 715.0)
  -> queued TTWO buy (conf 80, stop 228.4, tp 265.0)
  -> queued NDAQ buy (conf None, stop 93.23, tp 97.755)
  -> queued TYL buy (conf 90, stop 310.0, tp 350.0)
  -> queued LYB buy (conf None, stop 58.01, tp 64.365)
Dashboard watchlist synced (16 symbols) for news/headlines.
Ending portfolio value: $99,425.43
Trade journal: no closed trades yet
Performance: Total return -0.41% | Max drawdown 12.37% | Daily Sharpe 0.27 | Open positions: 14 | Equity $99,425.43
Timings: account: 0.0s | risk: 2.9s | decide: 4.2s | watchlist: 0.1s | perf: 0.2s

=== Run at 2026-08-15T21:46:23.380274 ===
Current time: 2026-08-15 05:46 PM EDT | Market open (per Alpaca): False | Session: CLOSED
Account value: $99,425.43
Cash: $2,352.13 | Holdings (14): {'CEG': '35.6034 sh (+1.36%)', 'CHD': '97.9637 sh (+0.01%)', 'COHR': '7.9896 sh (-4.69%)', 'CVX': '24.8836 sh (+1.17%)', 'GEHC': '0.6136 sh (-0.28%)', 'IVZ': '306.9138 sh (+1.21%)', 'LMT': '16.3555 sh (+0.32%)', 'MS': '43.8344 sh (-1.63%)', 'MSI': '21.1281 sh (-0.69%)', 'NUE': '36.5544 sh (-1.52%)', 'NVDA': '44.2888 sh (+0.48%)', 'NWS': '303.7199 sh (+1.75%)', 'STLD': '0.9216 sh (-2.54%)', 'WSM': '0.1026 sh (-1.61%)'}
Open orders (1): NVDA sell 44.2888
Risk state: peak $99,703.60 | drawdown 0.28% | today -0.00% | halted: False
Market regime: NEUTRAL (position-size multiplier: 100% incl. circuit breaker 100%)
News: fetched 158, 1 new after dedup, 0 ticker(s) matched.
Quant pre-screen: 48/67 candidates passed.
Gemini proposed 3 trade(s) meeting the conviction bar.
Gemini calls used today (all models combined): 433
Market closed (overnight): queued 12 trade idea(s) for next-morning verification -- nothing submitted yet.
  -> queued WDC buy (conf 92, stop 485.0, tp 560.0)
  -> queued WFC buy (conf 91, stop 86.06, tp 97.76)
  -> queued HAS buy (conf 90, stop 89.34, tp 106.82)
  -> queued HUM buy (conf None, stop 354.57, tp 392.49)
  -> queued WDAY buy (conf 85, stop 188.0, tp 220.0)
  -> queued BAC buy (conf 85, stop 62.5, tp 67.5)
  -> queued HBAN buy (conf 85, stop 17.09, tp 19.45)
  -> queued TDY buy (conf 90, stop 664.68, tp 710.4)
  -> queued TTWO buy (conf 91, stop 239.15, tp 262.4)
  -> queued NDAQ buy (conf None, stop 93.23, tp 97.755)
  -> queued TYL buy (conf 92, stop 315.49, tp 355.03)
  -> queued LYB buy (conf None, stop 58.01, tp 64.365)
Dashboard watchlist synced (17 symbols) for news/headlines.
Ending portfolio value: $99,425.43
Trade journal: no closed trades yet
Performance: Total return -0.41% | Max drawdown 12.37% | Daily Sharpe 0.27 | Open positions: 14 | Equity $99,425.43
Timings: account: 0.0s | risk: 1.1s | decide: 2.3s | watchlist: 0.0s | perf: 0.1s

=== Run at 2026-08-15T21:48:27.821563 ===
Current time: 2026-08-15 05:48 PM EDT | Market open (per Alpaca): False | Session: CLOSED
Account value: $99,425.43
Cash: $2,352.13 | Holdings (14): {'CEG': '35.6034 sh (+1.36%)', 'CHD': '97.9637 sh (+0.01%)', 'COHR': '7.9896 sh (-4.69%)', 'CVX': '24.8836 sh (+1.17%)', 'GEHC': '0.6136 sh (-0.28%)', 'IVZ': '306.9138 sh (+1.21%)', 'LMT': '16.3555 sh (+0.32%)', 'MS': '43.8344 sh (-1.63%)', 'MSI': '21.1281 sh (-0.69%)', 'NUE': '36.5544 sh (-1.52%)', 'NVDA': '44.2888 sh (+0.48%)', 'NWS': '303.7199 sh (+1.75%)', 'STLD': '0.9216 sh (-2.54%)', 'WSM': '0.1026 sh (-1.61%)'}
Open orders (1): NVDA sell 44.2888
Risk state: peak $99,703.60 | drawdown 0.28% | today -0.00% | halted: False
Market regime: NEUTRAL (position-size multiplier: 100% incl. circuit breaker 100%)
News: fetched 158, 0 new after dedup, 0 ticker(s) matched.
Quant pre-screen: 48/67 candidates passed.
Gemini proposed 3 trade(s) meeting the conviction bar.
Gemini calls used today (all models combined): 434
Market closed (overnight): queued 12 trade idea(s) for next-morning verification -- nothing submitted yet.
  -> queued WDC buy (conf 92, stop 485.0, tp 560.0)
  -> queued WFC buy (conf 91, stop 86.06, tp 97.76)
  -> queued HAS buy (conf 90, stop 89.34, tp 106.82)
  -> queued HUM buy (conf None, stop 354.57, tp 392.49)
  -> queued WDAY buy (conf 85, stop 188.0, tp 220.0)
  -> queued BAC buy (conf 85, stop 62.5, tp 67.5)
  -> queued HBAN buy (conf 85, stop 17.09, tp 19.45)
  -> queued TDY buy (conf 85, stop 655.0, tp 720.0)
  -> queued TTWO buy (conf 82, stop 235.0, tp 270.0)
  -> queued NDAQ buy (conf None, stop 93.23, tp 97.755)
  -> queued TYL buy (conf 90, stop 310.0, tp 355.0)
  -> queued LYB buy (conf None, stop 58.01, tp 64.365)
Dashboard watchlist synced (17 symbols) for news/headlines.
Ending portfolio value: $99,425.43
Trade journal: no closed trades yet
Performance: Total return -0.41% | Max drawdown 12.37% | Daily Sharpe 0.27 | Open positions: 14 | Equity $99,425.43
Timings: account: 0.0s | risk: 1.1s | decide: 2.3s | watchlist: 0.0s | perf: 0.1s

=== Run at 2026-08-15T21:50:28.467157 ===
Current time: 2026-08-15 05:50 PM EDT | Market open (per Alpaca): False | Session: CLOSED
Account value: $99,425.43
Cash: $2,352.13 | Holdings (14): {'CEG': '35.6034 sh (+1.36%)', 'CHD': '97.9637 sh (+0.01%)', 'COHR': '7.9896 sh (-4.69%)', 'CVX': '24.8836 sh (+1.17%)', 'GEHC': '0.6136 sh (-0.28%)', 'IVZ': '306.9138 sh (+1.21%)', 'LMT': '16.3555 sh (+0.32%)', 'MS': '43.8344 sh (-1.63%)', 'MSI': '21.1281 sh (-0.69%)', 'NUE': '36.5544 sh (-1.52%)', 'NVDA': '44.2888 sh (+0.48%)', 'NWS': '303.7199 sh (+1.75%)', 'STLD': '0.9216 sh (-2.54%)', 'WSM': '0.1026 sh (-1.61%)'}
Open orders (1): NVDA sell 44.2888
Risk state: peak $99,703.60 | drawdown 0.28% | today -0.00% | halted: False
Market regime: NEUTRAL (position-size multiplier: 100% incl. circuit breaker 100%)
News: fetched 158, 1 new after dedup, 0 ticker(s) matched.
Quant pre-screen: 48/67 candidates passed.
Gemini proposed 3 trade(s) meeting the conviction bar.
Gemini calls used today (all models combined): 435
Market closed (overnight): queued 12 trade idea(s) for next-morning verification -- nothing submitted yet.
  -> queued WDC buy (conf 92, stop 485.0, tp 560.0)
  -> queued WFC buy (conf 91, stop 86.06, tp 97.76)
  -> queued HAS buy (conf 90, stop 89.34, tp 106.82)
  -> queued HUM buy (conf None, stop 354.57, tp 392.49)
  -> queued WDAY buy (conf 85, stop 188.0, tp 220.0)
  -> queued BAC buy (conf 85, stop 62.5, tp 67.5)
  -> queued HBAN buy (conf 85, stop 17.09, tp 19.45)
  -> queued TDY buy (conf 91, stop 655.0, tp 710.0)
  -> queued TTWO buy (conf 92, stop 235.0, tp 265.00000000000006)
  -> queued NDAQ buy (conf None, stop 93.23, tp 97.755)
  -> queued TYL buy (conf 90, stop 310.0, tp 350.0)
  -> queued LYB buy (conf None, stop 58.01, tp 64.365)
Dashboard watchlist synced (17 symbols) for news/headlines.
Ending portfolio value: $99,425.43
Trade journal: no closed trades yet
Performance: Total return -0.41% | Max drawdown 12.37% | Daily Sharpe 0.27 | Open positions: 14 | Equity $99,425.43
Timings: account: 0.0s | risk: 1.6s | decide: 2.7s | watchlist: 0.1s | perf: 0.1s

=== Run at 2026-08-15T21:52:29.889385 ===
Current time: 2026-08-15 05:52 PM EDT | Market open (per Alpaca): False | Session: CLOSED
Account value: $99,425.43
Cash: $2,352.13 | Holdings (14): {'CEG': '35.6034 sh (+1.36%)', 'CHD': '97.9637 sh (+0.01%)', 'COHR': '7.9896 sh (-4.69%)', 'CVX': '24.8836 sh (+1.17%)', 'GEHC': '0.6136 sh (-0.28%)', 'IVZ': '306.9138 sh (+1.21%)', 'LMT': '16.3555 sh (+0.32%)', 'MS': '43.8344 sh (-1.63%)', 'MSI': '21.1281 sh (-0.69%)', 'NUE': '36.5544 sh (-1.52%)', 'NVDA': '44.2888 sh (+0.48%)', 'NWS': '303.7199 sh (+1.75%)', 'STLD': '0.9216 sh (-2.54%)', 'WSM': '0.1026 sh (-1.61%)'}
Open orders (1): NVDA sell 44.2888
Risk state: peak $99,703.60 | drawdown 0.28% | today -0.00% | halted: False
Market regime: NEUTRAL (position-size multiplier: 100% incl. circuit breaker 100%)
News: fetched 158, 0 new after dedup, 0 ticker(s) matched.
Quant pre-screen: 48/67 candidates passed.
Technical fallback (Gemini throttled/unavailable) proposed 51 trade(s) meeting the conviction bar.
Gemini calls used today (all models combined): 435
Market closed (overnight): queued 12 trade idea(s) for next-morning verification -- nothing submitted yet.
  -> queued WDC buy (conf 92, stop 485.0, tp 560.0)
  -> queued WFC buy (conf 91, stop 86.06, tp 97.76)
  -> queued HAS buy (conf 90, stop 89.34, tp 106.82)
  -> queued HUM buy (conf None, stop 354.57, tp 392.49)
  -> queued WDAY buy (conf 85, stop 188.0, tp 220.0)
  -> queued BAC buy (conf 85, stop 62.5, tp 67.5)
  -> queued HBAN buy (conf 85, stop 17.09, tp 19.45)
  -> queued TDY buy (conf None, stop 654.41, tp 697.61)
  -> queued TTWO buy (conf None, stop 228.4, tp 256.285)
  -> queued NDAQ buy (conf None, stop 93.23, tp 97.755)
  -> queued TYL buy (conf None, stop 300.28, tp 334.89)
  -> queued LYB buy (conf None, stop 58.01, tp 64.365)
Dashboard watchlist synced (60 symbols) for news/headlines.
Ending portfolio value: $99,425.43
Trade journal: no closed trades yet
Performance: Total return -0.41% | Max drawdown 12.37% | Daily Sharpe 0.27 | Open positions: 14 | Equity $99,425.43
Timings: account: 0.0s | risk: 3.8s | decide: 24.7s | watchlist: 0.2s | perf: 0.2s

=== Run at 2026-08-15T21:54:25.653614 ===
Current time: 2026-08-15 05:54 PM EDT | Market open (per Alpaca): False | Session: CLOSED
Account value: $99,425.43
Cash: $2,352.13 | Holdings (14): {'CEG': '35.6034 sh (+1.36%)', 'CHD': '97.9637 sh (+0.01%)', 'COHR': '7.9896 sh (-4.69%)', 'CVX': '24.8836 sh (+1.17%)', 'GEHC': '0.6136 sh (-0.28%)', 'IVZ': '306.9138 sh (+1.21%)', 'LMT': '16.3555 sh (+0.32%)', 'MS': '43.8344 sh (-1.63%)', 'MSI': '21.1281 sh (-0.69%)', 'NUE': '36.5544 sh (-1.52%)', 'NVDA': '44.2888 sh (+0.48%)', 'NWS': '303.7199 sh (+1.75%)', 'STLD': '0.9216 sh (-2.54%)', 'WSM': '0.1026 sh (-1.61%)'}
Open orders (1): NVDA sell 44.2888
Risk state: peak $99,703.60 | drawdown 0.28% | today -0.00% | halted: False
Market regime: NEUTRAL (position-size multiplier: 100% incl. circuit breaker 100%)
News: fetched 158, 0 new after dedup, 0 ticker(s) matched.
Quant pre-screen: 48/67 candidates passed.
Gemini proposed 1 trade(s) meeting the conviction bar.
Gemini calls used today (all models combined): 436
Market closed (overnight): queued 12 trade idea(s) for next-morning verification -- nothing submitted yet.
  -> queued WDC buy (conf 92, stop 485.0, tp 560.0)
  -> queued WFC buy (conf 91, stop 86.06, tp 97.76)
  -> queued HAS buy (conf 90, stop 89.34, tp 106.82)
  -> queued HUM buy (conf None, stop 354.57, tp 392.49)
  -> queued WDAY buy (conf 85, stop 188.0, tp 220.0)
  -> queued BAC buy (conf 85, stop 62.5, tp 67.5)
  -> queued HBAN buy (conf 85, stop 17.09, tp 19.45)
  -> queued TDY buy (conf 92, stop 654.41, tp 697.61)
  -> queued TTWO buy (conf None, stop 228.4, tp 256.285)
  -> queued NDAQ buy (conf None, stop 93.23, tp 97.755)
  -> queued TYL buy (conf None, stop 300.28, tp 334.89)
  -> queued LYB buy (conf None, stop 58.01, tp 64.365)
Dashboard watchlist synced (15 symbols) for news/headlines.
Ending portfolio value: $99,425.43
Trade journal: no closed trades yet
Performance: Total return -0.41% | Max drawdown 12.37% | Daily Sharpe 0.27 | Open positions: 14 | Equity $99,425.43
Timings: account: 0.0s | risk: 0.6s | decide: 2.8s | watchlist: 0.0s | perf: 0.1s

=== Run at 2026-08-15T21:56:39.688563 ===
Current time: 2026-08-15 05:56 PM EDT | Market open (per Alpaca): False | Session: CLOSED
Account value: $99,425.43
Cash: $2,352.13 | Holdings (14): {'CEG': '35.6034 sh (+1.36%)', 'CHD': '97.9637 sh (+0.01%)', 'COHR': '7.9896 sh (-4.69%)', 'CVX': '24.8836 sh (+1.17%)', 'GEHC': '0.6136 sh (-0.28%)', 'IVZ': '306.9138 sh (+1.21%)', 'LMT': '16.3555 sh (+0.32%)', 'MS': '43.8344 sh (-1.63%)', 'MSI': '21.1281 sh (-0.69%)', 'NUE': '36.5544 sh (-1.52%)', 'NVDA': '44.2888 sh (+0.48%)', 'NWS': '303.7199 sh (+1.75%)', 'STLD': '0.9216 sh (-2.54%)', 'WSM': '0.1026 sh (-1.61%)'}
Open orders (1): NVDA sell 44.2888
Risk state: peak $99,703.60 | drawdown 0.28% | today -0.00% | halted: False
Market regime: NEUTRAL (position-size multiplier: 100% incl. circuit breaker 100%)
News: fetched 158, 1 new after dedup, 0 ticker(s) matched.
Quant pre-screen: 48/67 candidates passed.
Gemini proposed 3 trade(s) meeting the conviction bar.
Gemini calls used today (all models combined): 437
Market closed (overnight): queued 12 trade idea(s) for next-morning verification -- nothing submitted yet.
  -> queued WDC buy (conf 92, stop 485.0, tp 560.0)
  -> queued WFC buy (conf 91, stop 86.06, tp 97.76)
  -> queued HAS buy (conf 90, stop 89.34, tp 106.82)
  -> queued HUM buy (conf None, stop 354.57, tp 392.49)
  -> queued WDAY buy (conf 85, stop 188.0, tp 220.0)
  -> queued BAC buy (conf 85, stop 62.5, tp 67.5)
  -> queued HBAN buy (conf 85, stop 17.09, tp 19.45)
  -> queued TDY buy (conf 85, stop 660.0, tp 720.0)
  -> queued TTWO buy (conf 88, stop 235.0, tp 270.0)
  -> queued NDAQ buy (conf None, stop 93.23, tp 97.755)
  -> queued TYL buy (conf 91, stop 310.0, tp 355.0)
  -> queued LYB buy (conf None, stop 58.01, tp 64.365)
Dashboard watchlist synced (17 symbols) for news/headlines.
Ending portfolio value: $99,425.43
Trade journal: no closed trades yet
Performance: Total return -0.41% | Max drawdown 12.37% | Daily Sharpe 0.27 | Open positions: 14 | Equity $99,425.43
Timings: account: 0.0s | risk: 4.0s | decide: 5.2s | watchlist: 0.2s | perf: 0.3s

=== Run at 2026-08-15T21:58:23.011483 ===
Current time: 2026-08-15 05:58 PM EDT | Market open (per Alpaca): False | Session: CLOSED
Account value: $99,425.43
Cash: $2,352.13 | Holdings (14): {'CEG': '35.6034 sh (+1.36%)', 'CHD': '97.9637 sh (+0.01%)', 'COHR': '7.9896 sh (-4.69%)', 'CVX': '24.8836 sh (+1.17%)', 'GEHC': '0.6136 sh (-0.28%)', 'IVZ': '306.9138 sh (+1.21%)', 'LMT': '16.3555 sh (+0.32%)', 'MS': '43.8344 sh (-1.63%)', 'MSI': '21.1281 sh (-0.69%)', 'NUE': '36.5544 sh (-1.52%)', 'NVDA': '44.2888 sh (+0.48%)', 'NWS': '303.7199 sh (+1.75%)', 'STLD': '0.9216 sh (-2.54%)', 'WSM': '0.1026 sh (-1.61%)'}
Open orders (1): NVDA sell 44.2888
Risk state: peak $99,703.60 | drawdown 0.28% | today -0.00% | halted: False
Market regime: NEUTRAL (position-size multiplier: 100% incl. circuit breaker 100%)
News: fetched 120, 0 new after dedup, 0 ticker(s) matched.
Quant pre-screen: 48/67 candidates passed.
Gemini proposed 1 trade(s) meeting the conviction bar.
Gemini calls used today (all models combined): 438
Market closed (overnight): queued 12 trade idea(s) for next-morning verification -- nothing submitted yet.
  -> queued WDC buy (conf 92, stop 485.0, tp 560.0)
  -> queued WFC buy (conf 91, stop 86.06, tp 97.76)
  -> queued HAS buy (conf 90, stop 89.34, tp 106.82)
  -> queued HUM buy (conf None, stop 354.57, tp 392.49)
  -> queued WDAY buy (conf 85, stop 188.0, tp 220.0)
  -> queued BAC buy (conf 85, stop 62.5, tp 67.5)
  -> queued HBAN buy (conf 85, stop 17.09, tp 19.45)
  -> queued TDY buy (conf 85, stop 660.0, tp 720.0)
  -> queued TTWO buy (conf 88, stop 235.0, tp 270.0)
  -> queued NDAQ buy (conf None, stop 93.23, tp 97.755)
  -> queued TYL buy (conf 91, stop 300.28, tp 355.0)
  -> queued LYB buy (conf None, stop 58.01, tp 64.365)
Dashboard watchlist synced (15 symbols) for news/headlines.
Ending portfolio value: $99,425.43
Trade journal: no closed trades yet
Performance: Total return -0.41% | Max drawdown 12.37% | Daily Sharpe 0.27 | Open positions: 14 | Equity $99,425.43
Timings: account: 0.0s | risk: 0.7s | decide: 10.3s | watchlist: 0.0s | perf: 0.1s

=== Run at 2026-08-15T22:00:36.950110 ===
Current time: 2026-08-15 06:00 PM EDT | Market open (per Alpaca): False | Session: CLOSED
Account value: $99,425.43
Cash: $2,352.13 | Holdings (14): {'CEG': '35.6034 sh (+1.36%)', 'CHD': '97.9637 sh (+0.01%)', 'COHR': '7.9896 sh (-4.69%)', 'CVX': '24.8836 sh (+1.17%)', 'GEHC': '0.6136 sh (-0.28%)', 'IVZ': '306.9138 sh (+1.21%)', 'LMT': '16.3555 sh (+0.32%)', 'MS': '43.8344 sh (-1.63%)', 'MSI': '21.1281 sh (-0.69%)', 'NUE': '36.5544 sh (-1.52%)', 'NVDA': '44.2888 sh (+0.48%)', 'NWS': '303.7199 sh (+1.75%)', 'STLD': '0.9216 sh (-2.54%)', 'WSM': '0.1026 sh (-1.61%)'}
Open orders (1): NVDA sell 44.2888
Risk state: peak $99,703.60 | drawdown 0.28% | today -0.00% | halted: False
Market regime: NEUTRAL (position-size multiplier: 100% incl. circuit breaker 100%)
News: fetched 158, 1 new after dedup, 0 ticker(s) matched.
Quant pre-screen: 15/19 candidates passed.
Gemini proposed 2 trade(s) meeting the conviction bar.
Gemini calls used today (all models combined): 439
Market closed (overnight): queued 12 trade idea(s) for next-morning verification -- nothing submitted yet.
  -> queued WDC buy (conf 92, stop 485.0, tp 560.0)
  -> queued WFC buy (conf 91, stop 86.06, tp 97.76)
  -> queued HAS buy (conf 90, stop 89.34, tp 106.82)
  -> queued HUM buy (conf None, stop 354.57, tp 392.49)
  -> queued WDAY buy (conf 85, stop 188.0, tp 220.0)
  -> queued BAC buy (conf 85, stop 62.5, tp 67.5)
  -> queued HBAN buy (conf 85, stop 17.09, tp 19.45)
  -> queued TDY buy (conf 85, stop 660.0, tp 720.0)
  -> queued TTWO buy (conf 90, stop 235.0, tp 270.0)
  -> queued NDAQ buy (conf None, stop 93.23, tp 97.755)
  -> queued TYL buy (conf 91, stop 315.0, tp 355.00000000000006)
  -> queued LYB buy (conf None, stop 58.01, tp 64.365)
Dashboard watchlist synced (16 symbols) for news/headlines.
Ending portfolio value: $99,425.43
Trade journal: no closed trades yet
Performance: Total return -0.41% | Max drawdown 12.37% | Daily Sharpe 0.27 | Open positions: 14 | Equity $99,425.43
Timings: account: 0.0s | risk: 3.1s | decide: 7.1s | watchlist: 0.1s | perf: 0.2s

=== Run at 2026-08-15T22:02:29.081051 ===
Current time: 2026-08-15 06:02 PM EDT | Market open (per Alpaca): False | Session: CLOSED
Account value: $99,425.43
Cash: $2,352.13 | Holdings (14): {'CEG': '35.6034 sh (+1.36%)', 'CHD': '97.9637 sh (+0.01%)', 'COHR': '7.9896 sh (-4.69%)', 'CVX': '24.8836 sh (+1.17%)', 'GEHC': '0.6136 sh (-0.28%)', 'IVZ': '306.9138 sh (+1.21%)', 'LMT': '16.3555 sh (+0.32%)', 'MS': '43.8344 sh (-1.63%)', 'MSI': '21.1281 sh (-0.69%)', 'NUE': '36.5544 sh (-1.52%)', 'NVDA': '44.2888 sh (+0.48%)', 'NWS': '303.7199 sh (+1.75%)', 'STLD': '0.9216 sh (-2.54%)', 'WSM': '0.1026 sh (-1.61%)'}
Open orders (1): NVDA sell 44.2888
Risk state: peak $99,703.60 | drawdown 0.28% | today -0.00% | halted: False
Market regime: NEUTRAL (position-size multiplier: 100% incl. circuit breaker 100%)
News: fetched 158, 3 new after dedup, 0 ticker(s) matched.
Quant pre-screen: 24/31 candidates passed.
Gemini proposed 3 trade(s) meeting the conviction bar.
Gemini calls used today (all models combined): 440
Market closed (overnight): queued 12 trade idea(s) for next-morning verification -- nothing submitted yet.
  -> queued WDC buy (conf 92, stop 485.0, tp 560.0)
  -> queued WFC buy (conf 91, stop 86.06, tp 97.76)
  -> queued HAS buy (conf 90, stop 89.34, tp 106.82)
  -> queued HUM buy (conf None, stop 354.57, tp 392.49)
  -> queued WDAY buy (conf 85, stop 188.0, tp 220.0)
  -> queued BAC buy (conf 85, stop 62.5, tp 67.5)
  -> queued HBAN buy (conf 85, stop 17.09, tp 19.45)
  -> queued TDY buy (conf 85, stop 654.41, tp 715.0)
  -> queued TTWO buy (conf 82, stop 228.4, tp 265.0)
  -> queued NDAQ buy (conf None, stop 93.23, tp 97.755)
  -> queued TYL buy (conf 80, stop 300.28, tp 355.0)
  -> queued LYB buy (conf None, stop 58.01, tp 64.365)
Dashboard watchlist synced (17 symbols) for news/headlines.
Ending portfolio value: $99,425.43
Trade journal: no closed trades yet
Performance: Total return -0.41% | Max drawdown 12.37% | Daily Sharpe 0.27 | Open positions: 14 | Equity $99,425.43
Timings: account: 0.0s | risk: 2.9s | decide: 6.0s | watchlist: 0.1s | perf: 0.2s

=== Run at 2026-08-15T22:04:23.694862 ===
Current time: 2026-08-15 06:04 PM EDT | Market open (per Alpaca): False | Session: CLOSED
Account value: $99,425.43
Cash: $2,352.13 | Holdings (14): {'CEG': '35.6034 sh (+1.36%)', 'CHD': '97.9637 sh (+0.01%)', 'COHR': '7.9896 sh (-4.69%)', 'CVX': '24.8836 sh (+1.17%)', 'GEHC': '0.6136 sh (-0.28%)', 'IVZ': '306.9138 sh (+1.21%)', 'LMT': '16.3555 sh (+0.32%)', 'MS': '43.8344 sh (-1.63%)', 'MSI': '21.1281 sh (-0.69%)', 'NUE': '36.5544 sh (-1.52%)', 'NVDA': '44.2888 sh (+0.48%)', 'NWS': '303.7199 sh (+1.75%)', 'STLD': '0.9216 sh (-2.54%)', 'WSM': '0.1026 sh (-1.61%)'}
Open orders (1): NVDA sell 44.2888
Risk state: peak $99,703.60 | drawdown 0.28% | today -0.00% | halted: False
Market regime: NEUTRAL (position-size multiplier: 100% incl. circuit breaker 100%)
News: fetched 158, 1 new after dedup, 0 ticker(s) matched.
Quant pre-screen: 30/43 candidates passed.
Gemini proposed 3 trade(s) meeting the conviction bar.
Gemini calls used today (all models combined): 441
Market closed (overnight): queued 12 trade idea(s) for next-morning verification -- nothing submitted yet.
  -> queued WDC buy (conf 92, stop 485.0, tp 560.0)
  -> queued WFC buy (conf 91, stop 86.06, tp 97.76)
  -> queued HAS buy (conf 90, stop 89.34, tp 106.82)
  -> queued HUM buy (conf None, stop 354.57, tp 392.49)
  -> queued WDAY buy (conf 85, stop 188.0, tp 220.0)
  -> queued BAC buy (conf 85, stop 62.5, tp 67.5)
  -> queued HBAN buy (conf 85, stop 17.09, tp 19.45)
  -> queued TDY buy (conf 91, stop 654.41, tp 725.0)
  -> queued TTWO buy (conf 90, stop 228.4, tp 270.0)
  -> queued NDAQ buy (conf None, stop 93.23, tp 97.755)
  -> queued TYL buy (conf 80, stop 300.28, tp 355.0)
  -> queued LYB buy (conf 84, stop 58.01, tp 68.0)
Dashboard watchlist synced (17 symbols) for news/headlines.
Ending portfolio value: $99,425.43
Trade journal: no closed trades yet
Performance: Total return -0.41% | Max drawdown 12.37% | Daily Sharpe 0.27 | Open positions: 14 | Equity $99,425.43
Timings: account: 0.0s | risk: 0.8s | decide: 3.2s | watchlist: 0.0s | perf: 0.1s

=== Run at 2026-08-15T22:06:29.987967 ===
Current time: 2026-08-15 06:06 PM EDT | Market open (per Alpaca): False | Session: CLOSED
Account value: $99,425.43
Cash: $2,352.13 | Holdings (14): {'CEG': '35.6034 sh (+1.36%)', 'CHD': '97.9637 sh (+0.01%)', 'COHR': '7.9896 sh (-4.69%)', 'CVX': '24.8836 sh (+1.17%)', 'GEHC': '0.6136 sh (-0.28%)', 'IVZ': '306.9138 sh (+1.21%)', 'LMT': '16.3555 sh (+0.32%)', 'MS': '43.8344 sh (-1.63%)', 'MSI': '21.1281 sh (-0.69%)', 'NUE': '36.5544 sh (-1.52%)', 'NVDA': '44.2888 sh (+0.48%)', 'NWS': '303.7199 sh (+1.75%)', 'STLD': '0.9216 sh (-2.54%)', 'WSM': '0.1026 sh (-1.61%)'}
Open orders (1): NVDA sell 44.2888
Risk state: peak $99,703.60 | drawdown 0.28% | today -0.00% | halted: False
Market regime: NEUTRAL (position-size multiplier: 100% incl. circuit breaker 100%)
News: fetched 158, 1 new after dedup, 0 ticker(s) matched.
Quant pre-screen: 40/55 candidates passed.
Gemini proposed 3 trade(s) meeting the conviction bar.
Gemini calls used today (all models combined): 442
Market closed (overnight): queued 12 trade idea(s) for next-morning verification -- nothing submitted yet.
  -> queued WDC buy (conf 92, stop 485.0, tp 560.0)
  -> queued WFC buy (conf 91, stop 86.06, tp 97.76)
  -> queued HAS buy (conf 90, stop 89.34, tp 106.82)
  -> queued HUM buy (conf None, stop 354.57, tp 392.49)
  -> queued WDAY buy (conf 85, stop 188.0, tp 220.0)
  -> queued BAC buy (conf 85, stop 62.5, tp 67.5)
  -> queued HBAN buy (conf 85, stop 17.09, tp 19.45)
  -> queued TDY buy (conf 85, stop 664.0, tp 715.0000000000001)
  -> queued TTWO buy (conf 80, stop 238.0, tp 265.0)
  -> queued NDAQ buy (conf None, stop 93.23, tp 97.755)
  -> queued TYL buy (conf 80, stop 300.28, tp 355.0)
  -> queued LYB buy (conf 80, stop 62.0, tp 67.50000000000001)
Dashboard watchlist synced (17 symbols) for news/headlines.
Ending portfolio value: $99,425.43
Trade journal: no closed trades yet
Performance: Total return -0.41% | Max drawdown 12.37% | Daily Sharpe 0.27 | Open positions: 14 | Equity $99,425.43
Timings: account: 0.0s | risk: 4.0s | decide: 7.6s | watchlist: 0.2s | perf: 0.3s

=== Run at 2026-08-15T22:08:23.726217 ===
Current time: 2026-08-15 06:08 PM EDT | Market open (per Alpaca): False | Session: CLOSED
Account value: $99,425.43
Cash: $2,352.13 | Holdings (14): {'CEG': '35.6034 sh (+1.36%)', 'CHD': '97.9637 sh (+0.01%)', 'COHR': '7.9896 sh (-4.69%)', 'CVX': '24.8836 sh (+1.17%)', 'GEHC': '0.6136 sh (-0.28%)', 'IVZ': '306.9138 sh (+1.21%)', 'LMT': '16.3555 sh (+0.32%)', 'MS': '43.8344 sh (-1.63%)', 'MSI': '21.1281 sh (-0.69%)', 'NUE': '36.5544 sh (-1.52%)', 'NVDA': '44.2888 sh (+0.48%)', 'NWS': '303.7199 sh (+1.75%)', 'STLD': '0.9216 sh (-2.54%)', 'WSM': '0.1026 sh (-1.61%)'}
Open orders (1): NVDA sell 44.2888
Risk state: peak $99,703.60 | drawdown 0.28% | today -0.00% | halted: False
Market regime: NEUTRAL (position-size multiplier: 100% incl. circuit breaker 100%)
News: fetched 158, 1 new after dedup, 0 ticker(s) matched.
Quant pre-screen: 48/67 candidates passed.
Gemini proposed 3 trade(s) meeting the conviction bar.
Gemini calls used today (all models combined): 443
Market closed (overnight): queued 12 trade idea(s) for next-morning verification -- nothing submitted yet.
  -> queued WDC buy (conf 92, stop 485.0, tp 560.0)
  -> queued WFC buy (conf 91, stop 86.06, tp 97.76)
  -> queued HAS buy (conf 90, stop 89.34, tp 106.82)
  -> queued HUM buy (conf None, stop 354.57, tp 392.49)
  -> queued WDAY buy (conf 85, stop 188.0, tp 220.0)
  -> queued BAC buy (conf 85, stop 62.5, tp 67.5)
  -> queued HBAN buy (conf 85, stop 17.09, tp 19.45)
  -> queued TDY buy (conf 85, stop 650.0, tp 720.0)
  -> queued TTWO buy (conf 85, stop 230.0, tp 270.0)
  -> queued NDAQ buy (conf None, stop 93.23, tp 97.755)
  -> queued TYL buy (conf 90, stop 315.0, tp None)
  -> queued LYB buy (conf 80, stop 62.0, tp 67.50000000000001)
Dashboard watchlist synced (17 symbols) for news/headlines.
Ending portfolio value: $99,425.43
Trade journal: no closed trades yet
Performance: Total return -0.41% | Max drawdown 12.37% | Daily Sharpe 0.27 | Open positions: 14 | Equity $99,425.43
Timings: account: 0.0s | risk: 1.1s | decide: 12.5s | watchlist: 0.0s | perf: 0.1s

=== Run at 2026-08-15T22:11:27.521077 ===
Current time: 2026-08-15 06:11 PM EDT | Market open (per Alpaca): False | Session: CLOSED
=== Run at 2026-08-15T22:10:31.892736 ===
Current time: 2026-08-15 06:10 PM EDT | Market open (per Alpaca): False | Session: CLOSED
Account value: $99,425.43
Cash: $2,352.13 | Holdings (14): {'CEG': '35.6034 sh (+1.36%)', 'CHD': '97.9637 sh (+0.01%)', 'COHR': '7.9896 sh (-4.69%)', 'CVX': '24.8836 sh (+1.17%)', 'GEHC': '0.6136 sh (-0.28%)', 'IVZ': '306.9138 sh (+1.21%)', 'LMT': '16.3555 sh (+0.32%)', 'MS': '43.8344 sh (-1.63%)', 'MSI': '21.1281 sh (-0.69%)', 'NUE': '36.5544 sh (-1.52%)', 'NVDA': '44.2888 sh (+0.48%)', 'NWS': '303.7199 sh (+1.75%)', 'STLD': '0.9216 sh (-2.54%)', 'WSM': '0.1026 sh (-1.61%)'}
Open orders (1): NVDA sell 44.2888
Risk state: peak $99,703.60 | drawdown 0.28% | today -0.00% | halted: False
Market regime: NEUTRAL (position-size multiplier: 100% incl. circuit breaker 100%)
News: fetched 158, 0 new after dedup, 0 ticker(s) matched.
Quant pre-screen: 48/67 candidates passed.
Gemini proposed 2 trade(s) meeting the conviction bar.
Gemini proposed 3 trade(s) meeting the conviction bar.
Gemini calls used today (all models combined): 444
Market closed (overnight): queued 12 trade idea(s) for next-morning verification -- nothing submitted yet.
  -> queued WDC buy (conf 92, stop 485.0, tp 560.0)
  -> queued WFC buy (conf 91, stop 86.06, tp 97.76)
  -> queued HAS buy (conf 90, stop 89.34, tp 106.82)
  -> queued HUM buy (conf None, stop 354.57, tp 392.49)
  -> queued WDAY buy (conf 85, stop 188.0, tp 220.0)
  -> queued BAC buy (conf 85, stop 62.5, tp 67.5)
  -> queued HBAN buy (conf 85, stop 17.09, tp 19.45)
  -> queued TDY buy (conf 92, stop 654.41, tp 725.0000000000001)
  -> queued TTWO buy (conf 90, stop 228.4, tp 270.0)
  -> queued NDAQ buy (conf None, stop 93.23, tp 97.755)
  -> queued TYL buy (conf 90, stop 315.0, tp None)
  -> queued LYB buy (conf 80, stop 62.0, tp 67.50000000000001)
Dashboard watchlist synced (16 symbols) for news/headlines.
Ending portfolio value: $99,425.43
Trade journal: no closed trades yet
Performance: Total return -0.41% | Max drawdown 12.37% | Daily Sharpe 0.27 | Open positions: 14 | Equity $99,425.43
Timings: account: 0.0s | risk: 2.9s | decide: 3.8s | watchlist: 0.1s | perf: 0.2s
  -> queued TDY buy (conf 90, stop 654.41, tp 720.0)
  -> queued TTWO buy (conf 94, stop 228.4, tp 275.0)
  -> queued NDAQ buy (conf None, stop 93.23, tp 97.755)
  -> queued TYL buy (conf 94, stop 300.28, tp 360.0)
  -> queued LYB buy (conf 80, stop 62.0, tp 67.50000000000001)
Dashboard watchlist synced (17 symbols) for news/headlines.
Ending portfolio value: $99,425.43
Trade journal: no closed trades yet
Performance: Total return -0.41% | Max drawdown 12.37% | Daily Sharpe 0.27 | Open positions: 14 | Equity $99,425.43
Timings: account: 0.0s | risk: 3.0s | decide: 25.1s | watchlist: 0.1s | perf: 0.2s

=== Run at 2026-08-15T22:12:31.813244 ===
Current time: 2026-08-15 06:12 PM EDT | Market open (per Alpaca): False | Session: CLOSED
Account value: $99,425.43
Cash: $2,352.13 | Holdings (14): {'CEG': '35.6034 sh (+1.36%)', 'CHD': '97.9637 sh (+0.01%)', 'COHR': '7.9896 sh (-4.69%)', 'CVX': '24.8836 sh (+1.17%)', 'GEHC': '0.6136 sh (-0.28%)', 'IVZ': '306.9138 sh (+1.21%)', 'LMT': '16.3555 sh (+0.32%)', 'MS': '43.8344 sh (-1.63%)', 'MSI': '21.1281 sh (-0.69%)', 'NUE': '36.5544 sh (-1.52%)', 'NVDA': '44.2888 sh (+0.48%)', 'NWS': '303.7199 sh (+1.75%)', 'STLD': '0.9216 sh (-2.54%)', 'WSM': '0.1026 sh (-1.61%)'}
Open orders (1): NVDA sell 44.2888
Risk state: peak $99,703.60 | drawdown 0.28% | today -0.00% | halted: False
Market regime: NEUTRAL (position-size multiplier: 100% incl. circuit breaker 100%)
News: fetched 158, 1 new after dedup, 0 ticker(s) matched.
Quant pre-screen: 48/67 candidates passed.
Gemini proposed 2 trade(s) meeting the conviction bar.
Gemini calls used today (all models combined): 445
Market closed (overnight): queued 12 trade idea(s) for next-morning verification -- nothing submitted yet.
  -> queued WDC buy (conf 92, stop 485.0, tp 560.0)
  -> queued WFC buy (conf 91, stop 86.06, tp 97.76)
  -> queued HAS buy (conf 90, stop 89.34, tp 106.82)
  -> queued HUM buy (conf None, stop 354.57, tp 392.49)
  -> queued WDAY buy (conf 85, stop 188.0, tp 220.0)
  -> queued BAC buy (conf 85, stop 62.5, tp 67.5)
  -> queued HBAN buy (conf 85, stop 17.09, tp 19.45)
  -> queued TDY buy (conf 92, stop 654.41, tp 715.0)
  -> queued TTWO buy (conf 90, stop 228.4, tp 270.0)
  -> queued NDAQ buy (conf None, stop 93.23, tp 97.755)
  -> queued TYL buy (conf 90, stop 315.0, tp None)
  -> queued LYB buy (conf 80, stop 62.0, tp 67.50000000000001)
Dashboard watchlist synced (16 symbols) for news/headlines.
Ending portfolio value: $99,425.43
Trade journal: no closed trades yet
Performance: Total return -0.41% | Max drawdown 12.37% | Daily Sharpe 0.27 | Open positions: 14 | Equity $99,425.43
Timings: account: 0.0s | risk: 3.9s | decide: 4.2s | watchlist: 0.1s | perf: 0.2s

=== Run at 2026-08-15T22:14:27.390445 ===
Current time: 2026-08-15 06:14 PM EDT | Market open (per Alpaca): False | Session: CLOSED
Account value: $99,425.43
Cash: $2,352.13 | Holdings (14): {'CEG': '35.6034 sh (+1.36%)', 'CHD': '97.9637 sh (+0.01%)', 'COHR': '7.9896 sh (-4.69%)', 'CVX': '24.8836 sh (+1.17%)', 'GEHC': '0.6136 sh (-0.28%)', 'IVZ': '306.9138 sh (+1.21%)', 'LMT': '16.3555 sh (+0.32%)', 'MS': '43.8344 sh (-1.63%)', 'MSI': '21.1281 sh (-0.69%)', 'NUE': '36.5544 sh (-1.52%)', 'NVDA': '44.2888 sh (+0.48%)', 'NWS': '303.7199 sh (+1.75%)', 'STLD': '0.9216 sh (-2.54%)', 'WSM': '0.1026 sh (-1.61%)'}
Open orders (1): NVDA sell 44.2888
Risk state: peak $99,703.60 | drawdown 0.28% | today -0.00% | halted: False
Market regime: NEUTRAL (position-size multiplier: 100% incl. circuit breaker 100%)
News: fetched 158, 0 new after dedup, 0 ticker(s) matched.
Quant pre-screen: 48/67 candidates passed.
Gemini proposed 2 trade(s) meeting the conviction bar.
Gemini calls used today (all models combined): 446
Market closed (overnight): queued 12 trade idea(s) for next-morning verification -- nothing submitted yet.
  -> queued WDC buy (conf 92, stop 485.0, tp 560.0)
  -> queued WFC buy (conf 91, stop 86.06, tp 97.76)
  -> queued HAS buy (conf 90, stop 89.34, tp 106.82)
  -> queued HUM buy (conf None, stop 354.57, tp 392.49)
  -> queued WDAY buy (conf 85, stop 188.0, tp 220.0)
  -> queued BAC buy (conf 85, stop 62.5, tp 67.5)
  -> queued HBAN buy (conf 85, stop 17.09, tp 19.45)
  -> queued TDY buy (conf 80, stop 655.0, tp 710.0)
  -> queued TTWO buy (conf 85, stop 235.0, tp 265.00000000000006)
  -> queued NDAQ buy (conf None, stop 93.23, tp 97.755)
  -> queued TYL buy (conf 90, stop 315.0, tp None)
  -> queued LYB buy (conf 80, stop 62.0, tp 67.50000000000001)
Dashboard watchlist synced (16 symbols) for news/headlines.
Ending portfolio value: $99,425.43
Trade journal: no closed trades yet
Performance: Total return -0.41% | Max drawdown 12.37% | Daily Sharpe 0.27 | Open positions: 14 | Equity $99,425.43
Timings: account: 0.0s | risk: 3.3s | decide: 4.2s | watchlist: 0.1s | perf: 0.2s

=== Run at 2026-08-15T22:16:26.965290 ===
Current time: 2026-08-15 06:16 PM EDT | Market open (per Alpaca): False | Session: CLOSED
Account value: $99,425.43
Cash: $2,352.13 | Holdings (14): {'CEG': '35.6034 sh (+1.36%)', 'CHD': '97.9637 sh (+0.01%)', 'COHR': '7.9896 sh (-4.69%)', 'CVX': '24.8836 sh (+1.17%)', 'GEHC': '0.6136 sh (-0.28%)', 'IVZ': '306.9138 sh (+1.21%)', 'LMT': '16.3555 sh (+0.32%)', 'MS': '43.8344 sh (-1.63%)', 'MSI': '21.1281 sh (-0.69%)', 'NUE': '36.5544 sh (-1.52%)', 'NVDA': '44.2888 sh (+0.48%)', 'NWS': '303.7199 sh (+1.75%)', 'STLD': '0.9216 sh (-2.54%)', 'WSM': '0.1026 sh (-1.61%)'}
Open orders (1): NVDA sell 44.2888
Risk state: peak $99,703.60 | drawdown 0.28% | today -0.00% | halted: False
Market regime: NEUTRAL (position-size multiplier: 100% incl. circuit breaker 100%)
News: fetched 158, 2 new after dedup, 0 ticker(s) matched.
Quant pre-screen: 48/67 candidates passed.
Gemini proposed 3 trade(s) meeting the conviction bar.
Gemini calls used today (all models combined): 447
Market closed (overnight): queued 12 trade idea(s) for next-morning verification -- nothing submitted yet.
  -> queued WDC buy (conf 92, stop 485.0, tp 560.0)
  -> queued WFC buy (conf 91, stop 86.06, tp 97.76)
  -> queued HAS buy (conf 90, stop 89.34, tp 106.82)
  -> queued HUM buy (conf None, stop 354.57, tp 392.49)
  -> queued WDAY buy (conf 85, stop 188.0, tp 220.0)
  -> queued BAC buy (conf 85, stop 62.5, tp 67.5)
  -> queued HBAN buy (conf 85, stop 17.09, tp 19.45)
  -> queued TDY buy (conf 80, stop 655.0, tp 710.0)
  -> queued TTWO buy (conf 92, stop 228.4, tp 265.49)
  -> queued NDAQ buy (conf 83, stop 93.23, tp 101.78)
  -> queued TYL buy (conf 91, stop 300.28, tp 334.89)
  -> queued LYB buy (conf 80, stop 62.0, tp 67.50000000000001)
Dashboard watchlist synced (17 symbols) for news/headlines.
Ending portfolio value: $99,425.43
Trade journal: no closed trades yet
Performance: Total return -0.41% | Max drawdown 12.37% | Daily Sharpe 0.27 | Open positions: 14 | Equity $99,425.43
Timings: account: 0.0s | risk: 0.9s | decide: 23.0s | watchlist: 0.0s | perf: 0.1s

=== Run at 2026-08-15T22:18:29.701843 ===
Current time: 2026-08-15 06:18 PM EDT | Market open (per Alpaca): False | Session: CLOSED
Account value: $99,425.43
Cash: $2,352.13 | Holdings (14): {'CEG': '35.6034 sh (+1.36%)', 'CHD': '97.9637 sh (+0.01%)', 'COHR': '7.9896 sh (-4.69%)', 'CVX': '24.8836 sh (+1.17%)', 'GEHC': '0.6136 sh (-0.28%)', 'IVZ': '306.9138 sh (+1.21%)', 'LMT': '16.3555 sh (+0.32%)', 'MS': '43.8344 sh (-1.63%)', 'MSI': '21.1281 sh (-0.69%)', 'NUE': '36.5544 sh (-1.52%)', 'NVDA': '44.2888 sh (+0.48%)', 'NWS': '303.7199 sh (+1.75%)', 'STLD': '0.9216 sh (-2.54%)', 'WSM': '0.1026 sh (-1.61%)'}
Open orders (1): NVDA sell 44.2888
Risk state: peak $99,703.60 | drawdown 0.28% | today -0.00% | halted: False
Market regime: NEUTRAL (position-size multiplier: 100% incl. circuit breaker 100%)
News: fetched 158, 0 new after dedup, 0 ticker(s) matched.
Quant pre-screen: 48/67 candidates passed.
Gemini proposed 1 trade(s) meeting the conviction bar.
Gemini calls used today (all models combined): 448
Market closed (overnight): queued 12 trade idea(s) for next-morning verification -- nothing submitted yet.
  -> queued WDC buy (conf 92, stop 485.0, tp 560.0)
  -> queued WFC buy (conf 91, stop 86.06, tp 97.76)
  -> queued HAS buy (conf 90, stop 89.34, tp 106.82)
  -> queued HUM buy (conf None, stop 354.57, tp 392.49)
  -> queued WDAY buy (conf 85, stop 188.0, tp 220.0)
  -> queued BAC buy (conf 85, stop 62.5, tp 67.5)
  -> queued HBAN buy (conf 85, stop 17.09, tp 19.45)
  -> queued TDY buy (conf 91, stop 654.41, tp 715.0)
  -> queued TTWO buy (conf 92, stop 228.4, tp 265.49)
  -> queued NDAQ buy (conf 83, stop 93.23, tp 101.78)
  -> queued TYL buy (conf 91, stop 300.28, tp 334.89)
  -> queued LYB buy (conf 80, stop 62.0, tp 67.50000000000001)
Dashboard watchlist synced (15 symbols) for news/headlines.
Ending portfolio value: $99,425.43
Trade journal: no closed trades yet
Performance: Total return -0.41% | Max drawdown 12.37% | Daily Sharpe 0.27 | Open positions: 14 | Equity $99,425.43
Timings: account: 0.0s | risk: 3.2s | decide: 3.7s | watchlist: 0.1s | perf: 0.2s

=== Run at 2026-08-15T22:20:35.215736 ===
Current time: 2026-08-15 06:20 PM EDT | Market open (per Alpaca): False | Session: CLOSED
Account value: $99,425.43
Cash: $2,352.13 | Holdings (14): {'CEG': '35.6034 sh (+1.36%)', 'CHD': '97.9637 sh (+0.01%)', 'COHR': '7.9896 sh (-4.69%)', 'CVX': '24.8836 sh (+1.17%)', 'GEHC': '0.6136 sh (-0.28%)', 'IVZ': '306.9138 sh (+1.21%)', 'LMT': '16.3555 sh (+0.32%)', 'MS': '43.8344 sh (-1.63%)', 'MSI': '21.1281 sh (-0.69%)', 'NUE': '36.5544 sh (-1.52%)', 'NVDA': '44.2888 sh (+0.48%)', 'NWS': '303.7199 sh (+1.75%)', 'STLD': '0.9216 sh (-2.54%)', 'WSM': '0.1026 sh (-1.61%)'}
Open orders (1): NVDA sell 44.2888
Risk state: peak $99,703.60 | drawdown 0.28% | today -0.00% | halted: False
Market regime: NEUTRAL (position-size multiplier: 100% incl. circuit breaker 100%)
News: fetched 158, 2 new after dedup, 2 ticker(s) matched.
Quant pre-screen: 20/26 candidates passed.
Gemini proposed 1 trade(s) meeting the conviction bar.
Gemini calls used today (all models combined): 449
Market closed (overnight): queued 12 trade idea(s) for next-morning verification -- nothing submitted yet.
  -> queued WDC buy (conf 92, stop 485.0, tp 560.0)
  -> queued WFC buy (conf 91, stop 86.06, tp 97.76)
  -> queued HAS buy (conf 90, stop 89.34, tp 106.82)
  -> queued HUM buy (conf None, stop 354.57, tp 392.49)
  -> queued WDAY buy (conf 85, stop 188.0, tp 220.0)
  -> queued BAC buy (conf 85, stop 62.5, tp 67.5)
  -> queued HBAN buy (conf 85, stop 17.09, tp 19.45)
  -> queued TDY buy (conf 91, stop 654.41, tp 715.0)
  -> queued TTWO buy (conf 92, stop 228.4, tp 265.49)
  -> queued NDAQ buy (conf 83, stop 93.23, tp 101.78)
  -> queued TYL buy (conf 91, stop 300.28, tp 334.89)
  -> queued LYB buy (conf 80, stop 62.0, tp 67.50000000000001)
Dashboard watchlist synced (17 symbols) for news/headlines.
Ending portfolio value: $99,425.43
Trade journal: no closed trades yet
Performance: Total return -0.41% | Max drawdown 12.37% | Daily Sharpe 0.27 | Open positions: 14 | Equity $99,425.43
Timings: account: 0.0s | risk: 3.3s | decide: 6.6s | watchlist: 0.1s | perf: 0.2s

=== Run at 2026-08-15T22:22:29.403260 ===
Current time: 2026-08-15 06:22 PM EDT | Market open (per Alpaca): False | Session: CLOSED
Account value: $99,425.43
Cash: $2,352.13 | Holdings (14): {'CEG': '35.6034 sh (+1.36%)', 'CHD': '97.9637 sh (+0.01%)', 'COHR': '7.9896 sh (-4.69%)', 'CVX': '24.8836 sh (+1.17%)', 'GEHC': '0.6136 sh (-0.28%)', 'IVZ': '306.9138 sh (+1.21%)', 'LMT': '16.3555 sh (+0.32%)', 'MS': '43.8344 sh (-1.63%)', 'MSI': '21.1281 sh (-0.69%)', 'NUE': '36.5544 sh (-1.52%)', 'NVDA': '44.2888 sh (+0.48%)', 'NWS': '303.7199 sh (+1.75%)', 'STLD': '0.9216 sh (-2.54%)', 'WSM': '0.1026 sh (-1.61%)'}
Open orders (1): NVDA sell 44.2888
Risk state: peak $99,703.60 | drawdown 0.28% | today -0.00% | halted: False
Market regime: NEUTRAL (position-size multiplier: 100% incl. circuit breaker 100%)
News: fetched 158, 0 new after dedup, 0 ticker(s) matched.
Quant pre-screen: 48/67 candidates passed.
Gemini proposed 2 trade(s) meeting the conviction bar.
Gemini calls used today (all models combined): 450
Market closed (overnight): queued 12 trade idea(s) for next-morning verification -- nothing submitted yet.
  -> queued WDC buy (conf 92, stop 485.0, tp 560.0)
  -> queued WFC buy (conf 91, stop 86.06, tp 97.76)
  -> queued HAS buy (conf 90, stop 89.34, tp 106.82)
  -> queued HUM buy (conf None, stop 354.57, tp 392.49)
  -> queued WDAY buy (conf 85, stop 188.0, tp 220.0)
  -> queued BAC buy (conf 85, stop 62.5, tp 67.5)
  -> queued HBAN buy (conf 85, stop 17.09, tp 19.45)
  -> queued TDY buy (conf 80, stop 654.41, tp 710.0)
  -> queued TTWO buy (conf 80, stop 228.4, tp 265.49)
  -> queued NDAQ buy (conf 83, stop 93.23, tp 101.78)
  -> queued TYL buy (conf 91, stop 300.28, tp 334.89)
  -> queued LYB buy (conf 80, stop 62.0, tp 67.50000000000001)
Dashboard watchlist synced (16 symbols) for news/headlines.
Ending portfolio value: $99,425.43
Trade journal: no closed trades yet
Performance: Total return -0.41% | Max drawdown 12.37% | Daily Sharpe 0.27 | Open positions: 14 | Equity $99,425.43
Timings: account: 0.0s | risk: 3.8s | decide: 4.2s | watchlist: 0.2s | perf: 0.3s

=== Run at 2026-08-15T22:24:22.714294 ===
Current time: 2026-08-15 06:24 PM EDT | Market open (per Alpaca): False | Session: CLOSED
Account value: $99,425.43
Cash: $2,352.13 | Holdings (14): {'CEG': '35.6034 sh (+1.36%)', 'CHD': '97.9637 sh (+0.01%)', 'COHR': '7.9896 sh (-4.69%)', 'CVX': '24.8836 sh (+1.17%)', 'GEHC': '0.6136 sh (-0.28%)', 'IVZ': '306.9138 sh (+1.21%)', 'LMT': '16.3555 sh (+0.32%)', 'MS': '43.8344 sh (-1.63%)', 'MSI': '21.1281 sh (-0.69%)', 'NUE': '36.5544 sh (-1.52%)', 'NVDA': '44.2888 sh (+0.48%)', 'NWS': '303.7199 sh (+1.75%)', 'STLD': '0.9216 sh (-2.54%)', 'WSM': '0.1026 sh (-1.61%)'}
Open orders (1): NVDA sell 44.2888
Risk state: peak $99,703.60 | drawdown 0.28% | today -0.00% | halted: False
Market regime: NEUTRAL (position-size multiplier: 100% incl. circuit breaker 100%)
News: fetched 158, 2 new after dedup, 0 ticker(s) matched.
Quant pre-screen: 48/67 candidates passed.
Gemini proposed 2 trade(s) meeting the conviction bar.
Gemini calls used today (all models combined): 451
Market closed (overnight): queued 12 trade idea(s) for next-morning verification -- nothing submitted yet.
  -> queued WDC buy (conf 92, stop 485.0, tp 560.0)
  -> queued WFC buy (conf 91, stop 86.06, tp 97.76)
  -> queued HAS buy (conf 90, stop 89.34, tp 106.82)
  -> queued HUM buy (conf None, stop 354.57, tp 392.49)
  -> queued WDAY buy (conf 85, stop 188.0, tp 220.0)
  -> queued BAC buy (conf 85, stop 62.5, tp 67.5)
  -> queued HBAN buy (conf 85, stop 17.09, tp 19.45)
  -> queued TDY buy (conf 80, stop 654.41, tp 710.0)
  -> queued TTWO buy (conf 91, stop 235.0, tp 270.0)
  -> queued NDAQ buy (conf 83, stop 93.23, tp 101.78)
  -> queued TYL buy (conf 92, stop 315.0, tp 355.00000000000006)
  -> queued LYB buy (conf 80, stop 62.0, tp 67.50000000000001)
Dashboard watchlist synced (16 symbols) for news/headlines.
Ending portfolio value: $99,425.43
Trade journal: no closed trades yet
Performance: Total return -0.41% | Max drawdown 12.37% | Daily Sharpe 0.27 | Open positions: 14 | Equity $99,425.43
Timings: account: 0.0s | risk: 2.0s | decide: 3.4s | watchlist: 0.1s | perf: 0.1s

=== Run at 2026-08-15T22:26:29.820948 ===
Current time: 2026-08-15 06:26 PM EDT | Market open (per Alpaca): False | Session: CLOSED
Account value: $99,425.43
Cash: $2,352.13 | Holdings (14): {'CEG': '35.6034 sh (+1.36%)', 'CHD': '97.9637 sh (+0.01%)', 'COHR': '7.9896 sh (-4.69%)', 'CVX': '24.8836 sh (+1.17%)', 'GEHC': '0.6136 sh (-0.28%)', 'IVZ': '306.9138 sh (+1.21%)', 'LMT': '16.3555 sh (+0.32%)', 'MS': '43.8344 sh (-1.63%)', 'MSI': '21.1281 sh (-0.69%)', 'NUE': '36.5544 sh (-1.52%)', 'NVDA': '44.2888 sh (+0.48%)', 'NWS': '303.7199 sh (+1.75%)', 'STLD': '0.9216 sh (-2.54%)', 'WSM': '0.1026 sh (-1.61%)'}
Open orders (1): NVDA sell 44.2888
Risk state: peak $99,703.60 | drawdown 0.28% | today -0.00% | halted: False
Market regime: NEUTRAL (position-size multiplier: 100% incl. circuit breaker 100%)
News: fetched 158, 1 new after dedup, 0 ticker(s) matched.
Quant pre-screen: 48/67 candidates passed.
Gemini proposed 1 trade(s) meeting the conviction bar.
Gemini calls used today (all models combined): 452
Market closed (overnight): queued 12 trade idea(s) for next-morning verification -- nothing submitted yet.
  -> queued WDC buy (conf 92, stop 485.0, tp 560.0)
  -> queued WFC buy (conf 91, stop 86.06, tp 97.76)
  -> queued HAS buy (conf 90, stop 89.34, tp 106.82)
  -> queued HUM buy (conf None, stop 354.57, tp 392.49)
  -> queued WDAY buy (conf 85, stop 188.0, tp 220.0)
  -> queued BAC buy (conf 85, stop 62.5, tp 67.5)
  -> queued HBAN buy (conf 85, stop 17.09, tp 19.45)
  -> queued TDY buy (conf 85, stop 654.41, tp 710.0)
  -> queued TTWO buy (conf 91, stop 235.0, tp 270.0)
  -> queued NDAQ buy (conf 83, stop 93.23, tp 101.78)
  -> queued TYL buy (conf 92, stop 315.0, tp 355.00000000000006)
  -> queued LYB buy (conf 80, stop 62.0, tp 67.50000000000001)
Dashboard watchlist synced (15 symbols) for news/headlines.
Ending portfolio value: $99,425.43
Trade journal: no closed trades yet
Performance: Total return -0.41% | Max drawdown 12.37% | Daily Sharpe 0.27 | Open positions: 14 | Equity $99,425.43
Timings: account: 0.0s | risk: 3.4s | decide: 3.6s | watchlist: 0.2s | perf: 0.3s

=== Run at 2026-08-15T22:28:22.572372 ===
Current time: 2026-08-15 06:28 PM EDT | Market open (per Alpaca): False | Session: CLOSED
Account value: $99,425.43
Cash: $2,352.13 | Holdings (14): {'CEG': '35.6034 sh (+1.36%)', 'CHD': '97.9637 sh (+0.01%)', 'COHR': '7.9896 sh (-4.69%)', 'CVX': '24.8836 sh (+1.17%)', 'GEHC': '0.6136 sh (-0.28%)', 'IVZ': '306.9138 sh (+1.21%)', 'LMT': '16.3555 sh (+0.32%)', 'MS': '43.8344 sh (-1.63%)', 'MSI': '21.1281 sh (-0.69%)', 'NUE': '36.5544 sh (-1.52%)', 'NVDA': '44.2888 sh (+0.48%)', 'NWS': '303.7199 sh (+1.75%)', 'STLD': '0.9216 sh (-2.54%)', 'WSM': '0.1026 sh (-1.61%)'}
Open orders (1): NVDA sell 44.2888
Risk state: peak $99,703.60 | drawdown 0.28% | today -0.00% | halted: False
Market regime: NEUTRAL (position-size multiplier: 100% incl. circuit breaker 100%)
News: fetched 158, 1 new after dedup, 0 ticker(s) matched.
Quant pre-screen: 48/67 candidates passed.
Technical fallback (Gemini throttled/unavailable) proposed 51 trade(s) meeting the conviction bar.
Gemini calls used today (all models combined): 452
Market closed (overnight): queued 12 trade idea(s) for next-morning verification -- nothing submitted yet.
  -> queued WDC buy (conf 92, stop 485.0, tp 560.0)
  -> queued WFC buy (conf 91, stop 86.06, tp 97.76)
  -> queued HAS buy (conf 90, stop 89.34, tp 106.82)
  -> queued HUM buy (conf None, stop 354.57, tp 392.49)
  -> queued WDAY buy (conf 85, stop 188.0, tp 220.0)
  -> queued BAC buy (conf 85, stop 62.5, tp 67.5)
  -> queued HBAN buy (conf 85, stop 17.09, tp 19.45)
  -> queued TDY buy (conf None, stop 654.41, tp 697.61)
  -> queued TTWO buy (conf None, stop 228.4, tp 256.285)
  -> queued NDAQ buy (conf None, stop 93.23, tp 97.755)
  -> queued TYL buy (conf None, stop 300.28, tp 334.89)
  -> queued LYB buy (conf None, stop 58.01, tp 64.365)
Run budget spent -- skipping dashboard watchlist sync.
Run budget spent -- skipping performance snapshot.
Trade journal: no closed trades yet
Performance: Total return -0.41% | Max drawdown 12.37% | Daily Sharpe 0.27 | Open positions: 14 | Equity $99,425.43
Timings: account: 0.0s | risk: 1.8s | decide: 28.1s | watchlist: 0.0s | perf: 0.0s

=== Run at 2026-08-15T22:30:36.705450 ===
Current time: 2026-08-15 06:30 PM EDT | Market open (per Alpaca): False | Session: CLOSED
Account value: $99,425.43
Cash: $2,352.13 | Holdings (14): {'CEG': '35.6034 sh (+1.36%)', 'CHD': '97.9637 sh (+0.01%)', 'COHR': '7.9896 sh (-4.69%)', 'CVX': '24.8836 sh (+1.17%)', 'GEHC': '0.6136 sh (-0.28%)', 'IVZ': '306.9138 sh (+1.21%)', 'LMT': '16.3555 sh (+0.32%)', 'MS': '43.8344 sh (-1.63%)', 'MSI': '21.1281 sh (-0.69%)', 'NUE': '36.5544 sh (-1.52%)', 'NVDA': '44.2888 sh (+0.48%)', 'NWS': '303.7199 sh (+1.75%)', 'STLD': '0.9216 sh (-2.54%)', 'WSM': '0.1026 sh (-1.61%)'}
Open orders (1): NVDA sell 44.2888
Risk state: peak $99,703.60 | drawdown 0.28% | today -0.00% | halted: False
Market regime: NEUTRAL (position-size multiplier: 100% incl. circuit breaker 100%)
News: fetched 158, 1 new after dedup, 3 ticker(s) matched.
Quant pre-screen: 19/26 candidates passed.
Gemini proposed 2 trade(s) meeting the conviction bar.
Gemini calls used today (all models combined): 453
Market closed (overnight): queued 12 trade idea(s) for next-morning verification -- nothing submitted yet.
  -> queued WDC buy (conf 92, stop 485.0, tp 560.0)
  -> queued WFC buy (conf 91, stop 86.06, tp 97.76)
  -> queued HAS buy (conf 90, stop 89.34, tp 106.82)
  -> queued HUM buy (conf None, stop 354.57, tp 392.49)
  -> queued WDAY buy (conf 85, stop 188.0, tp 220.0)
  -> queued BAC buy (conf 85, stop 62.5, tp 67.5)
  -> queued HBAN buy (conf 85, stop 17.09, tp 19.45)
  -> queued TDY buy (conf 85, stop 654.41, tp 715.0)
  -> queued TTWO buy (conf 80, stop 228.4, tp 265.49)
  -> queued NDAQ buy (conf None, stop 93.23, tp 97.755)
  -> queued TYL buy (conf None, stop 300.28, tp 334.89)
  -> queued LYB buy (conf None, stop 58.01, tp 64.365)
Dashboard watchlist synced (19 symbols) for news/headlines.
Ending portfolio value: $99,425.43
Trade journal: no closed trades yet
Performance: Total return -0.41% | Max drawdown 12.37% | Daily Sharpe 0.27 | Open positions: 14 | Equity $99,425.43
Timings: account: 0.0s | risk: 3.4s | decide: 7.3s | watchlist: 0.1s | perf: 0.2s

=== Run at 2026-08-15T22:32:24.323030 ===
Current time: 2026-08-15 06:32 PM EDT | Market open (per Alpaca): False | Session: CLOSED
Account value: $99,425.43
Cash: $2,352.13 | Holdings (14): {'CEG': '35.6034 sh (+1.36%)', 'CHD': '97.9637 sh (+0.01%)', 'COHR': '7.9896 sh (-4.69%)', 'CVX': '24.8836 sh (+1.17%)', 'GEHC': '0.6136 sh (-0.28%)', 'IVZ': '306.9138 sh (+1.21%)', 'LMT': '16.3555 sh (+0.32%)', 'MS': '43.8344 sh (-1.63%)', 'MSI': '21.1281 sh (-0.69%)', 'NUE': '36.5544 sh (-1.52%)', 'NVDA': '44.2888 sh (+0.48%)', 'NWS': '303.7199 sh (+1.75%)', 'STLD': '0.9216 sh (-2.54%)', 'WSM': '0.1026 sh (-1.61%)'}
Open orders (1): NVDA sell 44.2888
Risk state: peak $99,703.60 | drawdown 0.28% | today -0.00% | halted: False
Market regime: NEUTRAL (position-size multiplier: 100% incl. circuit breaker 100%)
News: fetched 158, 0 new after dedup, 0 ticker(s) matched.
Quant pre-screen: 48/67 candidates passed.
Gemini proposed 3 trade(s) meeting the conviction bar.
Gemini calls used today (all models combined): 454
Market closed (overnight): queued 12 trade idea(s) for next-morning verification -- nothing submitted yet.
  -> queued WDC buy (conf 92, stop 485.0, tp 560.0)
  -> queued WFC buy (conf 91, stop 86.06, tp 97.76)
  -> queued HAS buy (conf 90, stop 89.34, tp 106.82)
  -> queued HUM buy (conf None, stop 354.57, tp 392.49)
  -> queued WDAY buy (conf 85, stop 188.0, tp 220.0)
  -> queued BAC buy (conf 85, stop 62.5, tp 67.5)
  -> queued HBAN buy (conf 85, stop 17.09, tp 19.45)
  -> queued TDY buy (conf 85, stop 654.41, tp 710.0)
  -> queued TTWO buy (conf 82, stop 230.0, tp 265.49)
  -> queued NDAQ buy (conf 80, stop 93.23, tp 101.78)
  -> queued TYL buy (conf None, stop 300.28, tp 334.89)
  -> queued LYB buy (conf None, stop 58.01, tp 64.365)
Dashboard watchlist synced (17 symbols) for news/headlines.
Ending portfolio value: $99,425.43
Trade journal: no closed trades yet
Performance: Total return -0.41% | Max drawdown 12.37% | Daily Sharpe 0.27 | Open positions: 14 | Equity $99,425.43
Timings: account: 0.0s | risk: 1.7s | decide: 2.6s | watchlist: 0.1s | perf: 0.1s

=== Run at 2026-08-15T22:34:26.828223 ===
Current time: 2026-08-15 06:34 PM EDT | Market open (per Alpaca): False | Session: CLOSED
Account value: $99,425.43
Cash: $2,352.13 | Holdings (14): {'CEG': '35.6034 sh (+1.36%)', 'CHD': '97.9637 sh (+0.01%)', 'COHR': '7.9896 sh (-4.69%)', 'CVX': '24.8836 sh (+1.17%)', 'GEHC': '0.6136 sh (-0.28%)', 'IVZ': '306.9138 sh (+1.21%)', 'LMT': '16.3555 sh (+0.32%)', 'MS': '43.8344 sh (-1.63%)', 'MSI': '21.1281 sh (-0.69%)', 'NUE': '36.5544 sh (-1.52%)', 'NVDA': '44.2888 sh (+0.48%)', 'NWS': '303.7199 sh (+1.75%)', 'STLD': '0.9216 sh (-2.54%)', 'WSM': '0.1026 sh (-1.61%)'}
Open orders (1): NVDA sell 44.2888
Risk state: peak $99,703.60 | drawdown 0.28% | today -0.00% | halted: False
Market regime: NEUTRAL (position-size multiplier: 100% incl. circuit breaker 100%)
News: fetched 158, 0 new after dedup, 0 ticker(s) matched.
Quant pre-screen: 48/67 candidates passed.
Technical fallback (Gemini throttled/unavailable) proposed 51 trade(s) meeting the conviction bar.
Gemini calls used today (all models combined): 454
Market closed (overnight): queued 12 trade idea(s) for next-morning verification -- nothing submitted yet.
  -> queued WDC buy (conf 92, stop 485.0, tp 560.0)
  -> queued WFC buy (conf 91, stop 86.06, tp 97.76)
  -> queued HAS buy (conf 90, stop 89.34, tp 106.82)
  -> queued HUM buy (conf None, stop 354.57, tp 392.49)
  -> queued WDAY buy (conf 85, stop 188.0, tp 220.0)
  -> queued BAC buy (conf 85, stop 62.5, tp 67.5)
  -> queued HBAN buy (conf 85, stop 17.09, tp 19.45)
  -> queued TDY buy (conf None, stop 654.41, tp 697.61)
  -> queued TTWO buy (conf None, stop 228.4, tp 256.285)
  -> queued NDAQ buy (conf None, stop 93.23, tp 97.755)
  -> queued TYL buy (conf None, stop 300.28, tp 334.89)
  -> queued LYB buy (conf None, stop 58.01, tp 64.365)
Run budget spent -- skipping dashboard watchlist sync.
Run budget spent -- skipping performance snapshot.
Trade journal: no closed trades yet
Performance: Total return -0.41% | Max drawdown 12.37% | Daily Sharpe 0.27 | Open positions: 14 | Equity $99,425.43
Timings: account: 0.0s | risk: 1.9s | decide: 27.9s | watchlist: 0.0s | perf: 0.0s

=== Run at 2026-08-15T22:36:24.292991 ===
Current time: 2026-08-15 06:36 PM EDT | Market open (per Alpaca): False | Session: CLOSED
Account value: $99,425.43
Cash: $2,352.13 | Holdings (14): {'CEG': '35.6034 sh (+1.36%)', 'CHD': '97.9637 sh (+0.01%)', 'COHR': '7.9896 sh (-4.69%)', 'CVX': '24.8836 sh (+1.17%)', 'GEHC': '0.6136 sh (-0.28%)', 'IVZ': '306.9138 sh (+1.21%)', 'LMT': '16.3555 sh (+0.32%)', 'MS': '43.8344 sh (-1.63%)', 'MSI': '21.1281 sh (-0.69%)', 'NUE': '36.5544 sh (-1.52%)', 'NVDA': '44.2888 sh (+0.48%)', 'NWS': '303.7199 sh (+1.75%)', 'STLD': '0.9216 sh (-2.54%)', 'WSM': '0.1026 sh (-1.61%)'}
Open orders (1): NVDA sell 44.2888
Risk state: peak $99,703.60 | drawdown 0.28% | today -0.00% | halted: False
Market regime: NEUTRAL (position-size multiplier: 100% incl. circuit breaker 100%)
News: fetched 158, 1 new after dedup, 0 ticker(s) matched.
Quant pre-screen: 48/67 candidates passed.
Gemini proposed 2 trade(s) meeting the conviction bar.
Gemini calls used today (all models combined): 455
Market closed (overnight): queued 12 trade idea(s) for next-morning verification -- nothing submitted yet.
  -> queued WDC buy (conf 92, stop 485.0, tp 560.0)
  -> queued WFC buy (conf 91, stop 86.06, tp 97.76)
  -> queued HAS buy (conf 90, stop 89.34, tp 106.82)
  -> queued HUM buy (conf None, stop 354.57, tp 392.49)
  -> queued WDAY buy (conf 85, stop 188.0, tp 220.0)
  -> queued BAC buy (conf 85, stop 62.5, tp 67.5)
  -> queued HBAN buy (conf 85, stop 17.09, tp 19.45)
  -> queued TDY buy (conf None, stop 654.41, tp 697.61)
  -> queued TTWO buy (conf 90, stop 235.0, tp 270.0)
  -> queued NDAQ buy (conf None, stop 93.23, tp 97.755)
  -> queued TYL buy (conf 92, stop 310.0, tp 355.0)
  -> queued LYB buy (conf None, stop 58.01, tp 64.365)
Dashboard watchlist synced (16 symbols) for news/headlines.
Ending portfolio value: $99,425.43
Trade journal: no closed trades yet
Performance: Total return -0.41% | Max drawdown 12.37% | Daily Sharpe 0.27 | Open positions: 14 | Equity $99,425.43
Timings: account: 0.0s | risk: 0.9s | decide: 2.1s | watchlist: 0.0s | perf: 0.1s

=== Run at 2026-08-15T22:38:29.314512 ===
Current time: 2026-08-15 06:38 PM EDT | Market open (per Alpaca): False | Session: CLOSED
Account value: $99,425.43
Cash: $2,352.13 | Holdings (14): {'CEG': '35.6034 sh (+1.36%)', 'CHD': '97.9637 sh (+0.01%)', 'COHR': '7.9896 sh (-4.69%)', 'CVX': '24.8836 sh (+1.17%)', 'GEHC': '0.6136 sh (-0.28%)', 'IVZ': '306.9138 sh (+1.21%)', 'LMT': '16.3555 sh (+0.32%)', 'MS': '43.8344 sh (-1.63%)', 'MSI': '21.1281 sh (-0.69%)', 'NUE': '36.5544 sh (-1.52%)', 'NVDA': '44.2888 sh (+0.48%)', 'NWS': '303.7199 sh (+1.75%)', 'STLD': '0.9216 sh (-2.54%)', 'WSM': '0.1026 sh (-1.61%)'}
Open orders (1): NVDA sell 44.2888
Risk state: peak $99,703.60 | drawdown 0.28% | today -0.00% | halted: False
Market regime: NEUTRAL (position-size multiplier: 100% incl. circuit breaker 100%)
News: fetched 158, 1 new after dedup, 0 ticker(s) matched.
Quant pre-screen: 48/67 candidates passed.
Gemini proposed 2 trade(s) meeting the conviction bar.
Gemini calls used today (all models combined): 456
Market closed (overnight): queued 12 trade idea(s) for next-morning verification -- nothing submitted yet.
  -> queued WDC buy (conf 92, stop 485.0, tp 560.0)
  -> queued WFC buy (conf 91, stop 86.06, tp 97.76)
  -> queued HAS buy (conf 90, stop 89.34, tp 106.82)
  -> queued HUM buy (conf None, stop 354.57, tp 392.49)
  -> queued WDAY buy (conf 85, stop 188.0, tp 220.0)
  -> queued BAC buy (conf 85, stop 62.5, tp 67.5)
  -> queued HBAN buy (conf 85, stop 17.09, tp 19.45)
  -> queued TDY buy (conf None, stop 654.41, tp 697.61)
  -> queued TTWO buy (conf 85, stop 232.0, tp 270.0)
  -> queued NDAQ buy (conf None, stop 93.23, tp 97.755)
  -> queued TYL buy (conf 80, stop 312.0, tp 355.0)
  -> queued LYB buy (conf None, stop 58.01, tp 64.365)
Dashboard watchlist synced (16 symbols) for news/headlines.
Ending portfolio value: $99,425.43
Trade journal: no closed trades yet
Performance: Total return -0.41% | Max drawdown 12.37% | Daily Sharpe 0.27 | Open positions: 14 | Equity $99,425.43
Timings: account: 0.0s | risk: 3.0s | decide: 4.1s | watchlist: 0.1s | perf: 0.2s

=== Run at 2026-08-15T22:40:28.573994 ===
Current time: 2026-08-15 06:40 PM EDT | Market open (per Alpaca): False | Session: CLOSED
Account value: $99,425.43
Cash: $2,352.13 | Holdings (14): {'CEG': '35.6034 sh (+1.36%)', 'CHD': '97.9637 sh (+0.01%)', 'COHR': '7.9896 sh (-4.69%)', 'CVX': '24.8836 sh (+1.17%)', 'GEHC': '0.6136 sh (-0.28%)', 'IVZ': '306.9138 sh (+1.21%)', 'LMT': '16.3555 sh (+0.32%)', 'MS': '43.8344 sh (-1.63%)', 'MSI': '21.1281 sh (-0.69%)', 'NUE': '36.5544 sh (-1.52%)', 'NVDA': '44.2888 sh (+0.48%)', 'NWS': '303.7199 sh (+1.75%)', 'STLD': '0.9216 sh (-2.54%)', 'WSM': '0.1026 sh (-1.61%)'}
Open orders (1): NVDA sell 44.2888
Risk state: peak $99,703.60 | drawdown 0.28% | today -0.00% | halted: False
Market regime: NEUTRAL (position-size multiplier: 100% incl. circuit breaker 100%)
News: fetched 158, 0 new after dedup, 0 ticker(s) matched.
Quant pre-screen: 48/67 candidates passed.
Gemini proposed 1 trade(s) meeting the conviction bar.
Gemini calls used today (all models combined): 457
Market closed (overnight): queued 12 trade idea(s) for next-morning verification -- nothing submitted yet.
  -> queued WDC buy (conf 92, stop 485.0, tp 560.0)
  -> queued WFC buy (conf 91, stop 86.06, tp 97.76)
  -> queued HAS buy (conf 90, stop 89.34, tp 106.82)
  -> queued HUM buy (conf None, stop 354.57, tp 392.49)
  -> queued WDAY buy (conf 85, stop 188.0, tp 220.0)
  -> queued BAC buy (conf 85, stop 62.5, tp 67.5)
  -> queued HBAN buy (conf 85, stop 17.09, tp 19.45)
  -> queued TDY buy (conf 85, stop 654.41, tp 720.0)
  -> queued TTWO buy (conf 85, stop 232.0, tp 270.0)
  -> queued NDAQ buy (conf None, stop 93.23, tp 97.755)
  -> queued TYL buy (conf 80, stop 312.0, tp 355.0)
  -> queued LYB buy (conf None, stop 58.01, tp 64.365)
Dashboard watchlist synced (15 symbols) for news/headlines.
Ending portfolio value: $99,425.43
Trade journal: no closed trades yet
Performance: Total return -0.41% | Max drawdown 12.37% | Daily Sharpe 0.27 | Open positions: 14 | Equity $99,425.43
Timings: account: 0.0s | risk: 0.9s | decide: 2.2s | watchlist: 0.0s | perf: 0.1s

=== Run at 2026-08-15T22:42:28.837457 ===
Current time: 2026-08-15 06:42 PM EDT | Market open (per Alpaca): False | Session: CLOSED
Account value: $99,425.43
Cash: $2,352.13 | Holdings (14): {'CEG': '35.6034 sh (+1.36%)', 'CHD': '97.9637 sh (+0.01%)', 'COHR': '7.9896 sh (-4.69%)', 'CVX': '24.8836 sh (+1.17%)', 'GEHC': '0.6136 sh (-0.28%)', 'IVZ': '306.9138 sh (+1.21%)', 'LMT': '16.3555 sh (+0.32%)', 'MS': '43.8344 sh (-1.63%)', 'MSI': '21.1281 sh (-0.69%)', 'NUE': '36.5544 sh (-1.52%)', 'NVDA': '44.2888 sh (+0.48%)', 'NWS': '303.7199 sh (+1.75%)', 'STLD': '0.9216 sh (-2.54%)', 'WSM': '0.1026 sh (-1.61%)'}
Open orders (1): NVDA sell 44.2888
Risk state: peak $99,703.60 | drawdown 0.28% | today -0.00% | halted: False
Market regime: NEUTRAL (position-size multiplier: 100% incl. circuit breaker 100%)
News: fetched 158, 0 new after dedup, 0 ticker(s) matched.
Quant pre-screen: 48/67 candidates passed.
Gemini proposed 3 trade(s) meeting the conviction bar.
Gemini calls used today (all models combined): 458
Market closed (overnight): queued 12 trade idea(s) for next-morning verification -- nothing submitted yet.
  -> queued WDC buy (conf 92, stop 485.0, tp 560.0)
  -> queued WFC buy (conf 91, stop 86.06, tp 97.76)
  -> queued HAS buy (conf 90, stop 89.34, tp 106.82)
  -> queued HUM buy (conf None, stop 354.57, tp 392.49)
  -> queued WDAY buy (conf 85, stop 188.0, tp 220.0)
  -> queued BAC buy (conf 85, stop 62.5, tp 67.5)
  -> queued HBAN buy (conf 85, stop 17.09, tp 19.45)
  -> queued TDY buy (conf 90, stop 660.0, tp 720.0)
  -> queued TTWO buy (conf 90, stop 235.0, tp 270.0)
  -> queued NDAQ buy (conf None, stop 93.23, tp 97.755)
  -> queued TYL buy (conf 92, stop 315.0, tp 355.00000000000006)
  -> queued LYB buy (conf None, stop 58.01, tp 64.365)
Dashboard watchlist synced (17 symbols) for news/headlines.
Ending portfolio value: $99,425.43
Trade journal: no closed trades yet
Performance: Total return -0.41% | Max drawdown 12.37% | Daily Sharpe 0.27 | Open positions: 14 | Equity $99,425.43
Timings: account: 0.0s | risk: 1.8s | decide: 2.7s | watchlist: 0.1s | perf: 0.1s

=== Run at 2026-08-15T22:44:27.376909 ===
Current time: 2026-08-15 06:44 PM EDT | Market open (per Alpaca): False | Session: CLOSED
Account value: $99,425.43
Cash: $2,352.13 | Holdings (14): {'CEG': '35.6034 sh (+1.36%)', 'CHD': '97.9637 sh (+0.01%)', 'COHR': '7.9896 sh (-4.69%)', 'CVX': '24.8836 sh (+1.17%)', 'GEHC': '0.6136 sh (-0.28%)', 'IVZ': '306.9138 sh (+1.21%)', 'LMT': '16.3555 sh (+0.32%)', 'MS': '43.8344 sh (-1.63%)', 'MSI': '21.1281 sh (-0.69%)', 'NUE': '36.5544 sh (-1.52%)', 'NVDA': '44.2888 sh (+0.48%)', 'NWS': '303.7199 sh (+1.75%)', 'STLD': '0.9216 sh (-2.54%)', 'WSM': '0.1026 sh (-1.61%)'}
Open orders (1): NVDA sell 44.2888
Risk state: peak $99,703.60 | drawdown 0.28% | today -0.00% | halted: False
Market regime: NEUTRAL (position-size multiplier: 100% incl. circuit breaker 100%)
News: fetched 158, 0 new after dedup, 0 ticker(s) matched.
Quant pre-screen: 48/67 candidates passed.
Gemini proposed 3 trade(s) meeting the conviction bar.
Gemini calls used today (all models combined): 459
Market closed (overnight): queued 12 trade idea(s) for next-morning verification -- nothing submitted yet.
  -> queued WDC buy (conf 92, stop 485.0, tp 560.0)
  -> queued WFC buy (conf 91, stop 86.06, tp 97.76)
  -> queued HAS buy (conf 90, stop 89.34, tp 106.82)
  -> queued HUM buy (conf None, stop 354.57, tp 392.49)
  -> queued WDAY buy (conf 85, stop 188.0, tp 220.0)
  -> queued BAC buy (conf 85, stop 62.5, tp 67.5)
  -> queued HBAN buy (conf 85, stop 17.09, tp 19.45)
  -> queued TDY buy (conf 90, stop 660.0, tp 720.0)
  -> queued TTWO buy (conf 91, stop 228.4, tp 275.0)
  -> queued NDAQ buy (conf 83, stop 93.23, tp 105.0)
  -> queued TYL buy (conf 92, stop 300.28, tp 360.0)
  -> queued LYB buy (conf None, stop 58.01, tp 64.365)
Dashboard watchlist synced (17 symbols) for news/headlines.
Ending portfolio value: $99,425.43
Trade journal: no closed trades yet
Performance: Total return -0.41% | Max drawdown 12.37% | Daily Sharpe 0.27 | Open positions: 14 | Equity $99,425.43
Timings: account: 0.0s | risk: 2.0s | decide: 3.9s | watchlist: 0.1s | perf: 0.1s

=== Run at 2026-08-15T22:46:29.500274 ===
Current time: 2026-08-15 06:46 PM EDT | Market open (per Alpaca): False | Session: CLOSED
Account value: $99,425.43
Cash: $2,352.13 | Holdings (14): {'CEG': '35.6034 sh (+1.36%)', 'CHD': '97.9637 sh (+0.01%)', 'COHR': '7.9896 sh (-4.69%)', 'CVX': '24.8836 sh (+1.17%)', 'GEHC': '0.6136 sh (-0.28%)', 'IVZ': '306.9138 sh (+1.21%)', 'LMT': '16.3555 sh (+0.32%)', 'MS': '43.8344 sh (-1.63%)', 'MSI': '21.1281 sh (-0.69%)', 'NUE': '36.5544 sh (-1.52%)', 'NVDA': '44.2888 sh (+0.48%)', 'NWS': '303.7199 sh (+1.75%)', 'STLD': '0.9216 sh (-2.54%)', 'WSM': '0.1026 sh (-1.61%)'}
Open orders (1): NVDA sell 44.2888
Risk state: peak $99,703.60 | drawdown 0.28% | today -0.00% | halted: False
Market regime: NEUTRAL (position-size multiplier: 100% incl. circuit breaker 100%)
News: fetched 158, 1 new after dedup, 0 ticker(s) matched.
Quant pre-screen: 48/67 candidates passed.
Gemini proposed 3 trade(s) meeting the conviction bar.
Gemini calls used today (all models combined): 460
Market closed (overnight): queued 12 trade idea(s) for next-morning verification -- nothing submitted yet.
  -> queued WDC buy (conf 92, stop 485.0, tp 560.0)
  -> queued WFC buy (conf 91, stop 86.06, tp 97.76)
  -> queued HAS buy (conf 90, stop 89.34, tp 106.82)
  -> queued HUM buy (conf None, stop 354.57, tp 392.49)
  -> queued WDAY buy (conf 85, stop 188.0, tp 220.0)
  -> queued BAC buy (conf 85, stop 62.5, tp 67.5)
  -> queued HBAN buy (conf 85, stop 17.09, tp 19.45)
  -> queued TDY buy (conf 90, stop 654.41, tp 697.61)
  -> queued TTWO buy (conf 92, stop 228.4, tp 265.49)
  -> queued NDAQ buy (conf 83, stop 93.23, tp 105.0)
  -> queued TYL buy (conf 90, stop 300.28, tp 334.89)
  -> queued LYB buy (conf None, stop 58.01, tp 64.365)
Dashboard watchlist synced (17 symbols) for news/headlines.
Ending portfolio value: $99,425.43
Trade journal: no closed trades yet
Performance: Total return -0.41% | Max drawdown 12.37% | Daily Sharpe 0.27 | Open positions: 14 | Equity $99,425.43
Timings: account: 0.0s | risk: 3.8s | decide: 4.6s | watchlist: 0.1s | perf: 0.2s

=== Run at 2026-08-15T22:48:25.216472 ===
Current time: 2026-08-15 06:48 PM EDT | Market open (per Alpaca): False | Session: CLOSED
Account value: $99,425.43
Cash: $2,352.13 | Holdings (14): {'CEG': '35.6034 sh (+1.36%)', 'CHD': '97.9637 sh (+0.01%)', 'COHR': '7.9896 sh (-4.69%)', 'CVX': '24.8836 sh (+1.17%)', 'GEHC': '0.6136 sh (-0.28%)', 'IVZ': '306.9138 sh (+1.21%)', 'LMT': '16.3555 sh (+0.32%)', 'MS': '43.8344 sh (-1.63%)', 'MSI': '21.1281 sh (-0.69%)', 'NUE': '36.5544 sh (-1.52%)', 'NVDA': '44.2888 sh (+0.48%)', 'NWS': '303.7199 sh (+1.75%)', 'STLD': '0.9216 sh (-2.54%)', 'WSM': '0.1026 sh (-1.61%)'}
Open orders (1): NVDA sell 44.2888
Risk state: peak $99,703.60 | drawdown 0.28% | today -0.00% | halted: False
Market regime: NEUTRAL (position-size multiplier: 100% incl. circuit breaker 100%)
News: fetched 158, 0 new after dedup, 0 ticker(s) matched.
Quant pre-screen: 48/67 candidates passed.
Gemini proposed 2 trade(s) meeting the conviction bar.
Gemini calls used today (all models combined): 461
Market closed (overnight): queued 12 trade idea(s) for next-morning verification -- nothing submitted yet.
  -> queued WDC buy (conf 92, stop 485.0, tp 560.0)
  -> queued WFC buy (conf 91, stop 86.06, tp 97.76)
  -> queued HAS buy (conf 90, stop 89.34, tp 106.82)
  -> queued HUM buy (conf None, stop 354.57, tp 392.49)
  -> queued WDAY buy (conf 85, stop 188.0, tp 220.0)
  -> queued BAC buy (conf 85, stop 62.5, tp 67.5)
  -> queued HBAN buy (conf 85, stop 17.09, tp 19.45)
  -> queued TDY buy (conf 85, stop 654.41, tp 715.0)
  -> queued TTWO buy (conf 85, stop 228.4, tp 270.0)
  -> queued NDAQ buy (conf 83, stop 93.23, tp 105.0)
  -> queued TYL buy (conf 90, stop 300.28, tp 334.89)
  -> queued LYB buy (conf None, stop 58.01, tp 64.365)
Dashboard watchlist synced (16 symbols) for news/headlines.
Ending portfolio value: $99,425.43
Trade journal: no closed trades yet
Performance: Total return -0.41% | Max drawdown 12.37% | Daily Sharpe 0.27 | Open positions: 14 | Equity $99,425.43
Timings: account: 0.0s | risk: 0.8s | decide: 22.0s | watchlist: 0.0s | perf: 0.1s

=== Run at 2026-08-15T22:50:30.535123 ===
Current time: 2026-08-15 06:50 PM EDT | Market open (per Alpaca): False | Session: CLOSED
Account value: $99,425.43
Cash: $2,352.13 | Holdings (14): {'CEG': '35.6034 sh (+1.36%)', 'CHD': '97.9637 sh (+0.01%)', 'COHR': '7.9896 sh (-4.69%)', 'CVX': '24.8836 sh (+1.17%)', 'GEHC': '0.6136 sh (-0.28%)', 'IVZ': '306.9138 sh (+1.21%)', 'LMT': '16.3555 sh (+0.32%)', 'MS': '43.8344 sh (-1.63%)', 'MSI': '21.1281 sh (-0.69%)', 'NUE': '36.5544 sh (-1.52%)', 'NVDA': '44.2888 sh (+0.48%)', 'NWS': '303.7199 sh (+1.75%)', 'STLD': '0.9216 sh (-2.54%)', 'WSM': '0.1026 sh (-1.61%)'}
Open orders (1): NVDA sell 44.2888
Risk state: peak $99,703.60 | drawdown 0.28% | today -0.00% | halted: False
Market regime: NEUTRAL (position-size multiplier: 100% incl. circuit breaker 100%)
News: fetched 158, 1 new after dedup, 0 ticker(s) matched.
Quant pre-screen: 48/67 candidates passed.
Gemini proposed 3 trade(s) meeting the conviction bar.
Gemini calls used today (all models combined): 462
Market closed (overnight): queued 12 trade idea(s) for next-morning verification -- nothing submitted yet.
  -> queued WDC buy (conf 92, stop 485.0, tp 560.0)
  -> queued WFC buy (conf 91, stop 86.06, tp 97.76)
  -> queued HAS buy (conf 90, stop 89.34, tp 106.82)
  -> queued HUM buy (conf None, stop 354.57, tp 392.49)
  -> queued WDAY buy (conf 85, stop 188.0, tp 220.0)
  -> queued BAC buy (conf 85, stop 62.5, tp 67.5)
  -> queued HBAN buy (conf 85, stop 17.09, tp 19.45)
  -> queued TDY buy (conf 99, stop 654.41, tp 715.0)
  -> queued TTWO buy (conf 94, stop 228.4, tp 265.0)
  -> queued NDAQ buy (conf 83, stop 93.23, tp 105.0)
  -> queued TYL buy (conf 94, stop 300.28, tp 355.0)
  -> queued LYB buy (conf None, stop 58.01, tp 64.365)
Dashboard watchlist synced (17 symbols) for news/headlines.
Ending portfolio value: $99,425.43
Trade journal: no closed trades yet
Performance: Total return -0.41% | Max drawdown 12.37% | Daily Sharpe 0.27 | Open positions: 14 | Equity $99,425.43
Timings: account: 0.0s | risk: 3.6s | decide: 6.4s | watchlist: 0.1s | perf: 0.3s

=== Run at 2026-08-15T22:52:30.831293 ===
Current time: 2026-08-15 06:52 PM EDT | Market open (per Alpaca): False | Session: CLOSED
Account value: $99,425.43
Cash: $2,352.13 | Holdings (14): {'CEG': '35.6034 sh (+1.36%)', 'CHD': '97.9637 sh (+0.01%)', 'COHR': '7.9896 sh (-4.69%)', 'CVX': '24.8836 sh (+1.17%)', 'GEHC': '0.6136 sh (-0.28%)', 'IVZ': '306.9138 sh (+1.21%)', 'LMT': '16.3555 sh (+0.32%)', 'MS': '43.8344 sh (-1.63%)', 'MSI': '21.1281 sh (-0.69%)', 'NUE': '36.5544 sh (-1.52%)', 'NVDA': '44.2888 sh (+0.48%)', 'NWS': '303.7199 sh (+1.75%)', 'STLD': '0.9216 sh (-2.54%)', 'WSM': '0.1026 sh (-1.61%)'}
Open orders (1): NVDA sell 44.2888
Risk state: peak $99,703.60 | drawdown 0.28% | today -0.00% | halted: False
Market regime: NEUTRAL (position-size multiplier: 100% incl. circuit breaker 100%)
News: fetched 158, 0 new after dedup, 0 ticker(s) matched.
Quant pre-screen: 48/67 candidates passed.
Gemini proposed 2 trade(s) meeting the conviction bar.
Gemini calls used today (all models combined): 463
Market closed (overnight): queued 12 trade idea(s) for next-morning verification -- nothing submitted yet.
  -> queued WDC buy (conf 92, stop 485.0, tp 560.0)
  -> queued WFC buy (conf 91, stop 86.06, tp 97.76)
  -> queued HAS buy (conf 90, stop 89.34, tp 106.82)
  -> queued HUM buy (conf None, stop 354.57, tp 392.49)
  -> queued WDAY buy (conf 85, stop 188.0, tp 220.0)
  -> queued BAC buy (conf 85, stop 62.5, tp 67.5)
  -> queued HBAN buy (conf 85, stop 17.09, tp 19.45)
  -> queued TDY buy (conf 99, stop 654.41, tp 715.0)
  -> queued TTWO buy (conf 90, stop 235.0, tp 270.0)
  -> queued NDAQ buy (conf 83, stop 93.23, tp 105.0)
  -> queued TYL buy (conf 91, stop 315.0, tp 355.0)
  -> queued LYB buy (conf None, stop 58.01, tp 64.365)
Dashboard watchlist synced (16 symbols) for news/headlines.
Ending portfolio value: $99,425.43
Trade journal: no closed trades yet
Performance: Total return -0.41% | Max drawdown 12.37% | Daily Sharpe 0.27 | Open positions: 14 | Equity $99,425.43
Timings: account: 0.0s | risk: 3.4s | decide: 24.0s | watchlist: 0.1s | perf: 0.3s

=== Run at 2026-08-15T22:54:30.412754 ===
Current time: 2026-08-15 06:54 PM EDT | Market open (per Alpaca): False | Session: CLOSED
Account value: $99,425.43
Cash: $2,352.13 | Holdings (14): {'CEG': '35.6034 sh (+1.36%)', 'CHD': '97.9637 sh (+0.01%)', 'COHR': '7.9896 sh (-4.69%)', 'CVX': '24.8836 sh (+1.17%)', 'GEHC': '0.6136 sh (-0.28%)', 'IVZ': '306.9138 sh (+1.21%)', 'LMT': '16.3555 sh (+0.32%)', 'MS': '43.8344 sh (-1.63%)', 'MSI': '21.1281 sh (-0.69%)', 'NUE': '36.5544 sh (-1.52%)', 'NVDA': '44.2888 sh (+0.48%)', 'NWS': '303.7199 sh (+1.75%)', 'STLD': '0.9216 sh (-2.54%)', 'WSM': '0.1026 sh (-1.61%)'}
Open orders (1): NVDA sell 44.2888
Risk state: peak $99,703.60 | drawdown 0.28% | today -0.00% | halted: False
Market regime: NEUTRAL (position-size multiplier: 100% incl. circuit breaker 100%)
News: fetched 158, 1 new after dedup, 0 ticker(s) matched.
Quant pre-screen: 48/67 candidates passed.
Technical fallback (Gemini throttled/unavailable) proposed 51 trade(s) meeting the conviction bar.
Gemini calls used today (all models combined): 463
Market closed (overnight): queued 12 trade idea(s) for next-morning verification -- nothing submitted yet.
  -> queued WDC buy (conf 92, stop 485.0, tp 560.0)
  -> queued WFC buy (conf 91, stop 86.06, tp 97.76)
  -> queued HAS buy (conf 90, stop 89.34, tp 106.82)
  -> queued HUM buy (conf None, stop 354.57, tp 392.49)
  -> queued WDAY buy (conf 85, stop 188.0, tp 220.0)
  -> queued BAC buy (conf 85, stop 62.5, tp 67.5)
  -> queued HBAN buy (conf 85, stop 17.09, tp 19.45)
  -> queued TDY buy (conf None, stop 654.41, tp 697.61)
  -> queued TTWO buy (conf None, stop 228.4, tp 256.285)
  -> queued NDAQ buy (conf None, stop 93.23, tp 97.755)
  -> queued TYL buy (conf None, stop 300.28, tp 334.89)
  -> queued LYB buy (conf None, stop 58.01, tp 64.365)
Dashboard watchlist synced (60 symbols) for news/headlines.
Ending portfolio value: $99,425.43
Trade journal: no closed trades yet
Performance: Total return -0.41% | Max drawdown 12.37% | Daily Sharpe 0.27 | Open positions: 14 | Equity $99,425.43
Timings: account: 0.0s | risk: 3.5s | decide: 24.1s | watchlist: 0.2s | perf: 0.2s

=== Run at 2026-08-15T22:56:24.443457 ===
Current time: 2026-08-15 06:56 PM EDT | Market open (per Alpaca): False | Session: CLOSED
Account value: $99,425.43
Cash: $2,352.13 | Holdings (14): {'CEG': '35.6034 sh (+1.36%)', 'CHD': '97.9637 sh (+0.01%)', 'COHR': '7.9896 sh (-4.69%)', 'CVX': '24.8836 sh (+1.17%)', 'GEHC': '0.6136 sh (-0.28%)', 'IVZ': '306.9138 sh (+1.21%)', 'LMT': '16.3555 sh (+0.32%)', 'MS': '43.8344 sh (-1.63%)', 'MSI': '21.1281 sh (-0.69%)', 'NUE': '36.5544 sh (-1.52%)', 'NVDA': '44.2888 sh (+0.48%)', 'NWS': '303.7199 sh (+1.75%)', 'STLD': '0.9216 sh (-2.54%)', 'WSM': '0.1026 sh (-1.61%)'}
Open orders (1): NVDA sell 44.2888
Risk state: peak $99,703.60 | drawdown 0.28% | today -0.00% | halted: False
Market regime: NEUTRAL (position-size multiplier: 100% incl. circuit breaker 100%)
News: fetched 158, 1 new after dedup, 0 ticker(s) matched.
Quant pre-screen: 48/67 candidates passed.
Gemini proposed 3 trade(s) meeting the conviction bar.
Gemini calls used today (all models combined): 464
Market closed (overnight): queued 12 trade idea(s) for next-morning verification -- nothing submitted yet.
  -> queued WDC buy (conf 92, stop 485.0, tp 560.0)
  -> queued WFC buy (conf 91, stop 86.06, tp 97.76)
  -> queued HAS buy (conf 90, stop 89.34, tp 106.82)
  -> queued HUM buy (conf None, stop 354.57, tp 392.49)
  -> queued WDAY buy (conf 85, stop 188.0, tp 220.0)
  -> queued BAC buy (conf 85, stop 62.5, tp 67.5)
  -> queued HBAN buy (conf 85, stop 17.09, tp 19.45)
  -> queued TDY buy (conf 85, stop 654.41, tp 720.0)
  -> queued TTWO buy (conf 90, stop 228.4, tp 270.0)
  -> queued NDAQ buy (conf None, stop 93.23, tp 97.755)
  -> queued TYL buy (conf 92, stop 300.28, tp 360.0)
  -> queued LYB buy (conf None, stop 58.01, tp 64.365)
Dashboard watchlist synced (17 symbols) for news/headlines.
Ending portfolio value: $99,425.43
Trade journal: no closed trades yet
Performance: Total return -0.41% | Max drawdown 12.37% | Daily Sharpe 0.27 | Open positions: 14 | Equity $99,425.43
Timings: account: 0.0s | risk: 3.3s | decide: 5.0s | watchlist: 0.1s | perf: 0.2s

=== Run at 2026-08-15T22:58:24.069626 ===
Current time: 2026-08-15 06:58 PM EDT | Market open (per Alpaca): False | Session: CLOSED
Account value: $99,425.43
Cash: $2,352.13 | Holdings (14): {'CEG': '35.6034 sh (+1.36%)', 'CHD': '97.9637 sh (+0.01%)', 'COHR': '7.9896 sh (-4.69%)', 'CVX': '24.8836 sh (+1.17%)', 'GEHC': '0.6136 sh (-0.28%)', 'IVZ': '306.9138 sh (+1.21%)', 'LMT': '16.3555 sh (+0.32%)', 'MS': '43.8344 sh (-1.63%)', 'MSI': '21.1281 sh (-0.69%)', 'NUE': '36.5544 sh (-1.52%)', 'NVDA': '44.2888 sh (+0.48%)', 'NWS': '303.7199 sh (+1.75%)', 'STLD': '0.9216 sh (-2.54%)', 'WSM': '0.1026 sh (-1.61%)'}
Open orders (1): NVDA sell 44.2888
Risk state: peak $99,703.60 | drawdown 0.28% | today -0.00% | halted: False
Market regime: NEUTRAL (position-size multiplier: 100% incl. circuit breaker 100%)
News: fetched 158, 1 new after dedup, 0 ticker(s) matched.
Quant pre-screen: 48/67 candidates passed.
Gemini proposed 3 trade(s) meeting the conviction bar.
Gemini calls used today (all models combined): 465
Market closed (overnight): queued 12 trade idea(s) for next-morning verification -- nothing submitted yet.
  -> queued WDC buy (conf 92, stop 485.0, tp 560.0)
  -> queued WFC buy (conf 91, stop 86.06, tp 97.76)
  -> queued HAS buy (conf 90, stop 89.34, tp 106.82)
  -> queued HUM buy (conf None, stop 354.57, tp 392.49)
  -> queued WDAY buy (conf 85, stop 188.0, tp 220.0)
  -> queued BAC buy (conf 85, stop 62.5, tp 67.5)
  -> queued HBAN buy (conf 85, stop 17.09, tp 19.45)
  -> queued TDY buy (conf 92, stop 654.41, tp 710.0)
  -> queued TTWO buy (conf 90, stop 228.4, tp 265.0)
  -> queued NDAQ buy (conf None, stop 93.23, tp 97.755)
  -> queued TYL buy (conf 92, stop 300.28, tp 360.0)
  -> queued LYB buy (conf 85, stop 58.01, tp 67.5)
Dashboard watchlist synced (17 symbols) for news/headlines.
Ending portfolio value: $99,425.43
Trade journal: no closed trades yet
Performance: Total return -0.41% | Max drawdown 12.37% | Daily Sharpe 0.27 | Open positions: 14 | Equity $99,425.43
Timings: account: 0.0s | risk: 0.6s | decide: 22.6s | watchlist: 0.0s | perf: 0.1s

=== Run at 2026-08-15T23:00:34.415975 ===
Current time: 2026-08-15 07:00 PM EDT | Market open (per Alpaca): False | Session: CLOSED
Account value: $99,425.43
Cash: $2,352.13 | Holdings (14): {'CEG': '35.6034 sh (+1.36%)', 'CHD': '97.9637 sh (+0.01%)', 'COHR': '7.9896 sh (-4.69%)', 'CVX': '24.8836 sh (+1.17%)', 'GEHC': '0.6136 sh (-0.28%)', 'IVZ': '306.9138 sh (+1.21%)', 'LMT': '16.3555 sh (+0.32%)', 'MS': '43.8344 sh (-1.63%)', 'MSI': '21.1281 sh (-0.69%)', 'NUE': '36.5544 sh (-1.52%)', 'NVDA': '44.2888 sh (+0.48%)', 'NWS': '303.7199 sh (+1.75%)', 'STLD': '0.9216 sh (-2.54%)', 'WSM': '0.1026 sh (-1.61%)'}
Open orders (1): NVDA sell 44.2888
Risk state: peak $99,703.60 | drawdown 0.28% | today -0.00% | halted: False
Market regime: NEUTRAL (position-size multiplier: 100% incl. circuit breaker 100%)
News: fetched 158, 0 new after dedup, 0 ticker(s) matched.
Quant pre-screen: 14/19 candidates passed.
Gemini proposed 3 trade(s) meeting the conviction bar.
Gemini calls used today (all models combined): 466
Market closed (overnight): queued 12 trade idea(s) for next-morning verification -- nothing submitted yet.
  -> queued WDC buy (conf 92, stop 485.0, tp 560.0)
  -> queued WFC buy (conf 91, stop 86.06, tp 97.76)
  -> queued HAS buy (conf 90, stop 89.34, tp 106.82)
  -> queued HUM buy (conf None, stop 354.57, tp 392.49)
  -> queued WDAY buy (conf 85, stop 188.0, tp 220.0)
  -> queued BAC buy (conf 85, stop 62.5, tp 67.5)
  -> queued HBAN buy (conf 85, stop 17.09, tp 19.45)
  -> queued TDY buy (conf 90, stop 654.41, tp 710.0)
  -> queued TTWO buy (conf 91, stop 228.4, tp 265.0)
  -> queued NDAQ buy (conf None, stop 93.23, tp 97.755)
  -> queued TYL buy (conf 92, stop 300.28, tp 350.0)
  -> queued LYB buy (conf 85, stop 58.01, tp 67.5)
Dashboard watchlist synced (17 symbols) for news/headlines.
Ending portfolio value: $99,425.43
Trade journal: no closed trades yet
Performance: Total return -0.41% | Max drawdown 12.37% | Daily Sharpe 0.27 | Open positions: 14 | Equity $99,425.43
Timings: account: 0.0s | risk: 2.0s | decide: 5.3s | watchlist: 0.1s | perf: 0.1s

=== Run at 2026-08-15T23:02:27.380504 ===
Current time: 2026-08-15 07:02 PM EDT | Market open (per Alpaca): False | Session: CLOSED
Account value: $99,425.43
Cash: $2,352.13 | Holdings (14): {'CEG': '35.6034 sh (+1.36%)', 'CHD': '97.9637 sh (+0.01%)', 'COHR': '7.9896 sh (-4.69%)', 'CVX': '24.8836 sh (+1.17%)', 'GEHC': '0.6136 sh (-0.28%)', 'IVZ': '306.9138 sh (+1.21%)', 'LMT': '16.3555 sh (+0.32%)', 'MS': '43.8344 sh (-1.63%)', 'MSI': '21.1281 sh (-0.69%)', 'NUE': '36.5544 sh (-1.52%)', 'NVDA': '44.2888 sh (+0.48%)', 'NWS': '303.7199 sh (+1.75%)', 'STLD': '0.9216 sh (-2.54%)', 'WSM': '0.1026 sh (-1.61%)'}
Open orders (1): NVDA sell 44.2888
Risk state: peak $99,703.60 | drawdown 0.28% | today -0.00% | halted: False
Market regime: NEUTRAL (position-size multiplier: 100% incl. circuit breaker 100%)
News: fetched 158, 0 new after dedup, 0 ticker(s) matched.
Quant pre-screen: 23/31 candidates passed.
Gemini proposed 3 trade(s) meeting the conviction bar.
Gemini calls used today (all models combined): 467
Market closed (overnight): queued 12 trade idea(s) for next-morning verification -- nothing submitted yet.
  -> queued WDC buy (conf 92, stop 485.0, tp 560.0)
  -> queued WFC buy (conf 91, stop 86.06, tp 97.76)
  -> queued HAS buy (conf 90, stop 89.34, tp 106.82)
  -> queued HUM buy (conf None, stop 354.57, tp 392.49)
  -> queued WDAY buy (conf 85, stop 188.0, tp 220.0)
  -> queued BAC buy (conf 85, stop 62.5, tp 67.5)
  -> queued HBAN buy (conf 85, stop 17.09, tp 19.45)
  -> queued TDY buy (conf 92, stop 654.41, tp 697.61)
  -> queued TTWO buy (conf 91, stop 228.4, tp 256.29)
  -> queued NDAQ buy (conf None, stop 93.23, tp 97.755)
  -> queued TYL buy (conf 90, stop 300.28, tp 334.89)
  -> queued LYB buy (conf 85, stop 58.01, tp 67.5)
Dashboard watchlist synced (17 symbols) for news/headlines.
Ending portfolio value: $99,425.43
Trade journal: no closed trades yet
Performance: Total return -0.41% | Max drawdown 12.37% | Daily Sharpe 0.27 | Open positions: 14 | Equity $99,425.43
Timings: account: 0.0s | risk: 1.0s | decide: 8.7s | watchlist: 0.0s | perf: 0.1s

=== Run at 2026-08-15T23:04:27.033728 ===
Current time: 2026-08-15 07:04 PM EDT | Market open (per Alpaca): False | Session: CLOSED
Account value: $99,425.43
Cash: $2,352.13 | Holdings (14): {'CEG': '35.6034 sh (+1.36%)', 'CHD': '97.9637 sh (+0.01%)', 'COHR': '7.9896 sh (-4.69%)', 'CVX': '24.8836 sh (+1.17%)', 'GEHC': '0.6136 sh (-0.28%)', 'IVZ': '306.9138 sh (+1.21%)', 'LMT': '16.3555 sh (+0.32%)', 'MS': '43.8344 sh (-1.63%)', 'MSI': '21.1281 sh (-0.69%)', 'NUE': '36.5544 sh (-1.52%)', 'NVDA': '44.2888 sh (+0.48%)', 'NWS': '303.7199 sh (+1.75%)', 'STLD': '0.9216 sh (-2.54%)', 'WSM': '0.1026 sh (-1.61%)'}
Open orders (1): NVDA sell 44.2888
Risk state: peak $99,703.60 | drawdown 0.28% | today -0.00% | halted: False
Market regime: NEUTRAL (position-size multiplier: 100% incl. circuit breaker 100%)
News: fetched 158, 1 new after dedup, 0 ticker(s) matched.
Quant pre-screen: 29/43 candidates passed.
Gemini proposed 3 trade(s) meeting the conviction bar.
Gemini calls used today (all models combined): 468
Market closed (overnight): queued 12 trade idea(s) for next-morning verification -- nothing submitted yet.
  -> queued WDC buy (conf 92, stop 485.0, tp 560.0)
  -> queued WFC buy (conf 91, stop 86.06, tp 97.76)
  -> queued HAS buy (conf 90, stop 89.34, tp 106.82)
  -> queued HUM buy (conf None, stop 354.57, tp 392.49)
  -> queued WDAY buy (conf 85, stop 188.0, tp 220.0)
  -> queued BAC buy (conf 85, stop 62.5, tp 67.5)
  -> queued HBAN buy (conf 85, stop 17.09, tp 19.45)
  -> queued TDY buy (conf 90, stop 654.41, tp 697.61)
  -> queued TTWO buy (conf 92, stop 228.4, tp 256.29)
  -> queued NDAQ buy (conf None, stop 93.23, tp 97.755)
  -> queued TYL buy (conf 95, stop 300.28, tp 334.89)
  -> queued LYB buy (conf 85, stop 58.01, tp 67.5)
Dashboard watchlist synced (17 symbols) for news/headlines.
Ending portfolio value: $99,425.43
Trade journal: no closed trades yet
Performance: Total return -0.41% | Max drawdown 12.37% | Daily Sharpe 0.27 | Open positions: 14 | Equity $99,425.43
Timings: account: 0.0s | risk: 3.1s | decide: 14.8s | watchlist: 0.1s | perf: 0.2s

=== Run at 2026-08-15T23:06:27.465864 ===
Current time: 2026-08-15 07:06 PM EDT | Market open (per Alpaca): False | Session: CLOSED
Account value: $99,425.43
Cash: $2,352.13 | Holdings (14): {'CEG': '35.6034 sh (+1.36%)', 'CHD': '97.9637 sh (+0.01%)', 'COHR': '7.9896 sh (-4.69%)', 'CVX': '24.8836 sh (+1.17%)', 'GEHC': '0.6136 sh (-0.28%)', 'IVZ': '306.9138 sh (+1.21%)', 'LMT': '16.3555 sh (+0.32%)', 'MS': '43.8344 sh (-1.63%)', 'MSI': '21.1281 sh (-0.69%)', 'NUE': '36.5544 sh (-1.52%)', 'NVDA': '44.2888 sh (+0.48%)', 'NWS': '303.7199 sh (+1.75%)', 'STLD': '0.9216 sh (-2.54%)', 'WSM': '0.1026 sh (-1.61%)'}
Open orders (1): NVDA sell 44.2888
Risk state: peak $99,703.60 | drawdown 0.28% | today -0.00% | halted: False
Market regime: NEUTRAL (position-size multiplier: 100% incl. circuit breaker 100%)
News: fetched 158, 3 new after dedup, 0 ticker(s) matched.
Quant pre-screen: 39/55 candidates passed.
Gemini proposed 3 trade(s) meeting the conviction bar.
Gemini calls used today (all models combined): 469
Market closed (overnight): queued 12 trade idea(s) for next-morning verification -- nothing submitted yet.
  -> queued WDC buy (conf 92, stop 485.0, tp 560.0)
  -> queued WFC buy (conf 91, stop 86.06, tp 97.76)
  -> queued HAS buy (conf 90, stop 89.34, tp 106.82)
  -> queued HUM buy (conf None, stop 354.57, tp 392.49)
  -> queued WDAY buy (conf 85, stop 188.0, tp 220.0)
  -> queued BAC buy (conf 85, stop 62.5, tp 67.5)
  -> queued HBAN buy (conf 85, stop 17.09, tp 19.45)
  -> queued TDY buy (conf 85, stop 654.41, tp 720.0)
  -> queued TTWO buy (conf 91, stop 228.4, tp 270.0)
  -> queued NDAQ buy (conf None, stop 93.23, tp 97.755)
  -> queued TYL buy (conf 92, stop 300.28, tp 355.00000000000006)
  -> queued LYB buy (conf 85, stop 58.01, tp 67.5)
Dashboard watchlist synced (17 symbols) for news/headlines.
Ending portfolio value: $99,425.43
Trade journal: no closed trades yet
Performance: Total return -0.41% | Max drawdown 12.37% | Daily Sharpe 0.27 | Open positions: 14 | Equity $99,425.43
Timings: account: 0.0s | risk: 3.8s | decide: 9.3s | watchlist: 0.2s | perf: 0.2s

=== Run at 2026-08-15T23:08:25.063607 ===
Current time: 2026-08-15 07:08 PM EDT | Market open (per Alpaca): False | Session: CLOSED
Account value: $99,425.43
Cash: $2,352.13 | Holdings (14): {'CEG': '35.6034 sh (+1.36%)', 'CHD': '97.9637 sh (+0.01%)', 'COHR': '7.9896 sh (-4.69%)', 'CVX': '24.8836 sh (+1.17%)', 'GEHC': '0.6136 sh (-0.28%)', 'IVZ': '306.9138 sh (+1.21%)', 'LMT': '16.3555 sh (+0.32%)', 'MS': '43.8344 sh (-1.63%)', 'MSI': '21.1281 sh (-0.69%)', 'NUE': '36.5544 sh (-1.52%)', 'NVDA': '44.2888 sh (+0.48%)', 'NWS': '303.7199 sh (+1.75%)', 'STLD': '0.9216 sh (-2.54%)', 'WSM': '0.1026 sh (-1.61%)'}
Open orders (1): NVDA sell 44.2888
Risk state: peak $99,703.60 | drawdown 0.28% | today -0.00% | halted: False
Market regime: NEUTRAL (position-size multiplier: 100% incl. circuit breaker 100%)
News: fetched 158, 0 new after dedup, 0 ticker(s) matched.
Quant pre-screen: 47/67 candidates passed.
Gemini proposed 3 trade(s) meeting the conviction bar.
Gemini calls used today (all models combined): 470
Market closed (overnight): queued 12 trade idea(s) for next-morning verification -- nothing submitted yet.
  -> queued WDC buy (conf 92, stop 485.0, tp 560.0)
  -> queued WFC buy (conf 91, stop 86.06, tp 97.76)
  -> queued HAS buy (conf 90, stop 89.34, tp 106.82)
  -> queued HUM buy (conf None, stop 354.57, tp 392.49)
  -> queued WDAY buy (conf 85, stop 188.0, tp 220.0)
  -> queued BAC buy (conf 85, stop 62.5, tp 67.5)
  -> queued HBAN buy (conf 85, stop 17.09, tp 19.45)
  -> queued TDY buy (conf 85, stop 654.41, tp 720.0)
  -> queued TTWO buy (conf 91, stop 228.4, tp 270.0)
  -> queued NDAQ buy (conf None, stop 93.23, tp 97.755)
  -> queued TYL buy (conf 92, stop 300.28, tp 355.0)
  -> queued LYB buy (conf 85, stop 58.01, tp 67.5)
Dashboard watchlist synced (17 symbols) for news/headlines.
Ending portfolio value: $99,425.43
Trade journal: no closed trades yet
Performance: Total return -0.41% | Max drawdown 12.37% | Daily Sharpe 0.27 | Open positions: 14 | Equity $99,425.43
Timings: account: 0.0s | risk: 1.3s | decide: 15.2s | watchlist: 0.1s | perf: 0.1s

=== Run at 2026-08-15T23:10:29.295351 ===
Current time: 2026-08-15 07:10 PM EDT | Market open (per Alpaca): False | Session: CLOSED
Account value: $99,425.43
Cash: $2,352.13 | Holdings (14): {'CEG': '35.6034 sh (+1.36%)', 'CHD': '97.9637 sh (+0.01%)', 'COHR': '7.9896 sh (-4.69%)', 'CVX': '24.8836 sh (+1.17%)', 'GEHC': '0.6136 sh (-0.28%)', 'IVZ': '306.9138 sh (+1.21%)', 'LMT': '16.3555 sh (+0.32%)', 'MS': '43.8344 sh (-1.63%)', 'MSI': '21.1281 sh (-0.69%)', 'NUE': '36.5544 sh (-1.52%)', 'NVDA': '44.2888 sh (+0.48%)', 'NWS': '303.7199 sh (+1.75%)', 'STLD': '0.9216 sh (-2.54%)', 'WSM': '0.1026 sh (-1.61%)'}
Open orders (1): NVDA sell 44.2888
Risk state: peak $99,703.60 | drawdown 0.28% | today -0.00% | halted: False
Market regime: NEUTRAL (position-size multiplier: 100% incl. circuit breaker 100%)
News: fetched 158, 0 new after dedup, 0 ticker(s) matched.
Quant pre-screen: 47/67 candidates passed.
Gemini proposed 3 trade(s) meeting the conviction bar.
Gemini calls used today (all models combined): 471
Market closed (overnight): queued 12 trade idea(s) for next-morning verification -- nothing submitted yet.
  -> queued WDC buy (conf 92, stop 485.0, tp 560.0)
  -> queued WFC buy (conf 91, stop 86.06, tp 97.76)
  -> queued HAS buy (conf 90, stop 89.34, tp 106.82)
  -> queued HUM buy (conf None, stop 354.57, tp 392.49)
  -> queued WDAY buy (conf 85, stop 188.0, tp 220.0)
  -> queued BAC buy (conf 85, stop 62.5, tp 67.5)
  -> queued HBAN buy (conf 85, stop 17.09, tp 19.45)
  -> queued TDY buy (conf 85, stop 654.41, tp 697.61)
  -> queued TTWO buy (conf 92, stop 228.4, tp 265.49)
  -> queued NDAQ buy (conf None, stop 93.23, tp 97.755)
  -> queued TYL buy (conf 90, stop 300.28, tp 334.89)
  -> queued LYB buy (conf 85, stop 58.01, tp 67.5)
Dashboard watchlist synced (17 symbols) for news/headlines.
Ending portfolio value: $99,425.43
Trade journal: no closed trades yet
Performance: Total return -0.41% | Max drawdown 12.37% | Daily Sharpe 0.27 | Open positions: 14 | Equity $99,425.43
Timings: account: 0.0s | risk: 1.8s | decide: 4.1s | watchlist: 0.1s | perf: 0.1s

=== Run at 2026-08-15T23:11:51.167991 ===
Current time: 2026-08-15 07:11 PM EDT | Market open (per Alpaca): False | Session: CLOSED
Account value: $99,425.43
Cash: $2,352.13 | Holdings (14): {'CEG': '35.6034 sh (+1.36%)', 'CHD': '97.9637 sh (+0.01%)', 'COHR': '7.9896 sh (-4.69%)', 'CVX': '24.8836 sh (+1.17%)', 'GEHC': '0.6136 sh (-0.28%)', 'IVZ': '306.9138 sh (+1.21%)', 'LMT': '16.3555 sh (+0.32%)', 'MS': '43.8344 sh (-1.63%)', 'MSI': '21.1281 sh (-0.69%)', 'NUE': '36.5544 sh (-1.52%)', 'NVDA': '44.2888 sh (+0.48%)', 'NWS': '303.7199 sh (+1.75%)', 'STLD': '0.9216 sh (-2.54%)', 'WSM': '0.1026 sh (-1.61%)'}
Open orders (1): NVDA sell 44.2888
Risk state: peak $99,703.60 | drawdown 0.28% | today -0.00% | halted: False
Market regime: NEUTRAL (position-size multiplier: 100% incl. circuit breaker 100%)
News: fetched 158, 0 new after dedup, 0 ticker(s) matched.
Quant pre-screen: 47/67 candidates passed.
Gemini proposed 3 trade(s) meeting the conviction bar.
Gemini calls used today (all models combined): 472
Market closed (overnight): queued 12 trade idea(s) for next-morning verification -- nothing submitted yet.
  -> queued WDC buy (conf 92, stop 485.0, tp 560.0)
  -> queued WFC buy (conf 91, stop 86.06, tp 97.76)
  -> queued HAS buy (conf 90, stop 89.34, tp 106.82)
  -> queued HUM buy (conf None, stop 354.57, tp 392.49)
  -> queued WDAY buy (conf 85, stop 188.0, tp 220.0)
  -> queued BAC buy (conf 85, stop 62.5, tp 67.5)
  -> queued HBAN buy (conf 85, stop 17.09, tp 19.45)
  -> queued TDY buy (conf 90, stop 654.41, tp 720.0)
  -> queued TTWO buy (conf 94, stop 228.4, tp 275.0)
  -> queued NDAQ buy (conf None, stop 93.23, tp 97.755)
  -> queued TYL buy (conf 94, stop 300.28, tp 360.0)
  -> queued LYB buy (conf 85, stop 58.01, tp 67.5)
Dashboard watchlist synced (17 symbols) for news/headlines.
Ending portfolio value: $99,425.43
Trade journal: no closed trades yet
Performance: Total return -0.41% | Max drawdown 12.37% | Daily Sharpe 0.27 | Open positions: 14 | Equity $99,425.43
Timings: account: 0.0s | risk: 1.5s | decide: 3.5s | watchlist: 0.1s | perf: 0.1s

=== Run at 2026-08-15T23:12:28.683296 ===
Current time: 2026-08-15 07:12 PM EDT | Market open (per Alpaca): False | Session: CLOSED
Account value: $99,425.43
Cash: $2,352.13 | Holdings (14): {'CEG': '35.6034 sh (+1.36%)', 'CHD': '97.9637 sh (+0.01%)', 'COHR': '7.9896 sh (-4.69%)', 'CVX': '24.8836 sh (+1.17%)', 'GEHC': '0.6136 sh (-0.28%)', 'IVZ': '306.9138 sh (+1.21%)', 'LMT': '16.3555 sh (+0.32%)', 'MS': '43.8344 sh (-1.63%)', 'MSI': '21.1281 sh (-0.69%)', 'NUE': '36.5544 sh (-1.52%)', 'NVDA': '44.2888 sh (+0.48%)', 'NWS': '303.7199 sh (+1.75%)', 'STLD': '0.9216 sh (-2.54%)', 'WSM': '0.1026 sh (-1.61%)'}
Open orders (1): NVDA sell 44.2888
Risk state: peak $99,703.60 | drawdown 0.28% | today -0.00% | halted: False
Market regime: NEUTRAL (position-size multiplier: 100% incl. circuit breaker 100%)
News: fetched 158, 0 new after dedup, 0 ticker(s) matched.
Quant pre-screen: 47/67 candidates passed.
Gemini proposed 3 trade(s) meeting the conviction bar.
Gemini calls used today (all models combined): 473
Market closed (overnight): queued 12 trade idea(s) for next-morning verification -- nothing submitted yet.
  -> queued WDC buy (conf 92, stop 485.0, tp 560.0)
  -> queued WFC buy (conf 91, stop 86.06, tp 97.76)
  -> queued HAS buy (conf 90, stop 89.34, tp 106.82)
  -> queued HUM buy (conf None, stop 354.57, tp 392.49)
  -> queued WDAY buy (conf 85, stop 188.0, tp 220.0)
  -> queued BAC buy (conf 85, stop 62.5, tp 67.5)
  -> queued HBAN buy (conf 85, stop 17.09, tp 19.45)
  -> queued TDY buy (conf 85, stop 654.41, tp 720.0)
  -> queued TTWO buy (conf 83, stop 228.4, tp 270.0)
  -> queued NDAQ buy (conf None, stop 93.23, tp 97.755)
  -> queued TYL buy (conf 94, stop 300.28, tp 360.0)
  -> queued LYB buy (conf 82, stop 58.01, tp 69.0)
Dashboard watchlist synced (17 symbols) for news/headlines.
Ending portfolio value: $99,425.43
Trade journal: no closed trades yet
Performance: Total return -0.41% | Max drawdown 12.37% | Daily Sharpe 0.27 | Open positions: 14 | Equity $99,425.43
Timings: account: 0.0s | risk: 3.2s | decide: 23.9s | watchlist: 0.1s | perf: 0.2s

=== Run at 2026-08-15T23:14:26.497485 ===
Current time: 2026-08-15 07:14 PM EDT | Market open (per Alpaca): False | Session: CLOSED
Account value: $99,425.43
Cash: $2,352.13 | Holdings (14): {'CEG': '35.6034 sh (+1.36%)', 'CHD': '97.9637 sh (+0.01%)', 'COHR': '7.9896 sh (-4.69%)', 'CVX': '24.8836 sh (+1.17%)', 'GEHC': '0.6136 sh (-0.28%)', 'IVZ': '306.9138 sh (+1.21%)', 'LMT': '16.3555 sh (+0.32%)', 'MS': '43.8344 sh (-1.63%)', 'MSI': '21.1281 sh (-0.69%)', 'NUE': '36.5544 sh (-1.52%)', 'NVDA': '44.2888 sh (+0.48%)', 'NWS': '303.7199 sh (+1.75%)', 'STLD': '0.9216 sh (-2.54%)', 'WSM': '0.1026 sh (-1.61%)'}
Open orders (1): NVDA sell 44.2888
Risk state: peak $99,703.60 | drawdown 0.28% | today -0.00% | halted: False
Market regime: NEUTRAL (position-size multiplier: 100% incl. circuit breaker 100%)
News: fetched 158, 1 new after dedup, 0 ticker(s) matched.
Quant pre-screen: 47/67 candidates passed.
Gemini proposed 3 trade(s) meeting the conviction bar.
Gemini calls used today (all models combined): 474
Market closed (overnight): queued 12 trade idea(s) for next-morning verification -- nothing submitted yet.
  -> queued WDC buy (conf 92, stop 485.0, tp 560.0)
  -> queued WFC buy (conf 91, stop 86.06, tp 97.76)
  -> queued HAS buy (conf 90, stop 89.34, tp 106.82)
  -> queued HUM buy (conf None, stop 354.57, tp 392.49)
  -> queued WDAY buy (conf 85, stop 188.0, tp 220.0)
  -> queued BAC buy (conf 85, stop 62.5, tp 67.5)
  -> queued HBAN buy (conf 85, stop 17.09, tp 19.45)
  -> queued TDY buy (conf 85, stop 654.41, tp 697.61)
  -> queued TTWO buy (conf 92, stop 228.4, tp 265.49)
  -> queued NDAQ buy (conf None, stop 93.23, tp 97.755)
  -> queued TYL buy (conf 90, stop 300.28, tp 334.89)
  -> queued LYB buy (conf 82, stop 58.01, tp 69.0)
Dashboard watchlist synced (17 symbols) for news/headlines.
Ending portfolio value: $99,425.43
Trade journal: no closed trades yet
Performance: Total return -0.41% | Max drawdown 12.37% | Daily Sharpe 0.27 | Open positions: 14 | Equity $99,425.43
Timings: account: 0.0s | risk: 0.7s | decide: 3.4s | watchlist: 0.0s | perf: 0.1s

=== Run at 2026-08-15T23:16:28.059278 ===
Current time: 2026-08-15 07:16 PM EDT | Market open (per Alpaca): False | Session: CLOSED
Account value: $99,425.43
Cash: $2,352.13 | Holdings (14): {'CEG': '35.6034 sh (+1.36%)', 'CHD': '97.9637 sh (+0.01%)', 'COHR': '7.9896 sh (-4.69%)', 'CVX': '24.8836 sh (+1.17%)', 'GEHC': '0.6136 sh (-0.28%)', 'IVZ': '306.9138 sh (+1.21%)', 'LMT': '16.3555 sh (+0.32%)', 'MS': '43.8344 sh (-1.63%)', 'MSI': '21.1281 sh (-0.69%)', 'NUE': '36.5544 sh (-1.52%)', 'NVDA': '44.2888 sh (+0.48%)', 'NWS': '303.7199 sh (+1.75%)', 'STLD': '0.9216 sh (-2.54%)', 'WSM': '0.1026 sh (-1.61%)'}
Open orders (1): NVDA sell 44.2888
Risk state: peak $99,703.60 | drawdown 0.28% | today -0.00% | halted: False
Market regime: NEUTRAL (position-size multiplier: 100% incl. circuit breaker 100%)
News: fetched 158, 0 new after dedup, 0 ticker(s) matched.
Quant pre-screen: 47/67 candidates passed.
Gemini proposed 3 trade(s) meeting the conviction bar.
Gemini calls used today (all models combined): 475
Market closed (overnight): queued 12 trade idea(s) for next-morning verification -- nothing submitted yet.
  -> queued WDC buy (conf 92, stop 485.0, tp 560.0)
  -> queued WFC buy (conf 91, stop 86.06, tp 97.76)
  -> queued HAS buy (conf 90, stop 89.34, tp 106.82)
  -> queued HUM buy (conf None, stop 354.57, tp 392.49)
  -> queued WDAY buy (conf 85, stop 188.0, tp 220.0)
  -> queued BAC buy (conf 85, stop 62.5, tp 67.5)
  -> queued HBAN buy (conf 85, stop 17.09, tp 19.45)
  -> queued TDY buy (conf 85, stop 654.41, tp 720.0)
  -> queued TTWO buy (conf 91, stop 228.4, tp 275.0)
  -> queued NDAQ buy (conf None, stop 93.23, tp 97.755)
  -> queued TYL buy (conf 92, stop 300.28, tp 360.0)
  -> queued LYB buy (conf 82, stop 58.01, tp 69.0)
Dashboard watchlist synced (17 symbols) for news/headlines.
Ending portfolio value: $99,425.43
Trade journal: no closed trades yet
Performance: Total return -0.41% | Max drawdown 12.37% | Daily Sharpe 0.27 | Open positions: 14 | Equity $99,425.43
Timings: account: 0.0s | risk: 2.7s | decide: 11.2s | watchlist: 0.1s | perf: 0.2s

=== Run at 2026-08-15T23:18:27.766906 ===
Current time: 2026-08-15 07:18 PM EDT | Market open (per Alpaca): False | Session: CLOSED
Account value: $99,425.43
Cash: $2,352.13 | Holdings (14): {'CEG': '35.6034 sh (+1.36%)', 'CHD': '97.9637 sh (+0.01%)', 'COHR': '7.9896 sh (-4.69%)', 'CVX': '24.8836 sh (+1.17%)', 'GEHC': '0.6136 sh (-0.28%)', 'IVZ': '306.9138 sh (+1.21%)', 'LMT': '16.3555 sh (+0.32%)', 'MS': '43.8344 sh (-1.63%)', 'MSI': '21.1281 sh (-0.69%)', 'NUE': '36.5544 sh (-1.52%)', 'NVDA': '44.2888 sh (+0.48%)', 'NWS': '303.7199 sh (+1.75%)', 'STLD': '0.9216 sh (-2.54%)', 'WSM': '0.1026 sh (-1.61%)'}
Open orders (1): NVDA sell 44.2888
Risk state: peak $99,703.60 | drawdown 0.28% | today -0.00% | halted: False
Market regime: NEUTRAL (position-size multiplier: 100% incl. circuit breaker 100%)
News: fetched 158, 1 new after dedup, 0 ticker(s) matched.
Quant pre-screen: 47/67 candidates passed.
Gemini proposed 3 trade(s) meeting the conviction bar.
Gemini calls used today (all models combined): 476
Market closed (overnight): queued 12 trade idea(s) for next-morning verification -- nothing submitted yet.
  -> queued WDC buy (conf 92, stop 485.0, tp 560.0)
  -> queued WFC buy (conf 91, stop 86.06, tp 97.76)
  -> queued HAS buy (conf 90, stop 89.34, tp 106.82)
  -> queued HUM buy (conf None, stop 354.57, tp 392.49)
  -> queued WDAY buy (conf 85, stop 188.0, tp 220.0)
  -> queued BAC buy (conf 85, stop 62.5, tp 67.5)
  -> queued HBAN buy (conf 85, stop 17.09, tp 19.45)
  -> queued TDY buy (conf 85, stop 654.41, tp 720.0)
  -> queued TTWO buy (conf 91, stop 228.4, tp 270.0)
  -> queued NDAQ buy (conf None, stop 93.23, tp 97.755)
  -> queued TYL buy (conf 92, stop 300.28, tp 355.0)
  -> queued LYB buy (conf 82, stop 58.01, tp 69.0)
Dashboard watchlist synced (17 symbols) for news/headlines.
Ending portfolio value: $99,425.43
Trade journal: no closed trades yet
Performance: Total return -0.41% | Max drawdown 12.37% | Daily Sharpe 0.27 | Open positions: 14 | Equity $99,425.43
Timings: account: 0.0s | risk: 2.9s | decide: 16.5s | watchlist: 0.1s | perf: 0.2s

=== Run at 2026-08-15T23:20:32.296220 ===
Current time: 2026-08-15 07:20 PM EDT | Market open (per Alpaca): False | Session: CLOSED
Account value: $99,425.43
Cash: $2,352.13 | Holdings (14): {'CEG': '35.6034 sh (+1.36%)', 'CHD': '97.9637 sh (+0.01%)', 'COHR': '7.9896 sh (-4.69%)', 'CVX': '24.8836 sh (+1.17%)', 'GEHC': '0.6136 sh (-0.28%)', 'IVZ': '306.9138 sh (+1.21%)', 'LMT': '16.3555 sh (+0.32%)', 'MS': '43.8344 sh (-1.63%)', 'MSI': '21.1281 sh (-0.69%)', 'NUE': '36.5544 sh (-1.52%)', 'NVDA': '44.2888 sh (+0.48%)', 'NWS': '303.7199 sh (+1.75%)', 'STLD': '0.9216 sh (-2.54%)', 'WSM': '0.1026 sh (-1.61%)'}
Open orders (1): NVDA sell 44.2888
Risk state: peak $99,703.60 | drawdown 0.28% | today -0.00% | halted: False
Market regime: NEUTRAL (position-size multiplier: 100% incl. circuit breaker 100%)
News: fetched 158, 0 new after dedup, 0 ticker(s) matched.
Quant pre-screen: 47/67 candidates passed.
Gemini proposed 3 trade(s) meeting the conviction bar.
Gemini calls used today (all models combined): 477
Market closed (overnight): queued 12 trade idea(s) for next-morning verification -- nothing submitted yet.
  -> queued WDC buy (conf 92, stop 485.0, tp 560.0)
  -> queued WFC buy (conf 91, stop 86.06, tp 97.76)
  -> queued HAS buy (conf 90, stop 89.34, tp 106.82)
  -> queued HUM buy (conf None, stop 354.57, tp 392.49)
  -> queued WDAY buy (conf 85, stop 188.0, tp 220.0)
  -> queued BAC buy (conf 85, stop 62.5, tp 67.5)
  -> queued HBAN buy (conf 85, stop 17.09, tp 19.45)
  -> queued TDY buy (conf 85, stop 654.41, tp 720.0)
  -> queued TTWO buy (conf 90, stop 228.4, tp 256.29)
  -> queued NDAQ buy (conf 80, stop 93.23, tp 97.75)
  -> queued TYL buy (conf 92, stop 300.28, tp 334.89)
  -> queued LYB buy (conf 82, stop 58.01, tp 69.0)
Dashboard watchlist synced (17 symbols) for news/headlines.
Ending portfolio value: $99,425.43
Trade journal: no closed trades yet
Performance: Total return -0.41% | Max drawdown 12.37% | Daily Sharpe 0.27 | Open positions: 14 | Equity $99,425.43
Timings: account: 0.0s | risk: 1.7s | decide: 14.4s | watchlist: 0.1s | perf: 0.1s

=== Run at 2026-08-15T23:22:28.185804 ===
Current time: 2026-08-15 07:22 PM EDT | Market open (per Alpaca): False | Session: CLOSED
Account value: $99,425.43
Cash: $2,352.13 | Holdings (14): {'CEG': '35.6034 sh (+1.36%)', 'CHD': '97.9637 sh (+0.01%)', 'COHR': '7.9896 sh (-4.69%)', 'CVX': '24.8836 sh (+1.17%)', 'GEHC': '0.6136 sh (-0.28%)', 'IVZ': '306.9138 sh (+1.21%)', 'LMT': '16.3555 sh (+0.32%)', 'MS': '43.8344 sh (-1.63%)', 'MSI': '21.1281 sh (-0.69%)', 'NUE': '36.5544 sh (-1.52%)', 'NVDA': '44.2888 sh (+0.48%)', 'NWS': '303.7199 sh (+1.75%)', 'STLD': '0.9216 sh (-2.54%)', 'WSM': '0.1026 sh (-1.61%)'}
Open orders (1): NVDA sell 44.2888
Risk state: peak $99,703.60 | drawdown 0.28% | today -0.00% | halted: False
Market regime: NEUTRAL (position-size multiplier: 100% incl. circuit breaker 100%)
News: fetched 158, 0 new after dedup, 0 ticker(s) matched.
Quant pre-screen: 47/67 candidates passed.
Gemini proposed 3 trade(s) meeting the conviction bar.
Gemini calls used today (all models combined): 478
Market closed (overnight): queued 12 trade idea(s) for next-morning verification -- nothing submitted yet.
  -> queued WDC buy (conf 92, stop 485.0, tp 560.0)
  -> queued WFC buy (conf 91, stop 86.06, tp 97.76)
  -> queued HAS buy (conf 90, stop 89.34, tp 106.82)
  -> queued HUM buy (conf None, stop 354.57, tp 392.49)
  -> queued WDAY buy (conf 85, stop 188.0, tp 220.0)
  -> queued BAC buy (conf 85, stop 62.5, tp 67.5)
  -> queued HBAN buy (conf 85, stop 17.09, tp 19.45)
  -> queued TDY buy (conf 85, stop 654.41, tp 720.0)
  -> queued TTWO buy (conf 91, stop 228.4, tp 270.0)
  -> queued NDAQ buy (conf 83, stop 93.23, tp 102.0)
  -> queued TYL buy (conf 92, stop 300.28, tp 355.0)
  -> queued LYB buy (conf 82, stop 58.01, tp 69.0)
Dashboard watchlist synced (17 symbols) for news/headlines.
Ending portfolio value: $99,425.43
Trade journal: no closed trades yet
Performance: Total return -0.41% | Max drawdown 12.37% | Daily Sharpe 0.27 | Open positions: 14 | Equity $99,425.43
Timings: account: 0.0s | risk: 1.7s | decide: 23.8s | watchlist: 0.1s | perf: 0.1s

=== Run at 2026-08-15T23:24:24.820424 ===
Current time: 2026-08-15 07:24 PM EDT | Market open (per Alpaca): False | Session: CLOSED
Account value: $99,425.43
Cash: $2,352.13 | Holdings (14): {'CEG': '35.6034 sh (+1.36%)', 'CHD': '97.9637 sh (+0.01%)', 'COHR': '7.9896 sh (-4.69%)', 'CVX': '24.8836 sh (+1.17%)', 'GEHC': '0.6136 sh (-0.28%)', 'IVZ': '306.9138 sh (+1.21%)', 'LMT': '16.3555 sh (+0.32%)', 'MS': '43.8344 sh (-1.63%)', 'MSI': '21.1281 sh (-0.69%)', 'NUE': '36.5544 sh (-1.52%)', 'NVDA': '44.2888 sh (+0.48%)', 'NWS': '303.7199 sh (+1.75%)', 'STLD': '0.9216 sh (-2.54%)', 'WSM': '0.1026 sh (-1.61%)'}
Open orders (1): NVDA sell 44.2888
Risk state: peak $99,703.60 | drawdown 0.28% | today -0.00% | halted: False
Market regime: NEUTRAL (position-size multiplier: 100% incl. circuit breaker 100%)
News: fetched 158, 2 new after dedup, 0 ticker(s) matched.
Quant pre-screen: 47/67 candidates passed.
Gemini proposed 3 trade(s) meeting the conviction bar.
Gemini calls used today (all models combined): 479
Market closed (overnight): queued 12 trade idea(s) for next-morning verification -- nothing submitted yet.
  -> queued WDC buy (conf 92, stop 485.0, tp 560.0)
  -> queued WFC buy (conf 91, stop 86.06, tp 97.76)
  -> queued HAS buy (conf 90, stop 89.34, tp 106.82)
  -> queued HUM buy (conf None, stop 354.57, tp 392.49)
  -> queued WDAY buy (conf 85, stop 188.0, tp 220.0)
  -> queued BAC buy (conf 85, stop 62.5, tp 67.5)
  -> queued HBAN buy (conf 85, stop 17.09, tp 19.45)
  -> queued TDY buy (conf 85, stop 654.41, tp 710.0)
  -> queued TTWO buy (conf 91, stop 228.4, tp 265.0)
  -> queued NDAQ buy (conf 83, stop 93.23, tp 102.0)
  -> queued TYL buy (conf 92, stop 300.28, tp 355.0)
  -> queued LYB buy (conf 82, stop 58.01, tp 69.0)
Dashboard watchlist synced (17 symbols) for news/headlines.
Ending portfolio value: $99,425.43
Trade journal: no closed trades yet
Performance: Total return -0.41% | Max drawdown 12.37% | Daily Sharpe 0.27 | Open positions: 14 | Equity $99,425.43
Timings: account: 0.0s | risk: 0.7s | decide: 3.3s | watchlist: 0.0s | perf: 0.1s

=== Run at 2026-08-15T23:26:28.764736 ===
Current time: 2026-08-15 07:26 PM EDT | Market open (per Alpaca): False | Session: CLOSED
Account value: $99,425.43
Cash: $2,352.13 | Holdings (14): {'CEG': '35.6034 sh (+1.36%)', 'CHD': '97.9637 sh (+0.01%)', 'COHR': '7.9896 sh (-4.69%)', 'CVX': '24.8836 sh (+1.17%)', 'GEHC': '0.6136 sh (-0.28%)', 'IVZ': '306.9138 sh (+1.21%)', 'LMT': '16.3555 sh (+0.32%)', 'MS': '43.8344 sh (-1.63%)', 'MSI': '21.1281 sh (-0.69%)', 'NUE': '36.5544 sh (-1.52%)', 'NVDA': '44.2888 sh (+0.48%)', 'NWS': '303.7199 sh (+1.75%)', 'STLD': '0.9216 sh (-2.54%)', 'WSM': '0.1026 sh (-1.61%)'}
Open orders (1): NVDA sell 44.2888
Risk state: peak $99,703.60 | drawdown 0.28% | today -0.00% | halted: False
Market regime: NEUTRAL (position-size multiplier: 100% incl. circuit breaker 100%)
News: fetched 158, 0 new after dedup, 0 ticker(s) matched.
Quant pre-screen: 47/67 candidates passed.
Gemini proposed 3 trade(s) meeting the conviction bar.
Gemini calls used today (all models combined): 480
Market closed (overnight): queued 12 trade idea(s) for next-morning verification -- nothing submitted yet.
  -> queued WDC buy (conf 92, stop 485.0, tp 560.0)
  -> queued WFC buy (conf 91, stop 86.06, tp 97.76)
  -> queued HAS buy (conf 90, stop 89.34, tp 106.82)
  -> queued HUM buy (conf None, stop 354.57, tp 392.49)
  -> queued WDAY buy (conf 85, stop 188.0, tp 220.0)
  -> queued BAC buy (conf 85, stop 62.5, tp 67.5)
  -> queued HBAN buy (conf 85, stop 17.09, tp 19.45)
  -> queued TDY buy (conf 85, stop 654.41, tp 720.0)
  -> queued TTWO buy (conf 91, stop 228.4, tp 270.0)
  -> queued NDAQ buy (conf 83, stop 93.23, tp 102.0)
  -> queued TYL buy (conf 92, stop 300.28, tp 360.0)
  -> queued LYB buy (conf 82, stop 58.01, tp 69.0)
Dashboard watchlist synced (17 symbols) for news/headlines.
Run budget spent -- skipping performance snapshot.
Trade journal: no closed trades yet
Performance: Total return -0.41% | Max drawdown 12.37% | Daily Sharpe 0.27 | Open positions: 14 | Equity $99,425.43
Timings: account: 0.0s | risk: 3.8s | decide: 25.6s | watchlist: 0.1s | perf: 0.0s

=== Run at 2026-08-15T23:28:21.139884 ===
Current time: 2026-08-15 07:28 PM EDT | Market open (per Alpaca): False | Session: CLOSED
Account value: $99,425.43
Cash: $2,352.13 | Holdings (14): {'CEG': '35.6034 sh (+1.36%)', 'CHD': '97.9637 sh (+0.01%)', 'COHR': '7.9896 sh (-4.69%)', 'CVX': '24.8836 sh (+1.17%)', 'GEHC': '0.6136 sh (-0.28%)', 'IVZ': '306.9138 sh (+1.21%)', 'LMT': '16.3555 sh (+0.32%)', 'MS': '43.8344 sh (-1.63%)', 'MSI': '21.1281 sh (-0.69%)', 'NUE': '36.5544 sh (-1.52%)', 'NVDA': '44.2888 sh (+0.48%)', 'NWS': '303.7199 sh (+1.75%)', 'STLD': '0.9216 sh (-2.54%)', 'WSM': '0.1026 sh (-1.61%)'}
Open orders (1): NVDA sell 44.2888
Risk state: peak $99,703.60 | drawdown 0.28% | today -0.00% | halted: False
Market regime: NEUTRAL (position-size multiplier: 100% incl. circuit breaker 100%)
News: fetched 158, 1 new after dedup, 0 ticker(s) matched.
Quant pre-screen: 47/67 candidates passed.
Technical fallback (Gemini throttled/unavailable) proposed 50 trade(s) meeting the conviction bar.
Gemini calls used today (all models combined): 480
Market closed (overnight): queued 12 trade idea(s) for next-morning verification -- nothing submitted yet.
  -> queued WDC buy (conf 92, stop 485.0, tp 560.0)
  -> queued WFC buy (conf 91, stop 86.06, tp 97.76)
  -> queued HAS buy (conf 90, stop 89.34, tp 106.82)
  -> queued HUM buy (conf None, stop 354.57, tp 392.49)
  -> queued WDAY buy (conf 85, stop 188.0, tp 220.0)
  -> queued BAC buy (conf 85, stop 62.5, tp 67.5)
  -> queued HBAN buy (conf 85, stop 17.09, tp 19.45)
  -> queued TDY buy (conf None, stop 654.41, tp 697.61)
  -> queued TTWO buy (conf None, stop 228.4, tp 256.285)
  -> queued NDAQ buy (conf None, stop 93.23, tp 97.755)
  -> queued TYL buy (conf None, stop 300.28, tp 334.89)
  -> queued LYB buy (conf None, stop 58.01, tp 64.365)
Run budget spent -- skipping dashboard watchlist sync.
Run budget spent -- skipping performance snapshot.
Trade journal: no closed trades yet
Performance: Total return -0.41% | Max drawdown 12.37% | Daily Sharpe 0.27 | Open positions: 14 | Equity $99,425.43
Timings: account: 0.0s | risk: 1.5s | decide: 28.2s | watchlist: 0.0s | perf: 0.0s

=== Run at 2026-08-15T23:30:32.036758 ===
Current time: 2026-08-15 07:30 PM EDT | Market open (per Alpaca): False | Session: CLOSED
Account value: $99,425.43
Cash: $2,352.13 | Holdings (14): {'CEG': '35.6034 sh (+1.36%)', 'CHD': '97.9637 sh (+0.01%)', 'COHR': '7.9896 sh (-4.69%)', 'CVX': '24.8836 sh (+1.17%)', 'GEHC': '0.6136 sh (-0.28%)', 'IVZ': '306.9138 sh (+1.21%)', 'LMT': '16.3555 sh (+0.32%)', 'MS': '43.8344 sh (-1.63%)', 'MSI': '21.1281 sh (-0.69%)', 'NUE': '36.5544 sh (-1.52%)', 'NVDA': '44.2888 sh (+0.48%)', 'NWS': '303.7199 sh (+1.75%)', 'STLD': '0.9216 sh (-2.54%)', 'WSM': '0.1026 sh (-1.61%)'}
Open orders (1): NVDA sell 44.2888
Risk state: peak $99,703.60 | drawdown 0.28% | today -0.00% | halted: False
Market regime: NEUTRAL (position-size multiplier: 100% incl. circuit breaker 100%)
News: fetched 158, 1 new after dedup, 0 ticker(s) matched.
Quant pre-screen: 47/67 candidates passed.
Gemini proposed 3 trade(s) meeting the conviction bar.
Gemini calls used today (all models combined): 481
Market closed (overnight): queued 12 trade idea(s) for next-morning verification -- nothing submitted yet.
  -> queued WDC buy (conf 92, stop 485.0, tp 560.0)
  -> queued WFC buy (conf 91, stop 86.06, tp 97.76)
  -> queued HAS buy (conf 90, stop 89.34, tp 106.82)
  -> queued HUM buy (conf None, stop 354.57, tp 392.49)
  -> queued WDAY buy (conf 85, stop 188.0, tp 220.0)
  -> queued BAC buy (conf 85, stop 62.5, tp 67.5)
  -> queued HBAN buy (conf 85, stop 17.09, tp 19.45)
  -> queued TDY buy (conf 85, stop 654.41, tp 715.0)
  -> queued TTWO buy (conf 90, stop 228.4, tp 265.0)
  -> queued NDAQ buy (conf None, stop 93.23, tp 97.755)
  -> queued TYL buy (conf 92, stop 300.28, tp 350.0)
  -> queued LYB buy (conf None, stop 58.01, tp 64.365)
Dashboard watchlist synced (17 symbols) for news/headlines.
Ending portfolio value: $99,425.43
Trade journal: no closed trades yet
Performance: Total return -0.41% | Max drawdown 12.37% | Daily Sharpe 0.27 | Open positions: 14 | Equity $99,425.43
Timings: account: 0.0s | risk: 2.0s | decide: 3.3s | watchlist: 0.1s | perf: 0.1s

=== Run at 2026-08-15T23:32:25.823285 ===
Current time: 2026-08-15 07:32 PM EDT | Market open (per Alpaca): False | Session: CLOSED
Account value: $99,425.43
Cash: $2,352.13 | Holdings (14): {'CEG': '35.6034 sh (+1.36%)', 'CHD': '97.9637 sh (+0.01%)', 'COHR': '7.9896 sh (-4.69%)', 'CVX': '24.8836 sh (+1.17%)', 'GEHC': '0.6136 sh (-0.28%)', 'IVZ': '306.9138 sh (+1.21%)', 'LMT': '16.3555 sh (+0.32%)', 'MS': '43.8344 sh (-1.63%)', 'MSI': '21.1281 sh (-0.69%)', 'NUE': '36.5544 sh (-1.52%)', 'NVDA': '44.2888 sh (+0.48%)', 'NWS': '303.7199 sh (+1.75%)', 'STLD': '0.9216 sh (-2.54%)', 'WSM': '0.1026 sh (-1.61%)'}
Open orders (1): NVDA sell 44.2888
Risk state: peak $99,703.60 | drawdown 0.28% | today -0.00% | halted: False
Market regime: NEUTRAL (position-size multiplier: 100% incl. circuit breaker 100%)
News: fetched 158, 1 new after dedup, 0 ticker(s) matched.
Quant pre-screen: 47/67 candidates passed.
Gemini proposed 3 trade(s) meeting the conviction bar.
Gemini calls used today (all models combined): 482
Market closed (overnight): queued 12 trade idea(s) for next-morning verification -- nothing submitted yet.
  -> queued WDC buy (conf 92, stop 485.0, tp 560.0)
  -> queued WFC buy (conf 91, stop 86.06, tp 97.76)
  -> queued HAS buy (conf 90, stop 89.34, tp 106.82)
  -> queued HUM buy (conf None, stop 354.57, tp 392.49)
  -> queued WDAY buy (conf 85, stop 188.0, tp 220.0)
  -> queued BAC buy (conf 85, stop 62.5, tp 67.5)
  -> queued HBAN buy (conf 85, stop 17.09, tp 19.45)
  -> queued TDY buy (conf 85, stop 654.41, tp 720.0)
  -> queued TTWO buy (conf 91, stop 228.4, tp 275.0)
  -> queued NDAQ buy (conf None, stop 93.23, tp 97.755)
  -> queued TYL buy (conf 92, stop 300.28, tp 360.0)
  -> queued LYB buy (conf None, stop 58.01, tp 64.365)
Dashboard watchlist synced (17 symbols) for news/headlines.
Ending portfolio value: $99,425.43
Trade journal: no closed trades yet
Performance: Total return -0.41% | Max drawdown 12.37% | Daily Sharpe 0.27 | Open positions: 14 | Equity $99,425.43
Timings: account: 0.0s | risk: 3.8s | decide: 6.4s | watchlist: 0.1s | perf: 0.2s

=== Run at 2026-08-15T23:34:25.006822 ===
Current time: 2026-08-15 07:34 PM EDT | Market open (per Alpaca): False | Session: CLOSED
Account value: $99,425.43
Cash: $2,352.13 | Holdings (14): {'CEG': '35.6034 sh (+1.36%)', 'CHD': '97.9637 sh (+0.01%)', 'COHR': '7.9896 sh (-4.69%)', 'CVX': '24.8836 sh (+1.17%)', 'GEHC': '0.6136 sh (-0.28%)', 'IVZ': '306.9138 sh (+1.21%)', 'LMT': '16.3555 sh (+0.32%)', 'MS': '43.8344 sh (-1.63%)', 'MSI': '21.1281 sh (-0.69%)', 'NUE': '36.5544 sh (-1.52%)', 'NVDA': '44.2888 sh (+0.48%)', 'NWS': '303.7199 sh (+1.75%)', 'STLD': '0.9216 sh (-2.54%)', 'WSM': '0.1026 sh (-1.61%)'}
Open orders (1): NVDA sell 44.2888
Risk state: peak $99,703.60 | drawdown 0.28% | today -0.00% | halted: False
Market regime: NEUTRAL (position-size multiplier: 100% incl. circuit breaker 100%)
News: fetched 158, 2 new after dedup, 0 ticker(s) matched.
Quant pre-screen: 47/67 candidates passed.
Gemini proposed 3 trade(s) meeting the conviction bar.
Gemini calls used today (all models combined): 483
Market closed (overnight): queued 12 trade idea(s) for next-morning verification -- nothing submitted yet.
  -> queued WDC buy (conf 92, stop 485.0, tp 560.0)
  -> queued WFC buy (conf 91, stop 86.06, tp 97.76)
  -> queued HAS buy (conf 90, stop 89.34, tp 106.82)
  -> queued HUM buy (conf None, stop 354.57, tp 392.49)
  -> queued WDAY buy (conf 85, stop 188.0, tp 220.0)
  -> queued BAC buy (conf 85, stop 62.5, tp 67.5)
  -> queued HBAN buy (conf 85, stop 17.09, tp 19.45)
  -> queued TDY buy (conf 90, stop 654.41, tp 720.0)
  -> queued TTWO buy (conf 91, stop 228.4, tp 270.0)
  -> queued NDAQ buy (conf None, stop 93.23, tp 97.755)
  -> queued TYL buy (conf 92, stop 300.28, tp 360.0)
  -> queued LYB buy (conf None, stop 58.01, tp 64.365)
Dashboard watchlist synced (17 symbols) for news/headlines.
Ending portfolio value: $99,425.43
Trade journal: no closed trades yet
Performance: Total return -0.41% | Max drawdown 12.37% | Daily Sharpe 0.27 | Open positions: 14 | Equity $99,425.43
Timings: account: 0.0s | risk: 2.0s | decide: 7.8s | watchlist: 0.1s | perf: 0.1s

=== Run at 2026-08-15T23:36:29.933320 ===
Current time: 2026-08-15 07:36 PM EDT | Market open (per Alpaca): False | Session: CLOSED
Account value: $99,425.43
Cash: $2,352.13 | Holdings (14): {'CEG': '35.6034 sh (+1.36%)', 'CHD': '97.9637 sh (+0.01%)', 'COHR': '7.9896 sh (-4.69%)', 'CVX': '24.8836 sh (+1.17%)', 'GEHC': '0.6136 sh (-0.28%)', 'IVZ': '306.9138 sh (+1.21%)', 'LMT': '16.3555 sh (+0.32%)', 'MS': '43.8344 sh (-1.63%)', 'MSI': '21.1281 sh (-0.69%)', 'NUE': '36.5544 sh (-1.52%)', 'NVDA': '44.2888 sh (+0.48%)', 'NWS': '303.7199 sh (+1.75%)', 'STLD': '0.9216 sh (-2.54%)', 'WSM': '0.1026 sh (-1.61%)'}
Open orders (1): NVDA sell 44.2888
Risk state: peak $99,703.60 | drawdown 0.28% | today -0.00% | halted: False
Market regime: NEUTRAL (position-size multiplier: 100% incl. circuit breaker 100%)
News: fetched 120, 0 new after dedup, 0 ticker(s) matched.
Quant pre-screen: 47/67 candidates passed.
Gemini proposed 3 trade(s) meeting the conviction bar.
Gemini calls used today (all models combined): 484
Market closed (overnight): queued 12 trade idea(s) for next-morning verification -- nothing submitted yet.
  -> queued WDC buy (conf 92, stop 485.0, tp 560.0)
  -> queued WFC buy (conf 91, stop 86.06, tp 97.76)
  -> queued HAS buy (conf 90, stop 89.34, tp 106.82)
  -> queued HUM buy (conf None, stop 354.57, tp 392.49)
  -> queued WDAY buy (conf 85, stop 188.0, tp 220.0)
  -> queued BAC buy (conf 85, stop 62.5, tp 67.5)
  -> queued HBAN buy (conf 85, stop 17.09, tp 19.45)
  -> queued TDY buy (conf 90, stop 654.41, tp 730.0)
  -> queued TTWO buy (conf 91, stop 228.4, tp 275.0)
  -> queued NDAQ buy (conf None, stop 93.23, tp 97.755)
  -> queued TYL buy (conf 92, stop 300.28, tp 360.0)
  -> queued LYB buy (conf None, stop 58.01, tp 64.365)
Dashboard watchlist synced (17 symbols) for news/headlines.
Ending portfolio value: $99,425.43
Trade journal: no closed trades yet
Performance: Total return -0.41% | Max drawdown 12.37% | Daily Sharpe 0.27 | Open positions: 14 | Equity $99,425.43
Timings: account: 0.0s | risk: 3.7s | decide: 14.1s | watchlist: 0.1s | perf: 0.2s

=== Run at 2026-08-15T23:38:29.292611 ===
Current time: 2026-08-15 07:38 PM EDT | Market open (per Alpaca): False | Session: CLOSED
Account value: $99,425.43
Cash: $2,352.13 | Holdings (14): {'CEG': '35.6034 sh (+1.36%)', 'CHD': '97.9637 sh (+0.01%)', 'COHR': '7.9896 sh (-4.69%)', 'CVX': '24.8836 sh (+1.17%)', 'GEHC': '0.6136 sh (-0.28%)', 'IVZ': '306.9138 sh (+1.21%)', 'LMT': '16.3555 sh (+0.32%)', 'MS': '43.8344 sh (-1.63%)', 'MSI': '21.1281 sh (-0.69%)', 'NUE': '36.5544 sh (-1.52%)', 'NVDA': '44.2888 sh (+0.48%)', 'NWS': '303.7199 sh (+1.75%)', 'STLD': '0.9216 sh (-2.54%)', 'WSM': '0.1026 sh (-1.61%)'}
Open orders (1): NVDA sell 44.2888
Risk state: peak $99,703.60 | drawdown 0.28% | today -0.00% | halted: False
Market regime: NEUTRAL (position-size multiplier: 100% incl. circuit breaker 100%)
News: fetched 158, 0 new after dedup, 0 ticker(s) matched.
Quant pre-screen: 47/67 candidates passed.
Gemini proposed 3 trade(s) meeting the conviction bar.
Gemini calls used today (all models combined): 485
Market closed (overnight): queued 12 trade idea(s) for next-morning verification -- nothing submitted yet.
  -> queued WDC buy (conf 92, stop 485.0, tp 560.0)
  -> queued WFC buy (conf 91, stop 86.06, tp 97.76)
  -> queued HAS buy (conf 90, stop 89.34, tp 106.82)
  -> queued HUM buy (conf None, stop 354.57, tp 392.49)
  -> queued WDAY buy (conf 85, stop 188.0, tp 220.0)
  -> queued BAC buy (conf 85, stop 62.5, tp 67.5)
  -> queued HBAN buy (conf 85, stop 17.09, tp 19.45)
  -> queued TDY buy (conf 85, stop 654.41, tp 715.0)
  -> queued TTWO buy (conf 90, stop 228.4, tp 265.0)
  -> queued NDAQ buy (conf None, stop 93.23, tp 97.755)
  -> queued TYL buy (conf 92, stop 300.28, tp 355.0)
  -> queued LYB buy (conf None, stop 58.01, tp 64.365)
Dashboard watchlist synced (17 symbols) for news/headlines.
Ending portfolio value: $99,425.43
Trade journal: no closed trades yet
Performance: Total return -0.41% | Max drawdown 12.37% | Daily Sharpe 0.27 | Open positions: 14 | Equity $99,425.43
Timings: account: 0.0s | risk: 3.9s | decide: 5.4s | watchlist: 0.1s | perf: 0.2s

=== Run at 2026-08-15T23:40:30.430313 ===
Current time: 2026-08-15 07:40 PM EDT | Market open (per Alpaca): False | Session: CLOSED
Account value: $99,425.43
Cash: $2,352.13 | Holdings (14): {'CEG': '35.6034 sh (+1.36%)', 'CHD': '97.9637 sh (+0.01%)', 'COHR': '7.9896 sh (-4.69%)', 'CVX': '24.8836 sh (+1.17%)', 'GEHC': '0.6136 sh (-0.28%)', 'IVZ': '306.9138 sh (+1.21%)', 'LMT': '16.3555 sh (+0.32%)', 'MS': '43.8344 sh (-1.63%)', 'MSI': '21.1281 sh (-0.69%)', 'NUE': '36.5544 sh (-1.52%)', 'NVDA': '44.2888 sh (+0.48%)', 'NWS': '303.7199 sh (+1.75%)', 'STLD': '0.9216 sh (-2.54%)', 'WSM': '0.1026 sh (-1.61%)'}
Open orders (1): NVDA sell 44.2888
Risk state: peak $99,703.60 | drawdown 0.28% | today -0.00% | halted: False
Market regime: NEUTRAL (position-size multiplier: 100% incl. circuit breaker 100%)
News: fetched 158, 1 new after dedup, 0 ticker(s) matched.
Quant pre-screen: 47/67 candidates passed.
Technical fallback (Gemini throttled/unavailable) proposed 50 trade(s) meeting the conviction bar.
Gemini calls used today (all models combined): 485
Market closed (overnight): queued 12 trade idea(s) for next-morning verification -- nothing submitted yet.
  -> queued WDC buy (conf 92, stop 485.0, tp 560.0)
  -> queued WFC buy (conf 91, stop 86.06, tp 97.76)
  -> queued HAS buy (conf 90, stop 89.34, tp 106.82)
  -> queued HUM buy (conf None, stop 354.57, tp 392.49)
  -> queued WDAY buy (conf 85, stop 188.0, tp 220.0)
  -> queued BAC buy (conf 85, stop 62.5, tp 67.5)
  -> queued HBAN buy (conf 85, stop 17.09, tp 19.45)
  -> queued TDY buy (conf None, stop 654.41, tp 697.61)
  -> queued TTWO buy (conf None, stop 228.4, tp 256.285)
  -> queued NDAQ buy (conf None, stop 93.23, tp 97.755)
  -> queued TYL buy (conf None, stop 300.28, tp 334.89)
  -> queued LYB buy (conf None, stop 58.01, tp 64.365)
Run budget spent -- skipping dashboard watchlist sync.
Run budget spent -- skipping performance snapshot.
Trade journal: no closed trades yet
Performance: Total return -0.41% | Max drawdown 12.37% | Daily Sharpe 0.27 | Open positions: 14 | Equity $99,425.43
Timings: account: 0.0s | risk: 3.2s | decide: 26.2s | watchlist: 0.0s | perf: 0.0s

=== Run at 2026-08-15T23:42:26.415215 ===
Current time: 2026-08-15 07:42 PM EDT | Market open (per Alpaca): False | Session: CLOSED
Account value: $99,425.43
Cash: $2,352.13 | Holdings (14): {'CEG': '35.6034 sh (+1.36%)', 'CHD': '97.9637 sh (+0.01%)', 'COHR': '7.9896 sh (-4.69%)', 'CVX': '24.8836 sh (+1.17%)', 'GEHC': '0.6136 sh (-0.28%)', 'IVZ': '306.9138 sh (+1.21%)', 'LMT': '16.3555 sh (+0.32%)', 'MS': '43.8344 sh (-1.63%)', 'MSI': '21.1281 sh (-0.69%)', 'NUE': '36.5544 sh (-1.52%)', 'NVDA': '44.2888 sh (+0.48%)', 'NWS': '303.7199 sh (+1.75%)', 'STLD': '0.9216 sh (-2.54%)', 'WSM': '0.1026 sh (-1.61%)'}
Open orders (1): NVDA sell 44.2888
Risk state: peak $99,703.60 | drawdown 0.28% | today -0.00% | halted: False
Market regime: NEUTRAL (position-size multiplier: 100% incl. circuit breaker 100%)
News: fetched 120, 0 new after dedup, 0 ticker(s) matched.
Quant pre-screen: 47/67 candidates passed.
Technical fallback (Gemini throttled/unavailable) proposed 50 trade(s) meeting the conviction bar.
Gemini calls used today (all models combined): 485
Market closed (overnight): queued 12 trade idea(s) for next-morning verification -- nothing submitted yet.
  -> queued WDC buy (conf 92, stop 485.0, tp 560.0)
  -> queued WFC buy (conf 91, stop 86.06, tp 97.76)
  -> queued HAS buy (conf 90, stop 89.34, tp 106.82)
  -> queued HUM buy (conf None, stop 354.57, tp 392.49)
  -> queued WDAY buy (conf 85, stop 188.0, tp 220.0)
  -> queued BAC buy (conf 85, stop 62.5, tp 67.5)
  -> queued HBAN buy (conf 85, stop 17.09, tp 19.45)
  -> queued TDY buy (conf None, stop 654.41, tp 697.61)
  -> queued TTWO buy (conf None, stop 228.4, tp 256.285)
  -> queued NDAQ buy (conf None, stop 93.23, tp 97.755)
  -> queued TYL buy (conf None, stop 300.28, tp 334.89)
  -> queued LYB buy (conf None, stop 58.01, tp 64.365)
Run budget spent -- skipping dashboard watchlist sync.
Run budget spent -- skipping performance snapshot.
Trade journal: no closed trades yet
Performance: Total return -0.41% | Max drawdown 12.37% | Daily Sharpe 0.27 | Open positions: 14 | Equity $99,425.43
Timings: account: 0.0s | risk: 3.8s | decide: 25.7s | watchlist: 0.0s | perf: 0.0s

=== Run at 2026-08-15T23:44:30.878804 ===
Current time: 2026-08-15 07:44 PM EDT | Market open (per Alpaca): False | Session: CLOSED
Account value: $99,425.43
Cash: $2,352.13 | Holdings (14): {'CEG': '35.6034 sh (+1.36%)', 'CHD': '97.9637 sh (+0.01%)', 'COHR': '7.9896 sh (-4.69%)', 'CVX': '24.8836 sh (+1.17%)', 'GEHC': '0.6136 sh (-0.28%)', 'IVZ': '306.9138 sh (+1.21%)', 'LMT': '16.3555 sh (+0.32%)', 'MS': '43.8344 sh (-1.63%)', 'MSI': '21.1281 sh (-0.69%)', 'NUE': '36.5544 sh (-1.52%)', 'NVDA': '44.2888 sh (+0.48%)', 'NWS': '303.7199 sh (+1.75%)', 'STLD': '0.9216 sh (-2.54%)', 'WSM': '0.1026 sh (-1.61%)'}
Open orders (1): NVDA sell 44.2888
Risk state: peak $99,703.60 | drawdown 0.28% | today -0.00% | halted: False
Market regime: NEUTRAL (position-size multiplier: 100% incl. circuit breaker 100%)
News: fetched 158, 0 new after dedup, 0 ticker(s) matched.
Quant pre-screen: 47/67 candidates passed.
Gemini proposed 3 trade(s) meeting the conviction bar.
Gemini calls used today (all models combined): 486
Market closed (overnight): queued 12 trade idea(s) for next-morning verification -- nothing submitted yet.
  -> queued WDC buy (conf 92, stop 485.0, tp 560.0)
  -> queued WFC buy (conf 91, stop 86.06, tp 97.76)
  -> queued HAS buy (conf 90, stop 89.34, tp 106.82)
  -> queued HUM buy (conf None, stop 354.57, tp 392.49)
  -> queued WDAY buy (conf 85, stop 188.0, tp 220.0)
  -> queued BAC buy (conf 85, stop 62.5, tp 67.5)
  -> queued HBAN buy (conf 85, stop 17.09, tp 19.45)
  -> queued TDY buy (conf 85, stop 654.41, tp 720.0)
  -> queued TTWO buy (conf 91, stop 228.4, tp 270.0)
  -> queued NDAQ buy (conf None, stop 93.23, tp 97.755)
  -> queued TYL buy (conf 92, stop 300.28, tp 360.0)
  -> queued LYB buy (conf None, stop 58.01, tp 64.365)
Dashboard watchlist synced (17 symbols) for news/headlines.
Ending portfolio value: $99,425.43
Trade journal: no closed trades yet
Performance: Total return -0.41% | Max drawdown 12.37% | Daily Sharpe 0.27 | Open positions: 14 | Equity $99,425.43
Timings: account: 0.0s | risk: 2.9s | decide: 8.4s | watchlist: 0.1s | perf: 0.2s

=== Run at 2026-08-15T23:46:26.396444 ===
Current time: 2026-08-15 07:46 PM EDT | Market open (per Alpaca): False | Session: CLOSED
Account value: $99,425.43
Cash: $2,352.13 | Holdings (14): {'CEG': '35.6034 sh (+1.36%)', 'CHD': '97.9637 sh (+0.01%)', 'COHR': '7.9896 sh (-4.69%)', 'CVX': '24.8836 sh (+1.17%)', 'GEHC': '0.6136 sh (-0.28%)', 'IVZ': '306.9138 sh (+1.21%)', 'LMT': '16.3555 sh (+0.32%)', 'MS': '43.8344 sh (-1.63%)', 'MSI': '21.1281 sh (-0.69%)', 'NUE': '36.5544 sh (-1.52%)', 'NVDA': '44.2888 sh (+0.48%)', 'NWS': '303.7199 sh (+1.75%)', 'STLD': '0.9216 sh (-2.54%)', 'WSM': '0.1026 sh (-1.61%)'}
Open orders (1): NVDA sell 44.2888
Risk state: peak $99,703.60 | drawdown 0.28% | today -0.00% | halted: False
Market regime: NEUTRAL (position-size multiplier: 100% incl. circuit breaker 100%)
News: fetched 58, 1 new after dedup, 0 ticker(s) matched.
Quant pre-screen: 47/67 candidates passed.
Gemini proposed 3 trade(s) meeting the conviction bar.
Gemini calls used today (all models combined): 487
Market closed (overnight): queued 12 trade idea(s) for next-morning verification -- nothing submitted yet.
  -> queued WDC buy (conf 92, stop 485.0, tp 560.0)
  -> queued WFC buy (conf 91, stop 86.06, tp 97.76)
  -> queued HAS buy (conf 90, stop 89.34, tp 106.82)
  -> queued HUM buy (conf None, stop 354.57, tp 392.49)
  -> queued WDAY buy (conf 85, stop 188.0, tp 220.0)
  -> queued BAC buy (conf 85, stop 62.5, tp 67.5)
  -> queued HBAN buy (conf 85, stop 17.09, tp 19.45)
  -> queued TDY buy (conf 92, stop 654.41, tp 715.0000000000001)
  -> queued TTWO buy (conf 91, stop 228.4, tp 265.0)
  -> queued NDAQ buy (conf None, stop 93.23, tp 97.755)
  -> queued TYL buy (conf 90, stop 300.28, tp 350.0)
  -> queued LYB buy (conf None, stop 58.01, tp 64.365)
Dashboard watchlist synced (17 symbols) for news/headlines.
Ending portfolio value: $99,425.43
Trade journal: no closed trades yet
Performance: Total return -0.41% | Max drawdown 12.37% | Daily Sharpe 0.27 | Open positions: 14 | Equity $99,425.43
Timings: account: 0.0s | risk: 1.2s | decide: 3.3s | watchlist: 0.0s | perf: 0.1s

=== Run at 2026-08-15T23:48:24.335231 ===
Current time: 2026-08-15 07:48 PM EDT | Market open (per Alpaca): False | Session: CLOSED
Account value: $99,425.43
Cash: $2,352.13 | Holdings (14): {'CEG': '35.6034 sh (+1.36%)', 'CHD': '97.9637 sh (+0.01%)', 'COHR': '7.9896 sh (-4.69%)', 'CVX': '24.8836 sh (+1.17%)', 'GEHC': '0.6136 sh (-0.28%)', 'IVZ': '306.9138 sh (+1.21%)', 'LMT': '16.3555 sh (+0.32%)', 'MS': '43.8344 sh (-1.63%)', 'MSI': '21.1281 sh (-0.69%)', 'NUE': '36.5544 sh (-1.52%)', 'NVDA': '44.2888 sh (+0.48%)', 'NWS': '303.7199 sh (+1.75%)', 'STLD': '0.9216 sh (-2.54%)', 'WSM': '0.1026 sh (-1.61%)'}
Open orders (1): NVDA sell 44.2888
Risk state: peak $99,703.60 | drawdown 0.28% | today -0.00% | halted: False
Market regime: NEUTRAL (position-size multiplier: 100% incl. circuit breaker 100%)
News: fetched 58, 0 new after dedup, 0 ticker(s) matched.
Quant pre-screen: 47/67 candidates passed.
Gemini proposed 3 trade(s) meeting the conviction bar.
Gemini calls used today (all models combined): 488
Market closed (overnight): queued 12 trade idea(s) for next-morning verification -- nothing submitted yet.
  -> queued WDC buy (conf 92, stop 485.0, tp 560.0)
  -> queued WFC buy (conf 91, stop 86.06, tp 97.76)
  -> queued HAS buy (conf 90, stop 89.34, tp 106.82)
  -> queued HUM buy (conf None, stop 354.57, tp 392.49)
  -> queued WDAY buy (conf 85, stop 188.0, tp 220.0)
  -> queued BAC buy (conf 85, stop 62.5, tp 67.5)
  -> queued HBAN buy (conf 85, stop 17.09, tp 19.45)
  -> queued TDY buy (conf 85, stop 654.41, tp 725.0)
  -> queued TTWO buy (conf 90, stop 228.4, tp 275.0)
  -> queued NDAQ buy (conf None, stop 93.23, tp 97.755)
  -> queued TYL buy (conf 92, stop 300.28, tp 360.0)
  -> queued LYB buy (conf None, stop 58.01, tp 64.365)
Dashboard watchlist synced (17 symbols) for news/headlines.
Ending portfolio value: $99,425.43
Trade journal: no closed trades yet
Performance: Total return -0.41% | Max drawdown 12.37% | Daily Sharpe 0.27 | Open positions: 14 | Equity $99,425.43
Timings: account: 0.0s | risk: 3.2s | decide: 13.7s | watchlist: 0.1s | perf: 0.2s

=== Run at 2026-08-15T23:50:26.520741 ===
Current time: 2026-08-15 07:50 PM EDT | Market open (per Alpaca): False | Session: CLOSED
Account value: $99,425.43
Cash: $2,352.13 | Holdings (14): {'CEG': '35.6034 sh (+1.36%)', 'CHD': '97.9637 sh (+0.01%)', 'COHR': '7.9896 sh (-4.69%)', 'CVX': '24.8836 sh (+1.17%)', 'GEHC': '0.6136 sh (-0.28%)', 'IVZ': '306.9138 sh (+1.21%)', 'LMT': '16.3555 sh (+0.32%)', 'MS': '43.8344 sh (-1.63%)', 'MSI': '21.1281 sh (-0.69%)', 'NUE': '36.5544 sh (-1.52%)', 'NVDA': '44.2888 sh (+0.48%)', 'NWS': '303.7199 sh (+1.75%)', 'STLD': '0.9216 sh (-2.54%)', 'WSM': '0.1026 sh (-1.61%)'}
Open orders (1): NVDA sell 44.2888
Risk state: peak $99,703.60 | drawdown 0.28% | today -0.00% | halted: False
Market regime: NEUTRAL (position-size multiplier: 100% incl. circuit breaker 100%)
News: fetched 158, 1 new after dedup, 0 ticker(s) matched.
Quant pre-screen: 47/67 candidates passed.
Gemini proposed 3 trade(s) meeting the conviction bar.
Gemini calls used today (all models combined): 489
Market closed (overnight): queued 12 trade idea(s) for next-morning verification -- nothing submitted yet.
  -> queued WDC buy (conf 92, stop 485.0, tp 560.0)
  -> queued WFC buy (conf 91, stop 86.06, tp 97.76)
  -> queued HAS buy (conf 90, stop 89.34, tp 106.82)
  -> queued HUM buy (conf None, stop 354.57, tp 392.49)
  -> queued WDAY buy (conf 85, stop 188.0, tp 220.0)
  -> queued BAC buy (conf 85, stop 62.5, tp 67.5)
  -> queued HBAN buy (conf 85, stop 17.09, tp 19.45)
  -> queued TDY buy (conf 90, stop 654.41, tp 715.0)
  -> queued TTWO buy (conf 91, stop 228.4, tp 265.0)
  -> queued NDAQ buy (conf None, stop 93.23, tp 97.755)
  -> queued TYL buy (conf 92, stop 300.28, tp 355.0)
  -> queued LYB buy (conf None, stop 58.01, tp 64.365)
Dashboard watchlist synced (17 symbols) for news/headlines.
Ending portfolio value: $99,425.43
Trade journal: no closed trades yet
Performance: Total return -0.41% | Max drawdown 12.37% | Daily Sharpe 0.27 | Open positions: 14 | Equity $99,425.43
Timings: account: 0.0s | risk: 2.5s | decide: 11.7s | watchlist: 0.1s | perf: 0.1s

=== Run at 2026-08-15T23:52:29.280098 ===
Current time: 2026-08-15 07:52 PM EDT | Market open (per Alpaca): False | Session: CLOSED
Account value: $99,425.43
Cash: $2,352.13 | Holdings (14): {'CEG': '35.6034 sh (+1.36%)', 'CHD': '97.9637 sh (+0.01%)', 'COHR': '7.9896 sh (-4.69%)', 'CVX': '24.8836 sh (+1.17%)', 'GEHC': '0.6136 sh (-0.28%)', 'IVZ': '306.9138 sh (+1.21%)', 'LMT': '16.3555 sh (+0.32%)', 'MS': '43.8344 sh (-1.63%)', 'MSI': '21.1281 sh (-0.69%)', 'NUE': '36.5544 sh (-1.52%)', 'NVDA': '44.2888 sh (+0.48%)', 'NWS': '303.7199 sh (+1.75%)', 'STLD': '0.9216 sh (-2.54%)', 'WSM': '0.1026 sh (-1.61%)'}
Open orders (1): NVDA sell 44.2888
Risk state: peak $99,703.60 | drawdown 0.28% | today -0.00% | halted: False
Market regime: NEUTRAL (position-size multiplier: 100% incl. circuit breaker 100%)
News: fetched 158, 0 new after dedup, 0 ticker(s) matched.
Quant pre-screen: 47/67 candidates passed.
Gemini proposed 3 trade(s) meeting the conviction bar.
Gemini calls used today (all models combined): 490
Market closed (overnight): queued 12 trade idea(s) for next-morning verification -- nothing submitted yet.
  -> queued WDC buy (conf 92, stop 485.0, tp 560.0)
  -> queued WFC buy (conf 91, stop 86.06, tp 97.76)
  -> queued HAS buy (conf 90, stop 89.34, tp 106.82)
  -> queued HUM buy (conf None, stop 354.57, tp 392.49)
  -> queued WDAY buy (conf 85, stop 188.0, tp 220.0)
  -> queued BAC buy (conf 85, stop 62.5, tp 67.5)
  -> queued HBAN buy (conf 85, stop 17.09, tp 19.45)
  -> queued TDY buy (conf 90, stop 654.41, tp 710.0)
  -> queued TTWO buy (conf 91, stop 228.4, tp 265.0)
  -> queued NDAQ buy (conf None, stop 93.23, tp 97.755)
  -> queued TYL buy (conf 92, stop 300.28, tp 355.0)
  -> queued LYB buy (conf None, stop 58.01, tp 64.365)
Dashboard watchlist synced (17 symbols) for news/headlines.
Ending portfolio value: $99,425.43
Trade journal: no closed trades yet
Performance: Total return -0.41% | Max drawdown 12.37% | Daily Sharpe 0.27 | Open positions: 14 | Equity $99,425.43
Timings: account: 0.0s | risk: 3.8s | decide: 9.1s | watchlist: 0.2s | perf: 0.3s

