unt: 0.0s | risk: 0.3s | decide: 24.7s | watchlist: 0.0s | perf: 0.1s
known-stale idea(s) for 30 minutes to preserve Gemini quota.
Morning verification: 3 overnight-queued trade(s) handed to Gemini for re-verification against fresh data.
News: fetched 158, 1 new after dedup, 0 ticker(s) matched.
Quant pre-screen: 35/60 candidates passed.
Gemini proposed 3 trade(s) meeting the conviction bar.
Gemini calls used today (all models combined): 137
  -> {"ticker": "JNJ", "status": "skipped", "reason": "stale quote for JNJ (60179.115118s old; limit 180s)", "shadow": false, "data_guard": true}
  -> {"ticker": "HPQ", "status": "skipped", "reason": "stale quote for HPQ (60180.591413s old; limit 180s)", "shadow": false, "data_guard": true}
  -> {"ticker": "HAL", "status": "skipped", "reason": "stale quote for HAL (60180.441224s old; limit 180s)", "shadow": false, "data_guard": true}
Overnight queue kept 11 idea(s) whose market data was stale; they will be retried after fresh quotes arrive.
Run budget reserve reached -- skipping dashboard watchlist sync.
Run budget reserve reached -- skipping performance snapshot.
Trade journal: all: 19 trades, 21% win rate, avg -2.19% | breakout: 1 trades, 0% win rate, avg -8.61% | other: 13 trades, 23% win rate, avg -1.93% | technical: 5 trades, 20% win rate, avg -1.58%
Self-learning: breakout: 1 trades, 0% win rate, avg -8.61% (LOSING) | other: 13 trades, 23% win rate, avg -1.93% (LOSING) | technical: 5 trades, 20% win rate, avg -1.58% (LOSING)
Performance: Total return +0.22% | Max drawdown 0.94% | Daily Sharpe 1.08 | 19 closed trades | Win rate 21% | Avg winner +1.83% | Avg loser -3.26% | Open positions: 2 | Equity $99,085.76
Engine P&L: legacy/unknown: realized $-1,705.68 (19 closed, 21% wins), unrealized $-350.97 (2 open) | Books: legacy: realized $-1,705.68, unrealized $-350.97
Reports: daily realized $+0.00; worst symbols none | weekly realized $+0.00; worst symbols none
Shadow report: 12930 shadow candidate(s), 500 rejection group(s)
Timings: account: 0.0s | risk: 0.3s | decide: 24.7s | watchlist: 0.0s | perf: 0.1s

=== Run at 2026-09-03T12:44:28.101930 ===
Build fingerprint: 4f68550affe5
Current time: 2026-09-03 08:44 AM EDT | Market open (per Alpaca): False | Session: EXTENDED
Account value: $99,085.76
Cash: $89,705.74 | Holdings (2): {'GEHC': '0.6136 sh (-4.52%)', 'MS': '43.8344 sh (-3.60%)'}
Sector exposure (cached): Financials 9.4%, Health Care 0.0%
Fill reconciliation: {'filled': 0, 'partial': 0, 'rejected': 1}
Open orders (1): MS sell 43.8344
Risk state: peak $99,703.60 | drawdown 0.62% | today +0.05% | halted: False
Market regime: NEUTRAL (position-size multiplier: 100% incl. circuit breaker 100%)
Overnight queue deferred 8 known-stale idea(s) for 30 minutes to preserve Gemini quota.
Morning verification: 3 overnight-queued trade(s) handed to Gemini for re-verification against fresh data.
News: fetched 158, 3 new after dedup, 0 ticker(s) matched.
Quant pre-screen: 35/60 candidates passed.
Technical fallback (Gemini throttled/unavailable) proposed 7 trade(s) meeting the conviction bar.
Gemini calls used today (all models combined): 137
  -> {"ticker": "HAL", "status": "skipped", "reason": "stale quote for HAL (60292.904159s old; limit 180s)", "shadow": false, "data_guard": true}
  -> {"ticker": "HPQ", "status": "skipped", "reason": "stale quote for HPQ (60293.24163s old; limit 180s)", "shadow": false, "data_guard": true}
  -> {"ticker": "HSIC", "status": "skipped", "reason": "stale quote for HSIC (60294.432537s old; limit 180s)", "shadow": false, "data_guard": true}
  -> {"ticker": "ICE", "status": "skipped", "reason": "stale quote for ICE (60296.990139s old; limit 180s)", "shadow": false, "data_guard": true}
  -> {"ticker": "INCY", "status": "skipped", "reason": "stale quote for INCY (60306.86589s old; limit 180s)", "shadow": false, "data_guard": true}
  -> {"ticker": "JKHY", "status": "skipped", "reason": "stale quote for JKHY (60320.950545s old; limit 180s)", "shadow": false, "data_guard": true}
  -> {"ticker": "JNJ", "status": "skipped", "reason": "stale quote for JNJ (60292.579536s old; limit 180s)", "shadow": false, "data_guard": true}
Overnight queue KEPT for next run (Gemini did not verify this round -- technical fallback or decision failure); 3 idea(s) remain subject to the retry cap.
Dashboard watchlist synced (9 symbols) for news/headlines.
Ending portfolio value: $99,085.76
Trade journal: all: 19 trades, 21% win rate, avg -2.19% | breakout: 1 trades, 0% win rate, avg -8.61% | other: 13 trades, 23% win rate, avg -1.93% | technical: 5 trades, 20% win rate, avg -1.58%
Self-learning: breakout: 1 trades, 0% win rate, avg -8.61% (LOSING) | other: 13 trades, 23% win rate, avg -1.93% (LOSING) | technical: 5 trades, 20% win rate, avg -1.58% (LOSING)
Performance: Total return +0.22% | Max drawdown 0.94% | Daily Sharpe 1.08 | 19 closed trades | Win rate 21% | Avg winner +1.83% | Avg loser -3.26% | Open positions: 2 | Equity $99,085.76
Engine P&L: legacy/unknown: realized $-1,705.68 (19 closed, 21% wins), unrealized $-350.97 (2 open) | Books: legacy: realized $-1,705.68, unrealized $-350.97
Reports: daily realized $+0.00; worst symbols none | weekly realized $+0.00; worst symbols none
Shadow report: 12937 shadow candidate(s), 500 rejection group(s)
Timings: account: 0.0s | risk: 0.5s | decide: 23.8s | watchlist: 0.1s | perf: 0.2s

=== Run at 2026-09-03T12:46:37.034986 ===
Build fingerprint: 4f68550affe5
Current time: 2026-09-03 08:46 AM EDT | Market open (per Alpaca): False | Session: EXTENDED
Account value: $99,085.76
Cash: $89,705.74 | Holdings (2): {'GEHC': '0.6136 sh (-4.52%)', 'MS': '43.8344 sh (-3.60%)'}
Sector exposure (cached): Financials 9.4%, Health Care 0.0%
Fill reconciliation: {'filled': 0, 'partial': 0, 'rejected': 1}
Open orders (1): MS sell 43.8344
Risk state: peak $99,703.60 | drawdown 0.62% | today +0.05% | halted: False
Market regime: NEUTRAL (position-size multiplier: 100% incl. circuit breaker 100%)
Overnight queue deferred 8 known-stale idea(s) for 30 minutes to preserve Gemini quota.
Morning verification: 3 overnight-queued trade(s) handed to Gemini for re-verification against fresh data.
News: fetched 158, 2 new after dedup, 0 ticker(s) matched.
Quant pre-screen: 35/60 candidates passed.
Gemini proposed 1 trade(s) meeting the conviction bar.
Gemini calls used today (all models combined): 138
  -> {"ticker": "HAL", "status": "skipped", "reason": "stale quote for HAL (60404.753285s old; limit 180s)", "shadow": false, "data_guard": true}
Overnight queue kept 11 idea(s) whose market data was stale; they will be retried after fresh quotes arrive.
Dashboard watchlist synced (3 symbols) for news/headlines.
Ending portfolio value: $99,085.76
Trade journal: all: 19 trades, 21% win rate, avg -2.19% | breakout: 1 trades, 0% win rate, avg -8.61% | other: 13 trades, 23% win rate, avg -1.93% | technical: 5 trades, 20% win rate, avg -1.58%
Self-learning: breakout: 1 trades, 0% win rate, avg -8.61% (LOSING) | other: 13 trades, 23% win rate, avg -1.93% (LOSING) | technical: 5 trades, 20% win rate, avg -1.58% (LOSING)
Performance: Total return +0.22% | Max drawdown 0.94% | Daily Sharpe 1.08 | 19 closed trades | Win rate 21% | Avg winner +1.83% | Avg loser -3.26% | Open positions: 2 | Equity $99,085.76
Engine P&L: legacy/unknown: realized $-1,705.68 (19 closed, 21% wins), unrealized $-350.97 (2 open) | Books: legacy: realized $-1,705.68, unrealized $-350.97
Reports: daily realized $+0.00; worst symbols none | weekly realized $+0.00; worst symbols none
Shadow report: 12938 shadow candidate(s), 500 rejection group(s)
Timings: account: 0.0s | risk: 0.6s | decide: 5.5s | watchlist: 0.1s | perf: 0.2s

=== Run at 2026-09-03T12:48:40.377716 ===
Build fingerprint: 4f68550affe5
Current time: 2026-09-03 08:48 AM EDT | Market open (per Alpaca): False | Session: EXTENDED
Account value: $99,085.76
Cash: $89,705.74 | Holdings (2): {'GEHC': '0.6136 sh (-4.52%)', 'MS': '43.8344 sh (-3.60%)'}
Sector exposure (cached): Financials 9.4%, Health Care 0.0%
Fill reconciliation: {'filled': 0, 'partial': 0, 'rejected': 1}
Open orders (1): MS sell 43.8344
Risk state: peak $99,703.60 | drawdown 0.62% | today +0.05% | halted: False
Market regime: NEUTRAL (position-size multiplier: 100% incl. circuit breaker 100%)
Overnight queue deferred 7 known-stale idea(s) for 30 minutes to preserve Gemini quota.
Morning verification: 4 overnight-queued trade(s) handed to Gemini for re-verification against fresh data.
News: fetched 158, 2 new after dedup, 0 ticker(s) matched.
Quant pre-screen: 35/60 candidates passed.
Gemini proposed 1 trade(s) meeting the conviction bar.
Gemini calls used today (all models combined): 139
  -> {"ticker": "HSIC", "status": "skipped", "reason": "stale quote for HSIC (60529.200678s old; limit 180s)", "shadow": false, "data_guard": true}
Overnight queue kept 11 idea(s) whose market data was stale; they will be retried after fresh quotes arrive.
Dashboard watchlist synced (3 symbols) for news/headlines.
Ending portfolio value: $99,085.76
Trade journal: all: 19 trades, 21% win rate, avg -2.19% | breakout: 1 trades, 0% win rate, avg -8.61% | other: 13 trades, 23% win rate, avg -1.93% | technical: 5 trades, 20% win rate, avg -1.58%
Self-learning: breakout: 1 trades, 0% win rate, avg -8.61% (LOSING) | other: 13 trades, 23% win rate, avg -1.93% (LOSING) | technical: 5 trades, 20% win rate, avg -1.58% (LOSING)
Performance: Total return +0.22% | Max drawdown 0.94% | Daily Sharpe 1.08 | 19 closed trades | Win rate 21% | Avg winner +1.83% | Avg loser -3.26% | Open positions: 2 | Equity $99,085.76
Engine P&L: legacy/unknown: realized $-1,705.68 (19 closed, 21% wins), unrealized $-350.97 (2 open) | Books: legacy: realized $-1,705.68, unrealized $-350.97
Reports: daily realized $+0.00; worst symbols none | weekly realized $+0.00; worst symbols none
Shadow report: 12939 shadow candidate(s), 500 rejection group(s)
Timings: account: 0.0s | risk: 0.9s | decide: 5.1s | watchlist: 0.1s | perf: 0.3s

=== Run at 2026-09-03T12:50:29.898808 ===
Build fingerprint: 4f68550affe5
Current time: 2026-09-03 08:50 AM EDT | Market open (per Alpaca): False | Session: EXTENDED
Account value: $99,085.76
Cash: $89,705.74 | Holdings (2): {'GEHC': '0.6136 sh (-4.52%)', 'MS': '43.8344 sh (-3.60%)'}
Sector exposure (cached): Financials 9.4%, Health Care 0.0%
Fill reconciliation: {'filled': 0, 'partial': 0, 'rejected': 1}
Open orders (1): MS sell 43.8344
Risk state: peak $99,703.60 | drawdown 0.62% | today +0.05% | halted: False
Market regime: NEUTRAL (position-size multiplier: 100% incl. circuit breaker 100%)
Overnight queue deferred 8 known-stale idea(s) for 30 minutes to preserve Gemini quota.
Morning verification: 3 overnight-queued trade(s) handed to Gemini for re-verification against fresh data.
News: fetched 158, 2 new after dedup, 3 ticker(s) matched.
Quant pre-screen: 39/63 candidates passed.
Gemini proposed 2 trade(s) meeting the conviction bar.
Gemini calls used today (all models combined): 140
  -> {"ticker": "NVDA", "status": "skipped", "reason": "stale quote for NVDA (60634.923838s old; limit 180s)", "shadow": false, "data_guard": true}
  -> {"ticker": "DELL", "status": "skipped", "reason": "stale quote for DELL (60636.612916s old; limit 180s)", "shadow": false, "data_guard": true}
Overnight queue kept 12 idea(s) whose market data was stale; they will be retried after fresh quotes arrive.
Dashboard watchlist synced (5 symbols) for news/headlines.
Ending portfolio value: $99,085.76
Trade journal: all: 19 trades, 21% win rate, avg -2.19% | breakout: 1 trades, 0% win rate, avg -8.61% | other: 13 trades, 23% win rate, avg -1.93% | technical: 5 trades, 20% win rate, avg -1.58%
Self-learning: breakout: 1 trades, 0% win rate, avg -8.61% (LOSING) | other: 13 trades, 23% win rate, avg -1.93% (LOSING) | technical: 5 trades, 20% win rate, avg -1.58% (LOSING)
Performance: Total return +0.22% | Max drawdown 0.94% | Daily Sharpe 1.08 | 19 closed trades | Win rate 21% | Avg winner +1.83% | Avg loser -3.26% | Open positions: 2 | Equity $99,085.76
Engine P&L: legacy/unknown: realized $-1,705.68 (19 closed, 21% wins), unrealized $-350.97 (2 open) | Books: legacy: realized $-1,705.68, unrealized $-350.97
Reports: daily realized $+0.00; worst symbols none | weekly realized $+0.00; worst symbols none
Shadow report: 12941 shadow candidate(s), 500 rejection group(s)
Timings: account: 0.0s | risk: 0.9s | decide: 14.5s | watchlist: 0.1s | perf: 0.3s

=== Run at 2026-09-03T12:52:28.922788 ===
Build fingerprint: 4f68550affe5
Current time: 2026-09-03 08:52 AM EDT | Market open (per Alpaca): False | Session: EXTENDED
Account value: $99,085.76
Cash: $89,705.74 | Holdings (2): {'GEHC': '0.6136 sh (-4.52%)', 'MS': '43.8344 sh (-3.60%)'}
Sector exposure (cached): Financials 9.4%, Health Care 0.0%
Fill reconciliation: {'filled': 0, 'partial': 0, 'rejected': 1}
Open orders (1): MS sell 43.8344
Risk state: peak $99,703.60 | drawdown 0.62% | today +0.05% | halted: False
Market regime: NEUTRAL (position-size multiplier: 100% incl. circuit breaker 100%)
Overnight queue deferred 10 known-stale idea(s) for 30 minutes to preserve Gemini quota.
Morning verification: 2 overnight-queued trade(s) handed to Gemini for re-verification against fresh data.
News: fetched 158, 0 new after dedup, 0 ticker(s) matched.
Quant pre-screen: 35/60 candidates passed.
Technical fallback (Gemini throttled/unavailable) proposed 7 trade(s) meeting the conviction bar.
Gemini calls used today (all models combined): 140
  -> {"ticker": "HAL", "status": "skipped", "reason": "stale quote for HAL (60772.373313s old; limit 180s)", "shadow": false, "data_guard": true}
  -> {"ticker": "HPQ", "status": "skipped", "reason": "stale quote for HPQ (60772.668227s old; limit 180s)", "shadow": false, "data_guard": true}
  -> {"ticker": "HSIC", "status": "skipped", "reason": "stale quote for HSIC (60773.779633s old; limit 180s)", "shadow": false, "data_guard": true}
  -> {"ticker": "ICE", "status": "skipped", "reason": "stale quote for ICE (60776.263642s old; limit 180s)", "shadow": false, "data_guard": true}
  -> {"ticker": "INCY", "status": "skipped", "reason": "stale quote for INCY (60786.058301s old; limit 180s)", "shadow": false, "data_guard": true}
  -> {"ticker": "JKHY", "status": "skipped", "reason": "stale quote for JKHY (60800.076267s old; limit 180s)", "shadow": false, "data_guard": true}
  -> {"ticker": "JNJ", "status": "skipped", "reason": "stale quote for JNJ (60771.636831s old; limit 180s)", "shadow": false, "data_guard": true}
Overnight queue KEPT for next run (Gemini did not verify this round -- technical fallback or decision failure); 3 idea(s) remain subject to the retry cap.
Dashboard watchlist synced (9 symbols) for news/headlines.
Ending portfolio value: $99,085.76
Trade journal: all: 19 trades, 21% win rate, avg -2.19% | breakout: 1 trades, 0% win rate, avg -8.61% | other: 13 trades, 23% win rate, avg -1.93% | technical: 5 trades, 20% win rate, avg -1.58%
Self-learning: breakout: 1 trades, 0% win rate, avg -8.61% (LOSING) | other: 13 trades, 23% win rate, avg -1.93% (LOSING) | technical: 5 trades, 20% win rate, avg -1.58% (LOSING)
Performance: Total return +0.22% | Max drawdown 0.94% | Daily Sharpe 1.08 | 19 closed trades | Win rate 21% | Avg winner +1.83% | Avg loser -3.26% | Open positions: 2 | Equity $99,085.76
Engine P&L: legacy/unknown: realized $-1,705.68 (19 closed, 21% wins), unrealized $-350.97 (2 open) | Books: legacy: realized $-1,705.68, unrealized $-350.97
Reports: daily realized $+0.00; worst symbols none | weekly realized $+0.00; worst symbols none
Shadow report: 12948 shadow candidate(s), 500 rejection group(s)
Timings: account: 0.0s | risk: 0.2s | decide: 22.4s | watchlist: 0.0s | perf: 0.2s

=== Run at 2026-09-03T12:54:27.904459 ===
Build fingerprint: 4f68550affe5
Current time: 2026-09-03 08:54 AM EDT | Market open (per Alpaca): False | Session: EXTENDED
Account value: $99,085.76
Cash: $89,705.74 | Holdings (2): {'GEHC': '0.6136 sh (-4.52%)', 'MS': '43.8344 sh (-3.60%)'}
Sector exposure (cached): Financials 9.4%, Health Care 0.0%
Fill reconciliation: {'filled': 0, 'partial': 0, 'rejected': 1}
Open orders (1): MS sell 43.8344
Risk state: peak $99,703.60 | drawdown 0.62% | today +0.05% | halted: False
Market regime: NEUTRAL (position-size multiplier: 100% incl. circuit breaker 100%)
Overnight queue deferred 10 known-stale idea(s) for 30 minutes to preserve Gemini quota.
Morning verification: 3 overnight-queued trade(s) handed to Gemini for re-verification against fresh data.
News: fetched 158, 2 new after dedup, 0 ticker(s) matched.
Quant pre-screen: 35/60 candidates passed.
Gemini proposed 1 trade(s) meeting the conviction bar.
Gemini calls used today (all models combined): 141
  -> {"ticker": "HAL", "status": "skipped", "reason": "stale quote for HAL (60882.091548s old; limit 180s)", "shadow": false, "data_guard": true}
Overnight queue kept 12 idea(s) whose market data was stale; they will be retried after fresh quotes arrive.
Dashboard watchlist synced (3 symbols) for news/headlines.
Ending portfolio value: $99,085.76
Trade journal: all: 19 trades, 21% win rate, avg -2.19% | breakout: 1 trades, 0% win rate, avg -8.61% | other: 13 trades, 23% win rate, avg -1.93% | technical: 5 trades, 20% win rate, avg -1.58%
Self-learning: breakout: 1 trades, 0% win rate, avg -8.61% (LOSING) | other: 13 trades, 23% win rate, avg -1.93% (LOSING) | technical: 5 trades, 20% win rate, avg -1.58% (LOSING)
Performance: Total return +0.22% | Max drawdown 0.94% | Daily Sharpe 1.08 | 19 closed trades | Win rate 21% | Avg winner +1.83% | Avg loser -3.26% | Open positions: 2 | Equity $99,085.76
Engine P&L: legacy/unknown: realized $-1,705.68 (19 closed, 21% wins), unrealized $-350.97 (2 open) | Books: legacy: realized $-1,705.68, unrealized $-350.97
Reports: daily realized $+0.00; worst symbols none | weekly realized $+0.00; worst symbols none
Shadow report: 12949 shadow candidate(s), 500 rejection group(s)
Timings: account: 0.0s | risk: 0.8s | decide: 11.9s | watchlist: 0.1s | perf: 0.2s

=== Run at 2026-09-03T12:56:39.070705 ===
Build fingerprint: 4f68550affe5
Current time: 2026-09-03 08:56 AM EDT | Market open (per Alpaca): False | Session: EXTENDED
Account value: $99,085.76
Cash: $89,705.74 | Holdings (2): {'GEHC': '0.6136 sh (-4.52%)', 'MS': '43.8344 sh (-3.60%)'}
Sector exposure (cached): Financials 9.4%, Health Care 0.0%
Fill reconciliation: {'filled': 0, 'partial': 0, 'rejected': 1}
Open orders (1): MS sell 43.8344
Risk state: peak $99,703.60 | drawdown 0.62% | today +0.05% | halted: False
Market regime: NEUTRAL (position-size multiplier: 100% incl. circuit breaker 100%)
Overnight queue deferred 10 known-stale idea(s) for 30 minutes to preserve Gemini quota.
Morning verification: 2 overnight-queued trade(s) handed to Gemini for re-verification against fresh data.
News: fetched 158, 1 new after dedup, 0 ticker(s) matched.
Quant pre-screen: 35/60 candidates passed.
Gemini proposed 2 trade(s) meeting the conviction bar.
Gemini calls used today (all models combined): 142
  -> {"ticker": "HAL", "status": "skipped", "reason": "stale quote for HAL (61006.519159s old; limit 180s)", "shadow": false, "data_guard": true}
  -> {"ticker": "HPQ", "status": "skipped", "reason": "stale quote for HPQ (61006.874337s old; limit 180s)", "shadow": false, "data_guard": true}
Overnight queue kept 12 idea(s) whose market data was stale; they will be retried after fresh quotes arrive.
Dashboard watchlist synced (4 symbols) for news/headlines.
Ending portfolio value: $99,085.76
Trade journal: all: 19 trades, 21% win rate, avg -2.19% | breakout: 1 trades, 0% win rate, avg -8.61% | other: 13 trades, 23% win rate, avg -1.93% | technical: 5 trades, 20% win rate, avg -1.58%
Self-learning: breakout: 1 trades, 0% win rate, avg -8.61% (LOSING) | other: 13 trades, 23% win rate, avg -1.93% (LOSING) | technical: 5 trades, 20% win rate, avg -1.58% (LOSING)
Performance: Total return +0.22% | Max drawdown 0.94% | Daily Sharpe 1.08 | 19 closed trades | Win rate 21% | Avg winner +1.83% | Avg loser -3.26% | Open positions: 2 | Equity $99,085.76
Engine P&L: legacy/unknown: realized $-1,705.68 (19 closed, 21% wins), unrealized $-350.97 (2 open) | Books: legacy: realized $-1,705.68, unrealized $-350.97
Reports: daily realized $+0.00; worst symbols none | weekly realized $+0.00; worst symbols none
Shadow report: 12951 shadow candidate(s), 500 rejection group(s)
Timings: account: 0.0s | risk: 0.5s | decide: 5.5s | watchlist: 0.1s | perf: 0.1s

=== Run at 2026-09-03T12:58:29.649310 ===
Build fingerprint: 4f68550affe5
Current time: 2026-09-03 08:58 AM EDT | Market open (per Alpaca): False | Session: EXTENDED
Account value: $99,085.76
Cash: $89,705.74 | Holdings (2): {'GEHC': '0.6136 sh (-4.52%)', 'MS': '43.8344 sh (-3.60%)'}
Sector exposure (cached): Financials 9.4%, Health Care 0.0%
Fill reconciliation: {'filled': 0, 'partial': 0, 'rejected': 1}
Open orders (1): MS sell 43.8344
Risk state: peak $99,703.60 | drawdown 0.62% | today +0.05% | halted: False
Market regime: NEUTRAL (position-size multiplier: 100% incl. circuit breaker 100%)
Overnight queue deferred 8 known-stale idea(s) for 30 minutes to preserve Gemini quota.
Morning verification: 4 overnight-queued trade(s) handed to Gemini for re-verification against fresh data.
News: fetched 158, 1 new after dedup, 0 ticker(s) matched.
Quant pre-screen: 35/60 candidates passed.
Gemini proposed 2 trade(s) meeting the conviction bar.
Gemini calls used today (all models combined): 143
  -> {"ticker": "HAL", "status": "skipped", "reason": "stale quote for HAL (61118.140401s old; limit 180s)", "shadow": false, "data_guard": true}
  -> {"ticker": "HPQ", "status": "skipped", "reason": "stale quote for HPQ (61118.648089s old; limit 180s)", "shadow": false, "data_guard": true}
Overnight queue kept 12 idea(s) whose market data was stale; they will be retried after fresh quotes arrive.
Dashboard watchlist synced (4 symbols) for news/headlines.
Ending portfolio value: $99,085.76
Trade journal: all: 19 trades, 21% win rate, avg -2.19% | breakout: 1 trades, 0% win rate, avg -8.61% | other: 13 trades, 23% win rate, avg -1.93% | technical: 5 trades, 20% win rate, avg -1.58%
Self-learning: breakout: 1 trades, 0% win rate, avg -8.61% (LOSING) | other: 13 trades, 23% win rate, avg -1.93% (LOSING) | technical: 5 trades, 20% win rate, avg -1.58% (LOSING)
Performance: Total return +0.22% | Max drawdown 0.94% | Daily Sharpe 1.08 | 19 closed trades | Win rate 21% | Avg winner +1.83% | Avg loser -3.26% | Open positions: 2 | Equity $99,085.76
Engine P&L: legacy/unknown: realized $-1,705.68 (19 closed, 21% wins), unrealized $-350.97 (2 open) | Books: legacy: realized $-1,705.68, unrealized $-350.97
Reports: daily realized $+0.00; worst symbols none | weekly realized $+0.00; worst symbols none
Shadow report: 12953 shadow candidate(s), 500 rejection group(s)
Timings: account: 0.0s | risk: 0.8s | decide: 6.2s | watchlist: 0.1s | perf: 0.2s

=== Run at 2026-09-03T13:00:43.412078 ===
Build fingerprint: 4f68550affe5
Current time: 2026-09-03 09:00 AM EDT | Market open (per Alpaca): False | Session: EXTENDED
Account value: $99,085.76
Cash: $89,705.74 | Holdings (2): {'GEHC': '0.6136 sh (-4.52%)', 'MS': '43.8344 sh (-3.60%)'}
Sector exposure (cached): Financials 9.4%, Health Care 0.0%
Fill reconciliation: {'filled': 0, 'partial': 0, 'rejected': 1}
Open orders (1): MS sell 43.8344
Risk state: peak $99,703.60 | drawdown 0.62% | today +0.05% | halted: False
Market regime: NEUTRAL (position-size multiplier: 100% incl. circuit breaker 100%)
Overnight queue deferred 8 known-stale idea(s) for 30 minutes to preserve Gemini quota.
Morning verification: 4 overnight-queued trade(s) handed to Gemini for re-verification against fresh data.
News: fetched 158, 2 new after dedup, 0 ticker(s) matched.
Quant pre-screen: 6/12 candidates passed.
Gemini proposed 2 trade(s) meeting the conviction bar.
Gemini calls used today (all models combined): 144
  -> {"ticker": "HAL", "status": "skipped", "reason": "stale quote for HAL (61256.674463s old; limit 180s)", "shadow": false, "data_guard": true}
  -> {"ticker": "MU", "status": "skipped", "reason": "stale quote for MU (347.805351s old; limit 180s)", "shadow": false, "data_guard": true}
Overnight queue kept 12 idea(s) whose market data was stale; they will be retried after fresh quotes arrive.
Dashboard watchlist synced (4 symbols) for news/headlines.
Ending portfolio value: $99,085.76
Trade journal: all: 19 trades, 21% win rate, avg -2.19% | breakout: 1 trades, 0% win rate, avg -8.61% | other: 13 trades, 23% win rate, avg -1.93% | technical: 5 trades, 20% win rate, avg -1.58%
Self-learning: breakout: 1 trades, 0% win rate, avg -8.61% (LOSING) | other: 13 trades, 23% win rate, avg -1.93% (LOSING) | technical: 5 trades, 20% win rate, avg -1.58% (LOSING)
Performance: Total return +0.22% | Max drawdown 0.94% | Daily Sharpe 1.08 | 19 closed trades | Win rate 21% | Avg winner +1.83% | Avg loser -3.26% | Open positions: 2 | Equity $99,085.76
Engine P&L: legacy/unknown: realized $-1,705.68 (19 closed, 21% wins), unrealized $-350.97 (2 open) | Books: legacy: realized $-1,705.68, unrealized $-350.97
Reports: daily realized $+0.00; worst symbols none | weekly realized $+0.00; worst symbols none
Shadow report: 12955 shadow candidate(s), 500 rejection group(s)
Timings: account: 0.0s | risk: 0.8s | decide: 18.0s | watchlist: 0.1s | perf: 0.2s

=== Run at 2026-09-03T13:02:27.135246 ===
Build fingerprint: 4f68550affe5
Current time: 2026-09-03 09:02 AM EDT | Market open (per Alpaca): False | Session: EXTENDED
Account value: $99,085.76
Cash: $89,705.74 | Holdings (2): {'GEHC': '0.6136 sh (-4.52%)', 'MS': '43.8344 sh (-3.60%)'}
Sector exposure (cached): Financials 9.4%, Health Care 0.0%
Fill reconciliation: {'filled': 0, 'partial': 0, 'rejected': 1}
Open orders (1): MS sell 43.8344
Risk state: peak $99,703.60 | drawdown 0.62% | today +0.05% | halted: False
Market regime: NEUTRAL (position-size multiplier: 100% incl. circuit breaker 100%)
Overnight queue deferred 8 known-stale idea(s) for 30 minutes to preserve Gemini quota.
Morning verification: 4 overnight-queued trade(s) handed to Gemini for re-verification against fresh data.
News: fetched 158, 5 new after dedup, 0 ticker(s) matched.
Quant pre-screen: 11/22 candidates passed.
Technical fallback (Gemini throttled/unavailable) proposed 3 trade(s) meeting the conviction bar.
Gemini calls used today (all models combined): 144
  -> {"ticker": "HAL", "status": "skipped", "reason": "stale quote for HAL (61373.121188s old; limit 180s)", "shadow": false, "data_guard": true}
  -> {"ticker": "HPQ", "status": "skipped", "reason": "stale quote for HPQ (61352.022638s old; limit 180s)", "shadow": false, "data_guard": true}
  -> {"ticker": "HSIC", "status": "skipped", "reason": "stale quote for HSIC (61353.19596s old; limit 180s)", "shadow": false, "data_guard": true}
Overnight queue KEPT for next run (Gemini did not verify this round -- technical fallback or decision failure); 5 idea(s) remain subject to the retry cap.
Dashboard watchlist synced (5 symbols) for news/headlines.
Ending portfolio value: $99,085.76
Trade journal: all: 19 trades, 21% win rate, avg -2.19% | breakout: 1 trades, 0% win rate, avg -8.61% | other: 13 trades, 23% win rate, avg -1.93% | technical: 5 trades, 20% win rate, avg -1.58%
Self-learning: breakout: 1 trades, 0% win rate, avg -8.61% (LOSING) | other: 13 trades, 23% win rate, avg -1.93% (LOSING) | technical: 5 trades, 20% win rate, avg -1.58% (LOSING)
Performance: Total return +0.22% | Max drawdown 0.94% | Daily Sharpe 1.08 | 19 closed trades | Win rate 21% | Avg winner +1.83% | Avg loser -3.26% | Open positions: 2 | Equity $99,085.76
Engine P&L: legacy/unknown: realized $-1,705.68 (19 closed, 21% wins), unrealized $-350.97 (2 open) | Books: legacy: realized $-1,705.68, unrealized $-350.97
Reports: daily realized $+0.00; worst symbols none | weekly realized $+0.00; worst symbols none
Shadow report: 12958 shadow candidate(s), 500 rejection group(s)
Timings: account: 0.0s | risk: 0.2s | decide: 24.5s | watchlist: 0.0s | perf: 0.2s

=== Run at 2026-09-03T13:04:40.405974 ===
Build fingerprint: 4f68550affe5
Current time: 2026-09-03 09:04 AM EDT | Market open (per Alpaca): False | Session: EXTENDED
Account value: $99,085.76
Cash: $89,705.74 | Holdings (2): {'GEHC': '0.6136 sh (-4.52%)', 'MS': '43.8344 sh (-3.60%)'}
Sector exposure (cached): Financials 9.4%, Health Care 0.0%
Fill reconciliation: {'filled': 0, 'partial': 0, 'rejected': 1}
Open orders (1): MS sell 43.8344
Risk state: peak $99,703.60 | drawdown 0.62% | today +0.05% | halted: False
Market regime: NEUTRAL (position-size multiplier: 100% incl. circuit breaker 100%)
Overnight queue deferred 8 known-stale idea(s) for 30 minutes to preserve Gemini quota.
Morning verification: 5 overnight-queued trade(s) handed to Gemini for re-verification against fresh data.
News: fetched 158, 3 new after dedup, 1 ticker(s) matched.
Quant pre-screen: 13/18 candidates passed.
Gemini proposed 2 trade(s) meeting the conviction bar.
Gemini calls used today (all models combined): 145
  -> {"ticker": "MRK", "status": "skipped", "reason": "stale quote for MRK (61488.12473s old; limit 180s)", "shadow": false, "data_guard": true}
  -> {"ticker": "MOS", "status": "skipped", "reason": "stale quote for MOS (61486.646884s old; limit 180s)", "shadow": false, "data_guard": true}
Overnight queue kept 12 idea(s) whose market data was stale; they will be retried after fresh quotes arrive.
Dashboard watchlist synced (5 symbols) for news/headlines.
Ending portfolio value: $99,085.76
Trade journal: all: 19 trades, 21% win rate, avg -2.19% | breakout: 1 trades, 0% win rate, avg -8.61% | other: 13 trades, 23% win rate, avg -1.93% | technical: 5 trades, 20% win rate, avg -1.58%
Self-learning: breakout: 1 trades, 0% win rate, avg -8.61% (LOSING) | other: 13 trades, 23% win rate, avg -1.93% (LOSING) | technical: 5 trades, 20% win rate, avg -1.58% (LOSING)
Performance: Total return +0.22% | Max drawdown 0.94% | Daily Sharpe 1.08 | 19 closed trades | Win rate 21% | Avg winner +1.83% | Avg loser -3.26% | Open positions: 2 | Equity $99,085.76
Engine P&L: legacy/unknown: realized $-1,705.68 (19 closed, 21% wins), unrealized $-350.97 (2 open) | Books: legacy: realized $-1,705.68, unrealized $-350.97
Reports: daily realized $+0.00; worst symbols none | weekly realized $+0.00; worst symbols none
Shadow report: 12960 shadow candidate(s), 500 rejection group(s)
Timings: account: 0.0s | risk: 0.5s | decide: 17.4s | watchlist: 0.1s | perf: 0.2s

=== Run at 2026-09-03T13:06:41.334557 ===
Build fingerprint: 4f68550affe5
Current time: 2026-09-03 09:06 AM EDT | Market open (per Alpaca): False | Session: EXTENDED
Account value: $99,085.76
Cash: $89,705.74 | Holdings (2): {'GEHC': '0.6136 sh (-4.52%)', 'MS': '43.8344 sh (-3.60%)'}
Sector exposure (cached): Financials 9.4%, Health Care 0.0%
Fill reconciliation: {'filled': 0, 'partial': 0, 'rejected': 1}
Open orders (1): MS sell 43.8344
Risk state: peak $99,703.60 | drawdown 0.62% | today +0.05% | halted: False
Market regime: NEUTRAL (position-size multiplier: 100% incl. circuit breaker 100%)
Overnight queue deferred 10 known-stale idea(s) for 30 minutes to preserve Gemini quota.
Morning verification: 2 overnight-queued trade(s) handed to Gemini for re-verification against fresh data.
News: fetched 158, 0 new after dedup, 0 ticker(s) matched.
Quant pre-screen: 19/34 candidates passed.
Technical fallback (Gemini throttled/unavailable) proposed 5 trade(s) meeting the conviction bar.
Gemini calls used today (all models combined): 145
  -> {"ticker": "HAL", "status": "skipped", "reason": "stale quote for HAL (61627.840885s old; limit 180s)", "shadow": false, "data_guard": true}
  -> {"ticker": "HPQ", "status": "skipped", "reason": "stale quote for HPQ (61628.355362s old; limit 180s)", "shadow": false, "data_guard": true}
  -> {"ticker": "HSIC", "status": "skipped", "reason": "stale quote for HSIC (61629.708301s old; limit 180s)", "shadow": false, "data_guard": true}
  -> {"ticker": "ICE", "status": "skipped", "reason": "stale quote for ICE (61612.023916s old; limit 180s)", "shadow": false, "data_guard": true}
  -> {"ticker": "INCY", "status": "skipped", "reason": "stale quote for INCY (61622.999548s old; limit 180s)", "shadow": false, "data_guard": true}
Overnight queue KEPT for next run (Gemini did not verify this round -- technical fallback or decision failure); 3 idea(s) remain subject to the retry cap.
Run budget reserve reached -- skipping dashboard watchlist sync.
Run budget reserve reached -- skipping performance snapshot.
Trade journal: all: 19 trades, 21% win rate, avg -2.19% | breakout: 1 trades, 0% win rate, avg -8.61% | other: 13 trades, 23% win rate, avg -1.93% | technical: 5 trades, 20% win rate, avg -1.58%
Self-learning: breakout: 1 trades, 0% win rate, avg -8.61% (LOSING) | other: 13 trades, 23% win rate, avg -1.93% (LOSING) | technical: 5 trades, 20% win rate, avg -1.58% (LOSING)
Performance: Total return +0.22% | Max drawdown 0.94% | Daily Sharpe 1.08 | 19 closed trades | Win rate 21% | Avg winner +1.83% | Avg loser -3.26% | Open positions: 2 | Equity $99,085.76
Engine P&L: legacy/unknown: realized $-1,705.68 (19 closed, 21% wins), unrealized $-350.97 (2 open) | Books: legacy: realized $-1,705.68, unrealized $-350.97
Reports: daily realized $+0.00; worst symbols none | weekly realized $+0.00; worst symbols none
Shadow report: 12965 shadow candidate(s), 500 rejection group(s)
Timings: account: 0.0s | risk: 1.3s | decide: 23.8s | watchlist: 0.0s | perf: 0.1s

=== Run at 2026-09-03T13:08:28.486896 ===
Build fingerprint: 4f68550affe5
Current time: 2026-09-03 09:08 AM EDT | Market open (per Alpaca): False | Session: EXTENDED
Account value: $99,085.76
Cash: $89,705.74 | Holdings (2): {'GEHC': '0.6136 sh (-4.52%)', 'MS': '43.8344 sh (-3.60%)'}
Sector exposure (cached): Financials 9.4%, Health Care 0.0%
Fill reconciliation: {'filled': 0, 'partial': 0, 'rejected': 1}
Open orders (1): MS sell 43.8344
Risk state: peak $99,703.60 | drawdown 0.62% | today +0.05% | halted: False
Market regime: NEUTRAL (position-size multiplier: 100% incl. circuit breaker 100%)
Overnight queue expired 2 stale/over-retried idea(s); fresh analysis will replace them.
Overnight queue deferred 10 known-stale idea(s) for 30 minutes to preserve Gemini quota.
Morning verification: 1 overnight-queued trade(s) handed to Gemini for re-verification against fresh data.
News: fetched 158, 2 new after dedup, 1 ticker(s) matched.
Quant pre-screen: 20/29 candidates passed.
Gemini proposed 2 trade(s) meeting the conviction bar.
Gemini calls used today (all models combined): 146
  -> {"ticker": "NVDA", "status": "skipped", "reason": "stale quote for NVDA (285.449761s old; limit 180s)", "shadow": false, "data_guard": true}
  -> {"ticker": "NDAQ", "status": "skipped", "reason": "entry alignment: price $95.70 is not above SMA-20 $97.15"}
Overnight queue kept 11 idea(s) whose market data was stale; they will be retried after fresh quotes arrive.
Dashboard watchlist synced (4 symbols) for news/headlines.
Ending portfolio value: $99,085.76
Trade journal: all: 19 trades, 21% win rate, avg -2.19% | breakout: 1 trades, 0% win rate, avg -8.61% | other: 13 trades, 23% win rate, avg -1.93% | technical: 5 trades, 20% win rate, avg -1.58%
Self-learning: breakout: 1 trades, 0% win rate, avg -8.61% (LOSING) | other: 13 trades, 23% win rate, avg -1.93% (LOSING) | technical: 5 trades, 20% win rate, avg -1.58% (LOSING)
Performance: Total return +0.22% | Max drawdown 0.94% | Daily Sharpe 1.08 | 19 closed trades | Win rate 21% | Avg winner +1.83% | Avg loser -3.26% | Open positions: 2 | Equity $99,085.76
Engine P&L: legacy/unknown: realized $-1,705.68 (19 closed, 21% wins), unrealized $-350.97 (2 open) | Books: legacy: realized $-1,705.68, unrealized $-350.97
Reports: daily realized $+0.00; worst symbols none | weekly realized $+0.00; worst symbols none
Shadow report: 12966 shadow candidate(s), 500 rejection group(s)
Timings: account: 0.0s | risk: 0.5s | decide: 7.9s | watchlist: 0.1s | perf: 0.2s

=== Run at 2026-09-03T13:10:29.417575 ===
Build fingerprint: 4f68550affe5
Current time: 2026-09-03 09:10 AM EDT | Market open (per Alpaca): False | Session: EXTENDED
Account value: $99,085.76
Cash: $89,705.74 | Holdings (2): {'GEHC': '0.6136 sh (-4.52%)', 'MS': '43.8344 sh (-3.60%)'}
Sector exposure (cached): Financials 9.4%, Health Care 0.0%
Fill reconciliation: {'filled': 0, 'partial': 0, 'rejected': 1}
Open orders (1): MS sell 43.8344
Risk state: peak $99,703.60 | drawdown 0.62% | today +0.05% | halted: False
Market regime: NEUTRAL (position-size multiplier: 100% incl. circuit breaker 100%)
Overnight queue deferred 10 known-stale idea(s) for 30 minutes to preserve Gemini quota.
Morning verification: 1 overnight-queued trade(s) handed to Gemini for re-verification against fresh data.
News: fetched 158, 3 new after dedup, 0 ticker(s) matched.
Quant pre-screen: 24/46 candidates passed.
Gemini proposed 2 trade(s) meeting the conviction bar.
Gemini calls used today (all models combined): 147
  -> {"ticker": "HAL", "status": "skipped", "reason": "stale quote for HAL (61834.795127s old; limit 180s)", "shadow": false, "data_guard": true}
  -> {"ticker": "HPQ", "status": "skipped", "reason": "stale quote for HPQ (61835.05397s old; limit 180s)", "shadow": false, "data_guard": true}
Overnight queue kept 11 idea(s) whose market data was stale; they will be retried after fresh quotes arrive.
Dashboard watchlist synced (4 symbols) for news/headlines.
Ending portfolio value: $99,085.76
Trade journal: all: 19 trades, 21% win rate, avg -2.19% | breakout: 1 trades, 0% win rate, avg -8.61% | other: 13 trades, 23% win rate, avg -1.93% | technical: 5 trades, 20% win rate, avg -1.58%
Self-learning: breakout: 1 trades, 0% win rate, avg -8.61% (LOSING) | other: 13 trades, 23% win rate, avg -1.93% (LOSING) | technical: 5 trades, 20% win rate, avg -1.58% (LOSING)
Performance: Total return +0.22% | Max drawdown 0.94% | Daily Sharpe 1.08 | 19 closed trades | Win rate 21% | Avg winner +1.83% | Avg loser -3.26% | Open positions: 2 | Equity $99,085.76
Engine P&L: legacy/unknown: realized $-1,705.68 (19 closed, 21% wins), unrealized $-350.97 (2 open) | Books: legacy: realized $-1,705.68, unrealized $-350.97
Reports: daily realized $+0.00; worst symbols none | weekly realized $+0.00; worst symbols none
Shadow report: 12968 shadow candidate(s), 500 rejection group(s)
Timings: account: 0.0s | risk: 0.1s | decide: 4.0s | watchlist: 4.1s | perf: 0.1s

=== Run at 2026-09-03T13:12:45.458914 ===
Build fingerprint: 4f68550affe5
Current time: 2026-09-03 09:12 AM EDT | Market open (per Alpaca): False | Session: EXTENDED
Account value: $99,098.91
Cash: $89,705.74 | Holdings (2): {'GEHC': '0.6136 sh (-4.52%)', 'MS': '43.8344 sh (-3.47%)'}
Sector exposure (cached): Financials 9.4%, Health Care 0.0%
Fill reconciliation: {'filled': 0, 'partial': 0, 'rejected': 1}
Open orders (1): MS sell 43.8344
Risk state: peak $99,703.60 | drawdown 0.61% | today +0.07% | halted: False
Market regime: NEUTRAL (position-size multiplier: 100% incl. circuit breaker 100%)
Overnight queue deferred 9 known-stale idea(s) for 30 minutes to preserve Gemini quota.
Morning verification: 2 overnight-queued trade(s) handed to Gemini for re-verification against fresh data.
News: fetched 158, 2 new after dedup, 0 ticker(s) matched.
Quant pre-screen: 35/58 candidates passed.
Gemini proposed 3 trade(s) meeting the conviction bar.
Gemini calls used today (all models combined): 148
  -> {"ticker": "HAL", "status": "skipped", "reason": "stale quote for HAL (61990.085116s old; limit 180s)", "shadow": false, "data_guard": true}
  -> {"ticker": "HOOD", "status": "skipped", "reason": "market data unavailable for HOOD (bid/ask spread missing)", "shadow": false, "data_guard": true}
  -> {"ticker": "MU", "status": "skipped", "reason": "market data unavailable for MU (bid/ask spread missing)", "shadow": false, "data_guard": true}
Overnight queue kept 11 idea(s) whose market data was stale; they will be retried after fresh quotes arrive.
Dashboard watchlist synced (5 symbols) for news/headlines.
Ending portfolio value: $99,098.91
Trade journal: all: 19 trades, 21% win rate, avg -2.19% | breakout: 1 trades, 0% win rate, avg -8.61% | other: 13 trades, 23% win rate, avg -1.93% | technical: 5 trades, 20% win rate, avg -1.58%
Self-learning: breakout: 1 trades, 0% win rate, avg -8.61% (LOSING) | other: 13 trades, 23% win rate, avg -1.93% (LOSING) | technical: 5 trades, 20% win rate, avg -1.58% (LOSING)
Performance: Total return +0.23% | Max drawdown 0.94% | Daily Sharpe 1.15 | 19 closed trades | Win rate 21% | Avg winner +1.83% | Avg loser -3.26% | Open positions: 2 | Equity $99,098.91
Engine P&L: legacy/unknown: realized $-1,705.68 (19 closed, 21% wins), unrealized $-337.82 (2 open) | Books: legacy: realized $-1,705.68, unrealized $-337.82
Reports: daily realized $+0.00; worst symbols none | weekly realized $+0.00; worst symbols none
Shadow report: 12971 shadow candidate(s), 500 rejection group(s)
Timings: account: 0.0s | risk: 0.9s | decide: 22.5s | watchlist: 0.1s | perf: 0.2s

=== Run at 2026-09-03T13:14:28.125735 ===
Build fingerprint: 4f68550affe5
Current time: 2026-09-03 09:14 AM EDT | Market open (per Alpaca): False | Session: EXTENDED
Account value: $99,098.91
Cash: $89,705.74 | Holdings (2): {'GEHC': '0.6136 sh (-4.52%)', 'MS': '43.8344 sh (-3.47%)'}
Sector exposure (cached): Financials 9.4%, Health Care 0.0%
Fill reconciliation: {'filled': 0, 'partial': 0, 'rejected': 1}
Open orders (1): MS sell 43.8344
Risk state: peak $99,703.60 | drawdown 0.61% | today +0.07% | halted: False
Market regime: NEUTRAL (position-size multiplier: 100% incl. circuit breaker 100%)
Overnight queue deferred 9 known-stale idea(s) for 30 minutes to preserve Gemini quota.
Morning verification: 2 overnight-queued trade(s) handed to Gemini for re-verification against fresh data.
News: fetched 158, 2 new after dedup, 5 ticker(s) matched.
Quant pre-screen: 31/43 candidates passed.
Gemini proposed 1 trade(s) meeting the conviction bar.
Gemini calls used today (all models combined): 149
  -> {"ticker": "JNJ", "status": "skipped", "reason": "stale quote for JNJ (62079.891771s old; limit 180s)", "shadow": false, "data_guard": true}
Overnight queue kept 11 idea(s) whose market data was stale; they will be retried after fresh quotes arrive.
Dashboard watchlist synced (8 symbols) for news/headlines.
Ending portfolio value: $99,098.91
Trade journal: all: 19 trades, 21% win rate, avg -2.19% | breakout: 1 trades, 0% win rate, avg -8.61% | other: 13 trades, 23% win rate, avg -1.93% | technical: 5 trades, 20% win rate, avg -1.58%
Self-learning: breakout: 1 trades, 0% win rate, avg -8.61% (LOSING) | other: 13 trades, 23% win rate, avg -1.93% (LOSING) | technical: 5 trades, 20% win rate, avg -1.58% (LOSING)
Performance: Total return +0.23% | Max drawdown 0.94% | Daily Sharpe 1.15 | 19 closed trades | Win rate 21% | Avg winner +1.83% | Avg loser -3.26% | Open positions: 2 | Equity $99,098.91
Engine P&L: legacy/unknown: realized $-1,705.68 (19 closed, 21% wins), unrealized $-337.82 (2 open) | Books: legacy: realized $-1,705.68, unrealized $-337.82
Reports: daily realized $+0.00; worst symbols none | weekly realized $+0.00; worst symbols none
Shadow report: 12972 shadow candidate(s), 500 rejection group(s)
Timings: account: 0.0s | risk: 0.8s | decide: 10.6s | watchlist: 0.2s | perf: 0.3s

=== Run at 2026-09-03T13:16:28.681661 ===
Build fingerprint: 4f68550affe5
Current time: 2026-09-03 09:16 AM EDT | Market open (per Alpaca): False | Session: EXTENDED
Account value: $99,099.03
Cash: $89,705.74 | Holdings (2): {'GEHC': '0.6136 sh (-4.26%)', 'MS': '43.8344 sh (-3.47%)'}
Sector exposure (cached): Financials 9.4%, Health Care 0.0%
Fill reconciliation: {'filled': 0, 'partial': 0, 'rejected': 1}
Open orders (1): MS sell 43.8344
Risk state: peak $99,703.60 | drawdown 0.61% | today +0.07% | halted: False
Market regime: NEUTRAL (position-size multiplier: 100% incl. circuit breaker 100%)
Overnight queue deferred 10 known-stale idea(s) for 30 minutes to preserve Gemini quota.
Morning verification: 1 overnight-queued trade(s) handed to Gemini for re-verification against fresh data.
News: fetched 158, 1 new after dedup, 0 ticker(s) matched.
Quant pre-screen: 37/60 candidates passed.
Technical fallback (Gemini throttled/unavailable) proposed 7 trade(s) meeting the conviction bar.
Gemini calls used today (all models combined): 149
  -> {"ticker": "HAL", "status": "skipped", "reason": "stale quote for HAL (62212.425033s old; limit 180s)", "shadow": false, "data_guard": true}
  -> {"ticker": "HPQ", "status": "skipped", "reason": "stale quote for HPQ (62212.697115s old; limit 180s)", "shadow": false, "data_guard": true}
  -> {"ticker": "HSIC", "status": "skipped", "reason": "stale quote for HSIC (62213.79203s old; limit 180s)", "shadow": false, "data_guard": true}
  -> {"ticker": "ICE", "status": "skipped", "reason": "stale quote for ICE (62216.279777s old; limit 180s)", "shadow": false, "data_guard": true}
  -> {"ticker": "INCY", "status": "skipped", "reason": "stale quote for INCY (62226.042787s old; limit 180s)", "shadow": false, "data_guard": true}
  -> {"ticker": "JKHY", "status": "skipped", "reason": "stale quote for JKHY (62240.040968s old; limit 180s)", "shadow": false, "data_guard": true}
  -> {"ticker": "JNJ", "status": "skipped", "reason": "stale quote for JNJ (62211.601047s old; limit 180s)", "shadow": false, "data_guard": true}
Overnight queue KEPT for next run (Gemini did not verify this round -- technical fallback or decision failure); 3 idea(s) remain subject to the retry cap.
Dashboard watchlist synced (9 symbols) for news/headlines.
Ending portfolio value: $99,099.03
Trade journal: all: 19 trades, 21% win rate, avg -2.19% | breakout: 1 trades, 0% win rate, avg -8.61% | other: 13 trades, 23% win rate, avg -1.93% | technical: 5 trades, 20% win rate, avg -1.58%
Self-learning: breakout: 1 trades, 0% win rate, avg -8.61% (LOSING) | other: 13 trades, 23% win rate, avg -1.93% (LOSING) | technical: 5 trades, 20% win rate, avg -1.58% (LOSING)
Performance: Total return +0.23% | Max drawdown 0.94% | Daily Sharpe 1.15 | 19 closed trades | Win rate 21% | Avg winner +1.83% | Avg loser -3.26% | Open positions: 2 | Equity $99,099.03
Engine P&L: legacy/unknown: realized $-1,705.68 (19 closed, 21% wins), unrealized $-337.70 (2 open) | Books: legacy: realized $-1,705.68, unrealized $-337.70
Reports: daily realized $+0.00; worst symbols none | weekly realized $+0.00; worst symbols none
Shadow report: 12979 shadow candidate(s), 500 rejection group(s)
Timings: account: 0.0s | risk: 0.4s | decide: 22.4s | watchlist: 0.0s | perf: 0.1s

=== Run at 2026-09-03T13:18:37.319332 ===
Build fingerprint: 4f68550affe5
Current time: 2026-09-03 09:18 AM EDT | Market open (per Alpaca): False | Session: EXTENDED
Account value: $99,099.03
Cash: $89,705.74 | Holdings (2): {'GEHC': '0.6136 sh (-4.26%)', 'MS': '43.8344 sh (-3.47%)'}
Sector exposure (cached): Financials 9.4%, Health Care 0.0%
Fill reconciliation: {'filled': 0, 'partial': 0, 'rejected': 1}
Open orders (1): MS sell 43.8344
Risk state: peak $99,703.60 | drawdown 0.61% | today +0.07% | halted: False
Market regime: NEUTRAL (position-size multiplier: 100% incl. circuit breaker 100%)
Overnight queue deferred 10 known-stale idea(s) for 30 minutes to preserve Gemini quota.
Morning verification: 3 overnight-queued trade(s) handed to Gemini for re-verification against fresh data.
News: fetched 158, 6 new after dedup, 1 ticker(s) matched.
Quant pre-screen: 29/42 candidates passed.
Gemini proposed 2 trade(s) meeting the conviction bar.
Gemini calls used today (all models combined): 150
  -> {"ticker": "MOS", "status": "skipped", "reason": "stale quote for MOS (62329.506016s old; limit 180s)", "shadow": false, "data_guard": true}
  -> {"ticker": "MRK", "status": "skipped", "reason": "stale quote for MRK (62330.656695s old; limit 180s)", "shadow": false, "data_guard": true}
Overnight queue kept 12 idea(s) whose market data was stale; they will be retried after fresh quotes arrive.
Dashboard watchlist synced (5 symbols) for news/headlines.
Ending portfolio value: $99,099.03
Trade journal: all: 19 trades, 21% win rate, avg -2.19% | breakout: 1 trades, 0% win rate, avg -8.61% | other: 13 trades, 23% win rate, avg -1.93% | technical: 5 trades, 20% win rate, avg -1.58%
Self-learning: breakout: 1 trades, 0% win rate, avg -8.61% (LOSING) | other: 13 trades, 23% win rate, avg -1.93% (LOSING) | technical: 5 trades, 20% win rate, avg -1.58% (LOSING)
Performance: Total return +0.23% | Max drawdown 0.94% | Daily Sharpe 1.15 | 19 closed trades | Win rate 21% | Avg winner +1.83% | Avg loser -3.26% | Open positions: 2 | Equity $99,099.03
Engine P&L: legacy/unknown: realized $-1,705.68 (19 closed, 21% wins), unrealized $-337.70 (2 open) | Books: legacy: realized $-1,705.68, unrealized $-337.70
Reports: daily realized $+0.00; worst symbols none | weekly realized $+0.00; worst symbols none
Shadow report: 12981 shadow candidate(s), 500 rejection group(s)
Timings: account: 0.0s | risk: 0.7s | decide: 9.4s | watchlist: 0.1s | perf: 0.2s

=== Run at 2026-09-03T13:20:37.115038 ===
Build fingerprint: 4f68550affe5
Current time: 2026-09-03 09:20 AM EDT | Market open (per Alpaca): False | Session: EXTENDED
Account value: $99,099.03
Cash: $89,705.74 | Holdings (2): {'GEHC': '0.6136 sh (-4.26%)', 'MS': '43.8344 sh (-3.47%)'}
Sector exposure (cached): Financials 9.4%, Health Care 0.0%
Fill reconciliation: {'filled': 0, 'partial': 0, 'rejected': 1}
Open orders (1): MS sell 43.8344
Risk state: peak $99,703.60 | drawdown 0.61% | today +0.07% | halted: False
Market regime: NEUTRAL (position-size multiplier: 100% incl. circuit breaker 100%)
Overnight queue deferred 9 known-stale idea(s) for 30 minutes to preserve Gemini quota.
Morning verification: 3 overnight-queued trade(s) handed to Gemini for re-verification against fresh data.
News: fetched 158, 3 new after dedup, 0 ticker(s) matched.
Quant pre-screen: 37/60 candidates passed.
Gemini proposed 2 trade(s) meeting the conviction bar.
Gemini calls used today (all models combined): 151
  -> {"ticker": "HAL", "status": "skipped", "reason": "stale quote for HAL (62443.532709s old; limit 180s)", "shadow": false, "data_guard": true}
  -> {"ticker": "HSIC", "status": "skipped", "reason": "stale quote for HSIC (62444.958573s old; limit 180s)", "shadow": false, "data_guard": true}
Overnight queue kept 12 idea(s) whose market data was stale; they will be retried after fresh quotes arrive.
Dashboard watchlist synced (4 symbols) for news/headlines.
Ending portfolio value: $99,099.03
Trade journal: all: 19 trades, 21% win rate, avg -2.19% | breakout: 1 trades, 0% win rate, avg -8.61% | other: 13 trades, 23% win rate, avg -1.93% | technical: 5 trades, 20% win rate, avg -1.58%
Self-learning: breakout: 1 trades, 0% win rate, avg -8.61% (LOSING) | other: 13 trades, 23% win rate, avg -1.93% (LOSING) | technical: 5 trades, 20% win rate, avg -1.58% (LOSING)
Performance: Total return +0.23% | Max drawdown 0.94% | Daily Sharpe 1.15 | 19 closed trades | Win rate 21% | Avg winner +1.83% | Avg loser -3.26% | Open positions: 2 | Equity $99,099.03
Engine P&L: legacy/unknown: realized $-1,705.68 (19 closed, 21% wins), unrealized $-337.70 (2 open) | Books: legacy: realized $-1,705.68, unrealized $-337.70
Reports: daily realized $+0.00; worst symbols none | weekly realized $+0.00; worst symbols none
Shadow report: 12983 shadow candidate(s), 500 rejection group(s)
Timings: account: 0.0s | risk: 0.3s | decide: 4.9s | watchlist: 0.0s | perf: 0.2s

=== Run at 2026-09-03T13:22:27.240809 ===
Build fingerprint: 4f68550affe5
Current time: 2026-09-03 09:22 AM EDT | Market open (per Alpaca): False | Session: EXTENDED
Account value: $99,099.03
Cash: $89,705.74 | Holdings (2): {'GEHC': '0.6136 sh (-4.26%)', 'MS': '43.8344 sh (-3.47%)'}
Sector exposure (cached): Financials 9.4%, Health Care 0.0%
Fill reconciliation: {'filled': 0, 'partial': 0, 'rejected': 1}
Open orders (1): MS sell 43.8344
Risk state: peak $99,703.60 | drawdown 0.61% | today +0.07% | halted: False
Market regime: NEUTRAL (position-size multiplier: 100% incl. circuit breaker 100%)
Overnight queue deferred 9 known-stale idea(s) for 30 minutes to preserve Gemini quota.
Morning verification: 3 overnight-queued trade(s) handed to Gemini for re-verification against fresh data.
News: fetched 158, 0 new after dedup, 0 ticker(s) matched.
Quant pre-screen: 37/60 candidates passed.
Gemini proposed 2 trade(s) meeting the conviction bar.
Gemini calls used today (all models combined): 152
  -> {"ticker": "HAL", "status": "skipped", "reason": "stale quote for HAL (62552.000011s old; limit 180s)", "shadow": false, "data_guard": true}
  -> {"ticker": "JNJ", "status": "skipped", "reason": "stale quote for JNJ (62550.855652s old; limit 180s)", "shadow": false, "data_guard": true}
Overnight queue kept 12 idea(s) whose market data was stale; they will be retried after fresh quotes arrive.
Dashboard watchlist synced (4 symbols) for news/headlines.
Ending portfolio value: $99,099.03
Trade journal: all: 19 trades, 21% win rate, avg -2.19% | breakout: 1 trades, 0% win rate, avg -8.61% | other: 13 trades, 23% win rate, avg -1.93% | technical: 5 trades, 20% win rate, avg -1.58%
Self-learning: breakout: 1 trades, 0% win rate, avg -8.61% (LOSING) | other: 13 trades, 23% win rate, avg -1.93% (LOSING) | technical: 5 trades, 20% win rate, avg -1.58% (LOSING)
Performance: Total return +0.23% | Max drawdown 0.94% | Daily Sharpe 1.15 | 19 closed trades | Win rate 21% | Avg winner +1.83% | Avg loser -3.26% | Open positions: 2 | Equity $99,099.03
Engine P&L: legacy/unknown: realized $-1,705.68 (19 closed, 21% wins), unrealized $-337.70 (2 open) | Books: legacy: realized $-1,705.68, unrealized $-337.70
Reports: daily realized $+0.00; worst symbols none | weekly realized $+0.00; worst symbols none
Shadow report: 12985 shadow candidate(s), 500 rejection group(s)
Timings: account: 0.0s | risk: 0.2s | decide: 3.3s | watchlist: 0.0s | perf: 0.2s

=== Run at 2026-09-03T13:24:42.902917 ===
Build fingerprint: 4f68550affe5
Current time: 2026-09-03 09:24 AM EDT | Market open (per Alpaca): False | Session: EXTENDED
Account value: $99,099.04
Cash: $89,705.74 | Holdings (2): {'GEHC': '0.6136 sh (-4.25%)', 'MS': '43.8344 sh (-3.47%)'}
Sector exposure (cached): Financials 9.4%, Health Care 0.0%
Fill reconciliation: {'filled': 0, 'partial': 0, 'rejected': 1}
Open orders (1): MS sell 43.8344
Risk state: peak $99,703.60 | drawdown 0.61% | today +0.07% | halted: False
Market regime: NEUTRAL (position-size multiplier: 100% incl. circuit breaker 100%)
Overnight queue deferred 9 known-stale idea(s) for 30 minutes to preserve Gemini quota.
Morning verification: 3 overnight-queued trade(s) handed to Gemini for re-verification against fresh data.
News: fetched 158, 4 new after dedup, 0 ticker(s) matched.
Quant pre-screen: 37/60 candidates passed.
Technical fallback (Gemini throttled/unavailable) proposed 7 trade(s) meeting the conviction bar.
Gemini calls used today (all models combined): 152
  -> {"ticker": "HAL", "status": "skipped", "reason": "stale quote for HAL (62709.367181s old; limit 180s)", "shadow": false, "data_guard": true}
  -> {"ticker": "HPQ", "status": "skipped", "reason": "stale quote for HPQ (62709.810392s old; limit 180s)", "shadow": false, "data_guard": true}
  -> {"ticker": "HSIC", "status": "skipped", "reason": "stale quote for HSIC (62711.150152s old; limit 180s)", "shadow": false, "data_guard": true}
  -> {"ticker": "ICE", "status": "skipped", "reason": "stale quote for ICE (62713.805284s old; limit 180s)", "shadow": false, "data_guard": true}
  -> {"ticker": "INCY", "status": "skipped", "reason": "stale quote for INCY (62723.729349s old; limit 180s)", "shadow": false, "data_guard": true}
  -> {"ticker": "JKHY", "status": "skipped", "reason": "stale quote for JKHY (62737.936531s old; limit 180s)", "shadow": false, "data_guard": true}
  -> {"ticker": "JNJ", "status": "skipped", "reason": "stale quote for JNJ (62709.64949s old; limit 180s)", "shadow": false, "data_guard": true}
Overnight queue KEPT for next run (Gemini did not verify this round -- technical fallback or decision failure); 4 idea(s) remain subject to the retry cap.
Run budget reserve reached -- skipping dashboard watchlist sync.
Run budget reserve reached -- skipping performance snapshot.
Trade journal: all: 19 trades, 21% win rate, avg -2.19% | breakout: 1 trades, 0% win rate, avg -8.61% | other: 13 trades, 23% win rate, avg -1.93% | technical: 5 trades, 20% win rate, avg -1.58%
Self-learning: breakout: 1 trades, 0% win rate, avg -8.61% (LOSING) | other: 13 trades, 23% win rate, avg -1.93% (LOSING) | technical: 5 trades, 20% win rate, avg -1.58% (LOSING)
Performance: Total return +0.23% | Max drawdown 0.94% | Daily Sharpe 1.15 | 19 closed trades | Win rate 21% | Avg winner +1.83% | Avg loser -3.26% | Open positions: 2 | Equity $99,099.04
Engine P&L: legacy/unknown: realized $-1,705.68 (19 closed, 21% wins), unrealized $-337.70 (2 open) | Books: legacy: realized $-1,705.68, unrealized $-337.70
Reports: daily realized $+0.00; worst symbols none | weekly realized $+0.00; worst symbols none
Shadow report: 12992 shadow candidate(s), 500 rejection group(s)
Timings: account: 0.0s | risk: 0.6s | decide: 25.7s | watchlist: 0.0s | perf: 0.1s

=== Run at 2026-09-03T13:26:25.949956 ===
Build fingerprint: 4f68550affe5
Current time: 2026-09-03 09:26 AM EDT | Market open (per Alpaca): False | Session: EXTENDED
Account value: $99,099.18
Cash: $89,705.74 | Holdings (2): {'GEHC': '0.6136 sh (-3.92%)', 'MS': '43.8344 sh (-3.47%)'}
Sector exposure (cached): Financials 9.4%, Health Care 0.0%
Fill reconciliation: {'filled': 0, 'partial': 0, 'rejected': 1}
Open orders (1): MS sell 43.8344
Risk state: peak $99,703.60 | drawdown 0.61% | today +0.07% | halted: False
Market regime: NEUTRAL (position-size multiplier: 100% incl. circuit breaker 100%)
Overnight queue deferred 9 known-stale idea(s) for 30 minutes to preserve Gemini quota.
Morning verification: 4 overnight-queued trade(s) handed to Gemini for re-verification against fresh data.
News: fetched 157, 4 new after dedup, 0 ticker(s) matched.
Quant pre-screen: 37/60 candidates passed.
Technical fallback (Gemini throttled/unavailable) proposed 7 trade(s) meeting the conviction bar.
Gemini calls used today (all models combined): 152
  -> {"ticker": "HAL", "status": "skipped", "reason": "stale quote for HAL (62809.922035s old; limit 180s)", "shadow": false, "data_guard": true}
  -> {"ticker": "HPQ", "status": "skipped", "reason": "stale quote for HPQ (62810.194238s old; limit 180s)", "shadow": false, "data_guard": true}
  -> {"ticker": "HSIC", "status": "skipped", "reason": "stale quote for HSIC (62811.287475s old; limit 180s)", "shadow": false, "data_guard": true}
  -> {"ticker": "ICE", "status": "skipped", "reason": "stale quote for ICE (62813.758475s old; limit 180s)", "shadow": false, "data_guard": true}
  -> {"ticker": "INCY", "status": "skipped", "reason": "stale quote for INCY (62823.512953s old; limit 180s)", "shadow": false, "data_guard": true}
  -> {"ticker": "JKHY", "status": "skipped", "reason": "stale quote for JKHY (62837.50548s old; limit 180s)", "shadow": false, "data_guard": true}
  -> {"ticker": "JNJ", "status": "skipped", "reason": "stale quote for JNJ (62809.052985s old; limit 180s)", "shadow": false, "data_guard": true}
Overnight queue KEPT for next run (Gemini did not verify this round -- technical fallback or decision failure); 4 idea(s) remain subject to the retry cap.
Dashboard watchlist synced (9 symbols) for news/headlines.
Ending portfolio value: $99,099.18
Trade journal: all: 19 trades, 21% win rate, avg -2.19% | breakout: 1 trades, 0% win rate, avg -8.61% | other: 13 trades, 23% win rate, avg -1.93% | technical: 5 trades, 20% win rate, avg -1.58%
Self-learning: breakout: 1 trades, 0% win rate, avg -8.61% (LOSING) | other: 13 trades, 23% win rate, avg -1.93% (LOSING) | technical: 5 trades, 20% win rate, avg -1.58% (LOSING)
Performance: Total return +0.23% | Max drawdown 0.94% | Daily Sharpe 1.15 | 19 closed trades | Win rate 21% | Avg winner +1.83% | Avg loser -3.26% | Open positions: 2 | Equity $99,099.18
Engine P&L: legacy/unknown: realized $-1,705.68 (19 closed, 21% wins), unrealized $-337.55 (2 open) | Books: legacy: realized $-1,705.68, unrealized $-337.55
Reports: daily realized $+0.00; worst symbols none | weekly realized $+0.00; worst symbols none
Shadow report: 12999 shadow candidate(s), 500 rejection group(s)
Timings: account: 0.0s | risk: 0.1s | decide: 22.8s | watchlist: 0.0s | perf: 0.2s

=== Run at 2026-09-03T13:28:26.379594 ===
Build fingerprint: 4f68550affe5
Current time: 2026-09-03 09:28 AM EDT | Market open (per Alpaca): False | Session: EXTENDED
Account value: $99,099.00
Cash: $89,705.74 | Holdings (2): {'GEHC': '0.6136 sh (-4.33%)', 'MS': '43.8344 sh (-3.47%)'}
Sector exposure (cached): Financials 9.4%, Health Care 0.0%
Fill reconciliation: {'filled': 0, 'partial': 0, 'rejected': 1}
Open orders (1): MS sell 43.8344
Risk state: peak $99,703.60 | drawdown 0.61% | today +0.07% | halted: False
Market regime: NEUTRAL (position-size multiplier: 100% incl. circuit breaker 100%)
Overnight queue deferred 9 known-stale idea(s) for 30 minutes to preserve Gemini quota.
Morning verification: 4 overnight-queued trade(s) handed to Gemini for re-verification against fresh data.
News: fetched 157, 0 new after dedup, 0 ticker(s) matched.
Quant pre-screen: 37/60 candidates passed.
Gemini proposed 2 trade(s) meeting the conviction bar.
Gemini calls used today (all models combined): 153
  -> {"ticker": "HAL", "status": "skipped", "reason": "stale quote for HAL (62914.144764s old; limit 180s)", "shadow": false, "data_guard": true}
  -> {"ticker": "HPQ", "status": "skipped", "reason": "stale quote for HPQ (62914.428985s old; limit 180s)", "shadow": false, "data_guard": true}
Overnight queue kept 12 idea(s) whose market data was stale; they will be retried after fresh quotes arrive.
Dashboard watchlist synced (4 symbols) for news/headlines.
Ending portfolio value: $99,099.00
Trade journal: all: 19 trades, 21% win rate, avg -2.19% | breakout: 1 trades, 0% win rate, avg -8.61% | other: 13 trades, 23% win rate, avg -1.93% | technical: 5 trades, 20% win rate, avg -1.58%
Self-learning: breakout: 1 trades, 0% win rate, avg -8.61% (LOSING) | other: 13 trades, 23% win rate, avg -1.93% (LOSING) | technical: 5 trades, 20% win rate, avg -1.58% (LOSING)
Performance: Total return +0.23% | Max drawdown 0.94% | Daily Sharpe 1.15 | 19 closed trades | Win rate 21% | Avg winner +1.83% | Avg loser -3.26% | Open positions: 2 | Equity $99,099.00
Engine P&L: legacy/unknown: realized $-1,705.68 (19 closed, 21% wins), unrealized $-337.73 (2 open) | Books: legacy: realized $-1,705.68, unrealized $-337.73
Reports: daily realized $+0.00; worst symbols none | weekly realized $+0.00; worst symbols none
Shadow report: 13001 shadow candidate(s), 500 rejection group(s)
Timings: account: 0.0s | risk: 0.4s | decide: 5.8s | watchlist: 0.0s | perf: 0.2s

=== Run at 2026-09-03T13:30:36.933180 ===
Build fingerprint: 4f68550affe5
Current time: 2026-09-03 09:30 AM EDT | Market open (per Alpaca): True | Session: REGULAR
Account value: $99,156.17
Cash: $89,705.74 | Holdings (2): {'GEHC': '0.6136 sh (-3.92%)', 'MS': '43.8344 sh (-2.88%)'}
Sector exposure (cached): Financials 9.5%, Health Care 0.0%
Fill reconciliation: {'filled': 0, 'partial': 0, 'rejected': 1}
Open orders (1): MS sell 43.8344
Risk state: peak $99,703.60 | drawdown 0.55% | today +0.12% | halted: False
Market regime: NEUTRAL (position-size multiplier: 100% incl. circuit breaker 100%)
Overnight queue deferred 9 known-stale idea(s) for 30 minutes to preserve Gemini quota.
Morning verification: 3 overnight-queued trade(s) handed to Gemini for re-verification against fresh data.
News: fetched 157, 2 new after dedup, 0 ticker(s) matched.
Quant pre-screen: 37/60 candidates passed.
Gemini proposed 2 trade(s) meeting the conviction bar.
Gemini calls used today (all models combined): 154
  -> {"ticker": "HAL", "status": "skipped", "reason": "stale candle for HAL (1055.9m old; limit 30.0m)", "shadow": false, "data_guard": true}
  -> {"ticker": "HPQ", "status": "skipped", "reason": "stale candle for HPQ (1055.9m old; limit 30.0m)", "shadow": false, "data_guard": true}
Overnight queue kept 12 idea(s) whose market data was stale; they will be retried after fresh quotes arrive.
Dashboard watchlist synced (4 symbols) for news/headlines.
Ending portfolio value: $99,150.47
Trade journal: all: 19 trades, 21% win rate, avg -2.19% | breakout: 1 trades, 0% win rate, avg -8.61% | other: 13 trades, 23% win rate, avg -1.93% | technical: 5 trades, 20% win rate, avg -1.58%
Self-learning: breakout: 1 trades, 0% win rate, avg -8.61% (LOSING) | other: 13 trades, 23% win rate, avg -1.93% (LOSING) | technical: 5 trades, 20% win rate, avg -1.58% (LOSING)
Performance: Total return +0.29% | Max drawdown 0.94% | Daily Sharpe 1.42 | 19 closed trades | Win rate 21% | Avg winner +1.83% | Avg loser -3.26% | Open positions: 2 | Equity $99,156.17
Engine P&L: legacy/unknown: realized $-1,705.68 (19 closed, 21% wins), unrealized $-286.26 (2 open) | Books: legacy: realized $-1,705.68, unrealized $-286.26
Reports: daily realized $+0.00; worst symbols none | weekly realized $+0.00; worst symbols none
Shadow report: 13003 shadow candidate(s), 500 rejection group(s)
Timings: account: 0.0s | risk: 1.1s | decide: 14.3s | watchlist: 0.2s | perf: 0.3s

=== Run at 2026-09-03T13:33:09.907571 ===
Build fingerprint: 4f68550affe5
Current time: 2026-09-03 09:33 AM EDT | Market open (per Alpaca): True | Session: REGULAR
Account value: $99,143.02
Cash: $89,705.74 | Holdings (2): {'GEHC': '0.6136 sh (-3.43%)', 'MS': '43.8344 sh (-3.02%)'}
Sector exposure (cached): Financials 9.5%, Health Care 0.0%
Fill reconciliation: {'filled': 0, 'partial': 0, 'rejected': 1}
Open orders (1): MS sell 43.8344
Risk state: peak $99,703.60 | drawdown 0.56% | today +0.11% | halted: False
Market regime: NEUTRAL (position-size multiplier: 100% incl. circuit breaker 100%)
Overnight queue deferred 9 known-stale idea(s) for 30 minutes to preserve Gemini quota.
Morning verification: 3 overnight-queued trade(s) handed to Gemini for re-verification against fresh data.
News: fetched 157, 3 new after dedup, 0 ticker(s) matched.
Quant pre-screen: 37/60 candidates passed.
Gemini proposed 0 trade(s) meeting the conviction bar.
Gemini calls used today (all models combined): 155
Overnight queue cleared after verification.
Overnight queue retained 9 deferred stale idea(s).
Dashboard watchlist synced (2 symbols) for news/headlines.
Ending portfolio value: $99,143.60
Trade journal: all: 19 trades, 21% win rate, avg -2.19% | breakout: 1 trades, 0% win rate, avg -8.61% | other: 13 trades, 23% win rate, avg -1.93% | technical: 5 trades, 20% win rate, avg -1.58%
Self-learning: breakout: 1 trades, 0% win rate, avg -8.61% (LOSING) | other: 13 trades, 23% win rate, avg -1.93% (LOSING) | technical: 5 trades, 20% win rate, avg -1.58% (LOSING)
Performance: Total return +0.28% | Max drawdown 0.94% | Daily Sharpe 1.39 | 19 closed trades | Win rate 21% | Avg winner +1.83% | Avg loser -3.26% | Open positions: 2 | Equity $99,143.02
Engine P&L: legacy/unknown: realized $-1,705.68 (19 closed, 21% wins), unrealized $-293.14 (2 open) | Books: legacy: realized $-1,705.68, unrealized $-293.14
Reports: daily realized $+0.00; worst symbols none | weekly realized $+0.00; worst symbols none
Shadow report: 13003 shadow candidate(s), 500 rejection group(s)
Timings: account: 0.0s | risk: 0.9s | decide: 7.2s | watchlist: 0.1s | perf: 0.3s

=== Run at 2026-09-03T13:34:27.695867 ===
Build fingerprint: 4f68550affe5
Current time: 2026-09-03 09:34 AM EDT | Market open (per Alpaca): True | Session: REGULAR
Account value: $99,163.74
Cash: $89,705.74 | Holdings (2): {'GEHC': '0.6136 sh (-3.66%)', 'MS': '43.8344 sh (-2.80%)'}
Sector exposure (cached): Financials 9.5%, Health Care 0.0%
Fill reconciliation: {'filled': 0, 'partial': 0, 'rejected': 1}
Open orders (1): MS sell 43.8344
Risk state: peak $99,703.60 | drawdown 0.54% | today +0.13% | halted: False
Market regime: NEUTRAL (position-size multiplier: 100% incl. circuit breaker 100%)
Overnight queue deferred 9 known-stale idea(s) for 30 minutes to preserve Gemini quota.
News: fetched 157, 1 new after dedup, 0 ticker(s) matched.
Quant pre-screen: 37/60 candidates passed.
Gemini proposed 3 trade(s) meeting the conviction bar.
Gemini calls used today (all models combined): 156
  -> {"ticker": "HAL", "status": "skipped", "reason": "market data unavailable for HAL (bid/ask spread missing)", "shadow": false, "data_guard": true}
  -> {"ticker": "JNJ", "status": "skipped", "reason": "liquidity filter: JNJ average volume 219,857 < 500,000", "shadow": false, "data_guard": true}
  -> {"ticker": "HPQ", "status": "skipped", "reason": "market data unavailable for HPQ (bid/ask spread missing)", "shadow": false, "data_guard": true}
Overnight queue kept 9 idea(s) whose market data was stale; they will be retried after fresh quotes arrive.
Dashboard watchlist synced (5 symbols) for news/headlines.
Ending portfolio value: $99,152.34
Trade journal: all: 19 trades, 21% win rate, avg -2.19% | breakout: 1 trades, 0% win rate, avg -8.61% | other: 13 trades, 23% win rate, avg -1.93% | technical: 5 trades, 20% win rate, avg -1.58%
Self-learning: breakout: 1 trades, 0% win rate, avg -8.61% (LOSING) | other: 13 trades, 23% win rate, avg -1.93% (LOSING) | technical: 5 trades, 20% win rate, avg -1.58% (LOSING)
Performance: Total return +0.29% | Max drawdown 0.94% | Daily Sharpe 1.43 | 19 closed trades | Win rate 21% | Avg winner +1.83% | Avg loser -3.26% | Open positions: 2 | Equity $99,163.74
Engine P&L: legacy/unknown: realized $-1,705.68 (19 closed, 21% wins), unrealized $-284.39 (2 open) | Books: legacy: realized $-1,705.68, unrealized $-284.39
Reports: daily realized $+0.00; worst symbols none | weekly realized $+0.00; worst symbols none
Shadow report: 13006 shadow candidate(s), 500 rejection group(s)
Timings: account: 0.0s | risk: 0.6s | decide: 11.1s | watchlist: 0.1s | perf: 0.2s

=== Run at 2026-09-03T13:36:36.365036 ===
Build fingerprint: 4f68550affe5
Current time: 2026-09-03 09:36 AM EDT | Market open (per Alpaca): True | Session: REGULAR
Account value: $99,175.92
Cash: $89,705.74 | Holdings (2): {'GEHC': '0.6136 sh (-4.35%)', 'MS': '43.8344 sh (-2.67%)'}
Sector exposure (cached): Financials 9.5%, Health Care 0.0%
Fill reconciliation: {'filled': 0, 'partial': 0, 'rejected': 1}
Open orders (1): MS sell 43.8344
Risk state: peak $99,703.60 | drawdown 0.53% | today +0.14% | halted: False
Market regime: NEUTRAL (position-size multiplier: 100% incl. circuit breaker 100%)
Overnight queue deferred 9 known-stale idea(s) for 30 minutes to preserve Gemini quota.
News: fetched 156, 3 new after dedup, 0 ticker(s) matched.
Quant pre-screen: 37/60 candidates passed.
Gemini proposed 2 trade(s) meeting the conviction bar.
Gemini calls used today (all models combined): 157
  -> {"ticker": "HAL", "status": "skipped", "reason": "market data unavailable for HAL (bid/ask spread missing)", "shadow": false, "data_guard": true}
  -> {"ticker": "JNJ", "status": "skipped", "reason": "liquidity filter: JNJ average volume 219,913 < 500,000", "shadow": false, "data_guard": true}
Overnight queue kept 9 idea(s) whose market data was stale; they will be retried after fresh quotes arrive.
Dashboard watchlist synced (4 symbols) for news/headlines.
Ending portfolio value: $99,184.88
Trade journal: all: 19 trades, 21% win rate, avg -2.19% | breakout: 1 trades, 0% win rate, avg -8.61% | other: 13 trades, 23% win rate, avg -1.93% | technical: 5 trades, 20% win rate, avg -1.58%
Self-learning: breakout: 1 trades, 0% win rate, avg -8.61% (LOSING) | other: 13 trades, 23% win rate, avg -1.93% (LOSING) | technical: 5 trades, 20% win rate, avg -1.58% (LOSING)
Performance: Total return +0.32% | Max drawdown 0.94% | Daily Sharpe 1.60 | 19 closed trades | Win rate 21% | Avg winner +1.83% | Avg loser -3.26% | Open positions: 2 | Equity $99,175.92
Engine P&L: legacy/unknown: realized $-1,705.68 (19 closed, 21% wins), unrealized $-251.85 (2 open) | Books: legacy: realized $-1,705.68, unrealized $-251.85
Reports: daily realized $+0.00; worst symbols none | weekly realized $+0.00; worst symbols none
Shadow report: 13008 shadow candidate(s), 498 rejection group(s)
Timings: account: 0.0s | risk: 0.8s | decide: 8.5s | watchlist: 0.1s | perf: 0.2s

=== Run at 2026-09-03T13:38:30.331713 ===
Build fingerprint: 4f68550affe5
Current time: 2026-09-03 09:38 AM EDT | Market open (per Alpaca): True | Session: REGULAR
Account value: $99,204.64
Cash: $89,705.74 | Holdings (2): {'GEHC': '0.6136 sh (-4.81%)', 'MS': '43.8344 sh (-2.37%)'}
Sector exposure (cached): Financials 9.5%, Health Care 0.0%
Fill reconciliation: {'filled': 0, 'partial': 0, 'rejected': 1}
Open orders (1): MS sell 43.8344
Risk state: peak $99,703.60 | drawdown 0.50% | today +0.17% | halted: False
Market regime: NEUTRAL (position-size multiplier: 100% incl. circuit breaker 100%)
Overnight queue deferred 9 known-stale idea(s) for 30 minutes to preserve Gemini quota.
News: fetched 156, 0 new after dedup, 0 ticker(s) matched.
Quant pre-screen: 37/60 candidates passed.
Gemini proposed 2 trade(s) meeting the conviction bar.
Gemini calls used today (all models combined): 158
  -> {"ticker": "HAL", "status": "skipped", "reason": "market data unavailable for HAL (bid/ask spread missing)", "shadow": false, "data_guard": true}
  -> {"ticker": "JNJ", "status": "skipped", "reason": "liquidity filter: JNJ average volume 220,012 < 500,000", "shadow": false, "data_guard": true}
Overnight queue kept 9 idea(s) whose market data was stale; they will be retried after fresh quotes arrive.
Dashboard watchlist synced (4 symbols) for news/headlines.
Ending portfolio value: $99,204.64
Trade journal: all: 19 trades, 21% win rate, avg -2.19% | breakout: 1 trades, 0% win rate, avg -8.61% | other: 13 trades, 23% win rate, avg -1.93% | technical: 5 trades, 20% win rate, avg -1.58%
Self-learning: breakout: 1 trades, 0% win rate, avg -8.61% (LOSING) | other: 13 trades, 23% win rate, avg -1.93% (LOSING) | technical: 5 trades, 20% win rate, avg -1.58% (LOSING)
Performance: Total return +0.34% | Max drawdown 0.94% | Daily Sharpe 1.70 | 19 closed trades | Win rate 21% | Avg winner +1.83% | Avg loser -3.26% | Open positions: 2 | Equity $99,204.64
Engine P&L: legacy/unknown: realized $-1,705.68 (19 closed, 21% wins), unrealized $-232.09 (2 open) | Books: legacy: realized $-1,705.68, unrealized $-232.09
Reports: daily realized $+0.00; worst symbols none | weekly realized $+0.00; worst symbols none
Shadow report: 13010 shadow candidate(s), 496 rejection group(s)
Timings: account: 0.0s | risk: 0.9s | decide: 6.1s | watchlist: 0.1s | perf: 0.3s

=== Run at 2026-09-03T13:40:40.502690 ===
Build fingerprint: 4f68550affe5
Current time: 2026-09-03 09:40 AM EDT | Market open (per Alpaca): True | Session: REGULAR
Account value: $99,166.96
Cash: $89,705.74 | Holdings (2): {'GEHC': '0.6136 sh (-5.50%)', 'MS': '43.8344 sh (-2.76%)'}
Sector exposure (cached): Financials 9.5%, Health Care 0.0%
Fill reconciliation: {'filled': 0, 'partial': 0, 'rejected': 1}
Open orders (1): MS sell 43.8344
Risk state: peak $99,703.60 | drawdown 0.54% | today +0.13% | halted: False
Market regime: NEUTRAL (position-size multiplier: 100% incl. circuit breaker 100%)
Overnight queue deferred 8 known-stale idea(s) for 30 minutes to preserve Gemini quota.
Morning verification: 1 overnight-queued trade(s) handed to Gemini for re-verification against fresh data.
News: fetched 156, 1 new after dedup, 0 ticker(s) matched.
Quant pre-screen: 37/60 candidates passed.
Gemini proposed 2 trade(s) meeting the conviction bar.
Gemini calls used today (all models combined): 159
  -> {"ticker": "HAL", "status": "skipped", "reason": "market data unavailable for HAL (bid/ask spread missing)", "shadow": false, "data_guard": true}
  -> {"ticker": "HPQ", "status": "skipped", "reason": "market data unavailable for HPQ (bid/ask spread missing)", "shadow": false, "data_guard": true}
Overnight queue kept 9 idea(s) whose market data was stale; they will be retried after fresh quotes arrive.
Dashboard watchlist synced (4 symbols) for news/headlines.
Ending portfolio value: $99,163.82
Trade journal: all: 19 trades, 21% win rate, avg -2.19% | breakout: 1 trades, 0% win rate, avg -8.61% | other: 13 trades, 23% win rate, avg -1.93% | technical: 5 trades, 20% win rate, avg -1.58%
Self-learning: breakout: 1 trades, 0% win rate, avg -8.61% (LOSING) | other: 13 trades, 23% win rate, avg -1.93% (LOSING) | technical: 5 trades, 20% win rate, avg -1.58% (LOSING)
Performance: Total return +0.30% | Max drawdown 0.94% | Daily Sharpe 1.49 | 19 closed trades | Win rate 21% | Avg winner +1.83% | Avg loser -3.26% | Open positions: 2 | Equity $99,166.96
Engine P&L: legacy/unknown: realized $-1,705.68 (19 closed, 21% wins), unrealized $-272.91 (2 open) | Books: legacy: realized $-1,705.68, unrealized $-272.91
Reports: daily realized $+0.00; worst symbols none | weekly realized $+0.00; worst symbols none
Shadow report: 13012 shadow candidate(s), 494 rejection group(s)
Timings: account: 0.0s | risk: 0.2s | decide: 6.0s | watchlist: 0.0s | perf: 0.2s

=== Run at 2026-09-03T13:42:30.963676 ===
Build fingerprint: 4f68550affe5
Current time: 2026-09-03 09:42 AM EDT | Market open (per Alpaca): True | Session: REGULAR
Account value: $99,196.43
Cash: $89,705.74 | Holdings (2): {'GEHC': '0.6136 sh (-5.51%)', 'MS': '43.8344 sh (-2.46%)'}
Sector exposure (cached): Financials 9.5%, Health Care 0.0%
Fill reconciliation: {'filled': 0, 'partial': 0, 'rejected': 1}
Open orders (1): MS sell 43.8344
Risk state: peak $99,703.60 | drawdown 0.51% | today +0.16% | halted: False
Market regime: NEUTRAL (position-size multiplier: 100% incl. circuit breaker 100%)
Overnight queue deferred 8 known-stale idea(s) for 30 minutes to preserve Gemini quota.
Morning verification: 1 overnight-queued trade(s) handed to Gemini for re-verification against fresh data.
News: fetched 156, 1 new after dedup, 0 ticker(s) matched.
Quant pre-screen: 37/60 candidates passed.
Gemini proposed 2 trade(s) meeting the conviction bar.
Gemini calls used today (all models combined): 160
  -> {"ticker": "HAL", "status": "skipped", "reason": "market data unavailable for HAL (bid/ask spread missing)", "shadow": false, "data_guard": true}
  -> {"ticker": "JNJ", "status": "skipped", "reason": "liquidity filter: JNJ average volume 220,084 < 500,000", "shadow": false, "data_guard": true}
Overnight queue kept 9 idea(s) whose market data was stale; they will be retried after fresh quotes arrive.
Dashboard watchlist synced (4 symbols) for news/headlines.
Ending portfolio value: $99,204.59
Trade journal: all: 19 trades, 21% win rate, avg -2.19% | breakout: 1 trades, 0% win rate, avg -8.61% | other: 13 trades, 23% win rate, avg -1.93% | technical: 5 trades, 20% win rate, avg -1.58%
Self-learning: breakout: 1 trades, 0% win rate, avg -8.61% (LOSING) | other: 13 trades, 23% win rate, avg -1.93% (LOSING) | technical: 5 trades, 20% win rate, avg -1.58% (LOSING)
Performance: Total return +0.34% | Max drawdown 0.94% | Daily Sharpe 1.70 | 19 closed trades | Win rate 21% | Avg winner +1.83% | Avg loser -3.26% | Open positions: 2 | Equity $99,196.43
Engine P&L: legacy/unknown: realized $-1,705.68 (19 closed, 21% wins), unrealized $-232.14 (2 open) | Books: legacy: realized $-1,705.68, unrealized $-232.14
Reports: daily realized $+0.00; worst symbols none | weekly realized $+0.00; worst symbols none
Shadow report: 13014 shadow candidate(s), 492 rejection group(s)
Timings: account: 0.0s | risk: 0.9s | decide: 5.7s | watchlist: 0.1s | perf: 0.3s

=== Run at 2026-09-03T13:44:25.645684 ===
Build fingerprint: 4f68550affe5
Current time: 2026-09-03 09:44 AM EDT | Market open (per Alpaca): True | Session: REGULAR
Account value: $99,218.08
Cash: $89,705.74 | Holdings (2): {'GEHC': '0.6136 sh (-5.63%)', 'MS': '43.8344 sh (-2.23%)'}
Sector exposure (cached): Financials 9.5%, Health Care 0.0%
Fill reconciliation: {'filled': 0, 'partial': 0, 'rejected': 1}
Open orders (1): MS sell 43.8344
Risk state: peak $99,703.60 | drawdown 0.49% | today +0.19% | halted: False
Market regime: NEUTRAL (position-size multiplier: 100% incl. circuit breaker 100%)
Overnight queue deferred 6 known-stale idea(s) for 30 minutes to preserve Gemini quota.
Morning verification: 3 overnight-queued trade(s) handed to Gemini for re-verification against fresh data.
News: fetched 156, 1 new after dedup, 0 ticker(s) matched.
Quant pre-screen: 37/60 candidates passed.
Gemini proposed 2 trade(s) meeting the conviction bar.
Gemini calls used today (all models combined): 161
  -> {"ticker": "MU", "status": "skipped", "reason": "market data unavailable for MU (bid/ask spread missing)", "shadow": false, "data_guard": true}
  -> {"ticker": "HOOD", "status": "skipped", "reason": "market data unavailable for HOOD (bid/ask spread missing)", "shadow": false, "data_guard": true}
Overnight queue kept 9 idea(s) whose market data was stale; they will be retried after fresh quotes arrive.
Dashboard watchlist synced (4 symbols) for news/headlines.
Ending portfolio value: $99,220.69
Trade journal: all: 19 trades, 21% win rate, avg -2.19% | breakout: 1 trades, 0% win rate, avg -8.61% | other: 13 trades, 23% win rate, avg -1.93% | technical: 5 trades, 20% win rate, avg -1.58%
Self-learning: breakout: 1 trades, 0% win rate, avg -8.61% (LOSING) | other: 13 trades, 23% win rate, avg -1.93% (LOSING) | technical: 5 trades, 20% win rate, avg -1.58% (LOSING)
Performance: Total return +0.36% | Max drawdown 0.94% | Daily Sharpe 1.77 | 19 closed trades | Win rate 21% | Avg winner +1.83% | Avg loser -3.26% | Open positions: 2 | Equity $99,218.08
Engine P&L: legacy/unknown: realized $-1,705.68 (19 closed, 21% wins), unrealized $-216.04 (2 open) | Books: legacy: realized $-1,705.68, unrealized $-216.04
Reports: daily realized $+0.00; worst symbols none | weekly realized $+0.00; worst symbols none
Shadow report: 13016 shadow candidate(s), 490 rejection group(s)
Timings: account: 0.0s | risk: 1.0s | decide: 6.9s | watchlist: 0.2s | perf: 0.3s

=== Run at 2026-09-03T13:46:30.711493 ===
Build fingerprint: 4f68550affe5
Current time: 2026-09-03 09:46 AM EDT | Market open (per Alpaca): True | Session: REGULAR
Account value: $99,239.54
Cash: $89,705.74 | Holdings (2): {'GEHC': '0.6136 sh (-5.67%)', 'MS': '43.8344 sh (-2.01%)'}
Sector exposure (cached): Financials 9.6%, Health Care 0.0%
Fill reconciliation: {'filled': 0, 'partial': 0, 'rejected': 1}
Open orders (1): MS sell 43.8344
Risk state: peak $99,703.60 | drawdown 0.47% | today +0.21% | halted: False
Market regime: NEUTRAL (position-size multiplier: 100% incl. circuit breaker 100%)
Overnight queue deferred 8 known-stale idea(s) for 30 minutes to preserve Gemini quota.
Morning verification: 1 overnight-queued trade(s) handed to Gemini for re-verification against fresh data.
News: fetched 156, 4 new after dedup, 0 ticker(s) matched.
Quant pre-screen: 37/60 candidates passed.
Gemini proposed 3 trade(s) meeting the conviction bar.
Gemini calls used today (all models combined): 162
  -> {"ticker": "HAL", "status": "skipped", "reason": "market data unavailable for HAL (bid/ask spread missing)", "shadow": false, "data_guard": true}
  -> {"ticker": "HPQ", "status": "skipped", "reason": "market data unavailable for HPQ (bid/ask spread missing)", "shadow": false, "data_guard": true}
  -> {"ticker": "JNJ", "status": "skipped", "reason": "liquidity filter: JNJ average volume 220,267 < 500,000", "shadow": false, "data_guard": true}
Overnight queue kept 9 idea(s) whose market data was stale; they will be retried after fresh quotes arrive.
Dashboard watchlist synced (5 symbols) for news/headlines.
Ending portfolio value: $99,233.83
Trade journal: all: 19 trades, 21% win rate, avg -2.19% | breakout: 1 trades, 0% win rate, avg -8.61% | other: 13 trades, 23% win rate, avg -1.93% | technical: 5 trades, 20% win rate, avg -1.58%
Self-learning: breakout: 1 trades, 0% win rate, avg -8.61% (LOSING) | other: 13 trades, 23% win rate, avg -1.93% (LOSING) | technical: 5 trades, 20% win rate, avg -1.58% (LOSING)
Performance: Total return +0.37% | Max drawdown 0.94% | Daily Sharpe 1.84 | 19 closed trades | Win rate 21% | Avg winner +1.83% | Avg loser -3.26% | Open positions: 2 | Equity $99,239.54
Engine P&L: legacy/unknown: realized $-1,705.68 (19 closed, 21% wins), unrealized $-202.91 (2 open) | Books: legacy: realized $-1,705.68, unrealized $-202.91
Reports: daily realized $+0.00; worst symbols none | weekly realized $+0.00; worst symbols none
Shadow report: 13019 shadow candidate(s), 487 rejection group(s)
Timings: account: 0.0s | risk: 0.9s | decide: 9.6s | watchlist: 0.1s | perf: 0.3s

=== Run at 2026-09-03T13:48:36.605871 ===
Build fingerprint: 4f68550affe5
Current time: 2026-09-03 09:48 AM EDT | Market open (per Alpaca): True | Session: REGULAR
Account value: $99,242.13
Cash: $89,705.74 | Holdings (2): {'GEHC': '0.6136 sh (-5.75%)', 'MS': '43.8344 sh (-1.98%)'}
Sector exposure (cached): Financials 9.6%, Health Care 0.0%
Fill reconciliation: {'filled': 0, 'partial': 0, 'rejected': 1}
Open orders (1): MS sell 43.8344
Risk state: peak $99,703.60 | drawdown 0.46% | today +0.21% | halted: False
Market regime: NEUTRAL (position-size multiplier: 100% incl. circuit breaker 100%)
Overnight queue deferred 8 known-stale idea(s) for 30 minutes to preserve Gemini quota.
Morning verification: 1 overnight-queued trade(s) handed to Gemini for re-verification against fresh data.
News: fetched 156, 2 new after dedup, 0 ticker(s) matched.
Quant pre-screen: 37/60 candidates passed.
Technical fallback (Gemini throttled/unavailable) proposed 7 trade(s) meeting the conviction bar.
Gemini calls used today (all models combined): 162
  -> {"ticker": "HAL", "status": "skipped", "reason": "market data unavailable for HAL (bid/ask spread missing)", "shadow": false, "data_guard": true}
  -> {"ticker": "HPQ", "status": "skipped", "reason": "market data unavailable for HPQ (bid/ask spread missing)", "shadow": false, "data_guard": true}
  -> {"ticker": "HSIC", "status": "skipped", "reason": "liquidity filter: HSIC average volume 47,763 < 500,000", "shadow": false, "data_guard": true}
  -> {"ticker": "ICE", "status": "skipped", "reason": "liquidity filter: ICE average volume 145,305 < 500,000", "shadow": false, "data_guard": true}
  -> {"ticker": "INCY", "status": "skipped", "reason": "liquidity filter: INCY average volume 45,413 < 500,000", "shadow": false, "data_guard": true}
  -> {"ticker": "JKHY", "status": "skipped", "reason": "liquidity filter: JKHY average volume 52,620 < 500,000", "shadow": false, "data_guard": true}
  -> {"ticker": "JNJ", "status": "skipped", "reason": "liquidity filter: JNJ average volume 220,422 < 500,000", "shadow": false, "data_guard": true}
Overnight queue KEPT for next run (Gemini did not verify this round -- technical fallback or decision failure); 4 idea(s) remain subject to the retry cap.
Dashboard watchlist synced (9 symbols) for news/headlines.
Run budget reserve reached -- skipping performance snapshot.
Trade journal: all: 19 trades, 21% win rate, avg -2.19% | breakout: 1 trades, 0% win rate, avg -8.61% | other: 13 trades, 23% win rate, avg -1.93% | technical: 5 trades, 20% win rate, avg -1.58%
Self-learning: breakout: 1 trades, 0% win rate, avg -8.61% (LOSING) | other: 13 trades, 23% win rate, avg -1.93% (LOSING) | technical: 5 trades, 20% win rate, avg -1.58% (LOSING)
Performance: Total return +0.37% | Max drawdown 0.94% | Daily Sharpe 1.84 | 19 closed trades | Win rate 21% | Avg winner +1.83% | Avg loser -3.26% | Open positions: 2 | Equity $99,242.13
Engine P&L: legacy/unknown: realized $-1,705.68 (19 closed, 21% wins), unrealized $-194.60 (2 open) | Books: legacy: realized $-1,705.68, unrealized $-194.60
Reports: daily realized $+0.00; worst symbols none | weekly realized $+0.00; worst symbols none
Shadow report: 13026 shadow candidate(s), 483 rejection group(s)
Timings: account: 0.0s | risk: 0.3s | decide: 24.3s | watchlist: 0.1s | perf: 0.1s

=== Run at 2026-09-03T13:50:33.181157 ===
Build fingerprint: 4f68550affe5
Current time: 2026-09-03 09:50 AM EDT | Market open (per Alpaca): True | Session: REGULAR
Account value: $99,235.04
Cash: $89,705.74 | Holdings (2): {'GEHC': '0.6136 sh (-5.91%)', 'MS': '43.8344 sh (-2.05%)'}
Sector exposure (cached): Financials 9.6%, Health Care 0.0%
Fill reconciliation: {'filled': 0, 'partial': 0, 'rejected': 1}
Open orders (1): MS sell 43.8344
Risk state: peak $99,703.60 | drawdown 0.47% | today +0.20% | halted: False
Market regime: NEUTRAL (position-size multiplier: 100% incl. circuit breaker 100%)
Overnight queue deferred 6 known-stale idea(s) for 30 minutes to preserve Gemini quota.
Morning verification: 6 overnight-queued trade(s) handed to Gemini for re-verification against fresh data.
News: fetched 156, 1 new after dedup, 0 ticker(s) matched.
Quant pre-screen: 37/60 candidates passed.
Gemini proposed 2 trade(s) meeting the conviction bar.
Gemini calls used today (all models combined): 163
  -> {"ticker": "HAL", "status": "skipped", "reason": "market data unavailable for HAL (bid/ask spread missing)", "shadow": false, "data_guard": true}
  -> {"ticker": "HPQ", "status": "skipped", "reason": "market data unavailable for HPQ (bid/ask spread missing)", "shadow": false, "data_guard": true}
Overnight queue kept 12 idea(s) whose market data was stale; they will be retried after fresh quotes arrive.
Dashboard watchlist synced (4 symbols) for news/headlines.
Ending portfolio value: $99,234.36
Trade journal: all: 19 trades, 21% win rate, avg -2.19% | breakout: 1 trades, 0% win rate, avg -8.61% | other: 13 trades, 23% win rate, avg -1.93% | technical: 5 trades, 20% win rate, avg -1.58%
Self-learning: breakout: 1 trades, 0% win rate, avg -8.61% (LOSING) | other: 13 trades, 23% win rate, avg -1.93% (LOSING) | technical: 5 trades, 20% win rate, avg -1.58% (LOSING)
Performance: Total return +0.37% | Max drawdown 0.94% | Daily Sharpe 1.84 | 19 closed trades | Win rate 21% | Avg winner +1.83% | Avg loser -3.26% | Open positions: 2 | Equity $99,235.04
Engine P&L: legacy/unknown: realized $-1,705.68 (19 closed, 21% wins), unrealized $-202.37 (2 open) | Books: legacy: realized $-1,705.68, unrealized $-202.37
Reports: daily realized $+0.00; worst symbols none | weekly realized $+0.00; worst symbols none
Shadow report: 13028 shadow candidate(s), 481 rejection group(s)
Timings: account: 0.0s | risk: 0.2s | decide: 7.2s | watchlist: 0.0s | perf: 0.2s

=== Run at 2026-09-03T13:52:35.940196 ===
Build fingerprint: 4f68550affe5
Current time: 2026-09-03 09:52 AM EDT | Market open (per Alpaca): True | Session: REGULAR
Account value: $99,273.31
Cash: $89,705.74 | Holdings (2): {'GEHC': '0.6136 sh (-6.10%)', 'MS': '43.8344 sh (-1.66%)'}
Sector exposure (cached): Financials 9.6%, Health Care 0.0%
Fill reconciliation: {'filled': 0, 'partial': 0, 'rejected': 1}
Open orders (1): MS sell 43.8344
Risk state: peak $99,703.60 | drawdown 0.43% | today +0.24% | halted: False
Market regime: NEUTRAL (position-size multiplier: 100% incl. circuit breaker 100%)
Overnight queue deferred 4 known-stale idea(s) for 30 minutes to preserve Gemini quota.
Morning verification: 8 overnight-queued trade(s) handed to Gemini for re-verification against fresh data.
News: fetched 156, 0 new after dedup, 0 ticker(s) matched.
Quant pre-screen: 37/60 candidates passed.
Gemini proposed 2 trade(s) meeting the conviction bar.
Gemini calls used today (all models combined): 164
  -> {"ticker": "JNJ", "status": "skipped", "reason": "liquidity filter: JNJ average volume 220,544 < 500,000", "shadow": false, "data_guard": true}
  -> {"ticker": "HSIC", "status": "skipped", "reason": "stale quote for HSIC (339.547439s old; limit 180s)", "shadow": false, "data_guard": true}
Overnight queue kept 12 idea(s) whose market data was stale; they will be retried after fresh quotes arrive.
Dashboard watchlist synced (4 symbols) for news/headlines.
Ending portfolio value: $99,270.93
Trade journal: all: 19 trades, 21% win rate, avg -2.19% | breakout: 1 trades, 0% win rate, avg -8.61% | other: 13 trades, 23% win rate, avg -1.93% | technical: 5 trades, 20% win rate, avg -1.58%
Self-learning: breakout: 1 trades, 0% win rate, avg -8.61% (LOSING) | other: 13 trades, 23% win rate, avg -1.93% (LOSING) | technical: 5 trades, 20% win rate, avg -1.58% (LOSING)
Performance: Total return +0.41% | Max drawdown 0.94% | Daily Sharpe 2.01 | 19 closed trades | Win rate 21% | Avg winner +1.83% | Avg loser -3.26% | Open positions: 2 | Equity $99,273.31
Engine P&L: legacy/unknown: realized $-1,705.68 (19 closed, 21% wins), unrealized $-165.81 (2 open) | Books: legacy: realized $-1,705.68, unrealized $-165.81
Reports: daily realized $+0.00; worst symbols none | weekly realized $+0.00; worst symbols none
Shadow report: 13030 shadow candidate(s), 480 rejection group(s)
Timings: account: 0.0s | risk: 0.5s | decide: 5.6s | watchlist: 0.1s | perf: 0.1s

=== Run at 2026-09-03T13:54:38.381713 ===
Build fingerprint: 4f68550affe5
Current time: 2026-09-03 09:54 AM EDT | Market open (per Alpaca): True | Session: REGULAR
Account value: $99,262.47
Cash: $89,705.74 | Holdings (2): {'GEHC': '0.6136 sh (-6.34%)', 'MS': '43.8344 sh (-1.77%)'}
Sector exposure (cached): Financials 9.6%, Health Care 0.0%
Fill reconciliation: {'filled': 0, 'partial': 0, 'rejected': 1}
Open orders (1): MS sell 43.8344
Risk state: peak $99,703.60 | drawdown 0.44% | today +0.23% | halted: False
Market regime: NEUTRAL (position-size multiplier: 100% incl. circuit breaker 100%)
Overnight queue deferred 5 known-stale idea(s) for 30 minutes to preserve Gemini quota.
Morning verification: 7 overnight-queued trade(s) handed to Gemini for re-verification against fresh data.
News: fetched 156, 3 new after dedup, 0 ticker(s) matched.
Quant pre-screen: 37/60 candidates passed.
Gemini proposed 2 trade(s) meeting the conviction bar.
Gemini calls used today (all models combined): 165
  -> {"ticker": "JNJ", "status": "skipped", "reason": "stale quote for JNJ (188.519919s old; limit 180s)", "shadow": false, "data_guard": true}
  -> {"ticker": "HAL", "status": "skipped", "reason": "market data unavailable for HAL (bid/ask spread missing)", "shadow": false, "data_guard": true}
Overnight queue kept 12 idea(s) whose market data was stale; they will be retried after fresh quotes arrive.
Dashboard watchlist synced (4 symbols) for news/headlines.
Ending portfolio value: $99,260.43
Trade journal: all: 19 trades, 21% win rate, avg -2.19% | breakout: 1 trades, 0% win rate, avg -8.61% | other: 13 trades, 23% win rate, avg -1.93% | technical: 5 trades, 20% win rate, avg -1.58%
Self-learning: breakout: 1 trades, 0% win rate, avg -8.61% (LOSING) | other: 13 trades, 23% win rate, avg -1.93% (LOSING) | technical: 5 trades, 20% win rate, avg -1.58% (LOSING)
Performance: Total return +0.40% | Max drawdown 0.94% | Daily Sharpe 1.96 | 19 closed trades | Win rate 21% | Avg winner +1.83% | Avg loser -3.26% | Open positions: 2 | Equity $99,262.47
Engine P&L: legacy/unknown: realized $-1,705.68 (19 closed, 21% wins), unrealized $-176.30 (2 open) | Books: legacy: realized $-1,705.68, unrealized $-176.30
Reports: daily realized $+0.00; worst symbols none | weekly realized $+0.00; worst symbols none
Shadow report: 13032 shadow candidate(s), 479 rejection group(s)
Timings: account: 0.0s | risk: 0.9s | decide: 6.2s | watchlist: 0.1s | perf: 0.3s

=== Run at 2026-09-03T13:56:30.746568 ===
Build fingerprint: 4f68550affe5
Current time: 2026-09-03 09:56 AM EDT | Market open (per Alpaca): True | Session: REGULAR
Account value: $99,274.37
Cash: $89,705.74 | Holdings (2): {'GEHC': '0.6136 sh (-6.19%)', 'MS': '43.8344 sh (-1.65%)'}
Sector exposure (cached): Financials 9.6%, Health Care 0.0%
Fill reconciliation: {'filled': 0, 'partial': 0, 'rejected': 1}
Open orders (1): MS sell 43.8344
Risk state: peak $99,703.60 | drawdown 0.43% | today +0.24% | halted: False
Market regime: NEUTRAL (position-size multiplier: 100% incl. circuit breaker 100%)
Overnight queue deferred 6 known-stale idea(s) for 30 minutes to preserve Gemini quota.
Morning verification: 6 overnight-queued trade(s) handed to Gemini for re-verification against fresh data.
News: fetched 156, 1 new after dedup, 0 ticker(s) matched.
Quant pre-screen: 37/60 candidates passed.
Gemini proposed 2 trade(s) meeting the conviction bar.
Gemini calls used today (all models combined): 166
  -> {"ticker": "HAL", "status": "skipped", "reason": "market data unavailable for HAL (bid/ask spread missing)", "shadow": false, "data_guard": true}
  -> {"ticker": "MU", "status": "skipped", "reason": "market data unavailable for MU (bid/ask spread missing)", "shadow": false, "data_guard": true}
Overnight queue kept 12 idea(s) whose market data was stale; they will be retried after fresh quotes arrive.
Dashboard watchlist synced (4 symbols) for news/headlines.
Ending portfolio value: $99,274.37
Trade journal: all: 19 trades, 21% win rate, avg -2.19% | breakout: 1 trades, 0% win rate, avg -8.61% | other: 13 trades, 23% win rate, avg -1.93% | technical: 5 trades, 20% win rate, avg -1.58%
Self-learning: breakout: 1 trades, 0% win rate, avg -8.61% (LOSING) | other: 13 trades, 23% win rate, avg -1.93% (LOSING) | technical: 5 trades, 20% win rate, avg -1.58% (LOSING)
Performance: Total return +0.41% | Max drawdown 0.94% | Daily Sharpe 2.03 | 19 closed trades | Win rate 21% | Avg winner +1.83% | Avg loser -3.26% | Open positions: 2 | Equity $99,274.37
Engine P&L: legacy/unknown: realized $-1,705.68 (19 closed, 21% wins), unrealized $-162.36 (2 open) | Books: legacy: realized $-1,705.68, unrealized $-162.36
Reports: daily realized $+0.00; worst symbols none | weekly realized $+0.00; worst symbols none
Shadow report: 13034 shadow candidate(s), 477 rejection group(s)
Timings: account: 0.0s | risk: 0.9s | decide: 6.4s | watchlist: 0.1s | perf: 0.3s

=== Run at 2026-09-03T13:58:25.198643 ===
Build fingerprint: 4f68550affe5
Current time: 2026-09-03 09:58 AM EDT | Market open (per Alpaca): True | Session: REGULAR
Account value: $99,261.65
Cash: $89,705.74 | Holdings (2): {'GEHC': '0.6136 sh (-6.21%)', 'MS': '43.8344 sh (-1.78%)'}
Sector exposure (cached): Financials 9.6%, Health Care 0.0%
Fill reconciliation: {'filled': 0, 'partial': 0, 'rejected': 1}
Open orders (1): MS sell 43.8344
Risk state: peak $99,703.60 | drawdown 0.44% | today +0.23% | halted: False
Market regime: NEUTRAL (position-size multiplier: 100% incl. circuit breaker 100%)
Overnight queue deferred 6 known-stale idea(s) for 30 minutes to preserve Gemini quota.
Morning verification: 6 overnight-queued trade(s) handed to Gemini for re-verification against fresh data.
News: fetched 156, 0 new after dedup, 0 ticker(s) matched.
Quant pre-screen: 37/60 candidates passed.
Gemini proposed 2 trade(s) meeting the conviction bar.
Gemini calls used today (all models combined): 167
  -> {"ticker": "HAL", "status": "skipped", "reason": "market data unavailable for HAL (bid/ask spread missing)", "shadow": false, "data_guard": true}
  -> {"ticker": "HPQ", "status": "skipped", "reason": "market data unavailable for HPQ (bid/ask spread missing)", "shadow": false, "data_guard": true}
Overnight queue kept 12 idea(s) whose market data was stale; they will be retried after fresh quotes arrive.
Dashboard watchlist synced (4 symbols) for news/headlines.
Ending portfolio value: $99,268.64
Trade journal: all: 19 trades, 21% win rate, avg -2.19% | breakout: 1 trades, 0% win rate, avg -8.61% | other: 13 trades, 23% win rate, avg -1.93% | technical: 5 trades, 20% win rate, avg -1.58%
Self-learning: breakout: 1 trades, 0% win rate, avg -8.61% (LOSING) | other: 13 trades, 23% win rate, avg -1.93% (LOSING) | technical: 5 trades, 20% win rate, avg -1.58% (LOSING)
Performance: Total return +0.40% | Max drawdown 0.94% | Daily Sharpe 2.00 | 19 closed trades | Win rate 21% | Avg winner +1.83% | Avg loser -3.26% | Open positions: 2 | Equity $99,261.65
Engine P&L: legacy/unknown: realized $-1,705.68 (19 closed, 21% wins), unrealized $-168.09 (2 open) | Books: legacy: realized $-1,705.68, unrealized $-168.09
Reports: daily realized $+0.00; worst symbols none | weekly realized $+0.00; worst symbols none
Shadow report: 13036 shadow candidate(s), 475 rejection group(s)
Timings: account: 0.0s | risk: 0.1s | decide: 3.3s | watchlist: 0.0s | perf: 0.1s

=== Run at 2026-09-03T14:00:42.495103 ===
Build fingerprint: 4f68550affe5
Current time: 2026-09-03 10:00 AM EDT | Market open (per Alpaca): True | Session: REGULAR
Account value: $99,271.88
Cash: $89,705.74 | Holdings (2): {'GEHC': '0.6136 sh (-6.37%)', 'MS': '43.8344 sh (-1.67%)'}
Sector exposure (cached): Financials 9.6%, Health Care 0.0%
Fill reconciliation: {'filled': 0, 'partial': 0, 'rejected': 1}
Open orders (1): MS sell 43.8344
Risk state: peak $99,703.60 | drawdown 0.43% | today +0.24% | halted: False
Market regime: NEUTRAL (position-size multiplier: 100% incl. circuit breaker 100%)
Overnight queue deferred 6 known-stale idea(s) for 30 minutes to preserve Gemini quota.
Morning verification: 6 overnight-queued trade(s) handed to Gemini for re-verification against fresh data.
News: fetched 156, 3 new after dedup, 0 ticker(s) matched.
Quant pre-screen: 3/12 candidates passed.
Gemini proposed 2 trade(s) meeting the conviction bar.
Gemini calls used today (all models combined): 168
  -> {"ticker": "HAL", "status": "skipped", "reason": "market data unavailable for HAL (bid/ask spread missing)", "shadow": false, "data_guard": true}
  -> {"ticker": "MU", "status": "skipped", "reason": "market data unavailable for MU (bid/ask spread missing)", "shadow": false, "data_guard": true}
Overnight queue kept 12 idea(s) whose market data was stale; they will be retried after fresh quotes arrive.
Dashboard watchlist synced (4 symbols) for news/headlines.
Ending portfolio value: $99,271.85
Trade journal: all: 19 trades, 21% win rate, avg -2.19% | breakout: 1 trades, 0% win rate, avg -8.61% | other: 13 trades, 23% win rate, avg -1.93% | technical: 5 trades, 20% win rate, avg -1.58%
Self-learning: breakout: 1 trades, 0% win rate, avg -8.61% (LOSING) | other: 13 trades, 23% win rate, avg -1.93% (LOSING) | technical: 5 trades, 20% win rate, avg -1.58% (LOSING)
Performance: Total return +0.41% | Max drawdown 0.94% | Daily Sharpe 2.01 | 19 closed trades | Win rate 21% | Avg winner +1.83% | Avg loser -3.26% | Open positions: 2 | Equity $99,271.88
Engine P&L: legacy/unknown: realized $-1,705.68 (19 closed, 21% wins), unrealized $-164.88 (2 open) | Books: legacy: realized $-1,705.68, unrealized $-164.88
Reports: daily realized $+0.00; worst symbols none | weekly realized $+0.00; worst symbols none
Shadow report: 13038 shadow candidate(s), 473 rejection group(s)
Timings: account: 0.0s | risk: 0.6s | decide: 10.5s | watchlist: 0.1s | perf: 0.2s

=== Run at 2026-09-03T14:02:31.626785 ===
Build fingerprint: 4f68550affe5
Current time: 2026-09-03 10:02 AM EDT | Market open (per Alpaca): True | Session: REGULAR
Account value: $99,243.10
Cash: $89,705.74 | Holdings (2): {'GEHC': '0.6136 sh (-6.51%)', 'MS': '43.8344 sh (-1.97%)'}
Sector exposure (cached): Financials 9.6%, Health Care 0.0%
Fill reconciliation: {'filled': 0, 'partial': 0, 'rejected': 1}
Open orders (1): MS sell 43.8344
Risk state: peak $99,703.60 | drawdown 0.46% | today +0.21% | halted: False
Market regime: NEUTRAL (position-size multiplier: 100% incl. circuit breaker 100%)
Overnight queue deferred 6 known-stale idea(s) for 30 minutes to preserve Gemini quota.
Morning verification: 6 overnight-queued trade(s) handed to Gemini for re-verification against fresh data.
News: fetched 156, 0 new after dedup, 0 ticker(s) matched.
Quant pre-screen: 10/23 candidates passed.
Gemini proposed 2 trade(s) meeting the conviction bar.
Gemini calls used today (all models combined): 169
  -> {"ticker": "HAL", "status": "skipped", "reason": "market data unavailable for HAL (bid/ask spread missing)", "shadow": false, "data_guard": true}
  -> {"ticker": "MSFT", "status": "skipped", "reason": "market data unavailable for MSFT (bid/ask spread missing)", "shadow": false, "data_guard": true}
Overnight queue kept 12 idea(s) whose market data was stale; they will be retried after fresh quotes arrive.
Dashboard watchlist synced (4 symbols) for news/headlines.
Ending portfolio value: $99,233.90
Trade journal: all: 19 trades, 21% win rate, avg -2.19% | breakout: 1 trades, 0% win rate, avg -8.61% | other: 13 trades, 23% win rate, avg -1.93% | technical: 5 trades, 20% win rate, avg -1.58%
Self-learning: breakout: 1 trades, 0% win rate, avg -8.61% (LOSING) | other: 13 trades, 23% win rate, avg -1.93% (LOSING) | technical: 5 trades, 20% win rate, avg -1.58% (LOSING)
Performance: Total return +0.37% | Max drawdown 0.94% | Daily Sharpe 1.84 | 19 closed trades | Win rate 21% | Avg winner +1.83% | Avg loser -3.26% | Open positions: 2 | Equity $99,243.10
Engine P&L: legacy/unknown: realized $-1,705.68 (19 closed, 21% wins), unrealized $-202.84 (2 open) | Books: legacy: realized $-1,705.68, unrealized $-202.84
Reports: daily realized $+0.00; worst symbols none | weekly realized $+0.00; worst symbols none
Shadow report: 13040 shadow candidate(s), 472 rejection group(s)
Timings: account: 0.0s | risk: 0.6s | decide: 12.0s | watchlist: 0.1s | perf: 0.2s

=== Run at 2026-09-03T14:04:39.139366 ===
Build fingerprint: 4f68550affe5
Current time: 2026-09-03 10:04 AM EDT | Market open (per Alpaca): True | Session: REGULAR
Account value: $99,233.07
Cash: $89,705.74 | Holdings (2): {'GEHC': '0.6136 sh (-6.67%)', 'MS': '43.8344 sh (-2.07%)'}
Sector exposure (cached): Financials 9.6%, Health Care 0.0%
Fill reconciliation: {'filled': 0, 'partial': 0, 'rejected': 1}
Open orders (1): MS sell 43.8344
Risk state: peak $99,703.60 | drawdown 0.47% | today +0.20% | halted: False
Market regime: NEUTRAL (position-size multiplier: 100% incl. circuit breaker 100%)
Overnight queue deferred 7 known-stale idea(s) for 30 minutes to preserve Gemini quota.
Morning verification: 5 overnight-queued trade(s) handed to Gemini for re-verification against fresh data.
News: fetched 156, 6 new after dedup, 2 ticker(s) matched.
Quant pre-screen: 12/18 candidates passed.
Gemini proposed 3 trade(s) meeting the conviction bar.
Gemini calls used today (all models combined): 170
  -> {"ticker": "NVDA", "status": "skipped", "reason": "market data unavailable for NVDA (bid/ask spread missing)", "shadow": false, "data_guard": true}
  -> {"ticker": "CRM", "status": "skipped", "reason": "market data unavailable for CRM (bid/ask spread missing)", "shadow": false, "data_guard": true}
  -> {"ticker": "HOOD", "status": "skipped", "reason": "market data unavailable for HOOD (bid/ask spread missing)", "shadow": false, "data_guard": true}
Overnight queue kept 12 idea(s) whose market data was stale; they will be retried after fresh quotes arrive.
Dashboard watchlist synced (6 symbols) for news/headlines.
Ending portfolio value: $99,234.03
Trade journal: all: 19 trades, 21% win rate, avg -2.19% | breakout: 1 trades, 0% win rate, avg -8.61% | other: 13 trades, 23% win rate, avg -1.93% | technical: 5 trades, 20% win rate, avg -1.58%
Self-learning: breakout: 1 trades, 0% win rate, avg -8.61% (LOSING) | other: 13 trades, 23% win rate, avg -1.93% (LOSING) | technical: 5 trades, 20% win rate, avg -1.58% (LOSING)
Performance: Total return +0.37% | Max drawdown 0.94% | Daily Sharpe 1.84 | 19 closed trades | Win rate 21% | Avg winner +1.83% | Avg loser -3.26% | Open positions: 2 | Equity $99,233.07
Engine P&L: legacy/unknown: realized $-1,705.68 (19 closed, 21% wins), unrealized $-202.70 (2 open) | Books: legacy: realized $-1,705.68, unrealized $-202.70
Reports: daily realized $+0.00; worst symbols none | weekly realized $+0.00; worst symbols none
Shadow report: 13043 shadow candidate(s), 471 rejection group(s)
Timings: account: 0.0s | risk: 0.9s | decide: 18.4s | watchlist: 0.1s | perf: 0.3s

=== Run at 2026-09-03T14:06:32.863843 ===
Build fingerprint: 4f68550affe5
Current time: 2026-09-03 10:06 AM EDT | Market open (per Alpaca): True | Session: REGULAR
Account value: $99,222.46
Cash: $89,705.74 | Holdings (2): {'GEHC': '0.6136 sh (-6.59%)', 'MS': '43.8344 sh (-2.18%)'}
Sector exposure (cached): Financials 9.5%, Health Care 0.0%
Fill reconciliation: {'filled': 0, 'partial': 0, 'rejected': 1}
Open orders (1): MS sell 43.8344
Risk state: peak $99,703.60 | drawdown 0.48% | today +0.19% | halted: False
Market regime: NEUTRAL (position-size multiplier: 100% incl. circuit breaker 100%)
Overnight queue deferred 8 known-stale idea(s) for 30 minutes to preserve Gemini quota.
Morning verification: 4 overnight-queued trade(s) handed to Gemini for re-verification against fresh data.
News: fetched 156, 1 new after dedup, 0 ticker(s) matched.
Quant pre-screen: 14/35 candidates passed.
Gemini proposed 0 trade(s) meeting the conviction bar.
Gemini calls used today (all models combined): 171
Overnight queue cleared after verification.
Overnight queue retained 8 deferred stale idea(s).
Dashboard watchlist synced (2 symbols) for news/headlines.
Ending portfolio value: $99,222.45
Trade journal: all: 19 trades, 21% win rate, avg -2.19% | breakout: 1 trades, 0% win rate, avg -8.61% | other: 13 trades, 23% win rate, avg -1.93% | technical: 5 trades, 20% win rate, avg -1.58%
Self-learning: breakout: 1 trades, 0% win rate, avg -8.61% (LOSING) | other: 13 trades, 23% win rate, avg -1.93% (LOSING) | technical: 5 trades, 20% win rate, avg -1.58% (LOSING)
Performance: Total return +0.36% | Max drawdown 0.94% | Daily Sharpe 1.78 | 19 closed trades | Win rate 21% | Avg winner +1.83% | Avg loser -3.26% | Open positions: 2 | Equity $99,222.46
Engine P&L: legacy/unknown: realized $-1,705.68 (19 closed, 21% wins), unrealized $-214.29 (2 open) | Books: legacy: realized $-1,705.68, unrealized $-214.29
Reports: daily realized $+0.00; worst symbols none | weekly realized $+0.00; worst symbols none
Shadow report: 13043 shadow candidate(s), 471 rejection group(s)
Timings: account: 0.0s | risk: 0.2s | decide: 9.2s | watchlist: 0.0s | perf: 0.1s

=== Run at 2026-09-03T14:08:33.020223 ===
Build fingerprint: 4f68550affe5
Current time: 2026-09-03 10:08 AM EDT | Market open (per Alpaca): True | Session: REGULAR
Account value: $99,190.45
Cash: $89,705.74 | Holdings (2): {'GEHC': '0.6136 sh (-6.63%)', 'MS': '43.8344 sh (-2.51%)'}
Sector exposure (cached): Financials 9.5%, Health Care 0.0%
Fill reconciliation: {'filled': 0, 'partial': 0, 'rejected': 1}
Open orders (1): MS sell 43.8344
Risk state: peak $99,703.60 | drawdown 0.51% | today +0.16% | halted: False
Market regime: NEUTRAL (position-size multiplier: 100% incl. circuit breaker 100%)
Overnight queue deferred 8 known-stale idea(s) for 30 minutes to preserve Gemini quota.
News: fetched 156, 0 new after dedup, 0 ticker(s) matched.
Quant pre-screen: 20/46 candidates passed.
Technical fallback (Gemini throttled/unavailable) proposed 8 trade(s) meeting the conviction bar.
Technical fallback cap omitted 1 weaker idea(s) this run.
Gemini calls used today (all models combined): 171
  -> {"ticker": "HPQ", "status": "skipped", "reason": "market data unavailable for HPQ (bid/ask spread missing)", "shadow": false, "data_guard": true}
  -> {"ticker": "KDP", "status": "skipped", "reason": "market data unavailable for KDP (bid/ask spread missing)", "shadow": false, "data_guard": true}
  -> {"ticker": "IT", "status": "skipped", "reason": "liquidity filter: IT average volume 55,940 < 500,000", "shadow": false, "data_guard": true}
  -> {"ticker": "HAL", "status": "skipped", "reason": "market data unavailable for HAL (bid/ask spread missing)", "shadow": false, "data_guard": true}
  -> {"ticker": "JNJ", "status": "skipped", "reason": "liquidity filter: JNJ average volume 220,732 < 500,000", "shadow": false, "data_guard": true}
  -> {"ticker": "J", "status": "skipped", "reason": "stale quote for J (1767.317478s old; limit 180s)", "shadow": false, "data_guard": true}
  -> {"ticker": "IVZ", "status": "skipped", "reason": "liquidity filter: IVZ average volume 230,719 < 500,000", "shadow": false, "data_guard": true}
  -> {"ticker": "MSFT", "status": "skipped", "reason": "market data unavailable for MSFT (bid/ask spread missing)", "shadow": false, "data_guard": true}
Overnight queue KEPT for next run (Gemini did not verify this round -- technical fallback or decision failure); 3 idea(s) remain subject to the retry cap.
Run budget reserve reached -- skipping dashboard watchlist sync.
Run budget reserve reached -- skipping performance snapshot.
Trade journal: all: 19 trades, 21% win rate, avg -2.19% | breakout: 1 trades, 0% win rate, avg -8.61% | other: 13 trades, 23% win rate, avg -1.93% | technical: 5 trades, 20% win rate, avg -1.58%
Self-learning: breakout: 1 trades, 0% win rate, avg -8.61% (LOSING) | other: 13 trades, 23% win rate, avg -1.93% (LOSING) | technical: 5 trades, 20% win rate, avg -1.58% (LOSING)
Performance: Total return +0.36% | Max drawdown 0.94% | Daily Sharpe 1.78 | 19 closed trades | Win rate 21% | Avg winner +1.83% | Avg loser -3.26% | Open positions: 2 | Equity $99,190.45
Engine P&L: legacy/unknown: realized $-1,705.68 (19 closed, 21% wins), unrealized $-246.29 (2 open) | Books: legacy: realized $-1,705.68, unrealized $-246.29
Reports: daily realized $+0.00; worst symbols none | weekly realized $+0.00; worst symbols none
Shadow report: 13051 shadow candidate(s), 466 rejection group(s)
Timings: account: 0.0s | risk: 0.8s | decide: 24.6s | watchlist: 0.0s | perf: 0.1s

=== Run at 2026-09-03T14:10:36.359388 ===
Build fingerprint: 4f68550affe5
Current time: 2026-09-03 10:10 AM EDT | Market open (per Alpaca): True | Session: REGULAR
Account value: $99,185.78
Cash: $89,705.74 | Holdings (2): {'GEHC': '0.6136 sh (-6.87%)', 'MS': '43.8344 sh (-2.56%)'}
Sector exposure (cached): Financials 9.5%, Health Care 0.0%
Fill reconciliation: {'filled': 0, 'partial': 0, 'rejected': 1}
Open orders (1): MS sell 43.8344
Risk state: peak $99,703.60 | drawdown 0.52% | today +0.15% | halted: False
Market regime: NEUTRAL (position-size multiplier: 100% incl. circuit breaker 100%)
Overnight queue deferred 8 known-stale idea(s) for 30 minutes to preserve Gemini quota.
Morning verification: 3 overnight-queued trade(s) handed to Gemini for re-verification against fresh data.
News: fetched 156, 2 new after dedup, 0 ticker(s) matched.
Quant pre-screen: 25/58 candidates passed.
Gemini proposed 3 trade(s) meeting the conviction bar.
Gemini calls used today (all models combined): 172
  -> {"ticker": "IT", "status": "skipped", "reason": "liquidity filter: IT average volume 55,980 < 500,000", "shadow": false, "data_guard": true}
  -> {"ticker": "HAL", "status": "skipped", "reason": "market data unavailable for HAL (bid/ask spread missing)", "shadow": false, "data_guard": true}
  -> {"ticker": "KR", "status": "skipped", "reason": "liquidity filter: KR average volume 384,749 < 500,000", "shadow": false, "data_guard": true}
Overnight queue kept 11 idea(s) whose market data was stale; they will be retried after fresh quotes arrive.
Dashboard watchlist synced (5 symbols) for news/headlines.
Ending portfolio value: $99,177.61
Trade journal: all: 19 trades, 21% win rate, avg -2.19% | breakout: 1 trades, 0% win rate, avg -8.61% | other: 13 trades, 23% win rate, avg -1.93% | technical: 5 trades, 20% win rate, avg -1.58%
Self-learning: breakout: 1 trades, 0% win rate, avg -8.61% (LOSING) | other: 13 trades, 23% win rate, avg -1.93% (LOSING) | technical: 5 trades, 20% win rate, avg -1.58% (LOSING)
Performance: Total return +0.31% | Max drawdown 0.94% | Daily Sharpe 1.56 | 19 closed trades | Win rate 21% | Avg winner +1.83% | Avg loser -3.26% | Open positions: 2 | Equity $99,185.78
Engine P&L: legacy/unknown: realized $-1,705.68 (19 closed, 21% wins), unrealized $-259.13 (2 open) | Books: legacy: realized $-1,705.68, unrealized $-259.13
Reports: daily realized $+0.00; worst symbols none | weekly realized $+0.00; worst symbols none
Shadow report: 13054 shadow candidate(s), 463 rejection group(s)
Timings: account: 0.0s | risk: 0.9s | decide: 12.6s | watchlist: 0.1s | perf: 0.3s

=== Run at 2026-09-03T14:12:28.090916 ===
Build fingerprint: 4f68550affe5
Current time: 2026-09-03 10:12 AM EDT | Market open (per Alpaca): True | Session: REGULAR
Account value: $99,172.71
Cash: $89,705.74 | Holdings (2): {'GEHC': '0.6136 sh (-7.07%)', 'MS': '43.8344 sh (-2.69%)'}
Sector exposure (cached): Financials 9.5%, Health Care 0.0%
Fill reconciliation: {'filled': 0, 'partial': 0, 'rejected': 1}
Open orders (1): MS sell 43.8344
Risk state: peak $99,703.60 | drawdown 0.53% | today +0.14% | halted: False
Market regime: NEUTRAL (position-size multiplier: 100% incl. circuit breaker 100%)
Overnight queue deferred 8 known-stale idea(s) for 30 minutes to preserve Gemini quota.
Morning verification: 3 overnight-queued trade(s) handed to Gemini for re-verification against fresh data.
News: fetched 156, 1 new after dedup, 0 ticker(s) matched.
Quant pre-screen: 25/60 candidates passed.
Gemini proposed 1 trade(s) meeting the conviction bar.
Gemini calls used today (all models combined): 173
  -> {"ticker": "IT", "status": "skipped", "reason": "liquidity filter: IT average volume 56,001 < 500,000", "shadow": false, "data_guard": true}
Overnight queue cleared after verification.
Overnight queue retained 8 deferred stale idea(s).
Dashboard watchlist synced (3 symbols) for news/headlines.
Ending portfolio value: $99,172.73
Trade journal: all: 19 trades, 21% win rate, avg -2.19% | breakout: 1 trades, 0% win rate, avg -8.61% | other: 13 trades, 23% win rate, avg -1.93% | technical: 5 trades, 20% win rate, avg -1.58%
Self-learning: breakout: 1 trades, 0% win rate, avg -8.61% (LOSING) | other: 13 trades, 23% win rate, avg -1.93% (LOSING) | technical: 5 trades, 20% win rate, avg -1.58% (LOSING)
Performance: Total return +0.31% | Max drawdown 0.94% | Daily Sharpe 1.54 | 19 closed trades | Win rate 21% | Avg winner +1.83% | Avg loser -3.26% | Open positions: 2 | Equity $99,172.71
Engine P&L: legacy/unknown: realized $-1,705.68 (19 closed, 21% wins), unrealized $-264.00 (2 open) | Books: legacy: realized $-1,705.68, unrealized $-264.00
Reports: daily realized $+0.00; worst symbols none | weekly realized $+0.00; worst symbols none
Shadow report: 13055 shadow candidate(s), 462 rejection group(s)
Timings: account: 0.0s | risk: 0.5s | decide: 6.5s | watchlist: 0.1s | perf: 0.3s

=== Run at 2026-09-03T14:14:27.210344 ===
Build fingerprint: 4f68550affe5
Current time: 2026-09-03 10:14 AM EDT | Market open (per Alpaca): True | Session: REGULAR
Account value: $99,191.16
Cash: $89,705.74 | Holdings (2): {'GEHC': '0.6136 sh (-6.99%)', 'MS': '43.8344 sh (-2.50%)'}
Sector exposure (cached): Financials 9.5%, Health Care 0.0%
Fill reconciliation: {'filled': 0, 'partial': 0, 'rejected': 1}
Open orders (1): MS sell 43.8344
Risk state: peak $99,703.60 | drawdown 0.51% | today +0.16% | halted: False
Market regime: NEUTRAL (position-size multiplier: 100% incl. circuit breaker 100%)
Overnight queue deferred 8 known-stale idea(s) for 30 minutes to preserve Gemini quota.
News: fetched 156, 1 new after dedup, 0 ticker(s) matched.
Quant pre-screen: 25/60 candidates passed.
Gemini proposed 0 trade(s) meeting the conviction bar.
Gemini calls used today (all models combined): 174
Overnight queue cleared after verification.
Overnight queue retained 8 deferred stale idea(s).
Dashboard watchlist synced (2 symbols) for news/headlines.
Ending portfolio value: $99,188.33
Trade journal: all: 19 trades, 21% win rate, avg -2.19% | breakout: 1 trades, 0% win rate, avg -8.61% | other: 13 trades, 23% win rate, avg -1.93% | technical: 5 trades, 20% win rate, avg -1.58%
Self-learning: breakout: 1 trades, 0% win rate, avg -8.61% (LOSING) | other: 13 trades, 23% win rate, avg -1.93% (LOSING) | technical: 5 trades, 20% win rate, avg -1.58% (LOSING)
Performance: Total return +0.32% | Max drawdown 0.94% | Daily Sharpe 1.62 | 19 closed trades | Win rate 21% | Avg winner +1.83% | Avg loser -3.26% | Open positions: 2 | Equity $99,191.16
Engine P&L: legacy/unknown: realized $-1,705.68 (19 closed, 21% wins), unrealized $-248.41 (2 open) | Books: legacy: realized $-1,705.68, unrealized $-248.41
Reports: daily realized $+0.00; worst symbols none | weekly realized $+0.00; worst symbols none
Shadow report: 13055 shadow candidate(s), 462 rejection group(s)
Timings: account: 0.0s | risk: 0.5s | decide: 5.0s | watchlist: 0.1s | perf: 0.2s

=== Run at 2026-09-03T14:16:51.554175 ===
Build fingerprint: 4f68550affe5
Current time: 2026-09-03 10:16 AM EDT | Market open (per Alpaca): True | Session: REGULAR
Account value: $99,195.16
Cash: $89,705.74 | Holdings (2): {'GEHC': '0.6136 sh (-7.22%)', 'MS': '43.8344 sh (-2.46%)'}
Sector exposure (cached): Financials 9.5%, Health Care 0.0%
Fill reconciliation: {'filled': 0, 'partial': 0, 'rejected': 1}
Open orders (1): MS sell 43.8344
Risk state: peak $99,703.60 | drawdown 0.51% | today +0.16% | halted: False
Market regime: NEUTRAL (position-size multiplier: 100% incl. circuit breaker 100%)
Overnight queue deferred 8 known-stale idea(s) for 30 minutes to preserve Gemini quota.
News: fetched 157, 4 new after dedup, 4 ticker(s) matched.
Quant pre-screen: 27/62 candidates passed.
Gemini proposed 2 trade(s) meeting the conviction bar.
Gemini calls used today (all models combined): 175
  -> {"ticker": "NDAQ", "status": "skipped", "reason": "stale quote for NDAQ (976.702817s old; limit 180s)", "shadow": false, "data_guard": true}
  -> {"ticker": "NVDA", "status": "skipped", "reason": "market data unavailable for NVDA (bid/ask spread missing)", "shadow": false, "data_guard": true}
Overnight queue kept 9 idea(s) whose market data was stale; they will be retried after fresh quotes arrive.
Dashboard watchlist synced (6 symbols) for news/headlines.
Ending portfolio value: $99,195.20
Trade journal: all: 19 trades, 21% win rate, avg -2.19% | breakout: 1 trades, 0% win rate, avg -8.61% | other: 13 trades, 23% win rate, avg -1.93% | technical: 5 trades, 20% win rate, avg -1.58%
Self-learning: breakout: 1 trades, 0% win rate, avg -8.61% (LOSING) | other: 13 trades, 23% win rate, avg -1.93% (LOSING) | technical: 5 trades, 20% win rate, avg -1.58% (LOSING)
Performance: Total return +0.33% | Max drawdown 0.94% | Daily Sharpe 1.65 | 19 closed trades | Win rate 21% | Avg winner +1.83% | Avg loser -3.26% | Open positions: 2 | Equity $99,195.16
Engine P&L: legacy/unknown: realized $-1,705.68 (19 closed, 21% wins), unrealized $-241.53 (2 open) | Books: legacy: realized $-1,705.68, unrealized $-241.53
Reports: daily realized $+0.00; worst symbols none | weekly realized $+0.00; worst symbols none
Shadow report: 13057 shadow candidate(s), 461 rejection group(s)
Timings: account: 0.0s | risk: 0.1s | decide: 4.4s | watchlist: 0.0s | perf: 0.1s

=== Run at 2026-09-03T14:18:36.322311 ===
Build fingerprint: 4f68550affe5
Current time: 2026-09-03 10:18 AM EDT | Market open (per Alpaca): True | Session: REGULAR
Account value: $99,202.67
Cash: $89,705.74 | Holdings (2): {'GEHC': '0.6136 sh (-7.22%)', 'MS': '43.8344 sh (-2.38%)'}
Sector exposure (cached): Financials 9.5%, Health Care 0.0%
Fill reconciliation: {'filled': 0, 'partial': 0, 'rejected': 1}
Open orders (1): MS sell 43.8344
Risk state: peak $99,703.60 | drawdown 0.50% | today +0.17% | halted: False
Market regime: NEUTRAL (position-size multiplier: 100% incl. circuit breaker 100%)
Overnight queue deferred 9 known-stale idea(s) for 30 minutes to preserve Gemini quota.
News: fetched 157, 2 new after dedup, 0 ticker(s) matched.
Quant pre-screen: 25/60 candidates passed.
Gemini proposed 2 trade(s) meeting the conviction bar.
Gemini calls used today (all models combined): 176
  -> {"ticker": "HPQ", "status": "skipped", "reason": "market data unavailable for HPQ (bid/ask spread missing)", "shadow": false, "data_guard": true}
  -> {"ticker": "HAL", "status": "skipped", "reason": "market data unavailable for HAL (bid/ask spread missing)", "shadow": false, "data_guard": true}
Overnight queue kept 9 idea(s) whose market data was stale; they will be retried after fresh quotes arrive.
Dashboard watchlist synced (4 symbols) for news/headlines.
Ending portfolio value: $99,203.33
Trade journal: all: 19 trades, 21% win rate, avg -2.19% | breakout: 1 trades, 0% win rate, avg -8.61% | other: 13 trades, 23% win rate, avg -1.93% | technical: 5 trades, 20% win rate, avg -1.58%
Self-learning: breakout: 1 trades, 0% win rate, avg -8.61% (LOSING) | other: 13 trades, 23% win rate, avg -1.93% (LOSING) | technical: 5 trades, 20% win rate, avg -1.58% (LOSING)
Performance: Total return +0.34% | Max drawdown 0.94% | Daily Sharpe 1.69 | 19 closed trades | Win rate 21% | Avg winner +1.83% | Avg loser -3.26% | Open positions: 2 | Equity $99,202.67
Engine P&L: legacy/unknown: realized $-1,705.68 (19 closed, 21% wins), unrealized $-233.41 (2 open) | Books: legacy: realized $-1,705.68, unrealized $-233.41
Reports: daily realized $+0.00; worst symbols none | weekly realized $+0.00; worst symbols none
Shadow report: 13059 shadow candidate(s), 459 rejection group(s)
Timings: account: 0.0s | risk: 0.2s | decide: 8.2s | watchlist: 0.0s | perf: 0.2s

=== Run at 2026-09-03T14:20:39.758580 ===
Build fingerprint: 4f68550affe5
Current time: 2026-09-03 10:20 AM EDT | Market open (per Alpaca): True | Session: REGULAR
Account value: $99,213.33
Cash: $89,705.74 | Holdings (2): {'GEHC': '0.6136 sh (-6.91%)', 'MS': '43.8344 sh (-2.27%)'}
Sector exposure (cached): Financials 9.5%, Health Care 0.0%
Fill reconciliation: {'filled': 0, 'partial': 0, 'rejected': 1}
Open orders (1): MS sell 43.8344
Risk state: peak $99,703.60 | drawdown 0.49% | today +0.18% | halted: False
Market regime: NEUTRAL (position-size multiplier: 100% incl. circuit breaker 100%)
Overnight queue deferred 9 known-stale idea(s) for 30 minutes to preserve Gemini quota.
News: fetched 119, 0 new after dedup, 0 ticker(s) matched.
Quant pre-screen: 25/60 candidates passed.
Gemini proposed 2 trade(s) meeting the conviction bar.
Gemini calls used today (all models combined): 177
  -> {"ticker": "HAL", "status": "skipped", "reason": "market data unavailable for HAL (bid/ask spread missing)", "shadow": false, "data_guard": true}
  -> {"ticker": "KDP", "status": "skipped", "reason": "market data unavailable for KDP (bid/ask spread missing)", "shadow": false, "data_guard": true}
Overnight queue kept 10 idea(s) whose market data was stale; they will be retried after fresh quotes arrive.
Dashboard watchlist synced (4 symbols) for news/headlines.
Ending portfolio value: $99,204.34
Trade journal: all: 19 trades, 21% win rate, avg -2.19% | breakout: 1 trades, 0% win rate, avg -8.61% | other: 13 trades, 23% win rate, avg -1.93% | technical: 5 trades, 20% win rate, avg -1.58%
Self-learning: breakout: 1 trades, 0% win rate, avg -8.61% (LOSING) | other: 13 trades, 23% win rate, avg -1.93% (LOSING) | technical: 5 trades, 20% win rate, avg -1.58% (LOSING)
Performance: Total return +0.34% | Max drawdown 0.94% | Daily Sharpe 1.70 | 19 closed trades | Win rate 21% | Avg winner +1.83% | Avg loser -3.26% | Open positions: 2 | Equity $99,213.33
Engine P&L: legacy/unknown: realized $-1,705.68 (19 closed, 21% wins), unrealized $-232.39 (2 open) | Books: legacy: realized $-1,705.68, unrealized $-232.39
Reports: daily realized $+0.00; worst symbols none | weekly realized $+0.00; worst symbols none
Shadow report: 13061 shadow candidate(s), 458 rejection group(s)
Timings: account: 0.0s | risk: 0.2s | decide: 17.1s | watchlist: 0.0s | perf: 0.1s

=== Run at 2026-09-03T14:22:35.595232 ===
Build fingerprint: 4f68550affe5
Current time: 2026-09-03 10:22 AM EDT | Market open (per Alpaca): True | Session: REGULAR
Account value: $99,209.07
Cash: $89,705.74 | Holdings (2): {'GEHC': '0.6136 sh (-7.12%)', 'MS': '43.8344 sh (-2.32%)'}
Sector exposure (cached): Financials 9.5%, Health Care 0.0%
Fill reconciliation: {'filled': 0, 'partial': 0, 'rejected': 1}
Open orders (1): MS sell 43.8344
Risk state: peak $99,703.60 | drawdown 0.50% | today +0.18% | halted: False
Market regime: NEUTRAL (position-size multiplier: 100% incl. circuit breaker 100%)
Overnight queue deferred 10 known-stale idea(s) for 30 minutes to preserve Gemini quota.
News: fetched 157, 3 new after dedup, 0 ticker(s) matched.
Quant pre-screen: 25/60 candidates passed.
Gemini proposed 0 trade(s) meeting the conviction bar.
Gemini calls used today (all models combined): 178
Overnight queue cleared after verification.
Overnight queue retained 10 deferred stale idea(s).
Dashboard watchlist synced (2 symbols) for news/headlines.
Ending portfolio value: $99,207.10
Trade journal: all: 19 trades, 21% win rate, avg -2.19% | breakout: 1 trades, 0% win rate, avg -8.61% | other: 13 trades, 23% win rate, avg -1.93% | technical: 5 trades, 20% win rate, avg -1.58%
Self-learning: breakout: 1 trades, 0% win rate, avg -8.61% (LOSING) | other: 13 trades, 23% win rate, avg -1.93% (LOSING) | technical: 5 trades, 20% win rate, avg -1.58% (LOSING)
Performance: Total return +0.34% | Max drawdown 0.94% | Daily Sharpe 1.71 | 19 closed trades | Win rate 21% | Avg winner +1.83% | Avg loser -3.26% | Open positions: 2 | Equity $99,209.07
Engine P&L: legacy/unknown: realized $-1,705.68 (19 closed, 21% wins), unrealized $-229.63 (2 open) | Books: legacy: realized $-1,705.68, unrealized $-229.63
Reports: daily realized $+0.00; worst symbols none | weekly realized $+0.00; worst symbols none
Shadow report: 13061 shadow candidate(s), 458 rejection group(s)
Timings: account: 0.0s | risk: 0.9s | decide: 13.7s | watchlist: 0.1s | perf: 0.3s

=== Run at 2026-09-03T14:24:37.823420 ===
Build fingerprint: 4f68550affe5
Current time: 2026-09-03 10:24 AM EDT | Market open (per Alpaca): True | Session: REGULAR
Account value: $99,222.17
Cash: $89,705.74 | Holdings (2): {'GEHC': '0.6136 sh (-7.24%)', 'MS': '43.8344 sh (-2.18%)'}
Sector exposure (cached): Financials 9.5%, Health Care 0.0%
Fill reconciliation: {'filled': 0, 'partial': 0, 'rejected': 1}
Open orders (1): MS sell 43.8344
Risk state: peak $99,703.60 | drawdown 0.48% | today +0.19% | halted: False
Market regime: NEUTRAL (position-size multiplier: 100% incl. circuit breaker 100%)
Overnight queue deferred 9 known-stale idea(s) for 30 minutes to preserve Gemini quota.
Morning verification: 1 overnight-queued trade(s) handed to Gemini for re-verification against fresh data.
News: fetched 157, 2 new after dedup, 0 ticker(s) matched.
Quant pre-screen: 25/60 candidates passed.
Technical fallback (Gemini throttled/unavailable) proposed 8 trade(s) meeting the conviction bar.
Technical fallback cap omitted 1 weaker idea(s) this run.
Gemini calls used today (all models combined): 178
  -> {"ticker": "HPQ", "status": "skipped", "reason": "market data unavailable for HPQ (bid/ask spread missing)", "shadow": false, "data_guard": true}
  -> {"ticker": "KDP", "status": "skipped", "reason": "market data unavailable for KDP (bid/ask spread missing)", "shadow": false, "data_guard": true}
  -> {"ticker": "IT", "status": "skipped", "reason": "liquidity filter: IT average volume 56,055 < 500,000", "shadow": false, "data_guard": true}
  -> {"ticker": "HAL", "status": "skipped", "reason": "market data unavailable for HAL (bid/ask spread missing)", "shadow": false, "data_guard": true}
  -> {"ticker": "JNJ", "status": "skipped", "reason": "liquidity filter: JNJ average volume 221,171 < 500,000", "shadow": false, "data_guard": true}
  -> {"ticker": "J", "status": "skipped", "reason": "entry alignment: price $147.09 is not above SMA-20 $147.59"}
  -> {"ticker": "IVZ", "status": "skipped", "reason": "entry alignment: price $32.20 is not above SMA-20 $32.23"}
  -> {"ticker": "MSFT", "status": "skipped", "reason": "market data unavailable for MSFT (bid/ask spread missing)", "shadow": false, "data_guard": true}
Overnight queue KEPT for next run (Gemini did not verify this round -- technical fallback or decision failure); 4 idea(s) remain subject to the retry cap.
Run budget reserve reached -- skipping dashboard watchlist sync.
Run budget reserve reached -- skipping performance snapshot.
Trade journal: all: 19 trades, 21% win rate, avg -2.19% | breakout: 1 trades, 0% win rate, avg -8.61% | other: 13 trades, 23% win rate, avg -1.93% | technical: 5 trades, 20% win rate, avg -1.58%
Self-learning: breakout: 1 trades, 0% win rate, avg -8.61% (LOSING) | other: 13 trades, 23% win rate, avg -1.93% (LOSING) | technical: 5 trades, 20% win rate, avg -1.58% (LOSING)
Performance: Total return +0.34% | Max drawdown 0.94% | Daily Sharpe 1.71 | 19 closed trades | Win rate 21% | Avg winner +1.83% | Avg loser -3.26% | Open positions: 2 | Equity $99,222.17
Engine P&L: legacy/unknown: realized $-1,705.68 (19 closed, 21% wins), unrealized $-214.56 (2 open) | Books: legacy: realized $-1,705.68, unrealized $-214.56
Reports: daily realized $+0.00; worst symbols none | weekly realized $+0.00; worst symbols none
Shadow report: 13067 shadow candidate(s), 452 rejection group(s)
Timings: account: 0.0s | risk: 0.8s | decide: 27.5s | watchlist: 0.0s | perf: 0.2s

=== Run at 2026-09-03T14:28:28.594027 ===
Build fingerprint: 4f68550affe5
Current time: 2026-09-03 10:28 AM EDT | Market open (per Alpaca): True | Session: REGULAR
Account value: $99,209.09
Cash: $89,705.74 | Holdings (2): {'GEHC': '0.6136 sh (-7.09%)', 'MS': '43.8344 sh (-2.32%)'}
Sector exposure (cached): Financials 9.5%, Health Care 0.0%
Fill reconciliation: {'filled': 0, 'partial': 0, 'rejected': 1}
Open orders (1): MS sell 43.8344
Risk state: peak $99,703.60 | drawdown 0.50% | today +0.18% | halted: False
Market regime: NEUTRAL (position-size multiplier: 100% incl. circuit breaker 100%)
Overnight queue deferred 8 known-stale idea(s) for 30 minutes to preserve Gemini quota.
Morning verification: 5 overnight-queued trade(s) handed to Gemini for re-verification against fresh data.
News: fetched 157, 1 new after dedup, 0 ticker(s) matched.
Quant pre-screen: 25/60 candidates passed.
Gemini proposed 2 trade(s) meeting the conviction bar.
Gemini calls used today (all models combined): 179
  -> {"ticker": "JNJ", "status": "skipped", "reason": "liquidity filter: JNJ average volume 221,289 < 500,000", "shadow": false, "data_guard": true}
  -> {"ticker": "HSIC", "status": "skipped", "reason": "stale quote for HSIC (422.627925s old; limit 180s)", "shadow": false, "data_guard": true}
Overnight queue kept 12 idea(s) whose market data was stale; they will be retried after fresh quotes arrive.
Dashboard watchlist synced (4 symbols) for news/headlines.
Ending portfolio value: $99,209.11
Trade journal: all: 19 trades, 21% win rate, avg -2.19% | breakout: 1 trades, 0% win rate, avg -8.61% | other: 13 trades, 23% win rate, avg -1.93% | technical: 5 trades, 20% win rate, avg -1.58%
Self-learning: breakout: 1 trades, 0% win rate, avg -8.61% (LOSING) | other: 13 trades, 23% win rate, avg -1.93% (LOSING) | technical: 5 trades, 20% win rate, avg -1.58% (LOSING)
Performance: Total return +0.34% | Max drawdown 0.94% | Daily Sharpe 1.72 | 19 closed trades | Win rate 21% | Avg winner +1.83% | Avg loser -3.26% | Open positions: 2 | Equity $99,209.09
Engine P&L: legacy/unknown: realized $-1,705.68 (19 closed, 21% wins), unrealized $-227.62 (2 open) | Books: legacy: realized $-1,705.68, unrealized $-227.62
Reports: daily realized $+0.00; worst symbols none | weekly realized $+0.00; worst symbols none
Shadow report: 13069 shadow candidate(s), 451 rejection group(s)
Timings: account: 0.0s | risk: 0.9s | decide: 8.5s | watchlist: 0.1s | perf: 0.2s

=== Run at 2026-09-03T14:30:35.959643 ===
Build fingerprint: 4f68550affe5
Current time: 2026-09-03 10:30 AM EDT | Market open (per Alpaca): True | Session: REGULAR
Account value: $99,190.60
Cash: $89,705.74 | Holdings (2): {'GEHC': '0.6136 sh (-6.77%)', 'MS': '43.8344 sh (-2.51%)'}
Sector exposure (cached): Financials 9.5%, Health Care 0.0%
Fill reconciliation: {'filled': 0, 'partial': 0, 'rejected': 1}
Open orders (1): MS sell 43.8344
Risk state: peak $99,703.60 | drawdown 0.51% | today +0.16% | halted: False
Market regime: NEUTRAL (position-size multiplier: 100% incl. circuit breaker 100%)
Overnight queue deferred 9 known-stale idea(s) for 30 minutes to preserve Gemini quota.
Morning verification: 3 overnight-queued trade(s) handed to Gemini for re-verification against fresh data.
News: fetched 157, 2 new after dedup, 0 ticker(s) matched.
Quant pre-screen: 25/60 candidates passed.
Technical fallback (Gemini throttled/unavailable) proposed 8 trade(s) meeting the conviction bar.
Technical fallback cap omitted 1 weaker idea(s) this run.
Gemini calls used today (all models combined): 179
  -> {"ticker": "HPQ", "status": "skipped", "reason": "market data unavailable for HPQ (bid/ask spread missing)", "shadow": false, "data_guard": true}
  -> {"ticker": "KDP", "status": "skipped", "reason": "market data unavailable for KDP (bid/ask spread missing)", "shadow": false, "data_guard": true}
  -> {"ticker": "IT", "status": "skipped", "reason": "liquidity filter: IT average volume 56,068 < 500,000", "shadow": false, "data_guard": true}
  -> {"ticker": "HAL", "status": "skipped", "reason": "market data unavailable for HAL (bid/ask spread missing)", "shadow": false, "data_guard": true}
  -> {"ticker": "JNJ", "status": "skipped", "reason": "liquidity filter: JNJ average volume 221,372 < 500,000", "shadow": false, "data_guard": true}
  -> {"ticker": "J", "status": "skipped", "reason": "entry alignment: price $147.09 is not above SMA-20 $147.59"}
  -> {"ticker": "IVZ", "status": "skipped", "reason": "entry alignment: price $32.17 is not above SMA-20 $32.23"}
  -> {"ticker": "MSFT", "status": "skipped", "reason": "market data unavailable for MSFT (bid/ask spread missing)", "shadow": false, "data_guard": true}
Overnight queue KEPT for next run (Gemini did not verify this round -- technical fallback or decision failure); 4 idea(s) remain subject to the retry cap.
Run budget reserve reached -- skipping dashboard watchlist sync.
Run budget reserve reached -- skipping performance snapshot.
Trade journal: all: 19 trades, 21% win rate, avg -2.19% | breakout: 1 trades, 0% win rate, avg -8.61% | other: 13 trades, 23% win rate, avg -1.93% | technical: 5 trades, 20% win rate, avg -1.58%
Self-learning: breakout: 1 trades, 0% win rate, avg -8.61% (LOSING) | other: 13 trades, 23% win rate, avg -1.93% (LOSING) | technical: 5 trades, 20% win rate, avg -1.58% (LOSING)
Performance: Total return +0.34% | Max drawdown 0.94% | Daily Sharpe 1.72 | 19 closed trades | Win rate 21% | Avg winner +1.83% | Avg loser -3.26% | Open positions: 2 | Equity $99,190.60
Engine P&L: legacy/unknown: realized $-1,705.68 (19 closed, 21% wins), unrealized $-246.13 (2 open) | Books: legacy: realized $-1,705.68, unrealized $-246.13
Reports: daily realized $+0.00; worst symbols none | weekly realized $+0.00; worst symbols none
Shadow report: 13075 shadow candidate(s), 445 rejection group(s)
Timings: account: 0.0s | risk: 0.8s | decide: 28.9s | watchlist: 0.0s | perf: 0.1s

=== Run at 2026-09-03T14:32:29.819033 ===
Build fingerprint: 4f68550affe5
Current time: 2026-09-03 10:32 AM EDT | Market open (per Alpaca): True | Session: REGULAR
Account value: $99,193.82
Cash: $89,705.74 | Holdings (2): {'GEHC': '0.6136 sh (-6.93%)', 'MS': '43.8344 sh (-2.48%)'}
Sector exposure (cached): Financials 9.5%, Health Care 0.0%
Fill reconciliation: {'filled': 0, 'partial': 0, 'rejected': 1}
Open orders (1): MS sell 43.8344
Risk state: peak $99,703.60 | drawdown 0.51% | today +0.16% | halted: False
Market regime: NEUTRAL (position-size multiplier: 100% incl. circuit breaker 100%)
Overnight queue deferred 9 known-stale idea(s) for 30 minutes to preserve Gemini quota.
Morning verification: 4 overnight-queued trade(s) handed to Gemini for re-verification against fresh data.
News: fetched 157, 1 new after dedup, 0 ticker(s) matched.
Quant pre-screen: 25/60 candidates passed.
Technical fallback (Gemini throttled/unavailable) proposed 8 trade(s) meeting the conviction bar.
Technical fallback cap omitted 1 weaker idea(s) this run.
Gemini calls used today (all models combined): 179
  -> {"ticker": "HPQ", "status": "skipped", "reason": "market data unavailable for HPQ (bid/ask spread missing)", "shadow": false, "data_guard": true}
  -> {"ticker": "KDP", "status": "skipped", "reason": "market data unavailable for KDP (bid/ask spread missing)", "shadow": false, "data_guard": true}
  -> {"ticker": "IT", "status": "skipped", "reason": "liquidity filter: IT average volume 56,068 < 500,000", "shadow": false, "data_guard": true}
  -> {"ticker": "HAL", "status": "skipped", "reason": "market data unavailable for HAL (bid/ask spread missing)", "shadow": false, "data_guard": true}
  -> {"ticker": "JNJ", "status": "skipped", "reason": "liquidity filter: JNJ average volume 221,419 < 500,000", "shadow": false, "data_guard": true}
  -> {"ticker": "J", "status": "skipped", "reason": "entry alignment: price $147.09 is not above SMA-20 $147.59"}
  -> {"ticker": "IVZ", "status": "skipped", "reason": "entry alignment: price $32.20 is not above SMA-20 $32.23"}
  -> {"ticker": "MSFT", "status": "skipped", "reason": "market data unavailable for MSFT (bid/ask spread missing)", "shadow": false, "data_guard": true}
Overnight queue KEPT for next run (Gemini did not verify this round -- technical fallback or decision failure); 4 idea(s) remain subject to the retry cap.
Run budget reserve reached -- skipping dashboard watchlist sync.
Run budget reserve reached -- skipping performance snapshot.
Trade journal: all: 19 trades, 21% win rate, avg -2.19% | breakout: 1 trades, 0% win rate, avg -8.61% | other: 13 trades, 23% win rate, avg -1.93% | technical: 5 trades, 20% win rate, avg -1.58%
Self-learning: breakout: 1 trades, 0% win rate, avg -8.61% (LOSING) | other: 13 trades, 23% win rate, avg -1.93% (LOSING) | technical: 5 trades, 20% win rate, avg -1.58% (LOSING)
Performance: Total return +0.34% | Max drawdown 0.94% | Daily Sharpe 1.72 | 19 closed trades | Win rate 21% | Avg winner +1.83% | Avg loser -3.26% | Open positions: 2 | Equity $99,193.82
Engine P&L: legacy/unknown: realized $-1,705.68 (19 closed, 21% wins), unrealized $-242.91 (2 open) | Books: legacy: realized $-1,705.68, unrealized $-242.91
Reports: daily realized $+0.00; worst symbols none | weekly realized $+0.00; worst symbols none
Shadow report: 13081 shadow candidate(s), 439 rejection group(s)
Timings: account: 0.0s | risk: 0.6s | decide: 25.5s | watchlist: 0.0s | perf: 0.1s

=== Run at 2026-09-03T14:36:27.510464 ===
Build fingerprint: 4f68550affe5
Current time: 2026-09-03 10:36 AM EDT | Market open (per Alpaca): True | Session: REGULAR
Account value: $99,224.59
Cash: $89,705.74 | Holdings (2): {'GEHC': '0.6136 sh (-7.22%)', 'MS': '43.8344 sh (-2.16%)'}
Sector exposure (cached): Financials 9.6%, Health Care 0.0%
Fill reconciliation: {'filled': 0, 'partial': 0, 'rejected': 1}
Open orders (1): MS sell 43.8344
Risk state: peak $99,703.60 | drawdown 0.48% | today +0.19% | halted: False
Market regime: NEUTRAL (position-size multiplier: 100% incl. circuit breaker 100%)
Overnight queue deferred 6 known-stale idea(s) for 30 minutes to preserve Gemini quota.
Morning verification: 7 overnight-queued trade(s) handed to Gemini for re-verification against fresh data.
News: fetched 157, 4 new after dedup, 1 ticker(s) matched.
Quant pre-screen: 12/20 candidates passed.
Gemini proposed 3 trade(s) meeting the conviction bar.
Gemini calls used today (all models combined): 180
  -> {"ticker": "MSFT", "status": "skipped", "reason": "market data unavailable for MSFT (bid/ask spread missing)", "shadow": false, "data_guard": true}
  -> {"ticker": "HOOD", "status": "skipped", "reason": "market data unavailable for HOOD (bid/ask spread missing)", "shadow": false, "data_guard": true}
  -> {"ticker": "AAPL", "status": "skipped", "reason": "market data unavailable for AAPL (bid/ask spread missing)", "shadow": false, "data_guard": true}
Overnight queue kept 12 idea(s) whose market data was stale; they will be retried after fresh quotes arrive.
Dashboard watchlist synced (5 symbols) for news/headlines.
Ending portfolio value: $99,228.36
Trade journal: all: 19 trades, 21% win rate, avg -2.19% | breakout: 1 trades, 0% win rate, avg -8.61% | other: 13 trades, 23% win rate, avg -1.93% | technical: 5 trades, 20% win rate, avg -1.58%
Self-learning: breakout: 1 trades, 0% win rate, avg -8.61% (LOSING) | other: 13 trades, 23% win rate, avg -1.93% (LOSING) | technical: 5 trades, 20% win rate, avg -1.58% (LOSING)
Performance: Total return +0.36% | Max drawdown 0.94% | Daily Sharpe 1.81 | 19 closed trades | Win rate 21% | Avg winner +1.83% | Avg loser -3.26% | Open positions: 2 | Equity $99,224.59
Engine P&L: legacy/unknown: realized $-1,705.68 (19 closed, 21% wins), unrealized $-208.37 (2 open) | Books: legacy: realized $-1,705.68, unrealized $-208.37
Reports: daily realized $+0.00; worst symbols none | weekly realized $+0.00; worst symbols none
Shadow report: 13084 shadow candidate(s), 437 rejection group(s)
Timings: account: 0.0s | risk: 0.5s | decide: 11.4s | watchlist: 0.1s | perf: 0.2s

=== Run at 2026-09-03T14:38:31.714618 ===
Build fingerprint: 4f68550affe5
Current time: 2026-09-03 10:38 AM EDT | Market open (per Alpaca): True | Session: REGULAR
Account value: $99,237.15
Cash: $89,705.74 | Holdings (2): {'GEHC': '0.6136 sh (-7.06%)', 'MS': '43.8344 sh (-2.03%)'}
Sector exposure (cached): Financials 9.6%, Health Care 0.0%
Fill reconciliation: {'filled': 0, 'partial': 0, 'rejected': 1}
Open orders (1): MS sell 43.8344
Risk state: peak $99,703.60 | drawdown 0.47% | today +0.21% | halted: False
Market regime: NEUTRAL (position-size multiplier: 100% incl. circuit breaker 100%)
Overnight queue deferred 8 known-stale idea(s) for 30 minutes to preserve Gemini quota.
Morning verification: 4 overnight-queued trade(s) handed to Gemini for re-verification against fresh data.
News: fetched 157, 1 new after dedup, 0 ticker(s) matched.
Quant pre-screen: 26/60 candidates passed.
Gemini proposed 2 trade(s) meeting the conviction bar.
Gemini calls used today (all models combined): 181
  -> {"ticker": "JNJ", "status": "skipped", "reason": "liquidity filter: JNJ average volume 221,559 < 500,000", "shadow": false, "data_guard": true}
  -> {"ticker": "HAL", "status": "skipped", "reason": "market data unavailable for HAL (bid/ask spread missing)", "shadow": false, "data_guard": true}
Overnight queue kept 12 idea(s) whose market data was stale; they will be retried after fresh quotes arrive.
Dashboard watchlist synced (4 symbols) for news/headlines.
Ending portfolio value: $99,239.34
Trade journal: all: 19 trades, 21% win rate, avg -2.19% | breakout: 1 trades, 0% win rate, avg -8.61% | other: 13 trades, 23% win rate, avg -1.93% | technical: 5 trades, 20% win rate, avg -1.58%
Self-learning: breakout: 1 trades, 0% win rate, avg -8.61% (LOSING) | other: 13 trades, 23% win rate, avg -1.93% (LOSING) | technical: 5 trades, 20% win rate, avg -1.58% (LOSING)
Performance: Total return +0.38% | Max drawdown 0.94% | Daily Sharpe 1.86 | 19 closed trades | Win rate 21% | Avg winner +1.83% | Avg loser -3.26% | Open positions: 2 | Equity $99,237.15
Engine P&L: legacy/unknown: realized $-1,705.68 (19 closed, 21% wins), unrealized $-197.39 (2 open) | Books: legacy: realized $-1,705.68, unrealized $-197.39
Reports: daily realized $+0.00; worst symbols none | weekly realized $+0.00; worst symbols none
Shadow report: 13086 shadow candidate(s), 435 rejection group(s)
Timings: account: 0.0s | risk: 0.9s | decide: 7.3s | watchlist: 0.2s | perf: 0.3s

=== Run at 2026-09-03T14:40:40.793869 ===
Build fingerprint: 4f68550affe5
Current time: 2026-09-03 10:40 AM EDT | Market open (per Alpaca): True | Session: REGULAR
Account value: $99,244.64
Cash: $89,705.74 | Holdings (2): {'GEHC': '0.6136 sh (-6.99%)', 'MS': '43.8344 sh (-1.95%)'}
Sector exposure (cached): Financials 9.6%, Health Care 0.0%
Fill reconciliation: {'filled': 0, 'partial': 0, 'rejected': 1}
Open orders (1): MS sell 43.8344
Risk state: peak $99,703.60 | drawdown 0.46% | today +0.21% | halted: False
Market regime: NEUTRAL (position-size multiplier: 100% incl. circuit breaker 100%)
Overnight queue deferred 8 known-stale idea(s) for 30 minutes to preserve Gemini quota.
Morning verification: 4 overnight-queued trade(s) handed to Gemini for re-verification against fresh data.
News: fetched 157, 2 new after dedup, 0 ticker(s) matched.
Quant pre-screen: 26/60 candidates passed.
Gemini proposed 3 trade(s) meeting the conviction bar.
Gemini calls used today (all models combined): 182
  -> {"ticker": "JNJ", "status": "skipped", "reason": "liquidity filter: JNJ average volume 221,576 < 500,000", "shadow": false, "data_guard": true}
  -> {"ticker": "MPC", "status": "skipped", "reason": "liquidity filter: MPC average volume 105,496 < 500,000", "shadow": false, "data_guard": true}
  -> {"ticker": "HAL", "status": "skipped", "reason": "market data unavailable for HAL (bid/ask spread missing)", "shadow": false, "data_guard": true}
Overnight queue kept 12 idea(s) whose market data was stale; they will be retried after fresh quotes arrive.
Dashboard watchlist synced (5 symbols) for news/headlines.
Ending portfolio value: $99,247.05
Trade journal: all: 19 trades, 21% win rate, avg -2.19% | breakout: 1 trades, 0% win rate, avg -8.61% | other: 13 trades, 23% win rate, avg -1.93% | technical: 5 trades, 20% win rate, avg -1.58%
Self-learning: breakout: 1 trades, 0% win rate, avg -8.61% (LOSING) | other: 13 trades, 23% win rate, avg -1.93% (LOSING) | technical: 5 trades, 20% win rate, avg -1.58% (LOSING)
Performance: Total return +0.38% | Max drawdown 0.94% | Daily Sharpe 1.90 | 19 closed trades | Win rate 21% | Avg winner +1.83% | Avg loser -3.26% | Open positions: 2 | Equity $99,244.64
Engine P&L: legacy/unknown: realized $-1,705.68 (19 closed, 21% wins), unrealized $-189.69 (2 open) | Books: legacy: realized $-1,705.68, unrealized $-189.69
Reports: daily realized $+0.00; worst symbols none | weekly realized $+0.00; worst symbols none
Shadow report: 13089 shadow candidate(s), 432 rejection group(s)
Timings: account: 0.0s | risk: 0.2s | decide: 4.6s | watchlist: 0.0s | perf: 0.2s

=== Run at 2026-09-03T14:42:34.305222 ===
Build fingerprint: 4f68550affe5
Current time: 2026-09-03 10:42 AM EDT | Market open (per Alpaca): True | Session: REGULAR
Account value: $99,239.15
Cash: $89,705.74 | Holdings (2): {'GEHC': '0.6136 sh (-7.01%)', 'MS': '43.8344 sh (-2.01%)'}
Sector exposure (cached): Financials 9.6%, Health Care 0.0%
Fill reconciliation: {'filled': 0, 'partial': 0, 'rejected': 1}
Open orders (1): MS sell 43.8344
Risk state: peak $99,703.60 | drawdown 0.47% | today +0.21% | halted: False
Market regime: NEUTRAL (position-size multiplier: 100% incl. circuit breaker 100%)
Overnight queue deferred 8 known-stale idea(s) for 30 minutes to preserve Gemini quota.
Morning verification: 4 overnight-queued trade(s) handed to Gemini for re-verification against fresh data.
News: fetched 157, 3 new after dedup, 5 ticker(s) matched.
Quant pre-screen: 28/63 candidates passed.
Technical fallback (Gemini throttled/unavailable) proposed 8 trade(s) meeting the conviction bar.
Technical fallback cap omitted 5 weaker idea(s) this run.
Gemini calls used today (all models combined): 182
  -> {"ticker": "NVDA", "status": "skipped", "reason": "market data unavailable for NVDA (bid/ask spread missing)", "shadow": false, "data_guard": true}
  -> {"ticker": "NOW", "status": "skipped", "reason": "market data unavailable for NOW (bid/ask spread missing)", "shadow": false, "data_guard": true}
  -> {"ticker": "KDP", "status": "skipped", "reason": "market data unavailable for KDP (bid/ask spread missing)", "shadow": false, "data_guard": true}
  -> {"ticker": "IT", "status": "skipped", "reason": "stale quote for IT (563.020198s old; limit 180s)", "shadow": false, "data_guard": true}
  -> {"ticker": "JNJ", "status": "skipped", "reason": "liquidity filter: JNJ average volume 221,599 < 500,000", "shadow": false, "data_guard": true}
  -> {"ticker": "MCK", "status": "skipped", "reason": "liquidity filter: MCK average volume 44,050 < 500,000", "shadow": false, "data_guard": true}
  -> {"ticker": "MPC", "status": "skipped", "reason": "liquidity filter: MPC average volume 105,514 < 500,000", "shadow": false, "data_guard": true}
  -> {"ticker": "J", "status": "skipped", "reason": "entry alignment: price $147.09 is not above SMA-20 $147.59"}
Overnight queue KEPT for next run (Gemini did not verify this round -- technical fallback or decision failure); 5 idea(s) remain subject to the retry cap.
Dashboard watchlist synced (13 symbols) for news/headlines.
Ending portfolio value: $99,239.15
Trade journal: all: 19 trades, 21% win rate, avg -2.19% | breakout: 1 trades, 0% win rate, avg -8.61% | other: 13 trades, 23% win rate, avg -1.93% | technical: 5 trades, 20% win rate, avg -1.58%
Self-learning: breakout: 1 trades, 0% win rate, avg -8.61% (LOSING) | other: 13 trades, 23% win rate, avg -1.93% (LOSING) | technical: 5 trades, 20% win rate, avg -1.58% (LOSING)
Performance: Total return +0.38% | Max drawdown 0.94% | Daily Sharpe 1.86 | 19 closed trades | Win rate 21% | Avg winner +1.83% | Avg loser -3.26% | Open positions: 2 | Equity $99,239.15
Engine P&L: legacy/unknown: realized $-1,705.68 (19 closed, 21% wins), unrealized $-197.58 (2 open) | Books: legacy: realized $-1,705.68, unrealized $-197.58
Reports: daily realized $+0.00; worst symbols none | weekly realized $+0.00; worst symbols none
Shadow report: 13096 shadow candidate(s), 428 rejection group(s)
Timings: account: 0.0s | risk: 0.1s | decide: 23.7s | watchlist: 0.0s | perf: 0.2s

=== Run at 2026-09-03T14:44:28.493163 ===
Build fingerprint: 4f68550affe5
Current time: 2026-09-03 10:44 AM EDT | Market open (per Alpaca): True | Session: REGULAR
Account value: $99,217.75
Cash: $89,705.74 | Holdings (2): {'GEHC': '0.6136 sh (-6.83%)', 'MS': '43.8344 sh (-2.23%)'}
Sector exposure (cached): Financials 9.5%, Health Care 0.0%
Fill reconciliation: {'filled': 0, 'partial': 0, 'rejected': 1}
Open orders (1): MS sell 43.8344
Risk state: peak $99,703.60 | drawdown 0.49% | today +0.19% | halted: False
Market regime: NEUTRAL (position-size multiplier: 100% incl. circuit breaker 100%)
Overnight queue deferred 8 known-stale idea(s) for 30 minutes to preserve Gemini quota.
Morning verification: 5 overnight-queued trade(s) handed to Gemini for re-verification against fresh data.
News: fetched 157, 4 new after dedup, 5 ticker(s) matched.
Quant pre-screen: 28/65 candidates passed.
Technical fallback (Gemini throttled/unavailable) proposed 8 trade(s) meeting the conviction bar.
Technical fallback cap omitted 5 weaker idea(s) this run.
Gemini calls used today (all models combined): 182
  -> {"ticker": "NVDA", "status": "skipped", "reason": "market data unavailable for NVDA (bid/ask spread missing)", "shadow": false, "data_guard": true}
  -> {"ticker": "NOW", "status": "skipped", "reason": "market data unavailable for NOW (bid/ask spread missing)", "shadow": false, "data_guard": true}
  -> {"ticker": "KDP", "status": "skipped", "reason": "market data unavailable for KDP (bid/ask spread missing)", "shadow": false, "data_guard": true}
  -> {"ticker": "IT", "status": "skipped", "reason": "entry alignment: price $189.65 is not above SMA-20 $190.28"}
  -> {"ticker": "JNJ", "status": "skipped", "reason": "liquidity filter: JNJ average volume 221,634 < 500,000", "shadow": false, "data_guard": true}
  -> {"ticker": "MCK", "status": "skipped", "reason": "liquidity filter: MCK average volume 44,050 < 500,000", "shadow": false, "data_guard": true}
  -> {"ticker": "MPC", "status": "skipped", "reason": "liquidity filter: MPC average volume 105,538 < 500,000", "shadow": false, "data_guard": true}
  -> {"ticker": "J", "status": "skipped", "reason": "entry alignment: price $147.09 is not above SMA-20 $147.59"}
Overnight queue KEPT for next run (Gemini did not verify this round -- technical fallback or decision failure); 5 idea(s) remain subject to the retry cap.
Run budget reserve reached -- skipping dashboard watchlist sync.
Run budget reserve reached -- skipping performance snapshot.
Trade journal: all: 19 trades, 21% win rate, avg -2.19% | breakout: 1 trades, 0% win rate, avg -8.61% | other: 13 trades, 23% win rate, avg -1.93% | technical: 5 trades, 20% win rate, avg -1.58%
Self-learning: breakout: 1 trades, 0% win rate, avg -8.61% (LOSING) | other: 13 trades, 23% win rate, avg -1.93% (LOSING) | technical: 5 trades, 20% win rate, avg -1.58% (LOSING)
Performance: Total return +0.38% | Max drawdown 0.94% | Daily Sharpe 1.86 | 19 closed trades | Win rate 21% | Avg winner +1.83% | Avg loser -3.26% | Open positions: 2 | Equity $99,217.75
Engine P&L: legacy/unknown: realized $-1,705.68 (19 closed, 21% wins), unrealized $-218.98 (2 open) | Books: legacy: realized $-1,705.68, unrealized $-218.98
Reports: daily realized $+0.00; worst symbols none | weekly realized $+0.00; worst symbols none
Shadow report: 13102 shadow candidate(s), 422 rejection group(s)
Timings: account: 0.0s | risk: 1.1s | decide: 25.9s | watchlist: 0.0s | perf: 0.1s

=== Run at 2026-09-03T14:46:25.898553 ===
Build fingerprint: 4f68550affe5
Current time: 2026-09-03 10:46 AM EDT | Market open (per Alpaca): True | Session: REGULAR
Account value: $99,209.08
Cash: $89,705.74 | Holdings (2): {'GEHC': '0.6136 sh (-6.63%)', 'MS': '43.8344 sh (-2.32%)'}
Sector exposure (cached): Financials 9.5%, Health Care 0.0%
Fill reconciliation: {'filled': 0, 'partial': 0, 'rejected': 1}
Open orders (1): MS sell 43.8344
Risk state: peak $99,703.60 | drawdown 0.50% | today +0.18% | halted: False
Market regime: NEUTRAL (position-size multiplier: 100% incl. circuit breaker 100%)
Overnight queue deferred 8 known-stale idea(s) for 30 minutes to preserve Gemini quota.
Morning verification: 5 overnight-queued trade(s) handed to Gemini for re-verification against fresh data.
News: fetched 157, 0 new after dedup, 0 ticker(s) matched.
Quant pre-screen: 26/60 candidates passed.
Gemini proposed 2 trade(s) meeting the conviction bar.
Gemini calls used today (all models combined): 183
  -> {"ticker": "JNJ", "status": "skipped", "reason": "liquidity filter: JNJ average volume 221,764 < 500,000", "shadow": false, "data_guard": true}
  -> {"ticker": "KDP", "status": "skipped", "reason": "market data unavailable for KDP (bid/ask spread missing)", "shadow": false, "data_guard": true}
Overnight queue kept 12 idea(s) whose market data was stale; they will be retried after fresh quotes arrive.
Dashboard watchlist synced (4 symbols) for news/headlines.
Ending portfolio value: $99,209.08
Trade journal: all: 19 trades, 21% win rate, avg -2.19% | breakout: 1 trades, 0% win rate, avg -8.61% | other: 13 trades, 23% win rate, avg -1.93% | technical: 5 trades, 20% win rate, avg -1.58%
Self-learning: breakout: 1 trades, 0% win rate, avg -8.61% (LOSING) | other: 13 trades, 23% win rate, avg -1.93% (LOSING) | technical: 5 trades, 20% win rate, avg -1.58% (LOSING)
Performance: Total return +0.34% | Max drawdown 0.94% | Daily Sharpe 1.72 | 19 closed trades | Win rate 21% | Avg winner +1.83% | Avg loser -3.26% | Open positions: 2 | Equity $99,209.08
Engine P&L: legacy/unknown: realized $-1,705.68 (19 closed, 21% wins), unrealized $-227.66 (2 open) | Books: legacy: realized $-1,705.68, unrealized $-227.66
Reports: daily realized $+0.00; worst symbols none | weekly realized $+0.00; worst symbols none
Shadow report: 13104 shadow candidate(s), 420 rejection group(s)
Timings: account: 0.0s | risk: 0.2s | decide: 3.9s | watchlist: 0.0s | perf: 0.1s

=== Run at 2026-09-03T14:48:26.143381 ===
Build fingerprint: 4f68550affe5
Current time: 2026-09-03 10:48 AM EDT | Market open (per Alpaca): True | Session: REGULAR
Account value: $99,234.36
Cash: $89,705.74 | Holdings (2): {'GEHC': '0.6136 sh (-6.44%)', 'MS': '43.8344 sh (-2.06%)'}
Sector exposure (cached): Financials 9.6%, Health Care 0.0%
Fill reconciliation: {'filled': 0, 'partial': 0, 'rejected': 1}
Open orders (1): MS sell 43.8344
Risk state: peak $99,703.60 | drawdown 0.47% | today +0.20% | halted: False
Market regime: NEUTRAL (position-size multiplier: 100% incl. circuit breaker 100%)
Overnight queue deferred 6 known-stale idea(s) for 30 minutes to preserve Gemini quota.
Morning verification: 6 overnight-queued trade(s) handed to Gemini for re-verification against fresh data.
News: fetched 157, 1 new after dedup, 1 ticker(s) matched.
Quant pre-screen: 18/31 candidates passed.
Technical fallback (Gemini throttled/unavailable) proposed 8 trade(s) meeting the conviction bar.
Technical fallback cap omitted 3 weaker idea(s) this run.
Gemini calls used today (all models combined): 183
  -> {"ticker": "NVDA", "status": "skipped", "reason": "market data unavailable for NVDA (bid/ask spread missing)", "shadow": false, "data_guard": true}
  -> {"ticker": "MRNA", "status": "skipped", "reason": "market data unavailable for MRNA (bid/ask spread missing)", "shadow": false, "data_guard": true}
  -> {"ticker": "NOW", "status": "skipped", "reason": "market data unavailable for NOW (bid/ask spread missing)", "shadow": false, "data_guard": true}
  -> {"ticker": "MOS", "status": "skipped", "reason": "liquidity filter: MOS average volume 478,095 < 500,000", "shadow": false, "data_guard": true}
  -> {"ticker": "NUE", "status": "skipped", "reason": "liquidity filter: NUE average volume 67,721 < 500,000", "shadow": false, "data_guard": true}
  -> {"ticker": "MPC", "status": "skipped", "reason": "liquidity filter: MPC average volume 105,550 < 500,000", "shadow": false, "data_guard": true}
  -> {"ticker": "NDAQ", "status": "skipped", "reason": "entry alignment: price $97.19 is not above SMA-20 $97.27"}
  -> {"ticker": "NFLX", "status": "skipped", "reason": "market data unavailable for NFLX (bid/ask spread missing)", "shadow": false, "data_guard": true}
Overnight queue KEPT for next run (Gemini did not verify this round -- technical fallback or decision failure); 7 idea(s) remain subject to the retry cap.
Dashboard watchlist synced (10 symbols) for news/headlines.
Ending portfolio value: $99,229.98
Trade journal: all: 19 trades, 21% win rate, avg -2.19% | breakout: 1 trades, 0% win rate, avg -8.61% | other: 13 trades, 23% win rate, avg -1.93% | technical: 5 trades, 20% win rate, avg -1.58%
Self-learning: breakout: 1 trades, 0% win rate, avg -8.61% (LOSING) | other: 13 trades, 23% win rate, avg -1.93% (LOSING) | technical: 5 trades, 20% win rate, avg -1.58% (LOSING)
Performance: Total return +0.37% | Max drawdown 0.94% | Daily Sharpe 1.82 | 19 closed trades | Win rate 21% | Avg winner +1.83% | Avg loser -3.26% | Open positions: 2 | Equity $99,234.36
Engine P&L: legacy/unknown: realized $-1,705.68 (19 closed, 21% wins), unrealized $-206.75 (2 open) | Books: legacy: realized $-1,705.68, unrealized $-206.75
Reports: daily realized $+0.00; worst symbols none | weekly realized $+0.00; worst symbols none
Shadow report: 13111 shadow candidate(s), 415 rejection group(s)
Timings: account: 0.0s | risk: 0.2s | decide: 24.5s | watchlist: 0.0s | perf: 0.2s

=== Run at 2026-09-03T14:50:35.335054 ===
Build fingerprint: 4f68550affe5
Current time: 2026-09-03 10:50 AM EDT | Market open (per Alpaca): True | Session: REGULAR
Account value: $99,214.90
Cash: $89,705.74 | Holdings (2): {'GEHC': '0.6136 sh (-6.35%)', 'MS': '43.8344 sh (-2.26%)'}
Sector exposure (cached): Financials 9.5%, Health Care 0.0%
Fill reconciliation: {'filled': 0, 'partial': 0, 'rejected': 1}
Open orders (1): MS sell 43.8344
Risk state: peak $99,703.60 | drawdown 0.49% | today +0.18% | halted: False
Market regime: NEUTRAL (position-size multiplier: 100% incl. circuit breaker 100%)
Overnight queue expired 2 stale/over-retried idea(s); fresh analysis will replace them.
Overnight queue deferred 5 known-stale idea(s) for 30 minutes to preserve Gemini quota.
Morning verification: 6 overnight-queued trade(s) handed to Gemini for re-verification against fresh data.
News: fetched 157, 4 new after dedup, 0 ticker(s) matched.
Quant pre-screen: 26/60 candidates passed.
Gemini proposed 2 trade(s) meeting the conviction bar.
Gemini calls used today (all models combined): 184
  -> {"ticker": "HPQ", "status": "skipped", "reason": "market data unavailable for HPQ (bid/ask spread missing)", "shadow": false, "data_guard": true}
  -> {"ticker": "JNJ", "status": "skipped", "reason": "stale quote for JNJ (189.186125s old; limit 180s)", "shadow": false, "data_guard": true}
Overnight queue kept 11 idea(s) whose market data was stale; they will be retried after fresh quotes arrive.
Dashboard watchlist synced (4 symbols) for news/headlines.
Ending portfolio value: $99,223.01
Trade journal: all: 19 trades, 21% win rate, avg -2.19% | breakout: 1 trades, 0% win rate, avg -8.61% | other: 13 trades, 23% win rate, avg -1.93% | technical: 5 trades, 20% win rate, avg -1.58%
Self-learning: breakout: 1 trades, 0% win rate, avg -8.61% (LOSING) | other: 13 trades, 23% win rate, avg -1.93% (LOSING) | technical: 5 trades, 20% win rate, avg -1.58% (LOSING)
Performance: Total return +0.36% | Max drawdown 0.94% | Daily Sharpe 1.79 | 19 closed trades | Win rate 21% | Avg winner +1.83% | Avg loser -3.26% | Open positions: 2 | Equity $99,214.90
Engine P&L: legacy/unknown: realized $-1,705.68 (19 closed, 21% wins), unrealized $-213.73 (2 open) | Books: legacy: realized $-1,705.68, unrealized $-213.73
Reports: daily realized $+0.00; worst symbols none | weekly realized $+0.00; worst symbols none
Shadow report: 13113 shadow candidate(s), 414 rejection group(s)
Timings: account: 0.0s | risk: 0.5s | decide: 16.2s | watchlist: 0.1s | perf: 0.2s

=== Run at 2026-09-03T14:53:10.695940 ===
Build fingerprint: 4f68550affe5
Current time: 2026-09-03 10:53 AM EDT | Market open (per Alpaca): True | Session: REGULAR
Account value: $99,237.23
Cash: $89,705.74 | Holdings (2): {'GEHC': '0.6136 sh (-6.41%)', 'MS': '43.8344 sh (-2.03%)'}
Sector exposure (cached): Financials 9.6%, Health Care 0.0%
Fill reconciliation: {'filled': 0, 'partial': 0, 'rejected': 1}
Open orders (1): MS sell 43.8344
Risk state: peak $99,703.60 | drawdown 0.47% | today +0.21% | halted: False
Market regime: NEUTRAL (position-size multiplier: 100% incl. circuit breaker 100%)
Overnight queue deferred 7 known-stale idea(s) for 30 minutes to preserve Gemini quota.
Morning verification: 4 overnight-queued trade(s) handed to Gemini for re-verification against fresh data.
News: fetched 157, 0 new after dedup, 0 ticker(s) matched.
Quant pre-screen: 26/60 candidates passed.
Gemini proposed 3 trade(s) meeting the conviction bar.
Gemini calls used today (all models combined): 185
  -> {"ticker": "HAL", "status": "skipped", "reason": "market data unavailable for HAL (bid/ask spread missing)", "shadow": false, "data_guard": true}
  -> {"ticker": "HPQ", "status": "skipped", "reason": "market data unavailable for HPQ (bid/ask spread missing)", "shadow": false, "data_guard": true}
  -> {"ticker": "IT", "status": "skipped", "reason": "entry alignment: price $189.65 is not above SMA-20 $190.18"}
Overnight queue kept 11 idea(s) whose market data was stale; they will be retried after fresh quotes arrive.
Dashboard watchlist synced (5 symbols) for news/headlines.
Ending portfolio value: $99,242.42
Trade journal: all: 19 trades, 21% win rate, avg -2.19% | breakout: 1 trades, 0% win rate, avg -8.61% | other: 13 trades, 23% win rate, avg -1.93% | technical: 5 trades, 20% win rate, avg -1.58%
Self-learning: breakout: 1 trades, 0% win rate, avg -8.61% (LOSING) | other: 13 trades, 23% win rate, avg -1.93% (LOSING) | technical: 5 trades, 20% win rate, avg -1.58% (LOSING)
Performance: Total return +0.38% | Max drawdown 0.94% | Daily Sharpe 1.88 | 19 closed trades | Win rate 21% | Avg winner +1.83% | Avg loser -3.26% | Open positions: 2 | Equity $99,237.23
Engine P&L: legacy/unknown: realized $-1,705.68 (19 closed, 21% wins), unrealized $-194.31 (2 open) | Books: legacy: realized $-1,705.68, unrealized $-194.31
Reports: daily realized $+0.00; worst symbols none | weekly realized $+0.00; worst symbols none
Shadow report: 13115 shadow candidate(s), 412 rejection group(s)
Timings: account: 0.0s | risk: 1.0s | decide: 12.5s | watchlist: 0.1s | perf: 0.3s

=== Run at 2026-09-03T14:54:29.863475 ===
Build fingerprint: 4f68550affe5
Current time: 2026-09-03 10:54 AM EDT | Market open (per Alpaca): True | Session: REGULAR
Account value: $99,241.16
Cash: $89,705.74 | Holdings (2): {'GEHC': '0.6136 sh (-6.44%)', 'MS': '43.8344 sh (-1.99%)'}
Sector exposure (cached): Financials 9.6%, Health Care 0.0%
Fill reconciliation: {'filled': 0, 'partial': 0, 'rejected': 1}
Open orders (1): MS sell 43.8344
Risk state: peak $99,703.60 | drawdown 0.46% | today +0.21% | halted: False
Market regime: NEUTRAL (position-size multiplier: 100% incl. circuit breaker 100%)
Overnight queue deferred 7 known-stale idea(s) for 30 minutes to preserve Gemini quota.
Morning verification: 4 overnight-queued trade(s) handed to Gemini for re-verification against fresh data.
News: fetched 157, 3 new after dedup, 0 ticker(s) matched.
Quant pre-screen: 26/60 candidates passed.
Gemini proposed 0 trade(s) meeting the conviction bar.
Gemini calls used today (all models combined): 186
Overnight queue cleared after verification.
Overnight queue retained 7 deferred stale idea(s).
Dashboard watchlist synced (2 symbols) for news/headlines.
Ending portfolio value: $99,241.16
Trade journal: all: 19 trades, 21% win rate, avg -2.19% | breakout: 1 trades, 0% win rate, avg -8.61% | other: 13 trades, 23% win rate, avg -1.93% | technical: 5 trades, 20% win rate, avg -1.58%
Self-learning: breakout: 1 trades, 0% win rate, avg -8.61% (LOSING) | other: 13 trades, 23% win rate, avg -1.93% (LOSING) | technical: 5 trades, 20% win rate, avg -1.58% (LOSING)
Performance: Total return +0.38% | Max drawdown 0.94% | Daily Sharpe 1.87 | 19 closed trades | Win rate 21% | Avg winner +1.83% | Avg loser -3.26% | Open positions: 2 | Equity $99,241.16
Engine P&L: legacy/unknown: realized $-1,705.68 (19 closed, 21% wins), unrealized $-195.57 (2 open) | Books: legacy: realized $-1,705.68, unrealized $-195.57
Reports: daily realized $+0.00; worst symbols none | weekly realized $+0.00; worst symbols none
Shadow report: 13115 shadow candidate(s), 412 rejection group(s)
Timings: account: 0.0s | risk: 0.2s | decide: 3.7s | watchlist: 0.0s | perf: 0.1s

=== Run at 2026-09-03T14:56:35.733335 ===
Build fingerprint: 4f68550affe5
Current time: 2026-09-03 10:56 AM EDT | Market open (per Alpaca): True | Session: REGULAR
Account value: $99,234.40
Cash: $89,705.74 | Holdings (2): {'GEHC': '0.6136 sh (-6.36%)', 'MS': '43.8344 sh (-2.06%)'}
Sector exposure (cached): Financials 9.6%, Health Care 0.0%
Fill reconciliation: {'filled': 0, 'partial': 0, 'rejected': 1}
Open orders (1): MS sell 43.8344
Risk state: peak $99,703.60 | drawdown 0.47% | today +0.20% | halted: False
Market regime: NEUTRAL (position-size multiplier: 100% incl. circuit breaker 100%)
Overnight queue deferred 7 known-stale idea(s) for 30 minutes to preserve Gemini quota.
News: fetched 157, 2 new after dedup, 0 ticker(s) matched.
Quant pre-screen: 26/60 candidates passed.
Gemini proposed 0 trade(s) meeting the conviction bar.
Gemini calls used today (all models combined): 187
Overnight queue cleared after verification.
Overnight queue retained 7 deferred stale idea(s).
Dashboard watchlist synced (2 symbols) for news/headlines.
Ending portfolio value: $99,233.09
Trade journal: all: 19 trades, 21% win rate, avg -2.19% | breakout: 1 trades, 0% win rate, avg -8.61% | other: 13 trades, 23% win rate, avg -1.93% | technical: 5 trades, 20% win rate, avg -1.58%
Self-learning: breakout: 1 trades, 0% win rate, avg -8.61% (LOSING) | other: 13 trades, 23% win rate, avg -1.93% (LOSING) | technical: 5 trades, 20% win rate, avg -1.58% (LOSING)
Performance: Total return +0.37% | Max drawdown 0.94% | Daily Sharpe 1.83 | 19 closed trades | Win rate 21% | Avg winner +1.83% | Avg loser -3.26% | Open positions: 2 | Equity $99,234.40
Engine P&L: legacy/unknown: realized $-1,705.68 (19 closed, 21% wins), unrealized $-203.64 (2 open) | Books: legacy: realized $-1,705.68, unrealized $-203.64
Reports: daily realized $+0.00; worst symbols none | weekly realized $+0.00; worst symbols none
Shadow report: 13115 shadow candidate(s), 412 rejection group(s)
Timings: account: 0.0s | risk: 1.0s | decide: 6.4s | watchlist: 0.1s | perf: 0.3s

=== Run at 2026-09-03T14:58:33.393359 ===
Build fingerprint: 4f68550affe5
Current time: 2026-09-03 10:58 AM EDT | Market open (per Alpaca): True | Session: REGULAR
Account value: $99,240.78
Cash: $89,705.74 | Holdings (2): {'GEHC': '0.6136 sh (-6.30%)', 'MS': '43.8344 sh (-1.99%)'}
Sector exposure (cached): Financials 9.6%, Health Care 0.0%
Fill reconciliation: {'filled': 0, 'partial': 0, 'rejected': 1}
Open orders (1): MS sell 43.8344
Risk state: peak $99,703.60 | drawdown 0.46% | today +0.21% | halted: False
Market regime: NEUTRAL (position-size multiplier: 100% incl. circuit breaker 100%)
Overnight queue deferred 7 known-stale idea(s) for 30 minutes to preserve Gemini quota.
News: fetched 157, 1 new after dedup, 0 ticker(s) matched.
Quant pre-screen: 26/60 candidates passed.
Technical fallback (Gemini throttled/unavailable) proposed 8 trade(s) meeting the conviction bar.
Technical fallback cap omitted 1 weaker idea(s) this run.
Gemini calls used today (all models combined): 187
  -> {"ticker": "HPQ", "status": "skipped", "reason": "market data unavailable for HPQ (bid/ask spread missing)", "shadow": false, "data_guard": true}
  -> {"ticker": "KDP", "status": "skipped", "reason": "market data unavailable for KDP (bid/ask spread missing)", "shadow": false, "data_guard": true}
  -> {"ticker": "IT", "status": "skipped", "reason": "entry alignment: price $189.65 is not above SMA-20 $190.18"}
  -> {"ticker": "HAL", "status": "skipped", "reason": "market data unavailable for HAL (bid/ask spread missing)", "shadow": false, "data_guard": true}
  -> {"ticker": "JNJ", "status": "skipped", "reason": "liquidity filter: JNJ average volume 221,884 < 500,000", "shadow": false, "data_guard": true}
  -> {"ticker": "MPC", "status": "skipped", "reason": "liquidity filter: MPC average volume 105,622 < 500,000", "shadow": false, "data_guard": true}
  -> {"ticker": "J", "status": "skipped", "reason": "entry alignment: price $146.62 is not above SMA-20 $147.57"}
  -> {"ticker": "IVZ", "status": "skipped", "reason": "liquidity filter: IVZ average volume 232,587 < 500,000", "shadow": false, "data_guard": true}
Overnight queue KEPT for next run (Gemini did not verify this round -- technical fallback or decision failure); 3 idea(s) remain subject to the retry cap.
Run budget reserve reached -- skipping dashboard watchlist sync.
Run budget reserve reached -- skipping performance snapshot.
Trade journal: all: 19 trades, 21% win rate, avg -2.19% | breakout: 1 trades, 0% win rate, avg -8.61% | other: 13 trades, 23% win rate, avg -1.93% | technical: 5 trades, 20% win rate, avg -1.58%
Self-learning: breakout: 1 trades, 0% win rate, avg -8.61% (LOSING) | other: 13 trades, 23% win rate, avg -1.93% (LOSING) | technical: 5 trades, 20% win rate, avg -1.58% (LOSING)
Performance: Total return +0.37% | Max drawdown 0.94% | Daily Sharpe 1.83 | 19 closed trades | Win rate 21% | Avg winner +1.83% | Avg loser -3.26% | Open positions: 2 | Equity $99,240.78
Engine P&L: legacy/unknown: realized $-1,705.68 (19 closed, 21% wins), unrealized $-195.95 (2 open) | Books: legacy: realized $-1,705.68, unrealized $-195.95
Reports: daily realized $+0.00; worst symbols none | weekly realized $+0.00; worst symbols none
Shadow report: 13121 shadow candidate(s), 406 rejection group(s)
Timings: account: 0.0s | risk: 0.8s | decide: 26.0s | watchlist: 0.0s | perf: 0.1s

=== Run at 2026-09-03T15:01:16.982351 ===
Build fingerprint: 4f68550affe5
Current time: 2026-09-03 11:01 AM EDT | Market open (per Alpaca): True | Session: REGULAR
Account value: $99,239.63
Cash: $89,705.74 | Holdings (2): {'GEHC': '0.6136 sh (-6.44%)', 'MS': '43.8344 sh (-2.00%)'}
Sector exposure (cached): Financials 9.6%, Health Care 0.0%
Fill reconciliation: {'filled': 0, 'partial': 0, 'rejected': 1}
Open orders (1): MS sell 43.8344
Risk state: peak $99,703.60 | drawdown 0.47% | today +0.21% | halted: False
Market regime: NEUTRAL (position-size multiplier: 100% incl. circuit breaker 100%)
Overnight queue deferred 6 known-stale idea(s) for 30 minutes to preserve Gemini quota.
Morning verification: 4 overnight-queued trade(s) handed to Gemini for re-verification against fresh data.
News: fetched 157, 1 new after dedup, 0 ticker(s) matched.
Quant pre-screen: 0/0 candidates passed.
Technical fallback (Gemini throttled/unavailable) proposed 0 trade(s) meeting the conviction bar.
Gemini calls used today (all models combined): 187
Overnight queue KEPT for next run (Gemini did not verify this round -- technical fallback or decision failure); 4 idea(s) remain subject to the retry cap.
Run budget reserve reached -- skipping dashboard watchlist sync.
Run budget reserve reached -- skipping performance snapshot.
Trade journal: all: 19 trades, 21% win rate, avg -2.19% | breakout: 1 trades, 0% win rate, avg -8.61% | other: 13 trades, 23% win rate, avg -1.93% | technical: 5 trades, 20% win rate, avg -1.58%
Self-learning: breakout: 1 trades, 0% win rate, avg -8.61% (LOSING) | other: 13 trades, 23% win rate, avg -1.93% (LOSING) | technical: 5 trades, 20% win rate, avg -1.58% (LOSING)
Performance: Total return +0.37% | Max drawdown 0.94% | Daily Sharpe 1.83 | 19 closed trades | Win rate 21% | Avg winner +1.83% | Avg loser -3.26% | Open positions: 2 | Equity $99,239.63
Engine P&L: legacy/unknown: realized $-1,705.68 (19 closed, 21% wins), unrealized $-197.11 (2 open) | Books: legacy: realized $-1,705.68, unrealized $-197.11
Reports: daily realized $+0.00; worst symbols none | weekly realized $+0.00; worst symbols none
Shadow report: 13121 shadow candidate(s), 406 rejection group(s)
Timings: account: 0.0s | risk: 1.1s | decide: 23.4s | watchlist: 0.0s | perf: 0.1s

=== Run at 2026-09-03T15:02:31.857349 ===
Build fingerprint: 4f68550affe5
Current time: 2026-09-03 11:02 AM EDT | Market open (per Alpaca): True | Session: REGULAR
Account value: $99,240.11
Cash: $89,705.74 | Holdings (2): {'GEHC': '0.6136 sh (-6.33%)', 'MS': '43.8344 sh (-2.00%)'}
Sector exposure (cached): Financials 9.6%, Health Care 0.0%
Fill reconciliation: {'filled': 0, 'partial': 0, 'rejected': 1}
Open orders (1): MS sell 43.8344
Risk state: peak $99,703.60 | drawdown 0.46% | today +0.21% | halted: False
Market regime: NEUTRAL (position-size multiplier: 100% incl. circuit breaker 100%)
Overnight queue deferred 6 known-stale idea(s) for 30 minutes to preserve Gemini quota.
Morning verification: 4 overnight-queued trade(s) handed to Gemini for re-verification against fresh data.
News: fetched 157, 5 new after dedup, 0 ticker(s) matched.
Quant pre-screen: 0/0 candidates passed.
Gemini proposed 0 trade(s) meeting the conviction bar.
Gemini calls used today (all models combined): 188
Overnight queue cleared after verification.
Overnight queue retained 6 deferred stale idea(s).
Dashboard watchlist synced (2 symbols) for news/headlines.
Ending portfolio value: $99,239.67
Trade journal: all: 19 trades, 21% win rate, avg -2.19% | breakout: 1 trades, 0% win rate, avg -8.61% | other: 13 trades, 23% win rate, avg -1.93% | technical: 5 trades, 20% win rate, avg -1.58%
Self-learning: breakout: 1 trades, 0% win rate, avg -8.61% (LOSING) | other: 13 trades, 23% win rate, avg -1.93% (LOSING) | technical: 5 trades, 20% win rate, avg -1.58% (LOSING)
Performance: Total return +0.38% | Max drawdown 0.94% | Daily Sharpe 1.87 | 19 closed trades | Win rate 21% | Avg winner +1.83% | Avg loser -3.26% | Open positions: 2 | Equity $99,240.11
Engine P&L: legacy/unknown: realized $-1,705.68 (19 closed, 21% wins), unrealized $-197.06 (2 open) | Books: legacy: realized $-1,705.68, unrealized $-197.06
Reports: daily realized $+0.00; worst symbols none | weekly realized $+0.00; worst symbols none
Shadow report: 13121 shadow candidate(s), 406 rejection group(s)
Timings: account: 0.0s | risk: 0.6s | decide: 18.9s | watchlist: 0.1s | perf: 0.2s

=== Run at 2026-09-03T15:04:31.281796 ===
Build fingerprint: 4f68550affe5
Current time: 2026-09-03 11:04 AM EDT | Market open (per Alpaca): True | Session: REGULAR
Account value: $99,231.08
Cash: $89,705.74 | Holdings (2): {'GEHC': '0.6136 sh (-6.44%)', 'MS': '43.8344 sh (-2.09%)'}
Sector exposure (cached): Financials 9.6%, Health Care 0.0%
Fill reconciliation: {'filled': 0, 'partial': 0, 'rejected': 1}
Open orders (1): MS sell 43.8344
Risk state: peak $99,703.60 | drawdown 0.47% | today +0.20% | halted: False
Market regime: NEUTRAL (position-size multiplier: 100% incl. circuit breaker 100%)
Overnight queue deferred 6 known-stale idea(s) for 30 minutes to preserve Gemini quota.
News: fetched 157, 0 new after dedup, 0 ticker(s) matched.
Quant pre-screen: 5/12 candidates passed.
Gemini proposed 2 trade(s) meeting the conviction bar.
Gemini calls used today (all models combined): 189
  -> {"ticker": "HOOD", "status": "skipped", "reason": "market data unavailable for HOOD (bid/ask spread missing)", "shadow": false, "data_guard": true}
  -> {"ticker": "MPC", "status": "skipped", "reason": "liquidity filter: MPC average volume 105,656 < 500,000", "shadow": false, "data_guard": true}
Overnight queue kept 6 idea(s) whose market data was stale; they will be retried after fresh quotes arrive.
Dashboard watchlist synced (4 symbols) for news/headlines.
Ending portfolio value: $99,236.57
Trade journal: all: 19 trades, 21% win rate, avg -2.19% | breakout: 1 trades, 0% win rate, avg -8.61% | other: 13 trades, 23% win rate, avg -1.93% | technical: 5 trades, 20% win rate, avg -1.58%
Self-learning: breakout: 1 trades, 0% win rate, avg -8.61% (LOSING) | other: 13 trades, 23% win rate, avg -1.93% (LOSING) | technical: 5 trades, 20% win rate, avg -1.58% (LOSING)
Performance: Total return +0.37% | Max drawdown 0.94% | Daily Sharpe 1.85 | 19 closed trades | Win rate 21% | Avg winner +1.83% | Avg loser -3.26% | Open positions: 2 | Equity $99,231.08
Engine P&L: legacy/unknown: realized $-1,705.68 (19 closed, 21% wins), unrealized $-200.16 (2 open) | Books: legacy: realized $-1,705.68, unrealized $-200.16
Reports: daily realized $+0.00; worst symbols none | weekly realized $+0.00; worst symbols none
Shadow report: 13123 shadow candidate(s), 404 rejection group(s)
Timings: account: 0.0s | risk: 0.8s | decide: 22.6s | watchlist: 0.1s | perf: 0.2s

=== Run at 2026-09-03T15:06:30.393743 ===
Build fingerprint: 4f68550affe5
Current time: 2026-09-03 11:06 AM EDT | Market open (per Alpaca): True | Session: REGULAR
Account value: $99,238.77
Cash: $89,705.74 | Holdings (2): {'GEHC': '0.6136 sh (-6.40%)', 'MS': '43.8344 sh (-2.01%)'}
Sector exposure (cached): Financials 9.6%, Health Care 0.0%
Fill reconciliation: {'filled': 0, 'partial': 0, 'rejected': 1}
Open orders (1): MS sell 43.8344
Risk state: peak $99,703.60 | drawdown 0.47% | today +0.21% | halted: False
Market regime: NEUTRAL (position-size multiplier: 100% incl. circuit breaker 100%)
Overnight queue deferred 6 known-stale idea(s) for 30 minutes to preserve Gemini quota.
News: fetched 157, 1 new after dedup, 0 ticker(s) matched.
Quant pre-screen: 5/12 candidates passed.
Gemini proposed 2 trade(s) meeting the conviction bar.
Gemini calls used today (all models combined): 190
  -> {"ticker": "HOOD", "status": "skipped", "reason": "market data unavailable for HOOD (bid/ask spread missing)", "shadow": false, "data_guard": true}
  -> {"ticker": "MPC", "status": "skipped", "reason": "stale quote for MPC (191.725359s old; limit 180s)", "shadow": false, "data_guard": true}
Overnight queue kept 7 idea(s) whose market data was stale; they will be retried after fresh quotes arrive.
Dashboard watchlist synced (4 symbols) for news/headlines.
Ending portfolio value: $99,236.57
Trade journal: all: 19 trades, 21% win rate, avg -2.19% | breakout: 1 trades, 0% win rate, avg -8.61% | other: 13 trades, 23% win rate, avg -1.93% | technical: 5 trades, 20% win rate, avg -1.58%
Self-learning: breakout: 1 trades, 0% win rate, avg -8.61% (LOSING) | other: 13 trades, 23% win rate, avg -1.93% (LOSING) | technical: 5 trades, 20% win rate, avg -1.58% (LOSING)
Performance: Total return +0.37% | Max drawdown 0.94% | Daily Sharpe 1.85 | 19 closed trades | Win rate 21% | Avg winner +1.83% | Avg loser -3.26% | Open positions: 2 | Equity $99,238.77
Engine P&L: legacy/unknown: realized $-1,705.68 (19 closed, 21% wins), unrealized $-200.16 (2 open) | Books: legacy: realized $-1,705.68, unrealized $-200.16
Reports: daily realized $+0.00; worst symbols none | weekly realized $+0.00; worst symbols none
Shadow report: 13125 shadow candidate(s), 403 rejection group(s)
Timings: account: 0.0s | risk: 0.9s | decide: 15.4s | watchlist: 0.1s | perf: 0.3s

=== Run at 2026-09-03T15:08:26.251781 ===
Build fingerprint: 4f68550affe5
Current time: 2026-09-03 11:08 AM EDT | Market open (per Alpaca): True | Session: REGULAR
Account value: $99,236.57
Cash: $89,705.74 | Holdings (2): {'GEHC': '0.6136 sh (-6.41%)', 'MS': '43.8344 sh (-2.04%)'}
Sector exposure (cached): Financials 9.6%, Health Care 0.0%
Fill reconciliation: {'filled': 0, 'partial': 0, 'rejected': 1}
Open orders (1): MS sell 43.8344
Risk state: peak $99,703.60 | drawdown 0.47% | today +0.20% | halted: False
Market regime: NEUTRAL (position-size multiplier: 100% incl. circuit breaker 100%)
Overnight queue deferred 6 known-stale idea(s) for 30 minutes to preserve Gemini quota.
Morning verification: 1 overnight-queued trade(s) handed to Gemini for re-verification against fresh data.
News: fetched 157, 1 new after dedup, 1 ticker(s) matched.
Quant pre-screen: 11/16 candidates passed.
Gemini proposed 2 trade(s) meeting the conviction bar.
Gemini calls used today (all models combined): 191
  -> {"ticker": "ON", "status": "skipped", "reason": "entry alignment: price $74.02 is not above SMA-20 $76.80"}
  -> {"ticker": "HOOD", "status": "skipped", "reason": "market data unavailable for HOOD (bid/ask spread missing)", "shadow": false, "data_guard": true}
Overnight queue kept 7 idea(s) whose market data was stale; they will be retried after fresh quotes arrive.
Dashboard watchlist synced (4 symbols) for news/headlines.
Ending portfolio value: $99,233.93
Trade journal: all: 19 trades, 21% win rate, avg -2.19% | breakout: 1 trades, 0% win rate, avg -8.61% | other: 13 trades, 23% win rate, avg -1.93% | technical: 5 trades, 20% win rate, avg -1.58%
Self-learning: breakout: 1 trades, 0% win rate, avg -8.61% (LOSING) | other: 13 trades, 23% win rate, avg -1.93% (LOSING) | technical: 5 trades, 20% win rate, avg -1.58% (LOSING)
Performance: Total return +0.37% | Max drawdown 0.94% | Daily Sharpe 1.84 | 19 closed trades | Win rate 21% | Avg winner +1.83% | Avg loser -3.26% | Open positions: 2 | Equity $99,236.57
Engine P&L: legacy/unknown: realized $-1,705.68 (19 closed, 21% wins), unrealized $-202.80 (2 open) | Books: legacy: realized $-1,705.68, unrealized $-202.80
Reports: daily realized $+0.00; worst symbols none | weekly realized $+0.00; worst symbols none
Shadow report: 13126 shadow candidate(s), 402 rejection group(s)
Timings: account: 0.0s | risk: 0.1s | decide: 10.7s | watchlist: 0.0s | perf: 0.1s

=== Run at 2026-09-03T15:10:38.636460 ===
Build fingerprint: 4f68550affe5
Current time: 2026-09-03 11:10 AM EDT | Market open (per Alpaca): True | Session: REGULAR
Account value: $99,233.87
Cash: $89,705.74 | Holdings (2): {'GEHC': '0.6136 sh (-6.56%)', 'MS': '43.8344 sh (-2.06%)'}
Sector exposure (cached): Financials 9.6%, Health Care 0.0%
Fill reconciliation: {'filled': 0, 'partial': 0, 'rejected': 1}
Open orders (1): MS sell 43.8344
Risk state: peak $99,703.60 | drawdown 0.47% | today +0.20% | halted: False
Market regime: NEUTRAL (position-size multiplier: 100% incl. circuit breaker 100%)
Overnight queue deferred 6 known-stale idea(s) for 30 minutes to preserve Gemini quota.
Morning verification: 1 overnight-queued trade(s) handed to Gemini for re-verification against fresh data.
News: fetched 157, 7 new after dedup, 4 ticker(s) matched.
Quant pre-screen: 12/18 candidates passed.
Gemini proposed 3 trade(s) meeting the conviction bar.
Gemini calls used today (all models combined): 192
  -> {"ticker": "NVDA", "status": "skipped", "reason": "market data unavailable for NVDA (bid/ask spread missing)", "shadow": false, "data_guard": true}
  -> {"ticker": "HOOD", "status": "skipped", "reason": "market data unavailable for HOOD (bid/ask spread missing)", "shadow": false, "data_guard": true}
  -> {"ticker": "MPC", "status": "skipped", "reason": "liquidity filter: MPC average volume 105,684 < 500,000", "shadow": false, "data_guard": true}
Overnight queue kept 8 idea(s) whose market data was stale; they will be retried after fresh quotes arrive.
Dashboard watchlist synced (8 symbols) for news/headlines.
Ending portfolio value: $99,236.05
Trade journal: all: 19 trades, 21% win rate, avg -2.19% | breakout: 1 trades, 0% win rate, avg -8.61% | other: 13 trades, 23% win rate, avg -1.93% | technical: 5 trades, 20% win rate, avg -1.58%
Self-learning: breakout: 1 trades, 0% win rate, avg -8.61% (LOSING) | other: 13 trades, 23% win rate, avg -1.93% (LOSING) | technical: 5 trades, 20% win rate, avg -1.58% (LOSING)
Performance: Total return +0.37% | Max drawdown 0.94% | Daily Sharpe 1.85 | 19 closed trades | Win rate 21% | Avg winner +1.83% | Avg loser -3.26% | Open positions: 2 | Equity $99,233.87
Engine P&L: legacy/unknown: realized $-1,705.68 (19 closed, 21% wins), unrealized $-200.69 (2 open) | Books: legacy: realized $-1,705.68, unrealized $-200.69
Reports: daily realized $+0.00; worst symbols none | weekly realized $+0.00; worst symbols none
Shadow report: 13129 shadow candidate(s), 399 rejection group(s)
Timings: account: 0.0s | risk: 0.5s | decide: 18.5s | watchlist: 0.1s | perf: 0.2s

=== Run at 2026-09-03T15:12:28.495424 ===
Build fingerprint: 4f68550affe5
Current time: 2026-09-03 11:12 AM EDT | Market open (per Alpaca): True | Session: REGULAR
Account value: $99,239.95
Cash: $89,705.74 | Holdings (2): {'GEHC': '0.6136 sh (-6.68%)', 'MS': '43.8344 sh (-2.00%)'}
Sector exposure (cached): Financials 9.6%, Health Care 0.0%
Fill reconciliation: {'filled': 0, 'partial': 0, 'rejected': 1}
Open orders (1): MS sell 43.8344
Risk state: peak $99,703.60 | drawdown 0.47% | today +0.21% | halted: False
Market regime: NEUTRAL (position-size multiplier: 100% incl. circuit breaker 100%)
Overnight queue deferred 7 known-stale idea(s) for 30 minutes to preserve Gemini quota.
Morning verification: 1 overnight-queued trade(s) handed to Gemini for re-verification against fresh data.
News: fetched 157, 3 new after dedup, 2 ticker(s) matched.
Quant pre-screen: 9/17 candidates passed.
Gemini proposed 2 trade(s) meeting the conviction bar.
Gemini calls used today (all models combined): 193
  -> {"ticker": "HOOD", "status": "skipped", "reason": "market data unavailable for HOOD (bid/ask spread missing)", "shadow": false, "data_guard": true}
  -> {"ticker": "MPC", "status": "skipped", "reason": "stale quote for MPC (185.952562s old; limit 180s)", "shadow": false, "data_guard": true}
Overnight queue kept 8 idea(s) whose market data was stale; they will be retried after fresh quotes arrive.
Dashboard watchlist synced (6 symbols) for news/headlines.
Ending portfolio value: $99,240.19
Trade journal: all: 19 trades, 21% win rate, avg -2.19% | breakout: 1 trades, 0% win rate, avg -8.61% | other: 13 trades, 23% win rate, avg -1.93% | technical: 5 trades, 20% win rate, avg -1.58%
Self-learning: breakout: 1 trades, 0% win rate, avg -8.61% (LOSING) | other: 13 trades, 23% win rate, avg -1.93% (LOSING) | technical: 5 trades, 20% win rate, avg -1.58% (LOSING)
Performance: Total return +0.38% | Max drawdown 0.94% | Daily Sharpe 1.87 | 19 closed trades | Win rate 21% | Avg winner +1.83% | Avg loser -3.26% | Open positions: 2 | Equity $99,239.95
Engine P&L: legacy/unknown: realized $-1,705.68 (19 closed, 21% wins), unrealized $-196.54 (2 open) | Books: legacy: realized $-1,705.68, unrealized $-196.54
Reports: daily realized $+0.00; worst symbols none | weekly realized $+0.00; worst symbols none
Shadow report: 13131 shadow candidate(s), 398 rejection group(s)
Timings: account: 0.0s | risk: 0.6s | decide: 22.7s | watchlist: 0.1s | perf: 0.2s

=== Run at 2026-09-03T15:14:28.931532 ===
Build fingerprint: 4f68550affe5
Current time: 2026-09-03 11:14 AM EDT | Market open (per Alpaca): True | Session: REGULAR
Account value: $99,239.72
Cash: $89,705.74 | Holdings (2): {'GEHC': '0.6136 sh (-6.72%)', 'MS': '43.8344 sh (-2.00%)'}
Sector exposure (cached): Financials 9.6%, Health Care 0.0%
Fill reconciliation: {'filled': 0, 'partial': 0, 'rejected': 1}
Open orders (1): MS sell 43.8344
Risk state: peak $99,703.60 | drawdown 0.47% | today +0.21% | halted: False
Market regime: NEUTRAL (position-size multiplier: 100% incl. circuit breaker 100%)
Overnight queue deferred 7 known-stale idea(s) for 30 minutes to preserve Gemini quota.
Morning verification: 1 overnight-queued trade(s) handed to Gemini for re-verification against fresh data.
News: fetched 157, 2 new after dedup, 0 ticker(s) matched.
Quant pre-screen: 14/36 candidates passed.
Gemini proposed 2 trade(s) meeting the conviction bar.
Gemini calls used today (all models combined): 194
  -> {"ticker": "HOOD", "status": "skipped", "reason": "market data unavailable for HOOD (bid/ask spread missing)", "shadow": false, "data_guard": true}
  -> {"ticker": "MPC", "status": "skipped", "reason": "liquidity filter: MPC average volume 105,699 < 500,000", "shadow": false, "data_guard": true}
Overnight queue kept 8 idea(s) whose market data was stale; they will be retried after fresh quotes arrive.
Dashboard watchlist synced (4 symbols) for news/headlines.
Ending portfolio value: $99,247.39
Trade journal: all: 19 trades, 21% win rate, avg -2.19% | breakout: 1 trades, 0% win rate, avg -8.61% | other: 13 trades, 23% win rate, avg -1.93% | technical: 5 trades, 20% win rate, avg -1.58%
Self-learning: breakout: 1 trades, 0% win rate, avg -8.61% (LOSING) | other: 13 trades, 23% win rate, avg -1.93% (LOSING) | technical: 5 trades, 20% win rate, avg -1.58% (LOSING)
Performance: Total return +0.38% | Max drawdown 0.94% | Daily Sharpe 1.90 | 19 closed trades | Win rate 21% | Avg winner +1.83% | Avg loser -3.26% | Open positions: 2 | Equity $99,239.72
Engine P&L: legacy/unknown: realized $-1,705.68 (19 closed, 21% wins), unrealized $-189.34 (2 open) | Books: legacy: realized $-1,705.68, unrealized $-189.34
Reports: daily realized $+0.00; worst symbols none | weekly realized $+0.00; worst symbols none
Shadow report: 13133 shadow candidate(s), 396 rejection group(s)
Timings: account: 0.0s | risk: 0.8s | decide: 23.3s | watchlist: 0.1s | perf: 0.2s

=== Run at 2026-09-03T15:16:30.327564 ===
Build fingerprint: 4f68550affe5
Current time: 2026-09-03 11:16 AM EDT | Market open (per Alpaca): True | Session: REGULAR
Account value: $99,243.88
Cash: $89,705.74 | Holdings (2): {'GEHC': '0.6136 sh (-6.74%)', 'MS': '43.8344 sh (-1.96%)'}
Sector exposure (cached): Financials 9.6%, Health Care 0.0%
Fill reconciliation: {'filled': 0, 'partial': 0, 'rejected': 1}
Open orders (1): MS sell 43.8344
Risk state: peak $99,703.60 | drawdown 0.46% | today +0.21% | halted: False
Market regime: NEUTRAL (position-size multiplier: 100% incl. circuit breaker 100%)
Overnight queue deferred 6 known-stale idea(s) for 30 minutes to preserve Gemini quota.
Morning verification: 2 overnight-queued trade(s) handed to Gemini for re-verification against fresh data.
News: fetched 57, 0 new after dedup, 0 ticker(s) matched.
Quant pre-screen: 15/38 candidates passed.
Gemini proposed 2 trade(s) meeting the conviction bar.
Gemini calls used today (all models combined): 195
  -> {"ticker": "HOOD", "status": "skipped", "reason": "market data unavailable for HOOD (bid/ask spread missing)", "shadow": false, "data_guard": true}
  -> {"ticker": "MPC", "status": "skipped", "reason": "liquidity filter: MPC average volume 105,756 < 500,000", "shadow": false, "data_guard": true}
Overnight queue kept 8 idea(s) whose market data was stale; they will be retried after fresh quotes arrive.
Dashboard watchlist synced (4 symbols) for news/headlines.
Ending portfolio value: $99,246.73
Trade journal: all: 19 trades, 21% win rate, avg -2.19% | breakout: 1 trades, 0% win rate, avg -8.61% | other: 13 trades, 23% win rate, avg -1.93% | technical: 5 trades, 20% win rate, avg -1.58%
Self-learning: breakout: 1 trades, 0% win rate, avg -8.61% (LOSING) | other: 13 trades, 23% win rate, avg -1.93% (LOSING) | technical: 5 trades, 20% win rate, avg -1.58% (LOSING)
Performance: Total return +0.38% | Max drawdown 0.94% | Daily Sharpe 1.90 | 19 closed trades | Win rate 21% | Avg winner +1.83% | Avg loser -3.26% | Open positions: 2 | Equity $99,243.88
Engine P&L: legacy/unknown: realized $-1,705.68 (19 closed, 21% wins), unrealized $-190.00 (2 open) | Books: legacy: realized $-1,705.68, unrealized $-190.00
Reports: daily realized $+0.00; worst symbols none | weekly realized $+0.00; worst symbols none
Shadow report: 13135 shadow candidate(s), 394 rejection group(s)
Timings: account: 0.0s | risk: 0.8s | decide: 23.4s | watchlist: 0.1s | perf: 0.2s

=== Run at 2026-09-03T15:18:29.196495 ===
Build fingerprint: 4f68550affe5
Current time: 2026-09-03 11:18 AM EDT | Market open (per Alpaca): True | Session: REGULAR
Account value: $99,247.38
Cash: $89,705.74 | Holdings (2): {'GEHC': '0.6136 sh (-6.74%)', 'MS': '43.8344 sh (-1.92%)'}
Sector exposure (cached): Financials 9.6%, Health Care 0.0%
Fill reconciliation: {'filled': 0, 'partial': 0, 'rejected': 1}
Open orders (1): MS sell 43.8344
Risk state: peak $99,703.60 | drawdown 0.46% | today +0.22% | halted: False
Market regime: NEUTRAL (position-size multiplier: 100% incl. circuit breaker 100%)
Overnight queue deferred 6 known-stale idea(s) for 30 minutes to preserve Gemini quota.
Morning verification: 2 overnight-queued trade(s) handed to Gemini for re-verification against fresh data.
News: fetched 157, 2 new after dedup, 1 ticker(s) matched.
Quant pre-screen: 17/28 candidates passed.
Gemini proposed 2 trade(s) meeting the conviction bar.
Gemini calls used today (all models combined): 196
  -> {"ticker": "HOOD", "status": "skipped", "reason": "market data unavailable for HOOD (bid/ask spread missing)", "shadow": false, "data_guard": true}
  -> {"ticker": "NOW", "status": "skipped", "reason": "market data unavailable for NOW (bid/ask spread missing)", "shadow": false, "data_guard": true}
Overnight queue kept 9 idea(s) whose market data was stale; they will be retried after fresh quotes arrive.
Dashboard watchlist synced (5 symbols) for news/headlines.
Ending portfolio value: $99,253.31
Trade journal: all: 19 trades, 21% win rate, avg -2.19% | breakout: 1 trades, 0% win rate, avg -8.61% | other: 13 trades, 23% win rate, avg -1.93% | technical: 5 trades, 20% win rate, avg -1.58%
Self-learning: breakout: 1 trades, 0% win rate, avg -8.61% (LOSING) | other: 13 trades, 23% win rate, avg -1.93% (LOSING) | technical: 5 trades, 20% win rate, avg -1.58% (LOSING)
Performance: Total return +0.39% | Max drawdown 0.94% | Daily Sharpe 1.93 | 19 closed trades | Win rate 21% | Avg winner +1.83% | Avg loser -3.26% | Open positions: 2 | Equity $99,247.38
Engine P&L: legacy/unknown: realized $-1,705.68 (19 closed, 21% wins), unrealized $-183.42 (2 open) | Books: legacy: realized $-1,705.68, unrealized $-183.42
Reports: daily realized $+0.00; worst symbols none | weekly realized $+0.00; worst symbols none
Shadow report: 13137 shadow candidate(s), 393 rejection group(s)
Timings: account: 0.0s | risk: 0.6s | decide: 14.7s | watchlist: 0.1s | perf: 0.2s

=== Run at 2026-09-03T15:20:34.625263 ===
Build fingerprint: 4f68550affe5
Current time: 2026-09-03 11:20 AM EDT | Market open (per Alpaca): True | Session: REGULAR
Account value: $99,260.14
Cash: $89,705.74 | Holdings (2): {'GEHC': '0.6136 sh (-6.63%)', 'MS': '43.8344 sh (-1.79%)'}
Sector exposure (cached): Financials 9.6%, Health Care 0.0%
Fill reconciliation: {'filled': 0, 'partial': 0, 'rejected': 1}
Open orders (1): MS sell 43.8344
Risk state: peak $99,703.60 | drawdown 0.44% | today +0.23% | halted: False
Market regime: NEUTRAL (position-size multiplier: 100% incl. circuit breaker 100%)
Overnight queue deferred 7 known-stale idea(s) for 30 minutes to preserve Gemini quota.
Morning verification: 2 overnight-queued trade(s) handed to Gemini for re-verification against fresh data.
News: fetched 157, 3 new after dedup, 0 ticker(s) matched.
Quant pre-screen: 22/50 candidates passed.
Gemini proposed 2 trade(s) meeting the conviction bar.
Gemini calls used today (all models combined): 197
  -> {"ticker": "KDP", "status": "skipped", "reason": "market data unavailable for KDP (bid/ask spread missing)", "shadow": false, "data_guard": true}
  -> {"ticker": "HOOD", "status": "skipped", "reason": "market data unavailable for HOOD (bid/ask spread missing)", "shadow": false, "data_guard": true}
Overnight queue kept 9 idea(s) whose market data was stale; they will be retried after fresh quotes arrive.
Dashboard watchlist synced (4 symbols) for news/headlines.
Ending portfolio value: $99,260.11
Trade journal: all: 19 trades, 21% win rate, avg -2.19% | breakout: 1 trades, 0% win rate, avg -8.61% | other: 13 trades, 23% win rate, avg -1.93% | technical: 5 trades, 20% win rate, avg -1.58%
Self-learning: breakout: 1 trades, 0% win rate, avg -8.61% (LOSING) | other: 13 trades, 23% win rate, avg -1.93% (LOSING) | technical: 5 trades, 20% win rate, avg -1.58% (LOSING)
Performance: Total return +0.40% | Max drawdown 0.94% | Daily Sharpe 1.96 | 19 closed trades | Win rate 21% | Avg winner +1.83% | Avg loser -3.26% | Open positions: 2 | Equity $99,260.14
Engine P&L: legacy/unknown: realized $-1,705.68 (19 closed, 21% wins), unrealized $-176.62 (2 open) | Books: legacy: realized $-1,705.68, unrealized $-176.62
Reports: daily realized $+0.00; worst symbols none | weekly realized $+0.00; worst symbols none
Shadow report: 13139 shadow candidate(s), 391 rejection group(s)
Timings: account: 0.0s | risk: 0.1s | decide: 11.2s | watchlist: 0.0s | perf: 0.1s

=== Run at 2026-09-03T15:22:31.496231 ===
Build fingerprint: 4f68550affe5
Current time: 2026-09-03 11:22 AM EDT | Market open (per Alpaca): True | Session: REGULAR
Account value: $99,264.30
Cash: $89,705.74 | Holdings (2): {'GEHC': '0.6136 sh (-6.64%)', 'MS': '43.8344 sh (-1.75%)'}
Sector exposure (cached): Financials 9.6%, Health Care 0.0%
Fill reconciliation: {'filled': 0, 'partial': 0, 'rejected': 1}
Open orders (1): MS sell 43.8344
Risk state: peak $99,703.60 | drawdown 0.44% | today +0.23% | halted: False
Market regime: NEUTRAL (position-size multiplier: 100% incl. circuit breaker 100%)
Overnight queue deferred 7 known-stale idea(s) for 30 minutes to preserve Gemini quota.
Morning verification: 2 overnight-queued trade(s) handed to Gemini for re-verification against fresh data.
News: fetched 157, 3 new after dedup, 0 ticker(s) matched.
Quant pre-screen: 26/60 candidates passed.
Technical fallback (Gemini throttled/unavailable) proposed 8 trade(s) meeting the conviction bar.
Technical fallback cap omitted 1 weaker idea(s) this run.
Gemini calls used today (all models combined): 197
  -> {"ticker": "HPQ", "status": "skipped", "reason": "market data unavailable for HPQ (bid/ask spread missing)", "shadow": false, "data_guard": true}
  -> {"ticker": "JNJ", "status": "skipped", "reason": "liquidity filter: JNJ average volume 222,446 < 500,000", "shadow": false, "data_guard": true}
  -> {"ticker": "KDP", "status": "skipped", "reason": "market data unavailable for KDP (bid/ask spread missing)", "shadow": false, "data_guard": true}
  -> {"ticker": "MPC", "status": "skipped", "reason": "liquidity filter: MPC average volume 105,829 < 500,000", "shadow": false, "data_guard": true}
  -> {"ticker": "HSIC", "status": "skipped", "reason": "liquidity filter: HSIC average volume 47,971 < 500,000", "shadow": false, "data_guard": true}
  -> {"ticker": "IBKR", "status": "skipped", "reason": "entry alignment: price $92.44 is not above SMA-20 $92.62"}
  -> {"ticker": "IVZ", "status": "skipped", "reason": "liquidity filter: IVZ average volume 233,362 < 500,000", "shadow": false, "data_guard": true}
  -> {"ticker": "KO", "status": "skipped", "reason": "market data unavailable for KO (bid/ask spread missing)", "shadow": false, "data_guard": true}
Overnight queue KEPT for next run (Gemini did not verify this round -- technical fallback or decision failure); 5 idea(s) remain subject to the retry cap.
Run budget reserve reached -- skipping dashboard watchlist sync.
Run budget reserve reached -- skipping performance snapshot.
Trade journal: all: 19 trades, 21% win rate, avg -2.19% | breakout: 1 trades, 0% win rate, avg -8.61% | other: 13 trades, 23% win rate, avg -1.93% | technical: 5 trades, 20% win rate, avg -1.58%
Self-learning: breakout: 1 trades, 0% win rate, avg -8.61% (LOSING) | other: 13 trades, 23% win rate, avg -1.93% (LOSING) | technical: 5 trades, 20% win rate, avg -1.58% (LOSING)
Performance: Total return +0.40% | Max drawdown 0.94% | Daily Sharpe 1.96 | 19 closed trades | Win rate 21% | Avg winner +1.83% | Avg loser -3.26% | Open positions: 2 | Equity $99,264.30
Engine P&L: legacy/unknown: realized $-1,705.68 (19 closed, 21% wins), unrealized $-172.43 (2 open) | Books: legacy: realized $-1,705.68, unrealized $-172.43
Reports: daily realized $+0.00; worst symbols none | weekly realized $+0.00; worst symbols none
Shadow report: 13146 shadow candidate(s), 385 rejection group(s)
Timings: account: 0.0s | risk: 0.6s | decide: 25.8s | watchlist: 0.0s | perf: 0.1s

=== Run at 2026-09-03T15:25:08.871534 ===
Build fingerprint: 4f68550affe5
Current time: 2026-09-03 11:25 AM EDT | Market open (per Alpaca): True | Session: REGULAR
Account value: $99,260.38
Cash: $89,705.74 | Holdings (2): {'GEHC': '0.6136 sh (-6.59%)', 'MS': '43.8344 sh (-1.79%)'}
Sector exposure (cached): Financials 9.6%, Health Care 0.0%
Fill reconciliation: {'filled': 0, 'partial': 0, 'rejected': 1}
Open orders (1): MS sell 43.8344
Risk state: peak $99,703.60 | drawdown 0.44% | today +0.23% | halted: False
Market regime: NEUTRAL (position-size multiplier: 100% incl. circuit breaker 100%)
Overnight queue expired 1 stale/over-retried idea(s); fresh analysis will replace them.
Overnight queue deferred 5 known-stale idea(s) for 30 minutes to preserve Gemini quota.
Morning verification: 6 overnight-queued trade(s) handed to Gemini for re-verification against fresh data.
News: fetched 158, 3 new after dedup, 0 ticker(s) matched.
Quant pre-screen: 26/60 candidates passed.
Technical fallback (Gemini throttled/unavailable) proposed 8 trade(s) meeting the conviction bar.
Technical fallback cap omitted 1 weaker idea(s) this run.
Gemini calls used today (all models combined): 197
  -> {"ticker": "HPQ", "status": "skipped", "reason": "market data unavailable for HPQ (bid/ask spread missing)", "shadow": false, "data_guard": true}
  -> {"ticker": "JNJ", "status": "skipped", "reason": "liquidity filter: JNJ average volume 222,572 < 500,000", "shadow": false, "data_guard": true}
  -> {"ticker": "KDP", "status": "skipped", "reason": "market data unavailable for KDP (bid/ask spread missing)", "shadow": false, "data_guard": true}
  -> {"ticker": "MPC", "status": "skipped", "reason": "liquidity filter: MPC average volume 105,834 < 500,000", "shadow": false, "data_guard": true}
  -> {"ticker": "HSIC", "status": "skipped", "reason": "stale quote for HSIC (188.713124s old; limit 180s)", "shadow": false, "data_guard": true}
  -> {"ticker": "IBKR", "status": "skipped", "reason": "entry alignment: price $92.46 is not above SMA-20 $92.62"}
  -> {"ticker": "IVZ", "status": "skipped", "reason": "liquidity filter: IVZ average volume 233,537 < 500,000", "shadow": false, "data_guard": true}
  -> {"ticker": "KO", "status": "skipped", "reason": "market data unavailable for KO (bid/ask spread missing)", "shadow": false, "data_guard": true}
Overnight queue KEPT for next run (Gemini did not verify this round -- technical fallback or decision failure); 6 idea(s) remain subject to the retry cap.
Run budget reserve reached -- skipping dashboard watchlist sync.
Run budget reserve reached -- skipping performance snapshot.
Trade journal: all: 19 trades, 21% win rate, avg -2.19% | breakout: 1 trades, 0% win rate, avg -8.61% | other: 13 trades, 23% win rate, avg -1.93% | technical: 5 trades, 20% win rate, avg -1.58%
Self-learning: breakout: 1 trades, 0% win rate, avg -8.61% (LOSING) | other: 13 trades, 23% win rate, avg -1.93% (LOSING) | technical: 5 trades, 20% win rate, avg -1.58% (LOSING)
Performance: Total return +0.40% | Max drawdown 0.94% | Daily Sharpe 1.96 | 19 closed trades | Win rate 21% | Avg winner +1.83% | Avg loser -3.26% | Open positions: 2 | Equity $99,260.38
Engine P&L: legacy/unknown: realized $-1,705.68 (19 closed, 21% wins), unrealized $-176.35 (2 open) | Books: legacy: realized $-1,705.68, unrealized $-176.35
Reports: daily realized $+0.00; worst symbols none | weekly realized $+0.00; worst symbols none
Shadow report: 13153 shadow candidate(s), 379 rejection group(s)
Timings: account: 0.0s | risk: 0.8s | decide: 26.0s | watchlist: 0.0s | perf: 0.1s

=== Run at 2026-09-03T15:26:29.574329 ===
Build fingerprint: 4f68550affe5
Current time: 2026-09-03 11:26 AM EDT | Market open (per Alpaca): True | Session: REGULAR
Account value: $99,267.17
Cash: $89,705.74 | Holdings (2): {'GEHC': '0.6136 sh (-6.60%)', 'MS': '43.8344 sh (-1.72%)'}
Sector exposure (cached): Financials 9.6%, Health Care 0.0%
Fill reconciliation: {'filled': 0, 'partial': 0, 'rejected': 1}
Open orders (1): MS sell 43.8344
Risk state: peak $99,703.60 | drawdown 0.44% | today +0.24% | halted: False
Market regime: NEUTRAL (position-size multiplier: 100% incl. circuit breaker 100%)
Overnight queue deferred 5 known-stale idea(s) for 30 minutes to preserve Gemini quota.
Morning verification: 6 overnight-queued trade(s) handed to Gemini for re-verification against fresh data.
News: fetched 158, 1 new after dedup, 0 ticker(s) matched.
Quant pre-screen: 26/60 candidates passed.
Gemini proposed 2 trade(s) meeting the conviction bar.
Gemini calls used today (all models combined): 198
  -> {"ticker": "HPQ", "status": "skipped", "reason": "market data unavailable for HPQ (bid/ask spread missing)", "shadow": false, "data_guard": true}
  -> {"ticker": "MPC", "status": "skipped", "reason": "liquidity filter: MPC average volume 105,842 < 500,000", "shadow": false, "data_guard": true}
Overnight queue kept 11 idea(s) whose market data was stale; they will be retried after fresh quotes arrive.
Dashboard watchlist synced (4 symbols) for news/headlines.
Ending portfolio value: $99,266.29
Trade journal: all: 19 trades, 21% win rate, avg -2.19% | breakout: 1 trades, 0% win rate, avg -8.61% | other: 13 trades, 23% win rate, avg -1.93% | technical: 5 trades, 20% win rate, avg -1.58%
Self-learning: breakout: 1 trades, 0% win rate, avg -8.61% (LOSING) | other: 13 trades, 23% win rate, avg -1.93% (LOSING) | technical: 5 trades, 20% win rate, avg -1.58% (LOSING)
Performance: Total return +0.40% | Max drawdown 0.94% | Daily Sharpe 1.99 | 19 closed trades | Win rate 21% | Avg winner +1.83% | Avg loser -3.26% | Open positions: 2 | Equity $99,267.17
Engine P&L: legacy/unknown: realized $-1,705.68 (19 closed, 21% wins), unrealized $-170.45 (2 open) | Books: legacy: realized $-1,705.68, unrealized $-170.45
Reports: daily realized $+0.00; worst symbols none | weekly realized $+0.00; worst symbols none
Shadow report: 13155 shadow candidate(s), 377 rejection group(s)
Timings: account: 0.0s | risk: 0.6s | decide: 12.3s | watchlist: 0.1s | perf: 0.2s

=== Run at 2026-09-03T15:28:30.276455 ===
Build fingerprint: 4f68550affe5
Current time: 2026-09-03 11:28 AM EDT | Market open (per Alpaca): True | Session: REGULAR
Account value: $99,263.67
Cash: $89,705.74 | Holdings (2): {'GEHC': '0.6136 sh (-6.59%)', 'MS': '43.8344 sh (-1.76%)'}
Sector exposure (cached): Financials 9.6%, Health Care 0.0%
Fill reconciliation: {'filled': 0, 'partial': 0, 'rejected': 1}
Open orders (1): MS sell 43.8344
Risk state: peak $99,703.60 | drawdown 0.44% | today +0.23% | halted: False
Market regime: NEUTRAL (position-size multiplier: 100% incl. circuit breaker 100%)
Overnight queue deferred 6 known-stale idea(s) for 30 minutes to preserve Gemini quota.
Morning verification: 5 overnight-queued trade(s) handed to Gemini for re-verification against fresh data.
News: fetched 158, 3 new after dedup, 0 ticker(s) matched.
Quant pre-screen: 26/60 candidates passed.
Technical fallback (Gemini throttled/unavailable) proposed 8 trade(s) meeting the conviction bar.
Technical fallback cap omitted 1 weaker idea(s) this run.
Gemini calls used today (all models combined): 198
  -> {"ticker": "HPQ", "status": "skipped", "reason": "market data unavailable for HPQ (bid/ask spread missing)", "shadow": false, "data_guard": true}
  -> {"ticker": "JNJ", "status": "skipped", "reason": "liquidity filter: JNJ average volume 222,741 < 500,000", "shadow": false, "data_guard": true}
  -> {"ticker": "KDP", "status": "skipped", "reason": "market data unavailable for KDP (bid/ask spread missing)", "shadow": false, "data_guard": true}
  -> {"ticker": "MPC", "status": "skipped", "reason": "liquidity filter: MPC average volume 105,876 < 500,000", "shadow": false, "data_guard": true}
  -> {"ticker": "HSIC", "status": "skipped", "reason": "stale quote for HSIC (390.777665s old; limit 180s)", "shadow": false, "data_guard": true}
  -> {"ticker": "IBKR", "status": "skipped", "reason": "entry alignment: price $92.37 is not above SMA-20 $92.62"}
  -> {"ticker": "IVZ", "status": "skipped", "reason": "liquidity filter: IVZ average volume 233,634 < 500,000", "shadow": false, "data_guard": true}
  -> {"ticker": "KO", "status": "skipped", "reason": "market data unavailable for KO (bid/ask spread missing)", "shadow": false, "data_guard": true}
Overnight queue KEPT for next run (Gemini did not verify this round -- technical fallback or decision failure); 7 idea(s) remain subject to the retry cap.
Run budget reserve reached -- skipping dashboard watchlist sync.
Run budget reserve reached -- skipping performance snapshot.
Trade journal: all: 19 trades, 21% win rate, avg -2.19% | breakout: 1 trades, 0% win rate, avg -8.61% | other: 13 trades, 23% win rate, avg -1.93% | technical: 5 trades, 20% win rate, avg -1.58%
Self-learning: breakout: 1 trades, 0% win rate, avg -8.61% (LOSING) | other: 13 trades, 23% win rate, avg -1.93% (LOSING) | technical: 5 trades, 20% win rate, avg -1.58% (LOSING)
Performance: Total return +0.40% | Max drawdown 0.94% | Daily Sharpe 1.99 | 19 closed trades | Win rate 21% | Avg winner +1.83% | Avg loser -3.26% | Open positions: 2 | Equity $99,263.67
Engine P&L: legacy/unknown: realized $-1,705.68 (19 closed, 21% wins), unrealized $-173.06 (2 open) | Books: legacy: realized $-1,705.68, unrealized $-173.06
Reports: daily realized $+0.00; worst symbols none | weekly realized $+0.00; worst symbols none
Shadow report: 13162 shadow candidate(s), 371 rejection group(s)
Timings: account: 0.0s | risk: 1.6s | decide: 25.8s | watchlist: 0.0s | perf: 0.1s

=== Run at 2026-09-03T15:30:32.714823 ===
Build fingerprint: 4f68550affe5
Current time: 2026-09-03 11:30 AM EDT | Market open (per Alpaca): True | Session: REGULAR
Account value: $99,275.12
Cash: $89,705.74 | Holdings (2): {'GEHC': '0.6136 sh (-6.47%)', 'MS': '43.8344 sh (-1.64%)'}
Sector exposure (cached): Financials 9.6%, Health Care 0.0%
Fill reconciliation: {'filled': 0, 'partial': 0, 'rejected': 1}
Open orders (1): MS sell 43.8344
Risk state: peak $99,703.60 | drawdown 0.43% | today +0.24% | halted: False
Market regime: BULLISH (position-size multiplier: 100% incl. circuit breaker 100%)
Overnight queue deferred 7 known-stale idea(s) for 30 minutes to preserve Gemini quota.
Morning verification: 6 overnight-queued trade(s) handed to Gemini for re-verification against fresh data.
News: fetched 158, 4 new after dedup, 0 ticker(s) matched.
Quant pre-screen: 26/60 candidates passed.
Gemini proposed 2 trade(s) meeting the conviction bar.
Gemini calls used today (all models combined): 199
  -> {"ticker": "MPC", "status": "skipped", "reason": "liquidity filter: MPC average volume 105,931 < 500,000", "shadow": false, "data_guard": true}
  -> {"ticker": "HOOD", "status": "skipped", "reason": "market data unavailable for HOOD (bid/ask spread missing)", "shadow": false, "data_guard": true}
Overnight queue kept 12 idea(s) whose market data was stale; they will be retried after fresh quotes arrive.
Dashboard watchlist synced (4 symbols) for news/headlines.
Ending portfolio value: $99,279.50
Trade journal: all: 19 trades, 21% win rate, avg -2.19% | breakout: 1 trades, 0% win rate, avg -8.61% | other: 13 trades, 23% win rate, avg -1.93% | technical: 5 trades, 20% win rate, avg -1.58%
Self-learning: breakout: 1 trades, 0% win rate, avg -8.61% (LOSING) | other: 13 trades, 23% win rate, avg -1.93% (LOSING) | technical: 5 trades, 20% win rate, avg -1.58% (LOSING)
Performance: Total return +0.42% | Max drawdown 0.94% | Daily Sharpe 2.05 | 19 closed trades | Win rate 21% | Avg winner +1.83% | Avg loser -3.26% | Open positions: 2 | Equity $99,275.12
Engine P&L: legacy/unknown: realized $-1,705.68 (19 closed, 21% wins), unrealized $-157.23 (2 open) | Books: legacy: realized $-1,705.68, unrealized $-157.23
Reports: daily realized $+0.00; worst symbols none | weekly realized $+0.00; worst symbols none
Shadow report: 13164 shadow candidate(s), 369 rejection group(s)
Timings: account: 0.0s | risk: 0.2s | decide: 12.3s | watchlist: 0.0s | perf: 0.2s

=== Run at 2026-09-03T15:32:34.950255 ===
Build fingerprint: 4f68550affe5
Current time: 2026-09-03 11:32 AM EDT | Market open (per Alpaca): True | Session: REGULAR
Account value: $99,274.28
Cash: $89,705.74 | Holdings (2): {'GEHC': '0.6136 sh (-6.38%)', 'MS': '43.8344 sh (-1.65%)'}
Sector exposure (cached): Financials 9.6%, Health Care 0.0%
Fill reconciliation: {'filled': 0, 'partial': 0, 'rejected': 1}
Open orders (1): MS sell 43.8344
Risk state: peak $99,703.60 | drawdown 0.43% | today +0.24% | halted: False
Market regime: BULLISH (position-size multiplier: 100% incl. circuit breaker 100%)
Overnight queue deferred 6 known-stale idea(s) for 30 minutes to preserve Gemini quota.
Morning verification: 6 overnight-queued trade(s) handed to Gemini for re-verification against fresh data.
News: fetched 158, 4 new after dedup, 0 ticker(s) matched.
Quant pre-screen: 26/60 candidates passed.
Gemini proposed 2 trade(s) meeting the conviction bar.
Gemini calls used today (all models combined): 200
  -> {"ticker": "MPC", "status": "skipped", "reason": "liquidity filter: MPC average volume 105,954 < 500,000", "shadow": false, "data_guard": true}
  -> {"ticker": "HOOD", "status": "skipped", "reason": "market data unavailable for HOOD (bid/ask spread missing)", "shadow": false, "data_guard": true}
Overnight queue kept 12 idea(s) whose market data was stale; they will be retried after fresh quotes arrive.
Dashboard watchlist synced (4 symbols) for news/headlines.
Ending portfolio value: $99,269.46
Trade journal: all: 19 trades, 21% win rate, avg -2.19% | breakout: 1 trades, 0% win rate, avg -8.61% | other: 13 trades, 23% win rate, avg -1.93% | technical: 5 trades, 20% win rate, avg -1.58%
Self-learning: breakout: 1 trades, 0% win rate, avg -8.61% (LOSING) | other: 13 trades, 23% win rate, avg -1.93% (LOSING) | technical: 5 trades, 20% win rate, avg -1.58% (LOSING)
Performance: Total return +0.41% | Max drawdown 0.94% | Daily Sharpe 2.00 | 19 closed trades | Win rate 21% | Avg winner +1.83% | Avg loser -3.26% | Open positions: 2 | Equity $99,274.28
Engine P&L: legacy/unknown: realized $-1,705.68 (19 closed, 21% wins), unrealized $-167.27 (2 open) | Books: legacy: realized $-1,705.68, unrealized $-167.27
Reports: daily realized $+0.00; worst symbols none | weekly realized $+0.00; worst symbols none
Shadow report: 13166 shadow candidate(s), 367 rejection group(s)
Timings: account: 0.0s | risk: 0.9s | decide: 14.4s | watchlist: 0.1s | perf: 0.3s

=== Run at 2026-09-03T15:34:39.241539 ===
Build fingerprint: 4f68550affe5
Current time: 2026-09-03 11:34 AM EDT | Market open (per Alpaca): True | Session: REGULAR
Account value: $99,265.71
Cash: $89,705.74 | Holdings (2): {'GEHC': '0.6136 sh (-6.42%)', 'MS': '43.8344 sh (-1.74%)'}
Sector exposure (cached): Financials 9.6%, Health Care 0.0%
Fill reconciliation: {'filled': 0, 'partial': 0, 'rejected': 1}
Open orders (1): MS sell 43.8344
Risk state: peak $99,703.60 | drawdown 0.44% | today +0.23% | halted: False
Market regime: NEUTRAL (position-size multiplier: 100% incl. circuit breaker 100%)
Overnight queue deferred 6 known-stale idea(s) for 30 minutes to preserve Gemini quota.
Morning verification: 6 overnight-queued trade(s) handed to Gemini for re-verification against fresh data.
News: fetched 158, 2 new after dedup, 1 ticker(s) matched.
Quant pre-screen: 25/39 candidates passed.
Technical fallback (Gemini throttled/unavailable) proposed 8 trade(s) meeting the conviction bar.
Technical fallback cap omitted 5 weaker idea(s) this run.
Gemini calls used today (all models combined): 200
  -> {"ticker": "COIN", "status": "skipped", "reason": "liquidity filter: COIN average volume 254,519 < 500,000", "shadow": false, "data_guard": true}
  -> {"ticker": "ORCL", "status": "skipped", "reason": "market data unavailable for ORCL (bid/ask spread missing)", "shadow": false, "data_guard": true}
  -> {"ticker": "MRNA", "status": "skipped", "reason": "market data unavailable for MRNA (bid/ask spread missing)", "shadow": false, "data_guard": true}
  -> {"ticker": "NOW", "status": "skipped", "reason": "market data unavailable for NOW (bid/ask spread missing)", "shadow": false, "data_guard": true}
  -> {"ticker": "NVDA", "status": "skipped", "reason": "market data unavailable for NVDA (bid/ask spread missing)", "shadow": false, "data_guard": true}
  -> {"ticker": "NUE", "status": "skipped", "reason": "liquidity filter: NUE average volume 68,086 < 500,000", "shadow": false, "data_guard": true}
  -> {"ticker": "MPC", "status": "skipped", "reason": "liquidity filter: MPC average volume 105,982 < 500,000", "shadow": false, "data_guard": true}
  -> {"ticker": "OKE", "status": "skipped", "reason": "liquidity filter: OKE average volume 159,778 < 500,000", "shadow": false, "data_guard": true}
Overnight queue KEPT for next run (Gemini did not verify this round -- technical fallback or decision failure); 7 idea(s) remain subject to the retry cap.
Run budget reserve reached -- skipping dashboard watchlist sync.
Run budget reserve reached -- skipping performance snapshot.
Trade journal: all: 19 trades, 21% win rate, avg -2.19% | breakout: 1 trades, 0% win rate, avg -8.61% | other: 13 trades, 23% win rate, avg -1.93% | technical: 5 trades, 20% win rate, avg -1.58%
Self-learning: breakout: 1 trades, 0% win rate, avg -8.61% (LOSING) | other: 13 trades, 23% win rate, avg -1.93% (LOSING) | technical: 5 trades, 20% win rate, avg -1.58% (LOSING)
Performance: Total return +0.41% | Max drawdown 0.94% | Daily Sharpe 2.00 | 19 closed trades | Win rate 21% | Avg winner +1.83% | Avg loser -3.26% | Open positions: 2 | Equity $99,265.71
Engine P&L: legacy/unknown: realized $-1,705.68 (19 closed, 21% wins), unrealized $-171.02 (2 open) | Books: legacy: realized $-1,705.68, unrealized $-171.02
Reports: daily realized $+0.00; worst symbols none | weekly realized $+0.00; worst symbols none
Shadow report: 13174 shadow candidate(s), 360 rejection group(s)
Timings: account: 0.0s | risk: 1.2s | decide: 24.9s | watchlist: 0.0s | perf: 0.1s

=== Run at 2026-09-03T15:36:37.786995 ===
Build fingerprint: 4f68550affe5
Current time: 2026-09-03 11:36 AM EDT | Market open (per Alpaca): True | Session: REGULAR
Account value: $99,262.83
Cash: $89,705.74 | Holdings (2): {'GEHC': '0.6136 sh (-6.49%)', 'MS': '43.8344 sh (-1.76%)'}
Sector exposure (cached): Financials 9.6%, Health Care 0.0%
Fill reconciliation: {'filled': 0, 'partial': 0, 'rejected': 1}
Open orders (1): MS sell 43.8344
Risk state: peak $99,703.60 | drawdown 0.44% | today +0.23% | halted: False
Market regime: NEUTRAL (position-size multiplier: 100% incl. circuit breaker 100%)
Overnight queue deferred 7 known-stale idea(s) for 30 minutes to preserve Gemini quota.
Morning verification: 6 overnight-queued trade(s) handed to Gemini for re-verification against fresh data.
News: fetched 158, 3 new after dedup, 0 ticker(s) matched.
Quant pre-screen: 26/60 candidates passed.
Gemini proposed 2 trade(s) meeting the conviction bar.
Gemini calls used today (all models combined): 201
  -> {"ticker": "ORCL", "status": "skipped", "reason": "market data unavailable for ORCL (bid/ask spread missing)", "shadow": false, "data_guard": true}
  -> {"ticker": "HOOD", "status": "skipped", "reason": "market data unavailable for HOOD (bid/ask spread missing)", "shadow": false, "data_guard": true}
Overnight queue kept 12 idea(s) whose market data was stale; they will be retried after fresh quotes arrive.
Dashboard watchlist synced (4 symbols) for news/headlines.
Ending portfolio value: $99,262.83
Trade journal: all: 19 trades, 21% win rate, avg -2.19% | breakout: 1 trades, 0% win rate, avg -8.61% | other: 13 trades, 23% win rate, avg -1.93% | technical: 5 trades, 20% win rate, avg -1.58%
Self-learning: breakout: 1 trades, 0% win rate, avg -8.61% (LOSING) | other: 13 trades, 23% win rate, avg -1.93% (LOSING) | technical: 5 trades, 20% win rate, avg -1.58% (LOSING)
Performance: Total return +0.40% | Max drawdown 0.94% | Daily Sharpe 1.97 | 19 closed trades | Win rate 21% | Avg winner +1.83% | Avg loser -3.26% | Open positions: 2 | Equity $99,262.83
Engine P&L: legacy/unknown: realized $-1,705.68 (19 closed, 21% wins), unrealized $-173.90 (2 open) | Books: legacy: realized $-1,705.68, unrealized $-173.90
Reports: daily realized $+0.00; worst symbols none | weekly realized $+0.00; worst symbols none
Shadow report: 13176 shadow candidate(s), 359 rejection group(s)
Timings: account: 0.0s | risk: 0.6s | decide: 10.4s | watchlist: 0.1s | perf: 0.2s

=== Run at 2026-09-03T15:41:20.178089 ===
Build fingerprint: 4f68550affe5
Current time: 2026-09-03 11:41 AM EDT | Market open (per Alpaca): True | Session: REGULAR
Account value: $99,261.06
Cash: $89,705.74 | Holdings (2): {'GEHC': '0.6136 sh (-6.55%)', 'MS': '43.8344 sh (-1.78%)'}
=== Run at 2026-09-03T15:40:43.425167 ===
Build fingerprint: 4f68550affe5
Current time: 2026-09-03 11:40 AM EDT | Market open (per Alpaca): True | Session: REGULAR
Account value: $99,261.94
Cash: $89,705.74 | Holdings (2): {'GEHC': '0.6136 sh (-6.53%)', 'MS': '43.8344 sh (-1.77%)'}
Sector exposure (cached): Financials 9.6%, Health Care 0.0%
Fill reconciliation: {'filled': 0, 'partial': 0, 'rejected': 1}
Open orders (1): MS sell 43.8344
Risk state: peak $99,703.60 | drawdown 0.44% | today +0.23% | halted: False
Market regime: NEUTRAL (position-size multiplier: 100% incl. circuit breaker 100%)
Overnight queue deferred 6 known-stale idea(s) for 30 minutes to preserve Gemini quota.
Morning verification: 6 overnight-queued trade(s) handed to Gemini for re-verification against fresh data.
News: fetched 157, 21 new after dedup, 0 ticker(s) matched.
Quant pre-screen: 26/60 candidates passed.
Gemini proposed 2 trade(s) meeting the conviction bar.
Gemini calls used today (all models combined): 202
  -> {"ticker": "ORCL", "status": "skipped", "reason": "market data unavailable for ORCL (bid/ask spread missing)", "shadow": false, "data_guard": true}
  -> {"ticker": "HOOD", "status": "skipped", "reason": "market data unavailable for HOOD (bid/ask spread missing)", "shadow": false, "data_guard": true}
Overnight queue kept 12 idea(s) whose market data was stale; they will be retried after fresh quotes arrive.
Dashboard watchlist synced (4 symbols) for news/headlines.
Ending portfolio value: $99,266.32
Trade journal: all: 19 trades, 21% win rate, avg -2.19% | breakout: 1 trades, 0% win rate, avg -8.61% | other: 13 trades, 23% win rate, avg -1.93% | technical: 5 trades, 20% win rate, avg -1.58%
Self-learning: breakout: 1 trades, 0% win rate, avg -8.61% (LOSING) | other: 13 trades, 23% win rate, avg -1.93% (LOSING) | technical: 5 trades, 20% win rate, avg -1.58% (LOSING)
Performance: Total return +0.40% | Max drawdown 0.94% | Daily Sharpe 1.99 | 19 closed trades | Win rate 21% | Avg winner +1.83% | Avg loser -3.26% | Open positions: 2 | Equity $99,261.06
Engine P&L: legacy/unknown: realized $-1,705.68 (19 closed, 21% wins), unrealized $-170.42 (2 open) | Books: legacy: realized $-1,705.68, unrealized $-170.42
Reports: daily realized $+0.00; worst symbols none | weekly realized $+0.00; worst symbols none
Shadow report: 13178 shadow candidate(s), 357 rejection group(s)
Timings: account: 0.0s | risk: 0.9s | decide: 12.2s | watchlist: 0.2s | perf: 0.3s
Overnight queue deferred 7 known-stale idea(s) for 30 minutes to preserve Gemini quota.
Morning verification: 5 overnight-queued trade(s) handed to Gemini for re-verification against fresh data.
News: fetched 157, 22 new after dedup, 0 ticker(s) matched.
Quant pre-screen: 26/60 candidates passed.
Gemini proposed 3 trade(s) meeting the conviction bar.
Gemini calls used today (all models combined): 202
  -> {"ticker": "ORCL", "status": "skipped", "reason": "market data unavailable for ORCL (bid/ask spread missing)", "shadow": false, "data_guard": true}
  -> {"ticker": "HOOD", "status": "skipped", "reason": "market data unavailable for HOOD (bid/ask spread missing)", "shadow": false, "data_guard": true}
  -> {"ticker": "JNJ", "status": "skipped", "reason": "liquidity filter: JNJ average volume 223,101 < 500,000", "shadow": false, "data_guard": true}
Overnight queue kept 12 idea(s) whose market data was stale; they will be retried after fresh quotes arrive.
Dashboard watchlist synced (5 symbols) for news/headlines.
Ending portfolio value: $99,261.06
Trade journal: all: 19 trades, 21% win rate, avg -2.19% | breakout: 1 trades, 0% win rate, avg -8.61% | other: 13 trades, 23% win rate, avg -1.93% | technical: 5 trades, 20% win rate, avg -1.58%
Self-learning: breakout: 1 trades, 0% win rate, avg -8.61% (LOSING) | other: 13 trades, 23% win rate, avg -1.93% (LOSING) | technical: 5 trades, 20% win rate, avg -1.58% (LOSING)
Performance: Total return +0.40% | Max drawdown 0.94% | Daily Sharpe 1.96 | 19 closed trades | Win rate 21% | Avg winner +1.83% | Avg loser -3.26% | Open positions: 2 | Equity $99,261.94
Engine P&L: legacy/unknown: realized $-1,705.68 (19 closed, 21% wins), unrealized $-175.67 (2 open) | Books: legacy: realized $-1,705.68, unrealized $-175.67
Reports: daily realized $+0.00; worst symbols none | weekly realized $+0.00; worst symbols none
Shadow report: 13179 shadow candidate(s), 356 rejection group(s)
Timings: account: 0.0s | risk: 0.4s | decide: 9.2s | watchlist: 0.1s | perf: 0.2s

=== Run at 2026-09-03T15:42:33.403609 ===
Build fingerprint: 4f68550affe5
Current time: 2026-09-03 11:42 AM EDT | Market open (per Alpaca): True | Session: REGULAR
Account value: $99,266.55
Cash: $89,705.74 | Holdings (2): {'GEHC': '0.6136 sh (-6.52%)', 'MS': '43.8344 sh (-1.73%)'}
Sector exposure (cached): Financials 9.6%, Health Care 0.0%
Fill reconciliation: {'filled': 0, 'partial': 0, 'rejected': 1}
Open orders (1): MS sell 43.8344
Risk state: peak $99,703.60 | drawdown 0.44% | today +0.23% | halted: False
Market regime: NEUTRAL (position-size multiplier: 100% incl. circuit breaker 100%)
Overnight queue deferred 6 known-stale idea(s) for 30 minutes to preserve Gemini quota.
Morning verification: 6 overnight-queued trade(s) handed to Gemini for re-verification against fresh data.
News: fetched 157, 1 new after dedup, 0 ticker(s) matched.
Quant pre-screen: 26/60 candidates passed.
Gemini proposed 1 trade(s) meeting the conviction bar.
Gemini calls used today (all models combined): 203
  -> {"ticker": "ORCL", "status": "skipped", "reason": "market data unavailable for ORCL (bid/ask spread missing)", "shadow": false, "data_guard": true}
Overnight queue kept 12 idea(s) whose market data was stale; they will be retried after fresh quotes arrive.
Dashboard watchlist synced (3 symbols) for news/headlines.
Ending portfolio value: $99,268.09
Trade journal: all: 19 trades, 21% win rate, avg -2.19% | breakout: 1 trades, 0% win rate, avg -8.61% | other: 13 trades, 23% win rate, avg -1.93% | technical: 5 trades, 20% win rate, avg -1.58%
Self-learning: breakout: 1 trades, 0% win rate, avg -8.61% (LOSING) | other: 13 trades, 23% win rate, avg -1.93% (LOSING) | technical: 5 trades, 20% win rate, avg -1.58% (LOSING)
Performance: Total return +0.40% | Max drawdown 0.94% | Daily Sharpe 2.00 | 19 closed trades | Win rate 21% | Avg winner +1.83% | Avg loser -3.26% | Open positions: 2 | Equity $99,266.55
Engine P&L: legacy/unknown: realized $-1,705.68 (19 closed, 21% wins), unrealized $-168.65 (2 open) | Books: legacy: realized $-1,705.68, unrealized $-168.65
Reports: daily realized $+0.00; worst symbols none | weekly realized $+0.00; worst symbols none
Shadow report: 13179 shadow candidate(s), 356 rejection group(s)
Timings: account: 0.0s | risk: 0.8s | decide: 12.9s | watchlist: 0.1s | perf: 0.2s

=== Run at 2026-09-03T15:44:26.069004 ===
Build fingerprint: 4f68550affe5
Current time: 2026-09-03 11:44 AM EDT | Market open (per Alpaca): True | Session: REGULAR
Account value: $99,277.75
Cash: $89,705.74 | Holdings (2): {'GEHC': '0.6136 sh (-6.47%)', 'MS': '43.8344 sh (-1.61%)'}
Sector exposure (cached): Financials 9.6%, Health Care 0.0%
Fill reconciliation: {'filled': 0, 'partial': 0, 'rejected': 1}
Open orders (1): MS sell 43.8344
Risk state: peak $99,703.60 | drawdown 0.43% | today +0.25% | halted: False
Market regime: NEUTRAL (position-size multiplier: 100% incl. circuit breaker 100%)
Overnight queue deferred 5 known-stale idea(s) for 30 minutes to preserve Gemini quota.
Morning verification: 7 overnight-queued trade(s) handed to Gemini for re-verification against fresh data.
News: fetched 157, 1 new after dedup, 0 ticker(s) matched.
Quant pre-screen: 26/60 candidates passed.
Gemini proposed 3 trade(s) meeting the conviction bar.
Gemini calls used today (all models combined): 204
  -> {"ticker": "ORCL", "status": "skipped", "reason": "market data unavailable for ORCL (bid/ask spread missing)", "shadow": false, "data_guard": true}
  -> {"ticker": "HOOD", "status": "skipped", "reason": "market data unavailable for HOOD (bid/ask spread missing)", "shadow": false, "data_guard": true}
  -> {"ticker": "JNJ", "status": "skipped", "reason": "liquidity filter: JNJ average volume 223,130 < 500,000", "shadow": false, "data_guard": true}
Overnight queue kept 12 idea(s) whose market data was stale; they will be retried after fresh quotes arrive.
Dashboard watchlist synced (5 symbols) for news/headlines.
Ending portfolio value: $99,273.59
Trade journal: all: 19 trades, 21% win rate, avg -2.19% | breakout: 1 trades, 0% win rate, avg -8.61% | other: 13 trades, 23% win rate, avg -1.93% | technical: 5 trades, 20% win rate, avg -1.58%
Self-learning: breakout: 1 trades, 0% win rate, avg -8.61% (LOSING) | other: 13 trades, 23% win rate, avg -1.93% (LOSING) | technical: 5 trades, 20% win rate, avg -1.58% (LOSING)
Performance: Total return +0.41% | Max drawdown 0.94% | Daily Sharpe 2.02 | 19 closed trades | Win rate 21% | Avg winner +1.83% | Avg loser -3.26% | Open positions: 2 | Equity $99,277.75
Engine P&L: legacy/unknown: realized $-1,705.68 (19 closed, 21% wins), unrealized $-163.15 (2 open) | Books: legacy: realized $-1,705.68, unrealized $-163.15
Reports: daily realized $+0.00; worst symbols none | weekly realized $+0.00; worst symbols none
Shadow report: 13182 shadow candidate(s), 353 rejection group(s)
Timings: account: 0.0s | risk: 1.0s | decide: 11.1s | watchlist: 0.2s | perf: 0.3s

=== Run at 2026-09-03T15:46:30.161070 ===
Build fingerprint: 4f68550affe5
Current time: 2026-09-03 11:46 AM EDT | Market open (per Alpaca): True | Session: REGULAR
Account value: $99,275.41
Cash: $89,705.74 | Holdings (2): {'GEHC': '0.6136 sh (-6.30%)', 'MS': '43.8344 sh (-1.64%)'}
Sector exposure (cached): Financials 9.6%, Health Care 0.0%
Fill reconciliation: {'filled': 0, 'partial': 0, 'rejected': 1}
Open orders (1): MS sell 43.8344
Risk state: peak $99,703.60 | drawdown 0.43% | today +0.24% | halted: False
Market regime: NEUTRAL (position-size multiplier: 100% incl. circuit breaker 100%)
Overnight queue deferred 5 known-stale idea(s) for 30 minutes to preserve Gemini quota.
Morning verification: 7 overnight-queued trade(s) handed to Gemini for re-verification against fresh data.
News: fetched 157, 2 new after dedup, 0 ticker(s) matched.
Quant pre-screen: 26/60 candidates passed.
Gemini proposed 2 trade(s) meeting the conviction bar.
Gemini calls used today (all models combined): 205
  -> {"ticker": "ORCL", "status": "skipped", "reason": "market data unavailable for ORCL (bid/ask spread missing)", "shadow": false, "data_guard": true}
  -> {"ticker": "HOOD", "status": "skipped", "reason": "market data unavailable for HOOD (bid/ask spread missing)", "shadow": false, "data_guard": true}
Overnight queue kept 12 idea(s) whose market data was stale; they will be retried after fresh quotes arrive.
Dashboard watchlist synced (4 symbols) for news/headlines.
Ending portfolio value: $99,275.41
Trade journal: all: 19 trades, 21% win rate, avg -2.19% | breakout: 1 trades, 0% win rate, avg -8.61% | other: 13 trades, 23% win rate, avg -1.93% | technical: 5 trades, 20% win rate, avg -1.58%
Self-learning: breakout: 1 trades, 0% win rate, avg -8.61% (LOSING) | other: 13 trades, 23% win rate, avg -1.93% (LOSING) | technical: 5 trades, 20% win rate, avg -1.58% (LOSING)
Performance: Total return +0.41% | Max drawdown 0.94% | Daily Sharpe 2.03 | 19 closed trades | Win rate 21% | Avg winner +1.83% | Avg loser -3.26% | Open positions: 2 | Equity $99,275.41
Engine P&L: legacy/unknown: realized $-1,705.68 (19 closed, 21% wins), unrealized $-161.32 (2 open) | Books: legacy: realized $-1,705.68, unrealized $-161.32
Reports: daily realized $+0.00; worst symbols none | weekly realized $+0.00; worst symbols none
Shadow report: 13184 shadow candidate(s), 351 rejection group(s)
Timings: account: 0.0s | risk: 0.2s | decide: 15.8s | watchlist: 0.0s | perf: 0.2s

=== Run at 2026-09-03T15:48:26.912940 ===
Build fingerprint: 4f68550affe5
Current time: 2026-09-03 11:48 AM EDT | Market open (per Alpaca): True | Session: REGULAR
Account value: $99,278.71
Cash: $89,705.74 | Holdings (2): {'GEHC': '0.6136 sh (-6.28%)', 'MS': '43.8344 sh (-1.60%)'}
Sector exposure (cached): Financials 9.6%, Health Care 0.0%
Fill reconciliation: {'filled': 0, 'partial': 0, 'rejected': 1}
Open orders (1): MS sell 43.8344
Risk state: peak $99,703.60 | drawdown 0.43% | today +0.25% | halted: False
Market regime: NEUTRAL (position-size multiplier: 100% incl. circuit breaker 100%)
Overnight queue deferred 5 known-stale idea(s) for 30 minutes to preserve Gemini quota.
Morning verification: 7 overnight-queued trade(s) handed to Gemini for re-verification against fresh data.
News: fetched 157, 3 new after dedup, 0 ticker(s) matched.
Quant pre-screen: 26/60 candidates passed.
Gemini proposed 1 trade(s) meeting the conviction bar.
Gemini calls used today (all models combined): 206
  -> {"ticker": "ORCL", "status": "skipped", "reason": "market data unavailable for ORCL (bid/ask spread missing)", "shadow": false, "data_guard": true}
Overnight queue kept 12 idea(s) whose market data was stale; they will be retried after fresh quotes arrive.
Dashboard watchlist synced (3 symbols) for news/headlines.
Ending portfolio value: $99,278.06
Trade journal: all: 19 trades, 21% win rate, avg -2.19% | breakout: 1 trades, 0% win rate, avg -8.61% | other: 13 trades, 23% win rate, avg -1.93% | technical: 5 trades, 20% win rate, avg -1.58%
Self-learning: breakout: 1 trades, 0% win rate, avg -8.61% (LOSING) | other: 13 trades, 23% win rate, avg -1.93% (LOSING) | technical: 5 trades, 20% win rate, avg -1.58% (LOSING)
Performance: Total return +0.41% | Max drawdown 0.94% | Daily Sharpe 2.04 | 19 closed trades | Win rate 21% | Avg winner +1.83% | Avg loser -3.26% | Open positions: 2 | Equity $99,278.71
Engine P&L: legacy/unknown: realized $-1,705.68 (19 closed, 21% wins), unrealized $-158.68 (2 open) | Books: legacy: realized $-1,705.68, unrealized $-158.68
Reports: daily realized $+0.00; worst symbols none | weekly realized $+0.00; worst symbols none
Shadow report: 13185 shadow candidate(s), 350 rejection group(s)
Timings: account: 0.0s | risk: 0.2s | decide: 10.5s | watchlist: 0.0s | perf: 0.2s

=== Run at 2026-09-03T15:50:29.303279 ===
Build fingerprint: 4f68550affe5
Current time: 2026-09-03 11:50 AM EDT | Market open (per Alpaca): True | Session: REGULAR
Account value: $99,279.63
Cash: $89,705.74 | Holdings (2): {'GEHC': '0.6136 sh (-6.19%)', 'MS': '43.8344 sh (-1.59%)'}
Sector exposure (cached): Financials 9.6%, Health Care 0.0%
Fill reconciliation: {'filled': 0, 'partial': 0, 'rejected': 1}
Open orders (1): MS sell 43.8344
Risk state: peak $99,703.60 | drawdown 0.43% | today +0.25% | halted: False
Market regime: NEUTRAL (position-size multiplier: 100% incl. circuit breaker 100%)
Overnight queue deferred 4 known-stale idea(s) for 30 minutes to preserve Gemini quota.
Morning verification: 8 overnight-queued trade(s) handed to Gemini for re-verification against fresh data.
News: fetched 157, 3 new after dedup, 0 ticker(s) matched.
Quant pre-screen: 26/60 candidates passed.
Gemini proposed 2 trade(s) meeting the conviction bar.
Gemini calls used today (all models combined): 207
  -> {"ticker": "ORCL", "status": "skipped", "reason": "market data unavailable for ORCL (bid/ask spread missing)", "shadow": false, "data_guard": true}
  -> {"ticker": "HOOD", "status": "skipped", "reason": "market data unavailable for HOOD (bid/ask spread missing)", "shadow": false, "data_guard": true}
Overnight queue kept 12 idea(s) whose market data was stale; they will be retried after fresh quotes arrive.
Dashboard watchlist synced (4 symbols) for news/headlines.
Ending portfolio value: $99,279.40
Trade journal: all: 19 trades, 21% win rate, avg -2.19% | breakout: 1 trades, 0% win rate, avg -8.61% | other: 13 trades, 23% win rate, avg -1.93% | technical: 5 trades, 20% win rate, avg -1.58%
Self-learning: breakout: 1 trades, 0% win rate, avg -8.61% (LOSING) | other: 13 trades, 23% win rate, avg -1.93% (LOSING) | technical: 5 trades, 20% win rate, avg -1.58% (LOSING)
Performance: Total return +0.42% | Max drawdown 0.94% | Daily Sharpe 2.05 | 19 closed trades | Win rate 21% | Avg winner +1.83% | Avg loser -3.26% | Open positions: 2 | Equity $99,279.63
Engine P&L: legacy/unknown: realized $-1,705.68 (19 closed, 21% wins), unrealized $-157.33 (2 open) | Books: legacy: realized $-1,705.68, unrealized $-157.33
Reports: daily realized $+0.00; worst symbols none | weekly realized $+0.00; worst symbols none
Shadow report: 13187 shadow candidate(s), 348 rejection group(s)
Timings: account: 0.0s | risk: 0.2s | decide: 8.8s | watchlist: 1.4s | perf: 0.2s

=== Run at 2026-09-03T15:52:27.170573 ===
Build fingerprint: 4f68550affe5
Current time: 2026-09-03 11:52 AM EDT | Market open (per Alpaca): True | Session: REGULAR
Account value: $99,283.15
Cash: $89,705.74 | Holdings (2): {'GEHC': '0.6136 sh (-6.15%)', 'MS': '43.8344 sh (-1.56%)'}
Sector exposure (cached): Financials 9.6%, Health Care 0.0%
Fill reconciliation: {'filled': 0, 'partial': 0, 'rejected': 1}
Open orders (1): MS sell 43.8344
Risk state: peak $99,703.60 | drawdown 0.42% | today +0.25% | halted: False
Market regime: NEUTRAL (position-size multiplier: 100% incl. circuit breaker 100%)
Overnight queue deferred 3 known-stale idea(s) for 30 minutes to preserve Gemini quota.
Morning verification: 9 overnight-queued trade(s) handed to Gemini for re-verification against fresh data.
News: fetched 157, 1 new after dedup, 0 ticker(s) matched.
Quant pre-screen: 26/60 candidates passed.
Gemini proposed 3 trade(s) meeting the conviction bar.
Gemini calls used today (all models combined): 208
  -> {"ticker": "ORCL", "status": "skipped", "reason": "market data unavailable for ORCL (bid/ask spread missing)", "shadow": false, "data_guard": true}
  -> {"ticker": "HOOD", "status": "skipped", "reason": "market data unavailable for HOOD (bid/ask spread missing)", "shadow": false, "data_guard": true}
  -> {"ticker": "KDP", "status": "skipped", "reason": "market data unavailable for KDP (bid/ask spread missing)", "shadow": false, "data_guard": true}
Overnight queue kept 12 idea(s) whose market data was stale; they will be retried after fresh quotes arrive.
Dashboard watchlist synced (5 symbols) for news/headlines.
Ending portfolio value: $99,283.59
Trade journal: all: 19 trades, 21% win rate, avg -2.19% | breakout: 1 trades, 0% win rate, avg -8.61% | other: 13 trades, 23% win rate, avg -1.93% | technical: 5 trades, 20% win rate, avg -1.58%
Self-learning: breakout: 1 trades, 0% win rate, avg -8.61% (LOSING) | other: 13 trades, 23% win rate, avg -1.93% (LOSING) | technical: 5 trades, 20% win rate, avg -1.58% (LOSING)
Performance: Total return +0.42% | Max drawdown 0.94% | Daily Sharpe 2.07 | 19 closed trades | Win rate 21% | Avg winner +1.83% | Avg loser -3.26% | Open positions: 2 | Equity $99,283.15
Engine P&L: legacy/unknown: realized $-1,705.68 (19 closed, 21% wins), unrealized $-153.14 (2 open) | Books: legacy: realized $-1,705.68, unrealized $-153.14
Reports: daily realized $+0.00; worst symbols none | weekly realized $+0.00; worst symbols none
Shadow report: 13190 shadow candidate(s), 345 rejection group(s)
Timings: account: 0.0s | risk: 0.8s | decide: 16.8s | watchlist: 0.1s | perf: 0.2s

=== Run at 2026-09-03T15:54:29.633480 ===
Build fingerprint: 4f68550affe5
Current time: 2026-09-03 11:54 AM EDT | Market open (per Alpaca): True | Session: REGULAR
Account value: $99,284.03
Cash: $89,705.74 | Holdings (2): {'GEHC': '0.6136 sh (-6.14%)', 'MS': '43.8344 sh (-1.55%)'}
Sector exposure (cached): Financials 9.6%, Health Care 0.0%
Fill reconciliation: {'filled': 0, 'partial': 0, 'rejected': 1}
Open orders (1): MS sell 43.8344
Risk state: peak $99,703.60 | drawdown 0.42% | today +0.25% | halted: False
Market regime: NEUTRAL (position-size multiplier: 100% incl. circuit breaker 100%)
Overnight queue deferred 4 known-stale idea(s) for 30 minutes to preserve Gemini quota.
Morning verification: 8 overnight-queued trade(s) handed to Gemini for re-verification against fresh data.
News: fetched 157, 1 new after dedup, 0 ticker(s) matched.
Quant pre-screen: 26/60 candidates passed.
Gemini proposed 2 trade(s) meeting the conviction bar.
Gemini calls used today (all models combined): 209
  -> {"ticker": "ORCL", "status": "skipped", "reason": "market data unavailable for ORCL (bid/ask spread missing)", "shadow": false, "data_guard": true}
  -> {"ticker": "HOOD", "status": "skipped", "reason": "market data unavailable for HOOD (bid/ask spread missing)", "shadow": false, "data_guard": true}
Overnight queue kept 12 idea(s) whose market data was stale; they will be retried after fresh quotes arrive.
Dashboard watchlist synced (4 symbols) for news/headlines.
Ending portfolio value: $99,285.33
Trade journal: all: 19 trades, 21% win rate, avg -2.19% | breakout: 1 trades, 0% win rate, avg -8.61% | other: 13 trades, 23% win rate, avg -1.93% | technical: 5 trades, 20% win rate, avg -1.58%
Self-learning: breakout: 1 trades, 0% win rate, avg -8.61% (LOSING) | other: 13 trades, 23% win rate, avg -1.93% (LOSING) | technical: 5 trades, 20% win rate, avg -1.58% (LOSING)
Performance: Total return +0.42% | Max drawdown 0.94% | Daily Sharpe 2.07 | 19 closed trades | Win rate 21% | Avg winner +1.83% | Avg loser -3.26% | Open positions: 2 | Equity $99,284.03
Engine P&L: legacy/unknown: realized $-1,705.68 (19 closed, 21% wins), unrealized $-151.41 (2 open) | Books: legacy: realized $-1,705.68, unrealized $-151.41
Reports: daily realized $+0.00; worst symbols none | weekly realized $+0.00; worst symbols none
Shadow report: 13192 shadow candidate(s), 343 rejection group(s)
Timings: account: 0.0s | risk: 1.3s | decide: 10.7s | watchlist: 0.2s | perf: 0.3s

=== Run at 2026-09-03T15:56:25.883615 ===
Build fingerprint: 4f68550affe5
Current time: 2026-09-03 11:56 AM EDT | Market open (per Alpaca): True | Session: REGULAR
Account value: $99,281.81
Cash: $89,705.74 | Holdings (2): {'GEHC': '0.6136 sh (-6.22%)', 'MS': '43.8344 sh (-1.57%)'}
Sector exposure (cached): Financials 9.6%, Health Care 0.0%
Fill reconciliation: {'filled': 0, 'partial': 0, 'rejected': 1}
Open orders (1): MS sell 43.8344
Risk state: peak $99,703.60 | drawdown 0.42% | today +0.25% | halted: False
Market regime: NEUTRAL (position-size multiplier: 100% incl. circuit breaker 100%)
Overnight queue deferred 4 known-stale idea(s) for 30 minutes to preserve Gemini quota.
Morning verification: 8 overnight-queued trade(s) handed to Gemini for re-verification against fresh data.
News: fetched 157, 2 new after dedup, 0 ticker(s) matched.
Quant pre-screen: 26/60 candidates passed.
Gemini proposed 3 trade(s) meeting the conviction bar.
Gemini calls used today (all models combined): 210
  -> {"ticker": "ORCL", "status": "skipped", "reason": "market data unavailable for ORCL (bid/ask spread missing)", "shadow": false, "data_guard": true}
  -> {"ticker": "HOOD", "status": "skipped", "reason": "market data unavailable for HOOD (bid/ask spread missing)", "shadow": false, "data_guard": true}
  -> {"ticker": "HPQ", "status": "skipped", "reason": "market data unavailable for HPQ (bid/ask spread missing)", "shadow": false, "data_guard": true}
Overnight queue kept 12 idea(s) whose market data was stale; they will be retried after fresh quotes arrive.
Dashboard watchlist synced (5 symbols) for news/headlines.
Ending portfolio value: $99,282.24
Trade journal: all: 19 trades, 21% win rate, avg -2.19% | breakout: 1 trades, 0% win rate, avg -8.61% | other: 13 trades, 23% win rate, avg -1.93% | technical: 5 trades, 20% win rate, avg -1.58%
Self-learning: breakout: 1 trades, 0% win rate, avg -8.61% (LOSING) | other: 13 trades, 23% win rate, avg -1.93% (LOSING) | technical: 5 trades, 20% win rate, avg -1.58% (LOSING)
Performance: Total return +0.42% | Max drawdown 0.94% | Daily Sharpe 2.06 | 19 closed trades | Win rate 21% | Avg winner +1.83% | Avg loser -3.26% | Open positions: 2 | Equity $99,281.81
Engine P&L: legacy/unknown: realized $-1,705.68 (19 closed, 21% wins), unrealized $-154.49 (2 open) | Books: legacy: realized $-1,705.68, unrealized $-154.49
Reports: daily realized $+0.00; worst symbols none | weekly realized $+0.00; worst symbols none
Shadow report: 13195 shadow candidate(s), 340 rejection group(s)
Timings: account: 0.0s | risk: 0.2s | decide: 9.2s | watchlist: 0.0s | perf: 0.1s

=== Run at 2026-09-03T15:58:26.356242 ===
Build fingerprint: 4f68550affe5
Current time: 2026-09-03 11:58 AM EDT | Market open (per Alpaca): True | Session: REGULAR
Account value: $99,285.14
Cash: $89,705.74 | Holdings (2): {'GEHC': '0.6136 sh (-6.11%)', 'MS': '43.8344 sh (-1.54%)'}
Sector exposure (cached): Financials 9.6%, Health Care 0.0%
Fill reconciliation: {'filled': 0, 'partial': 0, 'rejected': 1}
Open orders (1): MS sell 43.8344
Risk state: peak $99,703.60 | drawdown 0.42% | today +0.25% | halted: False
Market regime: NEUTRAL (position-size multiplier: 100% incl. circuit breaker 100%)
Overnight queue deferred 4 known-stale idea(s) for 30 minutes to preserve Gemini quota.
Morning verification: 8 overnight-queued trade(s) handed to Gemini for re-verification against fresh data.
News: fetched 157, 1 new after dedup, 0 ticker(s) matched.
Quant pre-screen: 26/60 candidates passed.
Gemini proposed 2 trade(s) meeting the conviction bar.
Gemini calls used today (all models combined): 211
  -> {"ticker": "HOOD", "status": "skipped", "reason": "market data unavailable for HOOD (bid/ask spread missing)", "shadow": false, "data_guard": true}
  -> {"ticker": "ORCL", "status": "skipped", "reason": "market data unavailable for ORCL (bid/ask spread missing)", "shadow": false, "data_guard": true}
Overnight queue kept 12 idea(s) whose market data was stale; they will be retried after fresh quotes arrive.
Dashboard watchlist synced (4 symbols) for news/headlines.
Ending portfolio value: $99,284.49
Trade journal: all: 19 trades, 21% win rate, avg -2.19% | breakout: 1 trades, 0% win rate, avg -8.61% | other: 13 trades, 23% win rate, avg -1.93% | technical: 5 trades, 20% win rate, avg -1.58%
Self-learning: breakout: 1 trades, 0% win rate, avg -8.61% (LOSING) | other: 13 trades, 23% win rate, avg -1.93% (LOSING) | technical: 5 trades, 20% win rate, avg -1.58% (LOSING)
Performance: Total return +0.42% | Max drawdown 0.94% | Daily Sharpe 2.07 | 19 closed trades | Win rate 21% | Avg winner +1.83% | Avg loser -3.26% | Open positions: 2 | Equity $99,285.14
Engine P&L: legacy/unknown: realized $-1,705.68 (19 closed, 21% wins), unrealized $-152.25 (2 open) | Books: legacy: realized $-1,705.68, unrealized $-152.25
Reports: daily realized $+0.00; worst symbols none | weekly realized $+0.00; worst symbols none
Shadow report: 13197 shadow candidate(s), 338 rejection group(s)
Timings: account: 0.0s | risk: 0.2s | decide: 9.9s | watchlist: 0.0s | perf: 0.2s

=== Run at 2026-09-03T16:00:37.887096 ===
Build fingerprint: 4f68550affe5
Current time: 2026-09-03 12:00 PM EDT | Market open (per Alpaca): True | Session: REGULAR
Account value: $99,286.70
Cash: $89,705.74 | Holdings (2): {'GEHC': '0.6136 sh (-6.07%)', 'MS': '43.8344 sh (-1.52%)'}
Sector exposure (cached): Financials 9.6%, Health Care 0.0%
Fill reconciliation: {'filled': 0, 'partial': 0, 'rejected': 1}
Open orders (1): MS sell 43.8344
Risk state: peak $99,703.60 | drawdown 0.42% | today +0.26% | halted: False
Market regime: BULLISH (position-size multiplier: 100% incl. circuit breaker 100%)
Overnight queue deferred 4 known-stale idea(s) for 30 minutes to preserve Gemini quota.
Morning verification: 8 overnight-queued trade(s) handed to Gemini for re-verification against fresh data.
News: fetched 157, 5 new after dedup, 0 ticker(s) matched.
Quant pre-screen: 7/12 candidates passed.
Gemini proposed 2 trade(s) meeting the conviction bar.
Gemini calls used today (all models combined): 212
  -> {"ticker": "ORCL", "status": "skipped", "reason": "market data unavailable for ORCL (bid/ask spread missing)", "shadow": false, "data_guard": true}
  -> {"ticker": "HPQ", "status": "skipped", "reason": "market data unavailable for HPQ (bid/ask spread missing)", "shadow": false, "data_guard": true}
Overnight queue kept 12 idea(s) whose market data was stale; they will be retried after fresh quotes arrive.
Dashboard watchlist synced (4 symbols) for news/headlines.
Ending portfolio value: $99,285.16
Trade journal: all: 19 trades, 21% win rate, avg -2.19% | breakout: 1 trades, 0% win rate, avg -8.61% | other: 13 trades, 23% win rate, avg -1.93% | technical: 5 trades, 20% win rate, avg -1.58%
Self-learning: breakout: 1 trades, 0% win rate, avg -8.61% (LOSING) | other: 13 trades, 23% win rate, avg -1.93% (LOSING) | technical: 5 trades, 20% win rate, avg -1.58% (LOSING)
Performance: Total return +0.42% | Max drawdown 0.94% | Daily Sharpe 2.07 | 19 closed trades | Win rate 21% | Avg winner +1.83% | Avg loser -3.26% | Open positions: 2 | Equity $99,286.70
Engine P&L: legacy/unknown: realized $-1,705.68 (19 closed, 21% wins), unrealized $-151.57 (2 open) | Books: legacy: realized $-1,705.68, unrealized $-151.57
Reports: daily realized $+0.00; worst symbols none | weekly realized $+0.00; worst symbols none
Shadow report: 13199 shadow candidate(s), 336 rejection group(s)
Timings: account: 0.0s | risk: 0.7s | decide: 14.7s | watchlist: 0.1s | perf: 0.2s

=== Run at 2026-09-03T16:02:37.707299 ===
Build fingerprint: 4f68550affe5
Current time: 2026-09-03 12:02 PM EDT | Market open (per Alpaca): True | Session: REGULAR
Account value: $99,273.92
Cash: $89,705.74 | Holdings (2): {'GEHC': '0.6136 sh (-6.22%)', 'MS': '43.8344 sh (-1.65%)'}
Sector exposure (cached): Financials 9.6%, Health Care 0.0%
Fill reconciliation: {'filled': 0, 'partial': 0, 'rejected': 1}
Open orders (1): MS sell 43.8344
Risk state: peak $99,703.60 | drawdown 0.43% | today +0.24% | halted: False
Market regime: NEUTRAL (position-size multiplier: 100% incl. circuit breaker 100%)
Overnight queue deferred 4 known-stale idea(s) for 30 minutes to preserve Gemini quota.
Morning verification: 8 overnight-queued trade(s) handed to Gemini for re-verification against fresh data.
News: fetched 157, 1 new after dedup, 0 ticker(s) matched.
Quant pre-screen: 11/23 candidates passed.
Gemini proposed 2 trade(s) meeting the conviction bar.
Gemini calls used today (all models combined): 213
  -> {"ticker": "NTAP", "status": "skipped", "reason": "entry alignment: price $186.49 is not above SMA-20 $193.56"}
  -> {"ticker": "HOOD", "status": "skipped", "reason": "market data unavailable for HOOD (bid/ask spread missing)", "shadow": false, "data_guard": true}
Overnight queue kept 12 idea(s) whose market data was stale; they will be retried after fresh quotes arrive.
Dashboard watchlist synced (4 symbols) for news/headlines.
Ending portfolio value: $99,273.92
Trade journal: all: 19 trades, 21% win rate, avg -2.19% | breakout: 1 trades, 0% win rate, avg -8.61% | other: 13 trades, 23% win rate, avg -1.93% | technical: 5 trades, 20% win rate, avg -1.58%
Self-learning: breakout: 1 trades, 0% win rate, avg -8.61% (LOSING) | other: 13 trades, 23% win rate, avg -1.93% (LOSING) | technical: 5 trades, 20% win rate, avg -1.58% (LOSING)
Performance: Total return +0.41% | Max drawdown 0.94% | Daily Sharpe 2.02 | 19 closed trades | Win rate 21% | Avg winner +1.83% | Avg loser -3.26% | Open positions: 2 | Equity $99,273.92
Engine P&L: legacy/unknown: realized $-1,705.68 (19 closed, 21% wins), unrealized $-162.82 (2 open) | Books: legacy: realized $-1,705.68, unrealized $-162.82
Reports: daily realized $+0.00; worst symbols none | weekly realized $+0.00; worst symbols none
Shadow report: 13200 shadow candidate(s), 335 rejection group(s)
Timings: account: 0.0s | risk: 0.5s | decide: 17.9s | watchlist: 0.1s | perf: 0.2s

=== Run at 2026-09-03T16:04:25.593782 ===
Build fingerprint: 4f68550affe5
Current time: 2026-09-03 12:04 PM EDT | Market open (per Alpaca): True | Session: REGULAR
Account value: $99,267.75
Cash: $89,705.74 | Holdings (2): {'GEHC': '0.6136 sh (-6.28%)', 'MS': '43.8344 sh (-1.71%)'}
Sector exposure (cached): Financials 9.6%, Health Care 0.0%
Fill reconciliation: {'filled': 0, 'partial': 0, 'rejected': 1}
Open orders (1): MS sell 43.8344
Risk state: peak $99,703.60 | drawdown 0.44% | today +0.24% | halted: False
Market regime: NEUTRAL (position-size multiplier: 100% incl. circuit breaker 100%)
Overnight queue deferred 4 known-stale idea(s) for 30 minutes to preserve Gemini quota.
Morning verification: 8 overnight-queued trade(s) handed to Gemini for re-verification against fresh data.
News: fetched 157, 5 new after dedup, 1 ticker(s) matched.
Quant pre-screen: 11/15 candidates passed.
Gemini proposed 2 trade(s) meeting the conviction bar.
Gemini calls used today (all models combined): 214
  -> {"ticker": "ORCL", "status": "skipped", "reason": "market data unavailable for ORCL (bid/ask spread missing)", "shadow": false, "data_guard": true}
  -> {"ticker": "MSFT", "status": "skipped", "reason": "market data unavailable for MSFT (bid/ask spread missing)", "shadow": false, "data_guard": true}
Overnight queue kept 12 idea(s) whose market data was stale; they will be retried after fresh quotes arrive.
Dashboard watchlist synced (5 symbols) for news/headlines.
Ending portfolio value: $99,268.19
Trade journal: all: 19 trades, 21% win rate, avg -2.19% | breakout: 1 trades, 0% win rate, avg -8.61% | other: 13 trades, 23% win rate, avg -1.93% | technical: 5 trades, 20% win rate, avg -1.58%
Self-learning: breakout: 1 trades, 0% win rate, avg -8.61% (LOSING) | other: 13 trades, 23% win rate, avg -1.93% (LOSING) | technical: 5 trades, 20% win rate, avg -1.58% (LOSING)
Performance: Total return +0.40% | Max drawdown 0.94% | Daily Sharpe 2.00 | 19 closed trades | Win rate 21% | Avg winner +1.83% | Avg loser -3.26% | Open positions: 2 | Equity $99,267.75
Engine P&L: legacy/unknown: realized $-1,705.68 (19 closed, 21% wins), unrealized $-168.54 (2 open) | Books: legacy: realized $-1,705.68, unrealized $-168.54
Reports: daily realized $+0.00; worst symbols none | weekly realized $+0.00; worst symbols none
Shadow report: 13202 shadow candidate(s), 333 rejection group(s)
Timings: account: 0.0s | risk: 0.5s | decide: 11.3s | watchlist: 0.0s | perf: 0.1s

=== Run at 2026-09-03T16:06:30.961718 ===
Build fingerprint: 4f68550affe5
Current time: 2026-09-03 12:06 PM EDT | Market open (per Alpaca): True | Session: REGULAR
Account value: $99,270.75
Cash: $89,705.74 | Holdings (2): {'GEHC': '0.6136 sh (-6.44%)', 'MS': '43.8344 sh (-1.68%)'}
Sector exposure (cached): Financials 9.6%, Health Care 0.0%
Fill reconciliation: {'filled': 0, 'partial': 0, 'rejected': 1}
Open orders (1): MS sell 43.8344
Risk state: peak $99,703.60 | drawdown 0.43% | today +0.24% | halted: False
Market regime: NEUTRAL (position-size multiplier: 100% incl. circuit breaker 100%)
Overnight queue deferred 5 known-stale idea(s) for 30 minutes to preserve Gemini quota.
Morning verification: 7 overnight-queued trade(s) handed to Gemini for re-verification against fresh data.
News: fetched 157, 0 new after dedup, 0 ticker(s) matched.
Quant pre-screen: 15/35 candidates passed.
Gemini proposed 2 trade(s) meeting the conviction bar.
Gemini calls used today (all models combined): 215
  -> {"ticker": "HPQ", "status": "skipped", "reason": "market data unavailable for HPQ (bid/ask spread missing)", "shadow": false, "data_guard": true}
  -> {"ticker": "HOOD", "status": "skipped", "reason": "market data unavailable for HOOD (bid/ask spread missing)", "shadow": false, "data_guard": true}
Overnight queue kept 12 idea(s) whose market data was stale; they will be retried after fresh quotes arrive.
Dashboard watchlist synced (4 symbols) for news/headlines.
Ending portfolio value: $99,269.42
Trade journal: all: 19 trades, 21% win rate, avg -2.19% | breakout: 1 trades, 0% win rate, avg -8.61% | other: 13 trades, 23% win rate, avg -1.93% | technical: 5 trades, 20% win rate, avg -1.58%
Self-learning: breakout: 1 trades, 0% win rate, avg -8.61% (LOSING) | other: 13 trades, 23% win rate, avg -1.93% (LOSING) | technical: 5 trades, 20% win rate, avg -1.58% (LOSING)
Performance: Total return +0.41% | Max drawdown 0.94% | Daily Sharpe 2.00 | 19 closed trades | Win rate 21% | Avg winner +1.83% | Avg loser -3.26% | Open positions: 2 | Equity $99,270.75
Engine P&L: legacy/unknown: realized $-1,705.68 (19 closed, 21% wins), unrealized $-167.31 (2 open) | Books: legacy: realized $-1,705.68, unrealized $-167.31
Reports: daily realized $+0.00; worst symbols none | weekly realized $+0.00; worst symbols none
Shadow report: 13204 shadow candidate(s), 331 rejection group(s)
Timings: account: 0.0s | risk: 1.1s | decide: 12.1s | watchlist: 0.2s | perf: 0.3s

=== Run at 2026-09-03T16:08:28.443949 ===
Build fingerprint: 4f68550affe5
Current time: 2026-09-03 12:08 PM EDT | Market open (per Alpaca): True | Session: REGULAR
Account value: $99,245.18
Cash: $89,705.74 | Holdings (2): {'GEHC': '0.6136 sh (-6.53%)', 'MS': '43.8344 sh (-1.95%)'}
Sector exposure (cached): Financials 9.6%, Health Care 0.0%
Fill reconciliation: {'filled': 0, 'partial': 0, 'rejected': 1}
Open orders (1): MS sell 43.8344
Risk state: peak $99,703.60 | drawdown 0.46% | today +0.21% | halted: False
Market regime: NEUTRAL (position-size multiplier: 100% incl. circuit breaker 100%)
Overnight queue deferred 5 known-stale idea(s) for 30 minutes to preserve Gemini quota.
Morning verification: 7 overnight-queued trade(s) handed to Gemini for re-verification against fresh data.
News: fetched 157, 1 new after dedup, 0 ticker(s) matched.
Quant pre-screen: 23/47 candidates passed.
Gemini proposed 2 trade(s) meeting the conviction bar.
Gemini calls used today (all models combined): 216
  -> {"ticker": "HOOD", "status": "skipped", "reason": "market data unavailable for HOOD (bid/ask spread missing)", "shadow": false, "data_guard": true}
  -> {"ticker": "HPQ", "status": "skipped", "reason": "market data unavailable for HPQ (bid/ask spread missing)", "shadow": false, "data_guard": true}
Overnight queue kept 12 idea(s) whose market data was stale; they will be retried after fresh quotes arrive.
Dashboard watchlist synced (4 symbols) for news/headlines.
Ending portfolio value: $99,244.87
Trade journal: all: 19 trades, 21% win rate, avg -2.19% | breakout: 1 trades, 0% win rate, avg -8.61% | other: 13 trades, 23% win rate, avg -1.93% | technical: 5 trades, 20% win rate, avg -1.58%
Self-learning: breakout: 1 trades, 0% win rate, avg -8.61% (LOSING) | other: 13 trades, 23% win rate, avg -1.93% (LOSING) | technical: 5 trades, 20% win rate, avg -1.58% (LOSING)
Performance: Total return +0.38% | Max drawdown 0.94% | Daily Sharpe 1.89 | 19 closed trades | Win rate 21% | Avg winner +1.83% | Avg loser -3.26% | Open positions: 2 | Equity $99,245.18
Engine P&L: legacy/unknown: realized $-1,705.68 (19 closed, 21% wins), unrealized $-191.86 (2 open) | Books: legacy: realized $-1,705.68, unrealized $-191.86
Reports: daily realized $+0.00; worst symbols none | weekly realized $+0.00; worst symbols none
Shadow report: 13206 shadow candidate(s), 329 rejection group(s)
Timings: account: 0.0s | risk: 0.2s | decide: 12.8s | watchlist: 0.0s | perf: 0.1s

=== Run at 2026-09-03T16:10:39.689117 ===
Build fingerprint: 4f68550affe5
Current time: 2026-09-03 12:10 PM EDT | Market open (per Alpaca): True | Session: REGULAR
Account value: $99,249.66
Cash: $89,705.74 | Holdings (2): {'GEHC': '0.6136 sh (-6.55%)', 'MS': '43.8344 sh (-1.90%)'}
Sector exposure (cached): Financials 9.6%, Health Care 0.0%
Fill reconciliation: {'filled': 0, 'partial': 0, 'rejected': 1}
Open orders (1): MS sell 43.8344
Risk state: peak $99,703.60 | drawdown 0.46% | today +0.22% | halted: False
Market regime: NEUTRAL (position-size multiplier: 100% incl. circuit breaker 100%)
Overnight queue deferred 5 known-stale idea(s) for 30 minutes to preserve Gemini quota.
Morning verification: 7 overnight-queued trade(s) handed to Gemini for re-verification against fresh data.
News: fetched 157, 1 new after dedup, 0 ticker(s) matched.
Quant pre-screen: 27/59 candidates passed.
Gemini proposed 2 trade(s) meeting the conviction bar.
Gemini calls used today (all models combined): 217
  -> {"ticker": "HOOD", "status": "skipped", "reason": "market data unavailable for HOOD (bid/ask spread missing)", "shadow": false, "data_guard": true}
  -> {"ticker": "KR", "status": "skipped", "reason": "liquidity filter: KR average volume 389,731 < 500,000", "shadow": false, "data_guard": true}
Overnight queue kept 12 idea(s) whose market data was stale; they will be retried after fresh quotes arrive.
Dashboard watchlist synced (4 symbols) for news/headlines.
Ending portfolio value: $99,246.15
Trade journal: all: 19 trades, 21% win rate, avg -2.19% | breakout: 1 trades, 0% win rate, avg -8.61% | other: 13 trades, 23% win rate, avg -1.93% | technical: 5 trades, 20% win rate, avg -1.58%
Self-learning: breakout: 1 trades, 0% win rate, avg -8.61% (LOSING) | other: 13 trades, 23% win rate, avg -1.93% (LOSING) | technical: 5 trades, 20% win rate, avg -1.58% (LOSING)
Performance: Total return +0.38% | Max drawdown 0.94% | Daily Sharpe 1.90 | 19 closed trades | Win rate 21% | Avg winner +1.83% | Avg loser -3.26% | Open positions: 2 | Equity $99,249.66
Engine P&L: legacy/unknown: realized $-1,705.68 (19 closed, 21% wins), unrealized $-190.58 (2 open) | Books: legacy: realized $-1,705.68, unrealized $-190.58
Reports: daily realized $+0.00; worst symbols none | weekly realized $+0.00; worst symbols none
Shadow report: 13208 shadow candidate(s), 327 rejection group(s)
Timings: account: 0.0s | risk: 0.3s | decide: 14.6s | watchlist: 0.0s | perf: 0.2s

=== Run at 2026-09-03T16:12:36.634251 ===
Build fingerprint: 4f68550affe5
Current time: 2026-09-03 12:12 PM EDT | Market open (per Alpaca): True | Session: REGULAR
Account value: $99,250.71
Cash: $89,705.74 | Holdings (2): {'GEHC': '0.6136 sh (-6.65%)', 'MS': '43.8344 sh (-1.89%)'}
Sector exposure (cached): Financials 9.6%, Health Care 0.0%
Fill reconciliation: {'filled': 0, 'partial': 0, 'rejected': 1}
Open orders (1): MS sell 43.8344
Risk state: peak $99,703.60 | drawdown 0.45% | today +0.22% | halted: False
Market regime: NEUTRAL (position-size multiplier: 100% incl. circuit breaker 100%)
Overnight queue deferred 5 known-stale idea(s) for 30 minutes to preserve Gemini quota.
Morning verification: 7 overnight-queued trade(s) handed to Gemini for re-verification against fresh data.
News: fetched 157, 0 new after dedup, 0 ticker(s) matched.
Quant pre-screen: 27/60 candidates passed.
Gemini proposed 1 trade(s) meeting the conviction bar.
Gemini calls used today (all models combined): 218
  -> {"ticker": "HOOD", "status": "skipped", "reason": "market data unavailable for HOOD (bid/ask spread missing)", "shadow": false, "data_guard": true}
Overnight queue kept 12 idea(s) whose market data was stale; they will be retried after fresh quotes arrive.
Dashboard watchlist synced (3 symbols) for news/headlines.
Ending portfolio value: $99,250.88
Trade journal: all: 19 trades, 21% win rate, avg -2.19% | breakout: 1 trades, 0% win rate, avg -8.61% | other: 13 trades, 23% win rate, avg -1.93% | technical: 5 trades, 20% win rate, avg -1.58%
Self-learning: breakout: 1 trades, 0% win rate, avg -8.61% (LOSING) | other: 13 trades, 23% win rate, avg -1.93% (LOSING) | technical: 5 trades, 20% win rate, avg -1.58% (LOSING)
Performance: Total return +0.39% | Max drawdown 0.94% | Daily Sharpe 1.92 | 19 closed trades | Win rate 21% | Avg winner +1.83% | Avg loser -3.26% | Open positions: 2 | Equity $99,250.71
Engine P&L: legacy/unknown: realized $-1,705.68 (19 closed, 21% wins), unrealized $-185.85 (2 open) | Books: legacy: realized $-1,705.68, unrealized $-185.85
Reports: daily realized $+0.00; worst symbols none | weekly realized $+0.00; worst symbols none
Shadow report: 13209 shadow candidate(s), 326 rejection group(s)
Timings: account: 0.0s | risk: 0.9s | decide: 15.4s | watchlist: 0.1s | perf: 0.3s

=== Run at 2026-09-03T16:14:30.414310 ===
Build fingerprint: 4f68550affe5
Current time: 2026-09-03 12:14 PM EDT | Market open (per Alpaca): True | Session: REGULAR
Account value: $99,255.76
Cash: $89,705.74 | Holdings (2): {'GEHC': '0.6136 sh (-6.63%)', 'MS': '43.8344 sh (-1.84%)'}
Sector exposure (cached): Financials 9.6%, Health Care 0.0%
Fill reconciliation: {'filled': 0, 'partial': 0, 'rejected': 1}
Open orders (1): MS sell 43.8344
Risk state: peak $99,703.60 | drawdown 0.45% | today +0.22% | halted: False
Market regime: NEUTRAL (position-size multiplier: 100% incl. circuit breaker 100%)
Overnight queue deferred 5 known-stale idea(s) for 30 minutes to preserve Gemini quota.
Morning verification: 7 overnight-queued trade(s) handed to Gemini for re-verification against fresh data.
News: fetched 157, 1 new after dedup, 1 ticker(s) matched.
Quant pre-screen: 18/28 candidates passed.
Gemini proposed 2 trade(s) meeting the conviction bar.
Gemini calls used today (all models combined): 219
  -> {"ticker": "NOW", "status": "skipped", "reason": "market data unavailable for NOW (bid/ask spread missing)", "shadow": false, "data_guard": true}
  -> {"ticker": "HOOD", "status": "skipped", "reason": "market data unavailable for HOOD (bid/ask spread missing)", "shadow": false, "data_guard": true}
Overnight queue kept 12 idea(s) whose market data was stale; they will be retried after fresh quotes arrive.
Dashboard watchlist synced (5 symbols) for news/headlines.
Ending portfolio value: $99,256.01
Trade journal: all: 19 trades, 21% win rate, avg -2.19% | breakout: 1 trades, 0% win rate, avg -8.61% | other: 13 trades, 23% win rate, avg -1.93% | technical: 5 trades, 20% win rate, avg -1.58%
Self-learning: breakout: 1 trades, 0% win rate, avg -8.61% (LOSING) | other: 13 trades, 23% win rate, avg -1.93% (LOSING) | technical: 5 trades, 20% win rate, avg -1.58% (LOSING)
Performance: Total return +0.39% | Max drawdown 0.94% | Daily Sharpe 1.94 | 19 closed trades | Win rate 21% | Avg winner +1.83% | Avg loser -3.26% | Open positions: 2 | Equity $99,255.76
Engine P&L: legacy/unknown: realized $-1,705.68 (19 closed, 21% wins), unrealized $-180.72 (2 open) | Books: legacy: realized $-1,705.68, unrealized $-180.72
Reports: daily realized $+0.00; worst symbols none | weekly realized $+0.00; worst symbols none
Shadow report: 13211 shadow candidate(s), 324 rejection group(s)
Timings: account: 0.0s | risk: 1.0s | decide: 13.7s | watchlist: 0.1s | perf: 0.2s

=== Run at 2026-09-03T16:16:34.102185 ===
Build fingerprint: 4f68550affe5
Current time: 2026-09-03 12:16 PM EDT | Market open (per Alpaca): True | Session: REGULAR
Account value: $99,256.67
Cash: $89,705.74 | Holdings (2): {'GEHC': '0.6136 sh (-6.55%)', 'MS': '43.8344 sh (-1.83%)'}
Sector exposure (cached): Financials 9.6%, Health Care 0.0%
Fill reconciliation: {'filled': 0, 'partial': 0, 'rejected': 1}
Open orders (1): MS sell 43.8344
Risk state: peak $99,703.60 | drawdown 0.45% | today +0.22% | halted: False
Market regime: NEUTRAL (position-size multiplier: 100% incl. circuit breaker 100%)
Overnight queue deferred 6 known-stale idea(s) for 30 minutes to preserve Gemini quota.
Morning verification: 6 overnight-queued trade(s) handed to Gemini for re-verification against fresh data.
News: fetched 157, 2 new after dedup, 1 ticker(s) matched.
Quant pre-screen: 25/39 candidates passed.
Gemini proposed 3 trade(s) meeting the conviction bar.
Gemini calls used today (all models combined): 220
  -> {"ticker": "NVDA", "status": "skipped", "reason": "market data unavailable for NVDA (bid/ask spread missing)", "shadow": false, "data_guard": true}
  -> {"ticker": "ORCL", "status": "skipped", "reason": "market data unavailable for ORCL (bid/ask spread missing)", "shadow": false, "data_guard": true}
  -> {"ticker": "HOOD", "status": "skipped", "reason": "market data unavailable for HOOD (bid/ask spread missing)", "shadow": false, "data_guard": true}
Overnight queue kept 12 idea(s) whose market data was stale; they will be retried after fresh quotes arrive.
Dashboard watchlist synced (6 symbols) for news/headlines.
Ending portfolio value: $99,256.05
Trade journal: all: 19 trades, 21% win rate, avg -2.19% | breakout: 1 trades, 0% win rate, avg -8.61% | other: 13 trades, 23% win rate, avg -1.93% | technical: 5 trades, 20% win rate, avg -1.58%
Self-learning: breakout: 1 trades, 0% win rate, avg -8.61% (LOSING) | other: 13 trades, 23% win rate, avg -1.93% (LOSING) | technical: 5 trades, 20% win rate, avg -1.58% (LOSING)
Performance: Total return +0.39% | Max drawdown 0.94% | Daily Sharpe 1.94 | 19 closed trades | Win rate 21% | Avg winner +1.83% | Avg loser -3.26% | Open positions: 2 | Equity $99,256.67
Engine P&L: legacy/unknown: realized $-1,705.68 (19 closed, 21% wins), unrealized $-180.69 (2 open) | Books: legacy: realized $-1,705.68, unrealized $-180.69
Reports: daily realized $+0.00; worst symbols none | weekly realized $+0.00; worst symbols none
Shadow report: 13214 shadow candidate(s), 321 rejection group(s)
Timings: account: 0.0s | risk: 0.9s | decide: 20.9s | watchlist: 0.2s | perf: 0.3s

=== Run at 2026-09-03T16:18:32.531384 ===
Build fingerprint: 4f68550affe5
Current time: 2026-09-03 12:18 PM EDT | Market open (per Alpaca): True | Session: REGULAR
Account value: $99,257.12
Cash: $89,705.74 | Holdings (2): {'GEHC': '0.6136 sh (-6.51%)', 'MS': '43.8344 sh (-1.82%)'}
Sector exposure (cached): Financials 9.6%, Health Care 0.0%
Fill reconciliation: {'filled': 0, 'partial': 0, 'rejected': 1}
Open orders (1): MS sell 43.8344
Risk state: peak $99,703.60 | drawdown 0.45% | today +0.23% | halted: False
Market regime: NEUTRAL (position-size multiplier: 100% incl. circuit breaker 100%)
Overnight queue deferred 7 known-stale idea(s) for 30 minutes to preserve Gemini quota.
Morning verification: 5 overnight-queued trade(s) handed to Gemini for re-verification against fresh data.
News: fetched 157, 1 new after dedup, 0 ticker(s) matched.
Quant pre-screen: 27/60 candidates passed.
Gemini proposed 2 trade(s) meeting the conviction bar.
Gemini calls used today (all models combined): 221
  -> {"ticker": "HOOD", "status": "skipped", "reason": "market data unavailable for HOOD (bid/ask spread missing)", "shadow": false, "data_guard": true}
  -> {"ticker": "HPQ", "status": "skipped", "reason": "market data unavailable for HPQ (bid/ask spread missing)", "shadow": false, "data_guard": true}
Overnight queue kept 12 idea(s) whose market data was stale; they will be retried after fresh quotes arrive.
Dashboard watchlist synced (4 symbols) for news/headlines.
Ending portfolio value: $99,248.36
Trade journal: all: 19 trades, 21% win rate, avg -2.19% | breakout: 1 trades, 0% win rate, avg -8.61% | other: 13 trades, 23% win rate, avg -1.93% | technical: 5 trades, 20% win rate, avg -1.58%
Self-learning: breakout: 1 trades, 0% win rate, avg -8.61% (LOSING) | other: 13 trades, 23% win rate, avg -1.93% (LOSING) | technical: 5 trades, 20% win rate, avg -1.58% (LOSING)
Performance: Total return +0.38% | Max drawdown 0.94% | Daily Sharpe 1.91 | 19 closed trades | Win rate 21% | Avg winner +1.83% | Avg loser -3.26% | Open positions: 2 | Equity $99,257.12
Engine P&L: legacy/unknown: realized $-1,705.68 (19 closed, 21% wins), unrealized $-188.37 (2 open) | Books: legacy: realized $-1,705.68, unrealized $-188.37
Reports: daily realized $+0.00; worst symbols none | weekly realized $+0.00; worst symbols none
Shadow report: 13216 shadow candidate(s), 319 rejection group(s)
Timings: account: 0.0s | risk: 0.2s | decide: 9.8s | watchlist: 0.0s | perf: 0.2s

=== Run at 2026-09-03T16:21:10.455532 ===
Build fingerprint: 4f68550affe5
Current time: 2026-09-03 12:21 PM EDT | Market open (per Alpaca): True | Session: REGULAR
Account value: $99,250.58
Cash: $89,705.74 | Holdings (2): {'GEHC': '0.6136 sh (-6.45%)', 'MS': '43.8344 sh (-1.89%)'}
Sector exposure (cached): Financials 9.6%, Health Care 0.0%
Fill reconciliation: {'filled': 0, 'partial': 0, 'rejected': 1}
Open orders (1): MS sell 43.8344
Risk state: peak $99,703.60 | drawdown 0.45% | today +0.22% | halted: False
Market regime: NEUTRAL (position-size multiplier: 100% incl. circuit breaker 100%)
Overnight queue deferred 7 known-stale idea(s) for 30 minutes to preserve Gemini quota.
Morning verification: 5 overnight-queued trade(s) handed to Gemini for re-verification against fresh data.
News: fetched 157, 5 new after dedup, 1 ticker(s) matched.
Quant pre-screen: 33/50 candidates passed.
Gemini proposed 1 trade(s) meeting the conviction bar.
Gemini calls used today (all models combined): 222
  -> {"ticker": "NVDA", "status": "skipped", "reason": "market data unavailable for NVDA (bid/ask spread missing)", "shadow": false, "data_guard": true}
Overnight queue kept 12 idea(s) whose market data was stale; they will be retried after fresh quotes arrive.
Dashboard watchlist synced (3 symbols) for news/headlines.
Ending portfolio value: $99,243.57
Trade journal: all: 19 trades, 21% win rate, avg -2.19% | breakout: 1 trades, 0% win rate, avg -8.61% | other: 13 trades, 23% win rate, avg -1.93% | technical: 5 trades, 20% win rate, avg -1.58%
Self-learning: breakout: 1 trades, 0% win rate, avg -8.61% (LOSING) | other: 13 trades, 23% win rate, avg -1.93% (LOSING) | technical: 5 trades, 20% win rate, avg -1.58% (LOSING)
Performance: Total return +0.38% | Max drawdown 0.94% | Daily Sharpe 1.88 | 19 closed trades | Win rate 21% | Avg winner +1.83% | Avg loser -3.26% | Open positions: 2 | Equity $99,250.58
Engine P&L: legacy/unknown: realized $-1,705.68 (19 closed, 21% wins), unrealized $-193.17 (2 open) | Books: legacy: realized $-1,705.68, unrealized $-193.17
Reports: daily realized $+0.00; worst symbols none | weekly realized $+0.00; worst symbols none
Shadow report: 13217 shadow candidate(s), 318 rejection group(s)
Timings: account: 0.0s | risk: 0.2s | decide: 14.0s | watchlist: 0.0s | perf: 0.2s

=== Run at 2026-09-03T16:22:29.917435 ===
Build fingerprint: 4f68550affe5
Current time: 2026-09-03 12:22 PM EDT | Market open (per Alpaca): True | Session: REGULAR
Account value: $99,247.11
Cash: $89,705.74 | Holdings (2): {'GEHC': '0.6136 sh (-6.37%)', 'MS': '43.8344 sh (-1.93%)'}
Sector exposure (cached): Financials 9.6%, Health Care 0.0%
Fill reconciliation: {'filled': 0, 'partial': 0, 'rejected': 1}
Open orders (1): MS sell 43.8344
Risk state: peak $99,703.60 | drawdown 0.46% | today +0.22% | halted: False
Market regime: NEUTRAL (position-size multiplier: 100% incl. circuit breaker 100%)
Overnight queue deferred 7 known-stale idea(s) for 30 minutes to preserve Gemini quota.
Morning verification: 5 overnight-queued trade(s) handed to Gemini for re-verification against fresh data.
News: fetched 157, 0 new after dedup, 0 ticker(s) matched.
Quant pre-screen: 27/60 candidates passed.
Gemini proposed 2 trade(s) meeting the conviction bar.
Gemini calls used today (all models combined): 223
  -> {"ticker": "NTAP", "status": "skipped", "reason": "entry alignment: price $184.53 is not above SMA-20 $193.44"}
  -> {"ticker": "HOOD", "status": "skipped", "reason": "market data unavailable for HOOD (bid/ask spread missing)", "shadow": false, "data_guard": true}
Overnight queue kept 12 idea(s) whose market data was stale; they will be retried after fresh quotes arrive.
Dashboard watchlist synced (4 symbols) for news/headlines.
Ending portfolio value: $99,247.11
Trade journal: all: 19 trades, 21% win rate, avg -2.19% | breakout: 1 trades, 0% win rate, avg -8.61% | other: 13 trades, 23% win rate, avg -1.93% | technical: 5 trades, 20% win rate, avg -1.58%
Self-learning: breakout: 1 trades, 0% win rate, avg -8.61% (LOSING) | other: 13 trades, 23% win rate, avg -1.93% (LOSING) | technical: 5 trades, 20% win rate, avg -1.58% (LOSING)
Performance: Total return +0.38% | Max drawdown 0.94% | Daily Sharpe 1.90 | 19 closed trades | Win rate 21% | Avg winner +1.83% | Avg loser -3.26% | Open positions: 2 | Equity $99,247.11
Engine P&L: legacy/unknown: realized $-1,705.68 (19 closed, 21% wins), unrealized $-189.62 (2 open) | Books: legacy: realized $-1,705.68, unrealized $-189.62
Reports: daily realized $+0.00; worst symbols none | weekly realized $+0.00; worst symbols none
Shadow report: 13218 shadow candidate(s), 317 rejection group(s)
Timings: account: 0.0s | risk: 0.5s | decide: 7.5s | watchlist: 0.1s | perf: 0.2s

=== Run at 2026-09-03T16:24:31.038041 ===
Build fingerprint: 4f68550affe5
Current time: 2026-09-03 12:24 PM EDT | Market open (per Alpaca): True | Session: REGULAR
Account value: $99,250.38
Cash: $89,705.74 | Holdings (2): {'GEHC': '0.6136 sh (-6.40%)', 'MS': '43.8344 sh (-1.89%)'}
Sector exposure (cached): Financials 9.6%, Health Care 0.0%
Fill reconciliation: {'filled': 0, 'partial': 0, 'rejected': 1}
Open orders (1): MS sell 43.8344
Risk state: peak $99,703.60 | drawdown 0.45% | today +0.22% | halted: False
Market regime: NEUTRAL (position-size multiplier: 100% incl. circuit breaker 100%)
Overnight queue deferred 6 known-stale idea(s) for 30 minutes to preserve Gemini quota.
Morning verification: 6 overnight-queued trade(s) handed to Gemini for re-verification against fresh data.
News: fetched 119, 1 new after dedup, 2 ticker(s) matched.
Quant pre-screen: 2/2 candidates passed.
Gemini proposed 0 trade(s) meeting the conviction bar.
Gemini calls used today (all models combined): 224
Overnight queue cleared after verification.
Overnight queue retained 6 deferred stale idea(s).
Dashboard watchlist synced (4 symbols) for news/headlines.
Ending portfolio value: $99,250.40
Trade journal: all: 19 trades, 21% win rate, avg -2.19% | breakout: 1 trades, 0% win rate, avg -8.61% | other: 13 trades, 23% win rate, avg -1.93% | technical: 5 trades, 20% win rate, avg -1.58%
Self-learning: breakout: 1 trades, 0% win rate, avg -8.61% (LOSING) | other: 13 trades, 23% win rate, avg -1.93% (LOSING) | technical: 5 trades, 20% win rate, avg -1.58% (LOSING)
Performance: Total return +0.39% | Max drawdown 0.94% | Daily Sharpe 1.92 | 19 closed trades | Win rate 21% | Avg winner +1.83% | Avg loser -3.26% | Open positions: 2 | Equity $99,250.38
Engine P&L: legacy/unknown: realized $-1,705.68 (19 closed, 21% wins), unrealized $-186.33 (2 open) | Books: legacy: realized $-1,705.68, unrealized $-186.33
Reports: daily realized $+0.00; worst symbols none | weekly realized $+0.00; worst symbols none
Shadow report: 13218 shadow candidate(s), 317 rejection group(s)
Timings: account: 0.0s | risk: 0.8s | decide: 15.2s | watchlist: 0.1s | perf: 0.3s

=== Run at 2026-09-03T16:26:41.368596 ===
Build fingerprint: 4f68550affe5
Current time: 2026-09-03 12:26 PM EDT | Market open (per Alpaca): True | Session: REGULAR
Account value: $99,254.50
Cash: $89,705.74 | Holdings (2): {'GEHC': '0.6136 sh (-6.51%)', 'MS': '43.8344 sh (-1.85%)'}
Sector exposure (cached): Financials 9.6%, Health Care 0.0%
Fill reconciliation: {'filled': 0, 'partial': 0, 'rejected': 1}
Open orders (1): MS sell 43.8344
Risk state: peak $99,703.60 | drawdown 0.45% | today +0.22% | halted: False
Market regime: NEUTRAL (position-size multiplier: 100% incl. circuit breaker 100%)
Overnight queue deferred 6 known-stale idea(s) for 30 minutes to preserve Gemini quota.
News: fetched 157, 2 new after dedup, 0 ticker(s) matched.
Quant pre-screen: 27/60 candidates passed.
Gemini proposed 2 trade(s) meeting the conviction bar.
Gemini calls used today (all models combined): 225
  -> {"ticker": "HOOD", "status": "skipped", "reason": "market data unavailable for HOOD (bid/ask spread missing)", "shadow": false, "data_guard": true}
  -> {"ticker": "NTAP", "status": "skipped", "reason": "entry alignment: price $184.41 is not above SMA-20 $193.42"}
Overnight queue kept 6 idea(s) whose market data was stale; they will be retried after fresh quotes arrive.
Dashboard watchlist synced (4 symbols) for news/headlines.
Ending portfolio value: $99,254.50
Trade journal: all: 19 trades, 21% win rate, avg -2.19% | breakout: 1 trades, 0% win rate, avg -8.61% | other: 13 trades, 23% win rate, avg -1.93% | technical: 5 trades, 20% win rate, avg -1.58%
Self-learning: breakout: 1 trades, 0% win rate, avg -8.61% (LOSING) | other: 13 trades, 23% win rate, avg -1.93% (LOSING) | technical: 5 trades, 20% win rate, avg -1.58% (LOSING)
Performance: Total return +0.39% | Max drawdown 0.94% | Daily Sharpe 1.93 | 19 closed trades | Win rate 21% | Avg winner +1.83% | Avg loser -3.26% | Open positions: 2 | Equity $99,254.50
Engine P&L: legacy/unknown: realized $-1,705.68 (19 closed, 21% wins), unrealized $-182.24 (2 open) | Books: legacy: realized $-1,705.68, unrealized $-182.24
Reports: daily realized $+0.00; worst symbols none | weekly realized $+0.00; worst symbols none
Shadow report: 13219 shadow candidate(s), 316 rejection group(s)
Timings: account: 0.0s | risk: 0.9s | decide: 13.0s | watchlist: 0.1s | perf: 0.3s

=== Run at 2026-09-03T16:28:31.930446 ===
Build fingerprint: 4f68550affe5
Current time: 2026-09-03 12:28 PM EDT | Market open (per Alpaca): True | Session: REGULAR
Account value: $99,258.00
Cash: $89,705.74 | Holdings (2): {'GEHC': '0.6136 sh (-6.51%)', 'MS': '43.8344 sh (-1.81%)'}
Sector exposure (cached): Financials 9.6%, Health Care 0.0%
Fill reconciliation: {'filled': 0, 'partial': 0, 'rejected': 1}
Open orders (1): MS sell 43.8344
Risk state: peak $99,703.60 | drawdown 0.45% | today +0.23% | halted: False
Market regime: NEUTRAL (position-size multiplier: 100% incl. circuit breaker 100%)
Overnight queue deferred 6 known-stale idea(s) for 30 minutes to preserve Gemini quota.
News: fetched 157, 6 new after dedup, 0 ticker(s) matched.
Quant pre-screen: 27/60 candidates passed.
Gemini proposed 2 trade(s) meeting the conviction bar.
Gemini calls used today (all models combined): 226
  -> {"ticker": "NTAP", "status": "skipped", "reason": "entry alignment: price $184.27 is not above SMA-20 $193.43"}
  -> {"ticker": "HOOD", "status": "skipped", "reason": "market data unavailable for HOOD (bid/ask spread missing)", "shadow": false, "data_guard": true}
Overnight queue kept 6 idea(s) whose market data was stale; they will be retried after fresh quotes arrive.
Dashboard watchlist synced (4 symbols) for news/headlines.
Ending portfolio value: $99,258.45
Trade journal: all: 19 trades, 21% win rate, avg -2.19% | breakout: 1 trades, 0% win rate, avg -8.61% | other: 13 trades, 23% win rate, avg -1.93% | technical: 5 trades, 20% win rate, avg -1.58%
Self-learning: breakout: 1 trades, 0% win rate, avg -8.61% (LOSING) | other: 13 trades, 23% win rate, avg -1.93% (LOSING) | technical: 5 trades, 20% win rate, avg -1.58% (LOSING)
Performance: Total return +0.39% | Max drawdown 0.94% | Daily Sharpe 1.95 | 19 closed trades | Win rate 21% | Avg winner +1.83% | Avg loser -3.26% | Open positions: 2 | Equity $99,258.00
Engine P&L: legacy/unknown: realized $-1,705.68 (19 closed, 21% wins), unrealized $-178.28 (2 open) | Books: legacy: realized $-1,705.68, unrealized $-178.28
Reports: daily realized $+0.00; worst symbols none | weekly realized $+0.00; worst symbols none
Shadow report: 13220 shadow candidate(s), 315 rejection group(s)
Timings: account: 0.0s | risk: 0.8s | decide: 9.4s | watchlist: 0.1s | perf: 0.2s

=== Run at 2026-09-03T16:30:41.385004 ===
Build fingerprint: 4f68550affe5
Current time: 2026-09-03 12:30 PM EDT | Market open (per Alpaca): True | Session: REGULAR
Account value: $99,255.21
Cash: $89,705.74 | Holdings (2): {'GEHC': '0.6136 sh (-6.38%)', 'MS': '43.8344 sh (-1.84%)'}
Sector exposure (cached): Financials 9.6%, Health Care 0.0%
Fill reconciliation: {'filled': 0, 'partial': 0, 'rejected': 1}
Open orders (1): MS sell 43.8344
Risk state: peak $99,703.60 | drawdown 0.45% | today +0.22% | halted: False
Market regime: NEUTRAL (position-size multiplier: 100% incl. circuit breaker 100%)
Overnight queue deferred 6 known-stale idea(s) for 30 minutes to preserve Gemini quota.
News: fetched 157, 2 new after dedup, 0 ticker(s) matched.
Quant pre-screen: 27/60 candidates passed.
Gemini proposed 2 trade(s) meeting the conviction bar.
Gemini calls used today (all models combined): 227
  -> {"ticker": "HOOD", "status": "skipped", "reason": "market data unavailable for HOOD (bid/ask spread missing)", "shadow": false, "data_guard": true}
  -> {"ticker": "JNJ", "status": "skipped", "reason": "liquidity filter: JNJ average volume 223,736 < 500,000", "shadow": false, "data_guard": true}
Overnight queue kept 6 idea(s) whose market data was stale; they will be retried after fresh quotes arrive.
Dashboard watchlist synced (4 symbols) for news/headlines.
Ending portfolio value: $99,255.21
Trade journal: all: 19 trades, 21% win rate, avg -2.19% | breakout: 1 trades, 0% win rate, avg -8.61% | other: 13 trades, 23% win rate, avg -1.93% | technical: 5 trades, 20% win rate, avg -1.58%
Self-learning: breakout: 1 trades, 0% win rate, avg -8.61% (LOSING) | other: 13 trades, 23% win rate, avg -1.93% (LOSING) | technical: 5 trades, 20% win rate, avg -1.58% (LOSING)
Performance: Total return +0.39% | Max drawdown 0.94% | Daily Sharpe 1.94 | 19 closed trades | Win rate 21% | Avg winner +1.83% | Avg loser -3.26% | Open positions: 2 | Equity $99,255.21
Engine P&L: legacy/unknown: realized $-1,705.68 (19 closed, 21% wins), unrealized $-181.52 (2 open) | Books: legacy: realized $-1,705.68, unrealized $-181.52
Reports: daily realized $+0.00; worst symbols none | weekly realized $+0.00; worst symbols none
Shadow report: 13222 shadow candidate(s), 313 rejection group(s)
Timings: account: 0.0s | risk: 0.6s | decide: 11.0s | watchlist: 0.1s | perf: 0.2s

=== Run at 2026-09-03T16:32:29.860705 ===
Build fingerprint: 4f68550affe5
Current time: 2026-09-03 12:32 PM EDT | Market open (per Alpaca): True | Session: REGULAR
Account value: $99,255.87
Cash: $89,705.74 | Holdings (2): {'GEHC': '0.6136 sh (-6.38%)', 'MS': '43.8344 sh (-1.84%)'}
Sector exposure (cached): Financials 9.6%, Health Care 0.0%
Fill reconciliation: {'filled': 0, 'partial': 0, 'rejected': 1}
Open orders (1): MS sell 43.8344
Risk state: peak $99,703.60 | drawdown 0.45% | today +0.22% | halted: False
Market regime: NEUTRAL (position-size multiplier: 100% incl. circuit breaker 100%)
Overnight queue deferred 6 known-stale idea(s) for 30 minutes to preserve Gemini quota.
News: fetched 157, 1 new after dedup, 0 ticker(s) matched.
Quant pre-screen: 27/60 candidates passed.
Gemini proposed 1 trade(s) meeting the conviction bar.
Gemini calls used today (all models combined): 228
  -> {"ticker": "HOOD", "status": "skipped", "reason": "market data unavailable for HOOD (bid/ask spread missing)", "shadow": false, "data_guard": true}
Overnight queue kept 6 idea(s) whose market data was stale; they will be retried after fresh quotes arrive.
Dashboard watchlist synced (3 symbols) for news/headlines.
Ending portfolio value: $99,253.68
Trade journal: all: 19 trades, 21% win rate, avg -2.19% | breakout: 1 trades, 0% win rate, avg -8.61% | other: 13 trades, 23% win rate, avg -1.93% | technical: 5 trades, 20% win rate, avg -1.58%
Self-learning: breakout: 1 trades, 0% win rate, avg -8.61% (LOSING) | other: 13 trades, 23% win rate, avg -1.93% (LOSING) | technical: 5 trades, 20% win rate, avg -1.58% (LOSING)
Performance: Total return +0.39% | Max drawdown 0.94% | Daily Sharpe 1.93 | 19 closed trades | Win rate 21% | Avg winner +1.83% | Avg loser -3.26% | Open positions: 2 | Equity $99,255.87
Engine P&L: legacy/unknown: realized $-1,705.68 (19 closed, 21% wins), unrealized $-183.05 (2 open) | Books: legacy: realized $-1,705.68, unrealized $-183.05
Reports: daily realized $+0.00; worst symbols none | weekly realized $+0.00; worst symbols none
Shadow report: 13223 shadow candidate(s), 312 rejection group(s)
Timings: account: 0.0s | risk: 0.2s | decide: 11.6s | watchlist: 0.0s | perf: 0.1s

=== Run at 2026-09-03T16:34:28.180897 ===
Build fingerprint: 4f68550affe5
Current time: 2026-09-03 12:34 PM EDT | Market open (per Alpaca): True | Session: REGULAR
Account value: $99,257.23
Cash: $89,705.74 | Holdings (2): {'GEHC': '0.6136 sh (-6.28%)', 'MS': '43.8344 sh (-1.82%)'}
Sector exposure (cached): Financials 9.6%, Health Care 0.0%
Fill reconciliation: {'filled': 0, 'partial': 0, 'rejected': 1}
Open orders (1): MS sell 43.8344
Risk state: peak $99,703.60 | drawdown 0.45% | today +0.23% | halted: False
Market regime: NEUTRAL (position-size multiplier: 100% incl. circuit breaker 100%)
Overnight queue deferred 6 known-stale idea(s) for 30 minutes to preserve Gemini quota.
News: fetched 157, 3 new after dedup, 1 ticker(s) matched.
Quant pre-screen: 36/61 candidates passed.
Gemini proposed 3 trade(s) meeting the conviction bar.
Gemini calls used today (all models combined): 229
  -> {"ticker": "ORCL", "status": "skipped", "reason": "market data unavailable for ORCL (bid/ask spread missing)", "shadow": false, "data_guard": true}
  -> {"ticker": "HOOD", "status": "skipped", "reason": "market data unavailable for HOOD (bid/ask spread missing)", "shadow": false, "data_guard": true}
  -> {"ticker": "NOW", "status": "skipped", "reason": "market data unavailable for NOW (bid/ask spread missing)", "shadow": false, "data_guard": true}
Overnight queue kept 6 idea(s) whose market data was stale; they will be retried after fresh quotes arrive.
Dashboard watchlist synced (6 symbols) for news/headlines.
Ending portfolio value: $99,255.89
Trade journal: all: 19 trades, 21% win rate, avg -2.19% | breakout: 1 trades, 0% win rate, avg -8.61% | other: 13 trades, 23% win rate, avg -1.93% | technical: 5 trades, 20% win rate, avg -1.58%
Self-learning: breakout: 1 trades, 0% win rate, avg -8.61% (LOSING) | other: 13 trades, 23% win rate, avg -1.93% (LOSING) | technical: 5 trades, 20% win rate, avg -1.58% (LOSING)
Performance: Total return +0.39% | Max drawdown 0.94% | Daily Sharpe 1.94 | 19 closed trades | Win rate 21% | Avg winner +1.83% | Avg loser -3.26% | Open positions: 2 | Equity $99,257.23
Engine P&L: legacy/unknown: realized $-1,705.68 (19 closed, 21% wins), unrealized $-180.84 (2 open) | Books: legacy: realized $-1,705.68, unrealized $-180.84
Reports: daily realized $+0.00; worst symbols none | weekly realized $+0.00; worst symbols none
Shadow report: 13226 shadow candidate(s), 309 rejection group(s)
Timings: account: 0.0s | risk: 0.1s | decide: 11.3s | watchlist: 0.0s | perf: 0.1s

=== Run at 2026-09-03T16:36:34.132540 ===
Build fingerprint: 4f68550affe5
Current time: 2026-09-03 12:36 PM EDT | Market open (per Alpaca): True | Session: REGULAR
Account value: $99,256.57
Cash: $89,705.74 | Holdings (2): {'GEHC': '0.6136 sh (-6.29%)', 'MS': '43.8344 sh (-1.83%)'}
Sector exposure (cached): Financials 9.6%, Health Care 0.0%
Fill reconciliation: {'filled': 0, 'partial': 0, 'rejected': 1}
Open orders (1): MS sell 43.8344
Risk state: peak $99,703.60 | drawdown 0.45% | today +0.22% | halted: False
Market regime: NEUTRAL (position-size multiplier: 100% incl. circuit breaker 100%)
Overnight queue deferred 5 known-stale idea(s) for 30 minutes to preserve Gemini quota.
Morning verification: 1 overnight-queued trade(s) handed to Gemini for re-verification against fresh data.
News: fetched 157, 10 new after dedup, 1 ticker(s) matched.
Quant pre-screen: 36/61 candidates passed.
Gemini proposed 2 trade(s) meeting the conviction bar.
Gemini calls used today (all models combined): 230
  -> {"ticker": "MSFT", "status": "skipped", "reason": "market data unavailable for MSFT (bid/ask spread missing)", "shadow": false, "data_guard": true}
  -> {"ticker": "HOOD", "status": "skipped", "reason": "market data unavailable for HOOD (bid/ask spread missing)", "shadow": false, "data_guard": true}
Overnight queue kept 6 idea(s) whose market data was stale; they will be retried after fresh quotes arrive.
Dashboard watchlist synced (5 symbols) for news/headlines.
Ending portfolio value: $99,256.57
Trade journal: all: 19 trades, 21% win rate, avg -2.19% | breakout: 1 trades, 0% win rate, avg -8.61% | other: 13 trades, 23% win rate, avg -1.93% | technical: 5 trades, 20% win rate, avg -1.58%
Self-learning: breakout: 1 trades, 0% win rate, avg -8.61% (LOSING) | other: 13 trades, 23% win rate, avg -1.93% (LOSING) | technical: 5 trades, 20% win rate, avg -1.58% (LOSING)
Performance: Total return +0.39% | Max drawdown 0.94% | Daily Sharpe 1.94 | 19 closed trades | Win rate 21% | Avg winner +1.83% | Avg loser -3.26% | Open positions: 2 | Equity $99,256.57
Engine P&L: legacy/unknown: realized $-1,705.68 (19 closed, 21% wins), unrealized $-180.16 (2 open) | Books: legacy: realized $-1,705.68, unrealized $-180.16
Reports: daily realized $+0.00; worst symbols none | weekly realized $+0.00; worst symbols none
Shadow report: 13228 shadow candidate(s), 307 rejection group(s)
Timings: account: 0.0s | risk: 0.3s | decide: 8.9s | watchlist: 0.1s | perf: 0.2s

=== Run at 2026-09-03T16:38:31.219252 ===
Build fingerprint: 4f68550affe5
Current time: 2026-09-03 12:38 PM EDT | Market open (per Alpaca): True | Session: REGULAR
Account value: $99,262.07
Cash: $89,705.74 | Holdings (2): {'GEHC': '0.6136 sh (-6.24%)', 'MS': '43.8344 sh (-1.77%)'}
Sector exposure (cached): Financials 9.6%, Health Care 0.0%
Fill reconciliation: {'filled': 0, 'partial': 0, 'rejected': 1}
Open orders (1): MS sell 43.8344
Risk state: peak $99,703.60 | drawdown 0.44% | today +0.23% | halted: False
Market regime: NEUTRAL (position-size multiplier: 100% incl. circuit breaker 100%)
Overnight queue deferred 6 known-stale idea(s) for 30 minutes to preserve Gemini quota.
News: fetched 157, 3 new after dedup, 0 ticker(s) matched.
Quant pre-screen: 27/60 candidates passed.
Gemini proposed 2 trade(s) meeting the conviction bar.
Gemini calls used today (all models combined): 231
  -> {"ticker": "NTAP", "status": "skipped", "reason": "entry alignment: price $184.27 is not above SMA-20 $193.43"}
  -> {"ticker": "HOOD", "status": "skipped", "reason": "market data unavailable for HOOD (bid/ask spread missing)", "shadow": false, "data_guard": true}
Overnight queue kept 6 idea(s) whose market data was stale; they will be retried after fresh quotes arrive.
Dashboard watchlist synced (4 symbols) for news/headlines.
Ending portfolio value: $99,264.70
Trade journal: all: 19 trades, 21% win rate, avg -2.19% | breakout: 1 trades, 0% win rate, avg -8.61% | other: 13 trades, 23% win rate, avg -1.93% | technical: 5 trades, 20% win rate, avg -1.58%
Self-learning: breakout: 1 trades, 0% win rate, avg -8.61% (LOSING) | other: 13 trades, 23% win rate, avg -1.93% (LOSING) | technical: 5 trades, 20% win rate, avg -1.58% (LOSING)
Performance: Total return +0.40% | Max drawdown 0.94% | Daily Sharpe 1.98 | 19 closed trades | Win rate 21% | Avg winner +1.83% | Avg loser -3.26% | Open positions: 2 | Equity $99,262.07
Engine P&L: legacy/unknown: realized $-1,705.68 (19 closed, 21% wins), unrealized $-172.03 (2 open) | Books: legacy: realized $-1,705.68, unrealized $-172.03
Reports: daily realized $+0.00; worst symbols none | weekly realized $+0.00; worst symbols none
Shadow report: 13229 shadow candidate(s), 306 rejection group(s)
Timings: account: 0.0s | risk: 1.0s | decide: 15.1s | watchlist: 0.2s | perf: 0.3s

=== Run at 2026-09-03T16:40:31.076950 ===
Build fingerprint: 4f68550affe5
Current time: 2026-09-03 12:40 PM EDT | Market open (per Alpaca): True | Session: REGULAR
Account value: $99,264.24
Cash: $89,705.74 | Holdings (2): {'GEHC': '0.6136 sh (-6.30%)', 'MS': '43.8344 sh (-1.75%)'}
Sector exposure (cached): Financials 9.6%, Health Care 0.0%
Fill reconciliation: {'filled': 0, 'partial': 0, 'rejected': 1}
Open orders (1): MS sell 43.8344
Risk state: peak $99,703.60 | drawdown 0.44% | today +0.23% | halted: False
Market regime: NEUTRAL (position-size multiplier: 100% incl. circuit breaker 100%)
Overnight queue deferred 6 known-stale idea(s) for 30 minutes to preserve Gemini quota.
News: fetched 156, 3 new after dedup, 0 ticker(s) matched.
Quant pre-screen: 27/60 candidates passed.
Gemini proposed 1 trade(s) meeting the conviction bar.
Gemini calls used today (all models combined): 232
  -> {"ticker": "HOOD", "status": "skipped", "reason": "market data unavailable for HOOD (bid/ask spread missing)", "shadow": false, "data_guard": true}
Overnight queue kept 6 idea(s) whose market data was stale; they will be retried after fresh quotes arrive.
Dashboard watchlist synced (3 symbols) for news/headlines.
Ending portfolio value: $99,264.24
Trade journal: all: 19 trades, 21% win rate, avg -2.19% | breakout: 1 trades, 0% win rate, avg -8.61% | other: 13 trades, 23% win rate, avg -1.93% | technical: 5 trades, 20% win rate, avg -1.58%
Self-learning: breakout: 1 trades, 0% win rate, avg -8.61% (LOSING) | other: 13 trades, 23% win rate, avg -1.93% (LOSING) | technical: 5 trades, 20% win rate, avg -1.58% (LOSING)
Performance: Total return +0.40% | Max drawdown 0.94% | Daily Sharpe 1.98 | 19 closed trades | Win rate 21% | Avg winner +1.83% | Avg loser -3.26% | Open positions: 2 | Equity $99,264.24
Engine P&L: legacy/unknown: realized $-1,705.68 (19 closed, 21% wins), unrealized $-172.49 (2 open) | Books: legacy: realized $-1,705.68, unrealized $-172.49
Reports: daily realized $+0.00; worst symbols none | weekly realized $+0.00; worst symbols none
Shadow report: 13230 shadow candidate(s), 305 rejection group(s)
Timings: account: 0.0s | risk: 1.0s | decide: 12.7s | watchlist: 0.1s | perf: 0.2s

=== Run at 2026-09-03T16:42:36.354785 ===
Build fingerprint: 4f68550affe5
Current time: 2026-09-03 12:42 PM EDT | Market open (per Alpaca): True | Session: REGULAR
Account value: $99,271.24
Cash: $89,705.74 | Holdings (2): {'GEHC': '0.6136 sh (-6.32%)', 'MS': '43.8344 sh (-1.68%)'}
Sector exposure (cached): Financials 9.6%, Health Care 0.0%
Fill reconciliation: {'filled': 0, 'partial': 0, 'rejected': 1}
Open orders (1): MS sell 43.8344
Risk state: peak $99,703.60 | drawdown 0.43% | today +0.24% | halted: False
Market regime: NEUTRAL (position-size multiplier: 100% incl. circuit breaker 100%)
Overnight queue deferred 6 known-stale idea(s) for 30 minutes to preserve Gemini quota.
News: fetched 157, 3 new after dedup, 3 ticker(s) matched.
Quant pre-screen: 28/61 candidates passed.
Gemini proposed 2 trade(s) meeting the conviction bar.
Gemini calls used today (all models combined): 233
  -> {"ticker": "HOOD", "status": "skipped", "reason": "market data unavailable for HOOD (bid/ask spread missing)", "shadow": false, "data_guard": true}
  -> {"ticker": "HPQ", "status": "skipped", "reason": "market data unavailable for HPQ (bid/ask spread missing)", "shadow": false, "data_guard": true}
Overnight queue kept 6 idea(s) whose market data was stale; they will be retried after fresh quotes arrive.
Dashboard watchlist synced (7 symbols) for news/headlines.
Ending portfolio value: $99,271.24
Trade journal: all: 19 trades, 21% win rate, avg -2.19% | breakout: 1 trades, 0% win rate, avg -8.61% | other: 13 trades, 23% win rate, avg -1.93% | technical: 5 trades, 20% win rate, avg -1.58%
Self-learning: breakout: 1 trades, 0% win rate, avg -8.61% (LOSING) | other: 13 trades, 23% win rate, avg -1.93% (LOSING) | technical: 5 trades, 20% win rate, avg -1.58% (LOSING)
Performance: Total return +0.41% | Max drawdown 0.94% | Daily Sharpe 2.01 | 19 closed trades | Win rate 21% | Avg winner +1.83% | Avg loser -3.26% | Open positions: 2 | Equity $99,271.24
Engine P&L: legacy/unknown: realized $-1,705.68 (19 closed, 21% wins), unrealized $-165.49 (2 open) | Books: legacy: realized $-1,705.68, unrealized $-165.49
Reports: daily realized $+0.00; worst symbols none | weekly realized $+0.00; worst symbols none
Shadow report: 13232 shadow candidate(s), 303 rejection group(s)
Timings: account: 0.0s | risk: 0.7s | decide: 8.0s | watchlist: 0.1s | perf: 0.2s

=== Run at 2026-09-03T16:44:26.530409 ===
Build fingerprint: 4f68550affe5
Current time: 2026-09-03 12:44 PM EDT | Market open (per Alpaca): True | Session: REGULAR
Account value: $99,268.63
Cash: $89,705.74 | Holdings (2): {'GEHC': '0.6136 sh (-6.28%)', 'MS': '43.8344 sh (-1.71%)'}
Sector exposure (cached): Financials 9.6%, Health Care 0.0%
Fill reconciliation: {'filled': 0, 'partial': 0, 'rejected': 1}
Open orders (1): MS sell 43.8344
Risk state: peak $99,703.60 | drawdown 0.44% | today +0.24% | halted: False
Market regime: NEUTRAL (position-size multiplier: 100% incl. circuit breaker 100%)
Overnight queue deferred 6 known-stale idea(s) for 30 minutes to preserve Gemini quota.
News: fetched 157, 0 new after dedup, 0 ticker(s) matched.
Quant pre-screen: 27/60 candidates passed.
Gemini proposed 2 trade(s) meeting the conviction bar.
Gemini calls used today (all models combined): 234
  -> {"ticker": "HOOD", "status": "skipped", "reason": "market data unavailable for HOOD (bid/ask spread missing)", "shadow": false, "data_guard": true}
  -> {"ticker": "HPQ", "status": "skipped", "reason": "market data unavailable for HPQ (bid/ask spread missing)", "shadow": false, "data_guard": true}
Overnight queue kept 6 idea(s) whose market data was stale; they will be retried after fresh quotes arrive.
Dashboard watchlist synced (4 symbols) for news/headlines.
Ending portfolio value: $99,266.66
Trade journal: all: 19 trades, 21% win rate, avg -2.19% | breakout: 1 trades, 0% win rate, avg -8.61% | other: 13 trades, 23% win rate, avg -1.93% | technical: 5 trades, 20% win rate, avg -1.58%
Self-learning: breakout: 1 trades, 0% win rate, avg -8.61% (LOSING) | other: 13 trades, 23% win rate, avg -1.93% (LOSING) | technical: 5 trades, 20% win rate, avg -1.58% (LOSING)
Performance: Total return +0.40% | Max drawdown 0.94% | Daily Sharpe 1.99 | 19 closed trades | Win rate 21% | Avg winner +1.83% | Avg loser -3.26% | Open positions: 2 | Equity $99,268.63
Engine P&L: legacy/unknown: realized $-1,705.68 (19 closed, 21% wins), unrealized $-170.07 (2 open) | Books: legacy: realized $-1,705.68, unrealized $-170.07
Reports: daily realized $+0.00; worst symbols none | weekly realized $+0.00; worst symbols none
Shadow report: 13234 shadow candidate(s), 301 rejection group(s)
Timings: account: 0.0s | risk: 0.3s | decide: 11.8s | watchlist: 0.0s | perf: 0.1s

=== Run at 2026-09-03T16:46:39.452829 ===
Build fingerprint: 4f68550affe5
Current time: 2026-09-03 12:46 PM EDT | Market open (per Alpaca): True | Session: REGULAR
Account value: $99,267.33
Cash: $89,705.74 | Holdings (2): {'GEHC': '0.6136 sh (-6.25%)', 'MS': '43.8344 sh (-1.72%)'}
Sector exposure (cached): Financials 9.6%, Health Care 0.0%
Fill reconciliation: {'filled': 0, 'partial': 0, 'rejected': 1}
Open orders (1): MS sell 43.8344
Risk state: peak $99,703.60 | drawdown 0.44% | today +0.24% | halted: False
Market regime: NEUTRAL (position-size multiplier: 100% incl. circuit breaker 100%)
Overnight queue deferred 6 known-stale idea(s) for 30 minutes to preserve Gemini quota.
News: fetched 157, 3 new after dedup, 0 ticker(s) matched.
Quant pre-screen: 27/60 candidates passed.
Gemini proposed 2 trade(s) meeting the conviction bar.
Gemini calls used today (all models combined): 235
  -> {"ticker": "HOOD", "status": "skipped", "reason": "market data unavailable for HOOD (bid/ask spread missing)", "shadow": false, "data_guard": true}
  -> {"ticker": "NTAP", "status": "skipped", "reason": "entry alignment: price $185.18 is not above SMA-20 $193.46"}
Overnight queue kept 6 idea(s) whose market data was stale; they will be retried after fresh quotes arrive.
Dashboard watchlist synced (4 symbols) for news/headlines.
Ending portfolio value: $99,267.33
Trade journal: all: 19 trades, 21% win rate, avg -2.19% | breakout: 1 trades, 0% win rate, avg -8.61% | other: 13 trades, 23% win rate, avg -1.93% | technical: 5 trades, 20% win rate, avg -1.58%
Self-learning: breakout: 1 trades, 0% win rate, avg -8.61% (LOSING) | other: 13 trades, 23% win rate, avg -1.93% (LOSING) | technical: 5 trades, 20% win rate, avg -1.58% (LOSING)
Performance: Total return +0.40% | Max drawdown 0.94% | Daily Sharpe 1.99 | 19 closed trades | Win rate 21% | Avg winner +1.83% | Avg loser -3.26% | Open positions: 2 | Equity $99,267.33
Engine P&L: legacy/unknown: realized $-1,705.68 (19 closed, 21% wins), unrealized $-169.40 (2 open) | Books: legacy: realized $-1,705.68, unrealized $-169.40
Reports: daily realized $+0.00; worst symbols none | weekly realized $+0.00; worst symbols none
Shadow report: 13235 shadow candidate(s), 300 rejection group(s)
Timings: account: 0.0s | risk: 0.1s | decide: 10.3s | watchlist: 0.0s | perf: 0.2s
=== Run at 2026-09-03T16:45:58.824163 ===
Build fingerprint: 4f68550affe5
Current time: 2026-09-03 12:45 PM EDT | Market open (per Alpaca): True | Session: REGULAR
Account value: $99,264.03
Cash: $89,705.74 | Holdings (2): {'GEHC': '0.6136 sh (-6.27%)', 'MS': '43.8344 sh (-1.75%)'}
Sector exposure (cached): Financials 9.6%, Health Care 0.0%
Fill reconciliation: {'filled': 0, 'partial': 0, 'rejected': 1}
Open orders (1): MS sell 43.8344
Risk state: peak $99,703.60 | drawdown 0.44% | today +0.23% | halted: False
Market regime: NEUTRAL (position-size multiplier: 100% incl. circuit breaker 100%)
Overnight queue deferred 6 known-stale idea(s) for 30 minutes to preserve Gemini quota.
News: fetched 157, 0 new after dedup, 0 ticker(s) matched.
Quant pre-screen: 27/60 candidates passed.
Gemini proposed 3 trade(s) meeting the conviction bar.
Gemini calls used today (all models combined): 235
  -> {"ticker": "HPQ", "status": "skipped", "reason": "market data unavailable for HPQ (bid/ask spread missing)", "shadow": false, "data_guard": true}
  -> {"ticker": "KDP", "status": "skipped", "reason": "market data unavailable for KDP (bid/ask spread missing)", "shadow": false, "data_guard": true}
  -> {"ticker": "HOOD", "status": "skipped", "reason": "market data unavailable for HOOD (bid/ask spread missing)", "shadow": false, "data_guard": true}
Overnight queue kept 7 idea(s) whose market data was stale; they will be retried after fresh quotes arrive.
Dashboard watchlist synced (5 symbols) for news/headlines.
Ending portfolio value: $99,264.25
Trade journal: all: 19 trades, 21% win rate, avg -2.19% | breakout: 1 trades, 0% win rate, avg -8.61% | other: 13 trades, 23% win rate, avg -1.93% | technical: 5 trades, 20% win rate, avg -1.58%
Self-learning: breakout: 1 trades, 0% win rate, avg -8.61% (LOSING) | other: 13 trades, 23% win rate, avg -1.93% (LOSING) | technical: 5 trades, 20% win rate, avg -1.58% (LOSING)
Performance: Total return +0.40% | Max drawdown 0.94% | Daily Sharpe 1.98 | 19 closed trades | Win rate 21% | Avg winner +1.83% | Avg loser -3.26% | Open positions: 2 | Equity $99,264.03
Engine P&L: legacy/unknown: realized $-1,705.68 (19 closed, 21% wins), unrealized $-172.48 (2 open) | Books: legacy: realized $-1,705.68, unrealized $-172.48
Reports: daily realized $+0.00; worst symbols none | weekly realized $+0.00; worst symbols none
Shadow report: 13237 shadow candidate(s), 298 rejection group(s)
Timings: account: 0.0s | risk: 0.4s | decide: 12.5s | watchlist: 0.1s | perf: 0.2s

=== Run at 2026-09-03T16:48:32.541660 ===
Build fingerprint: 4f68550affe5
Current time: 2026-09-03 12:48 PM EDT | Market open (per Alpaca): True | Session: REGULAR
Account value: $99,266.37
Cash: $89,705.74 | Holdings (2): {'GEHC': '0.6136 sh (-6.19%)', 'MS': '43.8344 sh (-1.73%)'}
Sector exposure (cached): Financials 9.6%, Health Care 0.0%
Fill reconciliation: {'filled': 0, 'partial': 0, 'rejected': 1}
Open orders (1): MS sell 43.8344
Risk state: peak $99,703.60 | drawdown 0.44% | today +0.23% | halted: False
Market regime: NEUTRAL (position-size multiplier: 100% incl. circuit breaker 100%)
Overnight queue deferred 6 known-stale idea(s) for 30 minutes to preserve Gemini quota.
News: fetched 157, 2 new after dedup, 0 ticker(s) matched.
Quant pre-screen: 27/60 candidates passed.
Gemini proposed 2 trade(s) meeting the conviction bar.
Gemini calls used today (all models combined): 236
  -> {"ticker": "HOOD", "status": "skipped", "reason": "market data unavailable for HOOD (bid/ask spread missing)", "shadow": false, "data_guard": true}
  -> {"ticker": "NTAP", "status": "skipped", "reason": "entry alignment: price $185.32 is not above SMA-20 $193.48"}
Overnight queue kept 6 idea(s) whose market data was stale; they will be retried after fresh quotes arrive.
Dashboard watchlist synced (4 symbols) for news/headlines.
Ending portfolio value: $99,267.36
Trade journal: all: 19 trades, 21% win rate, avg -2.19% | breakout: 1 trades, 0% win rate, avg -8.61% | other: 13 trades, 23% win rate, avg -1.93% | technical: 5 trades, 20% win rate, avg -1.58%
Self-learning: breakout: 1 trades, 0% win rate, avg -8.61% (LOSING) | other: 13 trades, 23% win rate, avg -1.93% (LOSING) | technical: 5 trades, 20% win rate, avg -1.58% (LOSING)
Performance: Total return +0.40% | Max drawdown 0.94% | Daily Sharpe 1.99 | 19 closed trades | Win rate 21% | Avg winner +1.83% | Avg loser -3.26% | Open positions: 2 | Equity $99,266.37
Engine P&L: legacy/unknown: realized $-1,705.68 (19 closed, 21% wins), unrealized $-169.38 (2 open) | Books: legacy: realized $-1,705.68, unrealized $-169.38
Reports: daily realized $+0.00; worst symbols none | weekly realized $+0.00; worst symbols none
Shadow report: 13236 shadow candidate(s), 299 rejection group(s)
Timings: account: 0.0s | risk: 1.0s | decide: 7.3s | watchlist: 0.2s | perf: 0.3s

=== Run at 2026-09-03T16:50:34.125915 ===
Build fingerprint: 4f68550affe5
Current time: 2026-09-03 12:50 PM EDT | Market open (per Alpaca): True | Session: REGULAR
Account value: $99,264.30
Cash: $89,705.74 | Holdings (2): {'GEHC': '0.6136 sh (-6.16%)', 'MS': '43.8344 sh (-1.75%)'}
Sector exposure (cached): Financials 9.6%, Health Care 0.0%
Fill reconciliation: {'filled': 0, 'partial': 0, 'rejected': 1}
Open orders (1): MS sell 43.8344
Risk state: peak $99,703.60 | drawdown 0.44% | today +0.23% | halted: False
Market regime: NEUTRAL (position-size multiplier: 100% incl. circuit breaker 100%)
Overnight queue deferred 6 known-stale idea(s) for 30 minutes to preserve Gemini quota.
News: fetched 157, 3 new after dedup, 0 ticker(s) matched.
Quant pre-screen: 27/60 candidates passed.
Technical fallback (Gemini throttled/unavailable) proposed 7 trade(s) meeting the conviction bar.
Gemini calls used today (all models combined): 236
  -> {"ticker": "HPQ", "status": "skipped", "reason": "market data unavailable for HPQ (bid/ask spread missing)", "shadow": false, "data_guard": true}
  -> {"ticker": "INCY", "status": "skipped", "reason": "stale quote for INCY (944.312997s old; limit 180s)", "shadow": false, "data_guard": true}
  -> {"ticker": "IT", "status": "skipped", "reason": "liquidity filter: IT average volume 56,535 < 500,000", "shadow": false, "data_guard": true}
  -> {"ticker": "IVZ", "status": "skipped", "reason": "liquidity filter: IVZ average volume 236,325 < 500,000", "shadow": false, "data_guard": true}
  -> {"ticker": "JNJ", "status": "skipped", "reason": "liquidity filter: JNJ average volume 224,012 < 500,000", "shadow": false, "data_guard": true}
  -> {"ticker": "JPM", "status": "skipped", "reason": "liquidity filter: JPM average volume 162,876 < 500,000", "shadow": false, "data_guard": true}
  -> {"ticker": "KDP", "status": "skipped", "reason": "market data unavailable for KDP (bid/ask spread missing)", "shadow": false, "data_guard": true}
Overnight queue KEPT for next run (Gemini did not verify this round -- technical fallback or decision failure); 2 idea(s) remain subject to the retry cap.
Run budget reserve reached -- skipping dashboard watchlist sync.
Run budget reserve reached -- skipping performance snapshot.
Trade journal: all: 19 trades, 21% win rate, avg -2.19% | breakout: 1 trades, 0% win rate, avg -8.61% | other: 13 trades, 23% win rate, avg -1.93% | technical: 5 trades, 20% win rate, avg -1.58%
Self-learning: breakout: 1 trades, 0% win rate, avg -8.61% (LOSING) | other: 13 trades, 23% win rate, avg -1.93% (LOSING) | technical: 5 trades, 20% win rate, avg -1.58% (LOSING)
Performance: Total return +0.40% | Max drawdown 0.94% | Daily Sharpe 1.99 | 19 closed trades | Win rate 21% | Avg winner +1.83% | Avg loser -3.26% | Open positions: 2 | Equity $99,264.30
Engine P&L: legacy/unknown: realized $-1,705.68 (19 closed, 21% wins), unrealized $-172.43 (2 open) | Books: legacy: realized $-1,705.68, unrealized $-172.43
Reports: daily realized $+0.00; worst symbols none | weekly realized $+0.00; worst symbols none
Shadow report: 13243 shadow candidate(s), 293 rejection group(s)
Timings: account: 0.0s | risk: 1.1s | decide: 26.0s | watchlist: 0.0s | perf: 0.1s

=== Run at 2026-09-03T16:52:33.028165 ===
Build fingerprint: 4f68550affe5
Current time: 2026-09-03 12:52 PM EDT | Market open (per Alpaca): True | Session: REGULAR
Account value: $99,253.11
Cash: $89,705.74 | Holdings (2): {'GEHC': '0.6136 sh (-6.18%)', 'MS': '43.8344 sh (-1.87%)'}
Sector exposure (cached): Financials 9.6%, Health Care 0.0%
Fill reconciliation: {'filled': 0, 'partial': 0, 'rejected': 1}
Open orders (1): MS sell 43.8344
Risk state: peak $99,703.60 | drawdown 0.45% | today +0.22% | halted: False
Market regime: NEUTRAL (position-size multiplier: 100% incl. circuit breaker 100%)
Overnight queue deferred 5 known-stale idea(s) for 30 minutes to preserve Gemini quota.
Morning verification: 3 overnight-queued trade(s) handed to Gemini for re-verification against fresh data.
News: fetched 157, 6 new after dedup, 0 ticker(s) matched.
Quant pre-screen: 27/60 candidates passed.
Gemini proposed 2 trade(s) meeting the conviction bar.
Gemini calls used today (all models combined): 237
  -> {"ticker": "HOOD", "status": "skipped", "reason": "market data unavailable for HOOD (bid/ask spread missing)", "shadow": false, "data_guard": true}
  -> {"ticker": "NTAP", "status": "skipped", "reason": "entry alignment: price $185.50 is not above SMA-20 $193.49"}
Overnight queue kept 8 idea(s) whose market data was stale; they will be retried after fresh quotes arrive.
Dashboard watchlist synced (4 symbols) for news/headlines.
Ending portfolio value: $99,253.11
Trade journal: all: 19 trades, 21% win rate, avg -2.19% | breakout: 1 trades, 0% win rate, avg -8.61% | other: 13 trades, 23% win rate, avg -1.93% | technical: 5 trades, 20% win rate, avg -1.58%
Self-learning: breakout: 1 trades, 0% win rate, avg -8.61% (LOSING) | other: 13 trades, 23% win rate, avg -1.93% (LOSING) | technical: 5 trades, 20% win rate, avg -1.58% (LOSING)
Performance: Total return +0.39% | Max drawdown 0.94% | Daily Sharpe 1.93 | 19 closed trades | Win rate 21% | Avg winner +1.83% | Avg loser -3.26% | Open positions: 2 | Equity $99,253.11
Engine P&L: legacy/unknown: realized $-1,705.68 (19 closed, 21% wins), unrealized $-183.62 (2 open) | Books: legacy: realized $-1,705.68, unrealized $-183.62
Reports: daily realized $+0.00; worst symbols none | weekly realized $+0.00; worst symbols none
Shadow report: 13244 shadow candidate(s), 292 rejection group(s)
Timings: account: 0.0s | risk: 0.1s | decide: 8.4s | watchlist: 0.0s | perf: 0.2s

=== Run at 2026-09-03T16:54:35.529836 ===
Build fingerprint: 4f68550affe5
Current time: 2026-09-03 12:54 PM EDT | Market open (per Alpaca): True | Session: REGULAR
Account value: $99,249.37
Cash: $89,705.74 | Holdings (2): {'GEHC': '0.6136 sh (-6.23%)', 'MS': '43.8344 sh (-1.91%)'}
Sector exposure (cached): Financials 9.6%, Health Care 0.0%
Fill reconciliation: {'filled': 0, 'partial': 0, 'rejected': 1}
Open orders (1): MS sell 43.8344
Risk state: peak $99,703.60 | drawdown 0.46% | today +0.22% | halted: False
Market regime: NEUTRAL (position-size multiplier: 100% incl. circuit breaker 100%)
Overnight queue deferred 5 known-stale idea(s) for 30 minutes to preserve Gemini quota.
Morning verification: 3 overnight-queued trade(s) handed to Gemini for re-verification against fresh data.
News: fetched 157, 3 new after dedup, 0 ticker(s) matched.
Quant pre-screen: 27/60 candidates passed.
Gemini proposed 2 trade(s) meeting the conviction bar.
Gemini calls used today (all models combined): 238
  -> {"ticker": "HOOD", "status": "skipped", "reason": "market data unavailable for HOOD (bid/ask spread missing)", "shadow": false, "data_guard": true}
  -> {"ticker": "NTAP", "status": "skipped", "reason": "entry alignment: price $185.88 is not above SMA-20 $193.49"}
Overnight queue kept 8 idea(s) whose market data was stale; they will be retried after fresh quotes arrive.
Dashboard watchlist synced (4 symbols) for news/headlines.
Ending portfolio value: $99,249.37
Trade journal: all: 19 trades, 21% win rate, avg -2.19% | breakout: 1 trades, 0% win rate, avg -8.61% | other: 13 trades, 23% win rate, avg -1.93% | technical: 5 trades, 20% win rate, avg -1.58%
Self-learning: breakout: 1 trades, 0% win rate, avg -8.61% (LOSING) | other: 13 trades, 23% win rate, avg -1.93% (LOSING) | technical: 5 trades, 20% win rate, avg -1.58% (LOSING)
Performance: Total return +0.39% | Max drawdown 0.94% | Daily Sharpe 1.91 | 19 closed trades | Win rate 21% | Avg winner +1.83% | Avg loser -3.26% | Open positions: 2 | Equity $99,249.37
Engine P&L: legacy/unknown: realized $-1,705.68 (19 closed, 21% wins), unrealized $-187.37 (2 open) | Books: legacy: realized $-1,705.68, unrealized $-187.37
Reports: daily realized $+0.00; worst symbols none | weekly realized $+0.00; worst symbols none
Shadow report: 13245 shadow candidate(s), 291 rejection group(s)
Timings: account: 0.0s | risk: 0.5s | decide: 6.9s | watchlist: 0.1s | perf: 0.1s

=== Run at 2026-09-03T16:56:39.785386 ===
Build fingerprint: 4f68550affe5
Current time: 2026-09-03 12:56 PM EDT | Market open (per Alpaca): True | Session: REGULAR
Account value: $99,251.11
Cash: $89,705.74 | Holdings (2): {'GEHC': '0.6136 sh (-6.25%)', 'MS': '43.8344 sh (-1.89%)'}
Sector exposure (cached): Financials 9.6%, Health Care 0.0%
Fill reconciliation: {'filled': 0, 'partial': 0, 'rejected': 1}
Open orders (1): MS sell 43.8344
Risk state: peak $99,703.60 | drawdown 0.45% | today +0.22% | halted: False
Market regime: NEUTRAL (position-size multiplier: 100% incl. circuit breaker 100%)
Overnight queue deferred 5 known-stale idea(s) for 30 minutes to preserve Gemini quota.
Morning verification: 3 overnight-queued trade(s) handed to Gemini for re-verification against fresh data.
News: fetched 157, 1 new after dedup, 0 ticker(s) matched.
Quant pre-screen: 27/60 candidates passed.
Gemini proposed 2 trade(s) meeting the conviction bar.
Gemini calls used today (all models combined): 239
  -> {"ticker": "HOOD", "status": "skipped", "reason": "market data unavailable for HOOD (bid/ask spread missing)", "shadow": false, "data_guard": true}
  -> {"ticker": "JNJ", "status": "skipped", "reason": "liquidity filter: JNJ average volume 224,075 < 500,000", "shadow": false, "data_guard": true}
Overnight queue kept 8 idea(s) whose market data was stale; they will be retried after fresh quotes arrive.
Dashboard watchlist synced (4 symbols) for news/headlines.
Ending portfolio value: $99,250.79
Trade journal: all: 19 trades, 21% win rate, avg -2.19% | breakout: 1 trades, 0% win rate, avg -8.61% | other: 13 trades, 23% win rate, avg -1.93% | technical: 5 trades, 20% win rate, avg -1.58%
Self-learning: breakout: 1 trades, 0% win rate, avg -8.61% (LOSING) | other: 13 trades, 23% win rate, avg -1.93% (LOSING) | technical: 5 trades, 20% win rate, avg -1.58% (LOSING)
Performance: Total return +0.39% | Max drawdown 0.94% | Daily Sharpe 1.92 | 19 closed trades | Win rate 21% | Avg winner +1.83% | Avg loser -3.26% | Open positions: 2 | Equity $99,251.11
Engine P&L: legacy/unknown: realized $-1,705.68 (19 closed, 21% wins), unrealized $-185.94 (2 open) | Books: legacy: realized $-1,705.68, unrealized $-185.94
Reports: daily realized $+0.00; worst symbols none | weekly realized $+0.00; worst symbols none
Shadow report: 13247 shadow candidate(s), 289 rejection group(s)
Timings: account: 0.0s | risk: 0.1s | decide: 8.3s | watchlist: 0.0s | perf: 0.1s

=== Run at 2026-09-03T16:58:28.573348 ===
Build fingerprint: 4f68550affe5
Current time: 2026-09-03 12:58 PM EDT | Market open (per Alpaca): True | Session: REGULAR
Account value: $99,247.84
Cash: $89,705.74 | Holdings (2): {'GEHC': '0.6136 sh (-6.21%)', 'MS': '43.8344 sh (-1.92%)'}
Sector exposure (cached): Financials 9.6%, Health Care 0.0%
Fill reconciliation: {'filled': 0, 'partial': 0, 'rejected': 1}
Open orders (1): MS sell 43.8344
Risk state: peak $99,703.60 | drawdown 0.46% | today +0.22% | halted: False
Market regime: BULLISH (position-size multiplier: 100% incl. circuit breaker 100%)
Overnight queue deferred 5 known-stale idea(s) for 30 minutes to preserve Gemini quota.
Morning verification: 3 overnight-queued trade(s) handed to Gemini for re-verification against fresh data.
News: fetched 157, 1 new after dedup, 0 ticker(s) matched.
Quant pre-screen: 27/60 candidates passed.
Gemini proposed 2 trade(s) meeting the conviction bar.
Gemini calls used today (all models combined): 240
  -> {"ticker": "HOOD", "status": "skipped", "reason": "market data unavailable for HOOD (bid/ask spread missing)", "shadow": false, "data_guard": true}
  -> {"ticker": "HPQ", "status": "skipped", "reason": "market data unavailable for HPQ (bid/ask spread missing)", "shadow": false, "data_guard": true}
Overnight queue kept 8 idea(s) whose market data was stale; they will be retried after fresh quotes arrive.
Dashboard watchlist synced (4 symbols) for news/headlines.
Ending portfolio value: $99,247.62
Trade journal: all: 19 trades, 21% win rate, avg -2.19% | breakout: 1 trades, 0% win rate, avg -8.61% | other: 13 trades, 23% win rate, avg -1.93% | technical: 5 trades, 20% win rate, avg -1.58%
Self-learning: breakout: 1 trades, 0% win rate, avg -8.61% (LOSING) | other: 13 trades, 23% win rate, avg -1.93% (LOSING) | technical: 5 trades, 20% win rate, avg -1.58% (LOSING)
Performance: Total return +0.38% | Max drawdown 0.94% | Daily Sharpe 1.90 | 19 closed trades | Win rate 21% | Avg winner +1.83% | Avg loser -3.26% | Open positions: 2 | Equity $99,247.84
Engine P&L: legacy/unknown: realized $-1,705.68 (19 closed, 21% wins), unrealized $-189.11 (2 open) | Books: legacy: realized $-1,705.68, unrealized $-189.11
Reports: daily realized $+0.00; worst symbols none | weekly realized $+0.00; worst symbols none
Shadow report: 13249 shadow candidate(s), 287 rejection group(s)
Timings: account: 0.0s | risk: 1.0s | decide: 6.7s | watchlist: 0.2s | perf: 0.3s

=== Run at 2026-09-03T17:00:37.603285 ===
Build fingerprint: 4f68550affe5
Current time: 2026-09-03 01:00 PM EDT | Market open (per Alpaca): True | Session: REGULAR
Account value: $99,245.42
Cash: $89,705.74 | Holdings (2): {'GEHC': '0.6136 sh (-6.24%)', 'MS': '43.8344 sh (-1.95%)'}
Sector exposure (cached): Financials 9.6%, Health Care 0.0%
Fill reconciliation: {'filled': 0, 'partial': 0, 'rejected': 1}
Open orders (1): MS sell 43.8344
Risk state: peak $99,703.60 | drawdown 0.46% | today +0.21% | halted: False
Market regime: NEUTRAL (position-size multiplier: 100% incl. circuit breaker 100%)
Overnight queue deferred 5 known-stale idea(s) for 30 minutes to preserve Gemini quota.
Morning verification: 3 overnight-queued trade(s) handed to Gemini for re-verification against fresh data.
News: fetched 157, 1 new after dedup, 0 ticker(s) matched.
Quant pre-screen: 7/12 candidates passed.
Gemini proposed 2 trade(s) meeting the conviction bar.
Gemini calls used today (all models combined): 241
  -> {"ticker": "HOOD", "status": "skipped", "reason": "market data unavailable for HOOD (bid/ask spread missing)", "shadow": false, "data_guard": true}
  -> {"ticker": "HPQ", "status": "skipped", "reason": "market data unavailable for HPQ (bid/ask spread missing)", "shadow": false, "data_guard": true}
Overnight queue kept 8 idea(s) whose market data was stale; they will be retried after fresh quotes arrive.
Dashboard watchlist synced (4 symbols) for news/headlines.
Ending portfolio value: $99,243.26
Trade journal: all: 19 trades, 21% win rate, avg -2.19% | breakout: 1 trades, 0% win rate, avg -8.61% | other: 13 trades, 23% win rate, avg -1.93% | technical: 5 trades, 20% win rate, avg -1.58%
Self-learning: breakout: 1 trades, 0% win rate, avg -8.61% (LOSING) | other: 13 trades, 23% win rate, avg -1.93% (LOSING) | technical: 5 trades, 20% win rate, avg -1.58% (LOSING)
Performance: Total return +0.38% | Max drawdown 0.94% | Daily Sharpe 1.88 | 19 closed trades | Win rate 21% | Avg winner +1.83% | Avg loser -3.26% | Open positions: 2 | Equity $99,245.42
Engine P&L: legacy/unknown: realized $-1,705.68 (19 closed, 21% wins), unrealized $-193.47 (2 open) | Books: legacy: realized $-1,705.68, unrealized $-193.47
Reports: daily realized $+0.00; worst symbols none | weekly realized $+0.00; worst symbols none
Shadow report: 13251 shadow candidate(s), 285 rejection group(s)
Timings: account: 0.0s | risk: 0.6s | decide: 13.1s | watchlist: 0.1s | perf: 0.2s

=== Run at 2026-09-03T17:02:29.878301 ===
Build fingerprint: 4f68550affe5
Current time: 2026-09-03 01:02 PM EDT | Market open (per Alpaca): True | Session: REGULAR
Account value: $99,241.07
Cash: $89,705.74 | Holdings (2): {'GEHC': '0.6136 sh (-6.15%)', 'MS': '43.8344 sh (-1.99%)'}
Sector exposure (cached): Financials 9.6%, Health Care 0.0%
Fill reconciliation: {'filled': 0, 'partial': 0, 'rejected': 1}
Open orders (1): MS sell 43.8344
Risk state: peak $99,703.60 | drawdown 0.46% | today +0.21% | halted: False
Market regime: NEUTRAL (position-size multiplier: 100% incl. circuit breaker 100%)
Overnight queue deferred 5 known-stale idea(s) for 30 minutes to preserve Gemini quota.
Morning verification: 3 overnight-queued trade(s) handed to Gemini for re-verification against fresh data.
News: fetched 157, 2 new after dedup, 0 ticker(s) matched.
Quant pre-screen: 13/24 candidates passed.
Gemini proposed 2 trade(s) meeting the conviction bar.
Gemini calls used today (all models combined): 242
  -> {"ticker": "HOOD", "status": "skipped", "reason": "market data unavailable for HOOD (bid/ask spread missing)", "shadow": false, "data_guard": true}
  -> {"ticker": "ICE", "status": "skipped", "reason": "liquidity filter: ICE average volume 150,366 < 500,000", "shadow": false, "data_guard": true}
Overnight queue kept 8 idea(s) whose market data was stale; they will be retried after fresh quotes arrive.
Dashboard watchlist synced (4 symbols) for news/headlines.
Ending portfolio value: $99,239.76
Trade journal: all: 19 trades, 21% win rate, avg -2.19% | breakout: 1 trades, 0% win rate, avg -8.61% | other: 13 trades, 23% win rate, avg -1.93% | technical: 5 trades, 20% win rate, avg -1.58%
Self-learning: breakout: 1 trades, 0% win rate, avg -8.61% (LOSING) | other: 13 trades, 23% win rate, avg -1.93% (LOSING) | technical: 5 trades, 20% win rate, avg -1.58% (LOSING)
Performance: Total return +0.38% | Max drawdown 0.94% | Daily Sharpe 1.87 | 19 closed trades | Win rate 21% | Avg winner +1.83% | Avg loser -3.26% | Open positions: 2 | Equity $99,241.07
Engine P&L: legacy/unknown: realized $-1,705.68 (19 closed, 21% wins), unrealized $-196.98 (2 open) | Books: legacy: realized $-1,705.68, unrealized $-196.98
Reports: daily realized $+0.00; worst symbols none | weekly realized $+0.00; worst symbols none
Shadow report: 13253 shadow candidate(s), 283 rejection group(s)
Timings: account: 0.0s | risk: 0.8s | decide: 16.3s | watchlist: 0.1s | perf: 0.3s

=== Run at 2026-09-03T17:04:34.349372 ===
Build fingerprint: 4f68550affe5
Current time: 2026-09-03 01:04 PM EDT | Market open (per Alpaca): True | Session: REGULAR
Account value: $99,242.05
Cash: $89,705.74 | Holdings (2): {'GEHC': '0.6136 sh (-6.11%)', 'MS': '43.8344 sh (-1.98%)'}
Sector exposure (cached): Financials 9.6%, Health Care 0.0%
Fill reconciliation: {'filled': 0, 'partial': 0, 'rejected': 1}
Open orders (1): MS sell 43.8344
Risk state: peak $99,703.60 | drawdown 0.46% | today +0.21% | halted: False
Market regime: NEUTRAL (position-size multiplier: 100% incl. circuit breaker 100%)
Overnight queue deferred 5 known-stale idea(s) for 30 minutes to preserve Gemini quota.
Morning verification: 3 overnight-queued trade(s) handed to Gemini for re-verification against fresh data.
News: fetched 157, 1 new after dedup, 0 ticker(s) matched.
Quant pre-screen: 14/31 candidates passed.
Technical fallback (Gemini throttled/unavailable) proposed 3 trade(s) meeting the conviction bar.
Gemini calls used today (all models combined): 242
  -> {"ticker": "HPQ", "status": "skipped", "reason": "market data unavailable for HPQ (bid/ask spread missing)", "shadow": false, "data_guard": true}
  -> {"ticker": "IBKR", "status": "skipped", "reason": "liquidity filter: IBKR average volume 174,827 < 500,000", "shadow": false, "data_guard": true}
  -> {"ticker": "ICE", "status": "skipped", "reason": "liquidity filter: ICE average volume 150,626 < 500,000", "shadow": false, "data_guard": true}
Overnight queue KEPT for next run (Gemini did not verify this round -- technical fallback or decision failure); 3 idea(s) remain subject to the retry cap.
Run budget reserve reached -- skipping dashboard watchlist sync.
Run budget reserve reached -- skipping performance snapshot.
Trade journal: all: 19 trades, 21% win rate, avg -2.19% | breakout: 1 trades, 0% win rate, avg -8.61% | other: 13 trades, 23% win rate, avg -1.93% | technical: 5 trades, 20% win rate, avg -1.58%
Self-learning: breakout: 1 trades, 0% win rate, avg -8.61% (LOSING) | other: 13 trades, 23% win rate, avg -1.93% (LOSING) | technical: 5 trades, 20% win rate, avg -1.58% (LOSING)
Performance: Total return +0.38% | Max drawdown 0.94% | Daily Sharpe 1.87 | 19 closed trades | Win rate 21% | Avg winner +1.83% | Avg loser -3.26% | Open positions: 2 | Equity $99,242.05
Engine P&L: legacy/unknown: realized $-1,705.68 (19 closed, 21% wins), unrealized $-194.68 (2 open) | Books: legacy: realized $-1,705.68, unrealized $-194.68
Reports: daily realized $+0.00; worst symbols none | weekly realized $+0.00; worst symbols none
Shadow report: 13256 shadow candidate(s), 280 rejection group(s)
Timings: account: 0.0s | risk: 0.8s | decide: 24.6s | watchlist: 0.0s | perf: 0.1s

=== Run at 2026-09-03T17:06:29.623613 ===
Build fingerprint: 4f68550affe5
Current time: 2026-09-03 01:06 PM EDT | Market open (per Alpaca): True | Session: REGULAR
Account value: $99,238.24
Cash: $89,705.74 | Holdings (2): {'GEHC': '0.6136 sh (-6.12%)', 'MS': '43.8344 sh (-2.02%)'}
Sector exposure (cached): Financials 9.6%, Health Care 0.0%
Fill reconciliation: {'filled': 0, 'partial': 0, 'rejected': 1}
Open orders (1): MS sell 43.8344
Risk state: peak $99,703.60 | drawdown 0.47% | today +0.21% | halted: False
Market regime: NEUTRAL (position-size multiplier: 100% incl. circuit breaker 100%)
Overnight queue deferred 3 known-stale idea(s) for 30 minutes to preserve Gemini quota.
Morning verification: 5 overnight-queued trade(s) handed to Gemini for re-verification against fresh data.
News: fetched 157, 2 new after dedup, 0 ticker(s) matched.
Quant pre-screen: 22/43 candidates passed.
Gemini proposed 2 trade(s) meeting the conviction bar.
Gemini calls used today (all models combined): 243
  -> {"ticker": "HOOD", "status": "skipped", "reason": "market data unavailable for HOOD (bid/ask spread missing)", "shadow": false, "data_guard": true}
  -> {"ticker": "KDP", "status": "skipped", "reason": "market data unavailable for KDP (bid/ask spread missing)", "shadow": false, "data_guard": true}
Overnight queue kept 9 idea(s) whose market data was stale; they will be retried after fresh quotes arrive.
Dashboard watchlist synced (4 symbols) for news/headlines.
Ending portfolio value: $99,237.58
Trade journal: all: 19 trades, 21% win rate, avg -2.19% | breakout: 1 trades, 0% win rate, avg -8.61% | other: 13 trades, 23% win rate, avg -1.93% | technical: 5 trades, 20% win rate, avg -1.58%
Self-learning: breakout: 1 trades, 0% win rate, avg -8.61% (LOSING) | other: 13 trades, 23% win rate, avg -1.93% (LOSING) | technical: 5 trades, 20% win rate, avg -1.58% (LOSING)
Performance: Total return +0.37% | Max drawdown 0.94% | Daily Sharpe 1.86 | 19 closed trades | Win rate 21% | Avg winner +1.83% | Avg loser -3.26% | Open positions: 2 | Equity $99,238.24
Engine P&L: legacy/unknown: realized $-1,705.68 (19 closed, 21% wins), unrealized $-199.15 (2 open) | Books: legacy: realized $-1,705.68, unrealized $-199.15
Reports: daily realized $+0.00; worst symbols none | weekly realized $+0.00; worst symbols none
Shadow report: 13258 shadow candidate(s), 278 rejection group(s)
Timings: account: 0.0s | risk: 1.0s | decide: 15.3s | watchlist: 0.2s | perf: 0.3s

=== Run at 2026-09-03T17:08:28.567174 ===
Build fingerprint: 4f68550affe5
Current time: 2026-09-03 01:08 PM EDT | Market open (per Alpaca): True | Session: REGULAR
Account value: $99,233.65
Cash: $89,705.74 | Holdings (2): {'GEHC': '0.6136 sh (-6.09%)', 'MS': '43.8344 sh (-2.07%)'}
Sector exposure (cached): Financials 9.6%, Health Care 0.0%
Fill reconciliation: {'filled': 0, 'partial': 0, 'rejected': 1}
Open orders (1): MS sell 43.8344
Risk state: peak $99,703.60 | drawdown 0.47% | today +0.20% | halted: False
Market regime: NEUTRAL (position-size multiplier: 100% incl. circuit breaker 100%)
Overnight queue deferred 3 known-stale idea(s) for 30 minutes to preserve Gemini quota.
Morning verification: 6 overnight-queued trade(s) handed to Gemini for re-verification against fresh data.
News: fetched 157, 0 new after dedup, 0 ticker(s) matched.
Quant pre-screen: 29/55 candidates passed.
Technical fallback (Gemini throttled/unavailable) proposed 8 trade(s) meeting the conviction bar.
Technical fallback cap omitted 2 weaker idea(s) this run.
Gemini calls used today (all models combined): 243
  -> {"ticker": "HPQ", "status": "skipped", "reason": "market data unavailable for HPQ (bid/ask spread missing)", "shadow": false, "data_guard": true}
  -> {"ticker": "KDP", "status": "skipped", "reason": "market data unavailable for KDP (bid/ask spread missing)", "shadow": false, "data_guard": true}
  -> {"ticker": "IT", "status": "skipped", "reason": "stale quote for IT (647.915207s old; limit 180s)", "shadow": false, "data_guard": true}
  -> {"ticker": "JNJ", "status": "skipped", "reason": "liquidity filter: JNJ average volume 224,207 < 500,000", "shadow": false, "data_guard": true}
  -> {"ticker": "ICE", "status": "skipped", "reason": "liquidity filter: ICE average volume 150,653 < 500,000", "shadow": false, "data_guard": true}
  -> {"ticker": "J", "status": "skipped", "reason": "stale quote for J (1384.917367s old; limit 180s)", "shadow": false, "data_guard": true}
  -> {"ticker": "KO", "status": "skipped", "reason": "market data unavailable for KO (bid/ask spread missing)", "shadow": false, "data_guard": true}
  -> {"ticker": "IBKR", "status": "skipped", "reason": "entry alignment: price $92.56 is not above SMA-20 $92.62"}
Overnight queue KEPT for next run (Gemini did not verify this round -- technical fallback or decision failure); 6 idea(s) remain subject to the retry cap.
Run budget reserve reached -- skipping dashboard watchlist sync.
Run budget reserve reached -- skipping performance snapshot.
Trade journal: all: 19 trades, 21% win rate, avg -2.19% | breakout: 1 trades, 0% win rate, avg -8.61% | other: 13 trades, 23% win rate, avg -1.93% | technical: 5 trades, 20% win rate, avg -1.58%
Self-learning: breakout: 1 trades, 0% win rate, avg -8.61% (LOSING) | other: 13 trades, 23% win rate, avg -1.93% (LOSING) | technical: 5 trades, 20% win rate, avg -1.58% (LOSING)
Performance: Total return +0.37% | Max drawdown 0.94% | Daily Sharpe 1.86 | 19 closed trades | Win rate 21% | Avg winner +1.83% | Avg loser -3.26% | Open positions: 2 | Equity $99,233.65
Engine P&L: legacy/unknown: realized $-1,705.68 (19 closed, 21% wins), unrealized $-203.08 (2 open) | Books: legacy: realized $-1,705.68, unrealized $-203.08
Reports: daily realized $+0.00; worst symbols none | weekly realized $+0.00; worst symbols none
Shadow report: 13265 shadow candidate(s), 273 rejection group(s)
Timings: account: 0.0s | risk: 0.9s | decide: 26.0s | watchlist: 0.0s | perf: 0.1s

=== Run at 2026-09-03T17:10:30.848951 ===
Build fingerprint: 4f68550affe5
Current time: 2026-09-03 01:10 PM EDT | Market open (per Alpaca): True | Session: REGULAR
Account value: $99,226.59
Cash: $89,705.74 | Holdings (2): {'GEHC': '0.6136 sh (-6.19%)', 'MS': '43.8344 sh (-2.14%)'}
Sector exposure (cached): Financials 9.6%, Health Care 0.0%
Fill reconciliation: {'filled': 0, 'partial': 0, 'rejected': 1}
Open orders (1): MS sell 43.8344
Risk state: peak $99,703.60 | drawdown 0.48% | today +0.19% | halted: False
Market regime: NEUTRAL (position-size multiplier: 100% incl. circuit breaker 100%)
Overnight queue deferred 3 known-stale idea(s) for 30 minutes to preserve Gemini quota.
Morning verification: 6 overnight-queued trade(s) handed to Gemini for re-verification against fresh data.
News: fetched 157, 5 new after dedup, 1 ticker(s) matched.
Quant pre-screen: 10/15 candidates passed.
Gemini proposed 2 trade(s) meeting the conviction bar.
Gemini calls used today (all models combined): 244
  -> {"ticker": "NDAQ", "status": "skipped", "reason": "stale quote for NDAQ (237.718295s old; limit 180s)", "shadow": false, "data_guard": true}
  -> {"ticker": "HOOD", "status": "skipped", "reason": "market data unavailable for HOOD (bid/ask spread missing)", "shadow": false, "data_guard": true}
Overnight queue kept 10 idea(s) whose market data was stale; they will be retried after fresh quotes arrive.
Dashboard watchlist synced (4 symbols) for news/headlines.
Ending portfolio value: $99,226.60
Trade journal: all: 19 trades, 21% win rate, avg -2.19% | breakout: 1 trades, 0% win rate, avg -8.61% | other: 13 trades, 23% win rate, avg -1.93% | technical: 5 trades, 20% win rate, avg -1.58%
Self-learning: breakout: 1 trades, 0% win rate, avg -8.61% (LOSING) | other: 13 trades, 23% win rate, avg -1.93% (LOSING) | technical: 5 trades, 20% win rate, avg -1.58% (LOSING)
Performance: Total return +0.36% | Max drawdown 0.94% | Daily Sharpe 1.80 | 19 closed trades | Win rate 21% | Avg winner +1.83% | Avg loser -3.26% | Open positions: 2 | Equity $99,226.59
Engine P&L: legacy/unknown: realized $-1,705.68 (19 closed, 21% wins), unrealized $-210.13 (2 open) | Books: legacy: realized $-1,705.68, unrealized $-210.13
Reports: daily realized $+0.00; worst symbols none | weekly realized $+0.00; worst symbols none
Shadow report: 13267 shadow candidate(s), 272 rejection group(s)
Timings: account: 0.0s | risk: 0.1s | decide: 11.1s | watchlist: 0.0s | perf: 0.1s

=== Run at 2026-09-03T17:12:29.069896 ===
Build fingerprint: 4f68550affe5
Current time: 2026-09-03 01:12 PM EDT | Market open (per Alpaca): True | Session: REGULAR
Account value: $99,225.31
Cash: $89,705.74 | Holdings (2): {'GEHC': '0.6136 sh (-6.11%)', 'MS': '43.8344 sh (-2.15%)'}
Sector exposure (cached): Financials 9.6%, Health Care 0.0%
Fill reconciliation: {'filled': 0, 'partial': 0, 'rejected': 1}
Open orders (1): MS sell 43.8344
Risk state: peak $99,703.60 | drawdown 0.48% | today +0.19% | halted: False
Market regime: NEUTRAL (position-size multiplier: 100% incl. circuit breaker 100%)
Overnight queue deferred 4 known-stale idea(s) for 30 minutes to preserve Gemini quota.
Morning verification: 6 overnight-queued trade(s) handed to Gemini for re-verification against fresh data.
News: fetched 157, 2 new after dedup, 2 ticker(s) matched.
Quant pre-screen: 11/16 candidates passed.
Technical fallback (Gemini throttled/unavailable) proposed 2 trade(s) meeting the conviction bar.
Gemini calls used today (all models combined): 244
  -> {"ticker": "CRM", "status": "skipped", "reason": "market data unavailable for CRM (bid/ask spread missing)", "shadow": false, "data_guard": true}
  -> {"ticker": "CVNA", "status": "skipped", "reason": "liquidity filter: CVNA average volume 386,601 < 500,000", "shadow": false, "data_guard": true}
Overnight queue KEPT for next run (Gemini did not verify this round -- technical fallback or decision failure); 6 idea(s) remain subject to the retry cap.
Run budget reserve reached -- skipping dashboard watchlist sync.
Run budget reserve reached -- skipping performance snapshot.
Trade journal: all: 19 trades, 21% win rate, avg -2.19% | breakout: 1 trades, 0% win rate, avg -8.61% | other: 13 trades, 23% win rate, avg -1.93% | technical: 5 trades, 20% win rate, avg -1.58%
Self-learning: breakout: 1 trades, 0% win rate, avg -8.61% (LOSING) | other: 13 trades, 23% win rate, avg -1.93% (LOSING) | technical: 5 trades, 20% win rate, avg -1.58% (LOSING)
Performance: Total return +0.36% | Max drawdown 0.94% | Daily Sharpe 1.80 | 19 closed trades | Win rate 21% | Avg winner +1.83% | Avg loser -3.26% | Open positions: 2 | Equity $99,225.31
Engine P&L: legacy/unknown: realized $-1,705.68 (19 closed, 21% wins), unrealized $-211.42 (2 open) | Books: legacy: realized $-1,705.68, unrealized $-211.42
Reports: daily realized $+0.00; worst symbols none | weekly realized $+0.00; worst symbols none
Shadow report: 13269 shadow candidate(s), 271 rejection group(s)
Timings: account: 0.0s | risk: 0.6s | decide: 24.2s | watchlist: 0.0s | perf: 0.1s

=== Run at 2026-09-03T17:14:33.274162 ===
Build fingerprint: 4f68550affe5
Current time: 2026-09-03 01:14 PM EDT | Market open (per Alpaca): True | Session: REGULAR
Account value: $99,225.31
Cash: $89,705.74 | Holdings (2): {'GEHC': '0.6136 sh (-6.10%)', 'MS': '43.8344 sh (-2.15%)'}
Sector exposure (cached): Financials 9.6%, Health Care 0.0%
Fill reconciliation: {'filled': 0, 'partial': 0, 'rejected': 1}
Open orders (1): MS sell 43.8344
Risk state: peak $99,703.60 | drawdown 0.48% | today +0.19% | halted: False
Market regime: NEUTRAL (position-size multiplier: 100% incl. circuit breaker 100%)
Overnight queue expired 1 stale/over-retried idea(s); fresh analysis will replace them.
Overnight queue deferred 4 known-stale idea(s) for 30 minutes to preserve Gemini quota.
Morning verification: 5 overnight-queued trade(s) handed to Gemini for re-verification against fresh data.
News: fetched 157, 3 new after dedup, 3 ticker(s) matched.
Quant pre-screen: 33/63 candidates passed.
Gemini proposed 1 trade(s) meeting the conviction bar.
Gemini calls used today (all models combined): 245
  -> {"ticker": "NVDA", "status": "skipped", "reason": "market data unavailable for NVDA (bid/ask spread missing)", "shadow": false, "data_guard": true}
Overnight queue kept 9 idea(s) whose market data was stale; they will be retried after fresh quotes arrive.
Dashboard watchlist synced (5 symbols) for news/headlines.
Ending portfolio value: $99,227.50
Trade journal: all: 19 trades, 21% win rate, avg -2.19% | breakout: 1 trades, 0% win rate, avg -8.61% | other: 13 trades, 23% win rate, avg -1.93% | technical: 5 trades, 20% win rate, avg -1.58%
Self-learning: breakout: 1 trades, 0% win rate, avg -8.61% (LOSING) | other: 13 trades, 23% win rate, avg -1.93% (LOSING) | technical: 5 trades, 20% win rate, avg -1.58% (LOSING)
Performance: Total return +0.36% | Max drawdown 0.94% | Daily Sharpe 1.81 | 19 closed trades | Win rate 21% | Avg winner +1.83% | Avg loser -3.26% | Open positions: 2 | Equity $99,225.31
Engine P&L: legacy/unknown: realized $-1,705.68 (19 closed, 21% wins), unrealized $-209.23 (2 open) | Books: legacy: realized $-1,705.68, unrealized $-209.23
Reports: daily realized $+0.00; worst symbols none | weekly realized $+0.00; worst symbols none
Shadow report: 13270 shadow candidate(s), 270 rejection group(s)
Timings: account: 0.0s | risk: 0.8s | decide: 10.6s | watchlist: 0.1s | perf: 0.3s

=== Run at 2026-09-03T17:16:28.055851 ===
Build fingerprint: 4f68550affe5
Current time: 2026-09-03 01:16 PM EDT | Market open (per Alpaca): True | Session: REGULAR
Account value: $99,226.20
Cash: $89,705.74 | Holdings (2): {'GEHC': '0.6136 sh (-6.07%)', 'MS': '43.8344 sh (-2.15%)'}
Sector exposure (cached): Financials 9.6%, Health Care 0.0%
Fill reconciliation: {'filled': 0, 'partial': 0, 'rejected': 1}
Open orders (1): MS sell 43.8344
Risk state: peak $99,703.60 | drawdown 0.48% | today +0.19% | halted: False
Market regime: NEUTRAL (position-size multiplier: 100% incl. circuit breaker 100%)
Overnight queue deferred 5 known-stale idea(s) for 30 minutes to preserve Gemini quota.
Morning verification: 4 overnight-queued trade(s) handed to Gemini for re-verification against fresh data.
News: fetched 157, 7 new after dedup, 0 ticker(s) matched.
Quant pre-screen: 31/60 candidates passed.
Gemini proposed 3 trade(s) meeting the conviction bar.
Gemini calls used today (all models combined): 246
  -> {"ticker": "HOOD", "status": "skipped", "reason": "market data unavailable for HOOD (bid/ask spread missing)", "shadow": false, "data_guard": true}
  -> {"ticker": "NTAP", "status": "skipped", "reason": "entry alignment: price $182.58 is not above SMA-20 $193.34"}
  -> {"ticker": "IT", "status": "skipped", "reason": "stale quote for IT (296.646522s old; limit 180s)", "shadow": false, "data_guard": true}
Overnight queue kept 10 idea(s) whose market data was stale; they will be retried after fresh quotes arrive.
Dashboard watchlist synced (5 symbols) for news/headlines.
Ending portfolio value: $99,223.57
Trade journal: all: 19 trades, 21% win rate, avg -2.19% | breakout: 1 trades, 0% win rate, avg -8.61% | other: 13 trades, 23% win rate, avg -1.93% | technical: 5 trades, 20% win rate, avg -1.58%
Self-learning: breakout: 1 trades, 0% win rate, avg -8.61% (LOSING) | other: 13 trades, 23% win rate, avg -1.93% (LOSING) | technical: 5 trades, 20% win rate, avg -1.58% (LOSING)
Performance: Total return +0.36% | Max drawdown 0.94% | Daily Sharpe 1.79 | 19 closed trades | Win rate 21% | Avg winner +1.83% | Avg loser -3.26% | Open positions: 2 | Equity $99,226.20
Engine P&L: legacy/unknown: realized $-1,705.68 (19 closed, 21% wins), unrealized $-213.16 (2 open) | Books: legacy: realized $-1,705.68, unrealized $-213.16
Reports: daily realized $+0.00; worst symbols none | weekly realized $+0.00; worst symbols none
Shadow report: 13272 shadow candidate(s), 269 rejection group(s)
Timings: account: 0.0s | risk: 0.9s | decide: 12.3s | watchlist: 0.1s | perf: 0.3s

=== Run at 2026-09-03T17:18:28.355152 ===
Build fingerprint: 4f68550affe5
Current time: 2026-09-03 01:18 PM EDT | Market open (per Alpaca): True | Session: REGULAR
Account value: $99,229.27
Cash: $89,705.74 | Holdings (2): {'GEHC': '0.6136 sh (-6.07%)', 'MS': '43.8344 sh (-2.11%)'}
Sector exposure (cached): Financials 9.6%, Health Care 0.0%
Fill reconciliation: {'filled': 0, 'partial': 0, 'rejected': 1}
Open orders (1): MS sell 43.8344
Risk state: peak $99,703.60 | drawdown 0.48% | today +0.20% | halted: False
Market regime: NEUTRAL (position-size multiplier: 100% incl. circuit breaker 100%)
Overnight queue deferred 6 known-stale idea(s) for 30 minutes to preserve Gemini quota.
Morning verification: 4 overnight-queued trade(s) handed to Gemini for re-verification against fresh data.
News: fetched 157, 1 new after dedup, 0 ticker(s) matched.
Quant pre-screen: 31/60 candidates passed.
Gemini proposed 1 trade(s) meeting the conviction bar.
Gemini calls used today (all models combined): 247
  -> {"ticker": "HOOD", "status": "skipped", "reason": "market data unavailable for HOOD (bid/ask spread missing)", "shadow": false, "data_guard": true}
Overnight queue kept 10 idea(s) whose market data was stale; they will be retried after fresh quotes arrive.
Dashboard watchlist synced (3 symbols) for news/headlines.
Ending portfolio value: $99,228.82
Trade journal: all: 19 trades, 21% win rate, avg -2.19% | breakout: 1 trades, 0% win rate, avg -8.61% | other: 13 trades, 23% win rate, avg -1.93% | technical: 5 trades, 20% win rate, avg -1.58%
Self-learning: breakout: 1 trades, 0% win rate, avg -8.61% (LOSING) | other: 13 trades, 23% win rate, avg -1.93% (LOSING) | technical: 5 trades, 20% win rate, avg -1.58% (LOSING)
Performance: Total return +0.36% | Max drawdown 0.94% | Daily Sharpe 1.81 | 19 closed trades | Win rate 21% | Avg winner +1.83% | Avg loser -3.26% | Open positions: 2 | Equity $99,229.27
Engine P&L: legacy/unknown: realized $-1,705.68 (19 closed, 21% wins), unrealized $-209.22 (2 open) | Books: legacy: realized $-1,705.68, unrealized $-209.22
Reports: daily realized $+0.00; worst symbols none | weekly realized $+0.00; worst symbols none
Shadow report: 13273 shadow candidate(s), 268 rejection group(s)
Timings: account: 0.0s | risk: 0.9s | decide: 15.1s | watchlist: 0.1s | perf: 0.3s

=== Run at 2026-09-03T17:20:33.912118 ===
Build fingerprint: 4f68550affe5
Current time: 2026-09-03 01:20 PM EDT | Market open (per Alpaca): True | Session: REGULAR
Account value: $99,224.89
Cash: $89,705.74 | Holdings (2): {'GEHC': '0.6136 sh (-6.10%)', 'MS': '43.8344 sh (-2.16%)'}
Sector exposure (cached): Financials 9.6%, Health Care 0.0%
Fill reconciliation: {'filled': 0, 'partial': 0, 'rejected': 1}
Open orders (1): MS sell 43.8344
Risk state: peak $99,703.60 | drawdown 0.48% | today +0.19% | halted: False
Market regime: NEUTRAL (position-size multiplier: 100% incl. circuit breaker 100%)
Overnight queue deferred 6 known-stale idea(s) for 30 minutes to preserve Gemini quota.
Morning verification: 4 overnight-queued trade(s) handed to Gemini for re-verification against fresh data.
News: fetched 157, 1 new after dedup, 0 ticker(s) matched.
Quant pre-screen: 31/60 candidates passed.
Gemini proposed 1 trade(s) meeting the conviction bar.
Gemini calls used today (all models combined): 248
  -> {"ticker": "NTAP", "status": "skipped", "reason": "entry alignment: price $182.76 is not above SMA-20 $193.35"}
Overnight queue cleared after verification.
Overnight queue retained 6 deferred stale idea(s).
Dashboard watchlist synced (3 symbols) for news/headlines.
Ending portfolio value: $99,224.91
Trade journal: all: 19 trades, 21% win rate, avg -2.19% | breakout: 1 trades, 0% win rate, avg -8.61% | other: 13 trades, 23% win rate, avg -1.93% | technical: 5 trades, 20% win rate, avg -1.58%
Self-learning: breakout: 1 trades, 0% win rate, avg -8.61% (LOSING) | other: 13 trades, 23% win rate, avg -1.93% (LOSING) | technical: 5 trades, 20% win rate, avg -1.58% (LOSING)
Performance: Total return +0.36% | Max drawdown 0.94% | Daily Sharpe 1.80 | 19 closed trades | Win rate 21% | Avg winner +1.83% | Avg loser -3.26% | Open positions: 2 | Equity $99,224.89
Engine P&L: legacy/unknown: realized $-1,705.68 (19 closed, 21% wins), unrealized $-211.82 (2 open) | Books: legacy: realized $-1,705.68, unrealized $-211.82
Reports: daily realized $+0.00; worst symbols none | weekly realized $+0.00; worst symbols none
Shadow report: 13273 shadow candidate(s), 268 rejection group(s)
Timings: account: 0.0s | risk: 1.0s | decide: 10.0s | watchlist: 0.2s | perf: 0.3s

=== Run at 2026-09-03T17:22:28.748818 ===
Build fingerprint: 4f68550affe5
Current time: 2026-09-03 01:22 PM EDT | Market open (per Alpaca): True | Session: REGULAR
Account value: $99,227.11
Cash: $89,705.74 | Holdings (2): {'GEHC': '0.6136 sh (-6.01%)', 'MS': '43.8344 sh (-2.14%)'}
Sector exposure (cached): Financials 9.6%, Health Care 0.0%
Fill reconciliation: {'filled': 0, 'partial': 0, 'rejected': 1}
Open orders (1): MS sell 43.8344
Risk state: peak $99,703.60 | drawdown 0.48% | today +0.19% | halted: False
Market regime: NEUTRAL (position-size multiplier: 100% incl. circuit breaker 100%)
Overnight queue deferred 6 known-stale idea(s) for 30 minutes to preserve Gemini quota.
News: fetched 157, 3 new after dedup, 0 ticker(s) matched.
Quant pre-screen: 31/60 candidates passed.
Gemini proposed 2 trade(s) meeting the conviction bar.
Gemini calls used today (all models combined): 249
  -> {"ticker": "HOOD", "status": "skipped", "reason": "market data unavailable for HOOD (bid/ask spread missing)", "shadow": false, "data_guard": true}
  -> {"ticker": "HPQ", "status": "skipped", "reason": "market data unavailable for HPQ (bid/ask spread missing)", "shadow": false, "data_guard": true}
Overnight queue kept 6 idea(s) whose market data was stale; they will be retried after fresh quotes arrive.
Dashboard watchlist synced (4 symbols) for news/headlines.
Ending portfolio value: $99,227.54
Trade journal: all: 19 trades, 21% win rate, avg -2.19% | breakout: 1 trades, 0% win rate, avg -8.61% | other: 13 trades, 23% win rate, avg -1.93% | technical: 5 trades, 20% win rate, avg -1.58%
Self-learning: breakout: 1 trades, 0% win rate, avg -8.61% (LOSING) | other: 13 trades, 23% win rate, avg -1.93% (LOSING) | technical: 5 trades, 20% win rate, avg -1.58% (LOSING)
Performance: Total return +0.36% | Max drawdown 0.94% | Daily Sharpe 1.81 | 19 closed trades | Win rate 21% | Avg winner +1.83% | Avg loser -3.26% | Open positions: 2 | Equity $99,227.11
Engine P&L: legacy/unknown: realized $-1,705.68 (19 closed, 21% wins), unrealized $-209.20 (2 open) | Books: legacy: realized $-1,705.68, unrealized $-209.20
Reports: daily realized $+0.00; worst symbols none | weekly realized $+0.00; worst symbols none
Shadow report: 13275 shadow candidate(s), 266 rejection group(s)
Timings: account: 0.0s | risk: 0.2s | decide: 11.1s | watchlist: 0.0s | perf: 0.2s

=== Run at 2026-09-03T17:24:27.124963 ===
Build fingerprint: 4f68550affe5
Current time: 2026-09-03 01:24 PM EDT | Market open (per Alpaca): True | Session: REGULAR
Account value: $99,231.03
Cash: $89,705.74 | Holdings (2): {'GEHC': '0.6136 sh (-6.06%)', 'MS': '43.8344 sh (-2.10%)'}
Sector exposure (cached): Financials 9.6%, Health Care 0.0%
Fill reconciliation: {'filled': 0, 'partial': 0, 'rejected': 1}
Open orders (1): MS sell 43.8344
Risk state: peak $99,703.60 | drawdown 0.47% | today +0.20% | halted: False
Market regime: NEUTRAL (position-size multiplier: 100% incl. circuit breaker 100%)
Overnight queue deferred 6 known-stale idea(s) for 30 minutes to preserve Gemini quota.
News: fetched 158, 4 new after dedup, 0 ticker(s) matched.
Quant pre-screen: 31/60 candidates passed.
Technical fallback (Gemini throttled/unavailable) proposed 8 trade(s) meeting the conviction bar.
Technical fallback cap omitted 2 weaker idea(s) this run.
Gemini calls used today (all models combined): 249
  -> {"ticker": "HPQ", "status": "skipped", "reason": "market data unavailable for HPQ (bid/ask spread missing)", "shadow": false, "data_guard": true}
  -> {"ticker": "KDP", "status": "skipped", "reason": "market data unavailable for KDP (bid/ask spread missing)", "shadow": false, "data_guard": true}
  -> {"ticker": "IT", "status": "skipped", "reason": "stale quote for IT (406.267725s old; limit 180s)", "shadow": false, "data_guard": true}
  -> {"ticker": "JNJ", "status": "skipped", "reason": "liquidity filter: JNJ average volume 224,623 < 500,000", "shadow": false, "data_guard": true}
  -> {"ticker": "ICE", "status": "skipped", "reason": "liquidity filter: ICE average volume 150,962 < 500,000", "shadow": false, "data_guard": true}
  -> {"ticker": "J", "status": "skipped", "reason": "stale quote for J (327.02913s old; limit 180s)", "shadow": false, "data_guard": true}
  -> {"ticker": "KO", "status": "skipped", "reason": "market data unavailable for KO (bid/ask spread missing)", "shadow": false, "data_guard": true}
  -> {"ticker": "IBKR", "status": "skipped", "reason": "entry alignment: price $92.39 is not above SMA-20 $92.61"}
Overnight queue KEPT for next run (Gemini did not verify this round -- technical fallback or decision failure); 2 idea(s) remain subject to the retry cap.
Run budget reserve reached -- skipping dashboard watchlist sync.
Run budget reserve reached -- skipping performance snapshot.
Trade journal: all: 19 trades, 21% win rate, avg -2.19% | breakout: 1 trades, 0% win rate, avg -8.61% | other: 13 trades, 23% win rate, avg -1.93% | technical: 5 trades, 20% win rate, avg -1.58%
Self-learning: breakout: 1 trades, 0% win rate, avg -8.61% (LOSING) | other: 13 trades, 23% win rate, avg -1.93% (LOSING) | technical: 5 trades, 20% win rate, avg -1.58% (LOSING)
Performance: Total return +0.36% | Max drawdown 0.94% | Daily Sharpe 1.81 | 19 closed trades | Win rate 21% | Avg winner +1.83% | Avg loser -3.26% | Open positions: 2 | Equity $99,231.03
Engine P&L: legacy/unknown: realized $-1,705.68 (19 closed, 21% wins), unrealized $-205.70 (2 open) | Books: legacy: realized $-1,705.68, unrealized $-205.70
Reports: daily realized $+0.00; worst symbols none | weekly realized $+0.00; worst symbols none
Shadow report: 13282 shadow candidate(s), 261 rejection group(s)
Timings: account: 0.0s | risk: 0.1s | decide: 25.4s | watchlist: 0.0s | perf: 0.1s

=== Run at 2026-09-03T17:26:29.632524 ===
Build fingerprint: 4f68550affe5
Current time: 2026-09-03 01:26 PM EDT | Market open (per Alpaca): True | Session: REGULAR
Account value: $99,234.55
Cash: $89,705.74 | Holdings (2): {'GEHC': '0.6136 sh (-6.04%)', 'MS': '43.8344 sh (-2.06%)'}
Sector exposure (cached): Financials 9.6%, Health Care 0.0%
Fill reconciliation: {'filled': 0, 'partial': 0, 'rejected': 1}
Open orders (1): MS sell 43.8344
Risk state: peak $99,703.60 | drawdown 0.47% | today +0.20% | halted: False
Market regime: NEUTRAL (position-size multiplier: 100% incl. circuit breaker 100%)
Overnight queue deferred 6 known-stale idea(s) for 30 minutes to preserve Gemini quota.
Morning verification: 2 overnight-queued trade(s) handed to Gemini for re-verification against fresh data.
News: fetched 157, 3 new after dedup, 2 ticker(s) matched.
Quant pre-screen: 15/27 candidates passed.
Gemini proposed 2 trade(s) meeting the conviction bar.
Gemini calls used today (all models combined): 250
  -> {"ticker": "ON", "status": "skipped", "reason": "entry alignment: price $73.91 is not above SMA-20 $76.80"}
  -> {"ticker": "HOOD", "status": "skipped", "reason": "market data unavailable for HOOD (bid/ask spread missing)", "shadow": false, "data_guard": true}
Overnight queue kept 8 idea(s) whose market data was stale; they will be retried after fresh quotes arrive.
Dashboard watchlist synced (5 symbols) for news/headlines.
Ending portfolio value: $99,236.79
Trade journal: all: 19 trades, 21% win rate, avg -2.19% | breakout: 1 trades, 0% win rate, avg -8.61% | other: 13 trades, 23% win rate, avg -1.93% | technical: 5 trades, 20% win rate, avg -1.58%
Self-learning: breakout: 1 trades, 0% win rate, avg -8.61% (LOSING) | other: 13 trades, 23% win rate, avg -1.93% (LOSING) | technical: 5 trades, 20% win rate, avg -1.58% (LOSING)
Performance: Total return +0.37% | Max drawdown 0.94% | Daily Sharpe 1.85 | 19 closed trades | Win rate 21% | Avg winner +1.83% | Avg loser -3.26% | Open positions: 2 | Equity $99,234.55
Engine P&L: legacy/unknown: realized $-1,705.68 (19 closed, 21% wins), unrealized $-199.94 (2 open) | Books: legacy: realized $-1,705.68, unrealized $-199.94
Reports: daily realized $+0.00; worst symbols none | weekly realized $+0.00; worst symbols none
Shadow report: 13283 shadow candidate(s), 260 rejection group(s)
Timings: account: 0.0s | risk: 0.1s | decide: 12.0s | watchlist: 0.0s | perf: 0.1s

=== Run at 2026-09-03T17:28:26.544876 ===
Build fingerprint: 4f68550affe5
Current time: 2026-09-03 01:28 PM EDT | Market open (per Alpaca): True | Session: REGULAR
Account value: $99,231.92
Cash: $89,705.74 | Holdings (2): {'GEHC': '0.6136 sh (-6.04%)', 'MS': '43.8344 sh (-2.09%)'}
Sector exposure (cached): Financials 9.6%, Health Care 0.0%
Fill reconciliation: {'filled': 0, 'partial': 0, 'rejected': 1}
Open orders (1): MS sell 43.8344
Risk state: peak $99,703.60 | drawdown 0.47% | today +0.20% | halted: False
Market regime: NEUTRAL (position-size multiplier: 100% incl. circuit breaker 100%)
Overnight queue deferred 6 known-stale idea(s) for 30 minutes to preserve Gemini quota.
Morning verification: 2 overnight-queued trade(s) handed to Gemini for re-verification against fresh data.
News: fetched 157, 3 new after dedup, 2 ticker(s) matched.
Quant pre-screen: 20/37 candidates passed.
Gemini proposed 1 trade(s) meeting the conviction bar.
Gemini calls used today (all models combined): 251
  -> {"ticker": "NVDA", "status": "skipped", "reason": "market data unavailable for NVDA (bid/ask spread missing)", "shadow": false, "data_guard": true}
Overnight queue kept 8 idea(s) whose market data was stale; they will be retried after fresh quotes arrive.
Dashboard watchlist synced (4 symbols) for news/headlines.
Ending portfolio value: $99,231.91
Trade journal: all: 19 trades, 21% win rate, avg -2.19% | breakout: 1 trades, 0% win rate, avg -8.61% | other: 13 trades, 23% win rate, avg -1.93% | technical: 5 trades, 20% win rate, avg -1.58%
Self-learning: breakout: 1 trades, 0% win rate, avg -8.61% (LOSING) | other: 13 trades, 23% win rate, avg -1.93% (LOSING) | technical: 5 trades, 20% win rate, avg -1.58% (LOSING)
Performance: Total return +0.37% | Max drawdown 0.94% | Daily Sharpe 1.83 | 19 closed trades | Win rate 21% | Avg winner +1.83% | Avg loser -3.26% | Open positions: 2 | Equity $99,231.92
Engine P&L: legacy/unknown: realized $-1,705.68 (19 closed, 21% wins), unrealized $-204.82 (2 open) | Books: legacy: realized $-1,705.68, unrealized $-204.82
Reports: daily realized $+0.00; worst symbols none | weekly realized $+0.00; worst symbols none
Shadow report: 13284 shadow candidate(s), 259 rejection group(s)
Timings: account: 0.0s | risk: 0.8s | decide: 15.0s | watchlist: 0.1s | perf: 0.3s

=== Run at 2026-09-03T17:30:40.778603 ===
Build fingerprint: 4f68550affe5
Current time: 2026-09-03 01:30 PM EDT | Market open (per Alpaca): True | Session: REGULAR
Account value: $99,231.73
Cash: $89,705.74 | Holdings (2): {'GEHC': '0.6136 sh (-5.97%)', 'MS': '43.8344 sh (-2.09%)'}
Sector exposure (cached): Financials 9.6%, Health Care 0.0%
Fill reconciliation: {'filled': 0, 'partial': 0, 'rejected': 1}
Open orders (1): MS sell 43.8344
Risk state: peak $99,703.60 | drawdown 0.47% | today +0.20% | halted: False
Market regime: NEUTRAL (position-size multiplier: 100% incl. circuit breaker 100%)
Overnight queue deferred 6 known-stale idea(s) for 30 minutes to preserve Gemini quota.
Morning verification: 2 overnight-queued trade(s) handed to Gemini for re-verification against fresh data.
News: fetched 157, 0 new after dedup, 0 ticker(s) matched.
Quant pre-screen: 31/60 candidates passed.
Gemini proposed 2 trade(s) meeting the conviction bar.
Gemini calls used today (all models combined): 252
  -> {"ticker": "HOOD", "status": "skipped", "reason": "market data unavailable for HOOD (bid/ask spread missing)", "shadow": false, "data_guard": true}
  -> {"ticker": "HPQ", "status": "skipped", "reason": "market data unavailable for HPQ (bid/ask spread missing)", "shadow": false, "data_guard": true}
Overnight queue kept 8 idea(s) whose market data was stale; they will be retried after fresh quotes arrive.
Dashboard watchlist synced (4 symbols) for news/headlines.
Ending portfolio value: $99,233.27
Trade journal: all: 19 trades, 21% win rate, avg -2.19% | breakout: 1 trades, 0% win rate, avg -8.61% | other: 13 trades, 23% win rate, avg -1.93% | technical: 5 trades, 20% win rate, avg -1.58%
Self-learning: breakout: 1 trades, 0% win rate, avg -8.61% (LOSING) | other: 13 trades, 23% win rate, avg -1.93% (LOSING) | technical: 5 trades, 20% win rate, avg -1.58% (LOSING)
Performance: Total return +0.37% | Max drawdown 0.94% | Daily Sharpe 1.84 | 19 closed trades | Win rate 21% | Avg winner +1.83% | Avg loser -3.26% | Open positions: 2 | Equity $99,231.73
Engine P&L: legacy/unknown: realized $-1,705.68 (19 closed, 21% wins), unrealized $-203.47 (2 open) | Books: legacy: realized $-1,705.68, unrealized $-203.47
Reports: daily realized $+0.00; worst symbols none | weekly realized $+0.00; worst symbols none
Shadow report: 13286 shadow candidate(s), 257 rejection group(s)
Timings: account: 0.0s | risk: 0.6s | decide: 9.5s | watchlist: 0.1s | perf: 0.2s

=== Run at 2026-09-03T17:32:25.816070 ===
Build fingerprint: 4f68550affe5
Current time: 2026-09-03 01:32 PM EDT | Market open (per Alpaca): True | Session: REGULAR
Account value: $99,235.88
Cash: $89,705.74 | Holdings (2): {'GEHC': '0.6136 sh (-6.00%)', 'MS': '43.8344 sh (-2.05%)'}
Sector exposure (cached): Financials 9.6%, Health Care 0.0%
Fill reconciliation: {'filled': 0, 'partial': 0, 'rejected': 1}
Open orders (1): MS sell 43.8344
Risk state: peak $99,703.60 | drawdown 0.47% | today +0.20% | halted: False
Market regime: NEUTRAL (position-size multiplier: 100% incl. circuit breaker 100%)
Overnight queue deferred 6 known-stale idea(s) for 30 minutes to preserve Gemini quota.
Morning verification: 2 overnight-queued trade(s) handed to Gemini for re-verification against fresh data.
News: fetched 157, 1 new after dedup, 0 ticker(s) matched.
Quant pre-screen: 31/60 candidates passed.
Gemini proposed 2 trade(s) meeting the conviction bar.
Gemini calls used today (all models combined): 253
  -> {"ticker": "HOOD", "status": "skipped", "reason": "market data unavailable for HOOD (bid/ask spread missing)", "shadow": false, "data_guard": true}
  -> {"ticker": "HPQ", "status": "skipped", "reason": "market data unavailable for HPQ (bid/ask spread missing)", "shadow": false, "data_guard": true}
Overnight queue kept 8 idea(s) whose market data was stale; they will be retried after fresh quotes arrive.
Dashboard watchlist synced (4 symbols) for news/headlines.
Ending portfolio value: $99,236.75
Trade journal: all: 19 trades, 21% win rate, avg -2.19% | breakout: 1 trades, 0% win rate, avg -8.61% | other: 13 trades, 23% win rate, avg -1.93% | technical: 5 trades, 20% win rate, avg -1.58%
Self-learning: breakout: 1 trades, 0% win rate, avg -8.61% (LOSING) | other: 13 trades, 23% win rate, avg -1.93% (LOSING) | technical: 5 trades, 20% win rate, avg -1.58% (LOSING)
Performance: Total return +0.37% | Max drawdown 0.94% | Daily Sharpe 1.85 | 19 closed trades | Win rate 21% | Avg winner +1.83% | Avg loser -3.26% | Open positions: 2 | Equity $99,235.88
Engine P&L: legacy/unknown: realized $-1,705.68 (19 closed, 21% wins), unrealized $-199.98 (2 open) | Books: legacy: realized $-1,705.68, unrealized $-199.98
Reports: daily realized $+0.00; worst symbols none | weekly realized $+0.00; worst symbols none
Shadow report: 13288 shadow candidate(s), 255 rejection group(s)
Timings: account: 0.0s | risk: 0.2s | decide: 10.8s | watchlist: 0.0s | perf: 0.1s

=== Run at 2026-09-03T17:35:06.132440 ===
Build fingerprint: 4f68550affe5
Current time: 2026-09-03 01:35 PM EDT | Market open (per Alpaca): True | Session: REGULAR
Account value: $99,240.24
Cash: $89,705.74 | Holdings (2): {'GEHC': '0.6136 sh (-6.05%)', 'MS': '43.8344 sh (-2.00%)'}
Sector exposure (cached): Financials 9.6%, Health Care 0.0%
Fill reconciliation: {'filled': 0, 'partial': 0, 'rejected': 1}
Open orders (1): MS sell 43.8344
Risk state: peak $99,703.60 | drawdown 0.46% | today +0.21% | halted: False
Market regime: NEUTRAL (position-size multiplier: 100% incl. circuit breaker 100%)
Overnight queue deferred 6 known-stale idea(s) for 30 minutes to preserve Gemini quota.
Morning verification: 2 overnight-queued trade(s) handed to Gemini for re-verification against fresh data.
News: fetched 157, 2 new after dedup, 1 ticker(s) matched.
Quant pre-screen: 17/25 candidates passed.
Gemini proposed 1 trade(s) meeting the conviction bar.
Gemini calls used today (all models combined): 254
  -> {"ticker": "NVDA", "status": "skipped", "reason": "market data unavailable for NVDA (bid/ask spread missing)", "shadow": false, "data_guard": true}
Overnight queue kept 8 idea(s) whose market data was stale; they will be retried after fresh quotes arrive.
Dashboard watchlist synced (4 symbols) for news/headlines.
Ending portfolio value: $99,239.36
Trade journal: all: 19 trades, 21% win rate, avg -2.19% | breakout: 1 trades, 0% win rate, avg -8.61% | other: 13 trades, 23% win rate, avg -1.93% | technical: 5 trades, 20% win rate, avg -1.58%
Self-learning: breakout: 1 trades, 0% win rate, avg -8.61% (LOSING) | other: 13 trades, 23% win rate, avg -1.93% (LOSING) | technical: 5 trades, 20% win rate, avg -1.58% (LOSING)
Performance: Total return +0.38% | Max drawdown 0.94% | Daily Sharpe 1.86 | 19 closed trades | Win rate 21% | Avg winner +1.83% | Avg loser -3.26% | Open positions: 2 | Equity $99,240.24
Engine P&L: legacy/unknown: realized $-1,705.68 (19 closed, 21% wins), unrealized $-197.37 (2 open) | Books: legacy: realized $-1,705.68, unrealized $-197.37
Reports: daily realized $+0.00; worst symbols none | weekly realized $+0.00; worst symbols none
Shadow report: 13289 shadow candidate(s), 254 rejection group(s)
Timings: account: 0.0s | risk: 1.1s | decide: 13.9s | watchlist: 0.2s | perf: 0.3s

=== Run at 2026-09-03T17:36:29.538836 ===
Build fingerprint: 4f68550affe5
Current time: 2026-09-03 01:36 PM EDT | Market open (per Alpaca): True | Session: REGULAR
Account value: $99,234.33
Cash: $89,705.74 | Holdings (2): {'GEHC': '0.6136 sh (-6.03%)', 'MS': '43.8344 sh (-2.06%)'}
Sector exposure (cached): Financials 9.6%, Health Care 0.0%
Fill reconciliation: {'filled': 0, 'partial': 0, 'rejected': 1}
Open orders (1): MS sell 43.8344
Risk state: peak $99,703.60 | drawdown 0.47% | today +0.20% | halted: False
Market regime: NEUTRAL (position-size multiplier: 100% incl. circuit breaker 100%)
Overnight queue deferred 6 known-stale idea(s) for 30 minutes to preserve Gemini quota.
Morning verification: 2 overnight-queued trade(s) handed to Gemini for re-verification against fresh data.
News: fetched 57, 3 new after dedup, 1 ticker(s) matched.
Quant pre-screen: 27/38 candidates passed.
Technical fallback (Gemini throttled/unavailable) proposed 8 trade(s) meeting the conviction bar.
Technical fallback cap omitted 4 weaker idea(s) this run.
Gemini calls used today (all models combined): 254
  -> {"ticker": "ORCL", "status": "skipped", "reason": "market data unavailable for ORCL (bid/ask spread missing)", "shadow": false, "data_guard": true}
  -> {"ticker": "NOW", "status": "skipped", "reason": "market data unavailable for NOW (bid/ask spread missing)", "shadow": false, "data_guard": true}
  -> {"ticker": "NVDA", "status": "skipped", "reason": "market data unavailable for NVDA (bid/ask spread missing)", "shadow": false, "data_guard": true}
  -> {"ticker": "OKE", "status": "skipped", "reason": "stale quote for OKE (214.64433s old; limit 180s)", "shadow": false, "data_guard": true}
  -> {"ticker": "MRNA", "status": "skipped", "reason": "market data unavailable for MRNA (bid/ask spread missing)", "shadow": false, "data_guard": true}
  -> {"ticker": "NUE", "status": "skipped", "reason": "liquidity filter: NUE average volume 68,643 < 500,000", "shadow": false, "data_guard": true}
  -> {"ticker": "NFLX", "status": "skipped", "reason": "market data unavailable for NFLX (bid/ask spread missing)", "shadow": false, "data_guard": true}
  -> {"ticker": "NDAQ", "status": "skipped", "reason": "stale quote for NDAQ (774.218549s old; limit 180s)", "shadow": false, "data_guard": true}
Overnight queue KEPT for next run (Gemini did not verify this round -- technical fallback or decision failure); 2 idea(s) remain subject to the retry cap.
Run budget reserve reached -- skipping dashboard watchlist sync.
Run budget reserve reached -- skipping performance snapshot.
Trade journal: all: 19 trades, 21% win rate, avg -2.19% | breakout: 1 trades, 0% win rate, avg -8.61% | other: 13 trades, 23% win rate, avg -1.93% | technical: 5 trades, 20% win rate, avg -1.58%
Self-learning: breakout: 1 trades, 0% win rate, avg -8.61% (LOSING) | other: 13 trades, 23% win rate, avg -1.93% (LOSING) | technical: 5 trades, 20% win rate, avg -1.58% (LOSING)
Performance: Total return +0.38% | Max drawdown 0.94% | Daily Sharpe 1.86 | 19 closed trades | Win rate 21% | Avg winner +1.83% | Avg loser -3.26% | Open positions: 2 | Equity $99,234.33
Engine P&L: legacy/unknown: realized $-1,705.68 (19 closed, 21% wins), unrealized $-202.40 (2 open) | Books: legacy: realized $-1,705.68, unrealized $-202.40
Reports: daily realized $+0.00; worst symbols none | weekly realized $+0.00; worst symbols none
Shadow report: 13297 shadow candidate(s), 248 rejection group(s)
Timings: account: 0.0s | risk: 1.5s | decide: 24.9s | watchlist: 0.0s | perf: 0.1s

=== Run at 2026-09-03T17:38:28.414976 ===
Build fingerprint: 4f68550affe5
Current time: 2026-09-03 01:38 PM EDT | Market open (per Alpaca): True | Session: REGULAR
Account value: $99,232.81
Cash: $89,705.74 | Holdings (2): {'GEHC': '0.6136 sh (-6.01%)', 'MS': '43.8344 sh (-2.08%)'}
Sector exposure (cached): Financials 9.6%, Health Care 0.0%
Fill reconciliation: {'filled': 0, 'partial': 0, 'rejected': 1}
Open orders (1): MS sell 43.8344
Risk state: peak $99,703.60 | drawdown 0.47% | today +0.20% | halted: False
Market regime: NEUTRAL (position-size multiplier: 100% incl. circuit breaker 100%)
Overnight queue deferred 5 known-stale idea(s) for 30 minutes to preserve Gemini quota.
Morning verification: 3 overnight-queued trade(s) handed to Gemini for re-verification against fresh data.
News: fetched 157, 6 new after dedup, 0 ticker(s) matched.
Quant pre-screen: 31/60 candidates passed.
Technical fallback (Gemini throttled/unavailable) proposed 8 trade(s) meeting the conviction bar.
Technical fallback cap omitted 2 weaker idea(s) this run.
Gemini calls used today (all models combined): 254
  -> {"ticker": "HPQ", "status": "skipped", "reason": "market data unavailable for HPQ (bid/ask spread missing)", "shadow": false, "data_guard": true}
  -> {"ticker": "KDP", "status": "skipped", "reason": "market data unavailable for KDP (bid/ask spread missing)", "shadow": false, "data_guard": true}
  -> {"ticker": "IT", "status": "skipped", "reason": "stale quote for IT (207.843955s old; limit 180s)", "shadow": false, "data_guard": true}
  -> {"ticker": "JNJ", "status": "skipped", "reason": "liquidity filter: JNJ average volume 224,898 < 500,000", "shadow": false, "data_guard": true}
  -> {"ticker": "ICE", "status": "skipped", "reason": "liquidity filter: ICE average volume 151,591 < 500,000", "shadow": false, "data_guard": true}
  -> {"ticker": "J", "status": "skipped", "reason": "entry alignment: price $147.59 is not above SMA-20 $147.62"}
  -> {"ticker": "KO", "status": "skipped", "reason": "market data unavailable for KO (bid/ask spread missing)", "shadow": false, "data_guard": true}
  -> {"ticker": "IBKR", "status": "skipped", "reason": "liquidity filter: IBKR average volume 175,514 < 500,000", "shadow": false, "data_guard": true}
Overnight queue KEPT for next run (Gemini did not verify this round -- technical fallback or decision failure); 3 idea(s) remain subject to the retry cap.
Run budget reserve reached -- skipping dashboard watchlist sync.
Run budget reserve reached -- skipping performance snapshot.
Trade journal: all: 19 trades, 21% win rate, avg -2.19% | breakout: 1 trades, 0% win rate, avg -8.61% | other: 13 trades, 23% win rate, avg -1.93% | technical: 5 trades, 20% win rate, avg -1.58%
Self-learning: breakout: 1 trades, 0% win rate, avg -8.61% (LOSING) | other: 13 trades, 23% win rate, avg -1.93% (LOSING) | technical: 5 trades, 20% win rate, avg -1.58% (LOSING)
Performance: Total return +0.38% | Max drawdown 0.94% | Daily Sharpe 1.86 | 19 closed trades | Win rate 21% | Avg winner +1.83% | Avg loser -3.26% | Open positions: 2 | Equity $99,232.81
Engine P&L: legacy/unknown: realized $-1,705.68 (19 closed, 21% wins), unrealized $-203.92 (2 open) | Books: legacy: realized $-1,705.68, unrealized $-203.92
Reports: daily realized $+0.00; worst symbols none | weekly realized $+0.00; worst symbols none
Shadow report: 13304 shadow candidate(s), 242 rejection group(s)
Timings: account: 0.0s | risk: 0.8s | decide: 26.2s | watchlist: 0.0s | perf: 0.1s

=== Run at 2026-09-03T17:40:38.178943 ===
Build fingerprint: 4f68550affe5
Current time: 2026-09-03 01:40 PM EDT | Market open (per Alpaca): True | Session: REGULAR
Account value: $99,229.73
Cash: $89,705.74 | Holdings (2): {'GEHC': '0.6136 sh (-6.03%)', 'MS': '43.8344 sh (-2.11%)'}
Sector exposure (cached): Financials 9.6%, Health Care 0.0%
Fill reconciliation: {'filled': 0, 'partial': 0, 'rejected': 1}
Open orders (1): MS sell 43.8344
Risk state: peak $99,703.60 | drawdown 0.48% | today +0.20% | halted: False
Market regime: NEUTRAL (position-size multiplier: 100% incl. circuit breaker 100%)
Overnight queue deferred 5 known-stale idea(s) for 30 minutes to preserve Gemini quota.
Morning verification: 3 overnight-queued trade(s) handed to Gemini for re-verification against fresh data.
News: fetched 157, 3 new after dedup, 1 ticker(s) matched.
Quant pre-screen: 34/50 candidates passed.
Gemini proposed 2 trade(s) meeting the conviction bar.
Gemini calls used today (all models combined): 255
  -> {"ticker": "ORCL", "status": "skipped", "reason": "market data unavailable for ORCL (bid/ask spread missing)", "shadow": false, "data_guard": true}
  -> {"ticker": "HOOD", "status": "skipped", "reason": "market data unavailable for HOOD (bid/ask spread missing)", "shadow": false, "data_guard": true}
Overnight queue kept 9 idea(s) whose market data was stale; they will be retried after fresh quotes arrive.
Dashboard watchlist synced (5 symbols) for news/headlines.
Ending portfolio value: $99,228.63
Trade journal: all: 19 trades, 21% win rate, avg -2.19% | breakout: 1 trades, 0% win rate, avg -8.61% | other: 13 trades, 23% win rate, avg -1.93% | technical: 5 trades, 20% win rate, avg -1.58%
Self-learning: breakout: 1 trades, 0% win rate, avg -8.61% (LOSING) | other: 13 trades, 23% win rate, avg -1.93% (LOSING) | technical: 5 trades, 20% win rate, avg -1.58% (LOSING)
Performance: Total return +0.36% | Max drawdown 0.94% | Daily Sharpe 1.81 | 19 closed trades | Win rate 21% | Avg winner +1.83% | Avg loser -3.26% | Open positions: 2 | Equity $99,229.73
Engine P&L: legacy/unknown: realized $-1,705.68 (19 closed, 21% wins), unrealized $-208.11 (2 open) | Books: legacy: realized $-1,705.68, unrealized $-208.11
Reports: daily realized $+0.00; worst symbols none | weekly realized $+0.00; worst symbols none
Shadow report: 13306 shadow candidate(s), 240 rejection group(s)
Timings: account: 0.0s | risk: 0.9s | decide: 14.9s | watchlist: 0.1s | perf: 0.3s

=== Run at 2026-09-03T17:42:30.738828 ===
Build fingerprint: 4f68550affe5
Current time: 2026-09-03 01:42 PM EDT | Market open (per Alpaca): True | Session: REGULAR
Account value: $99,235.86
Cash: $89,705.74 | Holdings (2): {'GEHC': '0.6136 sh (-6.05%)', 'MS': '43.8344 sh (-2.05%)'}
Sector exposure (cached): Financials 9.6%, Health Care 0.0%
Fill reconciliation: {'filled': 0, 'partial': 0, 'rejected': 1}
Open orders (1): MS sell 43.8344
Risk state: peak $99,703.60 | drawdown 0.47% | today +0.20% | halted: False
Market regime: NEUTRAL (position-size multiplier: 100% incl. circuit breaker 100%)
Overnight queue deferred 5 known-stale idea(s) for 30 minutes to preserve Gemini quota.
Morning verification: 4 overnight-queued trade(s) handed to Gemini for re-verification against fresh data.
News: fetched 157, 0 new after dedup, 0 ticker(s) matched.
Quant pre-screen: 31/60 candidates passed.
Gemini proposed 1 trade(s) meeting the conviction bar.
Gemini calls used today (all models combined): 256
  -> {"ticker": "KDP", "status": "skipped", "reason": "market data unavailable for KDP (bid/ask spread missing)", "shadow": false, "data_guard": true}
Overnight queue kept 9 idea(s) whose market data was stale; they will be retried after fresh quotes arrive.
Dashboard watchlist synced (3 symbols) for news/headlines.
Ending portfolio value: $99,235.87
Trade journal: all: 19 trades, 21% win rate, avg -2.19% | breakout: 1 trades, 0% win rate, avg -8.61% | other: 13 trades, 23% win rate, avg -1.93% | technical: 5 trades, 20% win rate, avg -1.58%
Self-learning: breakout: 1 trades, 0% win rate, avg -8.61% (LOSING) | other: 13 trades, 23% win rate, avg -1.93% (LOSING) | technical: 5 trades, 20% win rate, avg -1.58% (LOSING)
Performance: Total return +0.37% | Max drawdown 0.94% | Daily Sharpe 1.85 | 19 closed trades | Win rate 21% | Avg winner +1.83% | Avg loser -3.26% | Open positions: 2 | Equity $99,235.86
Engine P&L: legacy/unknown: realized $-1,705.68 (19 closed, 21% wins), unrealized $-200.86 (2 open) | Books: legacy: realized $-1,705.68, unrealized $-200.86
Reports: daily realized $+0.00; worst symbols none | weekly realized $+0.00; worst symbols none
Shadow report: 13307 shadow candidate(s), 239 rejection group(s)
Timings: account: 0.0s | risk: 0.2s | decide: 11.1s | watchlist: 0.1s | perf: 0.2s

=== Run at 2026-09-03T17:44:36.321301 ===
Build fingerprint: 4f68550affe5
Current time: 2026-09-03 01:44 PM EDT | Market open (per Alpaca): True | Session: REGULAR
Account value: $99,229.93
Cash: $89,705.74 | Holdings (2): {'GEHC': '0.6136 sh (-6.07%)', 'MS': '43.8344 sh (-2.11%)'}
Sector exposure (cached): Financials 9.6%, Health Care 0.0%
Fill reconciliation: {'filled': 0, 'partial': 0, 'rejected': 1}
Open orders (1): MS sell 43.8344
Risk state: peak $99,703.60 | drawdown 0.48% | today +0.20% | halted: False
Market regime: NEUTRAL (position-size multiplier: 100% incl. circuit breaker 100%)
Overnight queue deferred 6 known-stale idea(s) for 30 minutes to preserve Gemini quota.
Morning verification: 3 overnight-queued trade(s) handed to Gemini for re-verification against fresh data.
News: fetched 157, 4 new after dedup, 0 ticker(s) matched.
Quant pre-screen: 31/60 candidates passed.
Gemini proposed 2 trade(s) meeting the conviction bar.
Gemini calls used today (all models combined): 257
  -> {"ticker": "HOOD", "status": "skipped", "reason": "market data unavailable for HOOD (bid/ask spread missing)", "shadow": false, "data_guard": true}
  -> {"ticker": "HPQ", "status": "skipped", "reason": "market data unavailable for HPQ (bid/ask spread missing)", "shadow": false, "data_guard": true}
Overnight queue kept 9 idea(s) whose market data was stale; they will be retried after fresh quotes arrive.
Dashboard watchlist synced (4 symbols) for news/headlines.
Ending portfolio value: $99,231.02
Trade journal: all: 19 trades, 21% win rate, avg -2.19% | breakout: 1 trades, 0% win rate, avg -8.61% | other: 13 trades, 23% win rate, avg -1.93% | technical: 5 trades, 20% win rate, avg -1.58%
Self-learning: breakout: 1 trades, 0% win rate, avg -8.61% (LOSING) | other: 13 trades, 23% win rate, avg -1.93% (LOSING) | technical: 5 trades, 20% win rate, avg -1.58% (LOSING)
Performance: Total return +0.37% | Max drawdown 0.94% | Daily Sharpe 1.82 | 19 closed trades | Win rate 21% | Avg winner +1.83% | Avg loser -3.26% | Open positions: 2 | Equity $99,229.93
Engine P&L: legacy/unknown: realized $-1,705.68 (19 closed, 21% wins), unrealized $-205.71 (2 open) | Books: legacy: realized $-1,705.68, unrealized $-205.71
Reports: daily realized $+0.00; worst symbols none | weekly realized $+0.00; worst symbols none
Shadow report: 13309 shadow candidate(s), 237 rejection group(s)
Timings: account: 0.0s | risk: 0.1s | decide: 13.3s | watchlist: 0.0s | perf: 0.3s

=== Run at 2026-09-03T17:46:28.003108 ===
Build fingerprint: 4f68550affe5
Current time: 2026-09-03 01:46 PM EDT | Market open (per Alpaca): True | Session: REGULAR
Account value: $99,226.17
Cash: $89,705.74 | Holdings (2): {'GEHC': '0.6136 sh (-6.14%)', 'MS': '43.8344 sh (-2.15%)'}
Sector exposure (cached): Financials 9.6%, Health Care 0.0%
Fill reconciliation: {'filled': 0, 'partial': 0, 'rejected': 1}
Open orders (1): MS sell 43.8344
Risk state: peak $99,703.60 | drawdown 0.48% | today +0.19% | halted: False
Market regime: NEUTRAL (position-size multiplier: 100% incl. circuit breaker 100%)
Overnight queue deferred 6 known-stale idea(s) for 30 minutes to preserve Gemini quota.
Morning verification: 3 overnight-queued trade(s) handed to Gemini for re-verification against fresh data.
News: fetched 157, 2 new after dedup, 0 ticker(s) matched.
Quant pre-screen: 31/60 candidates passed.
Technical fallback (Gemini throttled/unavailable) proposed 8 trade(s) meeting the conviction bar.
Technical fallback cap omitted 2 weaker idea(s) this run.
Gemini calls used today (all models combined): 257
  -> {"ticker": "HPQ", "status": "skipped", "reason": "market data unavailable for HPQ (bid/ask spread missing)", "shadow": false, "data_guard": true}
  -> {"ticker": "KDP", "status": "skipped", "reason": "market data unavailable for KDP (bid/ask spread missing)", "shadow": false, "data_guard": true}
  -> {"ticker": "IT", "status": "skipped", "reason": "stale quote for IT (686.77724s old; limit 180s)", "shadow": false, "data_guard": true}
  -> {"ticker": "JNJ", "status": "skipped", "reason": "liquidity filter: JNJ average volume 224,975 < 500,000", "shadow": false, "data_guard": true}
  -> {"ticker": "ICE", "status": "skipped", "reason": "liquidity filter: ICE average volume 151,762 < 500,000", "shadow": false, "data_guard": true}
  -> {"ticker": "J", "status": "skipped", "reason": "entry alignment: price $147.56 is not above SMA-20 $147.62"}
  -> {"ticker": "KO", "status": "skipped", "reason": "market data unavailable for KO (bid/ask spread missing)", "shadow": false, "data_guard": true}
  -> {"ticker": "IBKR", "status": "skipped", "reason": "liquidity filter: IBKR average volume 175,694 < 500,000", "shadow": false, "data_guard": true}
Overnight queue KEPT for next run (Gemini did not verify this round -- technical fallback or decision failure); 3 idea(s) remain subject to the retry cap.
Run budget reserve reached -- skipping dashboard watchlist sync.
Run budget reserve reached -- skipping performance snapshot.
Trade journal: all: 19 trades, 21% win rate, avg -2.19% | breakout: 1 trades, 0% win rate, avg -8.61% | other: 13 trades, 23% win rate, avg -1.93% | technical: 5 trades, 20% win rate, avg -1.58%
Self-learning: breakout: 1 trades, 0% win rate, avg -8.61% (LOSING) | other: 13 trades, 23% win rate, avg -1.93% (LOSING) | technical: 5 trades, 20% win rate, avg -1.58% (LOSING)
Performance: Total return +0.37% | Max drawdown 0.94% | Daily Sharpe 1.82 | 19 closed trades | Win rate 21% | Avg winner +1.83% | Avg loser -3.26% | Open positions: 2 | Equity $99,226.17
Engine P&L: legacy/unknown: realized $-1,705.68 (19 closed, 21% wins), unrealized $-210.56 (2 open) | Books: legacy: realized $-1,705.68, unrealized $-210.56
Reports: daily realized $+0.00; worst symbols none | weekly realized $+0.00; worst symbols none
Shadow report: 13316 shadow candidate(s), 231 rejection group(s)
Timings: account: 0.0s | risk: 0.1s | decide: 25.4s | watchlist: 0.0s | perf: 0.1s

=== Run at 2026-09-03T17:48:31.424920 ===
Build fingerprint: 4f68550affe5
Current time: 2026-09-03 01:48 PM EDT | Market open (per Alpaca): True | Session: REGULAR
Account value: $99,232.30
Cash: $89,705.74 | Holdings (2): {'GEHC': '0.6136 sh (-6.16%)', 'MS': '43.8344 sh (-2.08%)'}
Sector exposure (cached): Financials 9.6%, Health Care 0.0%
Fill reconciliation: {'filled': 0, 'partial': 0, 'rejected': 1}
Open orders (1): MS sell 43.8344
Risk state: peak $99,703.60 | drawdown 0.47% | today +0.20% | halted: False
Market regime: NEUTRAL (position-size multiplier: 100% incl. circuit breaker 100%)
Overnight queue deferred 5 known-stale idea(s) for 30 minutes to preserve Gemini quota.
Morning verification: 4 overnight-queued trade(s) handed to Gemini for re-verification against fresh data.
News: fetched 157, 1 new after dedup, 0 ticker(s) matched.
Quant pre-screen: 31/60 candidates passed.
Gemini proposed 2 trade(s) meeting the conviction bar.
Gemini calls used today (all models combined): 258
  -> {"ticker": "IT", "status": "skipped", "reason": "liquidity filter: IT average volume 56,720 < 500,000", "shadow": false, "data_guard": true}
  -> {"ticker": "HOOD", "status": "skipped", "reason": "market data unavailable for HOOD (bid/ask spread missing)", "shadow": false, "data_guard": true}
Overnight queue kept 9 idea(s) whose market data was stale; they will be retried after fresh quotes arrive.
Dashboard watchlist synced (4 symbols) for news/headlines.
Ending portfolio value: $99,231.20
Trade journal: all: 19 trades, 21% win rate, avg -2.19% | breakout: 1 trades, 0% win rate, avg -8.61% | other: 13 trades, 23% win rate, avg -1.93% | technical: 5 trades, 20% win rate, avg -1.58%
Self-learning: breakout: 1 trades, 0% win rate, avg -8.61% (LOSING) | other: 13 trades, 23% win rate, avg -1.93% (LOSING) | technical: 5 trades, 20% win rate, avg -1.58% (LOSING)
Performance: Total return +0.37% | Max drawdown 0.94% | Daily Sharpe 1.83 | 19 closed trades | Win rate 21% | Avg winner +1.83% | Avg loser -3.26% | Open positions: 2 | Equity $99,232.30
Engine P&L: legacy/unknown: realized $-1,705.68 (19 closed, 21% wins), unrealized $-205.54 (2 open) | Books: legacy: realized $-1,705.68, unrealized $-205.54
Reports: daily realized $+0.00; worst symbols none | weekly realized $+0.00; worst symbols none
Shadow report: 13318 shadow candidate(s), 229 rejection group(s)
Timings: account: 0.0s | risk: 0.9s | decide: 7.1s | watchlist: 0.1s | perf: 0.2s

=== Run at 2026-09-03T17:50:33.550486 ===
Build fingerprint: 4f68550affe5
Current time: 2026-09-03 01:50 PM EDT | Market open (per Alpaca): True | Session: REGULAR
Account value: $99,231.00
Cash: $89,705.74 | Holdings (2): {'GEHC': '0.6136 sh (-6.13%)', 'MS': '43.8344 sh (-2.10%)'}
Sector exposure (cached): Financials 9.6%, Health Care 0.0%
Fill reconciliation: {'filled': 0, 'partial': 0, 'rejected': 1}
Open orders (1): MS sell 43.8344
Risk state: peak $99,703.60 | drawdown 0.47% | today +0.20% | halted: False
Market regime: NEUTRAL (position-size multiplier: 100% incl. circuit breaker 100%)
Overnight queue deferred 5 known-stale idea(s) for 30 minutes to preserve Gemini quota.
Morning verification: 4 overnight-queued trade(s) handed to Gemini for re-verification against fresh data.
News: fetched 157, 4 new after dedup, 4 ticker(s) matched.
Quant pre-screen: 31/63 candidates passed.
Gemini proposed 2 trade(s) meeting the conviction bar.
Gemini calls used today (all models combined): 259
  -> {"ticker": "IT", "status": "skipped", "reason": "stale quote for IT (185.682904s old; limit 180s)", "shadow": false, "data_guard": true}
  -> {"ticker": "MA", "status": "skipped", "reason": "liquidity filter: MA average volume 120,935 < 500,000", "shadow": false, "data_guard": true}
Overnight queue kept 9 idea(s) whose market data was stale; they will be retried after fresh quotes arrive.
Dashboard watchlist synced (8 symbols) for news/headlines.
Ending portfolio value: $99,233.20
Trade journal: all: 19 trades, 21% win rate, avg -2.19% | breakout: 1 trades, 0% win rate, avg -8.61% | other: 13 trades, 23% win rate, avg -1.93% | technical: 5 trades, 20% win rate, avg -1.58%
Self-learning: breakout: 1 trades, 0% win rate, avg -8.61% (LOSING) | other: 13 trades, 23% win rate, avg -1.93% (LOSING) | technical: 5 trades, 20% win rate, avg -1.58% (LOSING)
Performance: Total return +0.37% | Max drawdown 0.94% | Daily Sharpe 1.83 | 19 closed trades | Win rate 21% | Avg winner +1.83% | Avg loser -3.26% | Open positions: 2 | Equity $99,231.00
Engine P&L: legacy/unknown: realized $-1,705.68 (19 closed, 21% wins), unrealized $-203.53 (2 open) | Books: legacy: realized $-1,705.68, unrealized $-203.53
Reports: daily realized $+0.00; worst symbols none | weekly realized $+0.00; worst symbols none
Shadow report: 13320 shadow candidate(s), 228 rejection group(s)
Timings: account: 0.0s | risk: 0.9s | decide: 14.2s | watchlist: 0.2s | perf: 0.3s

=== Run at 2026-09-03T17:52:27.223857 ===
Build fingerprint: 4f68550affe5
Current time: 2026-09-03 01:52 PM EDT | Market open (per Alpaca): True | Session: REGULAR
Account value: $99,231.42
Cash: $89,705.74 | Holdings (2): {'GEHC': '0.6136 sh (-6.17%)', 'MS': '43.8344 sh (-2.09%)'}
Sector exposure (cached): Financials 9.6%, Health Care 0.0%
Fill reconciliation: {'filled': 0, 'partial': 0, 'rejected': 1}
Open orders (1): MS sell 43.8344
Risk state: peak $99,703.60 | drawdown 0.47% | today +0.20% | halted: False
Market regime: BULLISH (position-size multiplier: 100% incl. circuit breaker 100%)
Overnight queue deferred 6 known-stale idea(s) for 30 minutes to preserve Gemini quota.
Morning verification: 3 overnight-queued trade(s) handed to Gemini for re-verification against fresh data.
News: fetched 157, 3 new after dedup, 0 ticker(s) matched.
Quant pre-screen: 31/60 candidates passed.
Technical fallback (Gemini throttled/unavailable) proposed 8 trade(s) meeting the conviction bar.
Technical fallback cap omitted 2 weaker idea(s) this run.
Gemini calls used today (all models combined): 259
  -> {"ticker": "HPQ", "status": "skipped", "reason": "market data unavailable for HPQ (bid/ask spread missing)", "shadow": false, "data_guard": true}
  -> {"ticker": "KDP", "status": "skipped", "reason": "market data unavailable for KDP (bid/ask spread missing)", "shadow": false, "data_guard": true}
  -> {"ticker": "IT", "status": "skipped", "reason": "liquidity filter: IT average volume 56,771 < 500,000", "shadow": false, "data_guard": true}
  -> {"ticker": "JNJ", "status": "skipped", "reason": "liquidity filter: JNJ average volume 225,000 < 500,000", "shadow": false, "data_guard": true}
  -> {"ticker": "ICE", "status": "skipped", "reason": "liquidity filter: ICE average volume 151,874 < 500,000", "shadow": false, "data_guard": true}
  -> {"ticker": "J", "status": "skipped", "reason": "liquidity filter: J average volume 33,574 < 500,000", "shadow": false, "data_guard": true}
  -> {"ticker": "KO", "status": "skipped", "reason": "market data unavailable for KO (bid/ask spread missing)", "shadow": false, "data_guard": true}
  -> {"ticker": "IBKR", "status": "skipped", "reason": "liquidity filter: IBKR average volume 175,804 < 500,000", "shadow": false, "data_guard": true}
Overnight queue KEPT for next run (Gemini did not verify this round -- technical fallback or decision failure); 3 idea(s) remain subject to the retry cap.
Run budget reserve reached -- skipping dashboard watchlist sync.
Run budget reserve reached -- skipping performance snapshot.
Trade journal: all: 19 trades, 21% win rate, avg -2.19% | breakout: 1 trades, 0% win rate, avg -8.61% | other: 13 trades, 23% win rate, avg -1.93% | technical: 5 trades, 20% win rate, avg -1.58%
Self-learning: breakout: 1 trades, 0% win rate, avg -8.61% (LOSING) | other: 13 trades, 23% win rate, avg -1.93% (LOSING) | technical: 5 trades, 20% win rate, avg -1.58% (LOSING)
Performance: Total return +0.37% | Max drawdown 0.94% | Daily Sharpe 1.83 | 19 closed trades | Win rate 21% | Avg winner +1.83% | Avg loser -3.26% | Open positions: 2 | Equity $99,231.42
Engine P&L: legacy/unknown: realized $-1,705.68 (19 closed, 21% wins), unrealized $-205.31 (2 open) | Books: legacy: realized $-1,705.68, unrealized $-205.31
Reports: daily realized $+0.00; worst symbols none | weekly realized $+0.00; worst symbols none
Shadow report: 13328 shadow candidate(s), 220 rejection group(s)
Timings: account: 0.0s | risk: 0.9s | decide: 25.8s | watchlist: 0.0s | perf: 0.1s

=== Run at 2026-09-03T17:54:26.912900 ===
Build fingerprint: 4f68550affe5
Current time: 2026-09-03 01:54 PM EDT | Market open (per Alpaca): True | Session: REGULAR
Account value: $99,231.93
Cash: $89,705.74 | Holdings (2): {'GEHC': '0.6136 sh (-6.02%)', 'MS': '43.8344 sh (-2.09%)'}
Sector exposure (cached): Financials 9.6%, Health Care 0.0%
Fill reconciliation: {'filled': 0, 'partial': 0, 'rejected': 1}
Open orders (1): MS sell 43.8344
Risk state: peak $99,703.60 | drawdown 0.47% | today +0.20% | halted: False
Market regime: BULLISH (position-size multiplier: 100% incl. circuit breaker 100%)
Overnight queue deferred 6 known-stale idea(s) for 30 minutes to preserve Gemini quota.
Morning verification: 3 overnight-queued trade(s) handed to Gemini for re-verification against fresh data.
News: fetched 157, 2 new after dedup, 1 ticker(s) matched.
Quant pre-screen: 35/57 candidates passed.
Gemini proposed 1 trade(s) meeting the conviction bar.
Gemini calls used today (all models combined): 260
  -> {"ticker": "NDAQ", "status": "skipped", "reason": "liquidity filter: NDAQ average volume 99,271 < 500,000", "shadow": false, "data_guard": true}
Overnight queue cleared after verification.
Overnight queue retained 6 deferred stale idea(s).
Dashboard watchlist synced (4 symbols) for news/headlines.
Ending portfolio value: $99,231.49
Trade journal: all: 19 trades, 21% win rate, avg -2.19% | breakout: 1 trades, 0% win rate, avg -8.61% | other: 13 trades, 23% win rate, avg -1.93% | technical: 5 trades, 20% win rate, avg -1.58%
Self-learning: breakout: 1 trades, 0% win rate, avg -8.61% (LOSING) | other: 13 trades, 23% win rate, avg -1.93% (LOSING) | technical: 5 trades, 20% win rate, avg -1.58% (LOSING)
Performance: Total return +0.37% | Max drawdown 0.94% | Daily Sharpe 1.83 | 19 closed trades | Win rate 21% | Avg winner +1.83% | Avg loser -3.26% | Open positions: 2 | Equity $99,231.93
Engine P&L: legacy/unknown: realized $-1,705.68 (19 closed, 21% wins), unrealized $-205.24 (2 open) | Books: legacy: realized $-1,705.68, unrealized $-205.24
Reports: daily realized $+0.00; worst symbols none | weekly realized $+0.00; worst symbols none
Shadow report: 13329 shadow candidate(s), 219 rejection group(s)
Timings: account: 0.0s | risk: 0.8s | decide: 15.3s | watchlist: 0.1s | perf: 0.2s

=== Run at 2026-09-03T17:56:26.118984 ===
Build fingerprint: 4f68550affe5
Current time: 2026-09-03 01:56 PM EDT | Market open (per Alpaca): True | Session: REGULAR
Account value: $99,223.58
Cash: $89,705.74 | Holdings (2): {'GEHC': '0.6136 sh (-6.06%)', 'MS': '43.8344 sh (-2.17%)'}
Sector exposure (cached): Financials 9.5%, Health Care 0.0%
Fill reconciliation: {'filled': 0, 'partial': 0, 'rejected': 1}
Open orders (1): MS sell 43.8344
Risk state: peak $99,703.60 | drawdown 0.48% | today +0.19% | halted: False
Market regime: BULLISH (position-size multiplier: 100% incl. circuit breaker 100%)
Overnight queue deferred 6 known-stale idea(s) for 30 minutes to preserve Gemini quota.
News: fetched 157, 4 new after dedup, 0 ticker(s) matched.
Quant pre-screen: 31/60 candidates passed.
Technical fallback (Gemini throttled/unavailable) proposed 8 trade(s) meeting the conviction bar.
Technical fallback cap omitted 2 weaker idea(s) this run.
Gemini calls used today (all models combined): 260
  -> {"ticker": "HPQ", "status": "skipped", "reason": "market data unavailable for HPQ (bid/ask spread missing)", "shadow": false, "data_guard": true}
  -> {"ticker": "KDP", "status": "skipped", "reason": "market data unavailable for KDP (bid/ask spread missing)", "shadow": false, "data_guard": true}
  -> {"ticker": "IT", "status": "skipped", "reason": "liquidity filter: IT average volume 56,782 < 500,000", "shadow": false, "data_guard": true}
  -> {"ticker": "JNJ", "status": "skipped", "reason": "liquidity filter: JNJ average volume 225,015 < 500,000", "shadow": false, "data_guard": true}
  -> {"ticker": "ICE", "status": "skipped", "reason": "liquidity filter: ICE average volume 152,021 < 500,000", "shadow": false, "data_guard": true}
  -> {"ticker": "J", "status": "skipped", "reason": "stale quote for J (331.578555s old; limit 180s)", "shadow": false, "data_guard": true}
  -> {"ticker": "KO", "status": "skipped", "reason": "market data unavailable for KO (bid/ask spread missing)", "shadow": false, "data_guard": true}
  -> {"ticker": "IBKR", "status": "skipped", "reason": "liquidity filter: IBKR average volume 175,870 < 500,000", "shadow": false, "data_guard": true}
Overnight queue KEPT for next run (Gemini did not verify this round -- technical fallback or decision failure); 2 idea(s) remain subject to the retry cap.
Run budget reserve reached -- skipping dashboard watchlist sync.
Run budget reserve reached -- skipping performance snapshot.
Trade journal: all: 19 trades, 21% win rate, avg -2.19% | breakout: 1 trades, 0% win rate, avg -8.61% | other: 13 trades, 23% win rate, avg -1.93% | technical: 5 trades, 20% win rate, avg -1.58%
Self-learning: breakout: 1 trades, 0% win rate, avg -8.61% (LOSING) | other: 13 trades, 23% win rate, avg -1.93% (LOSING) | technical: 5 trades, 20% win rate, avg -1.58% (LOSING)
Performance: Total return +0.37% | Max drawdown 0.94% | Daily Sharpe 1.83 | 19 closed trades | Win rate 21% | Avg winner +1.83% | Avg loser -3.26% | Open positions: 2 | Equity $99,223.58
Engine P&L: legacy/unknown: realized $-1,705.68 (19 closed, 21% wins), unrealized $-213.15 (2 open) | Books: legacy: realized $-1,705.68, unrealized $-213.15
Reports: daily realized $+0.00; worst symbols none | weekly realized $+0.00; worst symbols none
Shadow report: 13337 shadow candidate(s), 212 rejection group(s)
Timings: account: 0.0s | risk: 0.1s | decide: 25.3s | watchlist: 0.0s | perf: 0.1s

=== Run at 2026-09-03T17:58:34.748912 ===
Build fingerprint: 4f68550affe5
Current time: 2026-09-03 01:58 PM EDT | Market open (per Alpaca): True | Session: REGULAR
Account value: $99,220.52
Cash: $89,705.74 | Holdings (2): {'GEHC': '0.6136 sh (-6.03%)', 'MS': '43.8344 sh (-2.20%)'}
Sector exposure (cached): Financials 9.5%, Health Care 0.0%
Fill reconciliation: {'filled': 0, 'partial': 0, 'rejected': 1}
Open orders (1): MS sell 43.8344
Risk state: peak $99,703.60 | drawdown 0.48% | today +0.19% | halted: False
Market regime: BULLISH (position-size multiplier: 100% incl. circuit breaker 100%)
Overnight queue deferred 6 known-stale idea(s) for 30 minutes to preserve Gemini quota.
Morning verification: 2 overnight-queued trade(s) handed to Gemini for re-verification against fresh data.
News: fetched 157, 2 new after dedup, 0 ticker(s) matched.
Quant pre-screen: 31/60 candidates passed.
Gemini proposed 2 trade(s) meeting the conviction bar.
Gemini calls used today (all models combined): 261
  -> {"ticker": "HOOD", "status": "skipped", "reason": "market data unavailable for HOOD (bid/ask spread missing)", "shadow": false, "data_guard": true}
  -> {"ticker": "HPQ", "status": "skipped", "reason": "market data unavailable for HPQ (bid/ask spread missing)", "shadow": false, "data_guard": true}
Overnight queue kept 8 idea(s) whose market data was stale; they will be retried after fresh quotes arrive.
Dashboard watchlist synced (4 symbols) for news/headlines.
Ending portfolio value: $99,219.65
Trade journal: all: 19 trades, 21% win rate, avg -2.19% | breakout: 1 trades, 0% win rate, avg -8.61% | other: 13 trades, 23% win rate, avg -1.93% | technical: 5 trades, 20% win rate, avg -1.58%
Self-learning: breakout: 1 trades, 0% win rate, avg -8.61% (LOSING) | other: 13 trades, 23% win rate, avg -1.93% (LOSING) | technical: 5 trades, 20% win rate, avg -1.58% (LOSING)
Performance: Total return +0.36% | Max drawdown 0.94% | Daily Sharpe 1.77 | 19 closed trades | Win rate 21% | Avg winner +1.83% | Avg loser -3.26% | Open positions: 2 | Equity $99,220.52
Engine P&L: legacy/unknown: realized $-1,705.68 (19 closed, 21% wins), unrealized $-217.09 (2 open) | Books: legacy: realized $-1,705.68, unrealized $-217.09
Reports: daily realized $+0.00; worst symbols none | weekly realized $+0.00; worst symbols none
Shadow report: 13339 shadow candidate(s), 210 rejection group(s)
Timings: account: 0.0s | risk: 0.3s | decide: 7.3s | watchlist: 0.1s | perf: 0.2s

=== Run at 2026-09-03T18:00:34.626655 ===
Build fingerprint: 4f68550affe5
Current time: 2026-09-03 02:00 PM EDT | Market open (per Alpaca): True | Session: REGULAR
Account value: $99,223.18
Cash: $89,705.74 | Holdings (2): {'GEHC': '0.6136 sh (-5.96%)', 'MS': '43.8344 sh (-2.18%)'}
Sector exposure (cached): Financials 9.5%, Health Care 0.0%
Fill reconciliation: {'filled': 0, 'partial': 0, 'rejected': 1}
Open orders (1): MS sell 43.8344
Risk state: peak $99,703.60 | drawdown 0.48% | today +0.19% | halted: False
Market regime: BULLISH (position-size multiplier: 100% incl. circuit breaker 100%)
Overnight queue deferred 6 known-stale idea(s) for 30 minutes to preserve Gemini quota.
Morning verification: 2 overnight-queued trade(s) handed to Gemini for re-verification against fresh data.
News: fetched 157, 1 new after dedup, 2 ticker(s) matched.
Quant pre-screen: 10/14 candidates passed.
Gemini proposed 2 trade(s) meeting the conviction bar.
Gemini calls used today (all models combined): 262
  -> {"ticker": "NOW", "status": "skipped", "reason": "market data unavailable for NOW (bid/ask spread missing)", "shadow": false, "data_guard": true}
  -> {"ticker": "HOOD", "status": "skipped", "reason": "market data unavailable for HOOD (bid/ask spread missing)", "shadow": false, "data_guard": true}
Overnight queue kept 9 idea(s) whose market data was stale; they will be retried after fresh quotes arrive.
Dashboard watchlist synced (5 symbols) for news/headlines.
Ending portfolio value: $99,223.61
Trade journal: all: 19 trades, 21% win rate, avg -2.19% | breakout: 1 trades, 0% win rate, avg -8.61% | other: 13 trades, 23% win rate, avg -1.93% | technical: 5 trades, 20% win rate, avg -1.58%
Self-learning: breakout: 1 trades, 0% win rate, avg -8.61% (LOSING) | other: 13 trades, 23% win rate, avg -1.93% (LOSING) | technical: 5 trades, 20% win rate, avg -1.58% (LOSING)
Performance: Total return +0.36% | Max drawdown 0.94% | Daily Sharpe 1.79 | 19 closed trades | Win rate 21% | Avg winner +1.83% | Avg loser -3.26% | Open positions: 2 | Equity $99,223.18
Engine P&L: legacy/unknown: realized $-1,705.68 (19 closed, 21% wins), unrealized $-213.12 (2 open) | Books: legacy: realized $-1,705.68, unrealized $-213.12
Reports: daily realized $+0.00; worst symbols none | weekly realized $+0.00; worst symbols none
Shadow report: 13341 shadow candidate(s), 208 rejection group(s)
Timings: account: 0.0s | risk: 0.3s | decide: 13.7s | watchlist: 0.0s | perf: 0.2s

=== Run at 2026-09-03T18:02:25.737134 ===
Build fingerprint: 4f68550affe5
Current time: 2026-09-03 02:02 PM EDT | Market open (per Alpaca): True | Session: REGULAR
Account value: $99,229.98
Cash: $89,705.74 | Holdings (2): {'GEHC': '0.6136 sh (-5.96%)', 'MS': '43.8344 sh (-2.11%)'}
Sector exposure (cached): Financials 9.6%, Health Care 0.0%
Fill reconciliation: {'filled': 0, 'partial': 0, 'rejected': 1}
Open orders (1): MS sell 43.8344
Risk state: peak $99,703.60 | drawdown 0.48% | today +0.20% | halted: False
Market regime: BULLISH (position-size multiplier: 100% incl. circuit breaker 100%)
Overnight queue deferred 7 known-stale idea(s) for 30 minutes to preserve Gemini quota.
Morning verification: 2 overnight-queued trade(s) handed to Gemini for re-verification against fresh data.
News: fetched 157, 0 new after dedup, 0 ticker(s) matched.
Quant pre-screen: 8/14 candidates passed.
Technical fallback (Gemini throttled/unavailable) proposed 1 trade(s) meeting the conviction bar.
Gemini calls used today (all models combined): 262
  -> {"ticker": "HPQ", "status": "skipped", "reason": "market data unavailable for HPQ (bid/ask spread missing)", "shadow": false, "data_guard": true}
Overnight queue KEPT for next run (Gemini did not verify this round -- technical fallback or decision failure); 2 idea(s) remain subject to the retry cap.
Run budget reserve reached -- skipping dashboard watchlist sync.
Run budget reserve reached -- skipping performance snapshot.
Trade journal: all: 19 trades, 21% win rate, avg -2.19% | breakout: 1 trades, 0% win rate, avg -8.61% | other: 13 trades, 23% win rate, avg -1.93% | technical: 5 trades, 20% win rate, avg -1.58%
Self-learning: breakout: 1 trades, 0% win rate, avg -8.61% (LOSING) | other: 13 trades, 23% win rate, avg -1.93% (LOSING) | technical: 5 trades, 20% win rate, avg -1.58% (LOSING)
Performance: Total return +0.36% | Max drawdown 0.94% | Daily Sharpe 1.79 | 19 closed trades | Win rate 21% | Avg winner +1.83% | Avg loser -3.26% | Open positions: 2 | Equity $99,229.98
Engine P&L: legacy/unknown: realized $-1,705.68 (19 closed, 21% wins), unrealized $-206.75 (2 open) | Books: legacy: realized $-1,705.68, unrealized $-206.75
Reports: daily realized $+0.00; worst symbols none | weekly realized $+0.00; worst symbols none
Shadow report: 13342 shadow candidate(s), 207 rejection group(s)
Timings: account: 0.0s | risk: 0.8s | decide: 23.8s | watchlist: 0.0s | perf: 0.1s

=== Run at 2026-09-03T18:04:29.368434 ===
Build fingerprint: 4f68550affe5
Current time: 2026-09-03 02:04 PM EDT | Market open (per Alpaca): True | Session: REGULAR
Account value: $99,219.46
Cash: $89,705.74 | Holdings (2): {'GEHC': '0.6136 sh (-5.97%)', 'MS': '43.8344 sh (-2.21%)'}
Sector exposure (cached): Financials 9.5%, Health Care 0.0%
Fill reconciliation: {'filled': 0, 'partial': 0, 'rejected': 1}
Open orders (1): MS sell 43.8344
Risk state: peak $99,703.60 | drawdown 0.49% | today +0.19% | halted: False
Market regime: BULLISH (position-size multiplier: 100% incl. circuit breaker 100%)
Overnight queue deferred 7 known-stale idea(s) for 30 minutes to preserve Gemini quota.
Morning verification: 2 overnight-queued trade(s) handed to Gemini for re-verification against fresh data.
News: fetched 157, 0 new after dedup, 0 ticker(s) matched.
Quant pre-screen: 15/26 candidates passed.
Technical fallback (Gemini throttled/unavailable) proposed 4 trade(s) meeting the conviction bar.
Gemini calls used today (all models combined): 262
  -> {"ticker": "HPQ", "status": "skipped", "reason": "market data unavailable for HPQ (bid/ask spread missing)", "shadow": false, "data_guard": true}
  -> {"ticker": "IBKR", "status": "skipped", "reason": "liquidity filter: IBKR average volume 176,030 < 500,000", "shadow": false, "data_guard": true}
  -> {"ticker": "ICE", "status": "skipped", "reason": "stale quote for ICE (212.110504s old; limit 180s)", "shadow": false, "data_guard": true}
  -> {"ticker": "IFF", "status": "skipped", "reason": "liquidity filter: IFF average volume 63,309 < 500,000", "shadow": false, "data_guard": true}
Overnight queue KEPT for next run (Gemini did not verify this round -- technical fallback or decision failure); 2 idea(s) remain subject to the retry cap.
Run budget reserve reached -- skipping dashboard watchlist sync.
Run budget reserve reached -- skipping performance snapshot.
Trade journal: all: 19 trades, 21% win rate, avg -2.19% | breakout: 1 trades, 0% win rate, avg -8.61% | other: 13 trades, 23% win rate, avg -1.93% | technical: 5 trades, 20% win rate, avg -1.58%
Self-learning: breakout: 1 trades, 0% win rate, avg -8.61% (LOSING) | other: 13 trades, 23% win rate, avg -1.93% (LOSING) | technical: 5 trades, 20% win rate, avg -1.58% (LOSING)
Performance: Total return +0.36% | Max drawdown 0.94% | Daily Sharpe 1.79 | 19 closed trades | Win rate 21% | Avg winner +1.83% | Avg loser -3.26% | Open positions: 2 | Equity $99,219.46
Engine P&L: legacy/unknown: realized $-1,705.68 (19 closed, 21% wins), unrealized $-217.28 (2 open) | Books: legacy: realized $-1,705.68, unrealized $-217.28
Reports: daily realized $+0.00; worst symbols none | weekly realized $+0.00; worst symbols none
Shadow report: 13346 shadow candidate(s), 204 rejection group(s)
Timings: account: 0.0s | risk: 0.9s | decide: 23.9s | watchlist: 0.0s | perf: 0.1s

=== Run at 2026-09-03T18:06:29.805820 ===
Build fingerprint: 4f68550affe5
Current time: 2026-09-03 02:06 PM EDT | Market open (per Alpaca): True | Session: REGULAR
Account value: $99,227.78
Cash: $89,705.74 | Holdings (2): {'GEHC': '0.6136 sh (-5.99%)', 'MS': '43.8344 sh (-2.13%)'}
Sector exposure (cached): Financials 9.6%, Health Care 0.0%
Fill reconciliation: {'filled': 0, 'partial': 0, 'rejected': 1}
Open orders (1): MS sell 43.8344
Risk state: peak $99,703.60 | drawdown 0.48% | today +0.20% | halted: False
Market regime: BULLISH (position-size multiplier: 100% incl. circuit breaker 100%)
Overnight queue deferred 6 known-stale idea(s) for 30 minutes to preserve Gemini quota.
Morning verification: 3 overnight-queued trade(s) handed to Gemini for re-verification against fresh data.
News: fetched 157, 3 new after dedup, 0 ticker(s) matched.
Quant pre-screen: 19/38 candidates passed.
Gemini proposed 3 trade(s) meeting the conviction bar.
Gemini calls used today (all models combined): 263
  -> {"ticker": "HPQ", "status": "skipped", "reason": "market data unavailable for HPQ (bid/ask spread missing)", "shadow": false, "data_guard": true}
  -> {"ticker": "NTAP", "status": "skipped", "reason": "entry alignment: price $184.24 is not above SMA-20 $193.45"}
  -> {"ticker": "ICE", "status": "skipped", "reason": "stale quote for ICE (335.513729s old; limit 180s)", "shadow": false, "data_guard": true}
Overnight queue kept 10 idea(s) whose market data was stale; they will be retried after fresh quotes arrive.
Dashboard watchlist synced (5 symbols) for news/headlines.
Ending portfolio value: $99,232.19
Trade journal: all: 19 trades, 21% win rate, avg -2.19% | breakout: 1 trades, 0% win rate, avg -8.61% | other: 13 trades, 23% win rate, avg -1.93% | technical: 5 trades, 20% win rate, avg -1.58%
Self-learning: breakout: 1 trades, 0% win rate, avg -8.61% (LOSING) | other: 13 trades, 23% win rate, avg -1.93% (LOSING) | technical: 5 trades, 20% win rate, avg -1.58% (LOSING)
Performance: Total return +0.37% | Max drawdown 0.94% | Daily Sharpe 1.83 | 19 closed trades | Win rate 21% | Avg winner +1.83% | Avg loser -3.26% | Open positions: 2 | Equity $99,227.78
Engine P&L: legacy/unknown: realized $-1,705.68 (19 closed, 21% wins), unrealized $-204.54 (2 open) | Books: legacy: realized $-1,705.68, unrealized $-204.54
Reports: daily realized $+0.00; worst symbols none | weekly realized $+0.00; worst symbols none
Shadow report: 13348 shadow candidate(s), 203 rejection group(s)
Timings: account: 0.0s | risk: 0.1s | decide: 15.4s | watchlist: 0.0s | perf: 0.1s

=== Run at 2026-09-03T18:08:29.774991 ===
Build fingerprint: 4f68550affe5
Current time: 2026-09-03 02:08 PM EDT | Market open (per Alpaca): True | Session: REGULAR
Account value: $99,230.19
Cash: $89,705.74 | Holdings (2): {'GEHC': '0.6136 sh (-5.99%)', 'MS': '43.8344 sh (-2.10%)'}
Sector exposure (cached): Financials 9.6%, Health Care 0.0%
Fill reconciliation: {'filled': 0, 'partial': 0, 'rejected': 1}
Open orders (1): MS sell 43.8344
Risk state: peak $99,703.60 | drawdown 0.47% | today +0.20% | halted: False
Market regime: BULLISH (position-size multiplier: 100% incl. circuit breaker 100%)
Overnight queue deferred 7 known-stale idea(s) for 30 minutes to preserve Gemini quota.
Morning verification: 3 overnight-queued trade(s) handed to Gemini for re-verification against fresh data.
News: fetched 157, 0 new after dedup, 0 ticker(s) matched.
Quant pre-screen: 28/50 candidates passed.
Gemini proposed 1 trade(s) meeting the conviction bar.
Gemini calls used today (all models combined): 264
  -> {"ticker": "NTAP", "status": "skipped", "reason": "entry alignment: price $184.10 is not above SMA-20 $193.42"}
Overnight queue cleared after verification.
Overnight queue retained 7 deferred stale idea(s).
Dashboard watchlist synced (3 symbols) for news/headlines.
Ending portfolio value: $99,226.68
Trade journal: all: 19 trades, 21% win rate, avg -2.19% | breakout: 1 trades, 0% win rate, avg -8.61% | other: 13 trades, 23% win rate, avg -1.93% | technical: 5 trades, 20% win rate, avg -1.58%
Self-learning: breakout: 1 trades, 0% win rate, avg -8.61% (LOSING) | other: 13 trades, 23% win rate, avg -1.93% (LOSING) | technical: 5 trades, 20% win rate, avg -1.58% (LOSING)
Performance: Total return +0.36% | Max drawdown 0.94% | Daily Sharpe 1.80 | 19 closed trades | Win rate 21% | Avg winner +1.83% | Avg loser -3.26% | Open positions: 2 | Equity $99,230.19
Engine P&L: legacy/unknown: realized $-1,705.68 (19 closed, 21% wins), unrealized $-210.05 (2 open) | Books: legacy: realized $-1,705.68, unrealized $-210.05
Reports: daily realized $+0.00; worst symbols none | weekly realized $+0.00; worst symbols none
Shadow report: 13348 shadow candidate(s), 203 rejection group(s)
Timings: account: 0.0s | risk: 0.8s | decide: 16.9s | watchlist: 0.1s | perf: 0.2s

=== Run at 2026-09-03T18:10:32.526981 ===
Build fingerprint: 4f68550affe5
Current time: 2026-09-03 02:10 PM EDT | Market open (per Alpaca): True | Session: REGULAR
Account value: $99,220.99
Cash: $89,705.74 | Holdings (2): {'GEHC': '0.6136 sh (-5.97%)', 'MS': '43.8344 sh (-2.20%)'}
Sector exposure (cached): Financials 9.5%, Health Care 0.0%
Fill reconciliation: {'filled': 0, 'partial': 0, 'rejected': 1}
Open orders (1): MS sell 43.8344
Risk state: peak $99,703.60 | drawdown 0.48% | today +0.19% | halted: False
Market regime: BULLISH (position-size multiplier: 100% incl. circuit breaker 100%)
Overnight queue deferred 7 known-stale idea(s) for 30 minutes to preserve Gemini quota.
News: fetched 157, 3 new after dedup, 0 ticker(s) matched.
Quant pre-screen: 32/60 candidates passed.
Gemini proposed 3 trade(s) meeting the conviction bar.
Gemini calls used today (all models combined): 265
  -> {"ticker": "HPQ", "status": "skipped", "reason": "market data unavailable for HPQ (bid/ask spread missing)", "shadow": false, "data_guard": true}
  -> {"ticker": "HOOD", "status": "skipped", "reason": "market data unavailable for HOOD (bid/ask spread missing)", "shadow": false, "data_guard": true}
  -> {"ticker": "ICE", "status": "skipped", "reason": "liquidity filter: ICE average volume 152,170 < 500,000", "shadow": false, "data_guard": true}
Overnight queue kept 7 idea(s) whose market data was stale; they will be retried after fresh quotes arrive.
Dashboard watchlist synced (5 symbols) for news/headlines.
Ending portfolio value: $99,230.31
Trade journal: all: 19 trades, 21% win rate, avg -2.19% | breakout: 1 trades, 0% win rate, avg -8.61% | other: 13 trades, 23% win rate, avg -1.93% | technical: 5 trades, 20% win rate, avg -1.58%
Self-learning: breakout: 1 trades, 0% win rate, avg -8.61% (LOSING) | other: 13 trades, 23% win rate, avg -1.93% (LOSING) | technical: 5 trades, 20% win rate, avg -1.58% (LOSING)
Performance: Total return +0.37% | Max drawdown 0.94% | Daily Sharpe 1.82 | 19 closed trades | Win rate 21% | Avg winner +1.83% | Avg loser -3.26% | Open positions: 2 | Equity $99,220.99
Engine P&L: legacy/unknown: realized $-1,705.68 (19 closed, 21% wins), unrealized $-206.43 (2 open) | Books: legacy: realized $-1,705.68, unrealized $-206.43
Reports: daily realized $+0.00; worst symbols none | weekly realized $+0.00; worst symbols none
Shadow report: 13351 shadow candidate(s), 200 rejection group(s)
Timings: account: 0.0s | risk: 0.6s | decide: 14.6s | watchlist: 0.0s | perf: 0.2s

=== Run at 2026-09-03T18:12:29.672682 ===
Build fingerprint: 4f68550affe5
Current time: 2026-09-03 02:12 PM EDT | Market open (per Alpaca): True | Session: REGULAR
Account value: $99,225.81
Cash: $89,705.74 | Holdings (2): {'GEHC': '0.6136 sh (-5.97%)', 'MS': '43.8344 sh (-2.15%)'}
Sector exposure (cached): Financials 9.6%, Health Care 0.0%
Fill reconciliation: {'filled': 0, 'partial': 0, 'rejected': 1}
Open orders (1): MS sell 43.8344
Risk state: peak $99,703.60 | drawdown 0.48% | today +0.19% | halted: False
Market regime: BULLISH (position-size multiplier: 100% incl. circuit breaker 100%)
Overnight queue deferred 6 known-stale idea(s) for 30 minutes to preserve Gemini quota.
Morning verification: 1 overnight-queued trade(s) handed to Gemini for re-verification against fresh data.
News: fetched 157, 1 new after dedup, 0 ticker(s) matched.
Quant pre-screen: 32/60 candidates passed.
Gemini proposed 2 trade(s) meeting the conviction bar.
Gemini calls used today (all models combined): 266
  -> {"ticker": "NTAP", "status": "skipped", "reason": "entry alignment: price $184.07 is not above SMA-20 $193.42"}
  -> {"ticker": "HOOD", "status": "skipped", "reason": "market data unavailable for HOOD (bid/ask spread missing)", "shadow": false, "data_guard": true}
Overnight queue kept 7 idea(s) whose market data was stale; they will be retried after fresh quotes arrive.
Dashboard watchlist synced (4 symbols) for news/headlines.
Ending portfolio value: $99,225.81
Trade journal: all: 19 trades, 21% win rate, avg -2.19% | breakout: 1 trades, 0% win rate, avg -8.61% | other: 13 trades, 23% win rate, avg -1.93% | technical: 5 trades, 20% win rate, avg -1.58%
Self-learning: breakout: 1 trades, 0% win rate, avg -8.61% (LOSING) | other: 13 trades, 23% win rate, avg -1.93% (LOSING) | technical: 5 trades, 20% win rate, avg -1.58% (LOSING)
Performance: Total return +0.36% | Max drawdown 0.94% | Daily Sharpe 1.80 | 19 closed trades | Win rate 21% | Avg winner +1.83% | Avg loser -3.26% | Open positions: 2 | Equity $99,225.81
Engine P&L: legacy/unknown: realized $-1,705.68 (19 closed, 21% wins), unrealized $-210.92 (2 open) | Books: legacy: realized $-1,705.68, unrealized $-210.92
Reports: daily realized $+0.00; worst symbols none | weekly realized $+0.00; worst symbols none
Shadow report: 13352 shadow candidate(s), 199 rejection group(s)
Timings: account: 0.0s | risk: 0.6s | decide: 10.2s | watchlist: 0.1s | perf: 0.2s

=== Run at 2026-09-03T18:14:29.897484 ===
Build fingerprint: 4f68550affe5
Current time: 2026-09-03 02:14 PM EDT | Market open (per Alpaca): True | Session: REGULAR
Account value: $99,233.71
Cash: $89,705.74 | Holdings (2): {'GEHC': '0.6136 sh (-5.96%)', 'MS': '43.8344 sh (-2.07%)'}
Sector exposure (cached): Financials 9.6%, Health Care 0.0%
Fill reconciliation: {'filled': 0, 'partial': 0, 'rejected': 1}
Open orders (1): MS sell 43.8344
Risk state: peak $99,703.60 | drawdown 0.47% | today +0.20% | halted: False
Market regime: BULLISH (position-size multiplier: 100% incl. circuit breaker 100%)
Overnight queue deferred 5 known-stale idea(s) for 30 minutes to preserve Gemini quota.
Morning verification: 2 overnight-queued trade(s) handed to Gemini for re-verification against fresh data.
News: fetched 157, 0 new after dedup, 0 ticker(s) matched.
Quant pre-screen: 32/60 candidates passed.
Technical fallback (Gemini throttled/unavailable) proposed 8 trade(s) meeting the conviction bar.
Technical fallback cap omitted 2 weaker idea(s) this run.
Gemini calls used today (all models combined): 266
  -> {"ticker": "HPQ", "status": "skipped", "reason": "market data unavailable for HPQ (bid/ask spread missing)", "shadow": false, "data_guard": true}
  -> {"ticker": "KDP", "status": "skipped", "reason": "market data unavailable for KDP (bid/ask spread missing)", "shadow": false, "data_guard": true}
  -> {"ticker": "JNJ", "status": "skipped", "reason": "stale quote for JNJ (313.459834s old; limit 180s)", "shadow": false, "data_guard": true}
  -> {"ticker": "IBKR", "status": "skipped", "reason": "liquidity filter: IBKR average volume 176,185 < 500,000", "shadow": false, "data_guard": true}
  -> {"ticker": "ICE", "status": "skipped", "reason": "liquidity filter: ICE average volume 152,249 < 500,000", "shadow": false, "data_guard": true}
  -> {"ticker": "KO", "status": "skipped", "reason": "market data unavailable for KO (bid/ask spread missing)", "shadow": false, "data_guard": true}
  -> {"ticker": "IT", "status": "skipped", "reason": "liquidity filter: IT average volume 56,886 < 500,000", "shadow": false, "data_guard": true}
  -> {"ticker": "IFF", "status": "skipped", "reason": "liquidity filter: IFF average volume 63,382 < 500,000", "shadow": false, "data_guard": true}
Overnight queue KEPT for next run (Gemini did not verify this round -- technical fallback or decision failure); 4 idea(s) remain subject to the retry cap.
Run budget reserve reached -- skipping dashboard watchlist sync.
Run budget reserve reached -- skipping performance snapshot.
Trade journal: all: 19 trades, 21% win rate, avg -2.19% | breakout: 1 trades, 0% win rate, avg -8.61% | other: 13 trades, 23% win rate, avg -1.93% | technical: 5 trades, 20% win rate, avg -1.58%
Self-learning: breakout: 1 trades, 0% win rate, avg -8.61% (LOSING) | other: 13 trades, 23% win rate, avg -1.93% (LOSING) | technical: 5 trades, 20% win rate, avg -1.58% (LOSING)
Performance: Total return +0.36% | Max drawdown 0.94% | Daily Sharpe 1.80 | 19 closed trades | Win rate 21% | Avg winner +1.83% | Avg loser -3.26% | Open positions: 2 | Equity $99,233.71
Engine P&L: legacy/unknown: realized $-1,705.68 (19 closed, 21% wins), unrealized $-203.02 (2 open) | Books: legacy: realized $-1,705.68, unrealized $-203.02
Reports: daily realized $+0.00; worst symbols none | weekly realized $+0.00; worst symbols none
Shadow report: 13360 shadow candidate(s), 192 rejection group(s)
Timings: account: 0.0s | risk: 0.5s | decide: 25.8s | watchlist: 0.0s | perf: 0.1s

=== Run at 2026-09-03T18:16:27.947212 ===
Build fingerprint: 4f68550affe5
Current time: 2026-09-03 02:16 PM EDT | Market open (per Alpaca): True | Session: REGULAR
Account value: $99,237.67
Cash: $89,705.74 | Holdings (2): {'GEHC': '0.6136 sh (-5.92%)', 'MS': '43.8344 sh (-2.03%)'}
Sector exposure (cached): Financials 9.6%, Health Care 0.0%
Fill reconciliation: {'filled': 0, 'partial': 0, 'rejected': 1}
Open orders (1): MS sell 43.8344
Risk state: peak $99,703.60 | drawdown 0.47% | today +0.21% | halted: False
Market regime: BULLISH (position-size multiplier: 100% incl. circuit breaker 100%)
Overnight queue deferred 5 known-stale idea(s) for 30 minutes to preserve Gemini quota.
Morning verification: 4 overnight-queued trade(s) handed to Gemini for re-verification against fresh data.
News: fetched 157, 0 new after dedup, 0 ticker(s) matched.
Quant pre-screen: 32/60 candidates passed.
Gemini proposed 1 trade(s) meeting the conviction bar.
Gemini calls used today (all models combined): 267
  -> {"ticker": "KDP", "status": "skipped", "reason": "market data unavailable for KDP (bid/ask spread missing)", "shadow": false, "data_guard": true}
Overnight queue kept 9 idea(s) whose market data was stale; they will be retried after fresh quotes arrive.
Dashboard watchlist synced (3 symbols) for news/headlines.
Ending portfolio value: $99,233.72
Trade journal: all: 19 trades, 21% win rate, avg -2.19% | breakout: 1 trades, 0% win rate, avg -8.61% | other: 13 trades, 23% win rate, avg -1.93% | technical: 5 trades, 20% win rate, avg -1.58%
Self-learning: breakout: 1 trades, 0% win rate, avg -8.61% (LOSING) | other: 13 trades, 23% win rate, avg -1.93% (LOSING) | technical: 5 trades, 20% win rate, avg -1.58% (LOSING)
Performance: Total return +0.37% | Max drawdown 0.94% | Daily Sharpe 1.84 | 19 closed trades | Win rate 21% | Avg winner +1.83% | Avg loser -3.26% | Open positions: 2 | Equity $99,237.67
Engine P&L: legacy/unknown: realized $-1,705.68 (19 closed, 21% wins), unrealized $-203.01 (2 open) | Books: legacy: realized $-1,705.68, unrealized $-203.01
Reports: daily realized $+0.00; worst symbols none | weekly realized $+0.00; worst symbols none
Shadow report: 13361 shadow candidate(s), 191 rejection group(s)
Timings: account: 0.0s | risk: 0.6s | decide: 16.7s | watchlist: 0.1s | perf: 0.2s

=== Run at 2026-09-03T18:18:26.988277 ===
Build fingerprint: 4f68550affe5
Current time: 2026-09-03 02:18 PM EDT | Market open (per Alpaca): True | Session: REGULAR
Account value: $99,231.14
Cash: $89,705.74 | Holdings (2): {'GEHC': '0.6136 sh (-5.83%)', 'MS': '43.8344 sh (-2.10%)'}
Sector exposure (cached): Financials 9.6%, Health Care 0.0%
Fill reconciliation: {'filled': 0, 'partial': 0, 'rejected': 1}
Open orders (1): MS sell 43.8344
Risk state: peak $99,703.60 | drawdown 0.47% | today +0.20% | halted: False
Market regime: BULLISH (position-size multiplier: 100% incl. circuit breaker 100%)
Overnight queue deferred 6 known-stale idea(s) for 30 minutes to preserve Gemini quota.
Morning verification: 3 overnight-queued trade(s) handed to Gemini for re-verification against fresh data.
News: fetched 157, 1 new after dedup, 0 ticker(s) matched.
Quant pre-screen: 32/60 candidates passed.
Gemini proposed 2 trade(s) meeting the conviction bar.
Gemini calls used today (all models combined): 268
  -> {"ticker": "NTAP", "status": "skipped", "reason": "entry alignment: price $184.37 is not above SMA-20 $193.43"}
  -> {"ticker": "HPQ", "status": "skipped", "reason": "market data unavailable for HPQ (bid/ask spread missing)", "shadow": false, "data_guard": true}
Overnight queue kept 9 idea(s) whose market data was stale; they will be retried after fresh quotes arrive.
Dashboard watchlist synced (4 symbols) for news/headlines.
Ending portfolio value: $99,231.14
Trade journal: all: 19 trades, 21% win rate, avg -2.19% | breakout: 1 trades, 0% win rate, avg -8.61% | other: 13 trades, 23% win rate, avg -1.93% | technical: 5 trades, 20% win rate, avg -1.58%
Self-learning: breakout: 1 trades, 0% win rate, avg -8.61% (LOSING) | other: 13 trades, 23% win rate, avg -1.93% (LOSING) | technical: 5 trades, 20% win rate, avg -1.58% (LOSING)
Performance: Total return +0.37% | Max drawdown 0.94% | Daily Sharpe 1.82 | 19 closed trades | Win rate 21% | Avg winner +1.83% | Avg loser -3.26% | Open positions: 2 | Equity $99,231.14
Engine P&L: legacy/unknown: realized $-1,705.68 (19 closed, 21% wins), unrealized $-205.60 (2 open) | Books: legacy: realized $-1,705.68, unrealized $-205.60
Reports: daily realized $+0.00; worst symbols none | weekly realized $+0.00; worst symbols none
Shadow report: 13362 shadow candidate(s), 190 rejection group(s)
Timings: account: 0.0s | risk: 0.6s | decide: 10.0s | watchlist: 0.1s | perf: 0.2s

=== Run at 2026-09-03T18:20:40.787052 ===
Build fingerprint: 4f68550affe5
Current time: 2026-09-03 02:20 PM EDT | Market open (per Alpaca): True | Session: REGULAR
Account value: $99,232.02
Cash: $89,705.74 | Holdings (2): {'GEHC': '0.6136 sh (-5.82%)', 'MS': '43.8344 sh (-2.09%)'}
Sector exposure (cached): Financials 9.6%, Health Care 0.0%
Fill reconciliation: {'filled': 0, 'partial': 0, 'rejected': 1}
Open orders (1): MS sell 43.8344
Risk state: peak $99,703.60 | drawdown 0.47% | today +0.20% | halted: False
Market regime: BULLISH (position-size multiplier: 100% incl. circuit breaker 100%)
Overnight queue deferred 6 known-stale idea(s) for 30 minutes to preserve Gemini quota.
Morning verification: 3 overnight-queued trade(s) handed to Gemini for re-verification against fresh data.
News: fetched 157, 6 new after dedup, 0 ticker(s) matched.
Quant pre-screen: 32/60 candidates passed.
Technical fallback (Gemini throttled/unavailable) proposed 8 trade(s) meeting the conviction bar.
Technical fallback cap omitted 2 weaker idea(s) this run.
Gemini calls used today (all models combined): 268
  -> {"ticker": "HPQ", "status": "skipped", "reason": "market data unavailable for HPQ (bid/ask spread missing)", "shadow": false, "data_guard": true}
  -> {"ticker": "KDP", "status": "skipped", "reason": "market data unavailable for KDP (bid/ask spread missing)", "shadow": false, "data_guard": true}
  -> {"ticker": "JNJ", "status": "skipped", "reason": "liquidity filter: JNJ average volume 225,444 < 500,000", "shadow": false, "data_guard": true}
  -> {"ticker": "IBKR", "status": "skipped", "reason": "liquidity filter: IBKR average volume 176,228 < 500,000", "shadow": false, "data_guard": true}
  -> {"ticker": "ICE", "status": "skipped", "reason": "liquidity filter: ICE average volume 152,331 < 500,000", "shadow": false, "data_guard": true}
  -> {"ticker": "KO", "status": "skipped", "reason": "market data unavailable for KO (bid/ask spread missing)", "shadow": false, "data_guard": true}
  -> {"ticker": "IT", "status": "skipped", "reason": "stale quote for IT (482.209944s old; limit 180s)", "shadow": false, "data_guard": true}
  -> {"ticker": "IFF", "status": "skipped", "reason": "stale quote for IFF (247.863144s old; limit 180s)", "shadow": false, "data_guard": true}
Overnight queue KEPT for next run (Gemini did not verify this round -- technical fallback or decision failure); 3 idea(s) remain subject to the retry cap.
Run budget reserve reached -- skipping dashboard watchlist sync.
Run budget reserve reached -- skipping performance snapshot.
Trade journal: all: 19 trades, 21% win rate, avg -2.19% | breakout: 1 trades, 0% win rate, avg -8.61% | other: 13 trades, 23% win rate, avg -1.93% | technical: 5 trades, 20% win rate, avg -1.58%
Self-learning: breakout: 1 trades, 0% win rate, avg -8.61% (LOSING) | other: 13 trades, 23% win rate, avg -1.93% (LOSING) | technical: 5 trades, 20% win rate, avg -1.58% (LOSING)
Performance: Total return +0.37% | Max drawdown 0.94% | Daily Sharpe 1.82 | 19 closed trades | Win rate 21% | Avg winner +1.83% | Avg loser -3.26% | Open positions: 2 | Equity $99,232.02
Engine P&L: legacy/unknown: realized $-1,705.68 (19 closed, 21% wins), unrealized $-204.71 (2 open) | Books: legacy: realized $-1,705.68, unrealized $-204.71
Reports: daily realized $+0.00; worst symbols none | weekly realized $+0.00; worst symbols none
Shadow report: 13370 shadow candidate(s), 184 rejection group(s)
Timings: account: 0.0s | risk: 1.0s | decide: 26.3s | watchlist: 0.0s | perf: 0.1s

=== Run at 2026-09-03T18:22:31.822945 ===
Build fingerprint: 4f68550affe5
Current time: 2026-09-03 02:22 PM EDT | Market open (per Alpaca): True | Session: REGULAR
Account value: $99,231.57
Cash: $89,705.74 | Holdings (2): {'GEHC': '0.6136 sh (-5.83%)', 'MS': '43.8344 sh (-2.09%)'}
Sector exposure (cached): Financials 9.6%, Health Care 0.0%
Fill reconciliation: {'filled': 0, 'partial': 0, 'rejected': 1}
Open orders (1): MS sell 43.8344
Risk state: peak $99,703.60 | drawdown 0.47% | today +0.20% | halted: False
Market regime: BULLISH (position-size multiplier: 100% incl. circuit breaker 100%)
Overnight queue deferred 5 known-stale idea(s) for 30 minutes to preserve Gemini quota.
Morning verification: 4 overnight-queued trade(s) handed to Gemini for re-verification against fresh data.
News: fetched 157, 2 new after dedup, 0 ticker(s) matched.
Quant pre-screen: 32/60 candidates passed.
Gemini proposed 1 trade(s) meeting the conviction bar.
Gemini calls used today (all models combined): 269
  -> {"ticker": "IT", "status": "skipped", "reason": "stale quote for IT (578.119193s old; limit 180s)", "shadow": false, "data_guard": true}
Overnight queue kept 9 idea(s) whose market data was stale; they will be retried after fresh quotes arrive.
Dashboard watchlist synced (3 symbols) for news/headlines.
Ending portfolio value: $99,232.89
Trade journal: all: 19 trades, 21% win rate, avg -2.19% | breakout: 1 trades, 0% win rate, avg -8.61% | other: 13 trades, 23% win rate, avg -1.93% | technical: 5 trades, 20% win rate, avg -1.58%
Self-learning: breakout: 1 trades, 0% win rate, avg -8.61% (LOSING) | other: 13 trades, 23% win rate, avg -1.93% (LOSING) | technical: 5 trades, 20% win rate, avg -1.58% (LOSING)
Performance: Total return +0.37% | Max drawdown 0.94% | Daily Sharpe 1.83 | 19 closed trades | Win rate 21% | Avg winner +1.83% | Avg loser -3.26% | Open positions: 2 | Equity $99,231.57
Engine P&L: legacy/unknown: realized $-1,705.68 (19 closed, 21% wins), unrealized $-203.84 (2 open) | Books: legacy: realized $-1,705.68, unrealized $-203.84
Reports: daily realized $+0.00; worst symbols none | weekly realized $+0.00; worst symbols none
Shadow report: 13371 shadow candidate(s), 184 rejection group(s)
Timings: account: 0.0s | risk: 0.4s | decide: 11.7s | watchlist: 0.0s | perf: 0.2s

=== Run at 2026-09-03T18:24:26.805976 ===
Build fingerprint: 4f68550affe5
Current time: 2026-09-03 02:24 PM EDT | Market open (per Alpaca): True | Session: REGULAR
Account value: $99,237.71
Cash: $89,705.74 | Holdings (2): {'GEHC': '0.6136 sh (-5.84%)', 'MS': '43.8344 sh (-2.03%)'}
Sector exposure (cached): Financials 9.6%, Health Care 0.0%
Fill reconciliation: {'filled': 0, 'partial': 0, 'rejected': 1}
Open orders (1): MS sell 43.8344
Risk state: peak $99,703.60 | drawdown 0.47% | today +0.21% | halted: False
Market regime: BULLISH (position-size multiplier: 100% incl. circuit breaker 100%)
Overnight queue deferred 6 known-stale idea(s) for 30 minutes to preserve Gemini quota.
Morning verification: 3 overnight-queued trade(s) handed to Gemini for re-verification against fresh data.
News: fetched 157, 1 new after dedup, 0 ticker(s) matched.
Quant pre-screen: 32/60 candidates passed.
Gemini proposed 3 trade(s) meeting the conviction bar.
Gemini calls used today (all models combined): 270
  -> {"ticker": "HPQ", "status": "skipped", "reason": "market data unavailable for HPQ (bid/ask spread missing)", "shadow": false, "data_guard": true}
  -> {"ticker": "HOOD", "status": "skipped", "reason": "market data unavailable for HOOD (bid/ask spread missing)", "shadow": false, "data_guard": true}
  -> {"ticker": "JNJ", "status": "skipped", "reason": "liquidity filter: JNJ average volume 225,498 < 500,000", "shadow": false, "data_guard": true}
Overnight queue kept 9 idea(s) whose market data was stale; they will be retried after fresh quotes arrive.
Dashboard watchlist synced (5 symbols) for news/headlines.
Ending portfolio value: $99,238.14
Trade journal: all: 19 trades, 21% win rate, avg -2.19% | breakout: 1 trades, 0% win rate, avg -8.61% | other: 13 trades, 23% win rate, avg -1.93% | technical: 5 trades, 20% win rate, avg -1.58%
Self-learning: breakout: 1 trades, 0% win rate, avg -8.61% (LOSING) | other: 13 trades, 23% win rate, avg -1.93% (LOSING) | technical: 5 trades, 20% win rate, avg -1.58% (LOSING)
Performance: Total return +0.37% | Max drawdown 0.94% | Daily Sharpe 1.86 | 19 closed trades | Win rate 21% | Avg winner +1.83% | Avg loser -3.26% | Open positions: 2 | Equity $99,237.71
Engine P&L: legacy/unknown: realized $-1,705.68 (19 closed, 21% wins), unrealized $-198.59 (2 open) | Books: legacy: realized $-1,705.68, unrealized $-198.59
Reports: daily realized $+0.00; worst symbols none | weekly realized $+0.00; worst symbols none
Shadow report: 13374 shadow candidate(s), 181 rejection group(s)
Timings: account: 0.0s | risk: 0.2s | decide: 12.7s | watchlist: 0.0s | perf: 0.1s

=== Run at 2026-09-03T18:26:30.256089 ===
Build fingerprint: 4f68550affe5
Current time: 2026-09-03 02:26 PM EDT | Market open (per Alpaca): True | Session: REGULAR
Account value: $99,240.78
Cash: $89,705.74 | Holdings (2): {'GEHC': '0.6136 sh (-5.82%)', 'MS': '43.8344 sh (-2.00%)'}
Sector exposure (cached): Financials 9.6%, Health Care 0.0%
Fill reconciliation: {'filled': 0, 'partial': 0, 'rejected': 1}
Open orders (1): MS sell 43.8344
Risk state: peak $99,703.60 | drawdown 0.46% | today +0.21% | halted: False
Market regime: BULLISH (position-size multiplier: 100% incl. circuit breaker 100%)
Overnight queue deferred 6 known-stale idea(s) for 30 minutes to preserve Gemini quota.
Morning verification: 3 overnight-queued trade(s) handed to Gemini for re-verification against fresh data.
News: fetched 157, 3 new after dedup, 3 ticker(s) matched.
Quant pre-screen: 35/63 candidates passed.
Gemini proposed 2 trade(s) meeting the conviction bar.
Gemini calls used today (all models combined): 271
  -> {"ticker": "NOW", "status": "skipped", "reason": "market data unavailable for NOW (bid/ask spread missing)", "shadow": false, "data_guard": true}
  -> {"ticker": "HPQ", "status": "skipped", "reason": "market data unavailable for HPQ (bid/ask spread missing)", "shadow": false, "data_guard": true}
Overnight queue kept 9 idea(s) whose market data was stale; they will be retried after fresh quotes arrive.
Dashboard watchlist synced (6 symbols) for news/headlines.
Ending portfolio value: $99,239.03
Trade journal: all: 19 trades, 21% win rate, avg -2.19% | breakout: 1 trades, 0% win rate, avg -8.61% | other: 13 trades, 23% win rate, avg -1.93% | technical: 5 trades, 20% win rate, avg -1.58%
Self-learning: breakout: 1 trades, 0% win rate, avg -8.61% (LOSING) | other: 13 trades, 23% win rate, avg -1.93% (LOSING) | technical: 5 trades, 20% win rate, avg -1.58% (LOSING)
Performance: Total return +0.38% | Max drawdown 0.94% | Daily Sharpe 1.86 | 19 closed trades | Win rate 21% | Avg winner +1.83% | Avg loser -3.26% | Open positions: 2 | Equity $99,240.78
Engine P&L: legacy/unknown: realized $-1,705.68 (19 closed, 21% wins), unrealized $-197.70 (2 open) | Books: legacy: realized $-1,705.68, unrealized $-197.70
Reports: daily realized $+0.00; worst symbols none | weekly realized $+0.00; worst symbols none
Shadow report: 13376 shadow candidate(s), 179 rejection group(s)
Timings: account: 0.0s | risk: 0.8s | decide: 12.9s | watchlist: 0.1s | perf: 0.2s

=== Run at 2026-09-03T18:28:36.450364 ===
Build fingerprint: 4f68550affe5
Current time: 2026-09-03 02:28 PM EDT | Market open (per Alpaca): True | Session: REGULAR
Account value: $99,234.64
Cash: $89,705.74 | Holdings (2): {'GEHC': '0.6136 sh (-5.83%)', 'MS': '43.8344 sh (-2.06%)'}
Sector exposure (cached): Financials 9.6%, Health Care 0.0%
Fill reconciliation: {'filled': 0, 'partial': 0, 'rejected': 1}
Open orders (1): MS sell 43.8344
Risk state: peak $99,703.60 | drawdown 0.47% | today +0.20% | halted: False
Market regime: BULLISH (position-size multiplier: 100% incl. circuit breaker 100%)
Overnight queue deferred 6 known-stale idea(s) for 30 minutes to preserve Gemini quota.
Morning verification: 3 overnight-queued trade(s) handed to Gemini for re-verification against fresh data.
News: fetched 157, 1 new after dedup, 0 ticker(s) matched.
Quant pre-screen: 32/60 candidates passed.
Gemini proposed 3 trade(s) meeting the conviction bar.
Gemini calls used today (all models combined): 272
  -> {"ticker": "NTAP", "status": "skipped", "reason": "entry alignment: price $185.13 is not above SMA-20 $193.48"}
  -> {"ticker": "HPQ", "status": "skipped", "reason": "market data unavailable for HPQ (bid/ask spread missing)", "shadow": false, "data_guard": true}
  -> {"ticker": "ICE", "status": "skipped", "reason": "liquidity filter: ICE average volume 152,607 < 500,000", "shadow": false, "data_guard": true}
Overnight queue kept 9 idea(s) whose market data was stale; they will be retried after fresh quotes arrive.
Dashboard watchlist synced (5 symbols) for news/headlines.
Ending portfolio value: $99,235.08
Trade journal: all: 19 trades, 21% win rate, avg -2.19% | breakout: 1 trades, 0% win rate, avg -8.61% | other: 13 trades, 23% win rate, avg -1.93% | technical: 5 trades, 20% win rate, avg -1.58%
Self-learning: breakout: 1 trades, 0% win rate, avg -8.61% (LOSING) | other: 13 trades, 23% win rate, avg -1.93% (LOSING) | technical: 5 trades, 20% win rate, avg -1.58% (LOSING)
Performance: Total return +0.37% | Max drawdown 0.94% | Daily Sharpe 1.84 | 19 closed trades | Win rate 21% | Avg winner +1.83% | Avg loser -3.26% | Open positions: 2 | Equity $99,234.64
Engine P&L: legacy/unknown: realized $-1,705.68 (19 closed, 21% wins), unrealized $-201.65 (2 open) | Books: legacy: realized $-1,705.68, unrealized $-201.65
Reports: daily realized $+0.00; worst symbols none | weekly realized $+0.00; worst symbols none
Shadow report: 13378 shadow candidate(s), 177 rejection group(s)
Timings: account: 0.0s | risk: 0.6s | decide: 21.4s | watchlist: 0.1s | perf: 0.2s

=== Run at 2026-09-03T18:30:34.135524 ===
Build fingerprint: 4f68550affe5
Current time: 2026-09-03 02:30 PM EDT | Market open (per Alpaca): True | Session: REGULAR
Account value: $99,229.84
Cash: $89,705.74 | Holdings (2): {'GEHC': '0.6136 sh (-5.79%)', 'MS': '43.8344 sh (-2.11%)'}
Sector exposure (cached): Financials 9.6%, Health Care 0.0%
Fill reconciliation: {'filled': 0, 'partial': 0, 'rejected': 1}
Open orders (1): MS sell 43.8344
Risk state: peak $99,703.60 | drawdown 0.48% | today +0.20% | halted: False
Market regime: BULLISH (position-size multiplier: 100% incl. circuit breaker 100%)
Overnight queue deferred 6 known-stale idea(s) for 30 minutes to preserve Gemini quota.
Morning verification: 3 overnight-queued trade(s) handed to Gemini for re-verification against fresh data.
News: fetched 157, 0 new after dedup, 0 ticker(s) matched.
Quant pre-screen: 32/60 candidates passed.
Technical fallback (Gemini throttled/unavailable) proposed 8 trade(s) meeting the conviction bar.
Technical fallback cap omitted 2 weaker idea(s) this run.
Gemini calls used today (all models combined): 272
  -> {"ticker": "HPQ", "status": "skipped", "reason": "market data unavailable for HPQ (bid/ask spread missing)", "shadow": false, "data_guard": true}
  -> {"ticker": "KDP", "status": "skipped", "reason": "market data unavailable for KDP (bid/ask spread missing)", "shadow": false, "data_guard": true}
  -> {"ticker": "JNJ", "status": "skipped", "reason": "liquidity filter: JNJ average volume 225,798 < 500,000", "shadow": false, "data_guard": true}
  -> {"ticker": "IBKR", "status": "skipped", "reason": "liquidity filter: IBKR average volume 176,362 < 500,000", "shadow": false, "data_guard": true}
  -> {"ticker": "ICE", "status": "skipped", "reason": "liquidity filter: ICE average volume 152,636 < 500,000", "shadow": false, "data_guard": true}
  -> {"ticker": "KO", "status": "skipped", "reason": "market data unavailable for KO (bid/ask spread missing)", "shadow": false, "data_guard": true}
  -> {"ticker": "IT", "status": "skipped", "reason": "stale quote for IT (433.205496s old; limit 180s)", "shadow": false, "data_guard": true}
  -> {"ticker": "IFF", "status": "skipped", "reason": "liquidity filter: IFF average volume 63,441 < 500,000", "shadow": false, "data_guard": true}
Overnight queue KEPT for next run (Gemini did not verify this round -- technical fallback or decision failure); 3 idea(s) remain subject to the retry cap.
Run budget reserve reached -- skipping dashboard watchlist sync.
Run budget reserve reached -- skipping performance snapshot.
Trade journal: all: 19 trades, 21% win rate, avg -2.19% | breakout: 1 trades, 0% win rate, avg -8.61% | other: 13 trades, 23% win rate, avg -1.93% | technical: 5 trades, 20% win rate, avg -1.58%
Self-learning: breakout: 1 trades, 0% win rate, avg -8.61% (LOSING) | other: 13 trades, 23% win rate, avg -1.93% (LOSING) | technical: 5 trades, 20% win rate, avg -1.58% (LOSING)
Performance: Total return +0.37% | Max drawdown 0.94% | Daily Sharpe 1.84 | 19 closed trades | Win rate 21% | Avg winner +1.83% | Avg loser -3.26% | Open positions: 2 | Equity $99,229.84
Engine P&L: legacy/unknown: realized $-1,705.68 (19 closed, 21% wins), unrealized $-206.89 (2 open) | Books: legacy: realized $-1,705.68, unrealized $-206.89
Reports: daily realized $+0.00; worst symbols none | weekly realized $+0.00; worst symbols none
Shadow report: 13386 shadow candidate(s), 170 rejection group(s)
Timings: account: 0.0s | risk: 0.6s | decide: 26.5s | watchlist: 0.0s | perf: 0.1s

=== Run at 2026-09-03T18:32:33.686347 ===
Build fingerprint: 4f68550affe5
Current time: 2026-09-03 02:32 PM EDT | Market open (per Alpaca): True | Session: REGULAR
Account value: $99,229.84
Cash: $89,705.74 | Holdings (2): {'GEHC': '0.6136 sh (-5.79%)', 'MS': '43.8344 sh (-2.11%)'}
Sector exposure (cached): Financials 9.6%, Health Care 0.0%
Fill reconciliation: {'filled': 0, 'partial': 0, 'rejected': 1}
Open orders (1): MS sell 43.8344
Risk state: peak $99,703.60 | drawdown 0.48% | today +0.20% | halted: False
Market regime: BULLISH (position-size multiplier: 100% incl. circuit breaker 100%)
Overnight queue deferred 6 known-stale idea(s) for 30 minutes to preserve Gemini quota.
Morning verification: 3 overnight-queued trade(s) handed to Gemini for re-verification against fresh data.
News: fetched 157, 0 new after dedup, 0 ticker(s) matched.
Quant pre-screen: 32/60 candidates passed.
Gemini proposed 2 trade(s) meeting the conviction bar.
Gemini calls used today (all models combined): 273
  -> {"ticker": "HPQ", "status": "skipped", "reason": "market data unavailable for HPQ (bid/ask spread missing)", "shadow": false, "data_guard": true}
  -> {"ticker": "KDP", "status": "skipped", "reason": "market data unavailable for KDP (bid/ask spread missing)", "shadow": false, "data_guard": true}
Overnight queue kept 9 idea(s) whose market data was stale; they will be retried after fresh quotes arrive.
Dashboard watchlist synced (4 symbols) for news/headlines.
Ending portfolio value: $99,229.41
Trade journal: all: 19 trades, 21% win rate, avg -2.19% | breakout: 1 trades, 0% win rate, avg -8.61% | other: 13 trades, 23% win rate, avg -1.93% | technical: 5 trades, 20% win rate, avg -1.58%
Self-learning: breakout: 1 trades, 0% win rate, avg -8.61% (LOSING) | other: 13 trades, 23% win rate, avg -1.93% (LOSING) | technical: 5 trades, 20% win rate, avg -1.58% (LOSING)
Performance: Total return +0.37% | Max drawdown 0.94% | Daily Sharpe 1.82 | 19 closed trades | Win rate 21% | Avg winner +1.83% | Avg loser -3.26% | Open positions: 2 | Equity $99,229.84
Engine P&L: legacy/unknown: realized $-1,705.68 (19 closed, 21% wins), unrealized $-207.33 (2 open) | Books: legacy: realized $-1,705.68, unrealized $-207.33
Reports: daily realized $+0.00; worst symbols none | weekly realized $+0.00; worst symbols none
Shadow report: 13388 shadow candidate(s), 168 rejection group(s)
Timings: account: 0.0s | risk: 0.9s | decide: 12.8s | watchlist: 0.1s | perf: 0.3s

=== Run at 2026-09-03T18:34:28.729312 ===
Build fingerprint: 4f68550affe5
Current time: 2026-09-03 02:34 PM EDT | Market open (per Alpaca): True | Session: REGULAR
Account value: $99,232.94
Cash: $89,705.74 | Holdings (2): {'GEHC': '0.6136 sh (-5.73%)', 'MS': '43.8344 sh (-2.08%)'}
Sector exposure (cached): Financials 9.6%, Health Care 0.0%
Fill reconciliation: {'filled': 0, 'partial': 0, 'rejected': 1}
Open orders (1): MS sell 43.8344
Risk state: peak $99,703.60 | drawdown 0.47% | today +0.20% | halted: False
Market regime: BULLISH (position-size multiplier: 100% incl. circuit breaker 100%)
Overnight queue deferred 6 known-stale idea(s) for 30 minutes to preserve Gemini quota.
Morning verification: 3 overnight-queued trade(s) handed to Gemini for re-verification against fresh data.
News: fetched 157, 2 new after dedup, 0 ticker(s) matched.
Quant pre-screen: 32/60 candidates passed.
Gemini proposed 2 trade(s) meeting the conviction bar.
Gemini calls used today (all models combined): 274
  -> {"ticker": "NTAP", "status": "skipped", "reason": "entry alignment: price $185.99 is not above SMA-20 $193.52"}
  -> {"ticker": "HPQ", "status": "skipped", "reason": "market data unavailable for HPQ (bid/ask spread missing)", "shadow": false, "data_guard": true}
Overnight queue kept 9 idea(s) whose market data was stale; they will be retried after fresh quotes arrive.
Dashboard watchlist synced (4 symbols) for news/headlines.
Ending portfolio value: $99,234.68
Trade journal: all: 19 trades, 21% win rate, avg -2.19% | breakout: 1 trades, 0% win rate, avg -8.61% | other: 13 trades, 23% win rate, avg -1.93% | technical: 5 trades, 20% win rate, avg -1.58%
Self-learning: breakout: 1 trades, 0% win rate, avg -8.61% (LOSING) | other: 13 trades, 23% win rate, avg -1.93% (LOSING) | technical: 5 trades, 20% win rate, avg -1.58% (LOSING)
Performance: Total return +0.37% | Max drawdown 0.94% | Daily Sharpe 1.84 | 19 closed trades | Win rate 21% | Avg winner +1.83% | Avg loser -3.26% | Open positions: 2 | Equity $99,232.94
Engine P&L: legacy/unknown: realized $-1,705.68 (19 closed, 21% wins), unrealized $-202.05 (2 open) | Books: legacy: realized $-1,705.68, unrealized $-202.05
Reports: daily realized $+0.00; worst symbols none | weekly realized $+0.00; worst symbols none
Shadow report: 13389 shadow candidate(s), 167 rejection group(s)
Timings: account: 0.0s | risk: 0.2s | decide: 17.6s | watchlist: 0.0s | perf: 0.2s

=== Run at 2026-09-03T18:36:49.700222 ===
Build fingerprint: 4f68550affe5
Current time: 2026-09-03 02:36 PM EDT | Market open (per Alpaca): True | Session: REGULAR
Account value: $99,232.94
Cash: $89,705.74 | Holdings (2): {'GEHC': '0.6136 sh (-5.73%)', 'MS': '43.8344 sh (-2.08%)'}
Sector exposure (cached): Financials 9.6%, Health Care 0.0%
Fill reconciliation: {'filled': 0, 'partial': 0, 'rejected': 1}
Open orders (1): MS sell 43.8344
Risk state: peak $99,703.60 | drawdown 0.47% | today +0.20% | halted: False
Market regime: BULLISH (position-size multiplier: 100% incl. circuit breaker 100%)
Overnight queue deferred 5 known-stale idea(s) for 30 minutes to preserve Gemini quota.
Morning verification: 4 overnight-queued trade(s) handed to Gemini for re-verification against fresh data.
News: fetched 157, 1 new after dedup, 0 ticker(s) matched.
Quant pre-screen: 32/60 candidates passed.
Gemini proposed 1 trade(s) meeting the conviction bar.
Gemini calls used today (all models combined): 275
  -> {"ticker": "ICE", "status": "skipped", "reason": "liquidity filter: ICE average volume 152,907 < 500,000", "shadow": false, "data_guard": true}
Overnight queue cleared after verification.
Overnight queue retained 5 deferred stale idea(s).
Dashboard watchlist synced (3 symbols) for news/headlines.
Ending portfolio value: $99,234.25
Trade journal: all: 19 trades, 21% win rate, avg -2.19% | breakout: 1 trades, 0% win rate, avg -8.61% | other: 13 trades, 23% win rate, avg -1.93% | technical: 5 trades, 20% win rate, avg -1.58%
Self-learning: breakout: 1 trades, 0% win rate, avg -8.61% (LOSING) | other: 13 trades, 23% win rate, avg -1.93% (LOSING) | technical: 5 trades, 20% win rate, avg -1.58% (LOSING)
Performance: Total return +0.37% | Max drawdown 0.94% | Daily Sharpe 1.84 | 19 closed trades | Win rate 21% | Avg winner +1.83% | Avg loser -3.26% | Open positions: 2 | Equity $99,232.94
Engine P&L: legacy/unknown: realized $-1,705.68 (19 closed, 21% wins), unrealized $-202.48 (2 open) | Books: legacy: realized $-1,705.68, unrealized $-202.48
Reports: daily realized $+0.00; worst symbols none | weekly realized $+0.00; worst symbols none
Shadow report: 13390 shadow candidate(s), 166 rejection group(s)
Timings: account: 0.0s | risk: 0.3s | decide: 12.9s | watchlist: 0.0s | perf: 0.1s

=== Run at 2026-09-03T18:38:42.792451 ===
Build fingerprint: 4f68550affe5
Current time: 2026-09-03 02:38 PM EDT | Market open (per Alpaca): True | Session: REGULAR
Account value: $99,231.40
Cash: $89,705.74 | Holdings (2): {'GEHC': '0.6136 sh (-5.72%)', 'MS': '43.8344 sh (-2.09%)'}
Sector exposure (cached): Financials 9.6%, Health Care 0.0%
Fill reconciliation: {'filled': 0, 'partial': 0, 'rejected': 1}
Open orders (1): MS sell 43.8344
Risk state: peak $99,703.60 | drawdown 0.47% | today +0.20% | halted: False
Market regime: BULLISH (position-size multiplier: 100% incl. circuit breaker 100%)
Overnight queue deferred 5 known-stale idea(s) for 30 minutes to preserve Gemini quota.
News: fetched 157, 0 new after dedup, 0 ticker(s) matched.
Quant pre-screen: 32/60 candidates passed.
Gemini proposed 1 trade(s) meeting the conviction bar.
Gemini calls used today (all models combined): 276
  -> {"ticker": "HPQ", "status": "skipped", "reason": "market data unavailable for HPQ (bid/ask spread missing)", "shadow": false, "data_guard": true}
Overnight queue kept 5 idea(s) whose market data was stale; they will be retried after fresh quotes arrive.
Dashboard watchlist synced (3 symbols) for news/headlines.
Ending portfolio value: $99,232.28
Trade journal: all: 19 trades, 21% win rate, avg -2.19% | breakout: 1 trades, 0% win rate, avg -8.61% | other: 13 trades, 23% win rate, avg -1.93% | technical: 5 trades, 20% win rate, avg -1.58%
Self-learning: breakout: 1 trades, 0% win rate, avg -8.61% (LOSING) | other: 13 trades, 23% win rate, avg -1.93% (LOSING) | technical: 5 trades, 20% win rate, avg -1.58% (LOSING)
Performance: Total return +0.37% | Max drawdown 0.94% | Daily Sharpe 1.83 | 19 closed trades | Win rate 21% | Avg winner +1.83% | Avg loser -3.26% | Open positions: 2 | Equity $99,231.40
Engine P&L: legacy/unknown: realized $-1,705.68 (19 closed, 21% wins), unrealized $-204.45 (2 open) | Books: legacy: realized $-1,705.68, unrealized $-204.45
Reports: daily realized $+0.00; worst symbols none | weekly realized $+0.00; worst symbols none
Shadow report: 13391 shadow candidate(s), 165 rejection group(s)
Timings: account: 0.0s | risk: 0.1s | decide: 10.5s | watchlist: 0.0s | perf: 0.1s

=== Run at 2026-09-03T18:40:33.725637 ===
Build fingerprint: 4f68550affe5
Current time: 2026-09-03 02:40 PM EDT | Market open (per Alpaca): True | Session: REGULAR
Account value: $99,235.15
Cash: $89,705.74 | Holdings (2): {'GEHC': '0.6136 sh (-5.68%)', 'MS': '43.8344 sh (-2.05%)'}
Sector exposure (cached): Financials 9.6%, Health Care 0.0%
Fill reconciliation: {'filled': 0, 'partial': 0, 'rejected': 1}
Open orders (1): MS sell 43.8344
Risk state: peak $99,703.60 | drawdown 0.47% | today +0.20% | halted: False
Market regime: BULLISH (position-size multiplier: 100% incl. circuit breaker 100%)
Overnight queue deferred 5 known-stale idea(s) for 30 minutes to preserve Gemini quota.
News: fetched 157, 1 new after dedup, 0 ticker(s) matched.
Quant pre-screen: 32/60 candidates passed.
Gemini proposed 2 trade(s) meeting the conviction bar.
Gemini calls used today (all models combined): 277
  -> {"ticker": "NTAP", "status": "skipped", "reason": "entry alignment: price $185.00 is not above SMA-20 $193.48"}
  -> {"ticker": "HPQ", "status": "skipped", "reason": "market data unavailable for HPQ (bid/ask spread missing)", "shadow": false, "data_guard": true}
Overnight queue kept 5 idea(s) whose market data was stale; they will be retried after fresh quotes arrive.
Dashboard watchlist synced (4 symbols) for news/headlines.
Ending portfolio value: $99,235.59
Trade journal: all: 19 trades, 21% win rate, avg -2.19% | breakout: 1 trades, 0% win rate, avg -8.61% | other: 13 trades, 23% win rate, avg -1.93% | technical: 5 trades, 20% win rate, avg -1.58%
Self-learning: breakout: 1 trades, 0% win rate, avg -8.61% (LOSING) | other: 13 trades, 23% win rate, avg -1.93% (LOSING) | technical: 5 trades, 20% win rate, avg -1.58% (LOSING)
Performance: Total return +0.37% | Max drawdown 0.94% | Daily Sharpe 1.85 | 19 closed trades | Win rate 21% | Avg winner +1.83% | Avg loser -3.26% | Open positions: 2 | Equity $99,235.15
Engine P&L: legacy/unknown: realized $-1,705.68 (19 closed, 21% wins), unrealized $-201.15 (2 open) | Books: legacy: realized $-1,705.68, unrealized $-201.15
Reports: daily realized $+0.00; worst symbols none | weekly realized $+0.00; worst symbols none
Shadow report: 13392 shadow candidate(s), 164 rejection group(s)
Timings: account: 0.0s | risk: 0.6s | decide: 10.2s | watchlist: 0.1s | perf: 0.2s

=== Run at 2026-09-03T18:42:39.143031 ===
Build fingerprint: 4f68550affe5
Current time: 2026-09-03 02:42 PM EDT | Market open (per Alpaca): True | Session: REGULAR
Account value: $99,235.80
Cash: $89,705.74 | Holdings (2): {'GEHC': '0.6136 sh (-5.69%)', 'MS': '43.8344 sh (-2.05%)'}
Sector exposure (cached): Financials 9.6%, Health Care 0.0%
Fill reconciliation: {'filled': 0, 'partial': 0, 'rejected': 1}
Open orders (1): MS sell 43.8344
Risk state: peak $99,703.60 | drawdown 0.47% | today +0.20% | halted: False
Market regime: BULLISH (position-size multiplier: 100% incl. circuit breaker 100%)
Overnight queue deferred 5 known-stale idea(s) for 30 minutes to preserve Gemini quota.
News: fetched 157, 4 new after dedup, 7 ticker(s) matched.
Quant pre-screen: 28/53 candidates passed.
Technical fallback (Gemini throttled/unavailable) proposed 8 trade(s) meeting the conviction bar.
Technical fallback cap omitted 3 weaker idea(s) this run.
Gemini calls used today (all models combined): 277
  -> {"ticker": "HPQ", "status": "skipped", "reason": "market data unavailable for HPQ (bid/ask spread missing)", "shadow": false, "data_guard": true}
  -> {"ticker": "NDAQ", "status": "skipped", "reason": "stale quote for NDAQ (283.693924s old; limit 180s)", "shadow": false, "data_guard": true}
  -> {"ticker": "GILD", "status": "skipped", "reason": "liquidity filter: GILD average volume 195,637 < 500,000", "shadow": false, "data_guard": true}
  -> {"ticker": "IBKR", "status": "skipped", "reason": "liquidity filter: IBKR average volume 176,508 < 500,000", "shadow": false, "data_guard": true}
  -> {"ticker": "ICE", "status": "skipped", "reason": "liquidity filter: ICE average volume 153,160 < 500,000", "shadow": false, "data_guard": true}
  -> {"ticker": "GM", "status": "skipped", "reason": "liquidity filter: GM average volume 166,767 < 500,000", "shadow": false, "data_guard": true}
  -> {"ticker": "GEN", "status": "skipped", "reason": "liquidity filter: GEN average volume 415,013 < 500,000", "shadow": false, "data_guard": true}
  -> {"ticker": "IT", "status": "skipped", "reason": "stale quote for IT (279.508301s old; limit 180s)", "shadow": false, "data_guard": true}
Overnight queue KEPT for next run (Gemini did not verify this round -- technical fallback or decision failure); 2 idea(s) remain subject to the retry cap.
Run budget reserve reached -- skipping dashboard watchlist sync.
Run budget reserve reached -- skipping performance snapshot.
Trade journal: all: 19 trades, 21% win rate, avg -2.19% | breakout: 1 trades, 0% win rate, avg -8.61% | other: 13 trades, 23% win rate, avg -1.93% | technical: 5 trades, 20% win rate, avg -1.58%
Self-learning: breakout: 1 trades, 0% win rate, avg -8.61% (LOSING) | other: 13 trades, 23% win rate, avg -1.93% (LOSING) | technical: 5 trades, 20% win rate, avg -1.58% (LOSING)
Performance: Total return +0.37% | Max drawdown 0.94% | Daily Sharpe 1.85 | 19 closed trades | Win rate 21% | Avg winner +1.83% | Avg loser -3.26% | Open positions: 2 | Equity $99,235.80
Engine P&L: legacy/unknown: realized $-1,705.68 (19 closed, 21% wins), unrealized $-200.93 (2 open) | Books: legacy: realized $-1,705.68, unrealized $-200.93
Reports: daily realized $+0.00; worst symbols none | weekly realized $+0.00; worst symbols none
Shadow report: 13400 shadow candidate(s), 158 rejection group(s)
Timings: account: 0.0s | risk: 0.2s | decide: 25.1s | watchlist: 0.0s | perf: 0.1s

=== Run at 2026-09-03T18:44:30.267516 ===
Build fingerprint: 4f68550affe5
Current time: 2026-09-03 02:44 PM EDT | Market open (per Alpaca): True | Session: REGULAR
Account value: $99,233.39
Cash: $89,705.74 | Holdings (2): {'GEHC': '0.6136 sh (-5.69%)', 'MS': '43.8344 sh (-2.07%)'}
Sector exposure (cached): Financials 9.6%, Health Care 0.0%
Fill reconciliation: {'filled': 0, 'partial': 0, 'rejected': 1}
Open orders (1): MS sell 43.8344
Risk state: peak $99,703.60 | drawdown 0.47% | today +0.20% | halted: False
Market regime: BULLISH (position-size multiplier: 100% incl. circuit breaker 100%)
Overnight queue deferred 5 known-stale idea(s) for 30 minutes to preserve Gemini quota.
Morning verification: 2 overnight-queued trade(s) handed to Gemini for re-verification against fresh data.
News: fetched 157, 0 new after dedup, 0 ticker(s) matched.
Quant pre-screen: 32/60 candidates passed.
Gemini proposed 1 trade(s) meeting the conviction bar.
Gemini calls used today (all models combined): 278
  -> {"ticker": "NTAP", "status": "skipped", "reason": "entry alignment: price $184.13 is not above SMA-20 $193.40"}
Overnight queue cleared after verification.
Overnight queue retained 5 deferred stale idea(s).
Dashboard watchlist synced (3 symbols) for news/headlines.
Ending portfolio value: $99,233.40
Trade journal: all: 19 trades, 21% win rate, avg -2.19% | breakout: 1 trades, 0% win rate, avg -8.61% | other: 13 trades, 23% win rate, avg -1.93% | technical: 5 trades, 20% win rate, avg -1.58%
Self-learning: breakout: 1 trades, 0% win rate, avg -8.61% (LOSING) | other: 13 trades, 23% win rate, avg -1.93% (LOSING) | technical: 5 trades, 20% win rate, avg -1.58% (LOSING)
Performance: Total return +0.37% | Max drawdown 0.94% | Daily Sharpe 1.84 | 19 closed trades | Win rate 21% | Avg winner +1.83% | Avg loser -3.26% | Open positions: 2 | Equity $99,233.39
Engine P&L: legacy/unknown: realized $-1,705.68 (19 closed, 21% wins), unrealized $-203.34 (2 open) | Books: legacy: realized $-1,705.68, unrealized $-203.34
Reports: daily realized $+0.00; worst symbols none | weekly realized $+0.00; worst symbols none
Shadow report: 13400 shadow candidate(s), 158 rejection group(s)
Timings: account: 0.0s | risk: 0.9s | decide: 8.0s | watchlist: 0.1s | perf: 0.3s

=== Run at 2026-09-03T18:46:26.025564 ===
Build fingerprint: 4f68550affe5
Current time: 2026-09-03 02:46 PM EDT | Market open (per Alpaca): True | Session: REGULAR
Account value: $99,236.03
Cash: $89,705.74 | Holdings (2): {'GEHC': '0.6136 sh (-5.67%)', 'MS': '43.8344 sh (-2.05%)'}
Sector exposure (cached): Financials 9.6%, Health Care 0.0%
Fill reconciliation: {'filled': 0, 'partial': 0, 'rejected': 1}
Open orders (1): MS sell 43.8344
Risk state: peak $99,703.60 | drawdown 0.47% | today +0.20% | halted: False
Market regime: BULLISH (position-size multiplier: 100% incl. circuit breaker 100%)
Overnight queue deferred 5 known-stale idea(s) for 30 minutes to preserve Gemini quota.
News: fetched 157, 0 new after dedup, 0 ticker(s) matched.
Quant pre-screen: 32/60 candidates passed.
Gemini proposed 3 trade(s) meeting the conviction bar.
Gemini calls used today (all models combined): 279
  -> {"ticker": "HPQ", "status": "skipped", "reason": "market data unavailable for HPQ (bid/ask spread missing)", "shadow": false, "data_guard": true}
  -> {"ticker": "ICE", "status": "skipped", "reason": "liquidity filter: ICE average volume 153,261 < 500,000", "shadow": false, "data_guard": true}
  -> {"ticker": "JNJ", "status": "skipped", "reason": "liquidity filter: JNJ average volume 226,411 < 500,000", "shadow": false, "data_guard": true}
Overnight queue kept 5 idea(s) whose market data was stale; they will be retried after fresh quotes arrive.
Dashboard watchlist synced (5 symbols) for news/headlines.
Ending portfolio value: $99,236.03
Trade journal: all: 19 trades, 21% win rate, avg -2.19% | breakout: 1 trades, 0% win rate, avg -8.61% | other: 13 trades, 23% win rate, avg -1.93% | technical: 5 trades, 20% win rate, avg -1.58%
Self-learning: breakout: 1 trades, 0% win rate, avg -8.61% (LOSING) | other: 13 trades, 23% win rate, avg -1.93% (LOSING) | technical: 5 trades, 20% win rate, avg -1.58% (LOSING)
Performance: Total return +0.37% | Max drawdown 0.94% | Daily Sharpe 1.85 | 19 closed trades | Win rate 21% | Avg winner +1.83% | Avg loser -3.26% | Open positions: 2 | Equity $99,236.03
Engine P&L: legacy/unknown: realized $-1,705.68 (19 closed, 21% wins), unrealized $-200.70 (2 open) | Books: legacy: realized $-1,705.68, unrealized $-200.70
Reports: daily realized $+0.00; worst symbols none | weekly realized $+0.00; worst symbols none
Shadow report: 13403 shadow candidate(s), 155 rejection group(s)
Timings: account: 0.0s | risk: 0.3s | decide: 4.3s | watchlist: 0.1s | perf: 0.2s

=== Run at 2026-09-03T18:48:33.656041 ===
Build fingerprint: 4f68550affe5
Current time: 2026-09-03 02:48 PM EDT | Market open (per Alpaca): True | Session: REGULAR
Account value: $99,236.31
Cash: $89,705.74 | Holdings (2): {'GEHC': '0.6136 sh (-5.54%)', 'MS': '43.8344 sh (-2.04%)'}
Sector exposure (cached): Financials 9.6%, Health Care 0.0%
Fill reconciliation: {'filled': 0, 'partial': 0, 'rejected': 1}
Open orders (1): MS sell 43.8344
Risk state: peak $99,703.60 | drawdown 0.47% | today +0.20% | halted: False
Market regime: BULLISH (position-size multiplier: 100% incl. circuit breaker 100%)
Overnight queue deferred 5 known-stale idea(s) for 30 minutes to preserve Gemini quota.
News: fetched 157, 0 new after dedup, 0 ticker(s) matched.
Quant pre-screen: 32/60 candidates passed.
Technical fallback (Gemini throttled/unavailable) proposed 8 trade(s) meeting the conviction bar.
Technical fallback cap omitted 2 weaker idea(s) this run.
Gemini calls used today (all models combined): 279
  -> {"ticker": "HPQ", "status": "skipped", "reason": "market data unavailable for HPQ (bid/ask spread missing)", "shadow": false, "data_guard": true}
  -> {"ticker": "KDP", "status": "skipped", "reason": "market data unavailable for KDP (bid/ask spread missing)", "shadow": false, "data_guard": true}
  -> {"ticker": "JNJ", "status": "skipped", "reason": "liquidity filter: JNJ average volume 226,497 < 500,000", "shadow": false, "data_guard": true}
  -> {"ticker": "IBKR", "status": "skipped", "reason": "liquidity filter: IBKR average volume 176,573 < 500,000", "shadow": false, "data_guard": true}
  -> {"ticker": "ICE", "status": "skipped", "reason": "liquidity filter: ICE average volume 153,352 < 500,000", "shadow": false, "data_guard": true}
  -> {"ticker": "KO", "status": "skipped", "reason": "market data unavailable for KO (bid/ask spread missing)", "shadow": false, "data_guard": true}
  -> {"ticker": "IT", "status": "skipped", "reason": "stale quote for IT (201.215835s old; limit 180s)", "shadow": false, "data_guard": true}
  -> {"ticker": "IFF", "status": "skipped", "reason": "liquidity filter: IFF average volume 63,530 < 500,000", "shadow": false, "data_guard": true}
Overnight queue KEPT for next run (Gemini did not verify this round -- technical fallback or decision failure); 2 idea(s) remain subject to the retry cap.
Run budget reserve reached -- skipping dashboard watchlist sync.
Run budget reserve reached -- skipping performance snapshot.
Trade journal: all: 19 trades, 21% win rate, avg -2.19% | breakout: 1 trades, 0% win rate, avg -8.61% | other: 13 trades, 23% win rate, avg -1.93% | technical: 5 trades, 20% win rate, avg -1.58%
Self-learning: breakout: 1 trades, 0% win rate, avg -8.61% (LOSING) | other: 13 trades, 23% win rate, avg -1.93% (LOSING) | technical: 5 trades, 20% win rate, avg -1.58% (LOSING)
Performance: Total return +0.37% | Max drawdown 0.94% | Daily Sharpe 1.85 | 19 closed trades | Win rate 21% | Avg winner +1.83% | Avg loser -3.26% | Open positions: 2 | Equity $99,236.31
Engine P&L: legacy/unknown: realized $-1,705.68 (19 closed, 21% wins), unrealized $-200.43 (2 open) | Books: legacy: realized $-1,705.68, unrealized $-200.43
Reports: daily realized $+0.00; worst symbols none | weekly realized $+0.00; worst symbols none
Shadow report: 13411 shadow candidate(s), 148 rejection group(s)
Timings: account: 0.0s | risk: 0.4s | decide: 25.5s | watchlist: 0.0s | perf: 0.1s

=== Run at 2026-09-03T18:50:34.528365 ===
Build fingerprint: 4f68550affe5
Current time: 2026-09-03 02:50 PM EDT | Market open (per Alpaca): True | Session: REGULAR
Account value: $99,236.52
Cash: $89,705.74 | Holdings (2): {'GEHC': '0.6136 sh (-5.56%)', 'MS': '43.8344 sh (-2.04%)'}
Sector exposure (cached): Financials 9.6%, Health Care 0.0%
Fill reconciliation: {'filled': 0, 'partial': 0, 'rejected': 1}
Open orders (1): MS sell 43.8344
Risk state: peak $99,703.60 | drawdown 0.47% | today +0.20% | halted: False
Market regime: BULLISH (position-size multiplier: 100% incl. circuit breaker 100%)
Overnight queue deferred 5 known-stale idea(s) for 30 minutes to preserve Gemini quota.
Morning verification: 2 overnight-queued trade(s) handed to Gemini for re-verification against fresh data.
News: fetched 157, 2 new after dedup, 0 ticker(s) matched.
Quant pre-screen: 32/60 candidates passed.
Gemini proposed 2 trade(s) meeting the conviction bar.
Gemini calls used today (all models combined): 280
  -> {"ticker": "NTAP", "status": "skipped", "reason": "entry alignment: price $184.66 is not above SMA-20 $193.44"}
  -> {"ticker": "HPQ", "status": "skipped", "reason": "market data unavailable for HPQ (bid/ask spread missing)", "shadow": false, "data_guard": true}
Overnight queue kept 7 idea(s) whose market data was stale; they will be retried after fresh quotes arrive.
Dashboard watchlist synced (4 symbols) for news/headlines.
Ending portfolio value: $99,236.52
Trade journal: all: 19 trades, 21% win rate, avg -2.19% | breakout: 1 trades, 0% win rate, avg -8.61% | other: 13 trades, 23% win rate, avg -1.93% | technical: 5 trades, 20% win rate, avg -1.58%
Self-learning: breakout: 1 trades, 0% win rate, avg -8.61% (LOSING) | other: 13 trades, 23% win rate, avg -1.93% (LOSING) | technical: 5 trades, 20% win rate, avg -1.58% (LOSING)
Performance: Total return +0.37% | Max drawdown 0.94% | Daily Sharpe 1.85 | 19 closed trades | Win rate 21% | Avg winner +1.83% | Avg loser -3.26% | Open positions: 2 | Equity $99,236.52
Engine P&L: legacy/unknown: realized $-1,705.68 (19 closed, 21% wins), unrealized $-200.21 (2 open) | Books: legacy: realized $-1,705.68, unrealized $-200.21
Reports: daily realized $+0.00; worst symbols none | weekly realized $+0.00; worst symbols none
Shadow report: 13412 shadow candidate(s), 147 rejection group(s)
Timings: account: 0.0s | risk: 1.0s | decide: 9.0s | watchlist: 0.1s | perf: 0.3s

=== Run at 2026-09-03T18:52:35.107194 ===
Build fingerprint: 4f68550affe5
Current time: 2026-09-03 02:52 PM EDT | Market open (per Alpaca): True | Session: REGULAR
Account value: $99,231.72
Cash: $89,705.74 | Holdings (2): {'GEHC': '0.6136 sh (-5.51%)', 'MS': '43.8344 sh (-2.09%)'}
Sector exposure (cached): Financials 9.6%, Health Care 0.0%
Fill reconciliation: {'filled': 0, 'partial': 0, 'rejected': 1}
Open orders (1): MS sell 43.8344
Risk state: peak $99,703.60 | drawdown 0.47% | today +0.20% | halted: False
Market regime: BULLISH (position-size multiplier: 100% incl. circuit breaker 100%)
Overnight queue deferred 5 known-stale idea(s) for 30 minutes to preserve Gemini quota.
Morning verification: 2 overnight-queued trade(s) handed to Gemini for re-verification against fresh data.
News: fetched 157, 2 new after dedup, 0 ticker(s) matched.
Quant pre-screen: 32/60 candidates passed.
Gemini proposed 2 trade(s) meeting the conviction bar.
Gemini calls used today (all models combined): 281
  -> {"ticker": "HPQ", "status": "skipped", "reason": "market data unavailable for HPQ (bid/ask spread missing)", "shadow": false, "data_guard": true}
  -> {"ticker": "JNJ", "status": "skipped", "reason": "liquidity filter: JNJ average volume 226,580 < 500,000", "shadow": false, "data_guard": true}
Overnight queue kept 7 idea(s) whose market data was stale; they will be retried after fresh quotes arrive.
Dashboard watchlist synced (4 symbols) for news/headlines.
Ending portfolio value: $99,232.16
Trade journal: all: 19 trades, 21% win rate, avg -2.19% | breakout: 1 trades, 0% win rate, avg -8.61% | other: 13 trades, 23% win rate, avg -1.93% | technical: 5 trades, 20% win rate, avg -1.58%
Self-learning: breakout: 1 trades, 0% win rate, avg -8.61% (LOSING) | other: 13 trades, 23% win rate, avg -1.93% (LOSING) | technical: 5 trades, 20% win rate, avg -1.58% (LOSING)
Performance: Total return +0.37% | Max drawdown 0.94% | Daily Sharpe 1.83 | 19 closed trades | Win rate 21% | Avg winner +1.83% | Avg loser -3.26% | Open positions: 2 | Equity $99,231.72
Engine P&L: legacy/unknown: realized $-1,705.68 (19 closed, 21% wins), unrealized $-204.58 (2 open) | Books: legacy: realized $-1,705.68, unrealized $-204.58
Reports: daily realized $+0.00; worst symbols none | weekly realized $+0.00; worst symbols none
Shadow report: 13414 shadow candidate(s), 145 rejection group(s)
Timings: account: 0.0s | risk: 0.2s | decide: 9.8s | watchlist: 0.0s | perf: 0.2s

=== Run at 2026-09-03T18:54:31.941105 ===
Build fingerprint: 4f68550affe5
Current time: 2026-09-03 02:54 PM EDT | Market open (per Alpaca): True | Session: REGULAR
Account value: $99,228.63
Cash: $89,705.74 | Holdings (2): {'GEHC': '0.6136 sh (-5.54%)', 'MS': '43.8344 sh (-2.12%)'}
Sector exposure (cached): Financials 9.6%, Health Care 0.0%
Fill reconciliation: {'filled': 0, 'partial': 0, 'rejected': 1}
Open orders (1): MS sell 43.8344
Risk state: peak $99,703.60 | drawdown 0.48% | today +0.20% | halted: False
Market regime: BULLISH (position-size multiplier: 100% incl. circuit breaker 100%)
Overnight queue deferred 4 known-stale idea(s) for 30 minutes to preserve Gemini quota.
Morning verification: 3 overnight-queued trade(s) handed to Gemini for re-verification against fresh data.
News: fetched 158, 3 new after dedup, 5 ticker(s) matched.
Quant pre-screen: 23/43 candidates passed.
Gemini proposed 1 trade(s) meeting the conviction bar.
Gemini calls used today (all models combined): 282
  -> {"ticker": "COIN", "status": "skipped", "reason": "liquidity filter: COIN average volume 260,879 < 500,000", "shadow": false, "data_guard": true}
Overnight queue cleared after verification.
Overnight queue retained 4 deferred stale idea(s).
Dashboard watchlist synced (7 symbols) for news/headlines.
Ending portfolio value: $99,229.94
Trade journal: all: 19 trades, 21% win rate, avg -2.19% | breakout: 1 trades, 0% win rate, avg -8.61% | other: 13 trades, 23% win rate, avg -1.93% | technical: 5 trades, 20% win rate, avg -1.58%
Self-learning: breakout: 1 trades, 0% win rate, avg -8.61% (LOSING) | other: 13 trades, 23% win rate, avg -1.93% (LOSING) | technical: 5 trades, 20% win rate, avg -1.58% (LOSING)
Performance: Total return +0.37% | Max drawdown 0.94% | Daily Sharpe 1.82 | 19 closed trades | Win rate 21% | Avg winner +1.83% | Avg loser -3.26% | Open positions: 2 | Equity $99,228.63
Engine P&L: legacy/unknown: realized $-1,705.68 (19 closed, 21% wins), unrealized $-206.79 (2 open) | Books: legacy: realized $-1,705.68, unrealized $-206.79
Reports: daily realized $+0.00; worst symbols none | weekly realized $+0.00; worst symbols none
Shadow report: 13415 shadow candidate(s), 144 rejection group(s)
Timings: account: 0.0s | risk: 0.8s | decide: 15.0s | watchlist: 0.1s | perf: 0.2s

=== Run at 2026-09-03T18:56:26.516227 ===
Build fingerprint: 4f68550affe5
Current time: 2026-09-03 02:56 PM EDT | Market open (per Alpaca): True | Session: REGULAR
Account value: $99,229.96
Cash: $89,705.74 | Holdings (2): {'GEHC': '0.6136 sh (-5.52%)', 'MS': '43.8344 sh (-2.11%)'}
Sector exposure (cached): Financials 9.6%, Health Care 0.0%
Fill reconciliation: {'filled': 0, 'partial': 0, 'rejected': 1}
Open orders (1): MS sell 43.8344
Risk state: peak $99,703.60 | drawdown 0.48% | today +0.20% | halted: False
Market regime: BULLISH (position-size multiplier: 100% incl. circuit breaker 100%)
Overnight queue deferred 3 known-stale idea(s) for 30 minutes to preserve Gemini quota.
Morning verification: 1 overnight-queued trade(s) handed to Gemini for re-verification against fresh data.
News: fetched 158, 1 new after dedup, 0 ticker(s) matched.
Quant pre-screen: 32/60 candidates passed.
Gemini proposed 1 trade(s) meeting the conviction bar.
Gemini calls used today (all models combined): 283
  -> {"ticker": "HOOD", "status": "skipped", "reason": "market data unavailable for HOOD (bid/ask spread missing)", "shadow": false, "data_guard": true}
Overnight queue kept 4 idea(s) whose market data was stale; they will be retried after fresh quotes arrive.
Dashboard watchlist synced (3 symbols) for news/headlines.
Ending portfolio value: $99,229.96
Trade journal: all: 19 trades, 21% win rate, avg -2.19% | breakout: 1 trades, 0% win rate, avg -8.61% | other: 13 trades, 23% win rate, avg -1.93% | technical: 5 trades, 20% win rate, avg -1.58%
Self-learning: breakout: 1 trades, 0% win rate, avg -8.61% (LOSING) | other: 13 trades, 23% win rate, avg -1.93% (LOSING) | technical: 5 trades, 20% win rate, avg -1.58% (LOSING)
Performance: Total return +0.37% | Max drawdown 0.94% | Daily Sharpe 1.82 | 19 closed trades | Win rate 21% | Avg winner +1.83% | Avg loser -3.26% | Open positions: 2 | Equity $99,229.96
Engine P&L: legacy/unknown: realized $-1,705.68 (19 closed, 21% wins), unrealized $-206.77 (2 open) | Books: legacy: realized $-1,705.68, unrealized $-206.77
Reports: daily realized $+0.00; worst symbols none | weekly realized $+0.00; worst symbols none
Shadow report: 13416 shadow candidate(s), 143 rejection group(s)
Timings: account: 0.0s | risk: 0.5s | decide: 6.4s | watchlist: 0.1s | perf: 0.2s

=== Run at 2026-09-03T18:58:27.635718 ===
Build fingerprint: 4f68550affe5
Current time: 2026-09-03 02:58 PM EDT | Market open (per Alpaca): True | Session: REGULAR
Account value: $99,236.33
Cash: $89,705.74 | Holdings (2): {'GEHC': '0.6136 sh (-5.49%)', 'MS': '43.8344 sh (-2.04%)'}
Sector exposure (cached): Financials 9.6%, Health Care 0.0%
Fill reconciliation: {'filled': 0, 'partial': 0, 'rejected': 1}
Open orders (1): MS sell 43.8344
Risk state: peak $99,703.60 | drawdown 0.47% | today +0.20% | halted: False
Market regime: BULLISH (position-size multiplier: 100% incl. circuit breaker 100%)
Overnight queue deferred 3 known-stale idea(s) for 30 minutes to preserve Gemini quota.
Morning verification: 1 overnight-queued trade(s) handed to Gemini for re-verification against fresh data.
News: fetched 155, 1 new after dedup, 0 ticker(s) matched.
Quant pre-screen: 32/60 candidates passed.
Gemini proposed 2 trade(s) meeting the conviction bar.
Gemini calls used today (all models combined): 284
  -> {"ticker": "NTAP", "status": "skipped", "reason": "entry alignment: price $184.21 is not above SMA-20 $193.42"}
  -> {"ticker": "HOOD", "status": "skipped", "reason": "market data unavailable for HOOD (bid/ask spread missing)", "shadow": false, "data_guard": true}
Overnight queue kept 4 idea(s) whose market data was stale; they will be retried after fresh quotes arrive.
Dashboard watchlist synced (4 symbols) for news/headlines.
Ending portfolio value: $99,236.34
Trade journal: all: 19 trades, 21% win rate, avg -2.19% | breakout: 1 trades, 0% win rate, avg -8.61% | other: 13 trades, 23% win rate, avg -1.93% | technical: 5 trades, 20% win rate, avg -1.58%
Self-learning: breakout: 1 trades, 0% win rate, avg -8.61% (LOSING) | other: 13 trades, 23% win rate, avg -1.93% (LOSING) | technical: 5 trades, 20% win rate, avg -1.58% (LOSING)
Performance: Total return +0.37% | Max drawdown 0.94% | Daily Sharpe 1.85 | 19 closed trades | Win rate 21% | Avg winner +1.83% | Avg loser -3.26% | Open positions: 2 | Equity $99,236.33
Engine P&L: legacy/unknown: realized $-1,705.68 (19 closed, 21% wins), unrealized $-200.40 (2 open) | Books: legacy: realized $-1,705.68, unrealized $-200.40
Reports: daily realized $+0.00; worst symbols none | weekly realized $+0.00; worst symbols none
Shadow report: 13417 shadow candidate(s), 142 rejection group(s)
Timings: account: 0.0s | risk: 0.3s | decide: 7.6s | watchlist: 0.0s | perf: 0.2s

=== Run at 2026-09-03T19:00:35.301067 ===
Build fingerprint: 4f68550affe5
Current time: 2026-09-03 03:00 PM EDT | Market open (per Alpaca): True | Session: REGULAR
Account value: $99,239.81
Cash: $89,705.74 | Holdings (2): {'GEHC': '0.6136 sh (-5.56%)', 'MS': '43.8344 sh (-2.01%)'}
Sector exposure (cached): Financials 9.6%, Health Care 0.0%
Fill reconciliation: {'filled': 0, 'partial': 0, 'rejected': 1}
Open orders (1): MS sell 43.8344
Risk state: peak $99,703.60 | drawdown 0.47% | today +0.21% | halted: False
Market regime: BULLISH (position-size multiplier: 100% incl. circuit breaker 100%)
Overnight queue deferred 3 known-stale idea(s) for 30 minutes to preserve Gemini quota.
Morning verification: 1 overnight-queued trade(s) handed to Gemini for re-verification against fresh data.
News: fetched 158, 8 new after dedup, 2 ticker(s) matched.
Quant pre-screen: 6/9 candidates passed.
Gemini proposed 2 trade(s) meeting the conviction bar.
Gemini calls used today (all models combined): 285
  -> {"ticker": "COIN", "status": "skipped", "reason": "liquidity filter: COIN average volume 260,977 < 500,000", "shadow": false, "data_guard": true}
  -> {"ticker": "NTAP", "status": "skipped", "reason": "entry alignment: price $184.66 is not above SMA-20 $193.45"}
Overnight queue cleared after verification.
Overnight queue retained 3 deferred stale idea(s).
Dashboard watchlist synced (5 symbols) for news/headlines.
Ending portfolio value: $99,240.03
Trade journal: all: 19 trades, 21% win rate, avg -2.19% | breakout: 1 trades, 0% win rate, avg -8.61% | other: 13 trades, 23% win rate, avg -1.93% | technical: 5 trades, 20% win rate, avg -1.58%
Self-learning: breakout: 1 trades, 0% win rate, avg -8.61% (LOSING) | other: 13 trades, 23% win rate, avg -1.93% (LOSING) | technical: 5 trades, 20% win rate, avg -1.58% (LOSING)
Performance: Total return +0.38% | Max drawdown 0.94% | Daily Sharpe 1.87 | 19 closed trades | Win rate 21% | Avg winner +1.83% | Avg loser -3.26% | Open positions: 2 | Equity $99,239.81
Engine P&L: legacy/unknown: realized $-1,705.68 (19 closed, 21% wins), unrealized $-196.71 (2 open) | Books: legacy: realized $-1,705.68, unrealized $-196.71
Reports: daily realized $+0.00; worst symbols none | weekly realized $+0.00; worst symbols none
Shadow report: 13418 shadow candidate(s), 141 rejection group(s)
Timings: account: 0.0s | risk: 0.1s | decide: 16.4s | watchlist: 0.0s | perf: 0.2s

=== Run at 2026-09-03T19:08:34.253544 ===
Build fingerprint: 4f68550affe5
Current time: 2026-09-03 03:08 PM EDT | Market open (per Alpaca): True | Session: REGULAR
Account value: $99,260.94
Cash: $89,705.74 | Holdings (2): {'GEHC': '0.6136 sh (-5.83%)', 'MS': '43.8344 sh (-1.79%)'}
Sector exposure (cached): Financials 9.6%, Health Care 0.0%
Fill reconciliation: {'filled': 0, 'partial': 0, 'rejected': 1}
Open orders (1): MS sell 43.8344
Risk state: peak $99,703.60 | drawdown 0.44% | today +0.23% | halted: False
Market regime: BULLISH (position-size multiplier: 100% incl. circuit breaker 100%)
Overnight queue deferred 2 known-stale idea(s) for 30 minutes to preserve Gemini quota.
Morning verification: 1 overnight-queued trade(s) handed to Gemini for re-verification against fresh data.
News: fetched 158, 4 new after dedup, 5 ticker(s) matched.
=== Run at 2026-09-03T19:07:10.919439 ===
Build fingerprint: 4f68550affe5
Current time: 2026-09-03 03:07 PM EDT | Market open (per Alpaca): True | Session: REGULAR
Account value: $99,258.78
Cash: $89,705.74 | Holdings (2): {'GEHC': '0.6136 sh (-5.76%)', 'MS': '43.8344 sh (-1.81%)'}
Sector exposure (cached): Financials 9.6%, Health Care 0.0%
Fill reconciliation: {'filled': 0, 'partial': 0, 'rejected': 1}
Open orders (1): MS sell 43.8344
Risk state: peak $99,703.60 | drawdown 0.45% | today +0.23% | halted: False
Market regime: BULLISH (position-size multiplier: 100% incl. circuit breaker 100%)
Overnight queue deferred 2 known-stale idea(s) for 30 minutes to preserve Gemini quota.
Morning verification: 1 overnight-queued trade(s) handed to Gemini for re-verification against fresh data.
News: fetched 158, 3 new after dedup, 5 ticker(s) matched.
Quant pre-screen: 13/16 candidates passed.
Gemini proposed 2 trade(s) meeting the conviction bar.
Gemini calls used today (all models combined): 286
  -> {"ticker": "KDP", "status": "skipped", "reason": "market data unavailable for KDP (bid/ask spread missing)", "shadow": false, "data_guard": true}
  -> {"ticker": "IVZ", "status": "skipped", "reason": "liquidity filter: IVZ average volume 239,185 < 500,000", "shadow": false, "data_guard": true}
Overnight queue kept 3 idea(s) whose market data was stale; they will be retried after fresh quotes arrive.
Dashboard watchlist synced (9 symbols) for news/headlines.
Ending portfolio value: $99,261.61
Trade journal: all: 19 trades, 21% win rate, avg -2.19% | breakout: 1 trades, 0% win rate, avg -8.61% | other: 13 trades, 23% win rate, avg -1.93% | technical: 5 trades, 20% win rate, avg -1.58%
Self-learning: breakout: 1 trades, 0% win rate, avg -8.61% (LOSING) | other: 13 trades, 23% win rate, avg -1.93% (LOSING) | technical: 5 trades, 20% win rate, avg -1.58% (LOSING)
Performance: Total return +0.40% | Max drawdown 0.94% | Daily Sharpe 1.97 | 19 closed trades | Win rate 21% | Avg winner +1.83% | Avg loser -3.26% | Open positions: 2 | Equity $99,260.94
Engine P&L: legacy/unknown: realized $-1,705.68 (19 closed, 21% wins), unrealized $-175.13 (2 open) | Books: legacy: realized $-1,705.68, unrealized $-175.13
Reports: daily realized $+0.00; worst symbols none | weekly realized $+0.00; worst symbols none
Shadow report: 13420 shadow candidate(s), 139 rejection group(s)
Timings: account: 0.0s | risk: 0.2s | decide: 10.1s | watchlist: 0.0s | perf: 0.2s
  -> {"ticker": "IVZ", "status": "skipped", "reason": "liquidity filter: IVZ average volume 239,158 < 500,000", "shadow": false, "data_guard": true}
Overnight queue kept 3 idea(s) whose market data was stale; they will be retried after fresh quotes arrive.
Dashboard watchlist synced (9 symbols) for news/headlines.
Ending portfolio value: $99,260.98
Trade journal: all: 19 trades, 21% win rate, avg -2.19% | breakout: 1 trades, 0% win rate, avg -8.61% | other: 13 trades, 23% win rate, avg -1.93% | technical: 5 trades, 20% win rate, avg -1.58%
Self-learning: breakout: 1 trades, 0% win rate, avg -8.61% (LOSING) | other: 13 trades, 23% win rate, avg -1.93% (LOSING) | technical: 5 trades, 20% win rate, avg -1.58% (LOSING)
Performance: Total return +0.40% | Max drawdown 0.94% | Daily Sharpe 1.96 | 19 closed trades | Win rate 21% | Avg winner +1.83% | Avg loser -3.26% | Open positions: 2 | Equity $99,258.78
Engine P&L: legacy/unknown: realized $-1,705.68 (19 closed, 21% wins), unrealized $-175.75 (2 open) | Books: legacy: realized $-1,705.68, unrealized $-175.75
Reports: daily realized $+0.00; worst symbols none | weekly realized $+0.00; worst symbols none
Shadow report: 13420 shadow candidate(s), 139 rejection group(s)
Timings: account: 0.0s | risk: 0.4s | decide: 11.2s | watchlist: 0.1s | perf: 0.2s

=== Run at 2026-09-03T19:12:26.357821 ===
Build fingerprint: 4f68550affe5
Current time: 2026-09-03 03:12 PM EDT | Market open (per Alpaca): True | Session: REGULAR
Account value: $99,264.00
Cash: $89,705.74 | Holdings (2): {'GEHC': '0.6136 sh (-5.86%)', 'MS': '43.8344 sh (-1.76%)'}
=== Run at 2026-09-03T19:09:17.381557 ===
Build fingerprint: 4f68550affe5
Current time: 2026-09-03 03:09 PM EDT | Market open (per Alpaca): True | Session: REGULAR
Account value: $99,261.82
Cash: $89,705.74 | Holdings (2): {'GEHC': '0.6136 sh (-5.83%)', 'MS': '43.8344 sh (-1.78%)'}
Sector exposure (cached): Financials 9.6%, Health Care 0.0%
Fill reconciliation: {'filled': 0, 'partial': 0, 'rejected': 1}
Open orders (1): MS sell 43.8344
Risk state: peak $99,703.60 | drawdown 0.44% | today +0.23% | halted: False
Market regime: BULLISH (position-size multiplier: 100% incl. circuit breaker 100%)
Overnight queue deferred 3 known-stale idea(s) for 30 minutes to preserve Gemini quota.
News: fetched 158, 1 new after dedup, 0 ticker(s) matched.
Quant pre-screen: 16/25 candidates passed.
Gemini proposed 1 trade(s) meeting the conviction bar.
Gemini calls used today (all models combined): 287
  -> {"ticker": "IVZ", "status": "skipped", "reason": "liquidity filter: IVZ average volume 239,291 < 500,000", "shadow": false, "data_guard": true}
Overnight queue cleared after verification.
Overnight queue retained 3 deferred stale idea(s).
Dashboard watchlist synced (3 symbols) for news/headlines.
Ending portfolio value: $99,264.43
Trade journal: all: 19 trades, 21% win rate, avg -2.19% | breakout: 1 trades, 0% win rate, avg -8.61% | other: 13 trades, 23% win rate, avg -1.93% | technical: 5 trades, 20% win rate, avg -1.58%
Self-learning: breakout: 1 trades, 0% win rate, avg -8.61% (LOSING) | other: 13 trades, 23% win rate, avg -1.93% (LOSING) | technical: 5 trades, 20% win rate, avg -1.58% (LOSING)
Performance: Total return +0.40% | Max drawdown 0.94% | Daily Sharpe 1.98 | 19 closed trades | Win rate 21% | Avg winner +1.83% | Avg loser -3.26% | Open positions: 2 | Equity $99,264.00
Engine P&L: legacy/unknown: realized $-1,705.68 (19 closed, 21% wins), unrealized $-172.30 (2 open) | Books: legacy: realized $-1,705.68, unrealized $-172.30
Reports: daily realized $+0.00; worst symbols none | weekly realized $+0.00; worst symbols none
Shadow report: 13421 shadow candidate(s), 138 rejection group(s)
Timings: account: 0.0s | risk: 0.2s | decide: 11.0s | watchlist: 0.0s | perf: 0.2s
News: fetched 158, 0 new after dedup, 0 ticker(s) matched.
Quant pre-screen: 16/25 candidates passed.
Gemini proposed 2 trade(s) meeting the conviction bar.
Gemini calls used today (all models combined): 287
  -> {"ticker": "KDP", "status": "skipped", "reason": "market data unavailable for KDP (bid/ask spread missing)", "shadow": false, "data_guard": true}
  -> {"ticker": "IVZ", "status": "skipped", "reason": "liquidity filter: IVZ average volume 239,197 < 500,000", "shadow": false, "data_guard": true}
Overnight queue kept 3 idea(s) whose market data was stale; they will be retried after fresh quotes arrive.
Dashboard watchlist synced (4 symbols) for news/headlines.
Ending portfolio value: $99,261.19
Trade journal: all: 19 trades, 21% win rate, avg -2.19% | breakout: 1 trades, 0% win rate, avg -8.61% | other: 13 trades, 23% win rate, avg -1.93% | technical: 5 trades, 20% win rate, avg -1.58%
Self-learning: breakout: 1 trades, 0% win rate, avg -8.61% (LOSING) | other: 13 trades, 23% win rate, avg -1.93% (LOSING) | technical: 5 trades, 20% win rate, avg -1.58% (LOSING)
Performance: Total return +0.40% | Max drawdown 0.94% | Daily Sharpe 1.97 | 19 closed trades | Win rate 21% | Avg winner +1.83% | Avg loser -3.26% | Open positions: 2 | Equity $99,261.82
Engine P&L: legacy/unknown: realized $-1,705.68 (19 closed, 21% wins), unrealized $-175.54 (2 open) | Books: legacy: realized $-1,705.68, unrealized $-175.54
Reports: daily realized $+0.00; worst symbols none | weekly realized $+0.00; worst symbols none
Shadow report: 13422 shadow candidate(s), 137 rejection group(s)
Timings: account: 0.0s | risk: 0.4s | decide: 21.7s | watchlist: 0.1s | perf: 0.2s

=== Run at 2026-09-03T19:18:30.904794 ===
Build fingerprint: 4f68550affe5
Current time: 2026-09-03 03:18 PM EDT | Market open (per Alpaca): True | Session: REGULAR
Account value: $99,255.50
Cash: $89,705.74 | Holdings (2): {'GEHC': '0.6136 sh (-5.75%)', 'MS': '43.8344 sh (-1.84%)'}
Sector exposure (cached): Financials 9.6%, Health Care 0.0%
Fill reconciliation: {'filled': 0, 'partial': 0, 'rejected': 1}
Open orders (1): MS sell 43.8344
Risk state: peak $99,703.60 | drawdown 0.45% | today +0.22% | halted: False
Market regime: BULLISH (position-size multiplier: 100% incl. circuit breaker 100%)
Overnight queue deferred 3 known-stale idea(s) for 30 minutes to preserve Gemini quota.
News: fetched 158, 3 new after dedup, 0 ticker(s) matched.
Quant pre-screen: 22/37 candidates passed.
Gemini proposed 3 trade(s) meeting the conviction bar.
Gemini calls used today (all models combined): 288
  -> {"ticker": "HIG", "status": "skipped", "reason": "liquidity filter: HIG average volume 42,930 < 500,000", "shadow": false, "data_guard": true}
  -> {"ticker": "ICE", "status": "skipped", "reason": "liquidity filter: ICE average volume 154,397 < 500,000", "shadow": false, "data_guard": true}
  -> {"ticker": "JNJ", "status": "skipped", "reason": "liquidity filter: JNJ average volume 227,059 < 500,000", "shadow": false, "data_guard": true}
Overnight queue cleared after verification.
Overnight queue retained 3 deferred stale idea(s).
Dashboard watchlist synced (5 symbols) for news/headlines.
Ending portfolio value: $99,256.37
Trade journal: all: 19 trades, 21% win rate, avg -2.19% | breakout: 1 trades, 0% win rate, avg -8.61% | other: 13 trades, 23% win rate, avg -1.93% | technical: 5 trades, 20% win rate, avg -1.58%
Self-learning: breakout: 1 trades, 0% win rate, avg -8.61% (LOSING) | other: 13 trades, 23% win rate, avg -1.93% (LOSING) | technical: 5 trades, 20% win rate, avg -1.58% (LOSING)
Performance: Total return +0.39% | Max drawdown 0.94% | Daily Sharpe 1.94 | 19 closed trades | Win rate 21% | Avg winner +1.83% | Avg loser -3.26% | Open positions: 2 | Equity $99,255.50
Engine P&L: legacy/unknown: realized $-1,705.68 (19 closed, 21% wins), unrealized $-180.36 (2 open) | Books: legacy: realized $-1,705.68, unrealized $-180.36
Reports: daily realized $+0.00; worst symbols none | weekly realized $+0.00; worst symbols none
Shadow report: 13424 shadow candidate(s), 135 rejection group(s)
Timings: account: 0.0s | risk: 0.6s | decide: 12.1s | watchlist: 0.1s | perf: 0.2s
=== Run at 2026-09-03T19:15:26.587615 ===
Build fingerprint: 4f68550affe5
Current time: 2026-09-03 03:15 PM EDT | Market open (per Alpaca): True | Session: REGULAR
Account value: $99,256.99
Cash: $89,705.74 | Holdings (2): {'GEHC': '0.6136 sh (-5.84%)', 'MS': '43.8344 sh (-1.83%)'}
Sector exposure (cached): Financials 9.6%, Health Care 0.0%
Fill reconciliation: {'filled': 0, 'partial': 0, 'rejected': 1}
Open orders (1): MS sell 43.8344
Risk state: peak $99,703.60 | drawdown 0.45% | today +0.23% | halted: False
Market regime: BULLISH (position-size multiplier: 100% incl. circuit breaker 100%)
Overnight queue deferred 3 known-stale idea(s) for 30 minutes to preserve Gemini quota.
News: fetched 158, 2 new after dedup, 0 ticker(s) matched.
Quant pre-screen: 22/37 candidates passed.
Gemini proposed 2 trade(s) meeting the conviction bar.
Gemini calls used today (all models combined): 288
  -> {"ticker": "HIG", "status": "skipped", "reason": "liquidity filter: HIG average volume 42,893 < 500,000", "shadow": false, "data_guard": true}
  -> {"ticker": "ICE", "status": "skipped", "reason": "liquidity filter: ICE average volume 154,276 < 500,000", "shadow": false, "data_guard": true}
Overnight queue cleared after verification.
Overnight queue retained 3 deferred stale idea(s).
Dashboard watchlist synced (4 symbols) for news/headlines.
Ending portfolio value: $99,256.12
Trade journal: all: 19 trades, 21% win rate, avg -2.19% | breakout: 1 trades, 0% win rate, avg -8.61% | other: 13 trades, 23% win rate, avg -1.93% | technical: 5 trades, 20% win rate, avg -1.58%
Self-learning: breakout: 1 trades, 0% win rate, avg -8.61% (LOSING) | other: 13 trades, 23% win rate, avg -1.93% (LOSING) | technical: 5 trades, 20% win rate, avg -1.58% (LOSING)
Performance: Total return +0.39% | Max drawdown 0.94% | Daily Sharpe 1.94 | 19 closed trades | Win rate 21% | Avg winner +1.83% | Avg loser -3.26% | Open positions: 2 | Equity $99,256.99
Engine P&L: legacy/unknown: realized $-1,705.68 (19 closed, 21% wins), unrealized $-180.62 (2 open) | Books: legacy: realized $-1,705.68, unrealized $-180.62
Reports: daily realized $+0.00; worst symbols none | weekly realized $+0.00; worst symbols none
Shadow report: 13424 shadow candidate(s), 135 rejection group(s)
Timings: account: 0.0s | risk: 0.4s | decide: 9.5s | watchlist: 0.0s | perf: 0.2s

=== Run at 2026-09-03T19:24:09.865044 ===
Build fingerprint: 4f68550affe5
Current time: 2026-09-03 03:24 PM EDT | Market open (per Alpaca): True | Session: REGULAR
Account value: $99,266.25
Cash: $89,705.74 | Holdings (2): {'GEHC': '0.6136 sh (-5.72%)', 'MS': '43.8344 sh (-1.73%)'}
Sector exposure (cached): Financials 9.6%, Health Care 0.0%
Fill reconciliation: {'filled': 0, 'partial': 0, 'rejected': 1}
Open orders (1): MS sell 43.8344
Risk state: peak $99,703.60 | drawdown 0.44% | today +0.23% | halted: False
Market regime: BULLISH (position-size multiplier: 100% incl. circuit breaker 100%)
Overnight queue deferred 2 known-stale idea(s) for 30 minutes to preserve Gemini quota.
Morning verification: 1 overnight-queued trade(s) handed to Gemini for re-verification against fresh data.
News: fetched 158, 7 new after dedup, 1 ticker(s) matched.
Quant pre-screen: 8/14 candidates passed.
Technical fallback (Gemini throttled/unavailable) proposed 3 trade(s) meeting the conviction bar.
Gemini calls used today (all models combined): 288
  -> {"ticker": "MSFT", "status": "skipped", "reason": "market data unavailable for MSFT (bid/ask spread missing)", "shadow": false, "data_guard": true}
  -> {"ticker": "NDAQ", "status": "skipped", "reason": "liquidity filter: NDAQ average volume 100,169 < 500,000", "shadow": false, "data_guard": true}
  -> {"ticker": "NEM", "status": "skipped", "reason": "liquidity filter: NEM average volume 300,436 < 500,000", "shadow": false, "data_guard": true}
Overnight queue KEPT for next run (Gemini did not verify this round -- technical fallback or decision failure); 3 idea(s) remain subject to the retry cap.
Dashboard watchlist synced (6 symbols) for news/headlines.
Ending portfolio value: $99,267.35
Trade journal: all: 19 trades, 21% win rate, avg -2.19% | breakout: 1 trades, 0% win rate, avg -8.61% | other: 13 trades, 23% win rate, avg -1.93% | technical: 5 trades, 20% win rate, avg -1.58%
Self-learning: breakout: 1 trades, 0% win rate, avg -8.61% (LOSING) | other: 13 trades, 23% win rate, avg -1.93% (LOSING) | technical: 5 trades, 20% win rate, avg -1.58% (LOSING)
Performance: Total return +0.40% | Max drawdown 0.94% | Daily Sharpe 1.99 | 19 closed trades | Win rate 21% | Avg winner +1.83% | Avg loser -3.26% | Open positions: 2 | Equity $99,266.25
Engine P&L: legacy/unknown: realized $-1,705.68 (19 closed, 21% wins), unrealized $-169.38 (2 open) | Books: legacy: realized $-1,705.68, unrealized $-169.38
Reports: daily realized $+0.00; worst symbols none | weekly realized $+0.00; worst symbols none
Shadow report: 13427 shadow candidate(s), 132 rejection group(s)
Timings: account: 0.0s | risk: 0.8s | decide: 22.6s | watchlist: 0.1s | perf: 0.3s
=== Run at 2026-09-03T19:20:54.697590 ===
Build fingerprint: 4f68550affe5
Current time: 2026-09-03 03:20 PM EDT | Market open (per Alpaca): True | Session: REGULAR
Account value: $99,258.37
Cash: $89,705.74 | Holdings (2): {'GEHC': '0.6136 sh (-5.71%)', 'MS': '43.8344 sh (-1.81%)'}
Sector exposure (cached): Financials 9.6%, Health Care 0.0%
Fill reconciliation: {'filled': 0, 'partial': 0, 'rejected': 1}
Open orders (1): MS sell 43.8344
Risk state: peak $99,703.60 | drawdown 0.45% | today +0.23% | halted: False
Market regime: BULLISH (position-size multiplier: 100% incl. circuit breaker 100%)
Overnight queue deferred 3 known-stale idea(s) for 30 minutes to preserve Gemini quota.
News: fetched 158, 4 new after dedup, 0 ticker(s) matched.
Quant pre-screen: 28/49 candidates passed.
Technical fallback (Gemini throttled/unavailable) proposed 6 trade(s) meeting the conviction bar.
Gemini calls used today (all models combined): 288
  -> {"ticker": "HPQ", "status": "skipped", "reason": "market data unavailable for HPQ (bid/ask spread missing)", "shadow": false, "data_guard": true}
  -> {"ticker": "ICE", "status": "skipped", "reason": "liquidity filter: ICE average volume 154,517 < 500,000", "shadow": false, "data_guard": true}
  -> {"ticker": "IVZ", "status": "skipped", "reason": "liquidity filter: IVZ average volume 239,527 < 500,000", "shadow": false, "data_guard": true}
  -> {"ticker": "JNJ", "status": "skipped", "reason": "liquidity filter: JNJ average volume 227,095 < 500,000", "shadow": false, "data_guard": true}
  -> {"ticker": "KDP", "status": "skipped", "reason": "market data unavailable for KDP (bid/ask spread missing)", "shadow": false, "data_guard": true}
  -> {"ticker": "IT", "status": "skipped", "reason": "stale quote for IT (249.524239s old; limit 180s)", "shadow": false, "data_guard": true}
Overnight queue KEPT for next run (Gemini did not verify this round -- technical fallback or decision failure); 2 idea(s) remain subject to the retry cap.
Run budget reserve reached -- skipping dashboard watchlist sync.
Run budget reserve reached -- skipping performance snapshot.
Trade journal: all: 19 trades, 21% win rate, avg -2.19% | breakout: 1 trades, 0% win rate, avg -8.61% | other: 13 trades, 23% win rate, avg -1.93% | technical: 5 trades, 20% win rate, avg -1.58%
Self-learning: breakout: 1 trades, 0% win rate, avg -8.61% (LOSING) | other: 13 trades, 23% win rate, avg -1.93% (LOSING) | technical: 5 trades, 20% win rate, avg -1.58% (LOSING)
Performance: Total return +0.39% | Max drawdown 0.94% | Daily Sharpe 1.94 | 19 closed trades | Win rate 21% | Avg winner +1.83% | Avg loser -3.26% | Open positions: 2 | Equity $99,258.37
Engine P&L: legacy/unknown: realized $-1,705.68 (19 closed, 21% wins), unrealized $-178.36 (2 open) | Books: legacy: realized $-1,705.68, unrealized $-178.36
Reports: daily realized $+0.00; worst symbols none | weekly realized $+0.00; worst symbols none
Shadow report: 13430 shadow candidate(s), 130 rejection group(s)
Timings: account: 0.0s | risk: 0.6s | decide: 25.2s | watchlist: 0.0s | perf: 0.1s

=== Run at 2026-09-03T19:30:50.642623 ===
Build fingerprint: 4f68550affe5
Current time: 2026-09-03 03:30 PM EDT | Market open (per Alpaca): True | Session: REGULAR
Account value: $99,288.22
Cash: $89,705.74 | Holdings (2): {'GEHC': '0.6136 sh (-5.61%)', 'MS': '43.8344 sh (-1.51%)'}
Sector exposure (cached): Financials 9.6%, Health Care 0.0%
Fill reconciliation: {'filled': 0, 'partial': 0, 'rejected': 1}
Open orders (1): MS sell 43.8344
Risk state: peak $99,703.60 | drawdown 0.42% | today +0.26% | halted: False
Market regime: BULLISH (position-size multiplier: 100% incl. circuit breaker 100%)
Overnight queue deferred 1 known-stale idea(s) for 30 minutes to preserve Gemini quota.
Morning verification: 4 overnight-queued trade(s) handed to Gemini for re-verification against fresh data.
News: fetched 158, 7 new after dedup, 0 ticker(s) matched.
Quant pre-screen: 28/49 candidates passed.
Gemini proposed 1 trade(s) meeting the conviction bar.
Gemini calls used today (all models combined): 289
  -> {"ticker": "HPQ", "status": "skipped", "reason": "market data unavailable for HPQ (bid/ask spread missing)", "shadow": false, "data_guard": true}
Overnight queue kept 5 idea(s) whose market data was stale; they will be retried after fresh quotes arrive.
Dashboard watchlist synced (3 symbols) for news/headlines.
Ending portfolio value: $99,286.91
Trade journal: all: 19 trades, 21% win rate, avg -2.19% | breakout: 1 trades, 0% win rate, avg -8.61% | other: 13 trades, 23% win rate, avg -1.93% | technical: 5 trades, 20% win rate, avg -1.58%
Self-learning: breakout: 1 trades, 0% win rate, avg -8.61% (LOSING) | other: 13 trades, 23% win rate, avg -1.93% (LOSING) | technical: 5 trades, 20% win rate, avg -1.58% (LOSING)
Performance: Total return +0.42% | Max drawdown 0.94% | Daily Sharpe 2.08 | 19 closed trades | Win rate 21% | Avg winner +1.83% | Avg loser -3.26% | Open positions: 2 | Equity $99,288.22
Engine P&L: legacy/unknown: realized $-1,705.68 (19 closed, 21% wins), unrealized $-149.82 (2 open) | Books: legacy: realized $-1,705.68, unrealized $-149.82
Reports: daily realized $+0.00; worst symbols none | weekly realized $+0.00; worst symbols none
Shadow report: 13428 shadow candidate(s), 131 rejection group(s)
Timings: account: 0.0s | risk: 0.6s | decide: 8.9s | watchlist: 0.1s | perf: 0.2s
=== Run at 2026-09-03T19:27:46.272638 ===
Build fingerprint: 4f68550affe5
Current time: 2026-09-03 03:27 PM EDT | Market open (per Alpaca): True | Session: REGULAR
Account value: $99,269.35
Cash: $89,705.74 | Holdings (2): {'GEHC': '0.6136 sh (-5.67%)', 'MS': '43.8344 sh (-1.70%)'}
Sector exposure (cached): Financials 9.6%, Health Care 0.0%
Fill reconciliation: {'filled': 0, 'partial': 0, 'rejected': 1}
Open orders (1): MS sell 43.8344
Risk state: peak $99,703.60 | drawdown 0.44% | today +0.24% | halted: False
Market regime: BULLISH (position-size multiplier: 100% incl. circuit breaker 100%)
Overnight queue deferred 2 known-stale idea(s) for 30 minutes to preserve Gemini quota.
Morning verification: 3 overnight-queued trade(s) handed to Gemini for re-verification against fresh data.
News: fetched 158, 5 new after dedup, 1 ticker(s) matched.
Quant pre-screen: 9/14 candidates passed.
Gemini proposed 2 trade(s) meeting the conviction bar.
Gemini calls used today (all models combined): 289
  -> {"ticker": "MSCI", "status": "skipped", "reason": "stale quote for MSCI (254.584598s old; limit 180s)", "shadow": false, "data_guard": true}
  -> {"ticker": "NDAQ", "status": "skipped", "reason": "liquidity filter: NDAQ average volume 100,246 < 500,000", "shadow": false, "data_guard": true}
Overnight queue kept 6 idea(s) whose market data was stale; they will be retried after fresh quotes arrive.
Dashboard watchlist synced (5 symbols) for news/headlines.
Ending portfolio value: $99,270.22
Trade journal: all: 19 trades, 21% win rate, avg -2.19% | breakout: 1 trades, 0% win rate, avg -8.61% | other: 13 trades, 23% win rate, avg -1.93% | technical: 5 trades, 20% win rate, avg -1.58%
Self-learning: breakout: 1 trades, 0% win rate, avg -8.61% (LOSING) | other: 13 trades, 23% win rate, avg -1.93% (LOSING) | technical: 5 trades, 20% win rate, avg -1.58% (LOSING)
Performance: Total return +0.41% | Max drawdown 0.94% | Daily Sharpe 2.01 | 19 closed trades | Win rate 21% | Avg winner +1.83% | Avg loser -3.26% | Open positions: 2 | Equity $99,269.35
Engine P&L: legacy/unknown: realized $-1,705.68 (19 closed, 21% wins), unrealized $-166.52 (2 open) | Books: legacy: realized $-1,705.68, unrealized $-166.52
Reports: daily realized $+0.00; worst symbols none | weekly realized $+0.00; worst symbols none
Shadow report: 13432 shadow candidate(s), 129 rejection group(s)
Timings: account: 0.0s | risk: 0.4s | decide: 6.0s | watchlist: 0.1s | perf: 0.2s

=== Run at 2026-09-03T19:36:18.273727 ===
Build fingerprint: 4f68550affe5
Current time: 2026-09-03 03:36 PM EDT | Market open (per Alpaca): True | Session: REGULAR
Account value: $99,291.19
Cash: $89,705.74 | Holdings (2): {'GEHC': '0.6136 sh (-5.59%)', 'MS': '43.8344 sh (-1.48%)'}
=== Run at 2026-09-03T19:33:19.917701 ===
Build fingerprint: 4f68550affe5
Current time: 2026-09-03 03:33 PM EDT | Market open (per Alpaca): True | Session: REGULAR
Account value: $99,291.74
Cash: $89,705.74 | Holdings (2): {'GEHC': '0.6136 sh (-5.57%)', 'MS': '43.8344 sh (-1.47%)'}
Sector exposure (cached): Financials 9.6%, Health Care 0.0%
Fill reconciliation: {'filled': 0, 'partial': 0, 'rejected': 1}
Open orders (1): MS sell 43.8344
Risk state: peak $99,703.60 | drawdown 0.41% | today +0.26% | halted: False
Market regime: NEUTRAL (position-size multiplier: 100% incl. circuit breaker 100%)
Overnight queue deferred 2 known-stale idea(s) for 30 minutes to preserve Gemini quota.
Morning verification: 3 overnight-queued trade(s) handed to Gemini for re-verification against fresh data.
News: fetched 158, 7 new after dedup, 2 ticker(s) matched.
Quant pre-screen: 13/21 candidates passed.
Gemini proposed 0 trade(s) meeting the conviction bar.
Gemini calls used today (all models combined): 290
Overnight queue cleared after verification.
Overnight queue retained 2 deferred stale idea(s).
Dashboard watchlist synced (4 symbols) for news/headlines.
Ending portfolio value: $99,292.18
Trade journal: all: 19 trades, 21% win rate, avg -2.19% | breakout: 1 trades, 0% win rate, avg -8.61% | other: 13 trades, 23% win rate, avg -1.93% | technical: 5 trades, 20% win rate, avg -1.58%
Self-learning: breakout: 1 trades, 0% win rate, avg -8.61% (LOSING) | other: 13 trades, 23% win rate, avg -1.93% (LOSING) | technical: 5 trades, 20% win rate, avg -1.58% (LOSING)
Performance: Total return +0.43% | Max drawdown 0.94% | Daily Sharpe 2.10 | 19 closed trades | Win rate 21% | Avg winner +1.83% | Avg loser -3.26% | Open positions: 2 | Equity $99,291.19
Engine P&L: legacy/unknown: realized $-1,705.68 (19 closed, 21% wins), unrealized $-144.56 (2 open) | Books: legacy: realized $-1,705.68, unrealized $-144.56
Reports: daily realized $+0.00; worst symbols none | weekly realized $+0.00; worst symbols none
Shadow report: 13428 shadow candidate(s), 131 rejection group(s)
Timings: account: 0.0s | risk: 0.4s | decide: 8.4s | watchlist: 0.1s | perf: 0.2s
Morning verification: 4 overnight-queued trade(s) handed to Gemini for re-verification against fresh data.
News: fetched 158, 7 new after dedup, 0 ticker(s) matched.
Quant pre-screen: 32/60 candidates passed.
Gemini proposed 2 trade(s) meeting the conviction bar.
Gemini calls used today (all models combined): 290
  -> {"ticker": "HPQ", "status": "skipped", "reason": "market data unavailable for HPQ (bid/ask spread missing)", "shadow": false, "data_guard": true}
  -> {"ticker": "HOOD", "status": "skipped", "reason": "market data unavailable for HOOD (bid/ask spread missing)", "shadow": false, "data_guard": true}
Overnight queue kept 6 idea(s) whose market data was stale; they will be retried after fresh quotes arrive.
Dashboard watchlist synced (4 symbols) for news/headlines.
Ending portfolio value: $99,292.19
Trade journal: all: 19 trades, 21% win rate, avg -2.19% | breakout: 1 trades, 0% win rate, avg -8.61% | other: 13 trades, 23% win rate, avg -1.93% | technical: 5 trades, 20% win rate, avg -1.58%
Self-learning: breakout: 1 trades, 0% win rate, avg -8.61% (LOSING) | other: 13 trades, 23% win rate, avg -1.93% (LOSING) | technical: 5 trades, 20% win rate, avg -1.58% (LOSING)
Performance: Total return +0.43% | Max drawdown 0.94% | Daily Sharpe 2.10 | 19 closed trades | Win rate 21% | Avg winner +1.83% | Avg loser -3.26% | Open positions: 2 | Equity $99,291.74
Engine P&L: legacy/unknown: realized $-1,705.68 (19 closed, 21% wins), unrealized $-144.54 (2 open) | Books: legacy: realized $-1,705.68, unrealized $-144.54
Reports: daily realized $+0.00; worst symbols none | weekly realized $+0.00; worst symbols none
Shadow report: 13434 shadow candidate(s), 127 rejection group(s)
Timings: account: 0.0s | risk: 0.2s | decide: 8.9s | watchlist: 0.0s | perf: 0.2s

=== Run at 2026-09-03T19:42:24.745048 ===
Build fingerprint: 4f68550affe5
Current time: 2026-09-03 03:42 PM EDT | Market open (per Alpaca): True | Session: REGULAR
Account value: $99,286.50
Cash: $89,705.74 | Holdings (2): {'GEHC': '0.6136 sh (-5.53%)', 'MS': '43.8344 sh (-1.52%)'}
Sector exposure (cached): Financials 9.6%, Health Care 0.0%
Fill reconciliation: {'filled': 0, 'partial': 0, 'rejected': 1}
Open orders (1): MS sell 43.8344
Risk state: peak $99,703.60 | drawdown 0.42% | today +0.25% | halted: False
Market regime: NEUTRAL (position-size multiplier: 100% incl. circuit breaker 100%)
Overnight queue deferred 1 known-stale idea(s) for 30 minutes to preserve Gemini quota.
Morning verification: 1 overnight-queued trade(s) handed to Gemini for re-verification against fresh data.
News: fetched 158, 1 new after dedup, 0 ticker(s) matched.
Quant pre-screen: 33/60 candidates passed.
Gemini proposed 1 trade(s) meeting the conviction bar.
Gemini calls used today (all models combined): 291
  -> {"ticker": "KDP", "status": "skipped", "reason": "market data unavailable for KDP (bid/ask spread missing)", "shadow": false, "data_guard": true}
Overnight queue kept 2 idea(s) whose market data was stale; they will be retried after fresh quotes arrive.
Dashboard watchlist synced (3 symbols) for news/headlines.
Ending portfolio value: $99,287.14
Trade journal: all: 19 trades, 21% win rate, avg -2.19% | breakout: 1 trades, 0% win rate, avg -8.61% | other: 13 trades, 23% win rate, avg -1.93% | technical: 5 trades, 20% win rate, avg -1.58%
Self-learning: breakout: 1 trades, 0% win rate, avg -8.61% (LOSING) | other: 13 trades, 23% win rate, avg -1.93% (LOSING) | technical: 5 trades, 20% win rate, avg -1.58% (LOSING)
Performance: Total return +0.42% | Max drawdown 0.94% | Daily Sharpe 2.08 | 19 closed trades | Win rate 21% | Avg winner +1.83% | Avg loser -3.26% | Open positions: 2 | Equity $99,286.50
Engine P&L: legacy/unknown: realized $-1,705.68 (19 closed, 21% wins), unrealized $-149.59 (2 open) | Books: legacy: realized $-1,705.68, unrealized $-149.59
Reports: daily realized $+0.00; worst symbols none | weekly realized $+0.00; worst symbols none
Shadow report: 13435 shadow candidate(s), 126 rejection group(s)
Timings: account: 0.0s | risk: 0.7s | decide: 8.7s | watchlist: 0.1s | perf: 0.2s
=== Run at 2026-09-03T19:39:16.074087 ===
Build fingerprint: 4f68550affe5
Current time: 2026-09-03 03:39 PM EDT | Market open (per Alpaca): True | Session: REGULAR
Account value: $99,293.97
Cash: $89,705.74 | Holdings (2): {'GEHC': '0.6136 sh (-5.49%)', 'MS': '43.8344 sh (-1.45%)'}
Sector exposure (cached): Financials 9.6%, Health Care 0.0%
Fill reconciliation: {'filled': 0, 'partial': 0, 'rejected': 1}
Open orders (1): MS sell 43.8344
Risk state: peak $99,703.60 | drawdown 0.41% | today +0.26% | halted: False
Market regime: NEUTRAL (position-size multiplier: 100% incl. circuit breaker 100%)
Overnight queue deferred 4 known-stale idea(s) for 30 minutes to preserve Gemini quota.
Morning verification: 2 overnight-queued trade(s) handed to Gemini for re-verification against fresh data.
News: fetched 158, 6 new after dedup, 2 ticker(s) matched.
Quant pre-screen: 14/21 candidates passed.
Technical fallback (Gemini throttled/unavailable) proposed 3 trade(s) meeting the conviction bar.
Gemini calls used today (all models combined): 290
  -> {"ticker": "CRM", "status": "skipped", "reason": "market data unavailable for CRM (bid/ask spread missing)", "shadow": false, "data_guard": true}
  -> {"ticker": "CVNA", "status": "skipped", "reason": "liquidity filter: CVNA average volume 392,067 < 500,000", "shadow": false, "data_guard": true}
  -> {"ticker": "DE", "status": "skipped", "reason": "liquidity filter: DE average volume 70,354 < 500,000", "shadow": false, "data_guard": true}
Overnight queue KEPT for next run (Gemini did not verify this round -- technical fallback or decision failure); 2 idea(s) remain subject to the retry cap.
Dashboard watchlist synced (7 symbols) for news/headlines.
Ending portfolio value: $99,294.41
Trade journal: all: 19 trades, 21% win rate, avg -2.19% | breakout: 1 trades, 0% win rate, avg -8.61% | other: 13 trades, 23% win rate, avg -1.93% | technical: 5 trades, 20% win rate, avg -1.58%
Self-learning: breakout: 1 trades, 0% win rate, avg -8.61% (LOSING) | other: 13 trades, 23% win rate, avg -1.93% (LOSING) | technical: 5 trades, 20% win rate, avg -1.58% (LOSING)
Performance: Total return +0.43% | Max drawdown 0.94% | Daily Sharpe 2.11 | 19 closed trades | Win rate 21% | Avg winner +1.83% | Avg loser -3.26% | Open positions: 2 | Equity $99,293.97
Engine P&L: legacy/unknown: realized $-1,705.68 (19 closed, 21% wins), unrealized $-142.32 (2 open) | Books: legacy: realized $-1,705.68, unrealized $-142.32
Reports: daily realized $+0.00; worst symbols none | weekly realized $+0.00; worst symbols none
Shadow report: 13437 shadow candidate(s), 124 rejection group(s)
Timings: account: 0.0s | risk: 1.2s | decide: 22.1s | watchlist: 0.1s | perf: 0.3s

=== Run at 2026-09-03T19:47:54.524389 ===
Build fingerprint: 4f68550affe5
Current time: 2026-09-03 03:47 PM EDT | Market open (per Alpaca): True | Session: REGULAR
Account value: $99,264.04
Cash: $89,705.74 | Holdings (2): {'GEHC': '0.6136 sh (-5.76%)', 'MS': '43.8344 sh (-1.76%)'}
Sector exposure (cached): Financials 9.6%, Health Care 0.0%
Fill reconciliation: {'filled': 0, 'partial': 0, 'rejected': 1}
Open orders (1): MS sell 43.8344
Risk state: peak $99,703.60 | drawdown 0.44% | today +0.23% | halted: False
Market regime: NEUTRAL (position-size multiplier: 100% incl. circuit breaker 100%)
Overnight queue deferred 2 known-stale idea(s) for 30 minutes to preserve Gemini quota.
News: fetched 157, 1 new after dedup, 0 ticker(s) matched.
Quant pre-screen: 33/60 candidates passed.
Gemini proposed 1 trade(s) meeting the conviction bar.
Gemini calls used today (all models combined): 292
  -> {"ticker": "HIG", "status": "skipped", "reason": "liquidity filter: HIG average volume 43,176 < 500,000", "shadow": false, "data_guard": true}
Overnight queue cleared after verification.
Overnight queue retained 2 deferred stale idea(s).
Dashboard watchlist synced (3 symbols) for news/headlines.
Ending portfolio value: $99,261.41
Trade journal: all: 19 trades, 21% win rate, avg -2.19% | breakout: 1 trades, 0% win rate, avg -8.61% | other: 13 trades, 23% win rate, avg -1.93% | technical: 5 trades, 20% win rate, avg -1.58%
Self-learning: breakout: 1 trades, 0% win rate, avg -8.61% (LOSING) | other: 13 trades, 23% win rate, avg -1.93% (LOSING) | technical: 5 trades, 20% win rate, avg -1.58% (LOSING)
Performance: Total return +0.40% | Max drawdown 0.94% | Daily Sharpe 1.97 | 19 closed trades | Win rate 21% | Avg winner +1.83% | Avg loser -3.26% | Open positions: 2 | Equity $99,264.04
Engine P&L: legacy/unknown: realized $-1,705.68 (19 closed, 21% wins), unrealized $-175.32 (2 open) | Books: legacy: realized $-1,705.68, unrealized $-175.32
Reports: daily realized $+0.00; worst symbols none | weekly realized $+0.00; worst symbols none
Shadow report: 13436 shadow candidate(s), 125 rejection group(s)
Timings: account: 0.0s | risk: 0.8s | decide: 6.3s | watchlist: 0.1s | perf: 0.2s
=== Run at 2026-09-03T19:45:07.054819 ===
Build fingerprint: 4f68550affe5
Current time: 2026-09-03 03:45 PM EDT | Market open (per Alpaca): True | Session: REGULAR
Account value: $99,284.26
Cash: $89,705.74 | Holdings (2): {'GEHC': '0.6136 sh (-5.65%)', 'MS': '43.8344 sh (-1.56%)'}
Sector exposure (cached): Financials 9.6%, Health Care 0.0%
Fill reconciliation: {'filled': 0, 'partial': 0, 'rejected': 1}
Open orders (1): MS sell 43.8344
Risk state: peak $99,703.60 | drawdown 0.42% | today +0.25% | halted: False
Market regime: NEUTRAL (position-size multiplier: 100% incl. circuit breaker 100%)
Overnight queue deferred 3 known-stale idea(s) for 30 minutes to preserve Gemini quota.
Morning verification: 3 overnight-queued trade(s) handed to Gemini for re-verification against fresh data.
News: fetched 157, 1 new after dedup, 0 ticker(s) matched.
Quant pre-screen: 32/60 candidates passed.
Gemini proposed 1 trade(s) meeting the conviction bar.
Gemini calls used today (all models combined): 291
  -> {"ticker": "KDP", "status": "skipped", "reason": "market data unavailable for KDP (bid/ask spread missing)", "shadow": false, "data_guard": true}
Overnight queue kept 6 idea(s) whose market data was stale; they will be retried after fresh quotes arrive.
Dashboard watchlist synced (3 symbols) for news/headlines.
Ending portfolio value: $99,282.06
Trade journal: all: 19 trades, 21% win rate, avg -2.19% | breakout: 1 trades, 0% win rate, avg -8.61% | other: 13 trades, 23% win rate, avg -1.93% | technical: 5 trades, 20% win rate, avg -1.58%
Self-learning: breakout: 1 trades, 0% win rate, avg -8.61% (LOSING) | other: 13 trades, 23% win rate, avg -1.93% (LOSING) | technical: 5 trades, 20% win rate, avg -1.58% (LOSING)
Performance: Total return +0.42% | Max drawdown 0.94% | Daily Sharpe 2.06 | 19 closed trades | Win rate 21% | Avg winner +1.83% | Avg loser -3.26% | Open positions: 2 | Equity $99,284.26
Engine P&L: legacy/unknown: realized $-1,705.68 (19 closed, 21% wins), unrealized $-154.67 (2 open) | Books: legacy: realized $-1,705.68, unrealized $-154.67
Reports: daily realized $+0.00; worst symbols none | weekly realized $+0.00; worst symbols none
Shadow report: 13438 shadow candidate(s), 123 rejection group(s)
Timings: account: 0.0s | risk: 0.6s | decide: 6.3s | watchlist: 0.1s | perf: 0.2s

=== Run at 2026-09-03T19:53:45.492208 ===
Build fingerprint: 4f68550affe5
Current time: 2026-09-03 03:53 PM EDT | Market open (per Alpaca): True | Session: REGULAR
Account value: $99,264.09
Cash: $89,705.74 | Holdings (2): {'GEHC': '0.6136 sh (-5.65%)', 'MS': '43.8344 sh (-1.76%)'}
Sector exposure (cached): Financials 9.6%, Health Care 0.0%
Fill reconciliation: {'filled': 0, 'partial': 0, 'rejected': 1}
Open orders (1): MS sell 43.8344
Risk state: peak $99,703.60 | drawdown 0.44% | today +0.23% | halted: False
Market regime: NEUTRAL (position-size multiplier: 100% incl. circuit breaker 100%)
Overnight queue deferred 4 known-stale idea(s) for 30 minutes to preserve Gemini quota.
Morning verification: 2 overnight-queued trade(s) handed to Gemini for re-verification against fresh data.
News: fetched 157, 5 new after dedup, 0 ticker(s) matched.
Quant pre-screen: 33/60 candidates passed.
Gemini proposed 2 trade(s) meeting the conviction bar.
Gemini calls used today (all models combined): 293
  -> {"ticker": "HIG", "status": "skipped", "reason": "liquidity filter: HIG average volume 43,234 < 500,000", "shadow": false, "data_guard": true}
  -> {"ticker": "KDP", "status": "skipped", "reason": "market data unavailable for KDP (bid/ask spread missing)", "shadow": false, "data_guard": true}
Overnight queue kept 6 idea(s) whose market data was stale; they will be retried after fresh quotes arrive.
Dashboard watchlist synced (4 symbols) for news/headlines.
Ending portfolio value: $99,263.23
Trade journal: all: 19 trades, 21% win rate, avg -2.19% | breakout: 1 trades, 0% win rate, avg -8.61% | other: 13 trades, 23% win rate, avg -1.93% | technical: 5 trades, 20% win rate, avg -1.58%
Self-learning: breakout: 1 trades, 0% win rate, avg -8.61% (LOSING) | other: 13 trades, 23% win rate, avg -1.93% (LOSING) | technical: 5 trades, 20% win rate, avg -1.58% (LOSING)
Performance: Total return +0.40% | Max drawdown 0.94% | Daily Sharpe 1.97 | 19 closed trades | Win rate 21% | Avg winner +1.83% | Avg loser -3.26% | Open positions: 2 | Equity $99,264.09
Engine P&L: legacy/unknown: realized $-1,705.68 (19 closed, 21% wins), unrealized $-173.50 (2 open) | Books: legacy: realized $-1,705.68, unrealized $-173.50
Reports: daily realized $+0.00; worst symbols none | weekly realized $+0.00; worst symbols none
Shadow report: 13438 shadow candidate(s), 123 rejection group(s)
Timings: account: 0.0s | risk: 0.3s | decide: 4.6s | watchlist: 0.0s | perf: 0.2s
=== Run at 2026-09-03T19:50:49.051769 ===
Build fingerprint: 4f68550affe5
Current time: 2026-09-03 03:50 PM EDT | Market open (per Alpaca): True | Session: REGULAR
Account value: $99,267.63
Cash: $89,705.74 | Holdings (2): {'GEHC': '0.6136 sh (-5.58%)', 'MS': '43.8344 sh (-1.72%)'}
Sector exposure (cached): Financials 9.6%, Health Care 0.0%
Fill reconciliation: {'filled': 0, 'partial': 0, 'rejected': 1}
Open orders (1): MS sell 43.8344
Risk state: peak $99,703.60 | drawdown 0.44% | today +0.24% | halted: False
Market regime: NEUTRAL (position-size multiplier: 100% incl. circuit breaker 100%)
Overnight queue deferred 4 known-stale idea(s) for 30 minutes to preserve Gemini quota.
Morning verification: 2 overnight-queued trade(s) handed to Gemini for re-verification against fresh data.
News: fetched 156, 3 new after dedup, 0 ticker(s) matched.
Quant pre-screen: 33/60 candidates passed.
Gemini proposed 3 trade(s) meeting the conviction bar.
Gemini calls used today (all models combined): 292
  -> {"ticker": "HIG", "status": "skipped", "reason": "liquidity filter: HIG average volume 43,214 < 500,000", "shadow": false, "data_guard": true}
  -> {"ticker": "ICE", "status": "skipped", "reason": "liquidity filter: ICE average volume 156,789 < 500,000", "shadow": false, "data_guard": true}
  -> {"ticker": "KDP", "status": "skipped", "reason": "market data unavailable for KDP (bid/ask spread missing)", "shadow": false, "data_guard": true}
Overnight queue kept 6 idea(s) whose market data was stale; they will be retried after fresh quotes arrive.
Dashboard watchlist synced (5 symbols) for news/headlines.
Ending portfolio value: $99,267.85
Trade journal: all: 19 trades, 21% win rate, avg -2.19% | breakout: 1 trades, 0% win rate, avg -8.61% | other: 13 trades, 23% win rate, avg -1.93% | technical: 5 trades, 20% win rate, avg -1.58%
Self-learning: breakout: 1 trades, 0% win rate, avg -8.61% (LOSING) | other: 13 trades, 23% win rate, avg -1.93% (LOSING) | technical: 5 trades, 20% win rate, avg -1.58% (LOSING)
Performance: Total return +0.40% | Max drawdown 0.94% | Daily Sharpe 2.00 | 19 closed trades | Win rate 21% | Avg winner +1.83% | Avg loser -3.26% | Open positions: 2 | Equity $99,267.63
Engine P&L: legacy/unknown: realized $-1,705.68 (19 closed, 21% wins), unrealized $-168.88 (2 open) | Books: legacy: realized $-1,705.68, unrealized $-168.88
Reports: daily realized $+0.00; worst symbols none | weekly realized $+0.00; worst symbols none
Shadow report: 13441 shadow candidate(s), 120 rejection group(s)
Timings: account: 0.0s | risk: 0.8s | decide: 10.9s | watchlist: 0.1s | perf: 0.3s

=== Run at 2026-09-03T20:00:17.747463 ===
Build fingerprint: 4f68550affe5
Current time: 2026-09-03 04:00 PM EDT | Market open (per Alpaca): False | Session: CLOSED
Account value: $99,268.48
Cash: $89,705.74 | Holdings (2): {'GEHC': '0.6136 sh (-5.65%)', 'MS': '43.8344 sh (-1.71%)'}
Sector exposure (cached): Financials 9.6%, Health Care 0.0%
Fill reconciliation: {'filled': 0, 'partial': 0, 'rejected': 1}
Open orders (1): MS sell 43.8344
Risk state: peak $99,703.60 | drawdown 0.44% | today +0.24% | halted: False
Market regime: NEUTRAL (position-size multiplier: 100% incl. circuit breaker 100%)
News: fetched 156, 5 new after dedup, 3 ticker(s) matched.
Quant pre-screen: 16/17 candidates passed.
Gemini proposed 2 trade(s) meeting the conviction bar.
Gemini calls used today (all models combined): 294
Market closed (overnight): queued 7 trade idea(s) for next-morning verification -- nothing submitted yet.
  -> queued HPQ buy (conf 80, stop 31.0, tp 34.5)
  -> queued HOOD buy (conf 82, stop 113.22, tp 140.0)
  -> queued KDP buy (conf 82, stop 31.6, tp 35.93)
  -> queued MSCI buy (conf 79, stop 557.67, tp 595.0)
  -> queued MPC buy (conf 85, stop 365.0, tp 415.0)
  -> queued MA buy (conf 80.0, stop None, tp None)
  -> queued NUE buy (conf 82, stop 245.0, tp 285.0)
Dashboard watchlist synced (7 symbols) for news/headlines.
Ending portfolio value: $99,268.48
Trade journal: all: 19 trades, 21% win rate, avg -2.19% | breakout: 1 trades, 0% win rate, avg -8.61% | other: 13 trades, 23% win rate, avg -1.93% | technical: 5 trades, 20% win rate, avg -1.58%
Self-learning: breakout: 1 trades, 0% win rate, avg -8.61% (LOSING) | other: 13 trades, 23% win rate, avg -1.93% (LOSING) | technical: 5 trades, 20% win rate, avg -1.58% (LOSING)
Performance: Total return +0.40% | Max drawdown 0.94% | Daily Sharpe 2.00 | 19 closed trades | Win rate 21% | Avg winner +1.83% | Avg loser -3.26% | Open positions: 2 | Equity $99,268.48
Engine P&L: legacy/unknown: realized $-1,705.68 (19 closed, 21% wins), unrealized $-168.26 (2 open) | Books: legacy: realized $-1,705.68, unrealized $-168.26
Reports: daily realized $+0.00; worst symbols none | weekly realized $+0.00; worst symbols none
Shadow report: 13438 shadow candidate(s), 123 rejection group(s)
Timings: account: 0.0s | risk: 0.8s | decide: 15.0s | watchlist: 4.7s | perf: 0.2s
=== Run at 2026-09-03T19:56:39.673041 ===
Build fingerprint: 4f68550affe5
Current time: 2026-09-03 03:56 PM EDT | Market open (per Alpaca): True | Session: REGULAR
Account value: $99,264.09
Cash: $89,705.74 | Holdings (2): {'GEHC': '0.6136 sh (-5.65%)', 'MS': '43.8344 sh (-1.76%)'}
Sector exposure (cached): Financials 9.6%, Health Care 0.0%
Fill reconciliation: {'filled': 0, 'partial': 0, 'rejected': 1}
Open orders (1): MS sell 43.8344
Risk state: peak $99,703.60 | drawdown 0.44% | today +0.23% | halted: False
Market regime: NEUTRAL (position-size multiplier: 100% incl. circuit breaker 100%)
Overnight queue deferred 4 known-stale idea(s) for 30 minutes to preserve Gemini quota.
Morning verification: 2 overnight-queued trade(s) handed to Gemini for re-verification against fresh data.
News: fetched 156, 4 new after dedup, 0 ticker(s) matched.
Quant pre-screen: 33/60 candidates passed.
Technical fallback (Gemini throttled/unavailable) proposed 8 trade(s) meeting the conviction bar.
Gemini calls used today (all models combined): 292
  -> {"ticker": "HPQ", "status": "skipped", "reason": "market data unavailable for HPQ (bid/ask spread missing)", "shadow": false, "data_guard": true}
  -> {"ticker": "ICE", "status": "skipped", "reason": "liquidity filter: ICE average volume 157,663 < 500,000", "shadow": false, "data_guard": true}
  -> {"ticker": "IT", "status": "skipped", "reason": "liquidity filter: IT average volume 57,695 < 500,000", "shadow": false, "data_guard": true}
  -> {"ticker": "IVZ", "status": "skipped", "reason": "liquidity filter: IVZ average volume 241,998 < 500,000", "shadow": false, "data_guard": true}
  -> {"ticker": "JNJ", "status": "skipped", "reason": "liquidity filter: JNJ average volume 228,864 < 500,000", "shadow": false, "data_guard": true}
  -> {"ticker": "KDP", "status": "skipped", "reason": "market data unavailable for KDP (bid/ask spread missing)", "shadow": false, "data_guard": true}
  -> {"ticker": "KKR", "status": "skipped", "reason": "liquidity filter: KKR average volume 252,794 < 500,000", "shadow": false, "data_guard": true}
  -> {"ticker": "KO", "status": "skipped", "reason": "market data unavailable for KO (bid/ask spread missing)", "shadow": false, "data_guard": true}
Overnight queue KEPT for next run (Gemini did not verify this round -- technical fallback or decision failure); 2 idea(s) remain subject to the retry cap.
Run budget reserve reached -- skipping dashboard watchlist sync.
Run budget reserve reached -- skipping performance snapshot.
Trade journal: all: 19 trades, 21% win rate, avg -2.19% | breakout: 1 trades, 0% win rate, avg -8.61% | other: 13 trades, 23% win rate, avg -1.93% | technical: 5 trades, 20% win rate, avg -1.58%
Self-learning: breakout: 1 trades, 0% win rate, avg -8.61% (LOSING) | other: 13 trades, 23% win rate, avg -1.93% (LOSING) | technical: 5 trades, 20% win rate, avg -1.58% (LOSING)
Performance: Total return +0.40% | Max drawdown 0.94% | Daily Sharpe 2.00 | 19 closed trades | Win rate 21% | Avg winner +1.83% | Avg loser -3.26% | Open positions: 2 | Equity $99,264.09
Engine P&L: legacy/unknown: realized $-1,705.68 (19 closed, 21% wins), unrealized $-172.64 (2 open) | Books: legacy: realized $-1,705.68, unrealized $-172.64
Reports: daily realized $+0.00; worst symbols none | weekly realized $+0.00; worst symbols none
Shadow report: 13449 shadow candidate(s), 112 rejection group(s)
Timings: account: 0.0s | risk: 0.8s | decide: 26.2s | watchlist: 0.0s | perf: 0.1s

=== Run at 2026-09-03T20:05:24.404595 ===
Build fingerprint: 4f68550affe5
Current time: 2026-09-03 04:05 PM EDT | Market open (per Alpaca): False | Session: CLOSED
=== Run at 2026-09-03T20:03:00.859942 ===
Build fingerprint: 4f68550affe5
Current time: 2026-09-03 04:03 PM EDT | Market open (per Alpaca): False | Session: CLOSED
Account value: $99,267.16
Cash: $89,705.74 | Holdings (2): {'GEHC': '0.6136 sh (-5.65%)', 'MS': '43.8344 sh (-1.72%)'}
Sector exposure (cached): Financials 9.6%, Health Care 0.0%
Fill reconciliation: {'filled': 0, 'partial': 0, 'rejected': 1}
Open orders (1): MS sell 43.8344
Risk state: peak $99,703.60 | drawdown 0.44% | today +0.24% | halted: False
Market regime: NEUTRAL (position-size multiplier: 100% incl. circuit breaker 100%)
News: fetched 156, 5 new after dedup, 0 ticker(s) matched.
Quant pre-screen: 15/17 candidates passed.
Gemini proposed 3 trade(s) meeting the conviction bar.
Gemini calls used today (all models combined): 295
Market closed (overnight): queued 9 trade idea(s) for next-morning verification -- nothing submitted yet.
  -> queued HPQ buy (conf 80, stop 31.0, tp 34.5)
  -> queued HOOD buy (conf 82, stop 113.22, tp 140.0)
  -> queued KDP buy (conf 82, stop 31.6, tp 35.93)
  -> queued MSCI buy (conf 79, stop 557.67, tp 595.0)
  -> queued MPC buy (conf 85, stop 365.0, tp 415.0)
  -> queued MA buy (conf 80.0, stop None, tp None)
  -> queued NUE buy (conf 82, stop 245.0, tp 285.0)
  -> queued JNJ buy (conf 82, stop 269.0, tp 292.0)
  -> queued IVZ buy (conf 78, stop 31.2, tp 34.8)
Dashboard watchlist synced (5 symbols) for news/headlines.
News: fetched 156, 10 new after dedup, 3 ticker(s) matched.
Quant pre-screen: 16/17 candidates passed.
Gemini proposed 2 trade(s) meeting the conviction bar.
Gemini calls used today (all models combined): 293
Market closed (overnight): queued 7 trade idea(s) for next-morning verification -- nothing submitted yet.
  -> queued HPQ buy (conf 80, stop 31.0, tp 34.5)
  -> queued HOOD buy (conf 82, stop 113.22, tp 140.0)
  -> queued KDP buy (conf 89, stop 31.6, tp 35.93)
  -> queued MSCI buy (conf 79, stop 557.67, tp 595.0)
  -> queued MPC buy (conf 84, stop 365.0, tp 420.0)
  -> queued MA buy (conf 80.0, stop None, tp None)
  -> queued NVDA buy (conf 94, stop 215.0, tp 245.0)
Dashboard watchlist synced (7 symbols) for news/headlines.
Ending portfolio value: $99,267.16
Trade journal: all: 19 trades, 21% win rate, avg -2.19% | breakout: 1 trades, 0% win rate, avg -8.61% | other: 13 trades, 23% win rate, avg -1.93% | technical: 5 trades, 20% win rate, avg -1.58%
Self-learning: breakout: 1 trades, 0% win rate, avg -8.61% (LOSING) | other: 13 trades, 23% win rate, avg -1.93% (LOSING) | technical: 5 trades, 20% win rate, avg -1.58% (LOSING)
Performance: Total return +0.40% | Max drawdown 0.94% | Daily Sharpe 1.99 | 19 closed trades | Win rate 21% | Avg winner +1.83% | Avg loser -3.26% | Open positions: 2 | Equity $99,267.16
Engine P&L: legacy/unknown: realized $-1,705.68 (19 closed, 21% wins), unrealized $-169.57 (2 open) | Books: legacy: realized $-1,705.68, unrealized $-169.57
Reports: daily realized $+0.00; worst symbols none | weekly realized $+0.00; worst symbols none
Shadow report: 13449 shadow candidate(s), 112 rejection group(s)
Timings: account: 0.0s | risk: 0.5s | decide: 8.4s | watchlist: 0.0s | perf: 0.2s
Timings: account: 0.0s | risk: 0.3s | decide: 7.0s | watchlist: 0.1s | perf: 0.2s

=== Run at 2026-09-03T20:11:15.258500 ===
Build fingerprint: 4f68550affe5
Current time: 2026-09-03 04:11 PM EDT | Market open (per Alpaca): False | Session: CLOSED
=== Run at 2026-09-03T20:08:21.557328 ===
Build fingerprint: 4f68550affe5
Current time: 2026-09-03 04:08 PM EDT | Market open (per Alpaca): False | Session: CLOSED
Account value: $99,267.16
Cash: $89,705.74 | Holdings (2): {'GEHC': '0.6136 sh (-5.65%)', 'MS': '43.8344 sh (-1.72%)'}
Sector exposure (cached): Financials 9.6%, Health Care 0.0%
Fill reconciliation: {'filled': 0, 'partial': 0, 'rejected': 1}
Open orders (1): MS sell 43.8344
Risk state: peak $99,703.60 | drawdown 0.44% | today +0.24% | halted: False
Market regime: NEUTRAL (position-size multiplier: 100% incl. circuit breaker 100%)
News: fetched 156, 4 new after dedup, 0 ticker(s) matched.
Quant pre-screen: 21/29 candidates passed.
Gemini proposed 2 trade(s) meeting the conviction bar.
Gemini calls used today (all models combined): 296
Market closed (overnight): queued 9 trade idea(s) for next-morning verification -- nothing submitted yet.
  -> queued HPQ buy (conf 80, stop 31.0, tp 34.5)
  -> queued HOOD buy (conf 82, stop 113.22, tp 140.0)
  -> queued KDP buy (conf 82, stop 31.6, tp 35.93)
  -> queued MSCI buy (conf 79, stop 557.67, tp 595.0)
  -> queued MPC buy (conf 85, stop 365.0, tp 415.00000000000006)
  -> queued MA buy (conf 80.0, stop None, tp None)
  -> queued NUE buy (conf 82, stop 245.0, tp 285.0)
  -> queued JNJ buy (conf 82, stop 269.0, tp 292.0)
  -> queued IVZ buy (conf 78, stop 31.000000000000004, tp 35.0)
Dashboard watchlist synced (4 symbols) for news/headlines.
News: fetched 156, 5 new after dedup, 0 ticker(s) matched.
Quant pre-screen: 15/17 candidates passed.
Gemini proposed 0 trade(s) meeting the conviction bar.
Gemini calls used today (all models combined): 294
Market closed (overnight): no trade ideas queued this run.
Dashboard watchlist synced (2 symbols) for news/headlines.
Ending portfolio value: $99,267.16
Trade journal: all: 19 trades, 21% win rate, avg -2.19% | breakout: 1 trades, 0% win rate, avg -8.61% | other: 13 trades, 23% win rate, avg -1.93% | technical: 5 trades, 20% win rate, avg -1.58%
Self-learning: breakout: 1 trades, 0% win rate, avg -8.61% (LOSING) | other: 13 trades, 23% win rate, avg -1.93% (LOSING) | technical: 5 trades, 20% win rate, avg -1.58% (LOSING)
Performance: Total return +0.40% | Max drawdown 0.94% | Daily Sharpe 1.99 | 19 closed trades | Win rate 21% | Avg winner +1.83% | Avg loser -3.26% | Open positions: 2 | Equity $99,267.16
Engine P&L: legacy/unknown: realized $-1,705.68 (19 closed, 21% wins), unrealized $-169.57 (2 open) | Books: legacy: realized $-1,705.68, unrealized $-169.57
Reports: daily realized $+0.00; worst symbols none | weekly realized $+0.00; worst symbols none
Shadow report: 13449 shadow candidate(s), 112 rejection group(s)
Timings: account: 0.0s | risk: 0.6s | decide: 14.6s | watchlist: 0.1s | perf: 0.2s
Timings: account: 0.0s | risk: 0.3s | decide: 7.2s | watchlist: 0.1s | perf: 0.2s

=== Run at 2026-09-03T20:17:03.770542 ===
Build fingerprint: 4f68550affe5
Current time: 2026-09-03 04:17 PM EDT | Market open (per Alpaca): False | Session: CLOSED
=== Run at 2026-09-03T20:14:23.433757 ===
Build fingerprint: 4f68550affe5
Current time: 2026-09-03 04:14 PM EDT | Market open (per Alpaca): False | Session: CLOSED
Account value: $99,267.16
Cash: $89,705.74 | Holdings (2): {'GEHC': '0.6136 sh (-5.65%)', 'MS': '43.8344 sh (-1.72%)'}
Sector exposure (cached): Financials 9.6%, Health Care 0.0%
Fill reconciliation: {'filled': 0, 'partial': 0, 'rejected': 1}
Open orders (1): MS sell 43.8344
Risk state: peak $99,703.60 | drawdown 0.44% | today +0.24% | halted: False
Market regime: NEUTRAL (position-size multiplier: 100% incl. circuit breaker 100%)
News: fetched 156, 3 new after dedup, 0 ticker(s) matched.
Quant pre-screen: 26/41 candidates passed.
Gemini proposed 2 trade(s) meeting the conviction bar.
Gemini calls used today (all models combined): 297
Market closed (overnight): queued 9 trade idea(s) for next-morning verification -- nothing submitted yet.
  -> queued HPQ buy (conf 80, stop 31.0, tp 34.5)
  -> queued HOOD buy (conf 82, stop 113.22, tp 140.0)
  -> queued KDP buy (conf 80, stop 31.8, tp 34.6)
  -> queued MSCI buy (conf 79, stop 557.67, tp 595.0)
  -> queued MPC buy (conf 85, stop 365.0, tp 415.00000000000006)
  -> queued MA buy (conf 80.0, stop None, tp None)
  -> queued NUE buy (conf 82, stop 245.0, tp 285.0)
  -> queued JNJ buy (conf 85, stop 268.0, tp 292.00000000000006)
  -> queued IVZ buy (conf 78, stop 31.000000000000004, tp 35.0)
News: fetched 156, 1 new after dedup, 0 ticker(s) matched.
Quant pre-screen: 21/29 candidates passed.
Gemini proposed 2 trade(s) meeting the conviction bar.
Gemini calls used today (all models combined): 295
Market closed (overnight): queued 9 trade idea(s) for next-morning verification -- nothing submitted yet.
  -> queued HPQ buy (conf 80, stop 31.0, tp 34.5)
  -> queued HOOD buy (conf 82, stop 113.22, tp 140.0)
  -> queued KDP buy (conf 82, stop 31.6, tp 35.93)
  -> queued MSCI buy (conf 79, stop 557.67, tp 595.0)
  -> queued MPC buy (conf 85, stop 365.0, tp 415.0)
  -> queued MA buy (conf 80.0, stop None, tp None)
  -> queued NUE buy (conf 82, stop 245.0, tp 285.0)
  -> queued JNJ buy (conf 85, stop 263.88, tp 281.0)
  -> queued IVZ buy (conf 75, stop 31.64, tp 33.63)
Dashboard watchlist synced (4 symbols) for news/headlines.
Ending portfolio value: $99,267.16
Trade journal: all: 19 trades, 21% win rate, avg -2.19% | breakout: 1 trades, 0% win rate, avg -8.61% | other: 13 trades, 23% win rate, avg -1.93% | technical: 5 trades, 20% win rate, avg -1.58%
Self-learning: breakout: 1 trades, 0% win rate, avg -8.61% (LOSING) | other: 13 trades, 23% win rate, avg -1.93% (LOSING) | technical: 5 trades, 20% win rate, avg -1.58% (LOSING)
Performance: Total return +0.40% | Max drawdown 0.94% | Daily Sharpe 1.99 | 19 closed trades | Win rate 21% | Avg winner +1.83% | Avg loser -3.26% | Open positions: 2 | Equity $99,267.16
Engine P&L: legacy/unknown: realized $-1,705.68 (19 closed, 21% wins), unrealized $-169.57 (2 open) | Books: legacy: realized $-1,705.68, unrealized $-169.57
Reports: daily realized $+0.00; worst symbols none | weekly realized $+0.00; worst symbols none
Shadow report: 13449 shadow candidate(s), 112 rejection group(s)
Timings: account: 0.0s | risk: 0.3s | decide: 8.5s | watchlist: 0.0s | perf: 0.1s
Timings: account: 0.0s | risk: 0.5s | decide: 17.9s | watchlist: 0.1s | perf: 0.1s

=== Run at 2026-09-03T20:21:42.100476 ===
Build fingerprint: 4f68550affe5
Current time: 2026-09-03 04:21 PM EDT | Market open (per Alpaca): False | Session: CLOSED
=== Run at 2026-09-03T20:19:35.356298 ===
Build fingerprint: 4f68550affe5
Current time: 2026-09-03 04:19 PM EDT | Market open (per Alpaca): False | Session: CLOSED
Account value: $99,267.16
Cash: $89,705.74 | Holdings (2): {'GEHC': '0.6136 sh (-5.65%)', 'MS': '43.8344 sh (-1.72%)'}
Sector exposure (cached): Financials 9.6%, Health Care 0.0%
Fill reconciliation: {'filled': 0, 'partial': 0, 'rejected': 1}
Open orders (1): MS sell 43.8344
Risk state: peak $99,703.60 | drawdown 0.44% | today +0.24% | halted: False
Market regime: NEUTRAL (position-size multiplier: 100% incl. circuit breaker 100%)
News: fetched 156, 3 new after dedup, 0 ticker(s) matched.
Quant pre-screen: 34/53 candidates passed.
Gemini proposed 2 trade(s) meeting the conviction bar.
Gemini calls used today (all models combined): 298
Market closed (overnight): queued 9 trade idea(s) for next-morning verification -- nothing submitted yet.
  -> queued HPQ buy (conf 80, stop 31.0, tp 34.5)
  -> queued HOOD buy (conf 82, stop 113.22, tp 140.0)
  -> queued KDP buy (conf 80, stop 31.8, tp 34.6)
  -> queued MSCI buy (conf 79, stop 557.67, tp 595.0)
  -> queued MPC buy (conf 85, stop 365.0, tp 415.00000000000006)
  -> queued MA buy (conf 75, stop 565.0, tp 620.0000000000001)
  -> queued NUE buy (conf 82, stop 245.0, tp 285.0)
  -> queued JNJ buy (conf 85, stop 268.0, tp 292.00000000000006)
  -> queued IVZ buy (conf 78, stop 31.000000000000004, tp 35.0)
Dashboard watchlist synced (4 symbols) for news/headlines.
News: fetched 157, 3 new after dedup, 0 ticker(s) matched.
Quant pre-screen: 26/41 candidates passed.
Gemini proposed 3 trade(s) meeting the conviction bar.
Gemini calls used today (all models combined): 296
Market closed (overnight): queued 9 trade idea(s) for next-morning verification -- nothing submitted yet.
  -> queued HPQ buy (conf 80, stop 31.0, tp 34.5)
  -> queued HOOD buy (conf 82, stop 113.22, tp 140.0)
  -> queued KDP buy (conf 82, stop 31.6, tp 35.93)
  -> queued MSCI buy (conf 79, stop 557.67, tp 595.0)
  -> queued MPC buy (conf 85, stop 365.0, tp 415.0)
  -> queued MA buy (conf 78, stop 565.0, tp 620.0)
  -> queued NUE buy (conf 82, stop 245.0, tp 285.0)
  -> queued JNJ buy (conf 82, stop 268.0, tp 295.0)
  -> queued IVZ buy (conf 75, stop 31.64, tp 33.63)
Dashboard watchlist synced (5 symbols) for news/headlines.
Ending portfolio value: $99,267.16
Trade journal: all: 19 trades, 21% win rate, avg -2.19% | breakout: 1 trades, 0% win rate, avg -8.61% | other: 13 trades, 23% win rate, avg -1.93% | technical: 5 trades, 20% win rate, avg -1.58%
Self-learning: breakout: 1 trades, 0% win rate, avg -8.61% (LOSING) | other: 13 trades, 23% win rate, avg -1.93% (LOSING) | technical: 5 trades, 20% win rate, avg -1.58% (LOSING)
Performance: Total return +0.40% | Max drawdown 0.94% | Daily Sharpe 1.99 | 19 closed trades | Win rate 21% | Avg winner +1.83% | Avg loser -3.26% | Open positions: 2 | Equity $99,267.16
Engine P&L: legacy/unknown: realized $-1,705.68 (19 closed, 21% wins), unrealized $-169.57 (2 open) | Books: legacy: realized $-1,705.68, unrealized $-169.57
Reports: daily realized $+0.00; worst symbols none | weekly realized $+0.00; worst symbols none
Shadow report: 13449 shadow candidate(s), 112 rejection group(s)
Timings: account: 0.0s | risk: 0.8s | decide: 10.8s | watchlist: 0.1s | perf: 0.2s
Timings: account: 0.0s | risk: 1.1s | decide: 11.6s | watchlist: 0.2s | perf: 0.2s

=== Run at 2026-09-03T20:27:36.246250 ===
Build fingerprint: 4f68550affe5
Current time: 2026-09-03 04:27 PM EDT | Market open (per Alpaca): False | Session: CLOSED
=== Run at 2026-09-03T20:24:41.789794 ===
Build fingerprint: 4f68550affe5
Current time: 2026-09-03 04:24 PM EDT | Market open (per Alpaca): False | Session: CLOSED
Account value: $99,267.16
Cash: $89,705.74 | Holdings (2): {'GEHC': '0.6136 sh (-5.65%)', 'MS': '43.8344 sh (-1.72%)'}
Sector exposure (cached): Financials 9.6%, Health Care 0.0%
Fill reconciliation: {'filled': 0, 'partial': 0, 'rejected': 1}
Open orders (1): MS sell 43.8344
Risk state: peak $99,703.60 | drawdown 0.44% | today +0.24% | halted: False
Market regime: NEUTRAL (position-size multiplier: 100% incl. circuit breaker 100%)
News: fetched 156, 4 new after dedup, 0 ticker(s) matched.
Quant pre-screen: 41/64 candidates passed.
Gemini proposed 2 trade(s) meeting the conviction bar.
Gemini calls used today (all models combined): 299
Market closed (overnight): queued 11 trade idea(s) for next-morning verification -- nothing submitted yet.
  -> queued HPQ buy (conf 80, stop 31.0, tp 34.5)
  -> queued HOOD buy (conf 82, stop 113.22, tp 140.0)
  -> queued KDP buy (conf 80, stop 31.8, tp 34.6)
  -> queued MSCI buy (conf 79, stop 557.67, tp 595.0)
  -> queued MPC buy (conf 85, stop 365.0, tp 415.00000000000006)
  -> queued MA buy (conf 75, stop 565.0, tp 620.0000000000001)
  -> queued NUE buy (conf 82, stop 245.0, tp 285.0)
  -> queued JNJ buy (conf 85, stop 268.0, tp 292.00000000000006)
  -> queued IVZ buy (conf 78, stop 31.000000000000004, tp 35.0)
  -> queued MRNA buy (conf 88, stop 138.0, tp 165.0)
  -> queued MRK buy (conf 85, stop 147.0, tp 158.5)
News: fetched 156, 2 new after dedup, 0 ticker(s) matched.
Quant pre-screen: 34/53 candidates passed.
Gemini proposed 2 trade(s) meeting the conviction bar.
Gemini calls used today (all models combined): 297
Market closed (overnight): queued 10 trade idea(s) for next-morning verification -- nothing submitted yet.
  -> queued HPQ buy (conf 80, stop 31.0, tp 34.5)
  -> queued HOOD buy (conf 82, stop 113.22, tp 140.0)
  -> queued KDP buy (conf 82, stop 31.6, tp 35.93)
  -> queued MSCI buy (conf 79, stop 557.67, tp 595.0)
  -> queued MPC buy (conf 84, stop 370.0, tp 405.0)
  -> queued MA buy (conf 78, stop 565.0, tp 620.0)
  -> queued NUE buy (conf 82, stop 245.0, tp 285.0)
  -> queued JNJ buy (conf 82, stop 268.0, tp 295.0)
  -> queued IVZ buy (conf 75, stop 31.64, tp 33.63)
  -> queued LULU buy (conf 96, stop 114.91, tp 128.5)
Dashboard watchlist synced (4 symbols) for news/headlines.
Ending portfolio value: $99,267.16
Trade journal: all: 19 trades, 21% win rate, avg -2.19% | breakout: 1 trades, 0% win rate, avg -8.61% | other: 13 trades, 23% win rate, avg -1.93% | technical: 5 trades, 20% win rate, avg -1.58%
Self-learning: breakout: 1 trades, 0% win rate, avg -8.61% (LOSING) | other: 13 trades, 23% win rate, avg -1.93% (LOSING) | technical: 5 trades, 20% win rate, avg -1.58% (LOSING)
Performance: Total return +0.40% | Max drawdown 0.94% | Daily Sharpe 1.99 | 19 closed trades | Win rate 21% | Avg winner +1.83% | Avg loser -3.26% | Open positions: 2 | Equity $99,267.16
Engine P&L: legacy/unknown: realized $-1,705.68 (19 closed, 21% wins), unrealized $-169.57 (2 open) | Books: legacy: realized $-1,705.68, unrealized $-169.57
Reports: daily realized $+0.00; worst symbols none | weekly realized $+0.00; worst symbols none
Shadow report: 13449 shadow candidate(s), 112 rejection group(s)
Timings: account: 0.0s | risk: 0.7s | decide: 13.3s | watchlist: 0.1s | perf: 0.2s
Timings: account: 0.0s | risk: 0.5s | decide: 7.0s | watchlist: 0.1s | perf: 0.2s

=== Run at 2026-09-03T20:33:24.035944 ===
Build fingerprint: 4f68550affe5
Current time: 2026-09-03 04:33 PM EDT | Market open (per Alpaca): False | Session: CLOSED
=== Run at 2026-09-03T20:30:50.174484 ===
Build fingerprint: 4f68550affe5
Current time: 2026-09-03 04:30 PM EDT | Market open (per Alpaca): False | Session: CLOSED
Account value: $99,267.16
Cash: $89,705.74 | Holdings (2): {'GEHC': '0.6136 sh (-5.65%)', 'MS': '43.8344 sh (-1.72%)'}
Sector exposure (cached): Financials 9.6%, Health Care 0.0%
Fill reconciliation: {'filled': 0, 'partial': 0, 'rejected': 1}
Open orders (1): MS sell 43.8344
Risk state: peak $99,703.60 | drawdown 0.44% | today +0.24% | halted: False
Market regime: NEUTRAL (position-size multiplier: 100% incl. circuit breaker 100%)
News: fetched 157, 6 new after dedup, 3 ticker(s) matched.
Quant pre-screen: 24/29 candidates passed.
Gemini proposed 1 trade(s) meeting the conviction bar.
Gemini calls used today (all models combined): 300
Market closed (overnight): queued 12 trade idea(s) for next-morning verification -- nothing submitted yet.
  -> queued HPQ buy (conf 80, stop 31.0, tp 34.5)
  -> queued HOOD buy (conf 82, stop 113.22, tp 140.0)
  -> queued KDP buy (conf 80, stop 31.8, tp 34.6)
  -> queued MSCI buy (conf 79, stop 557.67, tp 595.0)
  -> queued MPC buy (conf 85, stop 365.0, tp 415.00000000000006)
  -> queued MA buy (conf 75, stop 565.0, tp 620.0000000000001)
  -> queued NUE buy (conf 82, stop 245.0, tp 285.0)
  -> queued JNJ buy (conf 85, stop 268.0, tp 292.00000000000006)
  -> queued IVZ buy (conf 78, stop 31.000000000000004, tp 35.0)
  -> queued MRNA buy (conf 88, stop 138.0, tp 165.0)
  -> queued MRK buy (conf 85, stop 147.0, tp 158.5)
  -> queued NVDA buy (conf 94, stop 215.0, tp 245.0)
Dashboard watchlist synced (6 symbols) for news/headlines.
News: fetched 156, 6 new after dedup, 3 ticker(s) matched.
Quant pre-screen: 24/29 candidates passed.
Gemini proposed 2 trade(s) meeting the conviction bar.
Gemini calls used today (all models combined): 298
Market closed (overnight): queued 12 trade idea(s) for next-morning verification -- nothing submitted yet.
  -> queued HPQ buy (conf 80, stop 31.0, tp 34.5)
  -> queued HOOD buy (conf 82, stop 113.22, tp 140.0)
  -> queued KDP buy (conf 82, stop 31.6, tp 35.93)
  -> queued MSCI buy (conf 79, stop 557.67, tp 595.0)
  -> queued MPC buy (conf 84, stop 370.0, tp 405.0)
  -> queued MA buy (conf 78, stop 565.0, tp 620.0)
  -> queued NUE buy (conf 82, stop 245.0, tp 285.0)
  -> queued JNJ buy (conf 82, stop 268.0, tp 295.0)
  -> queued IVZ buy (conf 75, stop 31.64, tp 33.63)
  -> queued LULU buy (conf 96, stop 114.91, tp 128.5)
  -> queued NVDA buy (conf 91, stop 218.5, tp 245.0)
  -> queued PAYX buy (conf 88, stop 121.5, tp 132.0)
Dashboard watchlist synced (7 symbols) for news/headlines.
Ending portfolio value: $99,267.16
Trade journal: all: 19 trades, 21% win rate, avg -2.19% | breakout: 1 trades, 0% win rate, avg -8.61% | other: 13 trades, 23% win rate, avg -1.93% | technical: 5 trades, 20% win rate, avg -1.58%
Self-learning: breakout: 1 trades, 0% win rate, avg -8.61% (LOSING) | other: 13 trades, 23% win rate, avg -1.93% (LOSING) | technical: 5 trades, 20% win rate, avg -1.58% (LOSING)
Performance: Total return +0.40% | Max drawdown 0.94% | Daily Sharpe 1.99 | 19 closed trades | Win rate 21% | Avg winner +1.83% | Avg loser -3.26% | Open positions: 2 | Equity $99,267.16
Engine P&L: legacy/unknown: realized $-1,705.68 (19 closed, 21% wins), unrealized $-169.57 (2 open) | Books: legacy: realized $-1,705.68, unrealized $-169.57
Reports: daily realized $+0.00; worst symbols none | weekly realized $+0.00; worst symbols none
Shadow report: 13449 shadow candidate(s), 112 rejection group(s)
Timings: account: 0.0s | risk: 0.8s | decide: 17.9s | watchlist: 0.1s | perf: 0.2s
Timings: account: 0.0s | risk: 0.6s | decide: 15.3s | watchlist: 0.1s | perf: 0.1s

=== Run at 2026-09-03T20:39:54.682788 ===
Build fingerprint: 4f68550affe5
Current time: 2026-09-03 04:39 PM EDT | Market open (per Alpaca): False | Session: CLOSED
=== Run at 2026-09-03T20:36:35.170054 ===
Build fingerprint: 4f68550affe5
Current time: 2026-09-03 04:36 PM EDT | Market open (per Alpaca): False | Session: CLOSED
Account value: $99,267.16
Cash: $89,705.74 | Holdings (2): {'GEHC': '0.6136 sh (-5.65%)', 'MS': '43.8344 sh (-1.72%)'}
Sector exposure (cached): Financials 9.6%, Health Care 0.0%
Fill reconciliation: {'filled': 0, 'partial': 0, 'rejected': 1}
Open orders (1): MS sell 43.8344
Risk state: peak $99,703.60 | drawdown 0.44% | today +0.24% | halted: False
Market regime: NEUTRAL (position-size multiplier: 100% incl. circuit breaker 100%)
News: fetched 157, 4 new after dedup, 0 ticker(s) matched.
Quant pre-screen: 41/64 candidates passed.
Gemini proposed 3 trade(s) meeting the conviction bar.
Gemini calls used today (all models combined): 301
Market closed (overnight): queued 12 trade idea(s) for next-morning verification -- nothing submitted yet.
  -> queued NVDA buy (conf 94, stop 215.0, tp 245.0)
  -> queued MPC buy (conf 85, stop 365.0, tp 415.00000000000006)
  -> queued JNJ buy (conf 85, stop 268.0, tp 292.00000000000006)
  -> queued MRNA buy (conf 85, stop 138.0, tp 165.0)
  -> queued HOOD buy (conf 82, stop 113.22, tp 140.0)
  -> queued NUE buy (conf 82, stop 245.0, tp 285.0)
  -> queued MRK buy (conf 82, stop 146.0, tp 158.5)
  -> queued HPQ buy (conf 80, stop 31.0, tp 34.5)
  -> queued KDP buy (conf 80, stop 31.8, tp 34.6)
  -> queued MOS buy (conf 80, stop 24.2, tp 27.5)
  -> queued MSCI buy (conf 79, stop 557.67, tp 595.0)
  -> queued IVZ buy (conf 78, stop 31.000000000000004, tp 35.0)
News: fetched 156, 6 new after dedup, 0 ticker(s) matched.
Quant pre-screen: 41/64 candidates passed.
Gemini proposed 3 trade(s) meeting the conviction bar.
Gemini calls used today (all models combined): 299
Market closed (overnight): queued 12 trade idea(s) for next-morning verification -- nothing submitted yet.
  -> queued LULU buy (conf 96, stop 114.91, tp 128.5)
  -> queued NVDA buy (conf 91, stop 218.5, tp 245.0)
  -> queued PAYX buy (conf 88, stop 121.5, tp 132.0)
  -> queued MPC buy (conf 85, stop 365.0, tp 415.00000000000006)
  -> queued HOOD buy (conf 82, stop 113.22, tp 140.0)
  -> queued KDP buy (conf 82, stop 31.6, tp 35.93)
  -> queued NUE buy (conf 82, stop 245.0, tp 285.0)
  -> queued MRK buy (conf 82, stop 145.0, tp 162.00000000000003)
  -> queued HPQ buy (conf 80, stop 31.0, tp 34.5)
  -> queued JNJ buy (conf 80, stop 268.0, tp 290.0)
  -> queued MSCI buy (conf 79, stop 557.67, tp 595.0)
  -> queued MA buy (conf 78, stop 565.0, tp 620.0)
Dashboard watchlist synced (5 symbols) for news/headlines.
Ending portfolio value: $99,267.16
Trade journal: all: 19 trades, 21% win rate, avg -2.19% | breakout: 1 trades, 0% win rate, avg -8.61% | other: 13 trades, 23% win rate, avg -1.93% | technical: 5 trades, 20% win rate, avg -1.58%
Self-learning: breakout: 1 trades, 0% win rate, avg -8.61% (LOSING) | other: 13 trades, 23% win rate, avg -1.93% (LOSING) | technical: 5 trades, 20% win rate, avg -1.58% (LOSING)
Performance: Total return +0.40% | Max drawdown 0.94% | Daily Sharpe 1.99 | 19 closed trades | Win rate 21% | Avg winner +1.83% | Avg loser -3.26% | Open positions: 2 | Equity $99,267.16
Engine P&L: legacy/unknown: realized $-1,705.68 (19 closed, 21% wins), unrealized $-169.57 (2 open) | Books: legacy: realized $-1,705.68, unrealized $-169.57
Reports: daily realized $+0.00; worst symbols none | weekly realized $+0.00; worst symbols none
Shadow report: 13449 shadow candidate(s), 112 rejection group(s)
Timings: account: 0.0s | risk: 0.9s | decide: 9.3s | watchlist: 0.1s | perf: 0.2s
Timings: account: 0.0s | risk: 0.5s | decide: 9.0s | watchlist: 0.1s | perf: 0.2s

=== Run at 2026-09-03T20:45:54.527892 ===
Build fingerprint: 4f68550affe5
Current time: 2026-09-03 04:45 PM EDT | Market open (per Alpaca): False | Session: CLOSED
=== Run at 2026-09-03T20:42:35.209878 ===
Build fingerprint: 4f68550affe5
Current time: 2026-09-03 04:42 PM EDT | Market open (per Alpaca): False | Session: CLOSED
Account value: $99,267.16
Cash: $89,705.74 | Holdings (2): {'GEHC': '0.6136 sh (-5.65%)', 'MS': '43.8344 sh (-1.72%)'}
Sector exposure (cached): Financials 9.6%, Health Care 0.0%
Fill reconciliation: {'filled': 0, 'partial': 0, 'rejected': 1}
Open orders (1): MS sell 43.8344
Risk state: peak $99,703.60 | drawdown 0.44% | today +0.24% | halted: False
Market regime: NEUTRAL (position-size multiplier: 100% incl. circuit breaker 100%)
News: fetched 156, 3 new after dedup, 0 ticker(s) matched.
Quant pre-screen: 41/64 candidates passed.
Technical fallback (Gemini throttled/unavailable) proposed 8 trade(s) meeting the conviction bar.
Technical fallback cap omitted 7 weaker idea(s) this run.
Gemini calls used today (all models combined): 301
Market closed (overnight): queued 12 trade idea(s) for next-morning verification -- nothing submitted yet.
  -> queued NVDA buy (conf 94, stop 215.0, tp 245.0)
  -> queued HOOD buy (conf 82, stop 113.22, tp 140.0)
  -> queued NUE buy (conf 82, stop 245.0, tp 285.0)
  -> queued HPQ buy (conf 80, stop 31.0, tp 34.5)
  -> queued MSCI buy (conf 79, stop 557.67, tp 595.0)
  -> queued IVZ buy (conf 78, stop 31.000000000000004, tp 35.0)
  -> queued JNJ buy (conf None, stop 263.885, tp 281.0)
  -> queued LULU buy (conf None, stop 114.91, tp 124.35)
  -> queued MPC buy (conf None, stop 348.06, tp 398.005)
  -> queued MRNA buy (conf None, stop 130.05, tp 161.29)
  -> queued MRK buy (conf None, stop 145.925, tp 156.9)
  -> queued KDP buy (conf None, stop 31.6, tp 33.16)
Run budget reserve reached -- skipping dashboard watchlist sync.
Run budget reserve reached -- skipping performance snapshot.
Gemini proposed 3 trade(s) meeting the conviction bar.
Gemini calls used today (all models combined): 300
Market closed (overnight): queued 12 trade idea(s) for next-morning verification -- nothing submitted yet.
  -> queued LULU buy (conf 96, stop 114.91, tp 128.5)
  -> queued NVDA buy (conf 91, stop 218.5, tp 245.0)
  -> queued PAYX buy (conf 88, stop 121.5, tp 132.0)
  -> queued MPC buy (conf 85, stop 365.0, tp 415.0)
  -> queued HOOD buy (conf 82, stop 113.22, tp 140.0)
  -> queued KDP buy (conf 82, stop 31.6, tp 35.93)
  -> queued NUE buy (conf 82, stop 245.0, tp 285.0)
  -> queued MRK buy (conf 82, stop 144.0, tp 162.0)
  -> queued HPQ buy (conf 80, stop 31.0, tp 34.5)
  -> queued JNJ buy (conf 80, stop 268.0, tp 290.0)
  -> queued MRNA buy (conf 80, stop 135.0, tp 165.0)
  -> queued MSCI buy (conf 79, stop 557.67, tp 595.0)
Dashboard watchlist synced (5 symbols) for news/headlines.
Ending portfolio value: $99,267.16
Trade journal: all: 19 trades, 21% win rate, avg -2.19% | breakout: 1 trades, 0% win rate, avg -8.61% | other: 13 trades, 23% win rate, avg -1.93% | technical: 5 trades, 20% win rate, avg -1.58%
Self-learning: breakout: 1 trades, 0% win rate, avg -8.61% (LOSING) | other: 13 trades, 23% win rate, avg -1.93% (LOSING) | technical: 5 trades, 20% win rate, avg -1.58% (LOSING)
Performance: Total return +0.40% | Max drawdown 0.94% | Daily Sharpe 1.99 | 19 closed trades | Win rate 21% | Avg winner +1.83% | Avg loser -3.26% | Open positions: 2 | Equity $99,267.16
Engine P&L: legacy/unknown: realized $-1,705.68 (19 closed, 21% wins), unrealized $-169.57 (2 open) | Books: legacy: realized $-1,705.68, unrealized $-169.57
Reports: daily realized $+0.00; worst symbols none | weekly realized $+0.00; worst symbols none
Shadow report: 13449 shadow candidate(s), 112 rejection group(s)
Timings: account: 0.0s | risk: 0.6s | decide: 24.3s | watchlist: 0.0s | perf: 0.1s
Timings: account: 0.0s | risk: 0.3s | decide: 5.1s | watchlist: 0.1s | perf: 0.2s

=== Run at 2026-09-03T20:52:47.378452 ===
Build fingerprint: 4f68550affe5
Current time: 2026-09-03 04:52 PM EDT | Market open (per Alpaca): False | Session: CLOSED
=== Run at 2026-09-03T20:49:11.970954 ===
Build fingerprint: 4f68550affe5
Current time: 2026-09-03 04:49 PM EDT | Market open (per Alpaca): False | Session: CLOSED
Account value: $99,267.16
Cash: $89,705.74 | Holdings (2): {'GEHC': '0.6136 sh (-5.65%)', 'MS': '43.8344 sh (-1.72%)'}
Sector exposure (cached): Financials 9.6%, Health Care 0.0%
Fill reconciliation: {'filled': 0, 'partial': 0, 'rejected': 1}
Open orders (1): MS sell 43.8344
Risk state: peak $99,703.60 | drawdown 0.44% | today +0.24% | halted: False
Market regime: NEUTRAL (position-size multiplier: 100% incl. circuit breaker 100%)
News: fetched 156, 8 new after dedup, 2 ticker(s) matched.
Quant pre-screen: 15/18 candidates passed.
Gemini proposed 2 trade(s) meeting the conviction bar.
Gemini calls used today (all models combined): 302
Market closed (overnight): queued 12 trade idea(s) for next-morning verification -- nothing submitted yet.
  -> queued NVDA buy (conf 94, stop 215.0, tp 245.0)
  -> queued MPC buy (conf 85, stop 367.0, tp None)
  -> queued HOOD buy (conf 82, stop 113.22, tp 140.0)
  -> queued NUE buy (conf 82, stop 245.0, tp 285.0)
  -> queued HPQ buy (conf 80, stop 31.0, tp 34.5)
  -> queued RJF buy (conf 80, stop 173.0, tp 192.0)
  -> queued MSCI buy (conf 79, stop 557.67, tp 595.0)
  -> queued IVZ buy (conf 78, stop 31.000000000000004, tp 35.0)
  -> queued JNJ buy (conf None, stop 263.885, tp 281.0)
  -> queued LULU buy (conf None, stop 114.91, tp 124.35)
  -> queued MRNA buy (conf None, stop 130.05, tp 161.29)
  -> queued MRK buy (conf None, stop 145.925, tp 156.9)
Dashboard watchlist synced (5 symbols) for news/headlines.
Ending portfolio value: $99,267.16
News: fetched 157, 8 new after dedup, 2 ticker(s) matched.
Quant pre-screen: 15/18 candidates passed.
Technical fallback (Gemini throttled/unavailable) proposed 4 trade(s) meeting the conviction bar.
Gemini calls used today (all models combined): 300
Market closed (overnight): queued 12 trade idea(s) for next-morning verification -- nothing submitted yet.
  -> queued LULU buy (conf 96, stop 114.91, tp 128.5)
  -> queued NVDA buy (conf 91, stop 218.5, tp 245.0)
  -> queued PAYX buy (conf 88, stop 121.5, tp 132.0)
  -> queued HOOD buy (conf 82, stop 113.22, tp 140.0)
  -> queued KDP buy (conf 82, stop 31.6, tp 35.93)
  -> queued NUE buy (conf 82, stop 245.0, tp 285.0)
  -> queued MRK buy (conf 82, stop 144.0, tp 162.0)
  -> queued HPQ buy (conf 80, stop 31.0, tp 34.5)
  -> queued JNJ buy (conf 80, stop 268.0, tp 290.0)
  -> queued MRNA buy (conf 80, stop 135.0, tp 165.0)
  -> queued MSCI buy (conf 79, stop 557.67, tp 595.0)
  -> queued MPC buy (conf None, stop 348.06, tp 398.005)
Run budget reserve reached -- skipping dashboard watchlist sync.
Run budget reserve reached -- skipping performance snapshot.
Trade journal: all: 19 trades, 21% win rate, avg -2.19% | breakout: 1 trades, 0% win rate, avg -8.61% | other: 13 trades, 23% win rate, avg -1.93% | technical: 5 trades, 20% win rate, avg -1.58%
Self-learning: breakout: 1 trades, 0% win rate, avg -8.61% (LOSING) | other: 13 trades, 23% win rate, avg -1.93% (LOSING) | technical: 5 trades, 20% win rate, avg -1.58% (LOSING)
Performance: Total return +0.40% | Max drawdown 0.94% | Daily Sharpe 1.99 | 19 closed trades | Win rate 21% | Avg winner +1.83% | Avg loser -3.26% | Open positions: 2 | Equity $99,267.16
Engine P&L: legacy/unknown: realized $-1,705.68 (19 closed, 21% wins), unrealized $-169.57 (2 open) | Books: legacy: realized $-1,705.68, unrealized $-169.57
Reports: daily realized $+0.00; worst symbols none | weekly realized $+0.00; worst symbols none
Shadow report: 13449 shadow candidate(s), 112 rejection group(s)
Timings: account: 0.0s | risk: 0.5s | decide: 7.1s | watchlist: 0.1s | perf: 0.2s
Timings: account: 0.0s | risk: 0.9s | decide: 23.7s | watchlist: 0.0s | perf: 0.1s

=== Run at 2026-09-03T20:58:56.125994 ===
Build fingerprint: 4f68550affe5
Current time: 2026-09-03 04:58 PM EDT | Market open (per Alpaca): False | Session: CLOSED
=== Run at 2026-09-03T20:55:44.452048 ===
Build fingerprint: 4f68550affe5
Current time: 2026-09-03 04:55 PM EDT | Market open (per Alpaca): False | Session: CLOSED
Account value: $99,294.78
Cash: $89,705.74 | Holdings (2): {'GEHC': '0.6136 sh (-5.65%)', 'MS': '43.8344 sh (-1.44%)'}
Sector exposure (cached): Financials 9.6%, Health Care 0.0%
Fill reconciliation: {'filled': 0, 'partial': 0, 'rejected': 1}
Open orders (1): MS sell 43.8344
Risk state: peak $99,703.60 | drawdown 0.41% | today +0.26% | halted: False
Market regime: NEUTRAL (position-size multiplier: 100% incl. circuit breaker 100%)
News: fetched 157, 3 new after dedup, 0 ticker(s) matched.
Quant pre-screen: 41/64 candidates passed.
Gemini proposed 2 trade(s) meeting the conviction bar.
Gemini calls used today (all models combined): 303
Market closed (overnight): queued 12 trade idea(s) for next-morning verification -- nothing submitted yet.
  -> queued NVDA buy (conf 94, stop 215.0, tp 245.0)
  -> queued MPC buy (conf 85, stop 367.0, tp None)
  -> queued HOOD buy (conf 82, stop 113.22, tp 140.0)
  -> queued NUE buy (conf 82, stop 245.0, tp 285.0)
  -> queued HPQ buy (conf 80, stop 31.0, tp 34.5)
  -> queued RJF buy (conf 80, stop 173.0, tp 192.0)
  -> queued MSCI buy (conf 79, stop 557.67, tp 595.0)
  -> queued IVZ buy (conf 78, stop 31.000000000000004, tp 35.0)
  -> queued JNJ buy (conf None, stop 263.885, tp 281.0)
  -> queued LULU buy (conf None, stop 114.91, tp 124.35)
  -> queued MRNA buy (conf 85, stop 135.0, tp 170.0)
  -> queued MRK buy (conf 82, stop 145.0, tp 162.0)
Dashboard watchlist synced (4 symbols) for news/headlines.
News: fetched 156, 5 new after dedup, 0 ticker(s) matched.
Quant pre-screen: 41/64 candidates passed.
Technical fallback (Gemini throttled/unavailable) proposed 8 trade(s) meeting the conviction bar.
Technical fallback cap omitted 7 weaker idea(s) this run.
Gemini calls used today (all models combined): 300
Market closed (overnight): queued 12 trade idea(s) for next-morning verification -- nothing submitted yet.
  -> queued NVDA buy (conf 91, stop 218.5, tp 245.0)
  -> queued PAYX buy (conf 88, stop 121.5, tp 132.0)
  -> queued HOOD buy (conf 82, stop 113.22, tp 140.0)
  -> queued NUE buy (conf 82, stop 245.0, tp 285.0)
  -> queued HPQ buy (conf 80, stop 31.0, tp 34.5)
  -> queued MSCI buy (conf 79, stop 557.67, tp 595.0)
  -> queued LULU buy (conf None, stop 114.91, tp 124.35)
  -> queued JNJ buy (conf None, stop 263.885, tp 281.0)
  -> queued KDP buy (conf None, stop 31.6, tp 33.16)
  -> queued MRK buy (conf None, stop 145.925, tp 156.9)
  -> queued MRNA buy (conf None, stop 130.05, tp 161.29)
  -> queued MPC buy (conf None, stop 348.06, tp 398.005)
Dashboard watchlist synced (10 symbols) for news/headlines.
Ending portfolio value: $99,294.78
Trade journal: all: 19 trades, 21% win rate, avg -2.19% | breakout: 1 trades, 0% win rate, avg -8.61% | other: 13 trades, 23% win rate, avg -1.93% | technical: 5 trades, 20% win rate, avg -1.58%
Self-learning: breakout: 1 trades, 0% win rate, avg -8.61% (LOSING) | other: 13 trades, 23% win rate, avg -1.93% (LOSING) | technical: 5 trades, 20% win rate, avg -1.58% (LOSING)
Performance: Total return +0.43% | Max drawdown 0.94% | Daily Sharpe 2.12 | 19 closed trades | Win rate 21% | Avg winner +1.83% | Avg loser -3.26% | Open positions: 2 | Equity $99,294.78
Engine P&L: legacy/unknown: realized $-1,705.68 (19 closed, 21% wins), unrealized $-141.96 (2 open) | Books: legacy: realized $-1,705.68, unrealized $-141.96
Reports: daily realized $+0.00; worst symbols none | weekly realized $+0.00; worst symbols none
Shadow report: 13449 shadow candidate(s), 112 rejection group(s)
Timings: account: 0.0s | risk: 0.8s | decide: 8.7s | watchlist: 0.1s | perf: 0.2s
Timings: account: 0.0s | risk: 0.6s | decide: 24.1s | watchlist: 0.1s | perf: 0.2s

=== Run at 2026-09-03T21:04:58.281799 ===
Build fingerprint: 4f68550affe5
Current time: 2026-09-03 05:04 PM EDT | Market open (per Alpaca): False | Session: CLOSED
=== Run at 2026-09-03T21:01:54.076488 ===
Build fingerprint: 4f68550affe5
Current time: 2026-09-03 05:01 PM EDT | Market open (per Alpaca): False | Session: CLOSED
Account value: $99,294.78
Cash: $89,705.74 | Holdings (2): {'GEHC': '0.6136 sh (-5.65%)', 'MS': '43.8344 sh (-1.44%)'}
Sector exposure (cached): Financials 9.6%, Health Care 0.0%
Fill reconciliation: {'filled': 0, 'partial': 0, 'rejected': 1}
Open orders (1): MS sell 43.8344
Risk state: peak $99,703.60 | drawdown 0.41% | today +0.26% | halted: False
Market regime: NEUTRAL (position-size multiplier: 100% incl. circuit breaker 100%)
News: fetched 156, 5 new after dedup, 0 ticker(s) matched.
Quant pre-screen: 14/16 candidates passed.
Gemini proposed 2 trade(s) meeting the conviction bar.
Gemini calls used today (all models combined): 304
Market closed (overnight): queued 12 trade idea(s) for next-morning verification -- nothing submitted yet.
  -> queued NVDA buy (conf 94, stop 215.0, tp 245.0)
  -> queued MPC buy (conf 85, stop 367.0, tp None)
  -> queued HOOD buy (conf 82, stop 113.22, tp 140.0)
  -> queued NUE buy (conf 82, stop 245.0, tp 285.0)
  -> queued HPQ buy (conf 80, stop 31.0, tp 34.5)
  -> queued RJF buy (conf 80, stop 173.0, tp 192.0)
  -> queued MSCI buy (conf 79, stop 557.67, tp 595.0)
  -> queued IVZ buy (conf 78, stop 31.5, tp 34.5)
  -> queued JNJ buy (conf 85, stop 268.0, tp 290.0)
  -> queued LULU buy (conf None, stop 114.91, tp 124.35)
  -> queued MRNA buy (conf 85, stop 135.0, tp 170.0)
  -> queued MRK buy (conf 82, stop 145.0, tp 162.0)
Dashboard watchlist synced (4 symbols) for news/headlines.
News: fetched 156, 3 new after dedup, 0 ticker(s) matched.
Quant pre-screen: 14/16 candidates passed.
Gemini proposed 1 trade(s) meeting the conviction bar.
Gemini calls used today (all models combined): 301
Market closed (overnight): queued 12 trade idea(s) for next-morning verification -- nothing submitted yet.
  -> queued NVDA buy (conf 91, stop 218.5, tp 245.0)
  -> queued PAYX buy (conf 88, stop 121.5, tp 132.0)
  -> queued HOOD buy (conf 82, stop 113.22, tp 140.0)
  -> queued NUE buy (conf 82, stop 245.0, tp 285.0)
  -> queued HPQ buy (conf 80, stop 31.0, tp 34.5)
  -> queued MSCI buy (conf 79, stop 557.67, tp 595.0)
  -> queued IVZ buy (conf 78, stop 31.64, tp 33.63)
  -> queued LULU buy (conf None, stop 114.91, tp 124.35)
  -> queued JNJ buy (conf None, stop 263.885, tp 281.0)
  -> queued KDP buy (conf None, stop 31.6, tp 33.16)
  -> queued MRK buy (conf None, stop 145.925, tp 156.9)
  -> queued MRNA buy (conf None, stop 130.05, tp 161.29)
Dashboard watchlist synced (3 symbols) for news/headlines.
Ending portfolio value: $99,294.78
Trade journal: all: 19 trades, 21% win rate, avg -2.19% | breakout: 1 trades, 0% win rate, avg -8.61% | other: 13 trades, 23% win rate, avg -1.93% | technical: 5 trades, 20% win rate, avg -1.58%
Self-learning: breakout: 1 trades, 0% win rate, avg -8.61% (LOSING) | other: 13 trades, 23% win rate, avg -1.93% (LOSING) | technical: 5 trades, 20% win rate, avg -1.58% (LOSING)
Performance: Total return +0.43% | Max drawdown 0.94% | Daily Sharpe 2.12 | 19 closed trades | Win rate 21% | Avg winner +1.83% | Avg loser -3.26% | Open positions: 2 | Equity $99,294.78
Engine P&L: legacy/unknown: realized $-1,705.68 (19 closed, 21% wins), unrealized $-141.96 (2 open) | Books: legacy: realized $-1,705.68, unrealized $-141.96
Reports: daily realized $+0.00; worst symbols none | weekly realized $+0.00; worst symbols none
Shadow report: 13449 shadow candidate(s), 112 rejection group(s)
Timings: account: 0.0s | risk: 0.5s | decide: 6.5s | watchlist: 0.0s | perf: 0.1s
Timings: account: 0.0s | risk: 0.2s | decide: 7.5s | watchlist: 0.0s | perf: 0.2s

=== Run at 2026-09-03T21:10:59.351685 ===
Build fingerprint: 4f68550affe5
Current time: 2026-09-03 05:10 PM EDT | Market open (per Alpaca): False | Session: CLOSED
=== Run at 2026-09-03T21:07:49.569094 ===
Build fingerprint: 4f68550affe5
Current time: 2026-09-03 05:07 PM EDT | Market open (per Alpaca): False | Session: CLOSED
Account value: $99,294.78
Cash: $89,705.74 | Holdings (2): {'GEHC': '0.6136 sh (-5.65%)', 'MS': '43.8344 sh (-1.44%)'}
Sector exposure (cached): Financials 9.6%, Health Care 0.0%
Fill reconciliation: {'filled': 0, 'partial': 0, 'rejected': 1}
Open orders (1): MS sell 43.8344
Risk state: peak $99,703.60 | drawdown 0.41% | today +0.26% | halted: False
Market regime: NEUTRAL (position-size multiplier: 100% incl. circuit breaker 100%)
News: fetched 156, 2 new after dedup, 0 ticker(s) matched.
Quant pre-screen: 20/28 candidates passed.
Gemini proposed 0 trade(s) meeting the conviction bar.
Gemini calls used today (all models combined): 305
News: fetched 157, 3 new after dedup, 0 ticker(s) matched.
Quant pre-screen: 20/28 candidates passed.
Gemini proposed 0 trade(s) meeting the conviction bar.
Gemini calls used today (all models combined): 302
Market closed (overnight): no trade ideas queued this run.
Dashboard watchlist synced (2 symbols) for news/headlines.
Ending portfolio value: $99,294.78
Trade journal: all: 19 trades, 21% win rate, avg -2.19% | breakout: 1 trades, 0% win rate, avg -8.61% | other: 13 trades, 23% win rate, avg -1.93% | technical: 5 trades, 20% win rate, avg -1.58%
Self-learning: breakout: 1 trades, 0% win rate, avg -8.61% (LOSING) | other: 13 trades, 23% win rate, avg -1.93% (LOSING) | technical: 5 trades, 20% win rate, avg -1.58% (LOSING)
Performance: Total return +0.43% | Max drawdown 0.94% | Daily Sharpe 2.12 | 19 closed trades | Win rate 21% | Avg winner +1.83% | Avg loser -3.26% | Open positions: 2 | Equity $99,294.78
Engine P&L: legacy/unknown: realized $-1,705.68 (19 closed, 21% wins), unrealized $-141.96 (2 open) | Books: legacy: realized $-1,705.68, unrealized $-141.96
Reports: daily realized $+0.00; worst symbols none | weekly realized $+0.00; worst symbols none
Shadow report: 13449 shadow candidate(s), 112 rejection group(s)
Timings: account: 0.0s | risk: 0.3s | decide: 6.1s | watchlist: 0.0s | perf: 0.2s
Timings: account: 0.0s | risk: 0.9s | decide: 10.2s | watchlist: 0.1s | perf: 0.3s

=== Run at 2026-09-03T21:16:46.854300 ===
Build fingerprint: 4f68550affe5
Current time: 2026-09-03 05:16 PM EDT | Market open (per Alpaca): False | Session: CLOSED
=== Run at 2026-09-03T21:13:53.080955 ===
Build fingerprint: 4f68550affe5
Current time: 2026-09-03 05:13 PM EDT | Market open (per Alpaca): False | Session: CLOSED
Account value: $99,294.78
Cash: $89,705.74 | Holdings (2): {'GEHC': '0.6136 sh (-5.65%)', 'MS': '43.8344 sh (-1.44%)'}
Sector exposure (cached): Financials 9.6%, Health Care 0.0%
Fill reconciliation: {'filled': 0, 'partial': 0, 'rejected': 1}
Open orders (1): MS sell 43.8344
Risk state: peak $99,703.60 | drawdown 0.41% | today +0.26% | halted: False
Market regime: NEUTRAL (position-size multiplier: 100% incl. circuit breaker 100%)
News: fetched 158, 5 new after dedup, 4 ticker(s) matched.
Quant pre-screen: 17/20 candidates passed.
Gemini proposed 2 trade(s) meeting the conviction bar.
Gemini calls used today (all models combined): 306
Market closed (overnight): queued 12 trade idea(s) for next-morning verification -- nothing submitted yet.
  -> queued NVDA buy (conf 94, stop 215.0, tp 245.0)
  -> queued MPC buy (conf 85, stop 367.0, tp None)
  -> queued JNJ buy (conf 85, stop 268.0, tp 290.0)
  -> queued MRNA buy (conf 85, stop 135.0, tp 170.0)
  -> queued HOOD buy (conf 82, stop 113.22, tp 140.0)
  -> queued NUE buy (conf 82, stop 245.0, tp 285.0)
  -> queued MRK buy (conf 82, stop 145.0, tp 162.0)
  -> queued HPQ buy (conf 80, stop 31.0, tp 34.5)
  -> queued RJF buy (conf 79, stop 172.5, tp 190.0)
  -> queued MSCI buy (conf 79, stop 557.67, tp 595.0)
  -> queued IVZ buy (conf 78, stop 31.5, tp 34.5)
  -> queued QCOM buy (conf 78, stop 160.0, tp 180.0)
News: fetched 157, 2 new after dedup, 4 ticker(s) matched.
Quant pre-screen: 17/20 candidates passed.
Gemini proposed 2 trade(s) meeting the conviction bar.
Gemini calls used today (all models combined): 303
Market closed (overnight): queued 12 trade idea(s) for next-morning verification -- nothing submitted yet.
  -> queued NVDA buy (conf 94, stop 215.0, tp 245.0)
  -> queued MPC buy (conf 79, stop 368.0, tp 415.00000000000006)
  -> queued HOOD buy (conf 82, stop 113.22, tp 140.0)
  -> queued NUE buy (conf 82, stop 245.0, tp 285.0)
  -> queued HPQ buy (conf 80, stop 31.0, tp 34.5)
  -> queued RJF buy (conf 81, stop 173.0, tp 189.50000000000003)
  -> queued MSCI buy (conf 79, stop 557.67, tp 595.0)
  -> queued IVZ buy (conf 78, stop 31.5, tp 34.5)
  -> queued JNJ buy (conf 85, stop 268.0, tp 290.0)
  -> queued LULU buy (conf None, stop 114.91, tp 124.35)
  -> queued MRNA buy (conf 85, stop 135.0, tp 170.0)
  -> queued MRK buy (conf 82, stop 145.0, tp 162.0)
Dashboard watchlist synced (8 symbols) for news/headlines.
Ending portfolio value: $99,294.78
Trade journal: all: 19 trades, 21% win rate, avg -2.19% | breakout: 1 trades, 0% win rate, avg -8.61% | other: 13 trades, 23% win rate, avg -1.93% | technical: 5 trades, 20% win rate, avg -1.58%
Self-learning: breakout: 1 trades, 0% win rate, avg -8.61% (LOSING) | other: 13 trades, 23% win rate, avg -1.93% (LOSING) | technical: 5 trades, 20% win rate, avg -1.58% (LOSING)
Performance: Total return +0.43% | Max drawdown 0.94% | Daily Sharpe 2.12 | 19 closed trades | Win rate 21% | Avg winner +1.83% | Avg loser -3.26% | Open positions: 2 | Equity $99,294.78
Engine P&L: legacy/unknown: realized $-1,705.68 (19 closed, 21% wins), unrealized $-141.96 (2 open) | Books: legacy: realized $-1,705.68, unrealized $-141.96
Reports: daily realized $+0.00; worst symbols none | weekly realized $+0.00; worst symbols none
Shadow report: 13449 shadow candidate(s), 112 rejection group(s)
Timings: account: 0.0s | risk: 0.6s | decide: 15.8s | watchlist: 0.1s | perf: 0.2s
Timings: account: 0.0s | risk: 0.3s | decide: 9.0s | watchlist: 0.1s | perf: 0.2s

=== Run at 2026-09-03T21:22:57.386204 ===
Build fingerprint: 4f68550affe5
Current time: 2026-09-03 05:22 PM EDT | Market open (per Alpaca): False | Session: CLOSED
=== Run at 2026-09-03T21:19:52.223806 ===
Build fingerprint: 4f68550affe5
Current time: 2026-09-03 05:19 PM EDT | Market open (per Alpaca): False | Session: CLOSED
Account value: $99,294.78
Cash: $89,705.74 | Holdings (2): {'GEHC': '0.6136 sh (-5.65%)', 'MS': '43.8344 sh (-1.44%)'}
Sector exposure (cached): Financials 9.6%, Health Care 0.0%
Fill reconciliation: {'filled': 0, 'partial': 0, 'rejected': 1}
Open orders (1): MS sell 43.8344
Risk state: peak $99,703.60 | drawdown 0.41% | today +0.26% | halted: False
Market regime: NEUTRAL (position-size multiplier: 100% incl. circuit breaker 100%)
News: fetched 158, 4 new after dedup, 3 ticker(s) matched.
Quant pre-screen: 28/32 candidates passed.
Gemini proposed 2 trade(s) meeting the conviction bar.
Gemini calls used today (all models combined): 307
Market closed (overnight): queued 12 trade idea(s) for next-morning verification -- nothing submitted yet.
  -> queued HPE buy (conf 88, stop None, tp None)
  -> queued MPC buy (conf 85, stop 367.0, tp None)
  -> queued NVDA buy (conf 85, stop 215.0, tp 245.0)
  -> queued JNJ buy (conf 85, stop 268.0, tp 290.0)
  -> queued MRNA buy (conf 85, stop 135.0, tp 170.0)
  -> queued HOOD buy (conf 82, stop 113.22, tp 140.0)
  -> queued NUE buy (conf 82, stop 245.0, tp 285.0)
  -> queued MRK buy (conf 82, stop 145.0, tp 162.0)
  -> queued HPQ buy (conf 80, stop 31.0, tp 34.5)
  -> queued RJF buy (conf 79, stop 172.5, tp 190.0)
  -> queued MSCI buy (conf 79, stop 557.67, tp 595.0)
  -> queued IVZ buy (conf 78, stop 31.5, tp 34.5)
Dashboard watchlist synced (6 symbols) for news/headlines.
News: fetched 158, 3 new after dedup, 1 ticker(s) matched.
Quant pre-screen: 21/30 candidates passed.
Gemini proposed 0 trade(s) meeting the conviction bar.
Gemini calls used today (all models combined): 304
Market closed (overnight): no trade ideas queued this run.
Dashboard watchlist synced (3 symbols) for news/headlines.
Ending portfolio value: $99,294.78
Trade journal: all: 19 trades, 21% win rate, avg -2.19% | breakout: 1 trades, 0% win rate, avg -8.61% | other: 13 trades, 23% win rate, avg -1.93% | technical: 5 trades, 20% win rate, avg -1.58%
Self-learning: breakout: 1 trades, 0% win rate, avg -8.61% (LOSING) | other: 13 trades, 23% win rate, avg -1.93% (LOSING) | technical: 5 trades, 20% win rate, avg -1.58% (LOSING)
Performance: Total return +0.43% | Max drawdown 0.94% | Daily Sharpe 2.12 | 19 closed trades | Win rate 21% | Avg winner +1.83% | Avg loser -3.26% | Open positions: 2 | Equity $99,294.78
Engine P&L: legacy/unknown: realized $-1,705.68 (19 closed, 21% wins), unrealized $-141.96 (2 open) | Books: legacy: realized $-1,705.68, unrealized $-141.96
Reports: daily realized $+0.00; worst symbols none | weekly realized $+0.00; worst symbols none
Shadow report: 13449 shadow candidate(s), 112 rejection group(s)
Timings: account: 0.0s | risk: 0.8s | decide: 14.7s | watchlist: 0.1s | perf: 0.2s
Timings: account: 0.0s | risk: 0.2s | decide: 16.0s | watchlist: 0.0s | perf: 0.2s

=== Run at 2026-09-03T21:28:51.798055 ===
Build fingerprint: 4f68550affe5
Current time: 2026-09-03 05:28 PM EDT | Market open (per Alpaca): False | Session: CLOSED
=== Run at 2026-09-03T21:25:58.605049 ===
Build fingerprint: 4f68550affe5
Current time: 2026-09-03 05:25 PM EDT | Market open (per Alpaca): False | Session: CLOSED
Account value: $99,294.78
Cash: $89,705.74 | Holdings (2): {'GEHC': '0.6136 sh (-5.65%)', 'MS': '43.8344 sh (-1.44%)'}
Sector exposure (cached): Financials 9.6%, Health Care 0.0%
Fill reconciliation: {'filled': 0, 'partial': 0, 'rejected': 1}
Open orders (1): MS sell 43.8344
Risk state: peak $99,703.60 | drawdown 0.41% | today +0.26% | halted: False
Market regime: NEUTRAL (position-size multiplier: 100% incl. circuit breaker 100%)
News: fetched 158, 2 new after dedup, 1 ticker(s) matched.
Quant pre-screen: 17/22 candidates passed.
Gemini proposed 2 trade(s) meeting the conviction bar.
Gemini calls used today (all models combined): 308
Market closed (overnight): queued 12 trade idea(s) for next-morning verification -- nothing submitted yet.
  -> queued HPE buy (conf 88, stop None, tp None)
  -> queued MPC buy (conf 85, stop 372.0, tp 415.00000000000006)
  -> queued NVDA buy (conf 85, stop 215.0, tp 245.0)
  -> queued JNJ buy (conf 85, stop 268.0, tp 290.0)
  -> queued MRNA buy (conf 85, stop 135.0, tp 170.0)
  -> queued HOOD buy (conf 82, stop 113.22, tp 140.0)
  -> queued NUE buy (conf 82, stop 245.0, tp 285.0)
  -> queued MRK buy (conf 82, stop 145.0, tp 162.0)
  -> queued HPQ buy (conf 80, stop 31.0, tp 34.5)
  -> queued RJF buy (conf 80, stop 174.5, tp 190.0)
  -> queued MSCI buy (conf 79, stop 557.67, tp 595.0)
  -> queued IVZ buy (conf 78, stop 31.5, tp 34.5)
Dashboard watchlist synced (5 symbols) for news/headlines.
Ending portfolio value: $99,294.78
News: fetched 158, 5 new after dedup, 3 ticker(s) matched.
Quant pre-screen: 31/37 candidates passed.
Technical fallback (Gemini throttled/unavailable) proposed 8 trade(s) meeting the conviction bar.
Technical fallback cap omitted 4 weaker idea(s) this run.
Gemini calls used today (all models combined): 304
Market closed (overnight): queued 12 trade idea(s) for next-morning verification -- nothing submitted yet.
  -> queued JNJ buy (conf 85, stop 268.0, tp 290.0)
  -> queued MRNA buy (conf 85, stop 135.0, tp 170.0)
  -> queued HOOD buy (conf 82, stop 113.22, tp 140.0)
  -> queued MRK buy (conf 82, stop 145.0, tp 162.0)
  -> queued HPQ buy (conf 80, stop 31.0, tp 34.5)
  -> queued MSCI buy (conf 79, stop 557.67, tp 595.0)
  -> queued IVZ buy (conf 78, stop 31.5, tp 34.5)
  -> queued QCOM buy (conf 78, stop 160.0, tp 180.0)
  -> queued NVDA buy (conf None, stop 207.4, tp 230.47)
  -> queued ORCL buy (conf None, stop 139.75, tp 156.74)
  -> queued RSG buy (conf None, stop 218.86, tp 225.6)
  -> queued MPC buy (conf None, stop 348.06, tp 398.005)
Run budget reserve reached -- skipping dashboard watchlist sync.
Run budget reserve reached -- skipping performance snapshot.
Trade journal: all: 19 trades, 21% win rate, avg -2.19% | breakout: 1 trades, 0% win rate, avg -8.61% | other: 13 trades, 23% win rate, avg -1.93% | technical: 5 trades, 20% win rate, avg -1.58%
Self-learning: breakout: 1 trades, 0% win rate, avg -8.61% (LOSING) | other: 13 trades, 23% win rate, avg -1.93% (LOSING) | technical: 5 trades, 20% win rate, avg -1.58% (LOSING)
Performance: Total return +0.43% | Max drawdown 0.94% | Daily Sharpe 2.12 | 19 closed trades | Win rate 21% | Avg winner +1.83% | Avg loser -3.26% | Open positions: 2 | Equity $99,294.78
Engine P&L: legacy/unknown: realized $-1,705.68 (19 closed, 21% wins), unrealized $-141.96 (2 open) | Books: legacy: realized $-1,705.68, unrealized $-141.96
Reports: daily realized $+0.00; worst symbols none | weekly realized $+0.00; worst symbols none
Shadow report: 13449 shadow candidate(s), 112 rejection group(s)
Timings: account: 0.0s | risk: 0.7s | decide: 15.3s | watchlist: 0.0s | perf: 0.2s
Timings: account: 0.0s | risk: 0.8s | decide: 23.8s | watchlist: 0.0s | perf: 0.1s

=== Run at 2026-09-03T21:34:59.519198 ===
Build fingerprint: 4f68550affe5
Current time: 2026-09-03 05:34 PM EDT | Market open (per Alpaca): False | Session: EXTENDED
=== Run at 2026-09-03T21:31:55.900305 ===
Build fingerprint: 4f68550affe5
Current time: 2026-09-03 05:31 PM EDT | Market open (per Alpaca): False | Session: EXTENDED
Account value: $99,294.78
Cash: $89,705.74 | Holdings (2): {'GEHC': '0.6136 sh (-5.65%)', 'MS': '43.8344 sh (-1.44%)'}
Sector exposure (cached): Financials 9.6%, Health Care 0.0%
Fill reconciliation: {'filled': 0, 'partial': 0, 'rejected': 1}
Open orders (1): MS sell 43.8344
Risk state: peak $99,703.60 | drawdown 0.41% | today +0.26% | halted: False
Market regime: NEUTRAL (position-size multiplier: 100% incl. circuit breaker 100%)
Morning verification: 12 overnight-queued trade(s) handed to Gemini for re-verification against fresh data.
News: fetched 158, 4 new after dedup, 0 ticker(s) matched.
Quant pre-screen: 22/36 candidates passed.
Gemini proposed 3 trade(s) meeting the conviction bar.
Gemini calls used today (all models combined): 309
  -> {"ticker": "HPQ", "status": "skipped", "reason": "stale quote for HPQ (5714.523338s old; limit 180s)", "shadow": false, "data_guard": true}
  -> {"ticker": "JNJ", "status": "skipped", "reason": "stale quote for JNJ (5719.141511s old; limit 180s)", "shadow": false, "data_guard": true}
  -> {"ticker": "HOOD", "status": "skipped", "reason": "stale quote for HOOD (4377.427822s old; limit 180s)", "shadow": false, "data_guard": true}
Overnight queue kept 12 idea(s) whose market data was stale; they will be retried after fresh quotes arrive.
Dashboard watchlist synced (5 symbols) for news/headlines.
News: fetched 158, 3 new after dedup, 3 ticker(s) matched.
Quant pre-screen: 18/27 candidates passed.
Gemini proposed 3 trade(s) meeting the conviction bar.
Gemini calls used today (all models combined): 305
  -> {"ticker": "JNJ", "status": "skipped", "reason": "stale quote for JNJ (5536.550938s old; limit 180s)", "shadow": false, "data_guard": true}
  -> {"ticker": "IVZ", "status": "skipped", "reason": "stale quote for IVZ (5540.767075s old; limit 180s)", "shadow": false, "data_guard": true}
  -> {"ticker": "IT", "status": "skipped", "reason": "stale quote for IT (5556.469826s old; limit 180s)", "shadow": false, "data_guard": true}
Overnight queue kept 12 idea(s) whose market data was stale; they will be retried after fresh quotes arrive.
Dashboard watchlist synced (7 symbols) for news/headlines.
Ending portfolio value: $99,294.78
Trade journal: all: 19 trades, 21% win rate, avg -2.19% | breakout: 1 trades, 0% win rate, avg -8.61% | other: 13 trades, 23% win rate, avg -1.93% | technical: 5 trades, 20% win rate, avg -1.58%
Self-learning: breakout: 1 trades, 0% win rate, avg -8.61% (LOSING) | other: 13 trades, 23% win rate, avg -1.93% (LOSING) | technical: 5 trades, 20% win rate, avg -1.58% (LOSING)
Performance: Total return +0.43% | Max drawdown 0.94% | Daily Sharpe 2.12 | 19 closed trades | Win rate 21% | Avg winner +1.83% | Avg loser -3.26% | Open positions: 2 | Equity $99,294.78
Engine P&L: legacy/unknown: realized $-1,705.68 (19 closed, 21% wins), unrealized $-141.96 (2 open) | Books: legacy: realized $-1,705.68, unrealized $-141.96
Reports: daily realized $+0.00; worst symbols none | weekly realized $+0.00; worst symbols none
Shadow report: 13452 shadow candidate(s), 112 rejection group(s)
Timings: account: 0.0s | risk: 0.1s | decide: 15.6s | watchlist: 0.0s | perf: 0.1s
Timings: account: 0.0s | risk: 0.6s | decide: 15.9s | watchlist: 0.1s | perf: 0.2s

=== Run at 2026-09-03T21:41:09.297119 ===
Build fingerprint: 4f68550affe5
Current time: 2026-09-03 05:41 PM EDT | Market open (per Alpaca): False | Session: EXTENDED
=== Run at 2026-09-03T21:38:06.417110 ===
Build fingerprint: 4f68550affe5
Current time: 2026-09-03 05:38 PM EDT | Market open (per Alpaca): False | Session: EXTENDED
Account value: $99,294.78
Cash: $89,705.74 | Holdings (2): {'GEHC': '0.6136 sh (-5.65%)', 'MS': '43.8344 sh (-1.44%)'}
Sector exposure (cached): Financials 9.6%, Health Care 0.0%
Fill reconciliation: {'filled': 0, 'partial': 0, 'rejected': 1}
Open orders (1): MS sell 43.8344
Risk state: peak $99,703.60 | drawdown 0.41% | today +0.26% | halted: False
Market regime: NEUTRAL (position-size multiplier: 100% incl. circuit breaker 100%)
Overnight queue deferred 3 known-stale idea(s) for 30 minutes to preserve Gemini quota.
Morning verification: 9 overnight-queued trade(s) handed to Gemini for re-verification against fresh data.
News: fetched 158, 3 new after dedup, 0 ticker(s) matched.
Quant pre-screen: 30/48 candidates passed.
Gemini proposed 3 trade(s) meeting the conviction bar.
Gemini calls used today (all models combined): 310
  -> {"ticker": "HPE", "status": "skipped", "reason": "entry alignment: price $54.43 is not above SMA-20 $54.47"}
  -> {"ticker": "ICE", "status": "skipped", "reason": "stale quote for ICE (6080.885749s old; limit 180s)", "shadow": false, "data_guard": true}
  -> {"ticker": "IVZ", "status": "skipped", "reason": "stale quote for IVZ (6094.414453s old; limit 180s)", "shadow": false, "data_guard": true}
Overnight queue kept 12 idea(s) whose market data was stale; they will be retried after fresh quotes arrive.
Dashboard watchlist synced (5 symbols) for news/headlines.
News: fetched 158, 2 new after dedup, 0 ticker(s) matched.
Quant pre-screen: 17/27 candidates passed.
Gemini proposed 2 trade(s) meeting the conviction bar.
Gemini calls used today (all models combined): 306
  -> {"ticker": "HOOD", "status": "skipped", "reason": "stale quote for HOOD (4566.206923s old; limit 180s)", "shadow": false, "data_guard": true}
  -> {"ticker": "IVZ", "status": "skipped", "reason": "stale quote for IVZ (5911.07298s old; limit 180s)", "shadow": false, "data_guard": true}
Overnight queue kept 12 idea(s) whose market data was stale; they will be retried after fresh quotes arrive.
Dashboard watchlist synced (4 symbols) for news/headlines.
Ending portfolio value: $99,294.78
Trade journal: all: 19 trades, 21% win rate, avg -2.19% | breakout: 1 trades, 0% win rate, avg -8.61% | other: 13 trades, 23% win rate, avg -1.93% | technical: 5 trades, 20% win rate, avg -1.58%
Self-learning: breakout: 1 trades, 0% win rate, avg -8.61% (LOSING) | other: 13 trades, 23% win rate, avg -1.93% (LOSING) | technical: 5 trades, 20% win rate, avg -1.58% (LOSING)
Performance: Total return +0.43% | Max drawdown 0.94% | Daily Sharpe 2.12 | 19 closed trades | Win rate 21% | Avg winner +1.83% | Avg loser -3.26% | Open positions: 2 | Equity $99,294.78
Engine P&L: legacy/unknown: realized $-1,705.68 (19 closed, 21% wins), unrealized $-141.96 (2 open) | Books: legacy: realized $-1,705.68, unrealized $-141.96
Reports: daily realized $+0.00; worst symbols none | weekly realized $+0.00; worst symbols none
Shadow report: 13454 shadow candidate(s), 112 rejection group(s)
Timings: account: 0.0s | risk: 1.1s | decide: 15.8s | watchlist: 0.2s | perf: 0.3s
Timings: account: 0.0s | risk: 0.7s | decide: 15.7s | watchlist: 0.1s | perf: 0.2s

=== Run at 2026-09-03T21:47:12.175801 ===
Build fingerprint: 4f68550affe5
Current time: 2026-09-03 05:47 PM EDT | Market open (per Alpaca): False | Session: EXTENDED
=== Run at 2026-09-03T21:44:11.451557 ===
Build fingerprint: 4f68550affe5
Current time: 2026-09-03 05:44 PM EDT | Market open (per Alpaca): False | Session: EXTENDED
Account value: $99,294.78
Cash: $89,705.74 | Holdings (2): {'GEHC': '0.6136 sh (-5.65%)', 'MS': '43.8344 sh (-1.44%)'}
Sector exposure (cached): Financials 9.6%, Health Care 0.0%
Fill reconciliation: {'filled': 0, 'partial': 0, 'rejected': 1}
Open orders (1): MS sell 43.8344
Risk state: peak $99,703.60 | drawdown 0.41% | today +0.26% | halted: False
Market regime: NEUTRAL (position-size multiplier: 100% incl. circuit breaker 100%)
Overnight queue deferred 4 known-stale idea(s) for 30 minutes to preserve Gemini quota.
Morning verification: 8 overnight-queued trade(s) handed to Gemini for re-verification against fresh data.
News: fetched 158, 3 new after dedup, 0 ticker(s) matched.
Quant pre-screen: 35/60 candidates passed.
Gemini proposed 3 trade(s) meeting the conviction bar.
Gemini calls used today (all models combined): 311
  -> {"ticker": "HPE", "status": "skipped", "reason": "entry alignment: price $54.43 is not above SMA-20 $54.47"}
  -> {"ticker": "HOOD", "status": "skipped", "reason": "stale quote for HOOD (5109.45919s old; limit 180s)", "shadow": false, "data_guard": true}
  -> {"ticker": "ICE", "status": "skipped", "reason": "stale quote for ICE (6447.165015s old; limit 180s)", "shadow": false, "data_guard": true}
Overnight queue kept 12 idea(s) whose market data was stale; they will be retried after fresh quotes arrive.
Dashboard watchlist synced (5 symbols) for news/headlines.
News: fetched 158, 2 new after dedup, 0 ticker(s) matched.
Quant pre-screen: 25/39 candidates passed.
Gemini proposed 1 trade(s) meeting the conviction bar.
Gemini calls used today (all models combined): 307
  -> {"ticker": "HPQ", "status": "skipped", "reason": "stale quote for HPQ (6257.466482s old; limit 180s)", "shadow": false, "data_guard": true}
Overnight queue kept 12 idea(s) whose market data was stale; they will be retried after fresh quotes arrive.
Dashboard watchlist synced (3 symbols) for news/headlines.
Ending portfolio value: $99,294.78
Trade journal: all: 19 trades, 21% win rate, avg -2.19% | breakout: 1 trades, 0% win rate, avg -8.61% | other: 13 trades, 23% win rate, avg -1.93% | technical: 5 trades, 20% win rate, avg -1.58%
Self-learning: breakout: 1 trades, 0% win rate, avg -8.61% (LOSING) | other: 13 trades, 23% win rate, avg -1.93% (LOSING) | technical: 5 trades, 20% win rate, avg -1.58% (LOSING)
Performance: Total return +0.43% | Max drawdown 0.94% | Daily Sharpe 2.12 | 19 closed trades | Win rate 21% | Avg winner +1.83% | Avg loser -3.26% | Open positions: 2 | Equity $99,294.78
Engine P&L: legacy/unknown: realized $-1,705.68 (19 closed, 21% wins), unrealized $-141.96 (2 open) | Books: legacy: realized $-1,705.68, unrealized $-141.96
Reports: daily realized $+0.00; worst symbols none | weekly realized $+0.00; worst symbols none
Shadow report: 13456 shadow candidate(s), 112 rejection group(s)
Timings: account: 0.0s | risk: 0.9s | decide: 11.8s | watchlist: 0.1s | perf: 0.3s
Shadow report: 13455 shadow candidate(s), 112 rejection group(s)
Timings: account: 0.0s | risk: 0.9s | decide: 8.7s | watchlist: 0.1s | perf: 0.3s

=== Run at 2026-09-03T21:53:09.001967 ===
Build fingerprint: 4f68550affe5
Current time: 2026-09-03 05:53 PM EDT | Market open (per Alpaca): False | Session: EXTENDED
=== Run at 2026-09-03T21:50:10.567957 ===
Build fingerprint: 4f68550affe5
Current time: 2026-09-03 05:50 PM EDT | Market open (per Alpaca): False | Session: EXTENDED
Account value: $99,294.78
Cash: $89,705.74 | Holdings (2): {'GEHC': '0.6136 sh (-5.65%)', 'MS': '43.8344 sh (-1.44%)'}
Sector exposure (cached): Financials 9.6%, Health Care 0.0%
Fill reconciliation: {'filled': 0, 'partial': 0, 'rejected': 1}
Open orders (1): MS sell 43.8344
Risk state: peak $99,703.60 | drawdown 0.41% | today +0.26% | halted: False
Market regime: NEUTRAL (position-size multiplier: 100% incl. circuit breaker 100%)
Overnight queue deferred 4 known-stale idea(s) for 30 minutes to preserve Gemini quota.
Morning verification: 8 overnight-queued trade(s) handed to Gemini for re-verification against fresh data.
News: fetched 158, 2 new after dedup, 0 ticker(s) matched.
Quant pre-screen: 35/60 candidates passed.
Gemini proposed 2 trade(s) meeting the conviction bar.
Gemini calls used today (all models combined): 312
  -> {"ticker": "HPE", "status": "skipped", "reason": "entry alignment: price $54.43 is not above SMA-20 $54.47"}
  -> {"ticker": "ICE", "status": "skipped", "reason": "stale quote for ICE (6805.768768s old; limit 180s)", "shadow": false, "data_guard": true}
Overnight queue kept 12 idea(s) whose market data was stale; they will be retried after fresh quotes arrive.
Dashboard watchlist synced (4 symbols) for news/headlines.
Overnight queue deferred 5 known-stale idea(s) for 30 minutes to preserve Gemini quota.
Morning verification: 7 overnight-queued trade(s) handed to Gemini for re-verification against fresh data.
News: fetched 158, 3 new after dedup, 0 ticker(s) matched.
Quant pre-screen: 28/46 candidates passed.
Gemini proposed 0 trade(s) meeting the conviction bar.
Gemini calls used today (all models combined): 308
Overnight queue cleared after verification.
Overnight queue retained 5 deferred stale idea(s).
Dashboard watchlist synced (2 symbols) for news/headlines.
Ending portfolio value: $99,294.78
Trade journal: all: 19 trades, 21% win rate, avg -2.19% | breakout: 1 trades, 0% win rate, avg -8.61% | other: 13 trades, 23% win rate, avg -1.93% | technical: 5 trades, 20% win rate, avg -1.58%
Self-learning: breakout: 1 trades, 0% win rate, avg -8.61% (LOSING) | other: 13 trades, 23% win rate, avg -1.93% (LOSING) | technical: 5 trades, 20% win rate, avg -1.58% (LOSING)
Performance: Total return +0.43% | Max drawdown 0.94% | Daily Sharpe 2.12 | 19 closed trades | Win rate 21% | Avg winner +1.83% | Avg loser -3.26% | Open positions: 2 | Equity $99,294.78
Engine P&L: legacy/unknown: realized $-1,705.68 (19 closed, 21% wins), unrealized $-141.96 (2 open) | Books: legacy: realized $-1,705.68, unrealized $-141.96
Reports: daily realized $+0.00; worst symbols none | weekly realized $+0.00; worst symbols none
Shadow report: 13457 shadow candidate(s), 112 rejection group(s)
Timings: account: 0.0s | risk: 0.5s | decide: 14.1s | watchlist: 0.1s | perf: 0.2s
Shadow report: 13455 shadow candidate(s), 112 rejection group(s)
Timings: account: 0.0s | risk: 0.5s | decide: 15.3s | watchlist: 0.1s | perf: 0.2s

=== Run at 2026-09-03T21:58:22.782361 ===
Build fingerprint: 4f68550affe5
Current time: 2026-09-03 05:58 PM EDT | Market open (per Alpaca): False | Session: EXTENDED
=== Run at 2026-09-03T21:55:27.451706 ===
Build fingerprint: 4f68550affe5
Current time: 2026-09-03 05:55 PM EDT | Market open (per Alpaca): False | Session: EXTENDED
Account value: $99,294.78
Cash: $89,705.74 | Holdings (2): {'GEHC': '0.6136 sh (-5.65%)', 'MS': '43.8344 sh (-1.44%)'}
Sector exposure (cached): Financials 9.6%, Health Care 0.0%
Fill reconciliation: {'filled': 0, 'partial': 0, 'rejected': 1}
Open orders (1): MS sell 43.8344
Risk state: peak $99,703.60 | drawdown 0.41% | today +0.26% | halted: False
Market regime: NEUTRAL (position-size multiplier: 100% incl. circuit breaker 100%)
Overnight queue deferred 4 known-stale idea(s) for 30 minutes to preserve Gemini quota.
Morning verification: 8 overnight-queued trade(s) handed to Gemini for re-verification against fresh data.
News: fetched 158, 1 new after dedup, 0 ticker(s) matched.
Quant pre-screen: 34/58 candidates passed.
Gemini proposed 1 trade(s) meeting the conviction bar.
Gemini calls used today (all models combined): 313
  -> {"ticker": "HPE", "status": "skipped", "reason": "entry alignment: price $54.43 is not above SMA-20 $54.47"}
Overnight queue cleared after verification.
Overnight queue retained 4 deferred stale idea(s).
Dashboard watchlist synced (3 symbols) for news/headlines.
Morning verification: 1 overnight-queued trade(s) handed to Gemini for re-verification against fresh data.
News: fetched 158, 3 new after dedup, 0 ticker(s) matched.
Quant pre-screen: 34/58 candidates passed.
Gemini proposed 2 trade(s) meeting the conviction bar.
Gemini calls used today (all models combined): 309
  -> {"ticker": "ICE", "status": "skipped", "reason": "stale quote for ICE (6934.369224s old; limit 180s)", "shadow": false, "data_guard": true}
  -> {"ticker": "HOOD", "status": "skipped", "reason": "stale quote for HOOD (5597.248959s old; limit 180s)", "shadow": false, "data_guard": true}
Overnight queue kept 6 idea(s) whose market data was stale; they will be retried after fresh quotes arrive.
Dashboard watchlist synced (4 symbols) for news/headlines.
Ending portfolio value: $99,294.78
Trade journal: all: 19 trades, 21% win rate, avg -2.19% | breakout: 1 trades, 0% win rate, avg -8.61% | other: 13 trades, 23% win rate, avg -1.93% | technical: 5 trades, 20% win rate, avg -1.58%
Self-learning: breakout: 1 trades, 0% win rate, avg -8.61% (LOSING) | other: 13 trades, 23% win rate, avg -1.93% (LOSING) | technical: 5 trades, 20% win rate, avg -1.58% (LOSING)
Performance: Total return +0.43% | Max drawdown 0.94% | Daily Sharpe 2.12 | 19 closed trades | Win rate 21% | Avg winner +1.83% | Avg loser -3.26% | Open positions: 2 | Equity $99,294.78
Engine P&L: legacy/unknown: realized $-1,705.68 (19 closed, 21% wins), unrealized $-141.96 (2 open) | Books: legacy: realized $-1,705.68, unrealized $-141.96
Reports: daily realized $+0.00; worst symbols none | weekly realized $+0.00; worst symbols none
Shadow report: 13457 shadow candidate(s), 112 rejection group(s)
Timings: account: 0.0s | risk: 1.0s | decide: 13.1s | watchlist: 0.2s | perf: 0.2s
Shadow report: 13458 shadow candidate(s), 112 rejection group(s)
Timings: account: 0.0s | risk: 0.3s | decide: 4.7s | watchlist: 0.0s | perf: 0.2s

=== Run at 2026-09-03T22:03:34.148997 ===
Build fingerprint: 4f68550affe5
Current time: 2026-09-03 06:03 PM EDT | Market open (per Alpaca): False | Session: EXTENDED
=== Run at 2026-09-03T22:00:30.491727 ===
Build fingerprint: 4f68550affe5
Current time: 2026-09-03 06:00 PM EDT | Market open (per Alpaca): False | Session: EXTENDED
Account value: $99,294.78
Cash: $89,705.74 | Holdings (2): {'GEHC': '0.6136 sh (-5.65%)', 'MS': '43.8344 sh (-1.44%)'}
Sector exposure (cached): Financials 9.6%, Health Care 0.0%
Fill reconciliation: {'filled': 0, 'partial': 0, 'rejected': 1}
Open orders (1): MS sell 43.8344
Risk state: peak $99,703.60 | drawdown 0.41% | today +0.26% | halted: False
Market regime: NEUTRAL (position-size multiplier: 100% incl. circuit breaker 100%)
Overnight queue deferred 4 known-stale idea(s) for 30 minutes to preserve Gemini quota.
News: fetched 156, 15 new after dedup, 3 ticker(s) matched.
Quant pre-screen: 9/14 candidates passed.
Gemini proposed 2 trade(s) meeting the conviction bar.
Gemini calls used today (all models combined): 314
  -> {"ticker": "HOOD", "status": "skipped", "reason": "stale quote for HOOD (6085.258101s old; limit 180s)", "shadow": false, "data_guard": true}
  -> {"ticker": "HPQ", "status": "skipped", "reason": "stale quote for HPQ (7422.558406s old; limit 180s)", "shadow": false, "data_guard": true}
Overnight queue kept 4 idea(s) whose market data was stale; they will be retried after fresh quotes arrive.
Dashboard watchlist synced (7 symbols) for news/headlines.
Overnight queue deferred 5 known-stale idea(s) for 30 minutes to preserve Gemini quota.
Morning verification: 1 overnight-queued trade(s) handed to Gemini for re-verification against fresh data.
News: fetched 158, 12 new after dedup, 2 ticker(s) matched.
Quant pre-screen: 9/13 candidates passed.
Gemini proposed 2 trade(s) meeting the conviction bar.
Gemini calls used today (all models combined): 310
  -> {"ticker": "HPE", "status": "skipped", "reason": "entry alignment: price $54.43 is not above SMA-20 $54.47"}
  -> {"ticker": "NTAP", "status": "skipped", "reason": "entry alignment: price $185.37 is not above SMA-20 $193.48"}
Overnight queue cleared after verification.
Overnight queue retained 5 deferred stale idea(s).
Dashboard watchlist synced (6 symbols) for news/headlines.
Ending portfolio value: $99,294.78
Trade journal: all: 19 trades, 21% win rate, avg -2.19% | breakout: 1 trades, 0% win rate, avg -8.61% | other: 13 trades, 23% win rate, avg -1.93% | technical: 5 trades, 20% win rate, avg -1.58%
Self-learning: breakout: 1 trades, 0% win rate, avg -8.61% (LOSING) | other: 13 trades, 23% win rate, avg -1.93% (LOSING) | technical: 5 trades, 20% win rate, avg -1.58% (LOSING)
Performance: Total return +0.43% | Max drawdown 0.94% | Daily Sharpe 2.12 | 19 closed trades | Win rate 21% | Avg winner +1.83% | Avg loser -3.26% | Open positions: 2 | Equity $99,294.78
Engine P&L: legacy/unknown: realized $-1,705.68 (19 closed, 21% wins), unrealized $-141.96 (2 open) | Books: legacy: realized $-1,705.68, unrealized $-141.96
Reports: daily realized $+0.00; worst symbols none | weekly realized $+0.00; worst symbols none
Shadow report: 13460 shadow candidate(s), 112 rejection group(s)
Timings: account: 0.0s | risk: 0.9s | decide: 10.2s | watchlist: 0.1s | perf: 0.3s
Shadow report: 13458 shadow candidate(s), 112 rejection group(s)
Timings: account: 0.0s | risk: 0.9s | decide: 11.1s | watchlist: 0.2s | perf: 0.3s

=== Run at 2026-09-03T22:09:19.707311 ===
Build fingerprint: 4f68550affe5
Current time: 2026-09-03 06:09 PM EDT | Market open (per Alpaca): False | Session: EXTENDED
=== Run at 2026-09-03T22:06:35.959634 ===
Build fingerprint: 4f68550affe5
Current time: 2026-09-03 06:06 PM EDT | Market open (per Alpaca): False | Session: EXTENDED
Account value: $99,294.78
Cash: $89,705.74 | Holdings (2): {'GEHC': '0.6136 sh (-5.65%)', 'MS': '43.8344 sh (-1.44%)'}
Sector exposure (cached): Financials 9.6%, Health Care 0.0%
Fill reconciliation: {'filled': 0, 'partial': 0, 'rejected': 1}
Open orders (1): MS sell 43.8344
Risk state: peak $99,703.60 | drawdown 0.41% | today +0.26% | halted: False
Market regime: NEUTRAL (position-size multiplier: 100% incl. circuit breaker 100%)
Overnight queue deferred 3 known-stale idea(s) for 30 minutes to preserve Gemini quota.
Morning verification: 1 overnight-queued trade(s) handed to Gemini for re-verification against fresh data.
News: fetched 158, 7 new after dedup, 2 ticker(s) matched.
Quant pre-screen: 3/3 candidates passed.
Gemini proposed 1 trade(s) meeting the conviction bar.
Gemini calls used today (all models combined): 315
  -> {"ticker": "HPE", "status": "skipped", "reason": "entry alignment: price $54.43 is not above SMA-20 $54.47"}
Overnight queue cleared after verification.
Overnight queue retained 3 deferred stale idea(s).
Dashboard watchlist synced (5 symbols) for news/headlines.
Morning verification: 2 overnight-queued trade(s) handed to Gemini for re-verification against fresh data.
News: fetched 158, 9 new after dedup, 3 ticker(s) matched.
Quant pre-screen: 12/17 candidates passed.
Gemini proposed 2 trade(s) meeting the conviction bar.
Gemini calls used today (all models combined): 311
  -> {"ticker": "HPQ", "status": "skipped", "reason": "stale quote for HPQ (7604.808328s old; limit 180s)", "shadow": false, "data_guard": true}
  -> {"ticker": "ICE", "status": "skipped", "reason": "stale quote for ICE (7606.434925s old; limit 180s)", "shadow": false, "data_guard": true}
Overnight queue kept 5 idea(s) whose market data was stale; they will be retried after fresh quotes arrive.
Dashboard watchlist synced (7 symbols) for news/headlines.
Ending portfolio value: $99,294.78
Trade journal: all: 19 trades, 21% win rate, avg -2.19% | breakout: 1 trades, 0% win rate, avg -8.61% | other: 13 trades, 23% win rate, avg -1.93% | technical: 5 trades, 20% win rate, avg -1.58%
Self-learning: breakout: 1 trades, 0% win rate, avg -8.61% (LOSING) | other: 13 trades, 23% win rate, avg -1.93% (LOSING) | technical: 5 trades, 20% win rate, avg -1.58% (LOSING)
Performance: Total return +0.43% | Max drawdown 0.94% | Daily Sharpe 2.12 | 19 closed trades | Win rate 21% | Avg winner +1.83% | Avg loser -3.26% | Open positions: 2 | Equity $99,294.78
Engine P&L: legacy/unknown: realized $-1,705.68 (19 closed, 21% wins), unrealized $-141.96 (2 open) | Books: legacy: realized $-1,705.68, unrealized $-141.96
Reports: daily realized $+0.00; worst symbols none | weekly realized $+0.00; worst symbols none
Shadow report: 13460 shadow candidate(s), 112 rejection group(s)
Timings: account: 0.0s | risk: 0.9s | decide: 14.9s | watchlist: 0.1s | perf: 0.3s
Timings: account: 0.0s | risk: 0.6s | decide: 9.5s | watchlist: 0.1s | perf: 0.2s

=== Run at 2026-09-03T22:15:04.818996 ===
Build fingerprint: 4f68550affe5
Current time: 2026-09-03 06:15 PM EDT | Market open (per Alpaca): False | Session: EXTENDED
=== Run at 2026-09-03T22:12:21.714542 ===
Build fingerprint: 4f68550affe5
Current time: 2026-09-03 06:12 PM EDT | Market open (per Alpaca): False | Session: EXTENDED
Account value: $99,294.78
Cash: $89,705.74 | Holdings (2): {'GEHC': '0.6136 sh (-5.65%)', 'MS': '43.8344 sh (-1.44%)'}
Sector exposure (cached): Financials 9.6%, Health Care 0.0%
Fill reconciliation: {'filled': 0, 'partial': 0, 'rejected': 1}
Open orders (1): MS sell 43.8344
Risk state: peak $99,703.60 | drawdown 0.41% | today +0.26% | halted: False
Market regime: NEUTRAL (position-size multiplier: 100% incl. circuit breaker 100%)
Overnight queue deferred 3 known-stale idea(s) for 30 minutes to preserve Gemini quota.
News: fetched 158, 8 new after dedup, 1 ticker(s) matched.
Quant pre-screen: 10/15 candidates passed.
Technical fallback (Gemini throttled/unavailable) proposed 3 trade(s) meeting the conviction bar.
Gemini calls used today (all models combined): 315
  -> {"ticker": "NDAQ", "status": "skipped", "reason": "stale quote for NDAQ (8130.454863s old; limit 180s)", "shadow": false, "data_guard": true}
  -> {"ticker": "NEM", "status": "skipped", "reason": "stale quote for NEM (8125.348041s old; limit 180s)", "shadow": false, "data_guard": true}
  -> {"ticker": "NFLX", "status": "skipped", "reason": "stale quote for NFLX (8115.627318s old; limit 180s)", "shadow": false, "data_guard": true}
Overnight queue KEPT for next run (Gemini did not verify this round -- technical fallback or decision failure); 2 idea(s) remain subject to the retry cap.
Run budget reserve reached -- skipping dashboard watchlist sync.
Run budget reserve reached -- skipping performance snapshot.
Morning verification: 2 overnight-queued trade(s) handed to Gemini for re-verification against fresh data.
News: fetched 158, 9 new after dedup, 1 ticker(s) matched.
Quant pre-screen: 10/15 candidates passed.
Gemini proposed 3 trade(s) meeting the conviction bar.
Gemini calls used today (all models combined): 312
  -> {"ticker": "TSLA", "status": "skipped", "reason": "stale quote for TSLA (5568.166114s old; limit 180s)", "shadow": false, "data_guard": true}
  -> {"ticker": "NDAQ", "status": "skipped", "reason": "stale quote for NDAQ (7965.650933s old; limit 180s)", "shadow": false, "data_guard": true}
  -> {"ticker": "MU", "status": "skipped", "reason": "stale quote for MU (7870.579387s old; limit 180s)", "shadow": false, "data_guard": true}
Overnight queue kept 8 idea(s) whose market data was stale; they will be retried after fresh quotes arrive.
Dashboard watchlist synced (5 symbols) for news/headlines.
Ending portfolio value: $99,294.78
Trade journal: all: 19 trades, 21% win rate, avg -2.19% | breakout: 1 trades, 0% win rate, avg -8.61% | other: 13 trades, 23% win rate, avg -1.93% | technical: 5 trades, 20% win rate, avg -1.58%
Self-learning: breakout: 1 trades, 0% win rate, avg -8.61% (LOSING) | other: 13 trades, 23% win rate, avg -1.93% (LOSING) | technical: 5 trades, 20% win rate, avg -1.58% (LOSING)
Performance: Total return +0.43% | Max drawdown 0.94% | Daily Sharpe 2.12 | 19 closed trades | Win rate 21% | Avg winner +1.83% | Avg loser -3.26% | Open positions: 2 | Equity $99,294.78
Engine P&L: legacy/unknown: realized $-1,705.68 (19 closed, 21% wins), unrealized $-141.96 (2 open) | Books: legacy: realized $-1,705.68, unrealized $-141.96
Reports: daily realized $+0.00; worst symbols none | weekly realized $+0.00; worst symbols none
Shadow report: 13463 shadow candidate(s), 112 rejection group(s)
Timings: account: 0.0s | risk: 0.8s | decide: 23.8s | watchlist: 0.0s | perf: 0.1s
Timings: account: 0.0s | risk: 0.6s | decide: 15.2s | watchlist: 0.1s | perf: 0.2s

=== Run at 2026-09-03T22:21:40.634978 ===
Build fingerprint: 4f68550affe5
Current time: 2026-09-03 06:21 PM EDT | Market open (per Alpaca): False | Session: EXTENDED
=== Run at 2026-09-03T22:18:14.465199 ===
Build fingerprint: 4f68550affe5
Current time: 2026-09-03 06:18 PM EDT | Market open (per Alpaca): False | Session: EXTENDED
Account value: $99,294.78
Cash: $89,705.74 | Holdings (2): {'GEHC': '0.6136 sh (-5.65%)', 'MS': '43.8344 sh (-1.44%)'}
Sector exposure (cached): Financials 9.6%, Health Care 0.0%
Fill reconciliation: {'filled': 0, 'partial': 0, 'rejected': 1}
Open orders (1): MS sell 43.8344
Risk state: peak $99,703.60 | drawdown 0.41% | today +0.26% | halted: False
Market regime: NEUTRAL (position-size multiplier: 100% incl. circuit breaker 100%)
Overnight queue deferred 3 known-stale idea(s) for 30 minutes to preserve Gemini quota.
Morning verification: 2 overnight-queued trade(s) handed to Gemini for re-verification against fresh data.
News: fetched 158, 3 new after dedup, 0 ticker(s) matched.
Quant pre-screen: 15/26 candidates passed.
Gemini proposed 0 trade(s) meeting the conviction bar.
Gemini calls used today (all models combined): 316
Overnight queue cleared after verification.
Overnight queue retained 3 deferred stale idea(s).
Dashboard watchlist synced (2 symbols) for news/headlines.
Overnight queue deferred 6 known-stale idea(s) for 30 minutes to preserve Gemini quota.
Morning verification: 2 overnight-queued trade(s) handed to Gemini for re-verification against fresh data.
News: fetched 158, 0 new after dedup, 0 ticker(s) matched.
Quant pre-screen: 15/26 candidates passed.
Gemini proposed 2 trade(s) meeting the conviction bar.
Gemini calls used today (all models combined): 313
  -> {"ticker": "HOOD", "status": "skipped", "reason": "stale quote for HOOD (6971.15042s old; limit 180s)", "shadow": false, "data_guard": true}
  -> {"ticker": "ICE", "status": "skipped", "reason": "stale quote for ICE (8308.642153s old; limit 180s)", "shadow": false, "data_guard": true}
Overnight queue kept 8 idea(s) whose market data was stale; they will be retried after fresh quotes arrive.
Dashboard watchlist synced (4 symbols) for news/headlines.
Ending portfolio value: $99,294.78
Trade journal: all: 19 trades, 21% win rate, avg -2.19% | breakout: 1 trades, 0% win rate, avg -8.61% | other: 13 trades, 23% win rate, avg -1.93% | technical: 5 trades, 20% win rate, avg -1.58%
Self-learning: breakout: 1 trades, 0% win rate, avg -8.61% (LOSING) | other: 13 trades, 23% win rate, avg -1.93% (LOSING) | technical: 5 trades, 20% win rate, avg -1.58% (LOSING)
Performance: Total return +0.43% | Max drawdown 0.94% | Daily Sharpe 2.12 | 19 closed trades | Win rate 21% | Avg winner +1.83% | Avg loser -3.26% | Open positions: 2 | Equity $99,294.78
Engine P&L: legacy/unknown: realized $-1,705.68 (19 closed, 21% wins), unrealized $-141.96 (2 open) | Books: legacy: realized $-1,705.68, unrealized $-141.96
Reports: daily realized $+0.00; worst symbols none | weekly realized $+0.00; worst symbols none
Shadow report: 13463 shadow candidate(s), 112 rejection group(s)
Timings: account: 0.0s | risk: 0.1s | decide: 4.3s | watchlist: 0.0s | perf: 0.1s
Shadow report: 13465 shadow candidate(s), 112 rejection group(s)
Timings: account: 0.0s | risk: 0.9s | decide: 11.0s | watchlist: 0.1s | perf: 0.2s

=== Run at 2026-09-03T22:27:09.059011 ===
Build fingerprint: 4f68550affe5
Current time: 2026-09-03 06:27 PM EDT | Market open (per Alpaca): False | Session: EXTENDED
Account value: $99,241.74
Cash: $89,705.74 | Holdings (2): {'GEHC': '0.6136 sh (-5.65%)', 'MS': '43.8344 sh (-1.99%)'}
Sector exposure (cached): Financials 9.6%, Health Care 0.0%
Fill reconciliation: {'filled': 0, 'partial': 0, 'rejected': 1}
Open orders (1): MS sell 43.8344
Risk state: peak $99,703.60 | drawdown 0.46% | today +0.21% | halted: False
Market regime: NEUTRAL (position-size multiplier: 100% incl. circuit breaker 100%)
Overnight queue deferred 3 known-stale idea(s) for 30 minutes to preserve Gemini quota.
News: fetched 158, 2 new after dedup, 0 ticker(s) matched.
Quant pre-screen: 25/38 candidates passed.
Technical fallback (Gemini throttled/unavailable) proposed 8 trade(s) meeting the conviction bar.
Technical fallback cap omitted 3 weaker idea(s) this run.
Gemini calls used today (all models combined): 316
  -> {"ticker": "JNJ", "status": "skipped", "reason": "stale quote for JNJ (8842.234675s old; limit 180s)", "shadow": false, "data_guard": true}
  -> {"ticker": "HPQ", "status": "skipped", "reason": "stale quote for HPQ (8856.034809s old; limit 180s)", "shadow": false, "data_guard": true}
  -> {"ticker": "ICE", "status": "skipped", "reason": "stale quote for ICE (8856.519155s old; limit 180s)", "shadow": false, "data_guard": true}
  -> {"ticker": "KDP", "status": "skipped", "reason": "stale quote for KDP (8841.244073s old; limit 180s)", "shadow": false, "data_guard": true}
  -> {"ticker": "IT", "status": "skipped", "reason": "stale quote for IT (8862.076452s old; limit 180s)", "shadow": false, "data_guard": true}
  -> {"ticker": "IVZ", "status": "skipped", "reason": "stale quote for IVZ (8844.620156s old; limit 180s)", "shadow": false, "data_guard": true}
  -> {"ticker": "IBKR", "status": "skipped", "reason": "stale quote for IBKR (8859.372653s old; limit 180s)", "shadow": false, "data_guard": true}
  -> {"ticker": "INCY", "status": "skipped", "reason": "stale quote for INCY (8869.777671s old; limit 180s)", "shadow": false, "data_guard": true}
Overnight queue KEPT for next run (Gemini did not verify this round -- technical fallback or decision failure); 2 idea(s) remain subject to the retry cap.
Run budget reserve reached -- skipping dashboard watchlist sync.
Run budget reserve reached -- skipping performance snapshot.
Trade journal: all: 19 trades, 21% win rate, avg -2.19% | breakout: 1 trades, 0% win rate, avg -8.61% | other: 13 trades, 23% win rate, avg -1.93% | technical: 5 trades, 20% win rate, avg -1.58%
Self-learning: breakout: 1 trades, 0% win rate, avg -8.61% (LOSING) | other: 13 trades, 23% win rate, avg -1.93% (LOSING) | technical: 5 trades, 20% win rate, avg -1.58% (LOSING)
Performance: Total return +0.43% | Max drawdown 0.94% | Daily Sharpe 2.12 | 19 closed trades | Win rate 21% | Avg winner +1.83% | Avg loser -3.26% | Open positions: 2 | Equity $99,241.74
Engine P&L: legacy/unknown: realized $-1,705.68 (19 closed, 21% wins), unrealized $-194.99 (2 open) | Books: legacy: realized $-1,705.68, unrealized $-194.99
Reports: daily realized $+0.00; worst symbols none | weekly realized $+0.00; worst symbols none
Shadow report: 13473 shadow candidate(s), 114 rejection group(s)
Timings: account: 0.0s | risk: 0.9s | decide: 24.5s | watchlist: 0.0s | perf: 0.1s
=== Run at 2026-09-03T22:24:24.302486 ===
Build fingerprint: 4f68550affe5
Current time: 2026-09-03 06:24 PM EDT | Market open (per Alpaca): False | Session: EXTENDED
Account value: $99,294.78
Cash: $89,705.74 | Holdings (2): {'GEHC': '0.6136 sh (-5.65%)', 'MS': '43.8344 sh (-1.44%)'}
Sector exposure (cached): Financials 9.6%, Health Care 0.0%
Fill reconciliation: {'filled': 0, 'partial': 0, 'rejected': 1}
Open orders (1): MS sell 43.8344
Risk state: peak $99,703.60 | drawdown 0.41% | today +0.26% | halted: False
Market regime: NEUTRAL (position-size multiplier: 100% incl. circuit breaker 100%)
Overnight queue deferred 6 known-stale idea(s) for 30 minutes to preserve Gemini quota.
Morning verification: 2 overnight-queued trade(s) handed to Gemini for re-verification against fresh data.
News: fetched 158, 5 new after dedup, 0 ticker(s) matched.
Quant pre-screen: 25/38 candidates passed.
Gemini proposed 2 trade(s) meeting the conviction bar.
Gemini calls used today (all models combined): 314
  -> {"ticker": "JNJ", "status": "skipped", "reason": "stale quote for JNJ (8674.03358s old; limit 180s)", "shadow": false, "data_guard": true}
  -> {"ticker": "IVZ", "status": "skipped", "reason": "stale quote for IVZ (8676.890052s old; limit 180s)", "shadow": false, "data_guard": true}
Overnight queue kept 8 idea(s) whose market data was stale; they will be retried after fresh quotes arrive.
Dashboard watchlist synced (4 symbols) for news/headlines.
Ending portfolio value: $99,294.78
Trade journal: all: 19 trades, 21% win rate, avg -2.19% | breakout: 1 trades, 0% win rate, avg -8.61% | other: 13 trades, 23% win rate, avg -1.93% | technical: 5 trades, 20% win rate, avg -1.58%
Self-learning: breakout: 1 trades, 0% win rate, avg -8.61% (LOSING) | other: 13 trades, 23% win rate, avg -1.93% (LOSING) | technical: 5 trades, 20% win rate, avg -1.58% (LOSING)
Performance: Total return +0.43% | Max drawdown 0.94% | Daily Sharpe 2.12 | 19 closed trades | Win rate 21% | Avg winner +1.83% | Avg loser -3.26% | Open positions: 2 | Equity $99,294.78
Engine P&L: legacy/unknown: realized $-1,705.68 (19 closed, 21% wins), unrealized $-141.96 (2 open) | Books: legacy: realized $-1,705.68, unrealized $-141.96
Reports: daily realized $+0.00; worst symbols none | weekly realized $+0.00; worst symbols none
Shadow report: 13467 shadow candidate(s), 112 rejection group(s)
Timings: account: 0.0s | risk: 0.5s | decide: 14.8s | watchlist: 0.1s | perf: 0.2s

=== Run at 2026-09-03T22:32:58.475682 ===
Build fingerprint: 4f68550affe5
Current time: 2026-09-03 06:32 PM EDT | Market open (per Alpaca): False | Session: EXTENDED
Account value: $99,267.16
Cash: $89,705.74 | Holdings (2): {'GEHC': '0.6136 sh (-5.65%)', 'MS': '43.8344 sh (-1.72%)'}
Sector exposure (cached): Financials 9.6%, Health Care 0.0%
Fill reconciliation: {'filled': 0, 'partial': 0, 'rejected': 1}
Open orders (1): MS sell 43.8344
Risk state: peak $99,703.60 | drawdown 0.44% | today +0.24% | halted: False
Market regime: NEUTRAL (position-size multiplier: 100% incl. circuit breaker 100%)
Overnight queue deferred 3 known-stale idea(s) for 30 minutes to preserve Gemini quota.
Morning verification: 2 overnight-queued trade(s) handed to Gemini for re-verification against fresh data.
News: fetched 158, 2 new after dedup, 0 ticker(s) matched.
Quant pre-screen: 32/50 candidates passed.
Gemini proposed 2 trade(s) meeting the conviction bar.
Gemini calls used today (all models combined): 317
  -> {"ticker": "ICE", "status": "skipped", "reason": "stale quote for ICE (9200.437699s old; limit 180s)", "shadow": false, "data_guard": true}
  -> {"ticker": "HOOD", "status": "skipped", "reason": "stale quote for HOOD (7863.544021s old; limit 180s)", "shadow": false, "data_guard": true}
Overnight queue kept 5 idea(s) whose market data was stale; they will be retried after fresh quotes arrive.
=== Run at 2026-09-03T22:29:58.567334 ===
Build fingerprint: 4f68550affe5
Current time: 2026-09-03 06:29 PM EDT | Market open (per Alpaca): False | Session: EXTENDED
Account value: $99,241.74
Cash: $89,705.74 | Holdings (2): {'GEHC': '0.6136 sh (-5.65%)', 'MS': '43.8344 sh (-1.99%)'}
Sector exposure (cached): Financials 9.6%, Health Care 0.0%
Fill reconciliation: {'filled': 0, 'partial': 0, 'rejected': 1}
Open orders (1): MS sell 43.8344
Risk state: peak $99,703.60 | drawdown 0.46% | today +0.21% | halted: False
Market regime: NEUTRAL (position-size multiplier: 100% incl. circuit breaker 100%)
Overnight queue deferred 8 known-stale idea(s) for 30 minutes to preserve Gemini quota.
News: fetched 158, 3 new after dedup, 0 ticker(s) matched.
Quant pre-screen: 32/50 candidates passed.
Gemini proposed 2 trade(s) meeting the conviction bar.
Gemini calls used today (all models combined): 315
  -> {"ticker": "ICE", "status": "skipped", "reason": "stale quote for ICE (9007.105507s old; limit 180s)", "shadow": false, "data_guard": true}
  -> {"ticker": "HPQ", "status": "skipped", "reason": "stale quote for HPQ (9007.044371s old; limit 180s)", "shadow": false, "data_guard": true}
Overnight queue kept 8 idea(s) whose market data was stale; they will be retried after fresh quotes arrive.
Dashboard watchlist synced (4 symbols) for news/headlines.
Ending portfolio value: $99,267.16
Trade journal: all: 19 trades, 21% win rate, avg -2.19% | breakout: 1 trades, 0% win rate, avg -8.61% | other: 13 trades, 23% win rate, avg -1.93% | technical: 5 trades, 20% win rate, avg -1.58%
Self-learning: breakout: 1 trades, 0% win rate, avg -8.61% (LOSING) | other: 13 trades, 23% win rate, avg -1.93% (LOSING) | technical: 5 trades, 20% win rate, avg -1.58% (LOSING)
Performance: Total return +0.40% | Max drawdown 0.94% | Daily Sharpe 1.99 | 19 closed trades | Win rate 21% | Avg winner +1.83% | Avg loser -3.26% | Open positions: 2 | Equity $99,267.16
Engine P&L: legacy/unknown: realized $-1,705.68 (19 closed, 21% wins), unrealized $-169.57 (2 open) | Books: legacy: realized $-1,705.68, unrealized $-169.57
Reports: daily realized $+0.00; worst symbols none | weekly realized $+0.00; worst symbols none
Shadow report: 13475 shadow candidate(s), 114 rejection group(s)
Timings: account: 0.0s | risk: 0.9s | decide: 19.1s | watchlist: 0.1s | perf: 0.3s
Performance: Total return +0.40% | Max drawdown 0.94% | Daily Sharpe 1.99 | 19 closed trades | Win rate 21% | Avg winner +1.83% | Avg loser -3.26% | Open positions: 2 | Equity $99,241.74
Engine P&L: legacy/unknown: realized $-1,705.68 (19 closed, 21% wins), unrealized $-169.57 (2 open) | Books: legacy: realized $-1,705.68, unrealized $-169.57
Reports: daily realized $+0.00; worst symbols none | weekly realized $+0.00; worst symbols none
Shadow report: 13469 shadow candidate(s), 112 rejection group(s)
Timings: account: 0.0s | risk: 0.5s | decide: 6.1s | watchlist: 0.1s | perf: 0.2s

=== Run at 2026-09-03T22:39:07.557078 ===
Build fingerprint: 4f68550affe5
Current time: 2026-09-03 06:39 PM EDT | Market open (per Alpaca): False | Session: EXTENDED
=== Run at 2026-09-03T22:36:11.902218 ===
Build fingerprint: 4f68550affe5
Current time: 2026-09-03 06:36 PM EDT | Market open (per Alpaca): False | Session: EXTENDED
Account value: $99,267.16
Cash: $89,705.74 | Holdings (2): {'GEHC': '0.6136 sh (-5.65%)', 'MS': '43.8344 sh (-1.72%)'}
Sector exposure (cached): Financials 9.6%, Health Care 0.0%
Fill reconciliation: {'filled': 0, 'partial': 0, 'rejected': 1}
Open orders (1): MS sell 43.8344
Risk state: peak $99,703.60 | drawdown 0.44% | today +0.24% | halted: False
Market regime: NEUTRAL (position-size multiplier: 100% incl. circuit breaker 100%)
Overnight queue deferred 2 known-stale idea(s) for 30 minutes to preserve Gemini quota.
Morning verification: 3 overnight-queued trade(s) handed to Gemini for re-verification against fresh data.
News: fetched 158, 6 new after dedup, 1 ticker(s) matched.
Quant pre-screen: 10/15 candidates passed.
Gemini proposed 2 trade(s) meeting the conviction bar.
Gemini calls used today (all models combined): 318
  -> {"ticker": "NVDA", "status": "skipped", "reason": "stale quote for NVDA (9562.984319s old; limit 180s)", "shadow": false, "data_guard": true}
  -> {"ticker": "DAQ", "status": "failed", "reason": "no valid price data"}
Overnight queue kept 6 idea(s) whose market data was stale; they will be retried after fresh quotes arrive.
Overnight queue deferred 8 known-stale idea(s) for 30 minutes to preserve Gemini quota.
News: fetched 158, 5 new after dedup, 0 ticker(s) matched.
Quant pre-screen: 35/60 candidates passed.
Gemini proposed 3 trade(s) meeting the conviction bar.
Gemini calls used today (all models combined): 316
  -> {"ticker": "HPE", "status": "skipped", "reason": "entry alignment: price $54.43 is not above SMA-20 $54.47"}
  -> {"ticker": "ICE", "status": "skipped", "reason": "stale quote for ICE (9378.69797s old; limit 180s)", "shadow": false, "data_guard": true}
  -> {"ticker": "HPQ", "status": "skipped", "reason": "stale quote for HPQ (9378.557541s old; limit 180s)", "shadow": false, "data_guard": true}
Overnight queue kept 8 idea(s) whose market data was stale; they will be retried after fresh quotes arrive.
Dashboard watchlist synced (5 symbols) for news/headlines.
Ending portfolio value: $99,267.16
Trade journal: all: 19 trades, 21% win rate, avg -2.19% | breakout: 1 trades, 0% win rate, avg -8.61% | other: 13 trades, 23% win rate, avg -1.93% | technical: 5 trades, 20% win rate, avg -1.58%
Self-learning: breakout: 1 trades, 0% win rate, avg -8.61% (LOSING) | other: 13 trades, 23% win rate, avg -1.93% (LOSING) | technical: 5 trades, 20% win rate, avg -1.58% (LOSING)
Performance: Total return +0.40% | Max drawdown 0.94% | Daily Sharpe 1.99 | 19 closed trades | Win rate 21% | Avg winner +1.83% | Avg loser -3.26% | Open positions: 2 | Equity $99,267.16
Engine P&L: legacy/unknown: realized $-1,705.68 (19 closed, 21% wins), unrealized $-169.57 (2 open) | Books: legacy: realized $-1,705.68, unrealized $-169.57
Reports: daily realized $+0.00; worst symbols none | weekly realized $+0.00; worst symbols none
Shadow report: 13476 shadow candidate(s), 114 rejection group(s)
Timings: account: 0.0s | risk: 0.9s | decide: 14.7s | watchlist: 0.1s | perf: 0.3s
Shadow report: 13471 shadow candidate(s), 114 rejection group(s)
Timings: account: 0.0s | risk: 0.2s | decide: 4.4s | watchlist: 0.0s | perf: 0.2s

=== Run at 2026-09-03T22:45:22.739961 ===
Build fingerprint: 4f68550affe5
Current time: 2026-09-03 06:45 PM EDT | Market open (per Alpaca): False | Session: EXTENDED
Account value: $99,232.09
Cash: $89,705.74 | Holdings (2): {'GEHC': '0.6136 sh (-5.65%)', 'MS': '43.8344 sh (-2.09%)'}
Sector exposure (cached): Financials 9.6%, Health Care 0.0%
Fill reconciliation: {'filled': 0, 'partial': 0, 'rejected': 1}
Open orders (1): MS sell 43.8344
Risk state: peak $99,703.60 | drawdown 0.47% | today +0.20% | halted: False
Market regime: NEUTRAL (position-size multiplier: 100% incl. circuit breaker 100%)
Overnight queue deferred 3 known-stale idea(s) for 30 minutes to preserve Gemini quota.
Morning verification: 3 overnight-queued trade(s) handed to Gemini for re-verification against fresh data.
News: fetched 158, 2 new after dedup, 0 ticker(s) matched.
Quant pre-screen: 35/60 candidates passed.
Gemini proposed 3 trade(s) meeting the conviction bar.
Gemini calls used today (all models combined): 319
  -> {"ticker": "HPQ", "status": "skipped", "reason": "stale quote for HPQ (9932.993339s old; limit 180s)", "shadow": false, "data_guard": true}
  -> {"ticker": "ICE", "status": "skipped", "reason": "stale quote for ICE (9933.565006s old; limit 180s)", "shadow": false, "data_guard": true}
  -> {"ticker": "HOOD", "status": "skipped", "reason": "stale quote for HOOD (8596.679602s old; limit 180s)", "shadow": false, "data_guard": true}
Overnight queue kept 6 idea(s) whose market data was stale; they will be retried after fresh quotes arrive.
Dashboard watchlist synced (5 symbols) for news/headlines.
Ending portfolio value: $99,232.09
Trade journal: all: 19 trades, 21% win rate, avg -2.19% | breakout: 1 trades, 0% win rate, avg -8.61% | other: 13 trades, 23% win rate, avg -1.93% | technical: 5 trades, 20% win rate, avg -1.58%
Self-learning: breakout: 1 trades, 0% win rate, avg -8.61% (LOSING) | other: 13 trades, 23% win rate, avg -1.93% (LOSING) | technical: 5 trades, 20% win rate, avg -1.58% (LOSING)
Performance: Total return +0.37% | Max drawdown 0.94% | Daily Sharpe 1.83 | 19 closed trades | Win rate 21% | Avg winner +1.83% | Avg loser -3.26% | Open positions: 2 | Equity $99,232.09
Engine P&L: legacy/unknown: realized $-1,705.68 (19 closed, 21% wins), unrealized $-204.64 (2 open) | Books: legacy: realized $-1,705.68, unrealized $-204.64
Reports: daily realized $+0.00; worst symbols none | weekly realized $+0.00; worst symbols none
Shadow report: 13479 shadow candidate(s), 114 rejection group(s)
Timings: account: 0.0s | risk: 1.2s | decide: 7.7s | watchlist: 0.1s | perf: 0.3s
=== Run at 2026-09-03T22:42:07.950472 ===
Build fingerprint: 4f68550affe5
Current time: 2026-09-03 06:42 PM EDT | Market open (per Alpaca): False | Session: EXTENDED
Account value: $99,267.16
Cash: $89,705.74 | Holdings (2): {'GEHC': '0.6136 sh (-5.65%)', 'MS': '43.8344 sh (-1.72%)'}
Sector exposure (cached): Financials 9.6%, Health Care 0.0%
Fill reconciliation: {'filled': 0, 'partial': 0, 'rejected': 1}
Open orders (1): MS sell 43.8344
Risk state: peak $99,703.60 | drawdown 0.44% | today +0.24% | halted: False
Market regime: NEUTRAL (position-size multiplier: 100% incl. circuit breaker 100%)
Overnight queue deferred 8 known-stale idea(s) for 30 minutes to preserve Gemini quota.
News: fetched 158, 2 new after dedup, 1 ticker(s) matched.
Quant pre-screen: 19/27 candidates passed.
Technical fallback (Gemini throttled/unavailable) proposed 8 trade(s) meeting the conviction bar.
Technical fallback cap omitted 1 weaker idea(s) this run.
Gemini calls used today (all models combined): 316
  -> {"ticker": "NVDA", "status": "skipped", "reason": "stale quote for NVDA (9732.140445s old; limit 180s)", "shadow": false, "data_guard": true}
  -> {"ticker": "NOW", "status": "skipped", "reason": "stale quote for NOW (9737.75129s old; limit 180s)", "shadow": false, "data_guard": true}
  -> {"ticker": "NUE", "status": "skipped", "reason": "stale quote for NUE (9737.119812s old; limit 180s)", "shadow": false, "data_guard": true}
  -> {"ticker": "NDAQ", "status": "skipped", "reason": "stale quote for NDAQ (9770.912939s old; limit 180s)", "shadow": false, "data_guard": true}
  -> {"ticker": "NFLX", "status": "skipped", "reason": "stale quote for NFLX (9754.693828s old; limit 180s)", "shadow": false, "data_guard": true}
  -> {"ticker": "NEM", "status": "skipped", "reason": "stale quote for NEM (9764.842614s old; limit 180s)", "shadow": false, "data_guard": true}
  -> {"ticker": "NTRS", "status": "skipped", "reason": "stale quote for NTRS (9744.652644s old; limit 180s)", "shadow": false, "data_guard": true}
  -> {"ticker": "NWS", "status": "skipped", "reason": "stale quote for NWS (9737.015998s old; limit 180s)", "shadow": false, "data_guard": true}
Overnight queue KEPT for next run (Gemini did not verify this round -- technical fallback or decision failure); 2 idea(s) remain subject to the retry cap.
Run budget reserve reached -- skipping dashboard watchlist sync.
Run budget reserve reached -- skipping performance snapshot.
Trade journal: all: 19 trades, 21% win rate, avg -2.19% | breakout: 1 trades, 0% win rate, avg -8.61% | other: 13 trades, 23% win rate, avg -1.93% | technical: 5 trades, 20% win rate, avg -1.58%
Self-learning: breakout: 1 trades, 0% win rate, avg -8.61% (LOSING) | other: 13 trades, 23% win rate, avg -1.93% (LOSING) | technical: 5 trades, 20% win rate, avg -1.58% (LOSING)
Performance: Total return +0.40% | Max drawdown 0.94% | Daily Sharpe 1.99 | 19 closed trades | Win rate 21% | Avg winner +1.83% | Avg loser -3.26% | Open positions: 2 | Equity $99,267.16
Engine P&L: legacy/unknown: realized $-1,705.68 (19 closed, 21% wins), unrealized $-169.57 (2 open) | Books: legacy: realized $-1,705.68, unrealized $-169.57
Reports: daily realized $+0.00; worst symbols none | weekly realized $+0.00; worst symbols none
Shadow report: 13479 shadow candidate(s), 114 rejection group(s)
Timings: account: 0.0s | risk: 0.2s | decide: 25.0s | watchlist: 0.0s | perf: 0.1s

=== Run at 2026-09-03T22:51:01.717232 ===
Build fingerprint: 4f68550affe5
Current time: 2026-09-03 06:51 PM EDT | Market open (per Alpaca): False | Session: EXTENDED
=== Run at 2026-09-03T22:48:19.908255 ===
Build fingerprint: 4f68550affe5
Current time: 2026-09-03 06:48 PM EDT | Market open (per Alpaca): False | Session: EXTENDED
Account value: $99,232.09
Cash: $89,705.74 | Holdings (2): {'GEHC': '0.6136 sh (-5.65%)', 'MS': '43.8344 sh (-2.09%)'}
Sector exposure (cached): Financials 9.6%, Health Care 0.0%
Fill reconciliation: {'filled': 0, 'partial': 0, 'rejected': 1}
Open orders (1): MS sell 43.8344
Risk state: peak $99,703.60 | drawdown 0.47% | today +0.20% | halted: False
Market regime: NEUTRAL (position-size multiplier: 100% incl. circuit breaker 100%)
Overnight queue deferred 4 known-stale idea(s) for 30 minutes to preserve Gemini quota.
Morning verification: 2 overnight-queued trade(s) handed to Gemini for re-verification against fresh data.
News fetch failed, proceeding with watchlist only: 503 Server Error: Service Unavailable for url: https://finnhub.io/api/v1/news?category=general&token=d9ud5l1r01qs9cmc9n2gd9ud5l1r01qs9cmc9n30
Quant pre-screen: 35/60 candidates passed.
Gemini proposed 2 trade(s) meeting the conviction bar.
Gemini calls used today (all models combined): 320
  -> {"ticker": "ICE", "status": "skipped", "reason": "stale quote for ICE (10267.510811s old; limit 180s)", "shadow": false, "data_guard": true}
  -> {"ticker": "HOOD", "status": "skipped", "reason": "stale quote for HOOD (8930.395436s old; limit 180s)", "shadow": false, "data_guard": true}
Overnight queue kept 6 idea(s) whose market data was stale; they will be retried after fresh quotes arrive.
Dashboard watchlist synced (4 symbols) for news/headlines.
Morning verification: 6 overnight-queued trade(s) handed to Gemini for re-verification against fresh data.
News: fetched 158, 0 new after dedup, 0 ticker(s) matched.
Quant pre-screen: 35/60 candidates passed.
Gemini proposed 3 trade(s) meeting the conviction bar.
Gemini calls used today (all models combined): 317
  -> {"ticker": "HPQ", "status": "skipped", "reason": "stale quote for HPQ (10124.243661s old; limit 180s)", "shadow": false, "data_guard": true}
  -> {"ticker": "ICE", "status": "skipped", "reason": "stale quote for ICE (10124.722012s old; limit 180s)", "shadow": false, "data_guard": true}
  -> {"ticker": "JNJ", "status": "skipped", "reason": "stale quote for JNJ (10126.907286s old; limit 180s)", "shadow": false, "data_guard": true}
Overnight queue kept 10 idea(s) whose market data was stale; they will be retried after fresh quotes arrive.
Dashboard watchlist synced (5 symbols) for news/headlines.
Ending portfolio value: $99,232.09
Trade journal: all: 19 trades, 21% win rate, avg -2.19% | breakout: 1 trades, 0% win rate, avg -8.61% | other: 13 trades, 23% win rate, avg -1.93% | technical: 5 trades, 20% win rate, avg -1.58%
Self-learning: breakout: 1 trades, 0% win rate, avg -8.61% (LOSING) | other: 13 trades, 23% win rate, avg -1.93% (LOSING) | technical: 5 trades, 20% win rate, avg -1.58% (LOSING)
Performance: Total return +0.37% | Max drawdown 0.94% | Daily Sharpe 1.83 | 19 closed trades | Win rate 21% | Avg winner +1.83% | Avg loser -3.26% | Open positions: 2 | Equity $99,232.09
Engine P&L: legacy/unknown: realized $-1,705.68 (19 closed, 21% wins), unrealized $-204.64 (2 open) | Books: legacy: realized $-1,705.68, unrealized $-204.64
Reports: daily realized $+0.00; worst symbols none | weekly realized $+0.00; worst symbols none
Shadow report: 13481 shadow candidate(s), 114 rejection group(s)
Timings: account: 0.0s | risk: 0.4s | decide: 3.5s | watchlist: 0.0s | perf: 0.2s
Shadow report: 13482 shadow candidate(s), 114 rejection group(s)
Timings: account: 0.0s | risk: 0.8s | decide: 22.0s | watchlist: 0.1s | perf: 0.2s

