=== Run at 2026-09-19T00:00:38.022586 ===
Build fingerprint: 4f68550affe5
Current time: 2026-09-18 08:00 PM EDT | Market open (per Alpaca): False | Session: CLOSED
Account value: $99,311.19
Cash: $99,311.19 | Holdings (0): none
Sector exposure (cached): unavailable (no holdings)
Fill reconciliation: {'filled': 0, 'partial': 0, 'rejected': 1}
Risk state: peak $99,703.60 | drawdown 0.39% | today +0.00% | halted: False
Market regime: NEUTRAL (position-size multiplier: 100% incl. circuit breaker 100%)
News: fetched 156, 2 new after dedup, 0 ticker(s) matched.
Quant pre-screen: 14/16 candidates passed.
Gemini proposed 3 trade(s) meeting the conviction bar.
Gemini calls used today (all models combined): 353
Market closed (overnight): queued 12 trade idea(s) for next-morning verification -- nothing submitted yet.
  -> queued KMI buy (conf 85, stop 30.41, tp 33.5)
  -> queued MU buy (conf 92, stop 975.0, tp 1060.0)
  -> queued KEYS buy (conf 78, stop 311.44, tp 355.0)
  -> queued SNDK buy (conf 72, stop 1504.56, tp 1950.0)
  -> queued PFG buy (conf None, stop 113.225, tp 119.035)
  -> queued MET buy (conf None, stop 94.95, tp 98.75)
  -> queued HOOD buy (conf 71, stop 101.72, tp 125.0)
  -> queued RVTY buy (conf None, stop 120.96, tp 149.475)
  -> queued META buy (conf None, stop 605.38, tp 690.0)
  -> queued KR buy (conf None, stop 56.14, tp 62.535)
  -> queued ARE buy (conf None, stop 49.24, tp 57.23)
  -> queued MPC buy (conf None, stop 379.575, tp 427.92)
Dashboard watchlist synced (3 symbols) for news/headlines.
Ending portfolio value: $99,311.19
Trade journal: all: 19 trades, 21% win rate, avg -2.19% | breakout: 1 trades, 0% win rate, avg -8.61% | other: 13 trades, 23% win rate, avg -1.93% | technical: 5 trades, 20% win rate, avg -1.58%
Self-learning: breakout: 1 trades, 0% win rate, avg -8.61% (LOSING) | other: 13 trades, 23% win rate, avg -1.93% (LOSING) | technical: 5 trades, 20% win rate, avg -1.58% (LOSING)
Performance: Total return +0.45% | Max drawdown 0.94% | Daily Sharpe 1.59 | 19 closed trades | Win rate 21% | Avg winner +1.83% | Avg loser -3.26% | Open positions: 0 | Equity $99,311.19
Engine P&L: legacy/unknown: realized $-1,705.68 (19 closed, 21% wins), unrealized $+0.00 (0 open) | Books: legacy: realized $-1,705.68, unrealized $+0.00
Reports: daily realized $+0.00; worst symbols none | weekly realized $+0.00; worst symbols none
Shadow report: 25169 shadow candidate(s), 91 rejection group(s)
Timings: account: 0.0s | risk: 0.3s | decide: 20.4s | watchlist: 0.1s | perf: 0.3s

=== Run at 2026-09-19T00:02:27.319542 ===
Build fingerprint: 4f68550affe5
Current time: 2026-09-18 08:02 PM EDT | Market open (per Alpaca): False | Session: CLOSED
Account value: $99,311.19
Cash: $99,311.19 | Holdings (0): none
Sector exposure (cached): unavailable (no holdings)
Fill reconciliation: {'filled': 0, 'partial': 0, 'rejected': 1}
Risk state: peak $99,703.60 | drawdown 0.39% | today +0.00% | halted: False
Market regime: NEUTRAL (position-size multiplier: 100% incl. circuit breaker 100%)
News: fetched 157, 0 new after dedup, 0 ticker(s) matched.
Quant pre-screen: 17/27 candidates passed.
Technical fallback (Gemini throttled/unavailable) proposed 3 trade(s) meeting the conviction bar.
Gemini calls used today (all models combined): 353
Market closed (overnight): queued 12 trade idea(s) for next-morning verification -- nothing submitted yet.
  -> queued MU buy (conf 92, stop 975.0, tp 1060.0)
  -> queued KMI buy (conf 85, stop 30.41, tp 33.5)
  -> queued KEYS buy (conf 78, stop 311.44, tp 355.0)
  -> queued SNDK buy (conf None, stop 1504.56, tp 1807.01)
  -> queued PFG buy (conf None, stop 113.225, tp 119.035)
  -> queued MET buy (conf None, stop 94.95, tp 98.75)
  -> queued HOOD buy (conf 71, stop 101.72, tp 125.0)
  -> queued RVTY buy (conf None, stop 120.96, tp 149.475)
  -> queued META buy (conf None, stop 605.38, tp 690.0)
  -> queued KR buy (conf None, stop 56.14, tp 62.535)
  -> queued ARE buy (conf None, stop 49.24, tp 57.23)
  -> queued MPC buy (conf None, stop 379.575, tp 427.92)
Run budget reserve reached -- skipping dashboard watchlist sync.
Run budget reserve reached -- skipping performance snapshot.
Trade journal: all: 19 trades, 21% win rate, avg -2.19% | breakout: 1 trades, 0% win rate, avg -8.61% | other: 13 trades, 23% win rate, avg -1.93% | technical: 5 trades, 20% win rate, avg -1.58%
Self-learning: breakout: 1 trades, 0% win rate, avg -8.61% (LOSING) | other: 13 trades, 23% win rate, avg -1.93% (LOSING) | technical: 5 trades, 20% win rate, avg -1.58% (LOSING)
Performance: Total return +0.45% | Max drawdown 0.94% | Daily Sharpe 1.59 | 19 closed trades | Win rate 21% | Avg winner +1.83% | Avg loser -3.26% | Open positions: 0 | Equity $99,311.19
Engine P&L: legacy/unknown: realized $-1,705.68 (19 closed, 21% wins), unrealized $+0.00 (0 open) | Books: legacy: realized $-1,705.68, unrealized $+0.00
Reports: daily realized $+0.00; worst symbols none | weekly realized $+0.00; worst symbols none
Shadow report: 25169 shadow candidate(s), 91 rejection group(s)
Timings: account: 0.0s | risk: 0.3s | decide: 24.0s | watchlist: 0.0s | perf: 0.2s

=== Run at 2026-09-19T00:04:31.106600 ===
Build fingerprint: 4f68550affe5
Current time: 2026-09-18 08:04 PM EDT | Market open (per Alpaca): False | Session: CLOSED
Account value: $99,311.19
Cash: $99,311.19 | Holdings (0): none
Sector exposure (cached): unavailable (no holdings)
Fill reconciliation: {'filled': 0, 'partial': 0, 'rejected': 1}
Risk state: peak $99,703.60 | drawdown 0.39% | today +0.00% | halted: False
Market regime: NEUTRAL (position-size multiplier: 100% incl. circuit breaker 100%)
News: fetched 157, 1 new after dedup, 0 ticker(s) matched.
Quant pre-screen: 27/39 candidates passed.
Gemini proposed 2 trade(s) meeting the conviction bar.
Gemini calls used today (all models combined): 354
Market closed (overnight): queued 12 trade idea(s) for next-morning verification -- nothing submitted yet.
  -> queued MU buy (conf 92, stop 975.0, tp 1060.0)
  -> queued KMI buy (conf 85, stop 30.41, tp 33.5)
  -> queued KEYS buy (conf 78, stop 311.44, tp 355.0)
  -> queued SNDK buy (conf None, stop 1504.56, tp 1807.01)
  -> queued PFG buy (conf None, stop 113.225, tp 119.035)
  -> queued MET buy (conf None, stop 94.95, tp 98.75)
  -> queued HOOD buy (conf 71, stop 101.72, tp 125.0)
  -> queued RVTY buy (conf None, stop 120.96, tp 149.475)
  -> queued META buy (conf None, stop 605.38, tp 690.0)
  -> queued KR buy (conf None, stop 56.14, tp 62.535)
  -> queued ARE buy (conf None, stop 49.24, tp 57.23)
  -> queued MPC buy (conf None, stop 379.575, tp 427.92)
Dashboard watchlist synced (2 symbols) for news/headlines.
Ending portfolio value: $99,311.19
Trade journal: all: 19 trades, 21% win rate, avg -2.19% | breakout: 1 trades, 0% win rate, avg -8.61% | other: 13 trades, 23% win rate, avg -1.93% | technical: 5 trades, 20% win rate, avg -1.58%
Self-learning: breakout: 1 trades, 0% win rate, avg -8.61% (LOSING) | other: 13 trades, 23% win rate, avg -1.93% (LOSING) | technical: 5 trades, 20% win rate, avg -1.58% (LOSING)
Performance: Total return +0.45% | Max drawdown 0.94% | Daily Sharpe 1.56 | 19 closed trades | Win rate 21% | Avg winner +1.83% | Avg loser -3.26% | Open positions: 0 | Equity $99,311.19
Engine P&L: legacy/unknown: realized $-1,705.68 (19 closed, 21% wins), unrealized $+0.00 (0 open) | Books: legacy: realized $-1,705.68, unrealized $+0.00
Reports: daily realized $+0.00; worst symbols none | weekly realized $+0.00; worst symbols none
Shadow report: 25169 shadow candidate(s), 91 rejection group(s)
Timings: account: 0.0s | risk: 0.3s | decide: 11.3s | watchlist: 0.1s | perf: 0.4s

=== Run at 2026-09-19T00:06:26.931190 ===
Build fingerprint: 4f68550affe5
Current time: 2026-09-18 08:06 PM EDT | Market open (per Alpaca): False | Session: CLOSED
Account value: $99,311.19
Cash: $99,311.19 | Holdings (0): none
Sector exposure (cached): unavailable (no holdings)
Fill reconciliation: {'filled': 0, 'partial': 0, 'rejected': 1}
Risk state: peak $99,703.60 | drawdown 0.39% | today +0.00% | halted: False
Market regime: NEUTRAL (position-size multiplier: 100% incl. circuit breaker 100%)
News: fetched 157, 1 new after dedup, 0 ticker(s) matched.
Quant pre-screen: 35/51 candidates passed.
Gemini proposed 3 trade(s) meeting the conviction bar.
Gemini calls used today (all models combined): 355
Market closed (overnight): queued 12 trade idea(s) for next-morning verification -- nothing submitted yet.
  -> queued MU buy (conf 92, stop 975.0, tp 1060.0)
  -> queued KMI buy (conf 85, stop 30.41, tp 33.5)
  -> queued KEYS buy (conf 78, stop 311.44, tp 355.0)
  -> queued SNDK buy (conf None, stop 1504.56, tp 1807.01)
  -> queued PFG buy (conf None, stop 113.225, tp 119.035)
  -> queued MET buy (conf 72, stop 94.95, tp 100.8)
  -> queued HOOD buy (conf 71, stop 101.72, tp 125.0)
  -> queued RVTY buy (conf None, stop 120.96, tp 149.475)
  -> queued META buy (conf None, stop 605.38, tp 690.0)
  -> queued KR buy (conf None, stop 56.14, tp 62.535)
  -> queued ARE buy (conf None, stop 49.24, tp 57.23)
  -> queued MPC buy (conf None, stop 379.575, tp 427.92)
Dashboard watchlist synced (3 symbols) for news/headlines.
Ending portfolio value: $99,311.19
Trade journal: all: 19 trades, 21% win rate, avg -2.19% | breakout: 1 trades, 0% win rate, avg -8.61% | other: 13 trades, 23% win rate, avg -1.93% | technical: 5 trades, 20% win rate, avg -1.58%
Self-learning: breakout: 1 trades, 0% win rate, avg -8.61% (LOSING) | other: 13 trades, 23% win rate, avg -1.93% (LOSING) | technical: 5 trades, 20% win rate, avg -1.58% (LOSING)
Performance: Total return +0.45% | Max drawdown 0.94% | Daily Sharpe 1.56 | 19 closed trades | Win rate 21% | Avg winner +1.83% | Avg loser -3.26% | Open positions: 0 | Equity $99,311.19
Engine P&L: legacy/unknown: realized $-1,705.68 (19 closed, 21% wins), unrealized $+0.00 (0 open) | Books: legacy: realized $-1,705.68, unrealized $+0.00
Reports: daily realized $+0.00; worst symbols none | weekly realized $+0.00; worst symbols none
Shadow report: 25169 shadow candidate(s), 91 rejection group(s)
Timings: account: 0.0s | risk: 0.1s | decide: 6.6s | watchlist: 0.0s | perf: 0.3s

=== Run at 2026-09-19T00:08:26.097772 ===
Build fingerprint: 4f68550affe5
Current time: 2026-09-18 08:08 PM EDT | Market open (per Alpaca): False | Session: CLOSED
Account value: $99,311.19
Cash: $99,311.19 | Holdings (0): none
Sector exposure (cached): unavailable (no holdings)
Fill reconciliation: {'filled': 0, 'partial': 0, 'rejected': 1}
Risk state: peak $99,703.60 | drawdown 0.39% | today +0.00% | halted: False
Market regime: NEUTRAL (position-size multiplier: 100% incl. circuit breaker 100%)
News: fetched 157, 1 new after dedup, 0 ticker(s) matched.
Quant pre-screen: 42/63 candidates passed.
Gemini proposed 3 trade(s) meeting the conviction bar.
Gemini calls used today (all models combined): 356
Market closed (overnight): queued 12 trade idea(s) for next-morning verification -- nothing submitted yet.
  -> queued MU buy (conf 88, stop 902.76, tp 1085.0)
  -> queued KMI buy (conf 92, stop 30.41, tp 33.8)
  -> queued KEYS buy (conf 78, stop 311.44, tp 355.0)
  -> queued SNDK buy (conf None, stop 1504.56, tp 1807.01)
  -> queued PFG buy (conf None, stop 113.225, tp 119.035)
  -> queued MET buy (conf 85, stop 94.95, tp 100.86)
  -> queued HOOD buy (conf 71, stop 101.72, tp 125.0)
  -> queued RVTY buy (conf None, stop 120.96, tp 149.475)
  -> queued META buy (conf None, stop 605.38, tp 690.0)
  -> queued KR buy (conf None, stop 56.14, tp 62.535)
  -> queued ARE buy (conf None, stop 49.24, tp 57.23)
  -> queued MPC buy (conf None, stop 379.575, tp 427.92)
Dashboard watchlist synced (3 symbols) for news/headlines.
Ending portfolio value: $99,311.19
Trade journal: all: 19 trades, 21% win rate, avg -2.19% | breakout: 1 trades, 0% win rate, avg -8.61% | other: 13 trades, 23% win rate, avg -1.93% | technical: 5 trades, 20% win rate, avg -1.58%
Self-learning: breakout: 1 trades, 0% win rate, avg -8.61% (LOSING) | other: 13 trades, 23% win rate, avg -1.93% (LOSING) | technical: 5 trades, 20% win rate, avg -1.58% (LOSING)
Performance: Total return +0.45% | Max drawdown 0.94% | Daily Sharpe 1.56 | 19 closed trades | Win rate 21% | Avg winner +1.83% | Avg loser -3.26% | Open positions: 0 | Equity $99,311.19
Engine P&L: legacy/unknown: realized $-1,705.68 (19 closed, 21% wins), unrealized $+0.00 (0 open) | Books: legacy: realized $-1,705.68, unrealized $+0.00
Reports: daily realized $+0.00; worst symbols none | weekly realized $+0.00; worst symbols none
Shadow report: 25169 shadow candidate(s), 91 rejection group(s)
Timings: account: 0.0s | risk: 0.0s | decide: 4.4s | watchlist: 0.0s | perf: 0.2s

=== Run at 2026-09-19T00:10:31.387348 ===
Build fingerprint: 4f68550affe5
Current time: 2026-09-18 08:10 PM EDT | Market open (per Alpaca): False | Session: CLOSED
Account value: $99,311.19
Cash: $99,311.19 | Holdings (0): none
Sector exposure (cached): unavailable (no holdings)
Fill reconciliation: {'filled': 0, 'partial': 0, 'rejected': 1}
Risk state: peak $99,703.60 | drawdown 0.39% | today +0.00% | halted: False
Market regime: NEUTRAL (position-size multiplier: 100% incl. circuit breaker 100%)
News: fetched 157, 2 new after dedup, 0 ticker(s) matched.
Quant pre-screen: 42/64 candidates passed.
Gemini proposed 3 trade(s) meeting the conviction bar.
Gemini calls used today (all models combined): 357
Market closed (overnight): queued 12 trade idea(s) for next-morning verification -- nothing submitted yet.
  -> queued MU buy (conf 92, stop 902.76, tp 1042.38)
  -> queued KMI buy (conf 88, stop 30.41, tp 32.33)
  -> queued KEYS buy (conf 78, stop 311.44, tp 355.0)
  -> queued SNDK buy (conf None, stop 1504.56, tp 1807.01)
  -> queued PFG buy (conf None, stop 113.225, tp 119.035)
  -> queued MET buy (conf 75, stop 94.95, tp 98.75)
  -> queued HOOD buy (conf 71, stop 101.72, tp 125.0)
  -> queued RVTY buy (conf None, stop 120.96, tp 149.475)
  -> queued META buy (conf None, stop 605.38, tp 690.0)
  -> queued KR buy (conf None, stop 56.14, tp 62.535)
  -> queued ARE buy (conf None, stop 49.24, tp 57.23)
  -> queued MPC buy (conf None, stop 379.575, tp 427.92)
Dashboard watchlist synced (3 symbols) for news/headlines.
Ending portfolio value: $99,311.19
Trade journal: all: 19 trades, 21% win rate, avg -2.19% | breakout: 1 trades, 0% win rate, avg -8.61% | other: 13 trades, 23% win rate, avg -1.93% | technical: 5 trades, 20% win rate, avg -1.58%
Self-learning: breakout: 1 trades, 0% win rate, avg -8.61% (LOSING) | other: 13 trades, 23% win rate, avg -1.93% (LOSING) | technical: 5 trades, 20% win rate, avg -1.58% (LOSING)
Performance: Total return +0.45% | Max drawdown 0.94% | Daily Sharpe 1.56 | 19 closed trades | Win rate 21% | Avg winner +1.83% | Avg loser -3.26% | Open positions: 0 | Equity $99,311.19
Engine P&L: legacy/unknown: realized $-1,705.68 (19 closed, 21% wins), unrealized $+0.00 (0 open) | Books: legacy: realized $-1,705.68, unrealized $+0.00
Reports: daily realized $+0.00; worst symbols none | weekly realized $+0.00; worst symbols none
Shadow report: 25169 shadow candidate(s), 91 rejection group(s)
Timings: account: 0.0s | risk: 0.1s | decide: 6.7s | watchlist: 0.1s | perf: 0.3s

=== Run at 2026-09-19T00:12:28.253770 ===
Build fingerprint: 4f68550affe5
Current time: 2026-09-18 08:12 PM EDT | Market open (per Alpaca): False | Session: CLOSED
Account value: $99,311.19
Cash: $99,311.19 | Holdings (0): none
Sector exposure (cached): unavailable (no holdings)
Fill reconciliation: {'filled': 0, 'partial': 0, 'rejected': 1}
Risk state: peak $99,703.60 | drawdown 0.39% | today +0.00% | halted: False
Market regime: NEUTRAL (position-size multiplier: 100% incl. circuit breaker 100%)
News: fetched 157, 1 new after dedup, 0 ticker(s) matched.
Quant pre-screen: 42/64 candidates passed.
Gemini proposed 3 trade(s) meeting the conviction bar.
Gemini calls used today (all models combined): 358
Market closed (overnight): queued 12 trade idea(s) for next-morning verification -- nothing submitted yet.
  -> queued MU buy (conf 80, stop 902.76, tp 1080.0)
  -> queued KMI buy (conf 85, stop 30.41, tp 33.5)
  -> queued KEYS buy (conf 78, stop 311.44, tp 355.0)
  -> queued SNDK buy (conf None, stop 1504.56, tp 1807.01)
  -> queued PFG buy (conf None, stop 113.225, tp 119.035)
  -> queued MET buy (conf 75, stop 94.95, tp 100.5)
  -> queued HOOD buy (conf 71, stop 101.72, tp 125.0)
  -> queued RVTY buy (conf None, stop 120.96, tp 149.475)
  -> queued META buy (conf None, stop 605.38, tp 690.0)
  -> queued KR buy (conf None, stop 56.14, tp 62.535)
  -> queued ARE buy (conf None, stop 49.24, tp 57.23)
  -> queued MPC buy (conf None, stop 379.575, tp 427.92)
Dashboard watchlist synced (3 symbols) for news/headlines.
Ending portfolio value: $99,311.19
Trade journal: all: 19 trades, 21% win rate, avg -2.19% | breakout: 1 trades, 0% win rate, avg -8.61% | other: 13 trades, 23% win rate, avg -1.93% | technical: 5 trades, 20% win rate, avg -1.58%
Self-learning: breakout: 1 trades, 0% win rate, avg -8.61% (LOSING) | other: 13 trades, 23% win rate, avg -1.93% (LOSING) | technical: 5 trades, 20% win rate, avg -1.58% (LOSING)
Performance: Total return +0.45% | Max drawdown 0.94% | Daily Sharpe 1.56 | 19 closed trades | Win rate 21% | Avg winner +1.83% | Avg loser -3.26% | Open positions: 0 | Equity $99,311.19
Engine P&L: legacy/unknown: realized $-1,705.68 (19 closed, 21% wins), unrealized $+0.00 (0 open) | Books: legacy: realized $-1,705.68, unrealized $+0.00
Reports: daily realized $+0.00; worst symbols none | weekly realized $+0.00; worst symbols none
Shadow report: 25169 shadow candidate(s), 91 rejection group(s)
Timings: account: 0.0s | risk: 0.3s | decide: 9.4s | watchlist: 0.1s | perf: 0.3s

=== Run at 2026-09-19T00:14:27.609353 ===
Build fingerprint: 4f68550affe5
Current time: 2026-09-18 08:14 PM EDT | Market open (per Alpaca): False | Session: CLOSED
Account value: $99,311.19
Cash: $99,311.19 | Holdings (0): none
Sector exposure (cached): unavailable (no holdings)
Fill reconciliation: {'filled': 0, 'partial': 0, 'rejected': 1}
Risk state: peak $99,703.60 | drawdown 0.39% | today +0.00% | halted: False
Market regime: NEUTRAL (position-size multiplier: 100% incl. circuit breaker 100%)
News: fetched 157, 0 new after dedup, 0 ticker(s) matched.
Quant pre-screen: 42/64 candidates passed.
Gemini proposed 3 trade(s) meeting the conviction bar.
Gemini calls used today (all models combined): 359
Market closed (overnight): queued 12 trade idea(s) for next-morning verification -- nothing submitted yet.
  -> queued MU buy (conf 82, stop 902.76, tp 1080.0)
  -> queued KMI buy (conf 85, stop 30.41, tp 33.5)
  -> queued KEYS buy (conf 78, stop 311.44, tp 355.0)
  -> queued SNDK buy (conf None, stop 1504.56, tp 1807.01)
  -> queued PFG buy (conf None, stop 113.225, tp 119.035)
  -> queued MET buy (conf 75, stop 94.95, tp 100.5)
  -> queued HOOD buy (conf 71, stop 101.72, tp 125.0)
  -> queued RVTY buy (conf None, stop 120.96, tp 149.475)
  -> queued META buy (conf None, stop 605.38, tp 690.0)
  -> queued KR buy (conf None, stop 56.14, tp 62.535)
  -> queued ARE buy (conf None, stop 49.24, tp 57.23)
  -> queued MPC buy (conf None, stop 379.575, tp 427.92)
Dashboard watchlist synced (3 symbols) for news/headlines.
Ending portfolio value: $99,311.19
Trade journal: all: 19 trades, 21% win rate, avg -2.19% | breakout: 1 trades, 0% win rate, avg -8.61% | other: 13 trades, 23% win rate, avg -1.93% | technical: 5 trades, 20% win rate, avg -1.58%
Self-learning: breakout: 1 trades, 0% win rate, avg -8.61% (LOSING) | other: 13 trades, 23% win rate, avg -1.93% (LOSING) | technical: 5 trades, 20% win rate, avg -1.58% (LOSING)
Performance: Total return +0.45% | Max drawdown 0.94% | Daily Sharpe 1.56 | 19 closed trades | Win rate 21% | Avg winner +1.83% | Avg loser -3.26% | Open positions: 0 | Equity $99,311.19
Engine P&L: legacy/unknown: realized $-1,705.68 (19 closed, 21% wins), unrealized $+0.00 (0 open) | Books: legacy: realized $-1,705.68, unrealized $+0.00
Reports: daily realized $+0.00; worst symbols none | weekly realized $+0.00; worst symbols none
Shadow report: 25169 shadow candidate(s), 91 rejection group(s)
Timings: account: 0.0s | risk: 0.0s | decide: 4.8s | watchlist: 0.0s | perf: 0.3s

=== Run at 2026-09-19T00:16:30.721504 ===
Build fingerprint: 4f68550affe5
Current time: 2026-09-18 08:16 PM EDT | Market open (per Alpaca): False | Session: CLOSED
Account value: $99,311.19
Cash: $99,311.19 | Holdings (0): none
Sector exposure (cached): unavailable (no holdings)
Fill reconciliation: {'filled': 0, 'partial': 0, 'rejected': 1}
Risk state: peak $99,703.60 | drawdown 0.39% | today +0.00% | halted: False
Market regime: NEUTRAL (position-size multiplier: 100% incl. circuit breaker 100%)
News: fetched 157, 2 new after dedup, 0 ticker(s) matched.
Quant pre-screen: 42/64 candidates passed.
Gemini proposed 3 trade(s) meeting the conviction bar.
Gemini calls used today (all models combined): 360
Market closed (overnight): queued 12 trade idea(s) for next-morning verification -- nothing submitted yet.
  -> queued MU buy (conf 92, stop 975.0, tp 1050.0)
  -> queued KMI buy (conf 85, stop 31.2, tp 32.5)
  -> queued KEYS buy (conf 78, stop 311.44, tp 355.0)
  -> queued SNDK buy (conf None, stop 1504.56, tp 1807.01)
  -> queued PFG buy (conf None, stop 113.225, tp 119.035)
  -> queued MET buy (conf 78, stop 96.0, tp 99.5)
  -> queued HOOD buy (conf 71, stop 101.72, tp 125.0)
  -> queued RVTY buy (conf None, stop 120.96, tp 149.475)
  -> queued META buy (conf None, stop 605.38, tp 690.0)
  -> queued KR buy (conf None, stop 56.14, tp 62.535)
  -> queued ARE buy (conf None, stop 49.24, tp 57.23)
  -> queued MPC buy (conf None, stop 379.575, tp 427.92)
Dashboard watchlist synced (3 symbols) for news/headlines.
Ending portfolio value: $99,311.19
Trade journal: all: 19 trades, 21% win rate, avg -2.19% | breakout: 1 trades, 0% win rate, avg -8.61% | other: 13 trades, 23% win rate, avg -1.93% | technical: 5 trades, 20% win rate, avg -1.58%
Self-learning: breakout: 1 trades, 0% win rate, avg -8.61% (LOSING) | other: 13 trades, 23% win rate, avg -1.93% (LOSING) | technical: 5 trades, 20% win rate, avg -1.58% (LOSING)
Performance: Total return +0.45% | Max drawdown 0.94% | Daily Sharpe 1.56 | 19 closed trades | Win rate 21% | Avg winner +1.83% | Avg loser -3.26% | Open positions: 0 | Equity $99,311.19
Engine P&L: legacy/unknown: realized $-1,705.68 (19 closed, 21% wins), unrealized $+0.00 (0 open) | Books: legacy: realized $-1,705.68, unrealized $+0.00
Reports: daily realized $+0.00; worst symbols none | weekly realized $+0.00; worst symbols none
Shadow report: 25169 shadow candidate(s), 91 rejection group(s)
Timings: account: 0.0s | risk: 0.3s | decide: 9.1s | watchlist: 0.1s | perf: 0.4s

=== Run at 2026-09-19T00:18:26.812545 ===
Build fingerprint: 4f68550affe5
Current time: 2026-09-18 08:18 PM EDT | Market open (per Alpaca): False | Session: CLOSED
Account value: $99,311.19
Cash: $99,311.19 | Holdings (0): none
Sector exposure (cached): unavailable (no holdings)
Fill reconciliation: {'filled': 0, 'partial': 0, 'rejected': 1}
Risk state: peak $99,703.60 | drawdown 0.39% | today +0.00% | halted: False
Market regime: NEUTRAL (position-size multiplier: 100% incl. circuit breaker 100%)
News: fetched 157, 1 new after dedup, 0 ticker(s) matched.
Quant pre-screen: 42/64 candidates passed.
Gemini proposed 3 trade(s) meeting the conviction bar.
Gemini calls used today (all models combined): 361
Market closed (overnight): queued 12 trade idea(s) for next-morning verification -- nothing submitted yet.
  -> queued MU buy (conf 80, stop 902.76, tp 1085.0)
  -> queued KMI buy (conf 85, stop 30.41, tp 33.5)
  -> queued KEYS buy (conf 75, stop 311.44, tp 355.0)
  -> queued SNDK buy (conf None, stop 1504.56, tp 1807.01)
  -> queued PFG buy (conf None, stop 113.225, tp 119.035)
  -> queued MET buy (conf 78, stop 96.0, tp 99.5)
  -> queued HOOD buy (conf 71, stop 101.72, tp 125.0)
  -> queued RVTY buy (conf None, stop 120.96, tp 149.475)
  -> queued META buy (conf None, stop 605.38, tp 690.0)
  -> queued KR buy (conf None, stop 56.14, tp 62.535)
  -> queued ARE buy (conf None, stop 49.24, tp 57.23)
  -> queued MPC buy (conf None, stop 379.575, tp 427.92)
Dashboard watchlist synced (3 symbols) for news/headlines.
Ending portfolio value: $99,311.19
Trade journal: all: 19 trades, 21% win rate, avg -2.19% | breakout: 1 trades, 0% win rate, avg -8.61% | other: 13 trades, 23% win rate, avg -1.93% | technical: 5 trades, 20% win rate, avg -1.58%
Self-learning: breakout: 1 trades, 0% win rate, avg -8.61% (LOSING) | other: 13 trades, 23% win rate, avg -1.93% (LOSING) | technical: 5 trades, 20% win rate, avg -1.58% (LOSING)
Performance: Total return +0.45% | Max drawdown 0.94% | Daily Sharpe 1.56 | 19 closed trades | Win rate 21% | Avg winner +1.83% | Avg loser -3.26% | Open positions: 0 | Equity $99,311.19
Engine P&L: legacy/unknown: realized $-1,705.68 (19 closed, 21% wins), unrealized $+0.00 (0 open) | Books: legacy: realized $-1,705.68, unrealized $+0.00
Reports: daily realized $+0.00; worst symbols none | weekly realized $+0.00; worst symbols none
Shadow report: 25169 shadow candidate(s), 91 rejection group(s)
Timings: account: 0.0s | risk: 0.0s | decide: 6.5s | watchlist: 0.0s | perf: 0.3s

=== Run at 2026-09-19T00:20:34.634439 ===
Build fingerprint: 4f68550affe5
Current time: 2026-09-18 08:20 PM EDT | Market open (per Alpaca): False | Session: CLOSED
Account value: $99,311.19
Cash: $99,311.19 | Holdings (0): none
Sector exposure (cached): unavailable (no holdings)
Fill reconciliation: {'filled': 0, 'partial': 0, 'rejected': 1}
Risk state: peak $99,703.60 | drawdown 0.39% | today +0.00% | halted: False
Market regime: NEUTRAL (position-size multiplier: 100% incl. circuit breaker 100%)
News: fetched 157, 4 new after dedup, 0 ticker(s) matched.
Quant pre-screen: 42/64 candidates passed.
Gemini proposed 3 trade(s) meeting the conviction bar.
Gemini calls used today (all models combined): 362
Market closed (overnight): queued 12 trade idea(s) for next-morning verification -- nothing submitted yet.
  -> queued MU buy (conf 92, stop 950.0, tp 1080.0)
  -> queued KMI buy (conf 85, stop 30.5, tp 33.5)
  -> queued KEYS buy (conf 75, stop 311.44, tp 355.0)
  -> queued SNDK buy (conf 78, stop 1700.0, tp 1900.0)
  -> queued PFG buy (conf None, stop 113.225, tp 119.035)
  -> queued MET buy (conf 78, stop 96.0, tp 99.5)
  -> queued HOOD buy (conf 71, stop 101.72, tp 125.0)
  -> queued RVTY buy (conf None, stop 120.96, tp 149.475)
  -> queued META buy (conf None, stop 605.38, tp 690.0)
  -> queued KR buy (conf None, stop 56.14, tp 62.535)
  -> queued ARE buy (conf None, stop 49.24, tp 57.23)
  -> queued MPC buy (conf None, stop 379.575, tp 427.92)
Dashboard watchlist synced (3 symbols) for news/headlines.
Ending portfolio value: $99,311.19
Trade journal: all: 19 trades, 21% win rate, avg -2.19% | breakout: 1 trades, 0% win rate, avg -8.61% | other: 13 trades, 23% win rate, avg -1.93% | technical: 5 trades, 20% win rate, avg -1.58%
Self-learning: breakout: 1 trades, 0% win rate, avg -8.61% (LOSING) | other: 13 trades, 23% win rate, avg -1.93% (LOSING) | technical: 5 trades, 20% win rate, avg -1.58% (LOSING)
Performance: Total return +0.45% | Max drawdown 0.94% | Daily Sharpe 1.56 | 19 closed trades | Win rate 21% | Avg winner +1.83% | Avg loser -3.26% | Open positions: 0 | Equity $99,311.19
Engine P&L: legacy/unknown: realized $-1,705.68 (19 closed, 21% wins), unrealized $+0.00 (0 open) | Books: legacy: realized $-1,705.68, unrealized $+0.00
Reports: daily realized $+0.00; worst symbols none | weekly realized $+0.00; worst symbols none
Shadow report: 25169 shadow candidate(s), 91 rejection group(s)
Timings: account: 0.0s | risk: 0.3s | decide: 11.8s | watchlist: 0.1s | perf: 0.4s

=== Run at 2026-09-19T00:22:29.132037 ===
Build fingerprint: 4f68550affe5
Current time: 2026-09-18 08:22 PM EDT | Market open (per Alpaca): False | Session: CLOSED
Account value: $99,311.19
Cash: $99,311.19 | Holdings (0): none
Sector exposure (cached): unavailable (no holdings)
Fill reconciliation: {'filled': 0, 'partial': 0, 'rejected': 1}
Risk state: peak $99,703.60 | drawdown 0.39% | today +0.00% | halted: False
Market regime: NEUTRAL (position-size multiplier: 100% incl. circuit breaker 100%)
News: fetched 157, 2 new after dedup, 0 ticker(s) matched.
Quant pre-screen: 42/64 candidates passed.
Gemini proposed 3 trade(s) meeting the conviction bar.
Gemini calls used today (all models combined): 363
Market closed (overnight): queued 12 trade idea(s) for next-morning verification -- nothing submitted yet.
  -> queued MU buy (conf 92, stop 975.0, tp 1080.0)
  -> queued KMI buy (conf 88, stop 31.1, tp 33.5)
  -> queued KEYS buy (conf 75, stop 311.44, tp 355.0)
  -> queued SNDK buy (conf 78, stop 1700.0, tp 1900.0)
  -> queued PFG buy (conf None, stop 113.225, tp 119.035)
  -> queued MET buy (conf 80, stop 95.5, tp 100.5)
  -> queued HOOD buy (conf 71, stop 101.72, tp 125.0)
  -> queued RVTY buy (conf None, stop 120.96, tp 149.475)
  -> queued META buy (conf None, stop 605.38, tp 690.0)
  -> queued KR buy (conf None, stop 56.14, tp 62.535)
  -> queued ARE buy (conf None, stop 49.24, tp 57.23)
  -> queued MPC buy (conf None, stop 379.575, tp 427.92)
Dashboard watchlist synced (3 symbols) for news/headlines.
Ending portfolio value: $99,311.19
Trade journal: all: 19 trades, 21% win rate, avg -2.19% | breakout: 1 trades, 0% win rate, avg -8.61% | other: 13 trades, 23% win rate, avg -1.93% | technical: 5 trades, 20% win rate, avg -1.58%
Self-learning: breakout: 1 trades, 0% win rate, avg -8.61% (LOSING) | other: 13 trades, 23% win rate, avg -1.93% (LOSING) | technical: 5 trades, 20% win rate, avg -1.58% (LOSING)
Performance: Total return +0.45% | Max drawdown 0.94% | Daily Sharpe 1.56 | 19 closed trades | Win rate 21% | Avg winner +1.83% | Avg loser -3.26% | Open positions: 0 | Equity $99,311.19
Engine P&L: legacy/unknown: realized $-1,705.68 (19 closed, 21% wins), unrealized $+0.00 (0 open) | Books: legacy: realized $-1,705.68, unrealized $+0.00
Reports: daily realized $+0.00; worst symbols none | weekly realized $+0.00; worst symbols none
Shadow report: 25169 shadow candidate(s), 91 rejection group(s)
Timings: account: 0.0s | risk: 0.1s | decide: 5.9s | watchlist: 0.0s | perf: 0.3s

=== Run at 2026-09-19T00:24:33.726144 ===
Build fingerprint: 4f68550affe5
Current time: 2026-09-18 08:24 PM EDT | Market open (per Alpaca): False | Session: CLOSED
Account value: $99,311.19
Cash: $99,311.19 | Holdings (0): none
Sector exposure (cached): unavailable (no holdings)
Fill reconciliation: {'filled': 0, 'partial': 0, 'rejected': 1}
Risk state: peak $99,703.60 | drawdown 0.39% | today +0.00% | halted: False
Market regime: NEUTRAL (position-size multiplier: 100% incl. circuit breaker 100%)
News: fetched 157, 1 new after dedup, 0 ticker(s) matched.
Quant pre-screen: 42/64 candidates passed.
Gemini proposed 3 trade(s) meeting the conviction bar.
Gemini calls used today (all models combined): 364
Market closed (overnight): queued 12 trade idea(s) for next-morning verification -- nothing submitted yet.
  -> queued MU buy (conf 80, stop 902.76, tp 1085.0)
  -> queued KMI buy (conf 85, stop 30.41, tp 33.5)
  -> queued KEYS buy (conf 75, stop 311.44, tp 355.0)
  -> queued SNDK buy (conf 78, stop 1700.0, tp 1900.0)
  -> queued PFG buy (conf None, stop 113.225, tp 119.035)
  -> queued MET buy (conf 80, stop 95.5, tp 100.5)
  -> queued HOOD buy (conf 71, stop 101.72, tp 125.0)
  -> queued RVTY buy (conf None, stop 120.96, tp 149.475)
  -> queued META buy (conf None, stop 605.38, tp 690.0)
  -> queued KR buy (conf None, stop 56.14, tp 62.535)
  -> queued ARE buy (conf None, stop 49.24, tp 57.23)
  -> queued MPC buy (conf None, stop 379.575, tp 427.92)
Dashboard watchlist synced (3 symbols) for news/headlines.
Ending portfolio value: $99,311.19
Trade journal: all: 19 trades, 21% win rate, avg -2.19% | breakout: 1 trades, 0% win rate, avg -8.61% | other: 13 trades, 23% win rate, avg -1.93% | technical: 5 trades, 20% win rate, avg -1.58%
Self-learning: breakout: 1 trades, 0% win rate, avg -8.61% (LOSING) | other: 13 trades, 23% win rate, avg -1.93% (LOSING) | technical: 5 trades, 20% win rate, avg -1.58% (LOSING)
Performance: Total return +0.45% | Max drawdown 0.94% | Daily Sharpe 1.56 | 19 closed trades | Win rate 21% | Avg winner +1.83% | Avg loser -3.26% | Open positions: 0 | Equity $99,311.19
Engine P&L: legacy/unknown: realized $-1,705.68 (19 closed, 21% wins), unrealized $+0.00 (0 open) | Books: legacy: realized $-1,705.68, unrealized $+0.00
Reports: daily realized $+0.00; worst symbols none | weekly realized $+0.00; worst symbols none
Shadow report: 25169 shadow candidate(s), 91 rejection group(s)
Timings: account: 0.0s | risk: 0.3s | decide: 7.1s | watchlist: 0.1s | perf: 0.4s

=== Run at 2026-09-19T00:26:32.532117 ===
Build fingerprint: 4f68550affe5
Current time: 2026-09-18 08:26 PM EDT | Market open (per Alpaca): False | Session: CLOSED
Account value: $99,311.19
Cash: $99,311.19 | Holdings (0): none
Sector exposure (cached): unavailable (no holdings)
Fill reconciliation: {'filled': 0, 'partial': 0, 'rejected': 1}
Risk state: peak $99,703.60 | drawdown 0.39% | today +0.00% | halted: False
Market regime: NEUTRAL (position-size multiplier: 100% incl. circuit breaker 100%)
News: fetched 157, 0 new after dedup, 0 ticker(s) matched.
Quant pre-screen: 42/64 candidates passed.
Gemini proposed 3 trade(s) meeting the conviction bar.
Gemini calls used today (all models combined): 365
Market closed (overnight): queued 12 trade idea(s) for next-morning verification -- nothing submitted yet.
  -> queued MU buy (conf 88, stop 902.76, tp 1080.0)
  -> queued KMI buy (conf 92, stop 30.41, tp 33.5)
  -> queued KEYS buy (conf 85, stop 311.44, tp 355.0)
  -> queued SNDK buy (conf 78, stop 1700.0, tp 1900.0)
  -> queued PFG buy (conf None, stop 113.225, tp 119.035)
  -> queued MET buy (conf 80, stop 95.5, tp 100.5)
  -> queued HOOD buy (conf 71, stop 101.72, tp 125.0)
  -> queued RVTY buy (conf None, stop 120.96, tp 149.475)
  -> queued META buy (conf None, stop 605.38, tp 690.0)
  -> queued KR buy (conf None, stop 56.14, tp 62.535)
  -> queued ARE buy (conf None, stop 49.24, tp 57.23)
  -> queued MPC buy (conf None, stop 379.575, tp 427.92)
Dashboard watchlist synced (3 symbols) for news/headlines.
Ending portfolio value: $99,311.19
Trade journal: all: 19 trades, 21% win rate, avg -2.19% | breakout: 1 trades, 0% win rate, avg -8.61% | other: 13 trades, 23% win rate, avg -1.93% | technical: 5 trades, 20% win rate, avg -1.58%
Self-learning: breakout: 1 trades, 0% win rate, avg -8.61% (LOSING) | other: 13 trades, 23% win rate, avg -1.93% (LOSING) | technical: 5 trades, 20% win rate, avg -1.58% (LOSING)
Performance: Total return +0.45% | Max drawdown 0.94% | Daily Sharpe 1.56 | 19 closed trades | Win rate 21% | Avg winner +1.83% | Avg loser -3.26% | Open positions: 0 | Equity $99,311.19
Engine P&L: legacy/unknown: realized $-1,705.68 (19 closed, 21% wins), unrealized $+0.00 (0 open) | Books: legacy: realized $-1,705.68, unrealized $+0.00
Reports: daily realized $+0.00; worst symbols none | weekly realized $+0.00; worst symbols none
Shadow report: 25169 shadow candidate(s), 91 rejection group(s)
Timings: account: 0.0s | risk: 0.2s | decide: 5.6s | watchlist: 0.1s | perf: 0.2s

=== Run at 2026-09-19T00:28:25.595693 ===
Build fingerprint: 4f68550affe5
Current time: 2026-09-18 08:28 PM EDT | Market open (per Alpaca): False | Session: CLOSED
Account value: $99,311.19
Cash: $99,311.19 | Holdings (0): none
Sector exposure (cached): unavailable (no holdings)
Fill reconciliation: {'filled': 0, 'partial': 0, 'rejected': 1}
Risk state: peak $99,703.60 | drawdown 0.39% | today +0.00% | halted: False
Market regime: NEUTRAL (position-size multiplier: 100% incl. circuit breaker 100%)
News: fetched 157, 0 new after dedup, 0 ticker(s) matched.
Quant pre-screen: 42/64 candidates passed.
Gemini proposed 3 trade(s) meeting the conviction bar.
Gemini calls used today (all models combined): 366
Market closed (overnight): queued 12 trade idea(s) for next-morning verification -- nothing submitted yet.
  -> queued MU buy (conf 92, stop 975.0, tp 1050.0)
  -> queued KMI buy (conf 88, stop 31.2, tp 32.8)
  -> queued KEYS buy (conf 85, stop 311.44, tp 355.0)
  -> queued SNDK buy (conf 78, stop 1700.0, tp 1900.0)
  -> queued PFG buy (conf None, stop 113.225, tp 119.035)
  -> queued MET buy (conf 78, stop 95.0, tp 100.0)
  -> queued HOOD buy (conf 71, stop 101.72, tp 125.0)
  -> queued RVTY buy (conf None, stop 120.96, tp 149.475)
  -> queued META buy (conf None, stop 605.38, tp 690.0)
  -> queued KR buy (conf None, stop 56.14, tp 62.535)
  -> queued ARE buy (conf None, stop 49.24, tp 57.23)
  -> queued MPC buy (conf None, stop 379.575, tp 427.92)
Dashboard watchlist synced (3 symbols) for news/headlines.
Ending portfolio value: $99,311.19
Trade journal: all: 19 trades, 21% win rate, avg -2.19% | breakout: 1 trades, 0% win rate, avg -8.61% | other: 13 trades, 23% win rate, avg -1.93% | technical: 5 trades, 20% win rate, avg -1.58%
Self-learning: breakout: 1 trades, 0% win rate, avg -8.61% (LOSING) | other: 13 trades, 23% win rate, avg -1.93% (LOSING) | technical: 5 trades, 20% win rate, avg -1.58% (LOSING)
Performance: Total return +0.45% | Max drawdown 0.94% | Daily Sharpe 1.56 | 19 closed trades | Win rate 21% | Avg winner +1.83% | Avg loser -3.26% | Open positions: 0 | Equity $99,311.19
Engine P&L: legacy/unknown: realized $-1,705.68 (19 closed, 21% wins), unrealized $+0.00 (0 open) | Books: legacy: realized $-1,705.68, unrealized $+0.00
Reports: daily realized $+0.00; worst symbols none | weekly realized $+0.00; worst symbols none
Shadow report: 25169 shadow candidate(s), 91 rejection group(s)
Timings: account: 0.0s | risk: 0.0s | decide: 3.2s | watchlist: 0.0s | perf: 0.3s

=== Run at 2026-09-19T00:30:40.118815 ===
Build fingerprint: 4f68550affe5
Current time: 2026-09-18 08:30 PM EDT | Market open (per Alpaca): False | Session: CLOSED
Account value: $99,311.19
Cash: $99,311.19 | Holdings (0): none
Sector exposure (cached): unavailable (no holdings)
Fill reconciliation: {'filled': 0, 'partial': 0, 'rejected': 1}
Risk state: peak $99,703.60 | drawdown 0.39% | today +0.00% | halted: False
Market regime: NEUTRAL (position-size multiplier: 100% incl. circuit breaker 100%)
News: fetched 157, 1 new after dedup, 0 ticker(s) matched.
Quant pre-screen: 42/64 candidates passed.
Technical fallback (Gemini throttled/unavailable) proposed 7 trade(s) meeting the conviction bar.
Gemini calls used today (all models combined): 366
Market closed (overnight): queued 12 trade idea(s) for next-morning verification -- nothing submitted yet.
  -> queued KMI buy (conf 88, stop 31.2, tp 32.8)
  -> queued MU buy (conf None, stop 902.76, tp 1042.38)
  -> queued KEYS buy (conf 85, stop 311.44, tp 355.0)
  -> queued SNDK buy (conf None, stop 1504.56, tp 1807.01)
  -> queued PFG buy (conf None, stop 113.225, tp 119.035)
  -> queued MET buy (conf None, stop 94.95, tp 98.75)
  -> queued HOOD buy (conf 71, stop 101.72, tp 125.0)
  -> queued RVTY buy (conf None, stop 120.96, tp 149.475)
  -> queued META buy (conf None, stop 605.38, tp 690.0)
  -> queued KR buy (conf None, stop 56.14, tp 62.535)
  -> queued ARE buy (conf None, stop 49.24, tp 57.23)
  -> queued MPC buy (conf None, stop 379.575, tp 427.92)
Run budget reserve reached -- skipping dashboard watchlist sync.
Run budget reserve reached -- skipping performance snapshot.
Trade journal: all: 19 trades, 21% win rate, avg -2.19% | breakout: 1 trades, 0% win rate, avg -8.61% | other: 13 trades, 23% win rate, avg -1.93% | technical: 5 trades, 20% win rate, avg -1.58%
Self-learning: breakout: 1 trades, 0% win rate, avg -8.61% (LOSING) | other: 13 trades, 23% win rate, avg -1.93% (LOSING) | technical: 5 trades, 20% win rate, avg -1.58% (LOSING)
Performance: Total return +0.45% | Max drawdown 0.94% | Daily Sharpe 1.56 | 19 closed trades | Win rate 21% | Avg winner +1.83% | Avg loser -3.26% | Open positions: 0 | Equity $99,311.19
Engine P&L: legacy/unknown: realized $-1,705.68 (19 closed, 21% wins), unrealized $+0.00 (0 open) | Books: legacy: realized $-1,705.68, unrealized $+0.00
Reports: daily realized $+0.00; worst symbols none | weekly realized $+0.00; worst symbols none
Shadow report: 25169 shadow candidate(s), 91 rejection group(s)
Timings: account: 0.0s | risk: 0.4s | decide: 24.2s | watchlist: 0.0s | perf: 0.3s

=== Run at 2026-09-19T00:32:26.858443 ===
Build fingerprint: 4f68550affe5
Current time: 2026-09-18 08:32 PM EDT | Market open (per Alpaca): False | Session: CLOSED
Account value: $99,311.19
Cash: $99,311.19 | Holdings (0): none
Sector exposure (cached): unavailable (no holdings)
Fill reconciliation: {'filled': 0, 'partial': 0, 'rejected': 1}
Risk state: peak $99,703.60 | drawdown 0.39% | today +0.00% | halted: False
Market regime: NEUTRAL (position-size multiplier: 100% incl. circuit breaker 100%)
News: fetched 157, 3 new after dedup, 0 ticker(s) matched.
Quant pre-screen: 42/64 candidates passed.
Technical fallback (Gemini throttled/unavailable) proposed 7 trade(s) meeting the conviction bar.
Gemini calls used today (all models combined): 366
Market closed (overnight): queued 12 trade idea(s) for next-morning verification -- nothing submitted yet.
  -> queued KMI buy (conf 88, stop 31.2, tp 32.8)
  -> queued MU buy (conf None, stop 902.76, tp 1042.38)
  -> queued KEYS buy (conf 85, stop 311.44, tp 355.0)
  -> queued SNDK buy (conf None, stop 1504.56, tp 1807.01)
  -> queued PFG buy (conf None, stop 113.225, tp 119.035)
  -> queued MET buy (conf None, stop 94.95, tp 98.75)
  -> queued HOOD buy (conf 71, stop 101.72, tp 125.0)
  -> queued RVTY buy (conf None, stop 120.96, tp 149.475)
  -> queued META buy (conf None, stop 605.38, tp 690.0)
  -> queued KR buy (conf None, stop 56.14, tp 62.535)
  -> queued ARE buy (conf None, stop 49.24, tp 57.23)
  -> queued MPC buy (conf None, stop 379.575, tp 427.92)
Run budget reserve reached -- skipping dashboard watchlist sync.
Run budget reserve reached -- skipping performance snapshot.
Trade journal: all: 19 trades, 21% win rate, avg -2.19% | breakout: 1 trades, 0% win rate, avg -8.61% | other: 13 trades, 23% win rate, avg -1.93% | technical: 5 trades, 20% win rate, avg -1.58%
Self-learning: breakout: 1 trades, 0% win rate, avg -8.61% (LOSING) | other: 13 trades, 23% win rate, avg -1.93% (LOSING) | technical: 5 trades, 20% win rate, avg -1.58% (LOSING)
Performance: Total return +0.45% | Max drawdown 0.94% | Daily Sharpe 1.56 | 19 closed trades | Win rate 21% | Avg winner +1.83% | Avg loser -3.26% | Open positions: 0 | Equity $99,311.19
Engine P&L: legacy/unknown: realized $-1,705.68 (19 closed, 21% wins), unrealized $+0.00 (0 open) | Books: legacy: realized $-1,705.68, unrealized $+0.00
Reports: daily realized $+0.00; worst symbols none | weekly realized $+0.00; worst symbols none
Shadow report: 25169 shadow candidate(s), 91 rejection group(s)
Timings: account: 0.0s | risk: 0.0s | decide: 24.8s | watchlist: 0.0s | perf: 0.3s

=== Run at 2026-09-19T00:34:28.372031 ===
Build fingerprint: 4f68550affe5
Current time: 2026-09-18 08:34 PM EDT | Market open (per Alpaca): False | Session: CLOSED
Account value: $99,311.19
Cash: $99,311.19 | Holdings (0): none
Sector exposure (cached): unavailable (no holdings)
Fill reconciliation: {'filled': 0, 'partial': 0, 'rejected': 1}
Risk state: peak $99,703.60 | drawdown 0.39% | today +0.00% | halted: False
Market regime: NEUTRAL (position-size multiplier: 100% incl. circuit breaker 100%)
News: fetched 157, 2 new after dedup, 0 ticker(s) matched.
Quant pre-screen: 42/64 candidates passed.
Technical fallback (Gemini throttled/unavailable) proposed 7 trade(s) meeting the conviction bar.
Gemini calls used today (all models combined): 366
Market closed (overnight): queued 12 trade idea(s) for next-morning verification -- nothing submitted yet.
  -> queued KMI buy (conf 88, stop 31.2, tp 32.8)
  -> queued MU buy (conf None, stop 902.76, tp 1042.38)
  -> queued KEYS buy (conf 85, stop 311.44, tp 355.0)
  -> queued SNDK buy (conf None, stop 1504.56, tp 1807.01)
  -> queued PFG buy (conf None, stop 113.225, tp 119.035)
  -> queued MET buy (conf None, stop 94.95, tp 98.75)
  -> queued HOOD buy (conf 71, stop 101.72, tp 125.0)
  -> queued RVTY buy (conf None, stop 120.96, tp 149.475)
  -> queued META buy (conf None, stop 605.38, tp 690.0)
  -> queued KR buy (conf None, stop 56.14, tp 62.535)
  -> queued ARE buy (conf None, stop 49.24, tp 57.23)
  -> queued MPC buy (conf None, stop 379.575, tp 427.92)
Run budget reserve reached -- skipping dashboard watchlist sync.
Run budget reserve reached -- skipping performance snapshot.
Trade journal: all: 19 trades, 21% win rate, avg -2.19% | breakout: 1 trades, 0% win rate, avg -8.61% | other: 13 trades, 23% win rate, avg -1.93% | technical: 5 trades, 20% win rate, avg -1.58%
Self-learning: breakout: 1 trades, 0% win rate, avg -8.61% (LOSING) | other: 13 trades, 23% win rate, avg -1.93% (LOSING) | technical: 5 trades, 20% win rate, avg -1.58% (LOSING)
Performance: Total return +0.45% | Max drawdown 0.94% | Daily Sharpe 1.56 | 19 closed trades | Win rate 21% | Avg winner +1.83% | Avg loser -3.26% | Open positions: 0 | Equity $99,311.19
Engine P&L: legacy/unknown: realized $-1,705.68 (19 closed, 21% wins), unrealized $+0.00 (0 open) | Books: legacy: realized $-1,705.68, unrealized $+0.00
Reports: daily realized $+0.00; worst symbols none | weekly realized $+0.00; worst symbols none
Shadow report: 25169 shadow candidate(s), 91 rejection group(s)
Timings: account: 0.0s | risk: 0.3s | decide: 24.1s | watchlist: 0.0s | perf: 0.3s

=== Run at 2026-09-19T00:36:30.943014 ===
Build fingerprint: 4f68550affe5
Current time: 2026-09-18 08:36 PM EDT | Market open (per Alpaca): False | Session: CLOSED
Account value: $99,311.19
Cash: $99,311.19 | Holdings (0): none
Sector exposure (cached): unavailable (no holdings)
Fill reconciliation: {'filled': 0, 'partial': 0, 'rejected': 1}
Risk state: peak $99,703.60 | drawdown 0.39% | today +0.00% | halted: False
Market regime: NEUTRAL (position-size multiplier: 100% incl. circuit breaker 100%)
News: fetched 157, 0 new after dedup, 0 ticker(s) matched.
Quant pre-screen: 42/64 candidates passed.
Gemini proposed 3 trade(s) meeting the conviction bar.
Gemini calls used today (all models combined): 367
Market closed (overnight): queued 12 trade idea(s) for next-morning verification -- nothing submitted yet.
  -> queued KMI buy (conf 85, stop 31.2, tp 33.5)
  -> queued MU buy (conf 92, stop 975.0, tp 1050.0)
  -> queued KEYS buy (conf 85, stop 311.44, tp 355.0)
  -> queued SNDK buy (conf None, stop 1504.56, tp 1807.01)
  -> queued PFG buy (conf None, stop 113.225, tp 119.035)
  -> queued MET buy (conf 78, stop 95.5, tp 100.5)
  -> queued HOOD buy (conf 71, stop 101.72, tp 125.0)
  -> queued RVTY buy (conf None, stop 120.96, tp 149.475)
  -> queued META buy (conf None, stop 605.38, tp 690.0)
  -> queued KR buy (conf None, stop 56.14, tp 62.535)
  -> queued ARE buy (conf None, stop 49.24, tp 57.23)
  -> queued MPC buy (conf None, stop 379.575, tp 427.92)
Dashboard watchlist synced (3 symbols) for news/headlines.
Ending portfolio value: $99,311.19
Trade journal: all: 19 trades, 21% win rate, avg -2.19% | breakout: 1 trades, 0% win rate, avg -8.61% | other: 13 trades, 23% win rate, avg -1.93% | technical: 5 trades, 20% win rate, avg -1.58%
Self-learning: breakout: 1 trades, 0% win rate, avg -8.61% (LOSING) | other: 13 trades, 23% win rate, avg -1.93% (LOSING) | technical: 5 trades, 20% win rate, avg -1.58% (LOSING)
Performance: Total return +0.45% | Max drawdown 0.94% | Daily Sharpe 1.56 | 19 closed trades | Win rate 21% | Avg winner +1.83% | Avg loser -3.26% | Open positions: 0 | Equity $99,311.19
Engine P&L: legacy/unknown: realized $-1,705.68 (19 closed, 21% wins), unrealized $+0.00 (0 open) | Books: legacy: realized $-1,705.68, unrealized $+0.00
Reports: daily realized $+0.00; worst symbols none | weekly realized $+0.00; worst symbols none
Shadow report: 25169 shadow candidate(s), 91 rejection group(s)
Timings: account: 0.0s | risk: 0.3s | decide: 8.2s | watchlist: 0.1s | perf: 0.3s

=== Run at 2026-09-19T00:38:28.950853 ===
Build fingerprint: 4f68550affe5
Current time: 2026-09-18 08:38 PM EDT | Market open (per Alpaca): False | Session: CLOSED
Account value: $99,311.19
Cash: $99,311.19 | Holdings (0): none
Sector exposure (cached): unavailable (no holdings)
Fill reconciliation: {'filled': 0, 'partial': 0, 'rejected': 1}
Risk state: peak $99,703.60 | drawdown 0.39% | today +0.00% | halted: False
Market regime: NEUTRAL (position-size multiplier: 100% incl. circuit breaker 100%)
News: fetched 157, 2 new after dedup, 0 ticker(s) matched.
Quant pre-screen: 42/64 candidates passed.
Gemini proposed 3 trade(s) meeting the conviction bar.
Gemini calls used today (all models combined): 368
Market closed (overnight): queued 12 trade idea(s) for next-morning verification -- nothing submitted yet.
  -> queued KMI buy (conf 85, stop 30.5, tp 34.5)
  -> queued MU buy (conf 92, stop 950.0, tp 1085.0)
  -> queued KEYS buy (conf 85, stop 311.44, tp 355.0)
  -> queued SNDK buy (conf None, stop 1504.56, tp 1807.01)
  -> queued PFG buy (conf None, stop 113.225, tp 119.035)
  -> queued MET buy (conf 78, stop 94.5, tp 100.5)
  -> queued HOOD buy (conf 71, stop 101.72, tp 125.0)
  -> queued RVTY buy (conf None, stop 120.96, tp 149.475)
  -> queued META buy (conf None, stop 605.38, tp 690.0)
  -> queued KR buy (conf None, stop 56.14, tp 62.535)
  -> queued ARE buy (conf None, stop 49.24, tp 57.23)
  -> queued MPC buy (conf None, stop 379.575, tp 427.92)
Dashboard watchlist synced (3 symbols) for news/headlines.
Ending portfolio value: $99,311.19
Trade journal: all: 19 trades, 21% win rate, avg -2.19% | breakout: 1 trades, 0% win rate, avg -8.61% | other: 13 trades, 23% win rate, avg -1.93% | technical: 5 trades, 20% win rate, avg -1.58%
Self-learning: breakout: 1 trades, 0% win rate, avg -8.61% (LOSING) | other: 13 trades, 23% win rate, avg -1.93% (LOSING) | technical: 5 trades, 20% win rate, avg -1.58% (LOSING)
Performance: Total return +0.45% | Max drawdown 0.94% | Daily Sharpe 1.56 | 19 closed trades | Win rate 21% | Avg winner +1.83% | Avg loser -3.26% | Open positions: 0 | Equity $99,311.19
Engine P&L: legacy/unknown: realized $-1,705.68 (19 closed, 21% wins), unrealized $+0.00 (0 open) | Books: legacy: realized $-1,705.68, unrealized $+0.00
Reports: daily realized $+0.00; worst symbols none | weekly realized $+0.00; worst symbols none
Shadow report: 25169 shadow candidate(s), 91 rejection group(s)
Timings: account: 0.0s | risk: 0.1s | decide: 4.7s | watchlist: 0.0s | perf: 0.3s

=== Run at 2026-09-19T00:40:53.305434 ===
Build fingerprint: 4f68550affe5
Current time: 2026-09-18 08:40 PM EDT | Market open (per Alpaca): False | Session: CLOSED
Account value: $99,311.19
Cash: $99,311.19 | Holdings (0): none
Sector exposure (cached): unavailable (no holdings)
Fill reconciliation: {'filled': 0, 'partial': 0, 'rejected': 1}
Risk state: peak $99,703.60 | drawdown 0.39% | today +0.00% | halted: False
Market regime: NEUTRAL (position-size multiplier: 100% incl. circuit breaker 100%)
News: fetched 157, 2 new after dedup, 0 ticker(s) matched.
Quant pre-screen: 42/64 candidates passed.
Gemini proposed 3 trade(s) meeting the conviction bar.
Gemini calls used today (all models combined): 369
Market closed (overnight): queued 12 trade idea(s) for next-morning verification -- nothing submitted yet.
  -> queued KMI buy (conf 85, stop 30.41, tp 33.5)
  -> queued MU buy (conf 80, stop 902.76, tp 1085.0)
  -> queued KEYS buy (conf 75, stop 311.44, tp 355.0)
  -> queued SNDK buy (conf None, stop 1504.56, tp 1807.01)
  -> queued PFG buy (conf None, stop 113.225, tp 119.035)
  -> queued MET buy (conf 78, stop 94.5, tp 100.5)
  -> queued HOOD buy (conf 71, stop 101.72, tp 125.0)
  -> queued RVTY buy (conf None, stop 120.96, tp 149.475)
  -> queued META buy (conf None, stop 605.38, tp 690.0)
  -> queued KR buy (conf None, stop 56.14, tp 62.535)
  -> queued ARE buy (conf None, stop 49.24, tp 57.23)
  -> queued MPC buy (conf None, stop 379.575, tp 427.92)
Dashboard watchlist synced (3 symbols) for news/headlines.
Ending portfolio value: $99,311.19
Trade journal: all: 19 trades, 21% win rate, avg -2.19% | breakout: 1 trades, 0% win rate, avg -8.61% | other: 13 trades, 23% win rate, avg -1.93% | technical: 5 trades, 20% win rate, avg -1.58%
Self-learning: breakout: 1 trades, 0% win rate, avg -8.61% (LOSING) | other: 13 trades, 23% win rate, avg -1.93% (LOSING) | technical: 5 trades, 20% win rate, avg -1.58% (LOSING)
Performance: Total return +0.45% | Max drawdown 0.94% | Daily Sharpe 1.56 | 19 closed trades | Win rate 21% | Avg winner +1.83% | Avg loser -3.26% | Open positions: 0 | Equity $99,311.19
Engine P&L: legacy/unknown: realized $-1,705.68 (19 closed, 21% wins), unrealized $+0.00 (0 open) | Books: legacy: realized $-1,705.68, unrealized $+0.00
Reports: daily realized $+0.00; worst symbols none | weekly realized $+0.00; worst symbols none
Shadow report: 25169 shadow candidate(s), 91 rejection group(s)
Timings: account: 0.0s | risk: 0.0s | decide: 3.0s | watchlist: 0.0s | perf: 0.3s

=== Run at 2026-09-19T00:42:28.047187 ===
Build fingerprint: 4f68550affe5
Current time: 2026-09-18 08:42 PM EDT | Market open (per Alpaca): False | Session: CLOSED
Account value: $99,311.19
Cash: $99,311.19 | Holdings (0): none
Sector exposure (cached): unavailable (no holdings)
Fill reconciliation: {'filled': 0, 'partial': 0, 'rejected': 1}
Risk state: peak $99,703.60 | drawdown 0.39% | today +0.00% | halted: False
Market regime: NEUTRAL (position-size multiplier: 100% incl. circuit breaker 100%)
News: fetched 157, 0 new after dedup, 0 ticker(s) matched.
Quant pre-screen: 42/64 candidates passed.
Gemini proposed 3 trade(s) meeting the conviction bar.
Gemini calls used today (all models combined): 370
Market closed (overnight): queued 12 trade idea(s) for next-morning verification -- nothing submitted yet.
  -> queued KMI buy (conf 85, stop 31.2, tp 33.5)
  -> queued MU buy (conf 92, stop 975.0, tp 1065.0)
  -> queued KEYS buy (conf 75, stop 311.44, tp 355.0)
  -> queued SNDK buy (conf None, stop 1504.56, tp 1807.01)
  -> queued PFG buy (conf None, stop 113.225, tp 119.035)
  -> queued MET buy (conf 78, stop 95.5, tp 100.5)
  -> queued HOOD buy (conf 71, stop 101.72, tp 125.0)
  -> queued RVTY buy (conf None, stop 120.96, tp 149.475)
  -> queued META buy (conf None, stop 605.38, tp 690.0)
  -> queued KR buy (conf None, stop 56.14, tp 62.535)
  -> queued ARE buy (conf None, stop 49.24, tp 57.23)
  -> queued MPC buy (conf None, stop 379.575, tp 427.92)
Dashboard watchlist synced (3 symbols) for news/headlines.
Ending portfolio value: $99,311.19
Trade journal: all: 19 trades, 21% win rate, avg -2.19% | breakout: 1 trades, 0% win rate, avg -8.61% | other: 13 trades, 23% win rate, avg -1.93% | technical: 5 trades, 20% win rate, avg -1.58%
Self-learning: breakout: 1 trades, 0% win rate, avg -8.61% (LOSING) | other: 13 trades, 23% win rate, avg -1.93% (LOSING) | technical: 5 trades, 20% win rate, avg -1.58% (LOSING)
Performance: Total return +0.45% | Max drawdown 0.94% | Daily Sharpe 1.56 | 19 closed trades | Win rate 21% | Avg winner +1.83% | Avg loser -3.26% | Open positions: 0 | Equity $99,311.19
Engine P&L: legacy/unknown: realized $-1,705.68 (19 closed, 21% wins), unrealized $+0.00 (0 open) | Books: legacy: realized $-1,705.68, unrealized $+0.00
Reports: daily realized $+0.00; worst symbols none | weekly realized $+0.00; worst symbols none
Shadow report: 25169 shadow candidate(s), 91 rejection group(s)
Timings: account: 0.0s | risk: 0.3s | decide: 7.9s | watchlist: 0.1s | perf: 0.3s

=== Run at 2026-09-19T00:44:29.643708 ===
Build fingerprint: 4f68550affe5
Current time: 2026-09-18 08:44 PM EDT | Market open (per Alpaca): False | Session: CLOSED
Account value: $99,311.19
Cash: $99,311.19 | Holdings (0): none
Sector exposure (cached): unavailable (no holdings)
Fill reconciliation: {'filled': 0, 'partial': 0, 'rejected': 1}
Risk state: peak $99,703.60 | drawdown 0.39% | today +0.00% | halted: False
Market regime: NEUTRAL (position-size multiplier: 100% incl. circuit breaker 100%)
News: fetched 157, 0 new after dedup, 0 ticker(s) matched.
Quant pre-screen: 42/64 candidates passed.
Gemini proposed 2 trade(s) meeting the conviction bar.
Gemini calls used today (all models combined): 371
Market closed (overnight): queued 12 trade idea(s) for next-morning verification -- nothing submitted yet.
  -> queued KMI buy (conf 85, stop 30.41, tp 33.5)
  -> queued MU buy (conf 92, stop 975.0, tp 1065.0)
  -> queued KEYS buy (conf 82, stop 311.44, tp 355.0)
  -> queued SNDK buy (conf None, stop 1504.56, tp 1807.01)
  -> queued PFG buy (conf None, stop 113.225, tp 119.035)
  -> queued MET buy (conf 78, stop 95.5, tp 100.5)
  -> queued HOOD buy (conf 71, stop 101.72, tp 125.0)
  -> queued RVTY buy (conf None, stop 120.96, tp 149.475)
  -> queued META buy (conf None, stop 605.38, tp 690.0)
  -> queued KR buy (conf None, stop 56.14, tp 62.535)
  -> queued ARE buy (conf None, stop 49.24, tp 57.23)
  -> queued MPC buy (conf None, stop 379.575, tp 427.92)
Dashboard watchlist synced (2 symbols) for news/headlines.
Ending portfolio value: $99,311.19
Trade journal: all: 19 trades, 21% win rate, avg -2.19% | breakout: 1 trades, 0% win rate, avg -8.61% | other: 13 trades, 23% win rate, avg -1.93% | technical: 5 trades, 20% win rate, avg -1.58%
Self-learning: breakout: 1 trades, 0% win rate, avg -8.61% (LOSING) | other: 13 trades, 23% win rate, avg -1.93% (LOSING) | technical: 5 trades, 20% win rate, avg -1.58% (LOSING)
Performance: Total return +0.45% | Max drawdown 0.94% | Daily Sharpe 1.56 | 19 closed trades | Win rate 21% | Avg winner +1.83% | Avg loser -3.26% | Open positions: 0 | Equity $99,311.19
Engine P&L: legacy/unknown: realized $-1,705.68 (19 closed, 21% wins), unrealized $+0.00 (0 open) | Books: legacy: realized $-1,705.68, unrealized $+0.00
Reports: daily realized $+0.00; worst symbols none | weekly realized $+0.00; worst symbols none
Shadow report: 25169 shadow candidate(s), 91 rejection group(s)
Timings: account: 0.0s | risk: 0.2s | decide: 17.3s | watchlist: 0.1s | perf: 0.4s

=== Run at 2026-09-19T00:46:26.366609 ===
Build fingerprint: 4f68550affe5
Current time: 2026-09-18 08:46 PM EDT | Market open (per Alpaca): False | Session: CLOSED
Account value: $99,311.19
Cash: $99,311.19 | Holdings (0): none
Sector exposure (cached): unavailable (no holdings)
Fill reconciliation: {'filled': 0, 'partial': 0, 'rejected': 1}
Risk state: peak $99,703.60 | drawdown 0.39% | today +0.00% | halted: False
Market regime: NEUTRAL (position-size multiplier: 100% incl. circuit breaker 100%)
News: fetched 157, 0 new after dedup, 0 ticker(s) matched.
Quant pre-screen: 42/64 candidates passed.
Gemini proposed 3 trade(s) meeting the conviction bar.
Gemini calls used today (all models combined): 372
Market closed (overnight): queued 12 trade idea(s) for next-morning verification -- nothing submitted yet.
  -> queued KMI buy (conf 88, stop 31.2, tp 33.0)
  -> queued MU buy (conf 95, stop 975.0, tp 1050.0)
  -> queued KEYS buy (conf 82, stop 311.44, tp 355.0)
  -> queued SNDK buy (conf None, stop 1504.56, tp 1807.01)
  -> queued PFG buy (conf None, stop 113.225, tp 119.035)
  -> queued MET buy (conf 82, stop 96.0, tp 99.5)
  -> queued HOOD buy (conf 71, stop 101.72, tp 125.0)
  -> queued RVTY buy (conf None, stop 120.96, tp 149.475)
  -> queued META buy (conf None, stop 605.38, tp 690.0)
  -> queued KR buy (conf None, stop 56.14, tp 62.535)
  -> queued ARE buy (conf None, stop 49.24, tp 57.23)
  -> queued MPC buy (conf None, stop 379.575, tp 427.92)
Dashboard watchlist synced (3 symbols) for news/headlines.
Ending portfolio value: $99,311.19
Trade journal: all: 19 trades, 21% win rate, avg -2.19% | breakout: 1 trades, 0% win rate, avg -8.61% | other: 13 trades, 23% win rate, avg -1.93% | technical: 5 trades, 20% win rate, avg -1.58%
Self-learning: breakout: 1 trades, 0% win rate, avg -8.61% (LOSING) | other: 13 trades, 23% win rate, avg -1.93% (LOSING) | technical: 5 trades, 20% win rate, avg -1.58% (LOSING)
Performance: Total return +0.45% | Max drawdown 0.94% | Daily Sharpe 1.56 | 19 closed trades | Win rate 21% | Avg winner +1.83% | Avg loser -3.26% | Open positions: 0 | Equity $99,311.19
Engine P&L: legacy/unknown: realized $-1,705.68 (19 closed, 21% wins), unrealized $+0.00 (0 open) | Books: legacy: realized $-1,705.68, unrealized $+0.00
Reports: daily realized $+0.00; worst symbols none | weekly realized $+0.00; worst symbols none
Shadow report: 25169 shadow candidate(s), 91 rejection group(s)
Timings: account: 0.0s | risk: 0.1s | decide: 4.1s | watchlist: 0.0s | perf: 0.3s

=== Run at 2026-09-19T00:47:58.058071 ===
Build fingerprint: 4f68550affe5
Current time: 2026-09-18 08:47 PM EDT | Market open (per Alpaca): False | Session: CLOSED
Account value: $99,311.19
Cash: $99,311.19 | Holdings (0): none
Sector exposure (cached): unavailable (no holdings)
Fill reconciliation: {'filled': 0, 'partial': 0, 'rejected': 1}
Risk state: peak $99,703.60 | drawdown 0.39% | today +0.00% | halted: False
Market regime: NEUTRAL (position-size multiplier: 100% incl. circuit breaker 100%)
News: fetched 157, 0 new after dedup, 0 ticker(s) matched.
Quant pre-screen: 42/64 candidates passed.
Gemini proposed 3 trade(s) meeting the conviction bar.
Gemini calls used today (all models combined): 373
Market closed (overnight): queued 12 trade idea(s) for next-morning verification -- nothing submitted yet.
  -> queued KMI buy (conf 88, stop 30.5, tp 34.0)
  -> queued MU buy (conf 92, stop 950.0, tp 1085.0)
  -> queued KEYS buy (conf 85, stop 320.0, tp 360.0)
  -> queued SNDK buy (conf None, stop 1504.56, tp 1807.01)
  -> queued PFG buy (conf None, stop 113.225, tp 119.035)
  -> queued MET buy (conf 82, stop 96.0, tp 99.5)
  -> queued HOOD buy (conf 71, stop 101.72, tp 125.0)
  -> queued RVTY buy (conf None, stop 120.96, tp 149.475)
  -> queued META buy (conf None, stop 605.38, tp 690.0)
  -> queued KR buy (conf None, stop 56.14, tp 62.535)
  -> queued ARE buy (conf None, stop 49.24, tp 57.23)
  -> queued MPC buy (conf None, stop 379.575, tp 427.92)
Dashboard watchlist synced (3 symbols) for news/headlines.
Ending portfolio value: $99,311.19
Trade journal: all: 19 trades, 21% win rate, avg -2.19% | breakout: 1 trades, 0% win rate, avg -8.61% | other: 13 trades, 23% win rate, avg -1.93% | technical: 5 trades, 20% win rate, avg -1.58%
Self-learning: breakout: 1 trades, 0% win rate, avg -8.61% (LOSING) | other: 13 trades, 23% win rate, avg -1.93% (LOSING) | technical: 5 trades, 20% win rate, avg -1.58% (LOSING)
Performance: Total return +0.45% | Max drawdown 0.94% | Daily Sharpe 1.56 | 19 closed trades | Win rate 21% | Avg winner +1.83% | Avg loser -3.26% | Open positions: 0 | Equity $99,311.19
Engine P&L: legacy/unknown: realized $-1,705.68 (19 closed, 21% wins), unrealized $+0.00 (0 open) | Books: legacy: realized $-1,705.68, unrealized $+0.00
Reports: daily realized $+0.00; worst symbols none | weekly realized $+0.00; worst symbols none
Shadow report: 25169 shadow candidate(s), 91 rejection group(s)
Timings: account: 0.0s | risk: 0.0s | decide: 2.8s | watchlist: 0.0s | perf: 0.3s

=== Run at 2026-09-19T00:48:29.117699 ===
Build fingerprint: 4f68550affe5
Current time: 2026-09-18 08:48 PM EDT | Market open (per Alpaca): False | Session: CLOSED
Account value: $99,311.19
Cash: $99,311.19 | Holdings (0): none
Sector exposure (cached): unavailable (no holdings)
Fill reconciliation: {'filled': 0, 'partial': 0, 'rejected': 1}
Risk state: peak $99,703.60 | drawdown 0.39% | today +0.00% | halted: False
Market regime: NEUTRAL (position-size multiplier: 100% incl. circuit breaker 100%)
News: fetched 157, 0 new after dedup, 0 ticker(s) matched.
Quant pre-screen: 42/64 candidates passed.
Gemini proposed 3 trade(s) meeting the conviction bar.
Gemini calls used today (all models combined): 374
Market closed (overnight): queued 12 trade idea(s) for next-morning verification -- nothing submitted yet.
  -> queued KMI buy (conf 85, stop 30.41, tp 32.33)
  -> queued MU buy (conf 92, stop 902.76, tp 1042.38)
  -> queued KEYS buy (conf 85, stop 320.0, tp 360.0)
  -> queued SNDK buy (conf None, stop 1504.56, tp 1807.01)
  -> queued PFG buy (conf None, stop 113.225, tp 119.035)
  -> queued MET buy (conf 78, stop 94.95, tp 98.75)
  -> queued HOOD buy (conf 71, stop 101.72, tp 125.0)
  -> queued RVTY buy (conf None, stop 120.96, tp 149.475)
  -> queued META buy (conf None, stop 605.38, tp 690.0)
  -> queued KR buy (conf None, stop 56.14, tp 62.535)
  -> queued ARE buy (conf None, stop 49.24, tp 57.23)
  -> queued MPC buy (conf None, stop 379.575, tp 427.92)
Dashboard watchlist synced (3 symbols) for news/headlines.
Ending portfolio value: $99,311.19
Trade journal: all: 19 trades, 21% win rate, avg -2.19% | breakout: 1 trades, 0% win rate, avg -8.61% | other: 13 trades, 23% win rate, avg -1.93% | technical: 5 trades, 20% win rate, avg -1.58%
Self-learning: breakout: 1 trades, 0% win rate, avg -8.61% (LOSING) | other: 13 trades, 23% win rate, avg -1.93% (LOSING) | technical: 5 trades, 20% win rate, avg -1.58% (LOSING)
Performance: Total return +0.45% | Max drawdown 0.94% | Daily Sharpe 1.56 | 19 closed trades | Win rate 21% | Avg winner +1.83% | Avg loser -3.26% | Open positions: 0 | Equity $99,311.19
Engine P&L: legacy/unknown: realized $-1,705.68 (19 closed, 21% wins), unrealized $+0.00 (0 open) | Books: legacy: realized $-1,705.68, unrealized $+0.00
Reports: daily realized $+0.00; worst symbols none | weekly realized $+0.00; worst symbols none
Shadow report: 25169 shadow candidate(s), 91 rejection group(s)
Timings: account: 0.0s | risk: 0.0s | decide: 15.1s | watchlist: 0.0s | perf: 0.3s

=== Run at 2026-09-19T00:50:32.145346 ===
Build fingerprint: 4f68550affe5
Current time: 2026-09-18 08:50 PM EDT | Market open (per Alpaca): False | Session: CLOSED
Account value: $99,311.19
Cash: $99,311.19 | Holdings (0): none
Sector exposure (cached): unavailable (no holdings)
Fill reconciliation: {'filled': 0, 'partial': 0, 'rejected': 1}
Risk state: peak $99,703.60 | drawdown 0.39% | today +0.00% | halted: False
Market regime: NEUTRAL (position-size multiplier: 100% incl. circuit breaker 100%)
News: fetched 157, 0 new after dedup, 0 ticker(s) matched.
Quant pre-screen: 42/64 candidates passed.
Gemini proposed 3 trade(s) meeting the conviction bar.
Gemini calls used today (all models combined): 375
Market closed (overnight): queued 12 trade idea(s) for next-morning verification -- nothing submitted yet.
  -> queued KMI buy (conf 88, stop 30.41, tp 32.33)
  -> queued MU buy (conf 92, stop 902.76, tp 1042.38)
  -> queued KEYS buy (conf 85, stop 320.0, tp 360.0)
  -> queued SNDK buy (conf None, stop 1504.56, tp 1807.01)
  -> queued PFG buy (conf None, stop 113.225, tp 119.035)
  -> queued MET buy (conf 80, stop 94.95, tp 98.75)
  -> queued HOOD buy (conf 71, stop 101.72, tp 125.0)
  -> queued RVTY buy (conf None, stop 120.96, tp 149.475)
  -> queued META buy (conf None, stop 605.38, tp 690.0)
  -> queued KR buy (conf None, stop 56.14, tp 62.535)
  -> queued ARE buy (conf None, stop 49.24, tp 57.23)
  -> queued MPC buy (conf None, stop 379.575, tp 427.92)
Dashboard watchlist synced (3 symbols) for news/headlines.
Ending portfolio value: $99,311.19
Trade journal: all: 19 trades, 21% win rate, avg -2.19% | breakout: 1 trades, 0% win rate, avg -8.61% | other: 13 trades, 23% win rate, avg -1.93% | technical: 5 trades, 20% win rate, avg -1.58%
Self-learning: breakout: 1 trades, 0% win rate, avg -8.61% (LOSING) | other: 13 trades, 23% win rate, avg -1.93% (LOSING) | technical: 5 trades, 20% win rate, avg -1.58% (LOSING)
Performance: Total return +0.45% | Max drawdown 0.94% | Daily Sharpe 1.56 | 19 closed trades | Win rate 21% | Avg winner +1.83% | Avg loser -3.26% | Open positions: 0 | Equity $99,311.19
Engine P&L: legacy/unknown: realized $-1,705.68 (19 closed, 21% wins), unrealized $+0.00 (0 open) | Books: legacy: realized $-1,705.68, unrealized $+0.00
Reports: daily realized $+0.00; worst symbols none | weekly realized $+0.00; worst symbols none
Shadow report: 25169 shadow candidate(s), 91 rejection group(s)
Timings: account: 0.0s | risk: 0.1s | decide: 7.0s | watchlist: 0.0s | perf: 0.3s

=== Run at 2026-09-19T00:52:28.721053 ===
Build fingerprint: 4f68550affe5
Current time: 2026-09-18 08:52 PM EDT | Market open (per Alpaca): False | Session: CLOSED
Account value: $99,311.19
Cash: $99,311.19 | Holdings (0): none
Sector exposure (cached): unavailable (no holdings)
Fill reconciliation: {'filled': 0, 'partial': 0, 'rejected': 1}
Risk state: peak $99,703.60 | drawdown 0.39% | today +0.00% | halted: False
Market regime: NEUTRAL (position-size multiplier: 100% incl. circuit breaker 100%)
News: fetched 157, 0 new after dedup, 0 ticker(s) matched.
Quant pre-screen: 42/64 candidates passed.
Gemini proposed 3 trade(s) meeting the conviction bar.
Gemini calls used today (all models combined): 376
Market closed (overnight): queued 12 trade idea(s) for next-morning verification -- nothing submitted yet.
  -> queued KMI buy (conf 92, stop 30.41, tp 33.5)
  -> queued MU buy (conf 88, stop 902.76, tp 1100.0)
  -> queued KEYS buy (conf 85, stop 320.0, tp 360.0)
  -> queued SNDK buy (conf None, stop 1504.56, tp 1807.01)
  -> queued PFG buy (conf None, stop 113.225, tp 119.035)
  -> queued MET buy (conf 75, stop 94.95, tp 100.5)
  -> queued HOOD buy (conf 71, stop 101.72, tp 125.0)
  -> queued RVTY buy (conf None, stop 120.96, tp 149.475)
  -> queued META buy (conf None, stop 605.38, tp 690.0)
  -> queued KR buy (conf None, stop 56.14, tp 62.535)
  -> queued ARE buy (conf None, stop 49.24, tp 57.23)
  -> queued MPC buy (conf None, stop 379.575, tp 427.92)
Dashboard watchlist synced (3 symbols) for news/headlines.
Ending portfolio value: $99,311.19
Trade journal: all: 19 trades, 21% win rate, avg -2.19% | breakout: 1 trades, 0% win rate, avg -8.61% | other: 13 trades, 23% win rate, avg -1.93% | technical: 5 trades, 20% win rate, avg -1.58%
Self-learning: breakout: 1 trades, 0% win rate, avg -8.61% (LOSING) | other: 13 trades, 23% win rate, avg -1.93% (LOSING) | technical: 5 trades, 20% win rate, avg -1.58% (LOSING)
Performance: Total return +0.45% | Max drawdown 0.94% | Daily Sharpe 1.56 | 19 closed trades | Win rate 21% | Avg winner +1.83% | Avg loser -3.26% | Open positions: 0 | Equity $99,311.19
Engine P&L: legacy/unknown: realized $-1,705.68 (19 closed, 21% wins), unrealized $+0.00 (0 open) | Books: legacy: realized $-1,705.68, unrealized $+0.00
Reports: daily realized $+0.00; worst symbols none | weekly realized $+0.00; worst symbols none
Shadow report: 25169 shadow candidate(s), 91 rejection group(s)
Timings: account: 0.0s | risk: 0.0s | decide: 4.1s | watchlist: 0.0s | perf: 0.3s

=== Run at 2026-09-19T00:54:32.578587 ===
Build fingerprint: 4f68550affe5
Current time: 2026-09-18 08:54 PM EDT | Market open (per Alpaca): False | Session: CLOSED
Account value: $99,311.19
Cash: $99,311.19 | Holdings (0): none
Sector exposure (cached): unavailable (no holdings)
Fill reconciliation: {'filled': 0, 'partial': 0, 'rejected': 1}
Risk state: peak $99,703.60 | drawdown 0.39% | today +0.00% | halted: False
Market regime: NEUTRAL (position-size multiplier: 100% incl. circuit breaker 100%)
News: fetched 157, 2 new after dedup, 0 ticker(s) matched.
Quant pre-screen: 42/64 candidates passed.
Gemini proposed 3 trade(s) meeting the conviction bar.
Gemini calls used today (all models combined): 377
Market closed (overnight): queued 12 trade idea(s) for next-morning verification -- nothing submitted yet.
  -> queued KMI buy (conf 85, stop 30.41, tp 33.5)
  -> queued MU buy (conf 80, stop 902.76, tp 1085.0)
  -> queued KEYS buy (conf 85, stop 320.0, tp 360.0)
  -> queued SNDK buy (conf None, stop 1504.56, tp 1807.01)
  -> queued PFG buy (conf None, stop 113.225, tp 119.035)
  -> queued MET buy (conf 75, stop 94.95, tp 100.86)
  -> queued HOOD buy (conf 71, stop 101.72, tp 125.0)
  -> queued RVTY buy (conf None, stop 120.96, tp 149.475)
  -> queued META buy (conf None, stop 605.38, tp 690.0)
  -> queued KR buy (conf None, stop 56.14, tp 62.535)
  -> queued ARE buy (conf None, stop 49.24, tp 57.23)
  -> queued MPC buy (conf None, stop 379.575, tp 427.92)
Dashboard watchlist synced (3 symbols) for news/headlines.
Ending portfolio value: $99,311.19
Trade journal: all: 19 trades, 21% win rate, avg -2.19% | breakout: 1 trades, 0% win rate, avg -8.61% | other: 13 trades, 23% win rate, avg -1.93% | technical: 5 trades, 20% win rate, avg -1.58%
Self-learning: breakout: 1 trades, 0% win rate, avg -8.61% (LOSING) | other: 13 trades, 23% win rate, avg -1.93% (LOSING) | technical: 5 trades, 20% win rate, avg -1.58% (LOSING)
Performance: Total return +0.45% | Max drawdown 0.94% | Daily Sharpe 1.56 | 19 closed trades | Win rate 21% | Avg winner +1.83% | Avg loser -3.26% | Open positions: 0 | Equity $99,311.19
Engine P&L: legacy/unknown: realized $-1,705.68 (19 closed, 21% wins), unrealized $+0.00 (0 open) | Books: legacy: realized $-1,705.68, unrealized $+0.00
Reports: daily realized $+0.00; worst symbols none | weekly realized $+0.00; worst symbols none
Shadow report: 25169 shadow candidate(s), 91 rejection group(s)
Timings: account: 0.0s | risk: 0.2s | decide: 7.5s | watchlist: 0.1s | perf: 0.3s

=== Run at 2026-09-19T00:56:27.169860 ===
Build fingerprint: 4f68550affe5
Current time: 2026-09-18 08:56 PM EDT | Market open (per Alpaca): False | Session: CLOSED
Account value: $99,311.19
Cash: $99,311.19 | Holdings (0): none
Sector exposure (cached): unavailable (no holdings)
Fill reconciliation: {'filled': 0, 'partial': 0, 'rejected': 1}
Risk state: peak $99,703.60 | drawdown 0.39% | today +0.00% | halted: False
Market regime: NEUTRAL (position-size multiplier: 100% incl. circuit breaker 100%)
News: fetched 157, 3 new after dedup, 0 ticker(s) matched.
Quant pre-screen: 42/64 candidates passed.
Gemini proposed 3 trade(s) meeting the conviction bar.
Gemini calls used today (all models combined): 378
Market closed (overnight): queued 12 trade idea(s) for next-morning verification -- nothing submitted yet.
  -> queued KMI buy (conf 85, stop 30.41, tp 33.5)
  -> queued MU buy (conf 80, stop 902.76, tp 1100.0)
  -> queued KEYS buy (conf 75, stop 311.44, tp 355.0)
  -> queued SNDK buy (conf None, stop 1504.56, tp 1807.01)
  -> queued PFG buy (conf None, stop 113.225, tp 119.035)
  -> queued MET buy (conf 75, stop 94.95, tp 100.86)
  -> queued HOOD buy (conf 71, stop 101.72, tp 125.0)
  -> queued RVTY buy (conf None, stop 120.96, tp 149.475)
  -> queued META buy (conf None, stop 605.38, tp 690.0)
  -> queued KR buy (conf None, stop 56.14, tp 62.535)
  -> queued ARE buy (conf None, stop 49.24, tp 57.23)
  -> queued MPC buy (conf None, stop 379.575, tp 427.92)
Dashboard watchlist synced (3 symbols) for news/headlines.
Ending portfolio value: $99,311.19
Trade journal: all: 19 trades, 21% win rate, avg -2.19% | breakout: 1 trades, 0% win rate, avg -8.61% | other: 13 trades, 23% win rate, avg -1.93% | technical: 5 trades, 20% win rate, avg -1.58%
Self-learning: breakout: 1 trades, 0% win rate, avg -8.61% (LOSING) | other: 13 trades, 23% win rate, avg -1.93% (LOSING) | technical: 5 trades, 20% win rate, avg -1.58% (LOSING)
Performance: Total return +0.45% | Max drawdown 0.94% | Daily Sharpe 1.56 | 19 closed trades | Win rate 21% | Avg winner +1.83% | Avg loser -3.26% | Open positions: 0 | Equity $99,311.19
Engine P&L: legacy/unknown: realized $-1,705.68 (19 closed, 21% wins), unrealized $+0.00 (0 open) | Books: legacy: realized $-1,705.68, unrealized $+0.00
Reports: daily realized $+0.00; worst symbols none | weekly realized $+0.00; worst symbols none
Shadow report: 25169 shadow candidate(s), 91 rejection group(s)
Timings: account: 0.0s | risk: 0.0s | decide: 3.2s | watchlist: 0.0s | perf: 0.3s

=== Run at 2026-09-19T00:58:28.048898 ===
Build fingerprint: 4f68550affe5
Current time: 2026-09-18 08:58 PM EDT | Market open (per Alpaca): False | Session: CLOSED
Account value: $99,311.19
Cash: $99,311.19 | Holdings (0): none
Sector exposure (cached): unavailable (no holdings)
Fill reconciliation: {'filled': 0, 'partial': 0, 'rejected': 1}
Risk state: peak $99,703.60 | drawdown 0.39% | today +0.00% | halted: False
Market regime: NEUTRAL (position-size multiplier: 100% incl. circuit breaker 100%)
News: fetched 157, 0 new after dedup, 0 ticker(s) matched.
Quant pre-screen: 42/64 candidates passed.
Gemini proposed 3 trade(s) meeting the conviction bar.
Gemini calls used today (all models combined): 379
Market closed (overnight): queued 12 trade idea(s) for next-morning verification -- nothing submitted yet.
  -> queued KMI buy (conf 85, stop 30.5, tp 33.5)
  -> queued MU buy (conf 92, stop 950.0, tp 1080.0)
  -> queued KEYS buy (conf 78, stop 320.0, tp 355.0)
  -> queued SNDK buy (conf None, stop 1504.56, tp 1807.01)
  -> queued PFG buy (conf None, stop 113.225, tp 119.035)
  -> queued MET buy (conf 75, stop 94.95, tp 100.86)
  -> queued HOOD buy (conf 71, stop 101.72, tp 125.0)
  -> queued RVTY buy (conf None, stop 120.96, tp 149.475)
  -> queued META buy (conf None, stop 605.38, tp 690.0)
  -> queued KR buy (conf None, stop 56.14, tp 62.535)
  -> queued ARE buy (conf None, stop 49.24, tp 57.23)
  -> queued MPC buy (conf None, stop 379.575, tp 427.92)
Dashboard watchlist synced (3 symbols) for news/headlines.
Ending portfolio value: $99,311.19
Trade journal: all: 19 trades, 21% win rate, avg -2.19% | breakout: 1 trades, 0% win rate, avg -8.61% | other: 13 trades, 23% win rate, avg -1.93% | technical: 5 trades, 20% win rate, avg -1.58%
Self-learning: breakout: 1 trades, 0% win rate, avg -8.61% (LOSING) | other: 13 trades, 23% win rate, avg -1.93% (LOSING) | technical: 5 trades, 20% win rate, avg -1.58% (LOSING)
Performance: Total return +0.45% | Max drawdown 0.94% | Daily Sharpe 1.56 | 19 closed trades | Win rate 21% | Avg winner +1.83% | Avg loser -3.26% | Open positions: 0 | Equity $99,311.19
Engine P&L: legacy/unknown: realized $-1,705.68 (19 closed, 21% wins), unrealized $+0.00 (0 open) | Books: legacy: realized $-1,705.68, unrealized $+0.00
Reports: daily realized $+0.00; worst symbols none | weekly realized $+0.00; worst symbols none
Shadow report: 25169 shadow candidate(s), 91 rejection group(s)
Timings: account: 0.0s | risk: 0.2s | decide: 5.9s | watchlist: 0.1s | perf: 0.3s

=== Run at 2026-09-19T01:00:35.399558 ===
Build fingerprint: 4f68550affe5
Current time: 2026-09-18 09:00 PM EDT | Market open (per Alpaca): False | Session: CLOSED
Account value: $99,311.19
Cash: $99,311.19 | Holdings (0): none
Sector exposure (cached): unavailable (no holdings)
Fill reconciliation: {'filled': 0, 'partial': 0, 'rejected': 1}
Risk state: peak $99,703.60 | drawdown 0.39% | today +0.00% | halted: False
Market regime: NEUTRAL (position-size multiplier: 100% incl. circuit breaker 100%)
News: fetched 157, 1 new after dedup, 0 ticker(s) matched.
Quant pre-screen: 12/16 candidates passed.
Technical fallback (Gemini throttled/unavailable) proposed 3 trade(s) meeting the conviction bar.
Gemini calls used today (all models combined): 379
Market closed (overnight): queued 12 trade idea(s) for next-morning verification -- nothing submitted yet.
  -> queued MU buy (conf 92, stop 950.0, tp 1080.0)
  -> queued KMI buy (conf 85, stop 30.5, tp 33.5)
  -> queued KEYS buy (conf 78, stop 320.0, tp 355.0)
  -> queued MET buy (conf 75, stop 94.95, tp 100.86)
  -> queued SNDK buy (conf None, stop 1504.56, tp 1807.01)
  -> queued PFG buy (conf None, stop 113.225, tp 119.035)
  -> queued HOOD buy (conf 71, stop 101.72, tp 125.0)
  -> queued RVTY buy (conf None, stop 120.96, tp 149.475)
  -> queued META buy (conf None, stop 605.38, tp 690.0)
  -> queued KR buy (conf None, stop 56.14, tp 62.535)
  -> queued ARE buy (conf None, stop 49.24, tp 57.23)
  -> queued MPC buy (conf None, stop 379.575, tp 427.92)
Run budget reserve reached -- skipping dashboard watchlist sync.
Run budget reserve reached -- skipping performance snapshot.
Trade journal: all: 19 trades, 21% win rate, avg -2.19% | breakout: 1 trades, 0% win rate, avg -8.61% | other: 13 trades, 23% win rate, avg -1.93% | technical: 5 trades, 20% win rate, avg -1.58%
Self-learning: breakout: 1 trades, 0% win rate, avg -8.61% (LOSING) | other: 13 trades, 23% win rate, avg -1.93% (LOSING) | technical: 5 trades, 20% win rate, avg -1.58% (LOSING)
Performance: Total return +0.45% | Max drawdown 0.94% | Daily Sharpe 1.56 | 19 closed trades | Win rate 21% | Avg winner +1.83% | Avg loser -3.26% | Open positions: 0 | Equity $99,311.19
Engine P&L: legacy/unknown: realized $-1,705.68 (19 closed, 21% wins), unrealized $+0.00 (0 open) | Books: legacy: realized $-1,705.68, unrealized $+0.00
Reports: daily realized $+0.00; worst symbols none | weekly realized $+0.00; worst symbols none
Shadow report: 25169 shadow candidate(s), 91 rejection group(s)
Timings: account: 0.0s | risk: 0.2s | decide: 24.5s | watchlist: 0.0s | perf: 0.2s

=== Run at 2026-09-19T01:02:26.249708 ===
Build fingerprint: 4f68550affe5
Current time: 2026-09-18 09:02 PM EDT | Market open (per Alpaca): False | Session: CLOSED
Account value: $99,311.19
Cash: $99,311.19 | Holdings (0): none
Sector exposure (cached): unavailable (no holdings)
Fill reconciliation: {'filled': 0, 'partial': 0, 'rejected': 1}
Risk state: peak $99,703.60 | drawdown 0.39% | today +0.00% | halted: False
Market regime: NEUTRAL (position-size multiplier: 100% incl. circuit breaker 100%)
News: fetched 157, 0 new after dedup, 0 ticker(s) matched.
Quant pre-screen: 18/28 candidates passed.
Technical fallback (Gemini throttled/unavailable) proposed 3 trade(s) meeting the conviction bar.
Gemini calls used today (all models combined): 379
Market closed (overnight): queued 12 trade idea(s) for next-morning verification -- nothing submitted yet.
  -> queued MU buy (conf 92, stop 950.0, tp 1080.0)
  -> queued KMI buy (conf 85, stop 30.5, tp 33.5)
  -> queued KEYS buy (conf 78, stop 320.0, tp 355.0)
  -> queued MET buy (conf 75, stop 94.95, tp 100.86)
  -> queued SNDK buy (conf None, stop 1504.56, tp 1807.01)
  -> queued PFG buy (conf None, stop 113.225, tp 119.035)
  -> queued HOOD buy (conf 71, stop 101.72, tp 125.0)
  -> queued RVTY buy (conf None, stop 120.96, tp 149.475)
  -> queued META buy (conf None, stop 605.38, tp 690.0)
  -> queued KR buy (conf None, stop 56.14, tp 62.535)
  -> queued ARE buy (conf None, stop 49.24, tp 57.23)
  -> queued MPC buy (conf None, stop 379.575, tp 427.92)
Dashboard watchlist synced (3 symbols) for news/headlines.
Ending portfolio value: $99,311.19
Trade journal: all: 19 trades, 21% win rate, avg -2.19% | breakout: 1 trades, 0% win rate, avg -8.61% | other: 13 trades, 23% win rate, avg -1.93% | technical: 5 trades, 20% win rate, avg -1.58%
Self-learning: breakout: 1 trades, 0% win rate, avg -8.61% (LOSING) | other: 13 trades, 23% win rate, avg -1.93% (LOSING) | technical: 5 trades, 20% win rate, avg -1.58% (LOSING)
Performance: Total return +0.45% | Max drawdown 0.94% | Daily Sharpe 1.56 | 19 closed trades | Win rate 21% | Avg winner +1.83% | Avg loser -3.26% | Open positions: 0 | Equity $99,311.19
Engine P&L: legacy/unknown: realized $-1,705.68 (19 closed, 21% wins), unrealized $+0.00 (0 open) | Books: legacy: realized $-1,705.68, unrealized $+0.00
Reports: daily realized $+0.00; worst symbols none | weekly realized $+0.00; worst symbols none
Shadow report: 25169 shadow candidate(s), 91 rejection group(s)
Timings: account: 0.0s | risk: 0.1s | decide: 23.0s | watchlist: 0.0s | perf: 0.3s

=== Run at 2026-09-19T01:04:29.196960 ===
Build fingerprint: 4f68550affe5
Current time: 2026-09-18 09:04 PM EDT | Market open (per Alpaca): False | Session: CLOSED
Account value: $99,311.19
Cash: $99,311.19 | Holdings (0): none
Sector exposure (cached): unavailable (no holdings)
Fill reconciliation: {'filled': 0, 'partial': 0, 'rejected': 1}
Risk state: peak $99,703.60 | drawdown 0.39% | today +0.00% | halted: False
Market regime: NEUTRAL (position-size multiplier: 100% incl. circuit breaker 100%)
News: fetched 157, 2 new after dedup, 0 ticker(s) matched.
Quant pre-screen: 28/40 candidates passed.
Technical fallback (Gemini throttled/unavailable) proposed 5 trade(s) meeting the conviction bar.
Gemini calls used today (all models combined): 379
Market closed (overnight): queued 12 trade idea(s) for next-morning verification -- nothing submitted yet.
  -> queued MU buy (conf 92, stop 950.0, tp 1080.0)
  -> queued KMI buy (conf 85, stop 30.5, tp 33.5)
  -> queued KEYS buy (conf 78, stop 320.0, tp 355.0)
  -> queued MET buy (conf None, stop 94.95, tp 98.75)
  -> queued SNDK buy (conf None, stop 1504.56, tp 1807.01)
  -> queued PFG buy (conf None, stop 113.225, tp 119.035)
  -> queued HOOD buy (conf 71, stop 101.72, tp 125.0)
  -> queued RVTY buy (conf None, stop 120.96, tp 149.475)
  -> queued META buy (conf None, stop 605.38, tp 690.0)
  -> queued KR buy (conf None, stop 56.14, tp 62.535)
  -> queued ARE buy (conf None, stop 49.24, tp 57.23)
  -> queued MPC buy (conf None, stop 379.575, tp 427.92)
Run budget reserve reached -- skipping dashboard watchlist sync.
Run budget reserve reached -- skipping performance snapshot.
Trade journal: all: 19 trades, 21% win rate, avg -2.19% | breakout: 1 trades, 0% win rate, avg -8.61% | other: 13 trades, 23% win rate, avg -1.93% | technical: 5 trades, 20% win rate, avg -1.58%
Self-learning: breakout: 1 trades, 0% win rate, avg -8.61% (LOSING) | other: 13 trades, 23% win rate, avg -1.93% (LOSING) | technical: 5 trades, 20% win rate, avg -1.58% (LOSING)
Performance: Total return +0.45% | Max drawdown 0.94% | Daily Sharpe 1.56 | 19 closed trades | Win rate 21% | Avg winner +1.83% | Avg loser -3.26% | Open positions: 0 | Equity $99,311.19
Engine P&L: legacy/unknown: realized $-1,705.68 (19 closed, 21% wins), unrealized $+0.00 (0 open) | Books: legacy: realized $-1,705.68, unrealized $+0.00
Reports: daily realized $+0.00; worst symbols none | weekly realized $+0.00; worst symbols none
Shadow report: 25169 shadow candidate(s), 91 rejection group(s)
Timings: account: 0.0s | risk: 0.3s | decide: 24.3s | watchlist: 0.0s | perf: 0.2s

=== Run at 2026-09-19T01:06:30.116846 ===
Build fingerprint: 4f68550affe5
Current time: 2026-09-18 09:06 PM EDT | Market open (per Alpaca): False | Session: CLOSED
Account value: $99,311.19
Cash: $99,311.19 | Holdings (0): none
Sector exposure (cached): unavailable (no holdings)
Fill reconciliation: {'filled': 0, 'partial': 0, 'rejected': 1}
Risk state: peak $99,703.60 | drawdown 0.39% | today +0.00% | halted: False
Market regime: NEUTRAL (position-size multiplier: 100% incl. circuit breaker 100%)
News: fetched 157, 1 new after dedup, 1 ticker(s) matched.
Quant pre-screen: 12/18 candidates passed.
Gemini proposed 2 trade(s) meeting the conviction bar.
Gemini calls used today (all models combined): 380
Market closed (overnight): queued 12 trade idea(s) for next-morning verification -- nothing submitted yet.
  -> queued MU buy (conf 92, stop 950.0, tp 1080.0)
  -> queued KMI buy (conf 75, stop 30.41, tp 32.33)
  -> queued KEYS buy (conf 78, stop 320.0, tp 355.0)
  -> queued MET buy (conf None, stop 94.95, tp 98.75)
  -> queued SNDK buy (conf 80, stop 1504.56, tp 1807.01)
  -> queued PFG buy (conf None, stop 113.225, tp 119.035)
  -> queued HOOD buy (conf 71, stop 101.72, tp 125.0)
  -> queued RVTY buy (conf None, stop 120.96, tp 149.475)
  -> queued META buy (conf None, stop 605.38, tp 690.0)
  -> queued KR buy (conf None, stop 56.14, tp 62.535)
  -> queued ARE buy (conf None, stop 49.24, tp 57.23)
  -> queued MPC buy (conf None, stop 379.575, tp 427.92)
Dashboard watchlist synced (3 symbols) for news/headlines.
Ending portfolio value: $99,311.19
Trade journal: all: 19 trades, 21% win rate, avg -2.19% | breakout: 1 trades, 0% win rate, avg -8.61% | other: 13 trades, 23% win rate, avg -1.93% | technical: 5 trades, 20% win rate, avg -1.58%
Self-learning: breakout: 1 trades, 0% win rate, avg -8.61% (LOSING) | other: 13 trades, 23% win rate, avg -1.93% (LOSING) | technical: 5 trades, 20% win rate, avg -1.58% (LOSING)
Performance: Total return +0.45% | Max drawdown 0.94% | Daily Sharpe 1.56 | 19 closed trades | Win rate 21% | Avg winner +1.83% | Avg loser -3.26% | Open positions: 0 | Equity $99,311.19
Engine P&L: legacy/unknown: realized $-1,705.68 (19 closed, 21% wins), unrealized $+0.00 (0 open) | Books: legacy: realized $-1,705.68, unrealized $+0.00
Reports: daily realized $+0.00; worst symbols none | weekly realized $+0.00; worst symbols none
Shadow report: 25169 shadow candidate(s), 91 rejection group(s)
Timings: account: 0.0s | risk: 0.1s | decide: 5.9s | watchlist: 0.1s | perf: 0.3s

=== Run at 2026-09-19T01:08:27.253068 ===
Build fingerprint: 4f68550affe5
Current time: 2026-09-18 09:08 PM EDT | Market open (per Alpaca): False | Session: CLOSED
Account value: $99,311.19
Cash: $99,311.19 | Holdings (0): none
Sector exposure (cached): unavailable (no holdings)
Fill reconciliation: {'filled': 0, 'partial': 0, 'rejected': 1}
Risk state: peak $99,703.60 | drawdown 0.39% | today +0.00% | halted: False
Market regime: NEUTRAL (position-size multiplier: 100% incl. circuit breaker 100%)
News: fetched 157, 1 new after dedup, 0 ticker(s) matched.
Quant pre-screen: 35/52 candidates passed.
Gemini proposed 2 trade(s) meeting the conviction bar.
Gemini calls used today (all models combined): 381
Market closed (overnight): queued 12 trade idea(s) for next-morning verification -- nothing submitted yet.
  -> queued MU buy (conf 92, stop 950.0, tp 1080.0)
  -> queued KMI buy (conf 85, stop 30.41, tp 33.5)
  -> queued KEYS buy (conf 82, stop 311.44, tp 355.0)
  -> queued MET buy (conf None, stop 94.95, tp 98.75)
  -> queued SNDK buy (conf 80, stop 1504.56, tp 1807.01)
  -> queued PFG buy (conf None, stop 113.225, tp 119.035)
  -> queued HOOD buy (conf 71, stop 101.72, tp 125.0)
  -> queued RVTY buy (conf None, stop 120.96, tp 149.475)
  -> queued META buy (conf None, stop 605.38, tp 690.0)
  -> queued KR buy (conf None, stop 56.14, tp 62.535)
  -> queued ARE buy (conf None, stop 49.24, tp 57.23)
  -> queued MPC buy (conf None, stop 379.575, tp 427.92)
Dashboard watchlist synced (2 symbols) for news/headlines.
Ending portfolio value: $99,311.19
Trade journal: all: 19 trades, 21% win rate, avg -2.19% | breakout: 1 trades, 0% win rate, avg -8.61% | other: 13 trades, 23% win rate, avg -1.93% | technical: 5 trades, 20% win rate, avg -1.58%
Self-learning: breakout: 1 trades, 0% win rate, avg -8.61% (LOSING) | other: 13 trades, 23% win rate, avg -1.93% (LOSING) | technical: 5 trades, 20% win rate, avg -1.58% (LOSING)
Performance: Total return +0.45% | Max drawdown 0.94% | Daily Sharpe 1.56 | 19 closed trades | Win rate 21% | Avg winner +1.83% | Avg loser -3.26% | Open positions: 0 | Equity $99,311.19
Engine P&L: legacy/unknown: realized $-1,705.68 (19 closed, 21% wins), unrealized $+0.00 (0 open) | Books: legacy: realized $-1,705.68, unrealized $+0.00
Reports: daily realized $+0.00; worst symbols none | weekly realized $+0.00; worst symbols none
Shadow report: 25169 shadow candidate(s), 91 rejection group(s)
Timings: account: 0.0s | risk: 0.1s | decide: 5.3s | watchlist: 0.1s | perf: 0.3s

=== Run at 2026-09-19T01:10:33.120815 ===
Build fingerprint: 4f68550affe5
Current time: 2026-09-18 09:10 PM EDT | Market open (per Alpaca): False | Session: CLOSED
Account value: $99,311.19
Cash: $99,311.19 | Holdings (0): none
Sector exposure (cached): unavailable (no holdings)
Fill reconciliation: {'filled': 0, 'partial': 0, 'rejected': 1}
Risk state: peak $99,703.60 | drawdown 0.39% | today +0.00% | halted: False
Market regime: NEUTRAL (position-size multiplier: 100% incl. circuit breaker 100%)
News: fetched 157, 1 new after dedup, 0 ticker(s) matched.
Quant pre-screen: 41/64 candidates passed.
Gemini proposed 2 trade(s) meeting the conviction bar.
Gemini calls used today (all models combined): 382
Market closed (overnight): queued 12 trade idea(s) for next-morning verification -- nothing submitted yet.
  -> queued MU buy (conf 85, stop 970.0, tp 1080.0)
  -> queued KMI buy (conf 78, stop 30.5, tp 33.5)
  -> queued KEYS buy (conf 82, stop 311.44, tp 355.0)
  -> queued MET buy (conf None, stop 94.95, tp 98.75)
  -> queued SNDK buy (conf 80, stop 1504.56, tp 1807.01)
  -> queued PFG buy (conf None, stop 113.225, tp 119.035)
  -> queued HOOD buy (conf 71, stop 101.72, tp 125.0)
  -> queued RVTY buy (conf None, stop 120.96, tp 149.475)
  -> queued META buy (conf None, stop 605.38, tp 690.0)
  -> queued KR buy (conf None, stop 56.14, tp 62.535)
  -> queued ARE buy (conf None, stop 49.24, tp 57.23)
  -> queued MPC buy (conf None, stop 379.575, tp 427.92)
Dashboard watchlist synced (2 symbols) for news/headlines.
Ending portfolio value: $99,311.19
Trade journal: all: 19 trades, 21% win rate, avg -2.19% | breakout: 1 trades, 0% win rate, avg -8.61% | other: 13 trades, 23% win rate, avg -1.93% | technical: 5 trades, 20% win rate, avg -1.58%
Self-learning: breakout: 1 trades, 0% win rate, avg -8.61% (LOSING) | other: 13 trades, 23% win rate, avg -1.93% (LOSING) | technical: 5 trades, 20% win rate, avg -1.58% (LOSING)
Performance: Total return +0.45% | Max drawdown 0.94% | Daily Sharpe 1.56 | 19 closed trades | Win rate 21% | Avg winner +1.83% | Avg loser -3.26% | Open positions: 0 | Equity $99,311.19
Engine P&L: legacy/unknown: realized $-1,705.68 (19 closed, 21% wins), unrealized $+0.00 (0 open) | Books: legacy: realized $-1,705.68, unrealized $+0.00
Reports: daily realized $+0.00; worst symbols none | weekly realized $+0.00; worst symbols none
Shadow report: 25169 shadow candidate(s), 91 rejection group(s)
Timings: account: 0.0s | risk: 0.2s | decide: 6.7s | watchlist: 0.1s | perf: 0.3s

=== Run at 2026-09-19T01:12:27.393655 ===
Build fingerprint: 4f68550affe5
Current time: 2026-09-18 09:12 PM EDT | Market open (per Alpaca): False | Session: CLOSED
Account value: $99,311.19
Cash: $99,311.19 | Holdings (0): none
Sector exposure (cached): unavailable (no holdings)
Fill reconciliation: {'filled': 0, 'partial': 0, 'rejected': 1}
Risk state: peak $99,703.60 | drawdown 0.39% | today +0.00% | halted: False
Market regime: NEUTRAL (position-size multiplier: 100% incl. circuit breaker 100%)
News: fetched 157, 0 new after dedup, 0 ticker(s) matched.
Quant pre-screen: 41/64 candidates passed.
Gemini proposed 2 trade(s) meeting the conviction bar.
Gemini calls used today (all models combined): 383
Market closed (overnight): queued 12 trade idea(s) for next-morning verification -- nothing submitted yet.
  -> queued MU buy (conf 88, stop 960.0, tp 1100.0)
  -> queued KMI buy (conf 85, stop 30.5, tp 33.5)
  -> queued KEYS buy (conf 82, stop 311.44, tp 355.0)
  -> queued MET buy (conf None, stop 94.95, tp 98.75)
  -> queued SNDK buy (conf 80, stop 1504.56, tp 1807.01)
  -> queued PFG buy (conf None, stop 113.225, tp 119.035)
  -> queued HOOD buy (conf 71, stop 101.72, tp 125.0)
  -> queued RVTY buy (conf None, stop 120.96, tp 149.475)
  -> queued META buy (conf None, stop 605.38, tp 690.0)
  -> queued KR buy (conf None, stop 56.14, tp 62.535)
  -> queued ARE buy (conf None, stop 49.24, tp 57.23)
  -> queued MPC buy (conf None, stop 379.575, tp 427.92)
Dashboard watchlist synced (2 symbols) for news/headlines.
Ending portfolio value: $99,311.19
Trade journal: all: 19 trades, 21% win rate, avg -2.19% | breakout: 1 trades, 0% win rate, avg -8.61% | other: 13 trades, 23% win rate, avg -1.93% | technical: 5 trades, 20% win rate, avg -1.58%
Self-learning: breakout: 1 trades, 0% win rate, avg -8.61% (LOSING) | other: 13 trades, 23% win rate, avg -1.93% (LOSING) | technical: 5 trades, 20% win rate, avg -1.58% (LOSING)
Performance: Total return +0.45% | Max drawdown 0.94% | Daily Sharpe 1.56 | 19 closed trades | Win rate 21% | Avg winner +1.83% | Avg loser -3.26% | Open positions: 0 | Equity $99,311.19
Engine P&L: legacy/unknown: realized $-1,705.68 (19 closed, 21% wins), unrealized $+0.00 (0 open) | Books: legacy: realized $-1,705.68, unrealized $+0.00
Reports: daily realized $+0.00; worst symbols none | weekly realized $+0.00; worst symbols none
Shadow report: 25169 shadow candidate(s), 91 rejection group(s)
Timings: account: 0.0s | risk: 0.0s | decide: 2.7s | watchlist: 0.0s | perf: 0.3s

=== Run at 2026-09-19T01:14:25.805922 ===
Build fingerprint: 4f68550affe5
Current time: 2026-09-18 09:14 PM EDT | Market open (per Alpaca): False | Session: CLOSED
Account value: $99,311.19
Cash: $99,311.19 | Holdings (0): none
Sector exposure (cached): unavailable (no holdings)
Fill reconciliation: {'filled': 0, 'partial': 0, 'rejected': 1}
Risk state: peak $99,703.60 | drawdown 0.39% | today +0.00% | halted: False
Market regime: NEUTRAL (position-size multiplier: 100% incl. circuit breaker 100%)
News: fetched 157, 0 new after dedup, 0 ticker(s) matched.
Quant pre-screen: 41/64 candidates passed.
Gemini proposed 2 trade(s) meeting the conviction bar.
Gemini calls used today (all models combined): 384
Market closed (overnight): queued 12 trade idea(s) for next-morning verification -- nothing submitted yet.
  -> queued MU buy (conf 88, stop 960.0, tp 1100.0)
  -> queued KMI buy (conf 85, stop 30.41, tp 33.5)
  -> queued KEYS buy (conf 80, stop 311.44, tp 355.0)
  -> queued MET buy (conf None, stop 94.95, tp 98.75)
  -> queued SNDK buy (conf 80, stop 1504.56, tp 1807.01)
  -> queued PFG buy (conf None, stop 113.225, tp 119.035)
  -> queued HOOD buy (conf 71, stop 101.72, tp 125.0)
  -> queued RVTY buy (conf None, stop 120.96, tp 149.475)
  -> queued META buy (conf None, stop 605.38, tp 690.0)
  -> queued KR buy (conf None, stop 56.14, tp 62.535)
  -> queued ARE buy (conf None, stop 49.24, tp 57.23)
  -> queued MPC buy (conf None, stop 379.575, tp 427.92)
Dashboard watchlist synced (2 symbols) for news/headlines.
Ending portfolio value: $99,311.19
Trade journal: all: 19 trades, 21% win rate, avg -2.19% | breakout: 1 trades, 0% win rate, avg -8.61% | other: 13 trades, 23% win rate, avg -1.93% | technical: 5 trades, 20% win rate, avg -1.58%
Self-learning: breakout: 1 trades, 0% win rate, avg -8.61% (LOSING) | other: 13 trades, 23% win rate, avg -1.93% (LOSING) | technical: 5 trades, 20% win rate, avg -1.58% (LOSING)
Performance: Total return +0.45% | Max drawdown 0.94% | Daily Sharpe 1.56 | 19 closed trades | Win rate 21% | Avg winner +1.83% | Avg loser -3.26% | Open positions: 0 | Equity $99,311.19
Engine P&L: legacy/unknown: realized $-1,705.68 (19 closed, 21% wins), unrealized $+0.00 (0 open) | Books: legacy: realized $-1,705.68, unrealized $+0.00
Reports: daily realized $+0.00; worst symbols none | weekly realized $+0.00; worst symbols none
Shadow report: 25169 shadow candidate(s), 91 rejection group(s)
Timings: account: 0.0s | risk: 0.1s | decide: 3.2s | watchlist: 0.0s | perf: 0.3s

=== Run at 2026-09-19T01:16:26.912945 ===
Build fingerprint: 4f68550affe5
Current time: 2026-09-18 09:16 PM EDT | Market open (per Alpaca): False | Session: CLOSED
Account value: $99,311.19
Cash: $99,311.19 | Holdings (0): none
Sector exposure (cached): unavailable (no holdings)
Fill reconciliation: {'filled': 0, 'partial': 0, 'rejected': 1}
Risk state: peak $99,703.60 | drawdown 0.39% | today +0.00% | halted: False
Market regime: NEUTRAL (position-size multiplier: 100% incl. circuit breaker 100%)
News: fetched 157, 0 new after dedup, 0 ticker(s) matched.
Quant pre-screen: 41/64 candidates passed.
Gemini proposed 2 trade(s) meeting the conviction bar.
Gemini calls used today (all models combined): 385
Market closed (overnight): queued 12 trade idea(s) for next-morning verification -- nothing submitted yet.
  -> queued MU buy (conf 88, stop 960.0, tp 1100.0)
  -> queued KMI buy (conf 85, stop 30.41, tp 33.5)
  -> queued KEYS buy (conf 80, stop 311.44, tp 355.0)
  -> queued MET buy (conf None, stop 94.95, tp 98.75)
  -> queued SNDK buy (conf 90, stop 1650.0, tp 1950.0)
  -> queued PFG buy (conf None, stop 113.225, tp 119.035)
  -> queued HOOD buy (conf 71, stop 101.72, tp 125.0)
  -> queued RVTY buy (conf None, stop 120.96, tp 149.475)
  -> queued META buy (conf None, stop 605.38, tp 690.0)
  -> queued KR buy (conf None, stop 56.14, tp 62.535)
  -> queued ARE buy (conf None, stop 49.24, tp 57.23)
  -> queued MPC buy (conf None, stop 379.575, tp 427.92)
Dashboard watchlist synced (2 symbols) for news/headlines.
Ending portfolio value: $99,311.19
Trade journal: all: 19 trades, 21% win rate, avg -2.19% | breakout: 1 trades, 0% win rate, avg -8.61% | other: 13 trades, 23% win rate, avg -1.93% | technical: 5 trades, 20% win rate, avg -1.58%
Self-learning: breakout: 1 trades, 0% win rate, avg -8.61% (LOSING) | other: 13 trades, 23% win rate, avg -1.93% (LOSING) | technical: 5 trades, 20% win rate, avg -1.58% (LOSING)
Performance: Total return +0.45% | Max drawdown 0.94% | Daily Sharpe 1.56 | 19 closed trades | Win rate 21% | Avg winner +1.83% | Avg loser -3.26% | Open positions: 0 | Equity $99,311.19
Engine P&L: legacy/unknown: realized $-1,705.68 (19 closed, 21% wins), unrealized $+0.00 (0 open) | Books: legacy: realized $-1,705.68, unrealized $+0.00
Reports: daily realized $+0.00; worst symbols none | weekly realized $+0.00; worst symbols none
Shadow report: 25169 shadow candidate(s), 91 rejection group(s)
Timings: account: 0.0s | risk: 0.1s | decide: 3.6s | watchlist: 0.0s | perf: 0.3s

=== Run at 2026-09-19T01:18:28.491552 ===
Build fingerprint: 4f68550affe5
Current time: 2026-09-18 09:18 PM EDT | Market open (per Alpaca): False | Session: CLOSED
Account value: $99,311.19
Cash: $99,311.19 | Holdings (0): none
Sector exposure (cached): unavailable (no holdings)
Fill reconciliation: {'filled': 0, 'partial': 0, 'rejected': 1}
Risk state: peak $99,703.60 | drawdown 0.39% | today +0.00% | halted: False
Market regime: NEUTRAL (position-size multiplier: 100% incl. circuit breaker 100%)
News: fetched 157, 0 new after dedup, 0 ticker(s) matched.
Quant pre-screen: 41/64 candidates passed.
Gemini proposed 1 trade(s) meeting the conviction bar.
Gemini calls used today (all models combined): 386
Market closed (overnight): queued 12 trade idea(s) for next-morning verification -- nothing submitted yet.
  -> queued MU buy (conf 88, stop 960.0, tp 1100.0)
  -> queued KMI buy (conf 75, stop 30.41, tp None)
  -> queued KEYS buy (conf 80, stop 311.44, tp 355.0)
  -> queued MET buy (conf None, stop 94.95, tp 98.75)
  -> queued SNDK buy (conf 90, stop 1650.0, tp 1950.0)
  -> queued PFG buy (conf None, stop 113.225, tp 119.035)
  -> queued HOOD buy (conf 71, stop 101.72, tp 125.0)
  -> queued RVTY buy (conf None, stop 120.96, tp 149.475)
  -> queued META buy (conf None, stop 605.38, tp 690.0)
  -> queued KR buy (conf None, stop 56.14, tp 62.535)
  -> queued ARE buy (conf None, stop 49.24, tp 57.23)
  -> queued MPC buy (conf None, stop 379.575, tp 427.92)
Dashboard watchlist synced (1 symbols) for news/headlines.
Ending portfolio value: $99,311.19
Trade journal: all: 19 trades, 21% win rate, avg -2.19% | breakout: 1 trades, 0% win rate, avg -8.61% | other: 13 trades, 23% win rate, avg -1.93% | technical: 5 trades, 20% win rate, avg -1.58%
Self-learning: breakout: 1 trades, 0% win rate, avg -8.61% (LOSING) | other: 13 trades, 23% win rate, avg -1.93% (LOSING) | technical: 5 trades, 20% win rate, avg -1.58% (LOSING)
Performance: Total return +0.45% | Max drawdown 0.94% | Daily Sharpe 1.56 | 19 closed trades | Win rate 21% | Avg winner +1.83% | Avg loser -3.26% | Open positions: 0 | Equity $99,311.19
Engine P&L: legacy/unknown: realized $-1,705.68 (19 closed, 21% wins), unrealized $+0.00 (0 open) | Books: legacy: realized $-1,705.68, unrealized $+0.00
Reports: daily realized $+0.00; worst symbols none | weekly realized $+0.00; worst symbols none
Shadow report: 25169 shadow candidate(s), 91 rejection group(s)
Timings: account: 0.0s | risk: 0.2s | decide: 5.5s | watchlist: 0.1s | perf: 0.3s

=== Run at 2026-09-19T01:20:30.550908 ===
Build fingerprint: 4f68550affe5
Current time: 2026-09-18 09:20 PM EDT | Market open (per Alpaca): False | Session: CLOSED
Account value: $99,311.19
Cash: $99,311.19 | Holdings (0): none
Sector exposure (cached): unavailable (no holdings)
Fill reconciliation: {'filled': 0, 'partial': 0, 'rejected': 1}
Risk state: peak $99,703.60 | drawdown 0.39% | today +0.00% | halted: False
Market regime: NEUTRAL (position-size multiplier: 100% incl. circuit breaker 100%)
News: fetched 157, 3 new after dedup, 0 ticker(s) matched.
Quant pre-screen: 41/64 candidates passed.
Gemini proposed 2 trade(s) meeting the conviction bar.
Gemini calls used today (all models combined): 387
Market closed (overnight): queued 12 trade idea(s) for next-morning verification -- nothing submitted yet.
  -> queued MU buy (conf 85, stop 970.0, tp 1080.0)
  -> queued KMI buy (conf 82, stop 30.5, tp 33.5)
  -> queued KEYS buy (conf 80, stop 311.44, tp 355.0)
  -> queued MET buy (conf None, stop 94.95, tp 98.75)
  -> queued SNDK buy (conf 90, stop 1650.0, tp 1950.0)
  -> queued PFG buy (conf None, stop 113.225, tp 119.035)
  -> queued HOOD buy (conf 71, stop 101.72, tp 125.0)
  -> queued RVTY buy (conf None, stop 120.96, tp 149.475)
  -> queued META buy (conf None, stop 605.38, tp 690.0)
  -> queued KR buy (conf None, stop 56.14, tp 62.535)
  -> queued ARE buy (conf None, stop 49.24, tp 57.23)
  -> queued MPC buy (conf None, stop 379.575, tp 427.92)
Dashboard watchlist synced (2 symbols) for news/headlines.
Ending portfolio value: $99,311.19
Trade journal: all: 19 trades, 21% win rate, avg -2.19% | breakout: 1 trades, 0% win rate, avg -8.61% | other: 13 trades, 23% win rate, avg -1.93% | technical: 5 trades, 20% win rate, avg -1.58%
Self-learning: breakout: 1 trades, 0% win rate, avg -8.61% (LOSING) | other: 13 trades, 23% win rate, avg -1.93% (LOSING) | technical: 5 trades, 20% win rate, avg -1.58% (LOSING)
Performance: Total return +0.45% | Max drawdown 0.94% | Daily Sharpe 1.56 | 19 closed trades | Win rate 21% | Avg winner +1.83% | Avg loser -3.26% | Open positions: 0 | Equity $99,311.19
Engine P&L: legacy/unknown: realized $-1,705.68 (19 closed, 21% wins), unrealized $+0.00 (0 open) | Books: legacy: realized $-1,705.68, unrealized $+0.00
Reports: daily realized $+0.00; worst symbols none | weekly realized $+0.00; worst symbols none
Shadow report: 25169 shadow candidate(s), 91 rejection group(s)
Timings: account: 0.0s | risk: 0.1s | decide: 3.9s | watchlist: 0.0s | perf: 0.3s

=== Run at 2026-09-19T01:22:26.148455 ===
Build fingerprint: 4f68550affe5
Current time: 2026-09-18 09:22 PM EDT | Market open (per Alpaca): False | Session: CLOSED
Account value: $99,311.19
Cash: $99,311.19 | Holdings (0): none
Sector exposure (cached): unavailable (no holdings)
Fill reconciliation: {'filled': 0, 'partial': 0, 'rejected': 1}
Risk state: peak $99,703.60 | drawdown 0.39% | today +0.00% | halted: False
Market regime: NEUTRAL (position-size multiplier: 100% incl. circuit breaker 100%)
News: fetched 157, 1 new after dedup, 0 ticker(s) matched.
Quant pre-screen: 41/64 candidates passed.
Gemini proposed 2 trade(s) meeting the conviction bar.
Gemini calls used today (all models combined): 388
Market closed (overnight): queued 12 trade idea(s) for next-morning verification -- nothing submitted yet.
  -> queued MU buy (conf 85, stop 970.0, tp 1080.0)
  -> queued KMI buy (conf 85, stop 30.41, tp 33.5)
  -> queued KEYS buy (conf 80, stop 311.44, tp 355.0)
  -> queued MET buy (conf None, stop 94.95, tp 98.75)
  -> queued SNDK buy (conf 82, stop 1620.56, tp 1950.0)
  -> queued PFG buy (conf None, stop 113.225, tp 119.035)
  -> queued HOOD buy (conf 71, stop 101.72, tp 125.0)
  -> queued RVTY buy (conf None, stop 120.96, tp 149.475)
  -> queued META buy (conf None, stop 605.38, tp 690.0)
  -> queued KR buy (conf None, stop 56.14, tp 62.535)
  -> queued ARE buy (conf None, stop 49.24, tp 57.23)
  -> queued MPC buy (conf None, stop 379.575, tp 427.92)
Dashboard watchlist synced (2 symbols) for news/headlines.
Ending portfolio value: $99,311.19
Trade journal: all: 19 trades, 21% win rate, avg -2.19% | breakout: 1 trades, 0% win rate, avg -8.61% | other: 13 trades, 23% win rate, avg -1.93% | technical: 5 trades, 20% win rate, avg -1.58%
Self-learning: breakout: 1 trades, 0% win rate, avg -8.61% (LOSING) | other: 13 trades, 23% win rate, avg -1.93% (LOSING) | technical: 5 trades, 20% win rate, avg -1.58% (LOSING)
Performance: Total return +0.45% | Max drawdown 0.94% | Daily Sharpe 1.56 | 19 closed trades | Win rate 21% | Avg winner +1.83% | Avg loser -3.26% | Open positions: 0 | Equity $99,311.19
Engine P&L: legacy/unknown: realized $-1,705.68 (19 closed, 21% wins), unrealized $+0.00 (0 open) | Books: legacy: realized $-1,705.68, unrealized $+0.00
Reports: daily realized $+0.00; worst symbols none | weekly realized $+0.00; worst symbols none
Shadow report: 25169 shadow candidate(s), 91 rejection group(s)
Timings: account: 0.0s | risk: 0.3s | decide: 18.7s | watchlist: 0.1s | perf: 0.3s

=== Run at 2026-09-19T01:24:28.331030 ===
Build fingerprint: 4f68550affe5
Current time: 2026-09-18 09:24 PM EDT | Market open (per Alpaca): False | Session: CLOSED
Account value: $99,311.19
Cash: $99,311.19 | Holdings (0): none
Sector exposure (cached): unavailable (no holdings)
Fill reconciliation: {'filled': 0, 'partial': 0, 'rejected': 1}
Risk state: peak $99,703.60 | drawdown 0.39% | today +0.00% | halted: False
Market regime: NEUTRAL (position-size multiplier: 100% incl. circuit breaker 100%)
News: fetched 157, 0 new after dedup, 0 ticker(s) matched.
Quant pre-screen: 41/64 candidates passed.
Gemini proposed 1 trade(s) meeting the conviction bar.
Gemini calls used today (all models combined): 389
Market closed (overnight): queued 12 trade idea(s) for next-morning verification -- nothing submitted yet.
  -> queued MU buy (conf 85, stop 970.0, tp 1080.0)
  -> queued KMI buy (conf 85, stop 30.41, tp 33.5)
  -> queued KEYS buy (conf 80, stop 311.44, tp 355.0)
  -> queued MET buy (conf None, stop 94.95, tp 98.75)
  -> queued SNDK buy (conf 82, stop 1620.56, tp 1950.0)
  -> queued PFG buy (conf None, stop 113.225, tp 119.035)
  -> queued HOOD buy (conf 71, stop 101.72, tp 125.0)
  -> queued RVTY buy (conf None, stop 120.96, tp 149.475)
  -> queued META buy (conf None, stop 605.38, tp 690.0)
  -> queued KR buy (conf None, stop 56.14, tp 62.535)
  -> queued ARE buy (conf None, stop 49.24, tp 57.23)
  -> queued MPC buy (conf None, stop 379.575, tp 427.92)
Dashboard watchlist synced (1 symbols) for news/headlines.
Ending portfolio value: $99,311.19
Trade journal: all: 19 trades, 21% win rate, avg -2.19% | breakout: 1 trades, 0% win rate, avg -8.61% | other: 13 trades, 23% win rate, avg -1.93% | technical: 5 trades, 20% win rate, avg -1.58%
Self-learning: breakout: 1 trades, 0% win rate, avg -8.61% (LOSING) | other: 13 trades, 23% win rate, avg -1.93% (LOSING) | technical: 5 trades, 20% win rate, avg -1.58% (LOSING)
Performance: Total return +0.45% | Max drawdown 0.94% | Daily Sharpe 1.56 | 19 closed trades | Win rate 21% | Avg winner +1.83% | Avg loser -3.26% | Open positions: 0 | Equity $99,311.19
Engine P&L: legacy/unknown: realized $-1,705.68 (19 closed, 21% wins), unrealized $+0.00 (0 open) | Books: legacy: realized $-1,705.68, unrealized $+0.00
Reports: daily realized $+0.00; worst symbols none | weekly realized $+0.00; worst symbols none
Shadow report: 25169 shadow candidate(s), 91 rejection group(s)
Timings: account: 0.0s | risk: 0.4s | decide: 7.4s | watchlist: 0.1s | perf: 0.3s

=== Run at 2026-09-19T01:26:25.186357 ===
Build fingerprint: 4f68550affe5
Current time: 2026-09-18 09:26 PM EDT | Market open (per Alpaca): False | Session: CLOSED
Account value: $99,311.19
Cash: $99,311.19 | Holdings (0): none
Sector exposure (cached): unavailable (no holdings)
Fill reconciliation: {'filled': 0, 'partial': 0, 'rejected': 1}
Risk state: peak $99,703.60 | drawdown 0.39% | today +0.00% | halted: False
Market regime: NEUTRAL (position-size multiplier: 100% incl. circuit breaker 100%)
News: fetched 157, 0 new after dedup, 0 ticker(s) matched.
Quant pre-screen: 41/64 candidates passed.
Gemini proposed 3 trade(s) meeting the conviction bar.
Gemini calls used today (all models combined): 390
Market closed (overnight): queued 12 trade idea(s) for next-morning verification -- nothing submitted yet.
  -> queued MU buy (conf 88, stop 940.0, tp 1100.0)
  -> queued KMI buy (conf 85, stop 30.41, tp 33.5)
  -> queued KEYS buy (conf 80, stop 311.44, tp 355.0)
  -> queued MET buy (conf None, stop 94.95, tp 98.75)
  -> queued SNDK buy (conf 90, stop 1650.0, tp 1900.0)
  -> queued PFG buy (conf None, stop 113.225, tp 119.035)
  -> queued HOOD buy (conf 71, stop 101.72, tp 125.0)
  -> queued RVTY buy (conf None, stop 120.96, tp 149.475)
  -> queued META buy (conf None, stop 605.38, tp 690.0)
  -> queued KR buy (conf None, stop 56.14, tp 62.535)
  -> queued ARE buy (conf None, stop 49.24, tp 57.23)
  -> queued MPC buy (conf None, stop 379.575, tp 427.92)
Dashboard watchlist synced (3 symbols) for news/headlines.
Ending portfolio value: $99,311.19
Trade journal: all: 19 trades, 21% win rate, avg -2.19% | breakout: 1 trades, 0% win rate, avg -8.61% | other: 13 trades, 23% win rate, avg -1.93% | technical: 5 trades, 20% win rate, avg -1.58%
Self-learning: breakout: 1 trades, 0% win rate, avg -8.61% (LOSING) | other: 13 trades, 23% win rate, avg -1.93% (LOSING) | technical: 5 trades, 20% win rate, avg -1.58% (LOSING)
Performance: Total return +0.45% | Max drawdown 0.94% | Daily Sharpe 1.56 | 19 closed trades | Win rate 21% | Avg winner +1.83% | Avg loser -3.26% | Open positions: 0 | Equity $99,311.19
Engine P&L: legacy/unknown: realized $-1,705.68 (19 closed, 21% wins), unrealized $+0.00 (0 open) | Books: legacy: realized $-1,705.68, unrealized $+0.00
Reports: daily realized $+0.00; worst symbols none | weekly realized $+0.00; worst symbols none
Shadow report: 25169 shadow candidate(s), 91 rejection group(s)
Timings: account: 0.0s | risk: 0.1s | decide: 3.6s | watchlist: 0.0s | perf: 0.3s

=== Run at 2026-09-19T01:28:30.962511 ===
Build fingerprint: 4f68550affe5
Current time: 2026-09-18 09:28 PM EDT | Market open (per Alpaca): False | Session: CLOSED
Account value: $99,311.19
Cash: $99,311.19 | Holdings (0): none
Sector exposure (cached): unavailable (no holdings)
Fill reconciliation: {'filled': 0, 'partial': 0, 'rejected': 1}
Risk state: peak $99,703.60 | drawdown 0.39% | today +0.00% | halted: False
Market regime: NEUTRAL (position-size multiplier: 100% incl. circuit breaker 100%)
News: fetched 157, 1 new after dedup, 0 ticker(s) matched.
Quant pre-screen: 41/64 candidates passed.
Gemini proposed 2 trade(s) meeting the conviction bar.
Gemini calls used today (all models combined): 391
Market closed (overnight): queued 12 trade idea(s) for next-morning verification -- nothing submitted yet.
  -> queued MU buy (conf 85, stop 950.0, tp 1100.0)
  -> queued KMI buy (conf 80, stop 30.5, tp 33.5)
  -> queued KEYS buy (conf 80, stop 311.44, tp 355.0)
  -> queued MET buy (conf None, stop 94.95, tp 98.75)
  -> queued SNDK buy (conf 90, stop 1650.0, tp 1900.0)
  -> queued PFG buy (conf None, stop 113.225, tp 119.035)
  -> queued HOOD buy (conf 71, stop 101.72, tp 125.0)
  -> queued RVTY buy (conf None, stop 120.96, tp 149.475)
  -> queued META buy (conf None, stop 605.38, tp 690.0)
  -> queued KR buy (conf None, stop 56.14, tp 62.535)
  -> queued ARE buy (conf None, stop 49.24, tp 57.23)
  -> queued MPC buy (conf None, stop 379.575, tp 427.92)
Dashboard watchlist synced (2 symbols) for news/headlines.
Ending portfolio value: $99,311.19
Trade journal: all: 19 trades, 21% win rate, avg -2.19% | breakout: 1 trades, 0% win rate, avg -8.61% | other: 13 trades, 23% win rate, avg -1.93% | technical: 5 trades, 20% win rate, avg -1.58%
Self-learning: breakout: 1 trades, 0% win rate, avg -8.61% (LOSING) | other: 13 trades, 23% win rate, avg -1.93% (LOSING) | technical: 5 trades, 20% win rate, avg -1.58% (LOSING)
Performance: Total return +0.45% | Max drawdown 0.94% | Daily Sharpe 1.56 | 19 closed trades | Win rate 21% | Avg winner +1.83% | Avg loser -3.26% | Open positions: 0 | Equity $99,311.19
Engine P&L: legacy/unknown: realized $-1,705.68 (19 closed, 21% wins), unrealized $+0.00 (0 open) | Books: legacy: realized $-1,705.68, unrealized $+0.00
Reports: daily realized $+0.00; worst symbols none | weekly realized $+0.00; worst symbols none
Shadow report: 25169 shadow candidate(s), 91 rejection group(s)
Timings: account: 0.0s | risk: 0.3s | decide: 6.9s | watchlist: 0.1s | perf: 0.4s

=== Run at 2026-09-19T01:30:35.261666 ===
Build fingerprint: 4f68550affe5
Current time: 2026-09-18 09:30 PM EDT | Market open (per Alpaca): False | Session: CLOSED
Account value: $99,311.19
Cash: $99,311.19 | Holdings (0): none
Sector exposure (cached): unavailable (no holdings)
Fill reconciliation: {'filled': 0, 'partial': 0, 'rejected': 1}
Risk state: peak $99,703.60 | drawdown 0.39% | today +0.00% | halted: False
Market regime: NEUTRAL (position-size multiplier: 100% incl. circuit breaker 100%)
News: fetched 157, 1 new after dedup, 1 ticker(s) matched.
Quant pre-screen: 17/30 candidates passed.
Technical fallback (Gemini throttled/unavailable) proposed 4 trade(s) meeting the conviction bar.
Gemini calls used today (all models combined): 391
Market closed (overnight): queued 12 trade idea(s) for next-morning verification -- nothing submitted yet.
  -> queued MU buy (conf 85, stop 950.0, tp 1100.0)
  -> queued KMI buy (conf 80, stop 30.5, tp 33.5)
  -> queued KEYS buy (conf 80, stop 311.44, tp 355.0)
  -> queued MET buy (conf None, stop 94.95, tp 98.75)
  -> queued SNDK buy (conf None, stop 1504.56, tp 1807.01)
  -> queued PFG buy (conf None, stop 113.225, tp 119.035)
  -> queued HOOD buy (conf 71, stop 101.72, tp 125.0)
  -> queued RVTY buy (conf None, stop 120.96, tp 149.475)
  -> queued META buy (conf None, stop 605.38, tp 690.0)
  -> queued KR buy (conf None, stop 56.14, tp 62.535)
  -> queued ARE buy (conf None, stop 49.24, tp 57.23)
  -> queued MPC buy (conf None, stop 379.575, tp 427.92)
Run budget reserve reached -- skipping dashboard watchlist sync.
Run budget reserve reached -- skipping performance snapshot.
Trade journal: all: 19 trades, 21% win rate, avg -2.19% | breakout: 1 trades, 0% win rate, avg -8.61% | other: 13 trades, 23% win rate, avg -1.93% | technical: 5 trades, 20% win rate, avg -1.58%
Self-learning: breakout: 1 trades, 0% win rate, avg -8.61% (LOSING) | other: 13 trades, 23% win rate, avg -1.93% (LOSING) | technical: 5 trades, 20% win rate, avg -1.58% (LOSING)
Performance: Total return +0.45% | Max drawdown 0.94% | Daily Sharpe 1.56 | 19 closed trades | Win rate 21% | Avg winner +1.83% | Avg loser -3.26% | Open positions: 0 | Equity $99,311.19
Engine P&L: legacy/unknown: realized $-1,705.68 (19 closed, 21% wins), unrealized $+0.00 (0 open) | Books: legacy: realized $-1,705.68, unrealized $+0.00
Reports: daily realized $+0.00; worst symbols none | weekly realized $+0.00; worst symbols none
Shadow report: 25169 shadow candidate(s), 91 rejection group(s)
Timings: account: 0.0s | risk: 0.2s | decide: 24.3s | watchlist: 0.0s | perf: 0.2s

=== Run at 2026-09-19T01:32:27.541164 ===
Build fingerprint: 4f68550affe5
Current time: 2026-09-18 09:32 PM EDT | Market open (per Alpaca): False | Session: CLOSED
Account value: $99,311.19
Cash: $99,311.19 | Holdings (0): none
Sector exposure (cached): unavailable (no holdings)
Fill reconciliation: {'filled': 0, 'partial': 0, 'rejected': 1}
Risk state: peak $99,703.60 | drawdown 0.39% | today +0.00% | halted: False
Market regime: NEUTRAL (position-size multiplier: 100% incl. circuit breaker 100%)
News: fetched 157, 0 new after dedup, 0 ticker(s) matched.
Quant pre-screen: 41/64 candidates passed.
Gemini proposed 0 trade(s) meeting the conviction bar.
Gemini calls used today (all models combined): 392
Market closed (overnight): no trade ideas queued this run.
Ending portfolio value: $99,311.19
Trade journal: all: 19 trades, 21% win rate, avg -2.19% | breakout: 1 trades, 0% win rate, avg -8.61% | other: 13 trades, 23% win rate, avg -1.93% | technical: 5 trades, 20% win rate, avg -1.58%
Self-learning: breakout: 1 trades, 0% win rate, avg -8.61% (LOSING) | other: 13 trades, 23% win rate, avg -1.93% (LOSING) | technical: 5 trades, 20% win rate, avg -1.58% (LOSING)
Performance: Total return +0.45% | Max drawdown 0.94% | Daily Sharpe 1.56 | 19 closed trades | Win rate 21% | Avg winner +1.83% | Avg loser -3.26% | Open positions: 0 | Equity $99,311.19
Engine P&L: legacy/unknown: realized $-1,705.68 (19 closed, 21% wins), unrealized $+0.00 (0 open) | Books: legacy: realized $-1,705.68, unrealized $+0.00
Reports: daily realized $+0.00; worst symbols none | weekly realized $+0.00; worst symbols none
Shadow report: 25169 shadow candidate(s), 91 rejection group(s)
Timings: account: 0.0s | risk: 0.2s | decide: 5.5s | watchlist: 0.0s | perf: 0.3s

=== Run at 2026-09-19T01:34:26.105103 ===
Build fingerprint: 4f68550affe5
Current time: 2026-09-18 09:34 PM EDT | Market open (per Alpaca): False | Session: CLOSED
Account value: $99,311.19
Cash: $99,311.19 | Holdings (0): none
Sector exposure (cached): unavailable (no holdings)
Fill reconciliation: {'filled': 0, 'partial': 0, 'rejected': 1}
Risk state: peak $99,703.60 | drawdown 0.39% | today +0.00% | halted: False
Market regime: NEUTRAL (position-size multiplier: 100% incl. circuit breaker 100%)
News: fetched 157, 0 new after dedup, 0 ticker(s) matched.
Quant pre-screen: 41/64 candidates passed.
Gemini proposed 1 trade(s) meeting the conviction bar.
Gemini calls used today (all models combined): 393
Market closed (overnight): queued 12 trade idea(s) for next-morning verification -- nothing submitted yet.
  -> queued MU buy (conf 92, stop 970.0, tp 1100.0)
  -> queued KMI buy (conf 80, stop 30.5, tp 33.5)
  -> queued KEYS buy (conf 80, stop 311.44, tp 355.0)
  -> queued MET buy (conf None, stop 94.95, tp 98.75)
  -> queued SNDK buy (conf None, stop 1504.56, tp 1807.01)
  -> queued PFG buy (conf None, stop 113.225, tp 119.035)
  -> queued HOOD buy (conf 71, stop 101.72, tp 125.0)
  -> queued RVTY buy (conf None, stop 120.96, tp 149.475)
  -> queued META buy (conf None, stop 605.38, tp 690.0)
  -> queued KR buy (conf None, stop 56.14, tp 62.535)
  -> queued ARE buy (conf None, stop 49.24, tp 57.23)
  -> queued MPC buy (conf None, stop 379.575, tp 427.92)
Dashboard watchlist synced (1 symbols) for news/headlines.
Ending portfolio value: $99,311.19
Trade journal: all: 19 trades, 21% win rate, avg -2.19% | breakout: 1 trades, 0% win rate, avg -8.61% | other: 13 trades, 23% win rate, avg -1.93% | technical: 5 trades, 20% win rate, avg -1.58%
Self-learning: breakout: 1 trades, 0% win rate, avg -8.61% (LOSING) | other: 13 trades, 23% win rate, avg -1.93% (LOSING) | technical: 5 trades, 20% win rate, avg -1.58% (LOSING)
Performance: Total return +0.45% | Max drawdown 0.94% | Daily Sharpe 1.56 | 19 closed trades | Win rate 21% | Avg winner +1.83% | Avg loser -3.26% | Open positions: 0 | Equity $99,311.19
Engine P&L: legacy/unknown: realized $-1,705.68 (19 closed, 21% wins), unrealized $+0.00 (0 open) | Books: legacy: realized $-1,705.68, unrealized $+0.00
Reports: daily realized $+0.00; worst symbols none | weekly realized $+0.00; worst symbols none
Shadow report: 25169 shadow candidate(s), 91 rejection group(s)
Timings: account: 0.0s | risk: 0.1s | decide: 4.1s | watchlist: 0.0s | perf: 0.3s

=== Run at 2026-09-19T01:36:29.928006 ===
Build fingerprint: 4f68550affe5
Current time: 2026-09-18 09:36 PM EDT | Market open (per Alpaca): False | Session: CLOSED
Account value: $99,311.19
Cash: $99,311.19 | Holdings (0): none
Sector exposure (cached): unavailable (no holdings)
Fill reconciliation: {'filled': 0, 'partial': 0, 'rejected': 1}
Risk state: peak $99,703.60 | drawdown 0.39% | today +0.00% | halted: False
Market regime: NEUTRAL (position-size multiplier: 100% incl. circuit breaker 100%)
News: fetched 157, 1 new after dedup, 0 ticker(s) matched.
Quant pre-screen: 41/64 candidates passed.
Gemini proposed 2 trade(s) meeting the conviction bar.
Gemini calls used today (all models combined): 394
Market closed (overnight): queued 12 trade idea(s) for next-morning verification -- nothing submitted yet.
  -> queued MU buy (conf 88, stop 950.0, tp 1100.0)
  -> queued KMI buy (conf 85, stop 30.41, tp 33.5)
  -> queued KEYS buy (conf 80, stop 311.44, tp 355.0)
  -> queued MET buy (conf None, stop 94.95, tp 98.75)
  -> queued SNDK buy (conf None, stop 1504.56, tp 1807.01)
  -> queued PFG buy (conf None, stop 113.225, tp 119.035)
  -> queued HOOD buy (conf 71, stop 101.72, tp 125.0)
  -> queued RVTY buy (conf None, stop 120.96, tp 149.475)
  -> queued META buy (conf None, stop 605.38, tp 690.0)
  -> queued KR buy (conf None, stop 56.14, tp 62.535)
  -> queued ARE buy (conf None, stop 49.24, tp 57.23)
  -> queued MPC buy (conf None, stop 379.575, tp 427.92)
Dashboard watchlist synced (2 symbols) for news/headlines.
Ending portfolio value: $99,311.19
Trade journal: all: 19 trades, 21% win rate, avg -2.19% | breakout: 1 trades, 0% win rate, avg -8.61% | other: 13 trades, 23% win rate, avg -1.93% | technical: 5 trades, 20% win rate, avg -1.58%
Self-learning: breakout: 1 trades, 0% win rate, avg -8.61% (LOSING) | other: 13 trades, 23% win rate, avg -1.93% (LOSING) | technical: 5 trades, 20% win rate, avg -1.58% (LOSING)
Performance: Total return +0.45% | Max drawdown 0.94% | Daily Sharpe 1.56 | 19 closed trades | Win rate 21% | Avg winner +1.83% | Avg loser -3.26% | Open positions: 0 | Equity $99,311.19
Engine P&L: legacy/unknown: realized $-1,705.68 (19 closed, 21% wins), unrealized $+0.00 (0 open) | Books: legacy: realized $-1,705.68, unrealized $+0.00
Reports: daily realized $+0.00; worst symbols none | weekly realized $+0.00; worst symbols none
Shadow report: 25169 shadow candidate(s), 91 rejection group(s)
Timings: account: 0.0s | risk: 0.2s | decide: 5.7s | watchlist: 0.1s | perf: 0.2s

=== Run at 2026-09-19T01:38:26.461065 ===
Build fingerprint: 4f68550affe5
Current time: 2026-09-18 09:38 PM EDT | Market open (per Alpaca): False | Session: CLOSED
Account value: $99,311.19
Cash: $99,311.19 | Holdings (0): none
Sector exposure (cached): unavailable (no holdings)
Fill reconciliation: {'filled': 0, 'partial': 0, 'rejected': 1}
Risk state: peak $99,703.60 | drawdown 0.39% | today +0.00% | halted: False
Market regime: NEUTRAL (position-size multiplier: 100% incl. circuit breaker 100%)
News: fetched 157, 1 new after dedup, 0 ticker(s) matched.
Quant pre-screen: 41/64 candidates passed.
Gemini proposed 3 trade(s) meeting the conviction bar.
Gemini calls used today (all models combined): 395
Market closed (overnight): queued 12 trade idea(s) for next-morning verification -- nothing submitted yet.
  -> queued MU buy (conf 90, stop 902.76, tp 1100.0)
  -> queued KMI buy (conf 85, stop 30.41, tp 33.5)
  -> queued KEYS buy (conf 82, stop 311.44, tp 355.0)
  -> queued MET buy (conf None, stop 94.95, tp 98.75)
  -> queued SNDK buy (conf None, stop 1504.56, tp 1807.01)
  -> queued PFG buy (conf None, stop 113.225, tp 119.035)
  -> queued HOOD buy (conf 71, stop 101.72, tp 125.0)
  -> queued RVTY buy (conf None, stop 120.96, tp 149.475)
  -> queued META buy (conf None, stop 605.38, tp 690.0)
  -> queued KR buy (conf None, stop 56.14, tp 62.535)
  -> queued ARE buy (conf None, stop 49.24, tp 57.23)
  -> queued MPC buy (conf None, stop 379.575, tp 427.92)
Dashboard watchlist synced (3 symbols) for news/headlines.
Ending portfolio value: $99,311.19
Trade journal: all: 19 trades, 21% win rate, avg -2.19% | breakout: 1 trades, 0% win rate, avg -8.61% | other: 13 trades, 23% win rate, avg -1.93% | technical: 5 trades, 20% win rate, avg -1.58%
Self-learning: breakout: 1 trades, 0% win rate, avg -8.61% (LOSING) | other: 13 trades, 23% win rate, avg -1.93% (LOSING) | technical: 5 trades, 20% win rate, avg -1.58% (LOSING)
Performance: Total return +0.45% | Max drawdown 0.94% | Daily Sharpe 1.56 | 19 closed trades | Win rate 21% | Avg winner +1.83% | Avg loser -3.26% | Open positions: 0 | Equity $99,311.19
Engine P&L: legacy/unknown: realized $-1,705.68 (19 closed, 21% wins), unrealized $+0.00 (0 open) | Books: legacy: realized $-1,705.68, unrealized $+0.00
Reports: daily realized $+0.00; worst symbols none | weekly realized $+0.00; worst symbols none
Shadow report: 25169 shadow candidate(s), 91 rejection group(s)
Timings: account: 0.0s | risk: 0.1s | decide: 2.9s | watchlist: 0.0s | perf: 0.3s

=== Run at 2026-09-19T01:40:30.537543 ===
Build fingerprint: 4f68550affe5
Current time: 2026-09-18 09:40 PM EDT | Market open (per Alpaca): False | Session: CLOSED
Account value: $99,311.19
Cash: $99,311.19 | Holdings (0): none
Sector exposure (cached): unavailable (no holdings)
Fill reconciliation: {'filled': 0, 'partial': 0, 'rejected': 1}
Risk state: peak $99,703.60 | drawdown 0.39% | today +0.00% | halted: False
Market regime: NEUTRAL (position-size multiplier: 100% incl. circuit breaker 100%)
News: fetched 157, 1 new after dedup, 0 ticker(s) matched.
Quant pre-screen: 41/64 candidates passed.
Gemini proposed 0 trade(s) meeting the conviction bar.
Gemini calls used today (all models combined): 396
Market closed (overnight): no trade ideas queued this run.
Ending portfolio value: $99,311.19
Trade journal: all: 19 trades, 21% win rate, avg -2.19% | breakout: 1 trades, 0% win rate, avg -8.61% | other: 13 trades, 23% win rate, avg -1.93% | technical: 5 trades, 20% win rate, avg -1.58%
Self-learning: breakout: 1 trades, 0% win rate, avg -8.61% (LOSING) | other: 13 trades, 23% win rate, avg -1.93% (LOSING) | technical: 5 trades, 20% win rate, avg -1.58% (LOSING)
Performance: Total return +0.45% | Max drawdown 0.94% | Daily Sharpe 1.56 | 19 closed trades | Win rate 21% | Avg winner +1.83% | Avg loser -3.26% | Open positions: 0 | Equity $99,311.19
Engine P&L: legacy/unknown: realized $-1,705.68 (19 closed, 21% wins), unrealized $+0.00 (0 open) | Books: legacy: realized $-1,705.68, unrealized $+0.00
Reports: daily realized $+0.00; worst symbols none | weekly realized $+0.00; worst symbols none
Shadow report: 25169 shadow candidate(s), 91 rejection group(s)
Timings: account: 0.0s | risk: 0.1s | decide: 2.7s | watchlist: 0.0s | perf: 0.3s

=== Run at 2026-09-19T01:42:28.435212 ===
Build fingerprint: 4f68550affe5
Current time: 2026-09-18 09:42 PM EDT | Market open (per Alpaca): False | Session: CLOSED
Account value: $99,311.19
Cash: $99,311.19 | Holdings (0): none
Sector exposure (cached): unavailable (no holdings)
Fill reconciliation: {'filled': 0, 'partial': 0, 'rejected': 1}
Risk state: peak $99,703.60 | drawdown 0.39% | today +0.00% | halted: False
Market regime: NEUTRAL (position-size multiplier: 100% incl. circuit breaker 100%)
News: fetched 157, 1 new after dedup, 0 ticker(s) matched.
Quant pre-screen: 41/64 candidates passed.
Gemini proposed 1 trade(s) meeting the conviction bar.
Gemini calls used today (all models combined): 397
Market closed (overnight): queued 12 trade idea(s) for next-morning verification -- nothing submitted yet.
  -> queued MU buy (conf 90, stop 902.76, tp 1100.0)
  -> queued KMI buy (conf 85, stop 30.41, tp 33.5)
  -> queued KEYS buy (conf 82, stop 311.44, tp 355.0)
  -> queued MET buy (conf None, stop 94.95, tp 98.75)
  -> queued SNDK buy (conf None, stop 1504.56, tp 1807.01)
  -> queued PFG buy (conf None, stop 113.225, tp 119.035)
  -> queued HOOD buy (conf 71, stop 101.72, tp 125.0)
  -> queued RVTY buy (conf None, stop 120.96, tp 149.475)
  -> queued META buy (conf None, stop 605.38, tp 690.0)
  -> queued KR buy (conf None, stop 56.14, tp 62.535)
  -> queued ARE buy (conf None, stop 49.24, tp 57.23)
  -> queued MPC buy (conf None, stop 379.575, tp 427.92)
Dashboard watchlist synced (1 symbols) for news/headlines.
Ending portfolio value: $99,311.19
Trade journal: all: 19 trades, 21% win rate, avg -2.19% | breakout: 1 trades, 0% win rate, avg -8.61% | other: 13 trades, 23% win rate, avg -1.93% | technical: 5 trades, 20% win rate, avg -1.58%
Self-learning: breakout: 1 trades, 0% win rate, avg -8.61% (LOSING) | other: 13 trades, 23% win rate, avg -1.93% (LOSING) | technical: 5 trades, 20% win rate, avg -1.58% (LOSING)
Performance: Total return +0.45% | Max drawdown 0.94% | Daily Sharpe 1.56 | 19 closed trades | Win rate 21% | Avg winner +1.83% | Avg loser -3.26% | Open positions: 0 | Equity $99,311.19
Engine P&L: legacy/unknown: realized $-1,705.68 (19 closed, 21% wins), unrealized $+0.00 (0 open) | Books: legacy: realized $-1,705.68, unrealized $+0.00
Reports: daily realized $+0.00; worst symbols none | weekly realized $+0.00; worst symbols none
Shadow report: 25169 shadow candidate(s), 91 rejection group(s)
Timings: account: 0.0s | risk: 0.1s | decide: 6.0s | watchlist: 0.1s | perf: 0.3s

=== Run at 2026-09-19T01:44:28.718940 ===
Build fingerprint: 4f68550affe5
Current time: 2026-09-18 09:44 PM EDT | Market open (per Alpaca): False | Session: CLOSED
Account value: $99,311.19
Cash: $99,311.19 | Holdings (0): none
Sector exposure (cached): unavailable (no holdings)
Fill reconciliation: {'filled': 0, 'partial': 0, 'rejected': 1}
Risk state: peak $99,703.60 | drawdown 0.39% | today +0.00% | halted: False
Market regime: NEUTRAL (position-size multiplier: 100% incl. circuit breaker 100%)
News: fetched 157, 0 new after dedup, 0 ticker(s) matched.
Quant pre-screen: 41/64 candidates passed.
Gemini proposed 3 trade(s) meeting the conviction bar.
Gemini calls used today (all models combined): 398
Market closed (overnight): queued 12 trade idea(s) for next-morning verification -- nothing submitted yet.
  -> queued MU buy (conf 90, stop 902.76, tp 1100.0)
  -> queued KMI buy (conf 85, stop 30.41, tp 33.5)
  -> queued KEYS buy (conf 82, stop 311.44, tp 355.0)
  -> queued MET buy (conf None, stop 94.95, tp 98.75)
  -> queued SNDK buy (conf 88, stop 1650.0, tp 1950.0)
  -> queued PFG buy (conf None, stop 113.225, tp 119.035)
  -> queued HOOD buy (conf 71, stop 101.72, tp 125.0)
  -> queued RVTY buy (conf None, stop 120.96, tp 149.475)
  -> queued META buy (conf 82, stop 605.38, tp 720.0)
  -> queued KR buy (conf None, stop 56.14, tp 62.535)
  -> queued ARE buy (conf None, stop 49.24, tp 57.23)
  -> queued MPC buy (conf None, stop 379.575, tp 427.92)
Dashboard watchlist synced (3 symbols) for news/headlines.
Ending portfolio value: $99,311.19
Trade journal: all: 19 trades, 21% win rate, avg -2.19% | breakout: 1 trades, 0% win rate, avg -8.61% | other: 13 trades, 23% win rate, avg -1.93% | technical: 5 trades, 20% win rate, avg -1.58%
Self-learning: breakout: 1 trades, 0% win rate, avg -8.61% (LOSING) | other: 13 trades, 23% win rate, avg -1.93% (LOSING) | technical: 5 trades, 20% win rate, avg -1.58% (LOSING)
Performance: Total return +0.45% | Max drawdown 0.94% | Daily Sharpe 1.56 | 19 closed trades | Win rate 21% | Avg winner +1.83% | Avg loser -3.26% | Open positions: 0 | Equity $99,311.19
Engine P&L: legacy/unknown: realized $-1,705.68 (19 closed, 21% wins), unrealized $+0.00 (0 open) | Books: legacy: realized $-1,705.68, unrealized $+0.00
Reports: daily realized $+0.00; worst symbols none | weekly realized $+0.00; worst symbols none
Shadow report: 25169 shadow candidate(s), 91 rejection group(s)
Timings: account: 0.0s | risk: 0.3s | decide: 7.1s | watchlist: 0.1s | perf: 0.3s

=== Run at 2026-09-19T01:46:26.746109 ===
Build fingerprint: 4f68550affe5
Current time: 2026-09-18 09:46 PM EDT | Market open (per Alpaca): False | Session: CLOSED
Account value: $99,311.19
Cash: $99,311.19 | Holdings (0): none
Sector exposure (cached): unavailable (no holdings)
Fill reconciliation: {'filled': 0, 'partial': 0, 'rejected': 1}
Risk state: peak $99,703.60 | drawdown 0.39% | today +0.00% | halted: False
Market regime: NEUTRAL (position-size multiplier: 100% incl. circuit breaker 100%)
News: fetched 157, 1 new after dedup, 0 ticker(s) matched.
Quant pre-screen: 41/64 candidates passed.
Gemini proposed 0 trade(s) meeting the conviction bar.
Gemini calls used today (all models combined): 399
Market closed (overnight): no trade ideas queued this run.
Ending portfolio value: $99,311.19
Trade journal: all: 19 trades, 21% win rate, avg -2.19% | breakout: 1 trades, 0% win rate, avg -8.61% | other: 13 trades, 23% win rate, avg -1.93% | technical: 5 trades, 20% win rate, avg -1.58%
Self-learning: breakout: 1 trades, 0% win rate, avg -8.61% (LOSING) | other: 13 trades, 23% win rate, avg -1.93% (LOSING) | technical: 5 trades, 20% win rate, avg -1.58% (LOSING)
Performance: Total return +0.45% | Max drawdown 0.94% | Daily Sharpe 1.56 | 19 closed trades | Win rate 21% | Avg winner +1.83% | Avg loser -3.26% | Open positions: 0 | Equity $99,311.19
Engine P&L: legacy/unknown: realized $-1,705.68 (19 closed, 21% wins), unrealized $+0.00 (0 open) | Books: legacy: realized $-1,705.68, unrealized $+0.00
Reports: daily realized $+0.00; worst symbols none | weekly realized $+0.00; worst symbols none
Shadow report: 25169 shadow candidate(s), 91 rejection group(s)
Timings: account: 0.0s | risk: 0.1s | decide: 3.4s | watchlist: 0.0s | perf: 0.3s

=== Run at 2026-09-19T01:48:30.709263 ===
Build fingerprint: 4f68550affe5
Current time: 2026-09-18 09:48 PM EDT | Market open (per Alpaca): False | Session: CLOSED
Account value: $99,311.19
Cash: $99,311.19 | Holdings (0): none
Sector exposure (cached): unavailable (no holdings)
Fill reconciliation: {'filled': 0, 'partial': 0, 'rejected': 1}
Risk state: peak $99,703.60 | drawdown 0.39% | today +0.00% | halted: False
Market regime: NEUTRAL (position-size multiplier: 100% incl. circuit breaker 100%)
News: fetched 157, 0 new after dedup, 0 ticker(s) matched.
Quant pre-screen: 41/64 candidates passed.
Gemini proposed 2 trade(s) meeting the conviction bar.
Gemini calls used today (all models combined): 400
Market closed (overnight): queued 12 trade idea(s) for next-morning verification -- nothing submitted yet.
  -> queued MU buy (conf 92, stop 970.0, tp 1100.0)
  -> queued KMI buy (conf 85, stop 30.41, tp 33.5)
  -> queued KEYS buy (conf 82, stop 311.44, tp 355.0)
  -> queued MET buy (conf None, stop 94.95, tp 98.75)
  -> queued SNDK buy (conf 90, stop 1700.0, tp 1950.0)
  -> queued PFG buy (conf None, stop 113.225, tp 119.035)
  -> queued HOOD buy (conf 71, stop 101.72, tp 125.0)
  -> queued RVTY buy (conf None, stop 120.96, tp 149.475)
  -> queued META buy (conf 82, stop 605.38, tp 720.0)
  -> queued KR buy (conf None, stop 56.14, tp 62.535)
  -> queued ARE buy (conf None, stop 49.24, tp 57.23)
  -> queued MPC buy (conf None, stop 379.575, tp 427.92)
Dashboard watchlist synced (2 symbols) for news/headlines.
Ending portfolio value: $99,311.19
Trade journal: all: 19 trades, 21% win rate, avg -2.19% | breakout: 1 trades, 0% win rate, avg -8.61% | other: 13 trades, 23% win rate, avg -1.93% | technical: 5 trades, 20% win rate, avg -1.58%
Self-learning: breakout: 1 trades, 0% win rate, avg -8.61% (LOSING) | other: 13 trades, 23% win rate, avg -1.93% (LOSING) | technical: 5 trades, 20% win rate, avg -1.58% (LOSING)
Performance: Total return +0.45% | Max drawdown 0.94% | Daily Sharpe 1.56 | 19 closed trades | Win rate 21% | Avg winner +1.83% | Avg loser -3.26% | Open positions: 0 | Equity $99,311.19
Engine P&L: legacy/unknown: realized $-1,705.68 (19 closed, 21% wins), unrealized $+0.00 (0 open) | Books: legacy: realized $-1,705.68, unrealized $+0.00
Reports: daily realized $+0.00; worst symbols none | weekly realized $+0.00; worst symbols none
Shadow report: 25169 shadow candidate(s), 91 rejection group(s)
Timings: account: 0.0s | risk: 0.3s | decide: 6.9s | watchlist: 0.1s | perf: 0.4s

=== Run at 2026-09-19T01:50:34.576046 ===
Build fingerprint: 4f68550affe5
Current time: 2026-09-18 09:50 PM EDT | Market open (per Alpaca): False | Session: CLOSED
Account value: $99,311.19
Cash: $99,311.19 | Holdings (0): none
Sector exposure (cached): unavailable (no holdings)
Fill reconciliation: {'filled': 0, 'partial': 0, 'rejected': 1}
Risk state: peak $99,703.60 | drawdown 0.39% | today +0.00% | halted: False
Market regime: NEUTRAL (position-size multiplier: 100% incl. circuit breaker 100%)
News: fetched 157, 1 new after dedup, 0 ticker(s) matched.
Quant pre-screen: 41/64 candidates passed.
Gemini proposed 3 trade(s) meeting the conviction bar.
Gemini calls used today (all models combined): 401
Market closed (overnight): queued 12 trade idea(s) for next-morning verification -- nothing submitted yet.
  -> queued MU buy (conf 92, stop 970.0, tp 1100.0)
  -> queued KMI buy (conf 85, stop 30.41, tp 33.5)
  -> queued KEYS buy (conf 82, stop 311.44, tp 355.0)
  -> queued MET buy (conf 80, stop 94.95, tp 101.0)
  -> queued SNDK buy (conf 90, stop 1700.0, tp 1950.0)
  -> queued PFG buy (conf None, stop 113.225, tp 119.035)
  -> queued HOOD buy (conf 71, stop 101.72, tp 125.0)
  -> queued RVTY buy (conf None, stop 120.96, tp 149.475)
  -> queued META buy (conf 82, stop 605.38, tp 720.0)
  -> queued KR buy (conf None, stop 56.14, tp 62.535)
  -> queued ARE buy (conf None, stop 49.24, tp 57.23)
  -> queued MPC buy (conf None, stop 379.575, tp 427.92)
Dashboard watchlist synced (3 symbols) for news/headlines.
Ending portfolio value: $99,311.19
Trade journal: all: 19 trades, 21% win rate, avg -2.19% | breakout: 1 trades, 0% win rate, avg -8.61% | other: 13 trades, 23% win rate, avg -1.93% | technical: 5 trades, 20% win rate, avg -1.58%
Self-learning: breakout: 1 trades, 0% win rate, avg -8.61% (LOSING) | other: 13 trades, 23% win rate, avg -1.93% (LOSING) | technical: 5 trades, 20% win rate, avg -1.58% (LOSING)
Performance: Total return +0.45% | Max drawdown 0.94% | Daily Sharpe 1.56 | 19 closed trades | Win rate 21% | Avg winner +1.83% | Avg loser -3.26% | Open positions: 0 | Equity $99,311.19
Engine P&L: legacy/unknown: realized $-1,705.68 (19 closed, 21% wins), unrealized $+0.00 (0 open) | Books: legacy: realized $-1,705.68, unrealized $+0.00
Reports: daily realized $+0.00; worst symbols none | weekly realized $+0.00; worst symbols none
Shadow report: 25169 shadow candidate(s), 91 rejection group(s)
Timings: account: 0.0s | risk: 0.4s | decide: 7.1s | watchlist: 0.1s | perf: 0.4s

