=== Run at 2026-08-25T00:00:33.443510 ===
Build fingerprint: 4f68550affe5
Current time: 2026-08-24 08:00 PM EDT | Market open (per Alpaca): False | Session: CLOSED
Account value: $99,093.91
Cash: $79,453.81 | Holdings (3): {'GEHC': '0.6136 sh (+1.21%)', 'MS': '43.8344 sh (-2.74%)', 'MSI': '21.1281 sh (+2.51%)'}
Sector exposure (cached): Technology 10.3%, Financials 9.5%, Health Care 0.0%
Fill reconciliation: {'filled': 0, 'partial': 0, 'rejected': 1}
Open orders (1): MS sell 43.8344
Risk state: peak $99,703.60 | drawdown 0.61% | today +0.03% | halted: False
Market regime: BEARISH (position-size multiplier: 0% incl. circuit breaker 100%)
News: fetched 157, 2 new after dedup, 0 ticker(s) matched.
Quant pre-screen: 13/17 candidates passed.
Gemini proposed 3 trade(s) meeting the conviction bar.
Gemini calls used today (all models combined): 441
Market closed (overnight): queued 12 trade idea(s) for next-morning verification -- nothing submitted yet.
  -> queued NDAQ buy (conf 100, stop 94.82, tp 101.78)
  -> queued NWS buy (conf 100, stop 32.26, tp 35.35)
  -> queued UNP buy (conf 96, stop 290.37, tp 325.0)
  -> queued TGT buy (conf 95, stop 165.0, tp 178.5)
  -> queued TYL buy (conf 94, stop 311.25, tp 385.0)
  -> queued IT buy (conf 92, stop 172.89, tp 230.0)
  -> queued GDDY buy (conf 89, stop 89.09, tp 101.8)
  -> queued GILD buy (conf 89, stop 145.16, tp 155.0)
  -> queued MSFT buy (conf 88, stop 475.0, tp 510.0)
  -> queued SLB buy (conf 88, stop 52.5, tp 57.5)
  -> queued GIS buy (conf 86, stop 40.27, tp 43.0)
  -> queued TSCO buy (conf 86, stop 34.44, tp 39.5)
Dashboard watchlist synced (6 symbols) for news/headlines.
Ending portfolio value: $99,093.91
Trade journal: all: 19 trades, 21% win rate, avg -2.19% | breakout: 1 trades, 0% win rate, avg -8.61% | other: 13 trades, 23% win rate, avg -1.93% | technical: 5 trades, 20% win rate, avg -1.58%
Self-learning: breakout: 1 trades, 0% win rate, avg -8.61% (LOSING) | other: 13 trades, 23% win rate, avg -1.93% (LOSING) | technical: 5 trades, 20% win rate, avg -1.58% (LOSING)
Performance: Total return +0.23% | Max drawdown 0.94% | Daily Sharpe 1.94 | 19 closed trades | Win rate 21% | Avg winner +1.83% | Avg loser -3.26% | Open positions: 3 | Equity $99,093.91
Engine P&L: legacy/unknown: realized $-1,705.68 (19 closed, 21% wins), unrealized $-15.82 (3 open) | Books: legacy: realized $-1,705.68, unrealized $-15.82
Reports: daily realized $+0.00; worst symbols none | weekly realized $-1,697.22; worst symbols HPE:-1286.89; COHR:-471.20; SNDK:-159.07; ANET:-45.31; NOW:-30.35
Shadow report: 3420 shadow candidate(s), 301 rejection group(s)
Timings: account: 0.0s | risk: 0.8s | decide: 9.5s | watchlist: 0.1s | perf: 0.1s

=== Run at 2026-08-25T00:02:28.368700 ===
Build fingerprint: 4f68550affe5
Current time: 2026-08-24 08:02 PM EDT | Market open (per Alpaca): False | Session: CLOSED
Account value: $99,093.91
Cash: $79,453.81 | Holdings (3): {'GEHC': '0.6136 sh (+1.21%)', 'MS': '43.8344 sh (-2.74%)', 'MSI': '21.1281 sh (+2.51%)'}
Sector exposure (cached): Technology 10.3%, Financials 9.5%, Health Care 0.0%
Fill reconciliation: {'filled': 0, 'partial': 0, 'rejected': 1}
Open orders (1): MS sell 43.8344
Risk state: peak $99,703.60 | drawdown 0.61% | today +0.03% | halted: False
Market regime: BEARISH (position-size multiplier: 0% incl. circuit breaker 100%)
News: fetched 157, 1 new after dedup, 0 ticker(s) matched.
Quant pre-screen: 21/29 candidates passed.
Technical fallback (Gemini throttled/unavailable) proposed 8 trade(s) meeting the conviction bar.
Technical fallback cap omitted 5 weaker idea(s) this run.
Gemini calls used today (all models combined): 441
Market closed (overnight): queued 12 trade idea(s) for next-morning verification -- nothing submitted yet.
  -> queued NDAQ buy (conf 100, stop 94.82, tp 101.78)
  -> queued NWS buy (conf 100, stop 32.26, tp 35.35)
  -> queued UNP buy (conf 96, stop 290.37, tp 325.0)
  -> queued TYL buy (conf 94, stop 311.25, tp 385.0)
  -> queued IT buy (conf 92, stop 172.89, tp 230.0)
  -> queued GDDY buy (conf 89, stop 89.09, tp 101.8)
  -> queued GILD buy (conf 89, stop 145.16, tp 155.0)
  -> queued MSFT buy (conf 88, stop 475.0, tp 510.0)
  -> queued GIS buy (conf 86, stop 40.27, tp 43.0)
  -> queued TGT buy (conf None, stop 146.41, tp 170.72)
  -> queued SLB buy (conf None, stop 51.6, tp 54.49)
  -> queued TSCO buy (conf None, stop 34.44, tp 36.885)
Run budget reserve reached -- skipping dashboard watchlist sync.
Run budget reserve reached -- skipping performance snapshot.
Trade journal: all: 19 trades, 21% win rate, avg -2.19% | breakout: 1 trades, 0% win rate, avg -8.61% | other: 13 trades, 23% win rate, avg -1.93% | technical: 5 trades, 20% win rate, avg -1.58%
Self-learning: breakout: 1 trades, 0% win rate, avg -8.61% (LOSING) | other: 13 trades, 23% win rate, avg -1.93% (LOSING) | technical: 5 trades, 20% win rate, avg -1.58% (LOSING)
Performance: Total return +0.23% | Max drawdown 0.94% | Daily Sharpe 1.94 | 19 closed trades | Win rate 21% | Avg winner +1.83% | Avg loser -3.26% | Open positions: 3 | Equity $99,093.91
Engine P&L: legacy/unknown: realized $-1,705.68 (19 closed, 21% wins), unrealized $-15.82 (3 open) | Books: legacy: realized $-1,705.68, unrealized $-15.82
Reports: daily realized $+0.00; worst symbols none | weekly realized $-1,697.22; worst symbols HPE:-1286.89; COHR:-471.20; SNDK:-159.07; ANET:-45.31; NOW:-30.35
Shadow report: 3420 shadow candidate(s), 301 rejection group(s)
Timings: account: 0.0s | risk: 1.0s | decide: 23.6s | watchlist: 0.0s | perf: 0.0s

=== Run at 2026-08-25T00:04:26.836756 ===
Build fingerprint: 4f68550affe5
Current time: 2026-08-24 08:04 PM EDT | Market open (per Alpaca): False | Session: CLOSED
Account value: $99,093.91
Cash: $79,453.81 | Holdings (3): {'GEHC': '0.6136 sh (+1.21%)', 'MS': '43.8344 sh (-2.74%)', 'MSI': '21.1281 sh (+2.51%)'}
Sector exposure (cached): Technology 10.3%, Financials 9.5%, Health Care 0.0%
Fill reconciliation: {'filled': 0, 'partial': 0, 'rejected': 1}
Open orders (1): MS sell 43.8344
Risk state: peak $99,703.60 | drawdown 0.61% | today +0.03% | halted: False
Market regime: BEARISH (position-size multiplier: 0% incl. circuit breaker 100%)
News: fetched 151, 2 new after dedup, 1 ticker(s) matched.
Quant pre-screen: 13/17 candidates passed.
Gemini proposed 3 trade(s) meeting the conviction bar.
Gemini calls used today (all models combined): 442
Market closed (overnight): queued 12 trade idea(s) for next-morning verification -- nothing submitted yet.
  -> queued NDAQ buy (conf 100, stop 94.82, tp 101.78)
  -> queued NWS buy (conf 100, stop 32.26, tp 35.35)
  -> queued UNP buy (conf 96, stop 290.37, tp 325.0)
  -> queued TGT buy (conf 95, stop 164.5, tp 178.0)
  -> queued TYL buy (conf 94, stop 311.25, tp 385.0)
  -> queued IT buy (conf 92, stop 172.89, tp 230.0)
  -> queued GDDY buy (conf 89, stop 89.09, tp 101.8)
  -> queued GILD buy (conf 89, stop 145.16, tp 155.0)
  -> queued MSFT buy (conf 88, stop 475.0, tp 510.0)
  -> queued TRGP buy (conf 85, stop 285.0, tp 315.0)
  -> queued GIS buy (conf 82, stop 39.5, tp 42.5)
  -> queued SLB buy (conf None, stop 51.6, tp 54.49)
Dashboard watchlist synced (7 symbols) for news/headlines.
Ending portfolio value: $99,093.91
Trade journal: all: 19 trades, 21% win rate, avg -2.19% | breakout: 1 trades, 0% win rate, avg -8.61% | other: 13 trades, 23% win rate, avg -1.93% | technical: 5 trades, 20% win rate, avg -1.58%
Self-learning: breakout: 1 trades, 0% win rate, avg -8.61% (LOSING) | other: 13 trades, 23% win rate, avg -1.93% (LOSING) | technical: 5 trades, 20% win rate, avg -1.58% (LOSING)
Performance: Total return +0.23% | Max drawdown 0.94% | Daily Sharpe 1.80 | 19 closed trades | Win rate 21% | Avg winner +1.83% | Avg loser -3.26% | Open positions: 3 | Equity $99,093.91
Engine P&L: legacy/unknown: realized $-1,705.68 (19 closed, 21% wins), unrealized $-15.82 (3 open) | Books: legacy: realized $-1,705.68, unrealized $-15.82
Reports: daily realized $+0.00; worst symbols none | weekly realized $-1,697.22; worst symbols HPE:-1286.89; COHR:-471.20; SNDK:-159.07; ANET:-45.31; NOW:-30.35
Shadow report: 3420 shadow candidate(s), 301 rejection group(s)
Timings: account: 0.0s | risk: 0.4s | decide: 5.7s | watchlist: 0.0s | perf: 0.1s

=== Run at 2026-08-25T00:06:21.315462 ===
Build fingerprint: 4f68550affe5
Current time: 2026-08-24 08:06 PM EDT | Market open (per Alpaca): False | Session: CLOSED
Account value: $99,093.91
Cash: $79,453.81 | Holdings (3): {'GEHC': '0.6136 sh (+1.21%)', 'MS': '43.8344 sh (-2.74%)', 'MSI': '21.1281 sh (+2.51%)'}
Sector exposure (cached): Technology 10.3%, Financials 9.5%, Health Care 0.0%
Fill reconciliation: {'filled': 0, 'partial': 0, 'rejected': 1}
Open orders (1): MS sell 43.8344
Risk state: peak $99,703.60 | drawdown 0.61% | today +0.03% | halted: False
Market regime: BEARISH (position-size multiplier: 0% incl. circuit breaker 100%)
News: fetched 158, 0 new after dedup, 0 ticker(s) matched.
Quant pre-screen: 28/41 candidates passed.
Technical fallback (Gemini throttled/unavailable) proposed 8 trade(s) meeting the conviction bar.
Technical fallback cap omitted 9 weaker idea(s) this run.
Gemini calls used today (all models combined): 442
Market closed (overnight): queued 12 trade idea(s) for next-morning verification -- nothing submitted yet.
  -> queued NDAQ buy (conf 100, stop 94.82, tp 101.78)
  -> queued NWS buy (conf 100, stop 32.26, tp 35.35)
  -> queued UNP buy (conf 96, stop 290.37, tp 325.0)
  -> queued TYL buy (conf 94, stop 311.25, tp 385.0)
  -> queued IT buy (conf 92, stop 172.89, tp 230.0)
  -> queued GDDY buy (conf 89, stop 89.09, tp 101.8)
  -> queued GILD buy (conf 89, stop 145.16, tp 155.0)
  -> queued MSFT buy (conf 88, stop 475.0, tp 510.0)
  -> queued TGT buy (conf None, stop 146.41, tp 170.72)
  -> queued TRGP buy (conf 85, stop 285.0, tp 315.0)
  -> queued GIS buy (conf 82, stop 39.5, tp 42.5)
  -> queued SLB buy (conf None, stop 51.6, tp 54.49)
Run budget reserve reached -- skipping dashboard watchlist sync.
Run budget reserve reached -- skipping performance snapshot.
Trade journal: all: 19 trades, 21% win rate, avg -2.19% | breakout: 1 trades, 0% win rate, avg -8.61% | other: 13 trades, 23% win rate, avg -1.93% | technical: 5 trades, 20% win rate, avg -1.58%
Self-learning: breakout: 1 trades, 0% win rate, avg -8.61% (LOSING) | other: 13 trades, 23% win rate, avg -1.93% (LOSING) | technical: 5 trades, 20% win rate, avg -1.58% (LOSING)
Performance: Total return +0.23% | Max drawdown 0.94% | Daily Sharpe 1.80 | 19 closed trades | Win rate 21% | Avg winner +1.83% | Avg loser -3.26% | Open positions: 3 | Equity $99,093.91
Engine P&L: legacy/unknown: realized $-1,705.68 (19 closed, 21% wins), unrealized $-15.82 (3 open) | Books: legacy: realized $-1,705.68, unrealized $-15.82
Reports: daily realized $+0.00; worst symbols none | weekly realized $-1,697.22; worst symbols HPE:-1286.89; COHR:-471.20; SNDK:-159.07; ANET:-45.31; NOW:-30.35
Shadow report: 3420 shadow candidate(s), 301 rejection group(s)
Timings: account: 0.0s | risk: 1.0s | decide: 23.6s | watchlist: 0.0s | perf: 0.0s

=== Run at 2026-08-25T00:08:26.050938 ===
Build fingerprint: 4f68550affe5
Current time: 2026-08-24 08:08 PM EDT | Market open (per Alpaca): False | Session: CLOSED
Account value: $99,093.91
Cash: $79,453.81 | Holdings (3): {'GEHC': '0.6136 sh (+1.21%)', 'MS': '43.8344 sh (-2.74%)', 'MSI': '21.1281 sh (+2.51%)'}
Sector exposure (cached): Technology 10.3%, Financials 9.5%, Health Care 0.0%
Fill reconciliation: {'filled': 0, 'partial': 0, 'rejected': 1}
Open orders (1): MS sell 43.8344
Risk state: peak $99,703.60 | drawdown 0.61% | today +0.03% | halted: False
Market regime: BEARISH (position-size multiplier: 0% incl. circuit breaker 100%)
News: fetched 157, 0 new after dedup, 0 ticker(s) matched.
Quant pre-screen: 35/53 candidates passed.
Gemini proposed 3 trade(s) meeting the conviction bar.
Gemini calls used today (all models combined): 443
Market closed (overnight): queued 12 trade idea(s) for next-morning verification -- nothing submitted yet.
  -> queued NDAQ buy (conf 100, stop 94.82, tp 101.78)
  -> queued NWS buy (conf 100, stop 32.26, tp 35.35)
  -> queued UNP buy (conf 96, stop 290.37, tp 325.0)
  -> queued TYL buy (conf 94, stop 311.25, tp 385.0)
  -> queued IT buy (conf 92, stop 172.89, tp 230.0)
  -> queued GDDY buy (conf 89, stop 89.09, tp 101.8)
  -> queued GILD buy (conf 89, stop 145.16, tp 155.0)
  -> queued MSFT buy (conf 88, stop 475.0, tp 510.0)
  -> queued TGT buy (conf 95, stop 165.0, tp 178.0)
  -> queued TRGP buy (conf 85, stop 285.0, tp 315.0)
  -> queued GIS buy (conf 82, stop 39.5, tp 42.5)
  -> queued SLB buy (conf 88, stop 52.5, tp 57.5)
Dashboard watchlist synced (6 symbols) for news/headlines.
Ending portfolio value: $99,093.91
Trade journal: all: 19 trades, 21% win rate, avg -2.19% | breakout: 1 trades, 0% win rate, avg -8.61% | other: 13 trades, 23% win rate, avg -1.93% | technical: 5 trades, 20% win rate, avg -1.58%
Self-learning: breakout: 1 trades, 0% win rate, avg -8.61% (LOSING) | other: 13 trades, 23% win rate, avg -1.93% (LOSING) | technical: 5 trades, 20% win rate, avg -1.58% (LOSING)
Performance: Total return +0.23% | Max drawdown 0.94% | Daily Sharpe 1.80 | 19 closed trades | Win rate 21% | Avg winner +1.83% | Avg loser -3.26% | Open positions: 3 | Equity $99,093.91
Engine P&L: legacy/unknown: realized $-1,705.68 (19 closed, 21% wins), unrealized $-15.82 (3 open) | Books: legacy: realized $-1,705.68, unrealized $-15.82
Reports: daily realized $+0.00; worst symbols none | weekly realized $-1,697.22; worst symbols HPE:-1286.89; COHR:-471.20; SNDK:-159.07; ANET:-45.31; NOW:-30.35
Shadow report: 3420 shadow candidate(s), 301 rejection group(s)
Timings: account: 0.0s | risk: 0.3s | decide: 5.9s | watchlist: 0.2s | perf: 0.1s

=== Run at 2026-08-25T00:10:27.853990 ===
Build fingerprint: 4f68550affe5
Current time: 2026-08-24 08:10 PM EDT | Market open (per Alpaca): False | Session: CLOSED
Account value: $99,093.91
Cash: $79,453.81 | Holdings (3): {'GEHC': '0.6136 sh (+1.21%)', 'MS': '43.8344 sh (-2.74%)', 'MSI': '21.1281 sh (+2.51%)'}
Sector exposure (cached): Technology 10.3%, Financials 9.5%, Health Care 0.0%
Fill reconciliation: {'filled': 0, 'partial': 0, 'rejected': 1}
Open orders (1): MS sell 43.8344
Risk state: peak $99,703.60 | drawdown 0.61% | today +0.03% | halted: False
Market regime: BEARISH (position-size multiplier: 0% incl. circuit breaker 100%)
News: fetched 157, 0 new after dedup, 0 ticker(s) matched.
Quant pre-screen: 41/65 candidates passed.
Gemini proposed 3 trade(s) meeting the conviction bar.
Gemini calls used today (all models combined): 444
Market closed (overnight): queued 12 trade idea(s) for next-morning verification -- nothing submitted yet.
  -> queued NDAQ buy (conf 100, stop 94.82, tp 101.78)
  -> queued NWS buy (conf 100, stop 32.26, tp 35.35)
  -> queued UNP buy (conf 96, stop 290.37, tp 315.51)
  -> queued TYL buy (conf 94, stop 311.25, tp 385.0)
  -> queued IT buy (conf 92, stop 172.89, tp 230.0)
  -> queued GDDY buy (conf 89, stop 89.09, tp 101.8)
  -> queued GILD buy (conf 89, stop 145.16, tp 155.0)
  -> queued MSFT buy (conf 88, stop 475.0, tp 510.0)
  -> queued TGT buy (conf 95, stop 165.78, tp 170.72)
  -> queued TRGP buy (conf 85, stop 285.0, tp 315.0)
  -> queued GIS buy (conf 82, stop 39.5, tp 42.5)
  -> queued SLB buy (conf 92, stop 51.6, tp 58.81)
Dashboard watchlist synced (6 symbols) for news/headlines.
Ending portfolio value: $99,093.91
Trade journal: all: 19 trades, 21% win rate, avg -2.19% | breakout: 1 trades, 0% win rate, avg -8.61% | other: 13 trades, 23% win rate, avg -1.93% | technical: 5 trades, 20% win rate, avg -1.58%
Self-learning: breakout: 1 trades, 0% win rate, avg -8.61% (LOSING) | other: 13 trades, 23% win rate, avg -1.93% (LOSING) | technical: 5 trades, 20% win rate, avg -1.58% (LOSING)
Performance: Total return +0.23% | Max drawdown 0.94% | Daily Sharpe 1.80 | 19 closed trades | Win rate 21% | Avg winner +1.83% | Avg loser -3.26% | Open positions: 3 | Equity $99,093.91
Engine P&L: legacy/unknown: realized $-1,705.68 (19 closed, 21% wins), unrealized $-15.82 (3 open) | Books: legacy: realized $-1,705.68, unrealized $-15.82
Reports: daily realized $+0.00; worst symbols none | weekly realized $-1,697.22; worst symbols HPE:-1286.89; COHR:-471.20; SNDK:-159.07; ANET:-45.31; NOW:-30.35
Shadow report: 3420 shadow candidate(s), 301 rejection group(s)
Timings: account: 0.0s | risk: 0.2s | decide: 6.1s | watchlist: 0.0s | perf: 0.1s

=== Run at 2026-08-25T00:12:29.558477 ===
Build fingerprint: 4f68550affe5
Current time: 2026-08-24 08:12 PM EDT | Market open (per Alpaca): False | Session: CLOSED
Account value: $99,093.91
Cash: $79,453.81 | Holdings (3): {'GEHC': '0.6136 sh (+1.21%)', 'MS': '43.8344 sh (-2.74%)', 'MSI': '21.1281 sh (+2.51%)'}
Sector exposure (cached): Technology 10.3%, Financials 9.5%, Health Care 0.0%
Fill reconciliation: {'filled': 0, 'partial': 0, 'rejected': 1}
Open orders (1): MS sell 43.8344
Risk state: peak $99,703.60 | drawdown 0.61% | today +0.03% | halted: False
Market regime: BEARISH (position-size multiplier: 0% incl. circuit breaker 100%)
News: fetched 157, 0 new after dedup, 0 ticker(s) matched.
Quant pre-screen: 41/65 candidates passed.
Technical fallback (Gemini throttled/unavailable) proposed 8 trade(s) meeting the conviction bar.
Technical fallback cap omitted 15 weaker idea(s) this run.
Gemini calls used today (all models combined): 444
Market closed (overnight): queued 12 trade idea(s) for next-morning verification -- nothing submitted yet.
  -> queued NDAQ buy (conf 100, stop 94.82, tp 101.78)
  -> queued NWS buy (conf 100, stop 32.26, tp 35.35)
  -> queued IT buy (conf 92, stop 172.89, tp 230.0)
  -> queued GDDY buy (conf 89, stop 89.09, tp 101.8)
  -> queued GILD buy (conf 89, stop 145.16, tp 155.0)
  -> queued MSFT buy (conf 88, stop 475.0, tp 510.0)
  -> queued TGT buy (conf None, stop 146.41, tp 170.72)
  -> queued TRGP buy (conf 85, stop 285.0, tp 315.0)
  -> queued GIS buy (conf 82, stop 39.5, tp 42.5)
  -> queued UNP buy (conf None, stop 290.37, tp 310.5)
  -> queued TYL buy (conf None, stop 311.245, tp 359.77)
  -> queued SLB buy (conf None, stop 51.6, tp 54.49)
Run budget reserve reached -- skipping dashboard watchlist sync.
Run budget reserve reached -- skipping performance snapshot.
Trade journal: all: 19 trades, 21% win rate, avg -2.19% | breakout: 1 trades, 0% win rate, avg -8.61% | other: 13 trades, 23% win rate, avg -1.93% | technical: 5 trades, 20% win rate, avg -1.58%
Self-learning: breakout: 1 trades, 0% win rate, avg -8.61% (LOSING) | other: 13 trades, 23% win rate, avg -1.93% (LOSING) | technical: 5 trades, 20% win rate, avg -1.58% (LOSING)
Performance: Total return +0.23% | Max drawdown 0.94% | Daily Sharpe 1.80 | 19 closed trades | Win rate 21% | Avg winner +1.83% | Avg loser -3.26% | Open positions: 3 | Equity $99,093.91
Engine P&L: legacy/unknown: realized $-1,705.68 (19 closed, 21% wins), unrealized $-15.82 (3 open) | Books: legacy: realized $-1,705.68, unrealized $-15.82
Reports: daily realized $+0.00; worst symbols none | weekly realized $-1,697.22; worst symbols HPE:-1286.89; COHR:-471.20; SNDK:-159.07; ANET:-45.31; NOW:-30.35
Shadow report: 3420 shadow candidate(s), 301 rejection group(s)
Timings: account: 0.0s | risk: 1.0s | decide: 23.6s | watchlist: 0.0s | perf: 0.0s

=== Run at 2026-08-25T00:14:26.566974 ===
Build fingerprint: 4f68550affe5
Current time: 2026-08-24 08:14 PM EDT | Market open (per Alpaca): False | Session: CLOSED
Account value: $99,093.91
Cash: $79,453.81 | Holdings (3): {'GEHC': '0.6136 sh (+1.21%)', 'MS': '43.8344 sh (-2.74%)', 'MSI': '21.1281 sh (+2.51%)'}
Sector exposure (cached): Technology 10.3%, Financials 9.5%, Health Care 0.0%
Fill reconciliation: {'filled': 0, 'partial': 0, 'rejected': 1}
Open orders (1): MS sell 43.8344
Risk state: peak $99,703.60 | drawdown 0.61% | today +0.03% | halted: False
Market regime: BEARISH (position-size multiplier: 0% incl. circuit breaker 100%)
News: fetched 157, 1 new after dedup, 0 ticker(s) matched.
Quant pre-screen: 41/65 candidates passed.
Gemini proposed 3 trade(s) meeting the conviction bar.
Gemini calls used today (all models combined): 445
Market closed (overnight): queued 12 trade idea(s) for next-morning verification -- nothing submitted yet.
  -> queued NDAQ buy (conf 100, stop 94.82, tp 101.78)
  -> queued NWS buy (conf 100, stop 32.26, tp 35.35)
  -> queued IT buy (conf 92, stop 172.89, tp 230.0)
  -> queued GDDY buy (conf 89, stop 89.09, tp 101.8)
  -> queued GILD buy (conf 89, stop 145.16, tp 155.0)
  -> queued MSFT buy (conf 88, stop 475.0, tp 510.0)
  -> queued TGT buy (conf None, stop 146.41, tp 170.72)
  -> queued TRGP buy (conf 85, stop 285.0, tp 315.0)
  -> queued GIS buy (conf 82, stop 39.5, tp 42.5)
  -> queued UNP buy (conf 96, stop 290.0, tp 325.0)
  -> queued TYL buy (conf 94, stop 310.0, tp 380.0)
  -> queued SLB buy (conf 94, stop 51.5, tp 58.0)
Dashboard watchlist synced (6 symbols) for news/headlines.
Ending portfolio value: $99,093.91
Trade journal: all: 19 trades, 21% win rate, avg -2.19% | breakout: 1 trades, 0% win rate, avg -8.61% | other: 13 trades, 23% win rate, avg -1.93% | technical: 5 trades, 20% win rate, avg -1.58%
Self-learning: breakout: 1 trades, 0% win rate, avg -8.61% (LOSING) | other: 13 trades, 23% win rate, avg -1.93% (LOSING) | technical: 5 trades, 20% win rate, avg -1.58% (LOSING)
Performance: Total return +0.23% | Max drawdown 0.94% | Daily Sharpe 1.80 | 19 closed trades | Win rate 21% | Avg winner +1.83% | Avg loser -3.26% | Open positions: 3 | Equity $99,093.91
Engine P&L: legacy/unknown: realized $-1,705.68 (19 closed, 21% wins), unrealized $-15.82 (3 open) | Books: legacy: realized $-1,705.68, unrealized $-15.82
Reports: daily realized $+0.00; worst symbols none | weekly realized $-1,697.22; worst symbols HPE:-1286.89; COHR:-471.20; SNDK:-159.07; ANET:-45.31; NOW:-30.35
Shadow report: 3420 shadow candidate(s), 301 rejection group(s)
Timings: account: 0.0s | risk: 1.1s | decide: 8.0s | watchlist: 0.1s | perf: 0.2s

=== Run at 2026-08-25T00:16:24.196262 ===
Build fingerprint: 4f68550affe5
Current time: 2026-08-24 08:16 PM EDT | Market open (per Alpaca): False | Session: CLOSED
Account value: $99,093.91
Cash: $79,453.81 | Holdings (3): {'GEHC': '0.6136 sh (+1.21%)', 'MS': '43.8344 sh (-2.74%)', 'MSI': '21.1281 sh (+2.51%)'}
Sector exposure (cached): Technology 10.3%, Financials 9.5%, Health Care 0.0%
Fill reconciliation: {'filled': 0, 'partial': 0, 'rejected': 1}
Open orders (1): MS sell 43.8344
Risk state: peak $99,703.60 | drawdown 0.61% | today +0.03% | halted: False
Market regime: BEARISH (position-size multiplier: 0% incl. circuit breaker 100%)
News: fetched 157, 1 new after dedup, 0 ticker(s) matched.
Quant pre-screen: 41/65 candidates passed.
Gemini proposed 3 trade(s) meeting the conviction bar.
Gemini calls used today (all models combined): 446
Market closed (overnight): queued 12 trade idea(s) for next-morning verification -- nothing submitted yet.
  -> queued NDAQ buy (conf 100, stop 94.82, tp 101.78)
  -> queued NWS buy (conf 100, stop 32.26, tp 35.35)
  -> queued IT buy (conf 92, stop 172.89, tp 230.0)
  -> queued GDDY buy (conf 89, stop 89.09, tp 101.8)
  -> queued GILD buy (conf 89, stop 145.16, tp 155.0)
  -> queued MSFT buy (conf 88, stop 475.0, tp 510.0)
  -> queued TGT buy (conf 88, stop 165.78, tp 175.0)
  -> queued TRGP buy (conf 78, stop 265.44, tp 307.09)
  -> queued GIS buy (conf 82, stop 39.5, tp 42.5)
  -> queued UNP buy (conf 92, stop 290.37, tp 315.51)
  -> queued TYL buy (conf 94, stop 310.0, tp 380.0)
  -> queued SLB buy (conf 94, stop 51.5, tp 58.0)
Dashboard watchlist synced (6 symbols) for news/headlines.
Ending portfolio value: $99,093.91
Trade journal: all: 19 trades, 21% win rate, avg -2.19% | breakout: 1 trades, 0% win rate, avg -8.61% | other: 13 trades, 23% win rate, avg -1.93% | technical: 5 trades, 20% win rate, avg -1.58%
Self-learning: breakout: 1 trades, 0% win rate, avg -8.61% (LOSING) | other: 13 trades, 23% win rate, avg -1.93% (LOSING) | technical: 5 trades, 20% win rate, avg -1.58% (LOSING)
Performance: Total return +0.23% | Max drawdown 0.94% | Daily Sharpe 1.80 | 19 closed trades | Win rate 21% | Avg winner +1.83% | Avg loser -3.26% | Open positions: 3 | Equity $99,093.91
Engine P&L: legacy/unknown: realized $-1,705.68 (19 closed, 21% wins), unrealized $-15.82 (3 open) | Books: legacy: realized $-1,705.68, unrealized $-15.82
Reports: daily realized $+0.00; worst symbols none | weekly realized $-1,697.22; worst symbols HPE:-1286.89; COHR:-471.20; SNDK:-159.07; ANET:-45.31; NOW:-30.35
Shadow report: 3420 shadow candidate(s), 301 rejection group(s)
Timings: account: 0.0s | risk: 0.4s | decide: 5.4s | watchlist: 0.1s | perf: 0.1s

=== Run at 2026-08-25T00:18:24.339142 ===
Build fingerprint: 4f68550affe5
Current time: 2026-08-24 08:18 PM EDT | Market open (per Alpaca): False | Session: CLOSED
Account value: $99,093.91
Cash: $79,453.81 | Holdings (3): {'GEHC': '0.6136 sh (+1.21%)', 'MS': '43.8344 sh (-2.74%)', 'MSI': '21.1281 sh (+2.51%)'}
Sector exposure (cached): Technology 10.3%, Financials 9.5%, Health Care 0.0%
Fill reconciliation: {'filled': 0, 'partial': 0, 'rejected': 1}
Open orders (1): MS sell 43.8344
Risk state: peak $99,703.60 | drawdown 0.61% | today +0.03% | halted: False
Market regime: BEARISH (position-size multiplier: 0% incl. circuit breaker 100%)
News: fetched 158, 1 new after dedup, 0 ticker(s) matched.
Quant pre-screen: 41/65 candidates passed.
Gemini proposed 3 trade(s) meeting the conviction bar.
Gemini calls used today (all models combined): 447
Market closed (overnight): queued 12 trade idea(s) for next-morning verification -- nothing submitted yet.
  -> queued NDAQ buy (conf 100, stop 94.82, tp 101.78)
  -> queued NWS buy (conf 100, stop 32.26, tp 35.35)
  -> queued IT buy (conf 92, stop 172.89, tp 230.0)
  -> queued GDDY buy (conf 89, stop 89.09, tp 101.8)
  -> queued GILD buy (conf 89, stop 145.16, tp 155.0)
  -> queued MSFT buy (conf 88, stop 475.0, tp 510.0)
  -> queued TGT buy (conf 95, stop 146.41, tp 180.0)
  -> queued TRGP buy (conf 85, stop 265.44, tp 320.0)
  -> queued GIS buy (conf 82, stop 39.5, tp 42.5)
  -> queued UNP buy (conf 96, stop 290.37, tp 325.0)
  -> queued TYL buy (conf 94, stop 310.0, tp 380.0)
  -> queued SLB buy (conf 94, stop 51.5, tp 58.0)
Dashboard watchlist synced (6 symbols) for news/headlines.
Ending portfolio value: $99,093.91
Trade journal: all: 19 trades, 21% win rate, avg -2.19% | breakout: 1 trades, 0% win rate, avg -8.61% | other: 13 trades, 23% win rate, avg -1.93% | technical: 5 trades, 20% win rate, avg -1.58%
Self-learning: breakout: 1 trades, 0% win rate, avg -8.61% (LOSING) | other: 13 trades, 23% win rate, avg -1.93% (LOSING) | technical: 5 trades, 20% win rate, avg -1.58% (LOSING)
Performance: Total return +0.23% | Max drawdown 0.94% | Daily Sharpe 1.80 | 19 closed trades | Win rate 21% | Avg winner +1.83% | Avg loser -3.26% | Open positions: 3 | Equity $99,093.91
Engine P&L: legacy/unknown: realized $-1,705.68 (19 closed, 21% wins), unrealized $-15.82 (3 open) | Books: legacy: realized $-1,705.68, unrealized $-15.82
Reports: daily realized $+0.00; worst symbols none | weekly realized $-1,697.22; worst symbols HPE:-1286.89; COHR:-471.20; SNDK:-159.07; ANET:-45.31; NOW:-30.35
Shadow report: 3420 shadow candidate(s), 301 rejection group(s)
Timings: account: 0.0s | risk: 0.2s | decide: 5.5s | watchlist: 0.0s | perf: 0.1s

=== Run at 2026-08-25T00:20:31.249130 ===
Build fingerprint: 4f68550affe5
Current time: 2026-08-24 08:20 PM EDT | Market open (per Alpaca): False | Session: CLOSED
Account value: $99,093.91
Cash: $79,453.81 | Holdings (3): {'GEHC': '0.6136 sh (+1.21%)', 'MS': '43.8344 sh (-2.74%)', 'MSI': '21.1281 sh (+2.51%)'}
Sector exposure (cached): Technology 10.3%, Financials 9.5%, Health Care 0.0%
Fill reconciliation: {'filled': 0, 'partial': 0, 'rejected': 1}
Open orders (1): MS sell 43.8344
Risk state: peak $99,703.60 | drawdown 0.61% | today +0.03% | halted: False
Market regime: BEARISH (position-size multiplier: 0% incl. circuit breaker 100%)
News: fetched 158, 0 new after dedup, 0 ticker(s) matched.
Quant pre-screen: 41/65 candidates passed.
Gemini proposed 3 trade(s) meeting the conviction bar.
Gemini calls used today (all models combined): 448
Market closed (overnight): queued 12 trade idea(s) for next-morning verification -- nothing submitted yet.
  -> queued NDAQ buy (conf 100, stop 94.82, tp 101.78)
  -> queued NWS buy (conf 100, stop 32.26, tp 35.35)
  -> queued IT buy (conf 92, stop 172.89, tp 230.0)
  -> queued GDDY buy (conf 89, stop 89.09, tp 101.8)
  -> queued GILD buy (conf 89, stop 145.16, tp 155.0)
  -> queued MSFT buy (conf 88, stop 475.0, tp 510.0)
  -> queued TGT buy (conf 88, stop 165.78, tp 175.0)
  -> queued TRGP buy (conf 85, stop 285.0, tp 307.09)
  -> queued GIS buy (conf 82, stop 39.5, tp 42.5)
  -> queued UNP buy (conf 92, stop 290.37, tp 315.51)
  -> queued TYL buy (conf 94, stop 310.0, tp 380.0)
  -> queued SLB buy (conf 94, stop 51.5, tp 58.0)
Dashboard watchlist synced (6 symbols) for news/headlines.
Ending portfolio value: $99,093.91
Trade journal: all: 19 trades, 21% win rate, avg -2.19% | breakout: 1 trades, 0% win rate, avg -8.61% | other: 13 trades, 23% win rate, avg -1.93% | technical: 5 trades, 20% win rate, avg -1.58%
Self-learning: breakout: 1 trades, 0% win rate, avg -8.61% (LOSING) | other: 13 trades, 23% win rate, avg -1.93% (LOSING) | technical: 5 trades, 20% win rate, avg -1.58% (LOSING)
Performance: Total return +0.23% | Max drawdown 0.94% | Daily Sharpe 1.80 | 19 closed trades | Win rate 21% | Avg winner +1.83% | Avg loser -3.26% | Open positions: 3 | Equity $99,093.91
Engine P&L: legacy/unknown: realized $-1,705.68 (19 closed, 21% wins), unrealized $-15.82 (3 open) | Books: legacy: realized $-1,705.68, unrealized $-15.82
Reports: daily realized $+0.00; worst symbols none | weekly realized $-1,697.22; worst symbols HPE:-1286.89; COHR:-471.20; SNDK:-159.07; ANET:-45.31; NOW:-30.35
Shadow report: 3420 shadow candidate(s), 301 rejection group(s)
Timings: account: 0.0s | risk: 0.8s | decide: 9.1s | watchlist: 0.1s | perf: 0.1s

=== Run at 2026-08-25T00:22:26.529573 ===
Build fingerprint: 4f68550affe5
Current time: 2026-08-24 08:22 PM EDT | Market open (per Alpaca): False | Session: CLOSED
Account value: $99,093.91
Cash: $79,453.81 | Holdings (3): {'GEHC': '0.6136 sh (+1.21%)', 'MS': '43.8344 sh (-2.74%)', 'MSI': '21.1281 sh (+2.51%)'}
Sector exposure (cached): Technology 10.3%, Financials 9.5%, Health Care 0.0%
Fill reconciliation: {'filled': 0, 'partial': 0, 'rejected': 1}
Open orders (1): MS sell 43.8344
Risk state: peak $99,703.60 | drawdown 0.61% | today +0.03% | halted: False
Market regime: BEARISH (position-size multiplier: 0% incl. circuit breaker 100%)
News: fetched 158, 1 new after dedup, 0 ticker(s) matched.
Quant pre-screen: 41/65 candidates passed.
Gemini proposed 3 trade(s) meeting the conviction bar.
Gemini calls used today (all models combined): 449
Market closed (overnight): queued 12 trade idea(s) for next-morning verification -- nothing submitted yet.
  -> queued NDAQ buy (conf 100, stop 94.82, tp 101.78)
  -> queued NWS buy (conf 100, stop 32.26, tp 35.35)
  -> queued IT buy (conf 92, stop 172.89, tp 230.0)
  -> queued GDDY buy (conf 89, stop 89.09, tp 101.8)
  -> queued GILD buy (conf 89, stop 145.16, tp 155.0)
  -> queued MSFT buy (conf 88, stop 475.0, tp 510.0)
  -> queued TGT buy (conf 88, stop 165.78, tp 175.0)
  -> queued TRGP buy (conf 85, stop 285.0, tp 307.09)
  -> queued GIS buy (conf 82, stop 39.5, tp 42.5)
  -> queued UNP buy (conf 96, stop 290.37, tp 315.51)
  -> queued TYL buy (conf 94, stop 311.25, tp 359.77)
  -> queued SLB buy (conf 94, stop 51.6, tp 58.81)
Dashboard watchlist synced (6 symbols) for news/headlines.
Ending portfolio value: $99,093.91
Trade journal: all: 19 trades, 21% win rate, avg -2.19% | breakout: 1 trades, 0% win rate, avg -8.61% | other: 13 trades, 23% win rate, avg -1.93% | technical: 5 trades, 20% win rate, avg -1.58%
Self-learning: breakout: 1 trades, 0% win rate, avg -8.61% (LOSING) | other: 13 trades, 23% win rate, avg -1.93% (LOSING) | technical: 5 trades, 20% win rate, avg -1.58% (LOSING)
Performance: Total return +0.23% | Max drawdown 0.94% | Daily Sharpe 1.80 | 19 closed trades | Win rate 21% | Avg winner +1.83% | Avg loser -3.26% | Open positions: 3 | Equity $99,093.91
Engine P&L: legacy/unknown: realized $-1,705.68 (19 closed, 21% wins), unrealized $-15.82 (3 open) | Books: legacy: realized $-1,705.68, unrealized $-15.82
Reports: daily realized $+0.00; worst symbols none | weekly realized $-1,697.22; worst symbols HPE:-1286.89; COHR:-471.20; SNDK:-159.07; ANET:-45.31; NOW:-30.35
Shadow report: 3420 shadow candidate(s), 301 rejection group(s)
Timings: account: 0.0s | risk: 1.2s | decide: 6.9s | watchlist: 0.1s | perf: 0.2s

=== Run at 2026-08-25T00:24:25.974972 ===
Build fingerprint: 4f68550affe5
Current time: 2026-08-24 08:24 PM EDT | Market open (per Alpaca): False | Session: CLOSED
Account value: $99,093.91
Cash: $79,453.81 | Holdings (3): {'GEHC': '0.6136 sh (+1.21%)', 'MS': '43.8344 sh (-2.74%)', 'MSI': '21.1281 sh (+2.51%)'}
Sector exposure (cached): Technology 10.3%, Financials 9.5%, Health Care 0.0%
Fill reconciliation: {'filled': 0, 'partial': 0, 'rejected': 1}
Open orders (1): MS sell 43.8344
Risk state: peak $99,703.60 | drawdown 0.61% | today +0.03% | halted: False
Market regime: BEARISH (position-size multiplier: 0% incl. circuit breaker 100%)
News: fetched 158, 1 new after dedup, 0 ticker(s) matched.
Quant pre-screen: 41/65 candidates passed.
Technical fallback (Gemini throttled/unavailable) proposed 8 trade(s) meeting the conviction bar.
Technical fallback cap omitted 15 weaker idea(s) this run.
Gemini calls used today (all models combined): 449
Market closed (overnight): queued 12 trade idea(s) for next-morning verification -- nothing submitted yet.
  -> queued NDAQ buy (conf 100, stop 94.82, tp 101.78)
  -> queued NWS buy (conf 100, stop 32.26, tp 35.35)
  -> queued IT buy (conf 92, stop 172.89, tp 230.0)
  -> queued GDDY buy (conf 89, stop 89.09, tp 101.8)
  -> queued GILD buy (conf 89, stop 145.16, tp 155.0)
  -> queued MSFT buy (conf 88, stop 475.0, tp 510.0)
  -> queued TGT buy (conf None, stop 146.41, tp 170.72)
  -> queued TRGP buy (conf 85, stop 285.0, tp 307.09)
  -> queued GIS buy (conf 82, stop 39.5, tp 42.5)
  -> queued UNP buy (conf None, stop 290.37, tp 310.5)
  -> queued TYL buy (conf None, stop 311.245, tp 359.77)
  -> queued SLB buy (conf None, stop 51.6, tp 54.49)
Run budget reserve reached -- skipping dashboard watchlist sync.
Run budget reserve reached -- skipping performance snapshot.
Trade journal: all: 19 trades, 21% win rate, avg -2.19% | breakout: 1 trades, 0% win rate, avg -8.61% | other: 13 trades, 23% win rate, avg -1.93% | technical: 5 trades, 20% win rate, avg -1.58%
Self-learning: breakout: 1 trades, 0% win rate, avg -8.61% (LOSING) | other: 13 trades, 23% win rate, avg -1.93% (LOSING) | technical: 5 trades, 20% win rate, avg -1.58% (LOSING)
Performance: Total return +0.23% | Max drawdown 0.94% | Daily Sharpe 1.80 | 19 closed trades | Win rate 21% | Avg winner +1.83% | Avg loser -3.26% | Open positions: 3 | Equity $99,093.91
Engine P&L: legacy/unknown: realized $-1,705.68 (19 closed, 21% wins), unrealized $-15.82 (3 open) | Books: legacy: realized $-1,705.68, unrealized $-15.82
Reports: daily realized $+0.00; worst symbols none | weekly realized $-1,697.22; worst symbols HPE:-1286.89; COHR:-471.20; SNDK:-159.07; ANET:-45.31; NOW:-30.35
Shadow report: 3420 shadow candidate(s), 301 rejection group(s)
Timings: account: 0.0s | risk: 0.5s | decide: 24.7s | watchlist: 0.0s | perf: 0.0s

=== Run at 2026-08-25T00:26:24.032011 ===
Build fingerprint: 4f68550affe5
Current time: 2026-08-24 08:26 PM EDT | Market open (per Alpaca): False | Session: CLOSED
Account value: $99,093.91
Cash: $79,453.81 | Holdings (3): {'GEHC': '0.6136 sh (+1.21%)', 'MS': '43.8344 sh (-2.74%)', 'MSI': '21.1281 sh (+2.51%)'}
Sector exposure (cached): Technology 10.3%, Financials 9.5%, Health Care 0.0%
Fill reconciliation: {'filled': 0, 'partial': 0, 'rejected': 1}
Open orders (1): MS sell 43.8344
Risk state: peak $99,703.60 | drawdown 0.61% | today +0.03% | halted: False
Market regime: BEARISH (position-size multiplier: 0% incl. circuit breaker 100%)
News: fetched 158, 0 new after dedup, 0 ticker(s) matched.
Quant pre-screen: 41/65 candidates passed.
Gemini proposed 3 trade(s) meeting the conviction bar.
Gemini calls used today (all models combined): 450
Market closed (overnight): queued 12 trade idea(s) for next-morning verification -- nothing submitted yet.
  -> queued NDAQ buy (conf 100, stop 94.82, tp 101.78)
  -> queued NWS buy (conf 100, stop 32.26, tp 35.35)
  -> queued IT buy (conf 92, stop 172.89, tp 230.0)
  -> queued GDDY buy (conf 89, stop 89.09, tp 101.8)
  -> queued GILD buy (conf 89, stop 145.16, tp 155.0)
  -> queued MSFT buy (conf 88, stop 475.0, tp 510.0)
  -> queued TGT buy (conf 95, stop 164.5, tp 175.0)
  -> queued TRGP buy (conf 88, stop 285.0, tp 315.0)
  -> queued GIS buy (conf 82, stop 39.5, tp 42.5)
  -> queued UNP buy (conf 92, stop 302.0, tp 320.0)
  -> queued TYL buy (conf None, stop 311.245, tp 359.77)
  -> queued SLB buy (conf None, stop 51.6, tp 54.49)
Dashboard watchlist synced (6 symbols) for news/headlines.
Ending portfolio value: $99,093.91
Trade journal: all: 19 trades, 21% win rate, avg -2.19% | breakout: 1 trades, 0% win rate, avg -8.61% | other: 13 trades, 23% win rate, avg -1.93% | technical: 5 trades, 20% win rate, avg -1.58%
Self-learning: breakout: 1 trades, 0% win rate, avg -8.61% (LOSING) | other: 13 trades, 23% win rate, avg -1.93% (LOSING) | technical: 5 trades, 20% win rate, avg -1.58% (LOSING)
Performance: Total return +0.23% | Max drawdown 0.94% | Daily Sharpe 1.80 | 19 closed trades | Win rate 21% | Avg winner +1.83% | Avg loser -3.26% | Open positions: 3 | Equity $99,093.91
Engine P&L: legacy/unknown: realized $-1,705.68 (19 closed, 21% wins), unrealized $-15.82 (3 open) | Books: legacy: realized $-1,705.68, unrealized $-15.82
Reports: daily realized $+0.00; worst symbols none | weekly realized $-1,697.22; worst symbols HPE:-1286.89; COHR:-471.20; SNDK:-159.07; ANET:-45.31; NOW:-30.35
Shadow report: 3420 shadow candidate(s), 301 rejection group(s)
Timings: account: 0.0s | risk: 0.6s | decide: 3.7s | watchlist: 0.0s | perf: 0.1s

=== Run at 2026-08-25T00:28:26.997457 ===
Build fingerprint: 4f68550affe5
Current time: 2026-08-24 08:28 PM EDT | Market open (per Alpaca): False | Session: CLOSED
Account value: $99,093.91
Cash: $79,453.81 | Holdings (3): {'GEHC': '0.6136 sh (+1.21%)', 'MS': '43.8344 sh (-2.74%)', 'MSI': '21.1281 sh (+2.51%)'}
Sector exposure (cached): Technology 10.3%, Financials 9.5%, Health Care 0.0%
Fill reconciliation: {'filled': 0, 'partial': 0, 'rejected': 1}
Open orders (1): MS sell 43.8344
Risk state: peak $99,703.60 | drawdown 0.61% | today +0.03% | halted: False
Market regime: BEARISH (position-size multiplier: 0% incl. circuit breaker 100%)
News: fetched 158, 1 new after dedup, 0 ticker(s) matched.
Quant pre-screen: 41/65 candidates passed.
Gemini proposed 3 trade(s) meeting the conviction bar.
Gemini calls used today (all models combined): 451
Market closed (overnight): queued 12 trade idea(s) for next-morning verification -- nothing submitted yet.
  -> queued NDAQ buy (conf 100, stop 94.82, tp 101.78)
  -> queued NWS buy (conf 100, stop 32.26, tp 35.35)
  -> queued IT buy (conf 92, stop 172.89, tp 230.0)
  -> queued GDDY buy (conf 89, stop 89.09, tp 101.8)
  -> queued GILD buy (conf 89, stop 145.16, tp 155.0)
  -> queued MSFT buy (conf 88, stop 475.0, tp 510.0)
  -> queued TGT buy (conf 95, stop 160.0, tp 180.0)
  -> queued TRGP buy (conf 88, stop 285.0, tp 315.0)
  -> queued GIS buy (conf 82, stop 39.5, tp 42.5)
  -> queued UNP buy (conf 96, stop 290.37, tp 325.0)
  -> queued TYL buy (conf None, stop 311.245, tp 359.77)
  -> queued SLB buy (conf 92, stop 51.6, tp 58.0)
Dashboard watchlist synced (6 symbols) for news/headlines.
Ending portfolio value: $99,093.91
Trade journal: all: 19 trades, 21% win rate, avg -2.19% | breakout: 1 trades, 0% win rate, avg -8.61% | other: 13 trades, 23% win rate, avg -1.93% | technical: 5 trades, 20% win rate, avg -1.58%
Self-learning: breakout: 1 trades, 0% win rate, avg -8.61% (LOSING) | other: 13 trades, 23% win rate, avg -1.93% (LOSING) | technical: 5 trades, 20% win rate, avg -1.58% (LOSING)
Performance: Total return +0.23% | Max drawdown 0.94% | Daily Sharpe 1.80 | 19 closed trades | Win rate 21% | Avg winner +1.83% | Avg loser -3.26% | Open positions: 3 | Equity $99,093.91
Engine P&L: legacy/unknown: realized $-1,705.68 (19 closed, 21% wins), unrealized $-15.82 (3 open) | Books: legacy: realized $-1,705.68, unrealized $-15.82
Reports: daily realized $+0.00; worst symbols none | weekly realized $-1,697.22; worst symbols HPE:-1286.89; COHR:-471.20; SNDK:-159.07; ANET:-45.31; NOW:-30.35
Shadow report: 3420 shadow candidate(s), 301 rejection group(s)
Timings: account: 0.0s | risk: 0.2s | decide: 4.5s | watchlist: 0.0s | perf: 0.1s

=== Run at 2026-08-25T00:30:40.330609 ===
Build fingerprint: 4f68550affe5
Current time: 2026-08-24 08:30 PM EDT | Market open (per Alpaca): False | Session: CLOSED
Account value: $99,093.91
Cash: $79,453.81 | Holdings (3): {'GEHC': '0.6136 sh (+1.21%)', 'MS': '43.8344 sh (-2.74%)', 'MSI': '21.1281 sh (+2.51%)'}
Sector exposure (cached): Technology 10.3%, Financials 9.5%, Health Care 0.0%
Fill reconciliation: {'filled': 0, 'partial': 0, 'rejected': 1}
Open orders (1): MS sell 43.8344
Risk state: peak $99,703.60 | drawdown 0.61% | today +0.03% | halted: False
Market regime: BEARISH (position-size multiplier: 0% incl. circuit breaker 100%)
News: fetched 158, 0 new after dedup, 0 ticker(s) matched.
Quant pre-screen: 41/65 candidates passed.
Gemini proposed 3 trade(s) meeting the conviction bar.
Gemini calls used today (all models combined): 452
Market closed (overnight): queued 12 trade idea(s) for next-morning verification -- nothing submitted yet.
  -> queued NDAQ buy (conf 100, stop 94.82, tp 101.78)
  -> queued NWS buy (conf 100, stop 32.26, tp 35.35)
  -> queued IT buy (conf 92, stop 172.89, tp 230.0)
  -> queued GDDY buy (conf 89, stop 89.09, tp 101.8)
  -> queued GILD buy (conf 89, stop 145.16, tp 155.0)
  -> queued MSFT buy (conf 88, stop 475.0, tp 510.0)
  -> queued TGT buy (conf 95, stop 146.41, tp 170.72)
  -> queued TRGP buy (conf 85, stop 265.44, tp 307.09)
  -> queued GIS buy (conf 82, stop 39.5, tp 42.5)
  -> queued UNP buy (conf 96, stop 290.37, tp 315.51)
  -> queued TYL buy (conf None, stop 311.245, tp 359.77)
  -> queued SLB buy (conf 92, stop 51.6, tp 58.0)
Dashboard watchlist synced (6 symbols) for news/headlines.
Ending portfolio value: $99,093.91
Trade journal: all: 19 trades, 21% win rate, avg -2.19% | breakout: 1 trades, 0% win rate, avg -8.61% | other: 13 trades, 23% win rate, avg -1.93% | technical: 5 trades, 20% win rate, avg -1.58%
Self-learning: breakout: 1 trades, 0% win rate, avg -8.61% (LOSING) | other: 13 trades, 23% win rate, avg -1.93% (LOSING) | technical: 5 trades, 20% win rate, avg -1.58% (LOSING)
Performance: Total return +0.23% | Max drawdown 0.94% | Daily Sharpe 1.80 | 19 closed trades | Win rate 21% | Avg winner +1.83% | Avg loser -3.26% | Open positions: 3 | Equity $99,093.91
Engine P&L: legacy/unknown: realized $-1,705.68 (19 closed, 21% wins), unrealized $-15.82 (3 open) | Books: legacy: realized $-1,705.68, unrealized $-15.82
Reports: daily realized $+0.00; worst symbols none | weekly realized $-1,697.22; worst symbols HPE:-1286.89; COHR:-471.20; SNDK:-159.07; ANET:-45.31; NOW:-30.35
Shadow report: 3420 shadow candidate(s), 301 rejection group(s)
Timings: account: 0.0s | risk: 1.2s | decide: 7.5s | watchlist: 0.1s | perf: 0.2s

=== Run at 2026-08-25T00:32:32.494104 ===
Build fingerprint: 4f68550affe5
Current time: 2026-08-24 08:32 PM EDT | Market open (per Alpaca): False | Session: CLOSED
Account value: $99,093.91
Cash: $79,453.81 | Holdings (3): {'GEHC': '0.6136 sh (+1.21%)', 'MS': '43.8344 sh (-2.74%)', 'MSI': '21.1281 sh (+2.51%)'}
Sector exposure (cached): Technology 10.3%, Financials 9.5%, Health Care 0.0%
Fill reconciliation: {'filled': 0, 'partial': 0, 'rejected': 1}
Open orders (1): MS sell 43.8344
Risk state: peak $99,703.60 | drawdown 0.61% | today +0.03% | halted: False
Market regime: BEARISH (position-size multiplier: 0% incl. circuit breaker 100%)
News: fetched 158, 0 new after dedup, 0 ticker(s) matched.
Quant pre-screen: 41/65 candidates passed.
Gemini proposed 3 trade(s) meeting the conviction bar.
Gemini calls used today (all models combined): 453
Market closed (overnight): queued 12 trade idea(s) for next-morning verification -- nothing submitted yet.
  -> queued NDAQ buy (conf 100, stop 94.82, tp 101.78)
  -> queued NWS buy (conf 100, stop 32.26, tp 35.35)
  -> queued IT buy (conf 92, stop 172.89, tp 230.0)
  -> queued GDDY buy (conf 89, stop 89.09, tp 101.8)
  -> queued GILD buy (conf 89, stop 145.16, tp 155.0)
  -> queued MSFT buy (conf 88, stop 475.0, tp 510.0)
  -> queued TGT buy (conf 95, stop 160.0, tp 180.0)
  -> queued TRGP buy (conf 85, stop 280.0, tp 315.0)
  -> queued GIS buy (conf 82, stop 39.5, tp 42.5)
  -> queued UNP buy (conf 96, stop 290.0, tp 325.0)
  -> queued TYL buy (conf None, stop 311.245, tp 359.77)
  -> queued SLB buy (conf 92, stop 51.6, tp 58.0)
Dashboard watchlist synced (6 symbols) for news/headlines.
Ending portfolio value: $99,093.91
Trade journal: all: 19 trades, 21% win rate, avg -2.19% | breakout: 1 trades, 0% win rate, avg -8.61% | other: 13 trades, 23% win rate, avg -1.93% | technical: 5 trades, 20% win rate, avg -1.58%
Self-learning: breakout: 1 trades, 0% win rate, avg -8.61% (LOSING) | other: 13 trades, 23% win rate, avg -1.93% (LOSING) | technical: 5 trades, 20% win rate, avg -1.58% (LOSING)
Performance: Total return +0.23% | Max drawdown 0.94% | Daily Sharpe 1.80 | 19 closed trades | Win rate 21% | Avg winner +1.83% | Avg loser -3.26% | Open positions: 3 | Equity $99,093.91
Engine P&L: legacy/unknown: realized $-1,705.68 (19 closed, 21% wins), unrealized $-15.82 (3 open) | Books: legacy: realized $-1,705.68, unrealized $-15.82
Reports: daily realized $+0.00; worst symbols none | weekly realized $-1,697.22; worst symbols HPE:-1286.89; COHR:-471.20; SNDK:-159.07; ANET:-45.31; NOW:-30.35
Shadow report: 3420 shadow candidate(s), 301 rejection group(s)
Timings: account: 0.0s | risk: 0.5s | decide: 5.1s | watchlist: 0.1s | perf: 0.1s

=== Run at 2026-08-25T00:34:25.610059 ===
Build fingerprint: 4f68550affe5
Current time: 2026-08-24 08:34 PM EDT | Market open (per Alpaca): False | Session: CLOSED
Account value: $99,093.91
Cash: $79,453.81 | Holdings (3): {'GEHC': '0.6136 sh (+1.21%)', 'MS': '43.8344 sh (-2.74%)', 'MSI': '21.1281 sh (+2.51%)'}
Sector exposure (cached): Technology 10.3%, Financials 9.5%, Health Care 0.0%
Fill reconciliation: {'filled': 0, 'partial': 0, 'rejected': 1}
Open orders (1): MS sell 43.8344
Risk state: peak $99,703.60 | drawdown 0.61% | today +0.03% | halted: False
Market regime: BEARISH (position-size multiplier: 0% incl. circuit breaker 100%)
News: fetched 158, 1 new after dedup, 0 ticker(s) matched.
Quant pre-screen: 41/65 candidates passed.
Gemini proposed 3 trade(s) meeting the conviction bar.
Gemini calls used today (all models combined): 454
Market closed (overnight): queued 12 trade idea(s) for next-morning verification -- nothing submitted yet.
  -> queued NDAQ buy (conf 100, stop 94.82, tp 101.78)
  -> queued NWS buy (conf 100, stop 32.26, tp 35.35)
  -> queued IT buy (conf 92, stop 172.89, tp 230.0)
  -> queued GDDY buy (conf 89, stop 89.09, tp 101.8)
  -> queued GILD buy (conf 89, stop 145.16, tp 155.0)
  -> queued MSFT buy (conf 88, stop 475.0, tp 510.0)
  -> queued TGT buy (conf 95, stop 165.78, tp 175.0)
  -> queued TRGP buy (conf 85, stop 280.0, tp 315.0)
  -> queued GIS buy (conf 82, stop 39.5, tp 42.5)
  -> queued UNP buy (conf 96, stop 290.37, tp 315.51)
  -> queued TYL buy (conf None, stop 311.245, tp 359.77)
  -> queued SLB buy (conf 92, stop 51.6, tp 58.81)
Dashboard watchlist synced (6 symbols) for news/headlines.
Ending portfolio value: $99,093.91
Trade journal: all: 19 trades, 21% win rate, avg -2.19% | breakout: 1 trades, 0% win rate, avg -8.61% | other: 13 trades, 23% win rate, avg -1.93% | technical: 5 trades, 20% win rate, avg -1.58%
Self-learning: breakout: 1 trades, 0% win rate, avg -8.61% (LOSING) | other: 13 trades, 23% win rate, avg -1.93% (LOSING) | technical: 5 trades, 20% win rate, avg -1.58% (LOSING)
Performance: Total return +0.23% | Max drawdown 0.94% | Daily Sharpe 1.80 | 19 closed trades | Win rate 21% | Avg winner +1.83% | Avg loser -3.26% | Open positions: 3 | Equity $99,093.91
Engine P&L: legacy/unknown: realized $-1,705.68 (19 closed, 21% wins), unrealized $-15.82 (3 open) | Books: legacy: realized $-1,705.68, unrealized $-15.82
Reports: daily realized $+0.00; worst symbols none | weekly realized $-1,697.22; worst symbols HPE:-1286.89; COHR:-471.20; SNDK:-159.07; ANET:-45.31; NOW:-30.35
Shadow report: 3420 shadow candidate(s), 301 rejection group(s)
Timings: account: 0.0s | risk: 0.4s | decide: 3.2s | watchlist: 0.0s | perf: 0.0s

=== Run at 2026-08-25T00:36:26.398363 ===
Build fingerprint: 4f68550affe5
Current time: 2026-08-24 08:36 PM EDT | Market open (per Alpaca): False | Session: CLOSED
Account value: $99,093.91
Cash: $79,453.81 | Holdings (3): {'GEHC': '0.6136 sh (+1.21%)', 'MS': '43.8344 sh (-2.74%)', 'MSI': '21.1281 sh (+2.51%)'}
Sector exposure (cached): Technology 10.3%, Financials 9.5%, Health Care 0.0%
Fill reconciliation: {'filled': 0, 'partial': 0, 'rejected': 1}
Open orders (1): MS sell 43.8344
Risk state: peak $99,703.60 | drawdown 0.61% | today +0.03% | halted: False
Market regime: BEARISH (position-size multiplier: 0% incl. circuit breaker 100%)
News: fetched 158, 4 new after dedup, 0 ticker(s) matched.
Quant pre-screen: 41/65 candidates passed.
Technical fallback (Gemini throttled/unavailable) proposed 8 trade(s) meeting the conviction bar.
Technical fallback cap omitted 15 weaker idea(s) this run.
Gemini calls used today (all models combined): 454
Market closed (overnight): queued 12 trade idea(s) for next-morning verification -- nothing submitted yet.
  -> queued NDAQ buy (conf 100, stop 94.82, tp 101.78)
  -> queued NWS buy (conf 100, stop 32.26, tp 35.35)
  -> queued IT buy (conf 92, stop 172.89, tp 230.0)
  -> queued GDDY buy (conf 89, stop 89.09, tp 101.8)
  -> queued GILD buy (conf 89, stop 145.16, tp 155.0)
  -> queued MSFT buy (conf 88, stop 475.0, tp 510.0)
  -> queued TGT buy (conf None, stop 146.41, tp 170.72)
  -> queued TRGP buy (conf 85, stop 280.0, tp 315.0)
  -> queued GIS buy (conf 82, stop 39.5, tp 42.5)
  -> queued UNP buy (conf None, stop 290.37, tp 310.5)
  -> queued TYL buy (conf None, stop 311.245, tp 359.77)
  -> queued SLB buy (conf None, stop 51.6, tp 54.49)
Dashboard watchlist synced (10 symbols) for news/headlines.
Ending portfolio value: $99,093.91
Trade journal: all: 19 trades, 21% win rate, avg -2.19% | breakout: 1 trades, 0% win rate, avg -8.61% | other: 13 trades, 23% win rate, avg -1.93% | technical: 5 trades, 20% win rate, avg -1.58%
Self-learning: breakout: 1 trades, 0% win rate, avg -8.61% (LOSING) | other: 13 trades, 23% win rate, avg -1.93% (LOSING) | technical: 5 trades, 20% win rate, avg -1.58% (LOSING)
Performance: Total return +0.23% | Max drawdown 0.94% | Daily Sharpe 1.80 | 19 closed trades | Win rate 21% | Avg winner +1.83% | Avg loser -3.26% | Open positions: 3 | Equity $99,093.91
Engine P&L: legacy/unknown: realized $-1,705.68 (19 closed, 21% wins), unrealized $-15.82 (3 open) | Books: legacy: realized $-1,705.68, unrealized $-15.82
Reports: daily realized $+0.00; worst symbols none | weekly realized $-1,697.22; worst symbols HPE:-1286.89; COHR:-471.20; SNDK:-159.07; ANET:-45.31; NOW:-30.35
Shadow report: 3420 shadow candidate(s), 301 rejection group(s)
Timings: account: 0.0s | risk: 0.2s | decide: 21.8s | watchlist: 0.0s | perf: 0.1s

=== Run at 2026-08-25T00:38:26.131121 ===
Build fingerprint: 4f68550affe5
Current time: 2026-08-24 08:38 PM EDT | Market open (per Alpaca): False | Session: CLOSED
Account value: $99,093.91
Cash: $79,453.81 | Holdings (3): {'GEHC': '0.6136 sh (+1.21%)', 'MS': '43.8344 sh (-2.74%)', 'MSI': '21.1281 sh (+2.51%)'}
Sector exposure (cached): Technology 10.3%, Financials 9.5%, Health Care 0.0%
Fill reconciliation: {'filled': 0, 'partial': 0, 'rejected': 1}
Open orders (1): MS sell 43.8344
Risk state: peak $99,703.60 | drawdown 0.61% | today +0.03% | halted: False
Market regime: BEARISH (position-size multiplier: 0% incl. circuit breaker 100%)
News: fetched 157, 1 new after dedup, 0 ticker(s) matched.
Quant pre-screen: 41/65 candidates passed.
Technical fallback (Gemini throttled/unavailable) proposed 8 trade(s) meeting the conviction bar.
Technical fallback cap omitted 15 weaker idea(s) this run.
Gemini calls used today (all models combined): 454
Market closed (overnight): queued 12 trade idea(s) for next-morning verification -- nothing submitted yet.
  -> queued NDAQ buy (conf 100, stop 94.82, tp 101.78)
  -> queued NWS buy (conf 100, stop 32.26, tp 35.35)
  -> queued IT buy (conf 92, stop 172.89, tp 230.0)
  -> queued GDDY buy (conf 89, stop 89.09, tp 101.8)
  -> queued GILD buy (conf 89, stop 145.16, tp 155.0)
  -> queued MSFT buy (conf 88, stop 475.0, tp 510.0)
  -> queued TGT buy (conf None, stop 146.41, tp 170.72)
  -> queued TRGP buy (conf 85, stop 280.0, tp 315.0)
  -> queued GIS buy (conf 82, stop 39.5, tp 42.5)
  -> queued UNP buy (conf None, stop 290.37, tp 310.5)
  -> queued TYL buy (conf None, stop 311.245, tp 359.77)
  -> queued SLB buy (conf None, stop 51.6, tp 54.49)
Run budget reserve reached -- skipping dashboard watchlist sync.
Run budget reserve reached -- skipping performance snapshot.
Trade journal: all: 19 trades, 21% win rate, avg -2.19% | breakout: 1 trades, 0% win rate, avg -8.61% | other: 13 trades, 23% win rate, avg -1.93% | technical: 5 trades, 20% win rate, avg -1.58%
Self-learning: breakout: 1 trades, 0% win rate, avg -8.61% (LOSING) | other: 13 trades, 23% win rate, avg -1.93% (LOSING) | technical: 5 trades, 20% win rate, avg -1.58% (LOSING)
Performance: Total return +0.23% | Max drawdown 0.94% | Daily Sharpe 1.80 | 19 closed trades | Win rate 21% | Avg winner +1.83% | Avg loser -3.26% | Open positions: 3 | Equity $99,093.91
Engine P&L: legacy/unknown: realized $-1,705.68 (19 closed, 21% wins), unrealized $-15.82 (3 open) | Books: legacy: realized $-1,705.68, unrealized $-15.82
Reports: daily realized $+0.00; worst symbols none | weekly realized $-1,697.22; worst symbols HPE:-1286.89; COHR:-471.20; SNDK:-159.07; ANET:-45.31; NOW:-30.35
Shadow report: 3420 shadow candidate(s), 301 rejection group(s)
Timings: account: 0.0s | risk: 1.4s | decide: 23.0s | watchlist: 0.0s | perf: 0.0s

=== Run at 2026-08-25T00:40:33.006160 ===
Build fingerprint: 4f68550affe5
Current time: 2026-08-24 08:40 PM EDT | Market open (per Alpaca): False | Session: CLOSED
Account value: $99,093.91
Cash: $79,453.81 | Holdings (3): {'GEHC': '0.6136 sh (+1.21%)', 'MS': '43.8344 sh (-2.74%)', 'MSI': '21.1281 sh (+2.51%)'}
Sector exposure (cached): Technology 10.3%, Financials 9.5%, Health Care 0.0%
Fill reconciliation: {'filled': 0, 'partial': 0, 'rejected': 1}
Open orders (1): MS sell 43.8344
Risk state: peak $99,703.60 | drawdown 0.61% | today +0.03% | halted: False
Market regime: BEARISH (position-size multiplier: 0% incl. circuit breaker 100%)
News: fetched 158, 2 new after dedup, 0 ticker(s) matched.
Quant pre-screen: 41/65 candidates passed.
Technical fallback (Gemini throttled/unavailable) proposed 8 trade(s) meeting the conviction bar.
Technical fallback cap omitted 15 weaker idea(s) this run.
Gemini calls used today (all models combined): 454
Market closed (overnight): queued 12 trade idea(s) for next-morning verification -- nothing submitted yet.
  -> queued NDAQ buy (conf 100, stop 94.82, tp 101.78)
  -> queued NWS buy (conf 100, stop 32.26, tp 35.35)
  -> queued IT buy (conf 92, stop 172.89, tp 230.0)
  -> queued GDDY buy (conf 89, stop 89.09, tp 101.8)
  -> queued GILD buy (conf 89, stop 145.16, tp 155.0)
  -> queued MSFT buy (conf 88, stop 475.0, tp 510.0)
  -> queued TGT buy (conf None, stop 146.41, tp 170.72)
  -> queued TRGP buy (conf 85, stop 280.0, tp 315.0)
  -> queued GIS buy (conf 82, stop 39.5, tp 42.5)
  -> queued UNP buy (conf None, stop 290.37, tp 310.5)
  -> queued TYL buy (conf None, stop 311.245, tp 359.77)
  -> queued SLB buy (conf None, stop 51.6, tp 54.49)
Run budget reserve reached -- skipping dashboard watchlist sync.
Run budget reserve reached -- skipping performance snapshot.
Trade journal: all: 19 trades, 21% win rate, avg -2.19% | breakout: 1 trades, 0% win rate, avg -8.61% | other: 13 trades, 23% win rate, avg -1.93% | technical: 5 trades, 20% win rate, avg -1.58%
Self-learning: breakout: 1 trades, 0% win rate, avg -8.61% (LOSING) | other: 13 trades, 23% win rate, avg -1.93% (LOSING) | technical: 5 trades, 20% win rate, avg -1.58% (LOSING)
Performance: Total return +0.23% | Max drawdown 0.94% | Daily Sharpe 1.80 | 19 closed trades | Win rate 21% | Avg winner +1.83% | Avg loser -3.26% | Open positions: 3 | Equity $99,093.91
Engine P&L: legacy/unknown: realized $-1,705.68 (19 closed, 21% wins), unrealized $-15.82 (3 open) | Books: legacy: realized $-1,705.68, unrealized $-15.82
Reports: daily realized $+0.00; worst symbols none | weekly realized $-1,697.22; worst symbols HPE:-1286.89; COHR:-471.20; SNDK:-159.07; ANET:-45.31; NOW:-30.35
Shadow report: 3420 shadow candidate(s), 301 rejection group(s)
Timings: account: 0.0s | risk: 0.8s | decide: 24.0s | watchlist: 0.0s | perf: 0.0s

=== Run at 2026-08-25T00:42:37.298825 ===
=== Run at 2026-08-25T00:42:10.756162 ===
Build fingerprint: 4f68550affe5
Current time: 2026-08-24 08:42 PM EDT | Market open (per Alpaca): False | Session: CLOSED
Account value: $99,093.91
Cash: $79,453.81 | Holdings (3): {'GEHC': '0.6136 sh (+1.21%)', 'MS': '43.8344 sh (-2.74%)', 'MSI': '21.1281 sh (+2.51%)'}
Sector exposure (cached): Technology 10.3%, Financials 9.5%, Health Care 0.0%
Fill reconciliation: {'filled': 0, 'partial': 0, 'rejected': 1}
Open orders (1): MS sell 43.8344
Risk state: peak $99,703.60 | drawdown 0.61% | today +0.03% | halted: False
Market regime: BEARISH (position-size multiplier: 0% incl. circuit breaker 100%)
News: fetched 158, 0 new after dedup, 0 ticker(s) matched.
Quant pre-screen: 41/65 candidates passed.
Gemini proposed 3 trade(s) meeting the conviction bar.
Gemini calls used today (all models combined): 455
Market closed (overnight): queued 12 trade idea(s) for next-morning verification -- nothing submitted yet.
  -> queued NDAQ buy (conf 100, stop 94.82, tp 101.78)
  -> queued NWS buy (conf 100, stop 32.26, tp 35.35)
  -> queued UNP buy (conf 96, stop 290.37, tp 315.51)
  -> queued TGT buy (conf 95, stop 165.78, tp 170.72)
  -> queued IT buy (conf 92, stop 172.89, tp 230.0)
  -> queued GDDY buy (conf 89, stop 89.09, tp 101.8)
  -> queued GILD buy (conf 89, stop 145.16, tp 155.0)
  -> queued SOLV buy (conf 89, stop 89.99, tp 91.5)
  -> queued UNP buy (conf 96, stop 290.0, tp 325.0)
  -> queued TGT buy (conf 95, stop 160.0, tp 180.0)
  -> queued IT buy (conf 92, stop 172.89, tp 230.0)
  -> queued GDDY buy (conf 89, stop 89.09, tp 101.8)
  -> queued GILD buy (conf 89, stop 145.16, tp 155.0)
  -> queued SOLV buy (conf 89, stop 86.0, tp 98.0)
  -> queued MSFT buy (conf 88, stop 475.0, tp 510.0)
  -> queued TRGP buy (conf 85, stop 280.0, tp 315.0)
  -> queued GIS buy (conf 82, stop 39.5, tp 42.5)
  -> queued TYL buy (conf None, stop 311.245, tp 359.77)
Dashboard watchlist synced (6 symbols) for news/headlines.
Ending portfolio value: $99,093.91
Trade journal: all: 19 trades, 21% win rate, avg -2.19% | breakout: 1 trades, 0% win rate, avg -8.61% | other: 13 trades, 23% win rate, avg -1.93% | technical: 5 trades, 20% win rate, avg -1.58%
Self-learning: breakout: 1 trades, 0% win rate, avg -8.61% (LOSING) | other: 13 trades, 23% win rate, avg -1.93% (LOSING) | technical: 5 trades, 20% win rate, avg -1.58% (LOSING)
Performance: Total return +0.23% | Max drawdown 0.94% | Daily Sharpe 1.80 | 19 closed trades | Win rate 21% | Avg winner +1.83% | Avg loser -3.26% | Open positions: 3 | Equity $99,093.91
Engine P&L: legacy/unknown: realized $-1,705.68 (19 closed, 21% wins), unrealized $-15.82 (3 open) | Books: legacy: realized $-1,705.68, unrealized $-15.82
Reports: daily realized $+0.00; worst symbols none | weekly realized $-1,697.22; worst symbols HPE:-1286.89; COHR:-471.20; SNDK:-159.07; ANET:-45.31; NOW:-30.35
Shadow report: 3420 shadow candidate(s), 301 rejection group(s)
Timings: account: 0.0s | risk: 0.2s | decide: 2.8s | watchlist: 0.0s | perf: 0.1s
Timings: account: 0.0s | risk: 0.2s | decide: 3.2s | watchlist: 0.0s | perf: 0.1s

=== Run at 2026-08-25T00:44:25.799586 ===
Build fingerprint: 4f68550affe5
Current time: 2026-08-24 08:44 PM EDT | Market open (per Alpaca): False | Session: CLOSED
Account value: $99,093.91
Cash: $79,453.81 | Holdings (3): {'GEHC': '0.6136 sh (+1.21%)', 'MS': '43.8344 sh (-2.74%)', 'MSI': '21.1281 sh (+2.51%)'}
Sector exposure (cached): Technology 10.3%, Financials 9.5%, Health Care 0.0%
Fill reconciliation: {'filled': 0, 'partial': 0, 'rejected': 1}
Open orders (1): MS sell 43.8344
Risk state: peak $99,703.60 | drawdown 0.61% | today +0.03% | halted: False
Market regime: BEARISH (position-size multiplier: 0% incl. circuit breaker 100%)
News: fetched 158, 1 new after dedup, 0 ticker(s) matched.
Quant pre-screen: 41/65 candidates passed.
Gemini proposed 3 trade(s) meeting the conviction bar.
Gemini calls used today (all models combined): 456
Market closed (overnight): queued 12 trade idea(s) for next-morning verification -- nothing submitted yet.
  -> queued NDAQ buy (conf 100, stop 94.82, tp 101.78)
  -> queued NWS buy (conf 100, stop 32.26, tp 35.35)
  -> queued UNP buy (conf 96, stop 290.37, tp 315.51)
  -> queued TGT buy (conf 95, stop 146.41, tp 170.72)
  -> queued IT buy (conf 92, stop 172.89, tp 230.0)
  -> queued GDDY buy (conf 89, stop 89.09, tp 101.8)
  -> queued GILD buy (conf 89, stop 145.16, tp 155.0)
  -> queued SOLV buy (conf 89, stop 89.99, tp 91.5)
  -> queued MSFT buy (conf 88, stop 475.0, tp 510.0)
  -> queued TRGP buy (conf 85, stop 265.44, tp 307.09)
  -> queued GIS buy (conf 82, stop 39.5, tp 42.5)
  -> queued TYL buy (conf None, stop 311.245, tp 359.77)
Dashboard watchlist synced (6 symbols) for news/headlines.
Ending portfolio value: $99,093.91
Trade journal: all: 19 trades, 21% win rate, avg -2.19% | breakout: 1 trades, 0% win rate, avg -8.61% | other: 13 trades, 23% win rate, avg -1.93% | technical: 5 trades, 20% win rate, avg -1.58%
Self-learning: breakout: 1 trades, 0% win rate, avg -8.61% (LOSING) | other: 13 trades, 23% win rate, avg -1.93% (LOSING) | technical: 5 trades, 20% win rate, avg -1.58% (LOSING)
Performance: Total return +0.23% | Max drawdown 0.94% | Daily Sharpe 1.80 | 19 closed trades | Win rate 21% | Avg winner +1.83% | Avg loser -3.26% | Open positions: 3 | Equity $99,093.91
Engine P&L: legacy/unknown: realized $-1,705.68 (19 closed, 21% wins), unrealized $-15.82 (3 open) | Books: legacy: realized $-1,705.68, unrealized $-15.82
Reports: daily realized $+0.00; worst symbols none | weekly realized $-1,697.22; worst symbols HPE:-1286.89; COHR:-471.20; SNDK:-159.07; ANET:-45.31; NOW:-30.35
Shadow report: 3420 shadow candidate(s), 301 rejection group(s)
Timings: account: 0.0s | risk: 0.8s | decide: 6.1s | watchlist: 0.1s | perf: 0.1s

=== Run at 2026-08-25T00:46:30.250293 ===
Build fingerprint: 4f68550affe5
Current time: 2026-08-24 08:46 PM EDT | Market open (per Alpaca): False | Session: CLOSED
Account value: $99,093.91
Cash: $79,453.81 | Holdings (3): {'GEHC': '0.6136 sh (+1.21%)', 'MS': '43.8344 sh (-2.74%)', 'MSI': '21.1281 sh (+2.51%)'}
Sector exposure (cached): Technology 10.3%, Financials 9.5%, Health Care 0.0%
Fill reconciliation: {'filled': 0, 'partial': 0, 'rejected': 1}
Open orders (1): MS sell 43.8344
Risk state: peak $99,703.60 | drawdown 0.61% | today +0.03% | halted: False
Market regime: BEARISH (position-size multiplier: 0% incl. circuit breaker 100%)
News: fetched 158, 1 new after dedup, 0 ticker(s) matched.
Quant pre-screen: 41/65 candidates passed.
Technical fallback (Gemini throttled/unavailable) proposed 8 trade(s) meeting the conviction bar.
Technical fallback cap omitted 15 weaker idea(s) this run.
Gemini calls used today (all models combined): 456
Market closed (overnight): queued 12 trade idea(s) for next-morning verification -- nothing submitted yet.
  -> queued NDAQ buy (conf 100, stop 94.82, tp 101.78)
  -> queued NWS buy (conf 100, stop 32.26, tp 35.35)
  -> queued IT buy (conf 92, stop 172.89, tp 230.0)
  -> queued GDDY buy (conf 89, stop 89.09, tp 101.8)
  -> queued GILD buy (conf 89, stop 145.16, tp 155.0)
  -> queued MSFT buy (conf 88, stop 475.0, tp 510.0)
  -> queued TGT buy (conf None, stop 146.41, tp 170.72)
  -> queued TRGP buy (conf 85, stop 265.44, tp 307.09)
  -> queued GIS buy (conf 82, stop 39.5, tp 42.5)
  -> queued UNP buy (conf None, stop 290.37, tp 310.5)
  -> queued SOLV buy (conf None, stop 82.415, tp 91.495)
  -> queued TYL buy (conf None, stop 311.245, tp 359.77)
Run budget reserve reached -- skipping dashboard watchlist sync.
Run budget reserve reached -- skipping performance snapshot.
Trade journal: all: 19 trades, 21% win rate, avg -2.19% | breakout: 1 trades, 0% win rate, avg -8.61% | other: 13 trades, 23% win rate, avg -1.93% | technical: 5 trades, 20% win rate, avg -1.58%
Self-learning: breakout: 1 trades, 0% win rate, avg -8.61% (LOSING) | other: 13 trades, 23% win rate, avg -1.93% (LOSING) | technical: 5 trades, 20% win rate, avg -1.58% (LOSING)
Performance: Total return +0.23% | Max drawdown 0.94% | Daily Sharpe 1.80 | 19 closed trades | Win rate 21% | Avg winner +1.83% | Avg loser -3.26% | Open positions: 3 | Equity $99,093.91
Engine P&L: legacy/unknown: realized $-1,705.68 (19 closed, 21% wins), unrealized $-15.82 (3 open) | Books: legacy: realized $-1,705.68, unrealized $-15.82
Reports: daily realized $+0.00; worst symbols none | weekly realized $-1,697.22; worst symbols HPE:-1286.89; COHR:-471.20; SNDK:-159.07; ANET:-45.31; NOW:-30.35
Shadow report: 3420 shadow candidate(s), 301 rejection group(s)
Timings: account: 0.0s | risk: 1.2s | decide: 23.2s | watchlist: 0.0s | perf: 0.0s

=== Run at 2026-08-25T00:48:31.304822 ===
Build fingerprint: 4f68550affe5
Current time: 2026-08-24 08:48 PM EDT | Market open (per Alpaca): False | Session: CLOSED
Account value: $99,093.91
Cash: $79,453.81 | Holdings (3): {'GEHC': '0.6136 sh (+1.21%)', 'MS': '43.8344 sh (-2.74%)', 'MSI': '21.1281 sh (+2.51%)'}
Sector exposure (cached): Technology 10.3%, Financials 9.5%, Health Care 0.0%
Fill reconciliation: {'filled': 0, 'partial': 0, 'rejected': 1}
Open orders (1): MS sell 43.8344
Risk state: peak $99,703.60 | drawdown 0.61% | today +0.03% | halted: False
Market regime: BEARISH (position-size multiplier: 0% incl. circuit breaker 100%)
News: fetched 158, 1 new after dedup, 0 ticker(s) matched.
Quant pre-screen: 41/65 candidates passed.
Gemini proposed 3 trade(s) meeting the conviction bar.
Gemini calls used today (all models combined): 457
Market closed (overnight): queued 12 trade idea(s) for next-morning verification -- nothing submitted yet.
  -> queued NDAQ buy (conf 100, stop 94.82, tp 101.78)
  -> queued NWS buy (conf 100, stop 32.26, tp 35.35)
  -> queued UNP buy (conf 96, stop 290.37, tp 315.51)
  -> queued TGT buy (conf 95, stop 146.41, tp 170.72)
  -> queued IT buy (conf 92, stop 172.89, tp 230.0)
  -> queued SLB buy (conf 92, stop 51.6, tp 58.81)
  -> queued GDDY buy (conf 89, stop 89.09, tp 101.8)
  -> queued GILD buy (conf 89, stop 145.16, tp 155.0)
  -> queued MSFT buy (conf 88, stop 475.0, tp 510.0)
  -> queued TRGP buy (conf 85, stop 265.44, tp 307.09)
  -> queued GIS buy (conf 82, stop 39.5, tp 42.5)
  -> queued SOLV buy (conf None, stop 82.415, tp 91.495)
Dashboard watchlist synced (6 symbols) for news/headlines.
Ending portfolio value: $99,093.91
Trade journal: all: 19 trades, 21% win rate, avg -2.19% | breakout: 1 trades, 0% win rate, avg -8.61% | other: 13 trades, 23% win rate, avg -1.93% | technical: 5 trades, 20% win rate, avg -1.58%
Self-learning: breakout: 1 trades, 0% win rate, avg -8.61% (LOSING) | other: 13 trades, 23% win rate, avg -1.93% (LOSING) | technical: 5 trades, 20% win rate, avg -1.58% (LOSING)
Performance: Total return +0.23% | Max drawdown 0.94% | Daily Sharpe 1.80 | 19 closed trades | Win rate 21% | Avg winner +1.83% | Avg loser -3.26% | Open positions: 3 | Equity $99,093.91
Engine P&L: legacy/unknown: realized $-1,705.68 (19 closed, 21% wins), unrealized $-15.82 (3 open) | Books: legacy: realized $-1,705.68, unrealized $-15.82
Reports: daily realized $+0.00; worst symbols none | weekly realized $-1,697.22; worst symbols HPE:-1286.89; COHR:-471.20; SNDK:-159.07; ANET:-45.31; NOW:-30.35
Shadow report: 3420 shadow candidate(s), 301 rejection group(s)
Timings: account: 0.0s | risk: 0.6s | decide: 5.2s | watchlist: 0.1s | perf: 0.1s

=== Run at 2026-08-25T00:50:31.520250 ===
Build fingerprint: 4f68550affe5
Current time: 2026-08-24 08:50 PM EDT | Market open (per Alpaca): False | Session: CLOSED
Account value: $99,093.91
Cash: $79,453.81 | Holdings (3): {'GEHC': '0.6136 sh (+1.21%)', 'MS': '43.8344 sh (-2.74%)', 'MSI': '21.1281 sh (+2.51%)'}
Sector exposure (cached): Technology 10.3%, Financials 9.5%, Health Care 0.0%
Fill reconciliation: {'filled': 0, 'partial': 0, 'rejected': 1}
Open orders (1): MS sell 43.8344
Risk state: peak $99,703.60 | drawdown 0.61% | today +0.03% | halted: False
Market regime: BEARISH (position-size multiplier: 0% incl. circuit breaker 100%)
News: fetched 158, 0 new after dedup, 0 ticker(s) matched.
Quant pre-screen: 41/65 candidates passed.
Gemini proposed 3 trade(s) meeting the conviction bar.
Gemini calls used today (all models combined): 458
Market closed (overnight): queued 12 trade idea(s) for next-morning verification -- nothing submitted yet.
  -> queued NDAQ buy (conf 100, stop 94.82, tp 101.78)
  -> queued NWS buy (conf 100, stop 32.26, tp 35.35)
  -> queued UNP buy (conf 96, stop 290.37, tp 315.51)
  -> queued TGT buy (conf 95, stop 146.41, tp 170.72)
  -> queued IT buy (conf 92, stop 172.89, tp 230.0)
  -> queued SLB buy (conf 92, stop 51.6, tp 58.81)
  -> queued GDDY buy (conf 89, stop 89.09, tp 101.8)
  -> queued GILD buy (conf 89, stop 145.16, tp 155.0)
  -> queued MSFT buy (conf 88, stop 475.0, tp 510.0)
  -> queued TRGP buy (conf 85, stop 265.44, tp 307.09)
  -> queued GIS buy (conf 82, stop 39.5, tp 42.5)
  -> queued SOLV buy (conf None, stop 82.415, tp 91.495)
Dashboard watchlist synced (6 symbols) for news/headlines.
Ending portfolio value: $99,093.91
Trade journal: all: 19 trades, 21% win rate, avg -2.19% | breakout: 1 trades, 0% win rate, avg -8.61% | other: 13 trades, 23% win rate, avg -1.93% | technical: 5 trades, 20% win rate, avg -1.58%
Self-learning: breakout: 1 trades, 0% win rate, avg -8.61% (LOSING) | other: 13 trades, 23% win rate, avg -1.93% (LOSING) | technical: 5 trades, 20% win rate, avg -1.58% (LOSING)
Performance: Total return +0.23% | Max drawdown 0.94% | Daily Sharpe 1.80 | 19 closed trades | Win rate 21% | Avg winner +1.83% | Avg loser -3.26% | Open positions: 3 | Equity $99,093.91
Engine P&L: legacy/unknown: realized $-1,705.68 (19 closed, 21% wins), unrealized $-15.82 (3 open) | Books: legacy: realized $-1,705.68, unrealized $-15.82
Reports: daily realized $+0.00; worst symbols none | weekly realized $-1,697.22; worst symbols HPE:-1286.89; COHR:-471.20; SNDK:-159.07; ANET:-45.31; NOW:-30.35
Shadow report: 3420 shadow candidate(s), 301 rejection group(s)
Timings: account: 0.0s | risk: 1.0s | decide: 7.5s | watchlist: 0.1s | perf: 0.2s

=== Run at 2026-08-25T00:52:24.455340 ===
Build fingerprint: 4f68550affe5
Current time: 2026-08-24 08:52 PM EDT | Market open (per Alpaca): False | Session: CLOSED
Account value: $99,093.91
Cash: $79,453.81 | Holdings (3): {'GEHC': '0.6136 sh (+1.21%)', 'MS': '43.8344 sh (-2.74%)', 'MSI': '21.1281 sh (+2.51%)'}
Sector exposure (cached): Technology 10.3%, Financials 9.5%, Health Care 0.0%
Fill reconciliation: {'filled': 0, 'partial': 0, 'rejected': 1}
Open orders (1): MS sell 43.8344
Risk state: peak $99,703.60 | drawdown 0.61% | today +0.03% | halted: False
Market regime: BEARISH (position-size multiplier: 0% incl. circuit breaker 100%)
News: fetched 157, 0 new after dedup, 0 ticker(s) matched.
Quant pre-screen: 41/65 candidates passed.
Technical fallback (Gemini throttled/unavailable) proposed 8 trade(s) meeting the conviction bar.
Technical fallback cap omitted 15 weaker idea(s) this run.
Gemini calls used today (all models combined): 458
Market closed (overnight): queued 12 trade idea(s) for next-morning verification -- nothing submitted yet.
  -> queued NDAQ buy (conf 100, stop 94.82, tp 101.78)
  -> queued NWS buy (conf 100, stop 32.26, tp 35.35)
  -> queued IT buy (conf 92, stop 172.89, tp 230.0)
  -> queued GDDY buy (conf 89, stop 89.09, tp 101.8)
  -> queued GILD buy (conf 89, stop 145.16, tp 155.0)
  -> queued MSFT buy (conf 88, stop 475.0, tp 510.0)
  -> queued TGT buy (conf None, stop 146.41, tp 170.72)
  -> queued TRGP buy (conf 85, stop 265.44, tp 307.09)
  -> queued GIS buy (conf 82, stop 39.5, tp 42.5)
  -> queued UNP buy (conf None, stop 290.37, tp 310.5)
  -> queued SLB buy (conf None, stop 51.6, tp 54.49)
  -> queued SOLV buy (conf None, stop 82.415, tp 91.495)
Run budget reserve reached -- skipping dashboard watchlist sync.
Run budget reserve reached -- skipping performance snapshot.
Trade journal: all: 19 trades, 21% win rate, avg -2.19% | breakout: 1 trades, 0% win rate, avg -8.61% | other: 13 trades, 23% win rate, avg -1.93% | technical: 5 trades, 20% win rate, avg -1.58%
Self-learning: breakout: 1 trades, 0% win rate, avg -8.61% (LOSING) | other: 13 trades, 23% win rate, avg -1.93% (LOSING) | technical: 5 trades, 20% win rate, avg -1.58% (LOSING)
Performance: Total return +0.23% | Max drawdown 0.94% | Daily Sharpe 1.80 | 19 closed trades | Win rate 21% | Avg winner +1.83% | Avg loser -3.26% | Open positions: 3 | Equity $99,093.91
Engine P&L: legacy/unknown: realized $-1,705.68 (19 closed, 21% wins), unrealized $-15.82 (3 open) | Books: legacy: realized $-1,705.68, unrealized $-15.82
Reports: daily realized $+0.00; worst symbols none | weekly realized $-1,697.22; worst symbols HPE:-1286.89; COHR:-471.20; SNDK:-159.07; ANET:-45.31; NOW:-30.35
Shadow report: 3420 shadow candidate(s), 301 rejection group(s)
Timings: account: 0.0s | risk: 0.7s | decide: 24.0s | watchlist: 0.0s | perf: 0.0s

=== Run at 2026-08-25T00:54:24.415945 ===
Build fingerprint: 4f68550affe5
Current time: 2026-08-24 08:54 PM EDT | Market open (per Alpaca): False | Session: CLOSED
Account value: $99,093.91
Cash: $79,453.81 | Holdings (3): {'GEHC': '0.6136 sh (+1.21%)', 'MS': '43.8344 sh (-2.74%)', 'MSI': '21.1281 sh (+2.51%)'}
Sector exposure (cached): Technology 10.3%, Financials 9.5%, Health Care 0.0%
Fill reconciliation: {'filled': 0, 'partial': 0, 'rejected': 1}
Open orders (1): MS sell 43.8344
Risk state: peak $99,703.60 | drawdown 0.61% | today +0.03% | halted: False
Market regime: BEARISH (position-size multiplier: 0% incl. circuit breaker 100%)
News: fetched 157, 1 new after dedup, 0 ticker(s) matched.
Quant pre-screen: 41/65 candidates passed.
Technical fallback (Gemini throttled/unavailable) proposed 8 trade(s) meeting the conviction bar.
Technical fallback cap omitted 15 weaker idea(s) this run.
Gemini calls used today (all models combined): 458
Market closed (overnight): queued 12 trade idea(s) for next-morning verification -- nothing submitted yet.
  -> queued NDAQ buy (conf 100, stop 94.82, tp 101.78)
  -> queued NWS buy (conf 100, stop 32.26, tp 35.35)
  -> queued IT buy (conf 92, stop 172.89, tp 230.0)
  -> queued GDDY buy (conf 89, stop 89.09, tp 101.8)
  -> queued GILD buy (conf 89, stop 145.16, tp 155.0)
  -> queued MSFT buy (conf 88, stop 475.0, tp 510.0)
  -> queued TGT buy (conf None, stop 146.41, tp 170.72)
  -> queued TRGP buy (conf 85, stop 265.44, tp 307.09)
  -> queued GIS buy (conf 82, stop 39.5, tp 42.5)
  -> queued UNP buy (conf None, stop 290.37, tp 310.5)
  -> queued SLB buy (conf None, stop 51.6, tp 54.49)
  -> queued SOLV buy (conf None, stop 82.415, tp 91.495)
Run budget reserve reached -- skipping dashboard watchlist sync.
Run budget reserve reached -- skipping performance snapshot.
Trade journal: all: 19 trades, 21% win rate, avg -2.19% | breakout: 1 trades, 0% win rate, avg -8.61% | other: 13 trades, 23% win rate, avg -1.93% | technical: 5 trades, 20% win rate, avg -1.58%
Self-learning: breakout: 1 trades, 0% win rate, avg -8.61% (LOSING) | other: 13 trades, 23% win rate, avg -1.93% (LOSING) | technical: 5 trades, 20% win rate, avg -1.58% (LOSING)
Performance: Total return +0.23% | Max drawdown 0.94% | Daily Sharpe 1.80 | 19 closed trades | Win rate 21% | Avg winner +1.83% | Avg loser -3.26% | Open positions: 3 | Equity $99,093.91
Engine P&L: legacy/unknown: realized $-1,705.68 (19 closed, 21% wins), unrealized $-15.82 (3 open) | Books: legacy: realized $-1,705.68, unrealized $-15.82
Reports: daily realized $+0.00; worst symbols none | weekly realized $-1,697.22; worst symbols HPE:-1286.89; COHR:-471.20; SNDK:-159.07; ANET:-45.31; NOW:-30.35
Shadow report: 3420 shadow candidate(s), 301 rejection group(s)
Timings: account: 0.0s | risk: 0.2s | decide: 24.8s | watchlist: 0.0s | perf: 0.0s

=== Run at 2026-08-25T00:56:25.496556 ===
Build fingerprint: 4f68550affe5
Current time: 2026-08-24 08:56 PM EDT | Market open (per Alpaca): False | Session: CLOSED
Account value: $99,093.91
Cash: $79,453.81 | Holdings (3): {'GEHC': '0.6136 sh (+1.21%)', 'MS': '43.8344 sh (-2.74%)', 'MSI': '21.1281 sh (+2.51%)'}
Sector exposure (cached): Technology 10.3%, Financials 9.5%, Health Care 0.0%
Fill reconciliation: {'filled': 0, 'partial': 0, 'rejected': 1}
Open orders (1): MS sell 43.8344
Risk state: peak $99,703.60 | drawdown 0.61% | today +0.03% | halted: False
Market regime: BEARISH (position-size multiplier: 0% incl. circuit breaker 100%)
News: fetched 158, 1 new after dedup, 0 ticker(s) matched.
Quant pre-screen: 41/65 candidates passed.
Gemini proposed 3 trade(s) meeting the conviction bar.
Gemini calls used today (all models combined): 459
Market closed (overnight): queued 12 trade idea(s) for next-morning verification -- nothing submitted yet.
  -> queued NDAQ buy (conf 100, stop 94.82, tp 101.78)
  -> queued NWS buy (conf 100, stop 32.26, tp 35.35)
  -> queued IT buy (conf 92, stop 172.89, tp 230.0)
  -> queued GDDY buy (conf 89, stop 89.09, tp 101.8)
  -> queued GILD buy (conf 89, stop 145.16, tp 155.0)
  -> queued MSFT buy (conf 88, stop 475.0, tp 510.0)
  -> queued TGT buy (conf 95, stop 160.0, tp 180.0)
  -> queued TRGP buy (conf 85, stop 265.44, tp 307.09)
  -> queued GIS buy (conf 82, stop 39.5, tp 42.5)
  -> queued UNP buy (conf 96, stop 290.37, tp 325.0)
  -> queued SLB buy (conf 92, stop 51.6, tp 58.0)
  -> queued SOLV buy (conf None, stop 82.415, tp 91.495)
Dashboard watchlist synced (6 symbols) for news/headlines.
Ending portfolio value: $99,093.91
Trade journal: all: 19 trades, 21% win rate, avg -2.19% | breakout: 1 trades, 0% win rate, avg -8.61% | other: 13 trades, 23% win rate, avg -1.93% | technical: 5 trades, 20% win rate, avg -1.58%
Self-learning: breakout: 1 trades, 0% win rate, avg -8.61% (LOSING) | other: 13 trades, 23% win rate, avg -1.93% (LOSING) | technical: 5 trades, 20% win rate, avg -1.58% (LOSING)
Performance: Total return +0.23% | Max drawdown 0.94% | Daily Sharpe 1.80 | 19 closed trades | Win rate 21% | Avg winner +1.83% | Avg loser -3.26% | Open positions: 3 | Equity $99,093.91
Engine P&L: legacy/unknown: realized $-1,705.68 (19 closed, 21% wins), unrealized $-15.82 (3 open) | Books: legacy: realized $-1,705.68, unrealized $-15.82
Reports: daily realized $+0.00; worst symbols none | weekly realized $-1,697.22; worst symbols HPE:-1286.89; COHR:-471.20; SNDK:-159.07; ANET:-45.31; NOW:-30.35
Shadow report: 3420 shadow candidate(s), 301 rejection group(s)
Timings: account: 0.0s | risk: 0.2s | decide: 3.8s | watchlist: 0.0s | perf: 0.1s

=== Run at 2026-08-25T00:58:24.041889 ===
Build fingerprint: 4f68550affe5
Current time: 2026-08-24 08:58 PM EDT | Market open (per Alpaca): False | Session: CLOSED
Account value: $99,093.91
Cash: $79,453.81 | Holdings (3): {'GEHC': '0.6136 sh (+1.21%)', 'MS': '43.8344 sh (-2.74%)', 'MSI': '21.1281 sh (+2.51%)'}
Sector exposure (cached): Technology 10.3%, Financials 9.5%, Health Care 0.0%
Fill reconciliation: {'filled': 0, 'partial': 0, 'rejected': 1}
Open orders (1): MS sell 43.8344
Risk state: peak $99,703.60 | drawdown 0.61% | today +0.03% | halted: False
Market regime: BEARISH (position-size multiplier: 0% incl. circuit breaker 100%)
News: fetched 158, 0 new after dedup, 0 ticker(s) matched.
Quant pre-screen: 41/65 candidates passed.
Technical fallback (Gemini throttled/unavailable) proposed 8 trade(s) meeting the conviction bar.
Technical fallback cap omitted 15 weaker idea(s) this run.
Gemini calls used today (all models combined): 459
Market closed (overnight): queued 12 trade idea(s) for next-morning verification -- nothing submitted yet.
  -> queued NDAQ buy (conf 100, stop 94.82, tp 101.78)
  -> queued NWS buy (conf 100, stop 32.26, tp 35.35)
  -> queued IT buy (conf 92, stop 172.89, tp 230.0)
  -> queued GDDY buy (conf 89, stop 89.09, tp 101.8)
  -> queued GILD buy (conf 89, stop 145.16, tp 155.0)
  -> queued MSFT buy (conf 88, stop 475.0, tp 510.0)
  -> queued TGT buy (conf None, stop 146.41, tp 170.72)
  -> queued TRGP buy (conf 85, stop 265.44, tp 307.09)
  -> queued GIS buy (conf 82, stop 39.5, tp 42.5)
  -> queued UNP buy (conf None, stop 290.37, tp 310.5)
  -> queued SLB buy (conf None, stop 51.6, tp 54.49)
  -> queued SOLV buy (conf None, stop 82.415, tp 91.495)
Run budget reserve reached -- skipping dashboard watchlist sync.
Run budget reserve reached -- skipping performance snapshot.
Trade journal: all: 19 trades, 21% win rate, avg -2.19% | breakout: 1 trades, 0% win rate, avg -8.61% | other: 13 trades, 23% win rate, avg -1.93% | technical: 5 trades, 20% win rate, avg -1.58%
Self-learning: breakout: 1 trades, 0% win rate, avg -8.61% (LOSING) | other: 13 trades, 23% win rate, avg -1.93% (LOSING) | technical: 5 trades, 20% win rate, avg -1.58% (LOSING)
Performance: Total return +0.23% | Max drawdown 0.94% | Daily Sharpe 1.80 | 19 closed trades | Win rate 21% | Avg winner +1.83% | Avg loser -3.26% | Open positions: 3 | Equity $99,093.91
Engine P&L: legacy/unknown: realized $-1,705.68 (19 closed, 21% wins), unrealized $-15.82 (3 open) | Books: legacy: realized $-1,705.68, unrealized $-15.82
Reports: daily realized $+0.00; worst symbols none | weekly realized $-1,697.22; worst symbols HPE:-1286.89; COHR:-471.20; SNDK:-159.07; ANET:-45.31; NOW:-30.35
Shadow report: 3420 shadow candidate(s), 301 rejection group(s)
Timings: account: 0.0s | risk: 1.0s | decide: 23.6s | watchlist: 0.0s | perf: 0.0s

=== Run at 2026-08-25T01:00:43.317712 ===
Build fingerprint: 4f68550affe5
Current time: 2026-08-24 09:00 PM EDT | Market open (per Alpaca): False | Session: CLOSED
Account value: $99,093.91
Cash: $79,453.81 | Holdings (3): {'GEHC': '0.6136 sh (+1.21%)', 'MS': '43.8344 sh (-2.74%)', 'MSI': '21.1281 sh (+2.51%)'}
Sector exposure (cached): Technology 10.3%, Financials 9.5%, Health Care 0.0%
Fill reconciliation: {'filled': 0, 'partial': 0, 'rejected': 1}
Open orders (1): MS sell 43.8344
Risk state: peak $99,703.60 | drawdown 0.61% | today +0.03% | halted: False
Market regime: BEARISH (position-size multiplier: 0% incl. circuit breaker 100%)
News: fetched 158, 1 new after dedup, 0 ticker(s) matched.
Quant pre-screen: 13/17 candidates passed.
Technical fallback (Gemini throttled/unavailable) proposed 8 trade(s) meeting the conviction bar.
Technical fallback cap omitted 1 weaker idea(s) this run.
Gemini calls used today (all models combined): 459
Market closed (overnight): queued 12 trade idea(s) for next-morning verification -- nothing submitted yet.
  -> queued NDAQ buy (conf 100, stop 94.82, tp 101.78)
  -> queued NWS buy (conf 100, stop 32.26, tp 35.35)
  -> queued IT buy (conf 92, stop 172.89, tp 230.0)
  -> queued GDDY buy (conf 89, stop 89.09, tp 101.8)
  -> queued GILD buy (conf 89, stop 145.16, tp 155.0)
  -> queued MSFT buy (conf 88, stop 475.0, tp 510.0)
  -> queued TGT buy (conf None, stop 146.41, tp 170.72)
  -> queued GIS buy (conf 82, stop 39.5, tp 42.5)
  -> queued UNP buy (conf None, stop 290.37, tp 310.5)
  -> queued SLB buy (conf None, stop 51.6, tp 54.49)
  -> queued SOLV buy (conf None, stop 82.415, tp 91.495)
  -> queued SMCI buy (conf None, stop 30.92, tp 42.31)
Run budget reserve reached -- skipping dashboard watchlist sync.
Run budget reserve reached -- skipping performance snapshot.
Trade journal: all: 19 trades, 21% win rate, avg -2.19% | breakout: 1 trades, 0% win rate, avg -8.61% | other: 13 trades, 23% win rate, avg -1.93% | technical: 5 trades, 20% win rate, avg -1.58%
Self-learning: breakout: 1 trades, 0% win rate, avg -8.61% (LOSING) | other: 13 trades, 23% win rate, avg -1.93% (LOSING) | technical: 5 trades, 20% win rate, avg -1.58% (LOSING)
Performance: Total return +0.23% | Max drawdown 0.94% | Daily Sharpe 1.80 | 19 closed trades | Win rate 21% | Avg winner +1.83% | Avg loser -3.26% | Open positions: 3 | Equity $99,093.91
Engine P&L: legacy/unknown: realized $-1,705.68 (19 closed, 21% wins), unrealized $-15.82 (3 open) | Books: legacy: realized $-1,705.68, unrealized $-15.82
Reports: daily realized $+0.00; worst symbols none | weekly realized $-1,697.22; worst symbols HPE:-1286.89; COHR:-471.20; SNDK:-159.07; ANET:-45.31; NOW:-30.35
Shadow report: 3420 shadow candidate(s), 301 rejection group(s)
Timings: account: 0.0s | risk: 1.3s | decide: 23.2s | watchlist: 0.0s | perf: 0.0s

=== Run at 2026-08-25T01:02:27.933236 ===
Build fingerprint: 4f68550affe5
Current time: 2026-08-24 09:02 PM EDT | Market open (per Alpaca): False | Session: CLOSED
Account value: $99,093.91
Cash: $79,453.81 | Holdings (3): {'GEHC': '0.6136 sh (+1.21%)', 'MS': '43.8344 sh (-2.74%)', 'MSI': '21.1281 sh (+2.51%)'}
Sector exposure (cached): Technology 10.3%, Financials 9.5%, Health Care 0.0%
Fill reconciliation: {'filled': 0, 'partial': 0, 'rejected': 1}
Open orders (1): MS sell 43.8344
Risk state: peak $99,703.60 | drawdown 0.61% | today +0.03% | halted: False
Market regime: BEARISH (position-size multiplier: 0% incl. circuit breaker 100%)
News: fetched 158, 0 new after dedup, 0 ticker(s) matched.
Quant pre-screen: 21/29 candidates passed.
Gemini proposed 3 trade(s) meeting the conviction bar.
Gemini calls used today (all models combined): 460
Market closed (overnight): queued 12 trade idea(s) for next-morning verification -- nothing submitted yet.
  -> queued NDAQ buy (conf 100, stop 94.82, tp 101.78)
  -> queued NWS buy (conf 100, stop 32.26, tp 35.35)
  -> queued IT buy (conf 92, stop 172.89, tp 230.0)
  -> queued GDDY buy (conf 89, stop 89.09, tp 101.8)
  -> queued GILD buy (conf 89, stop 145.16, tp 155.0)
  -> queued MSFT buy (conf 88, stop 475.0, tp 510.0)
  -> queued TGT buy (conf 95, stop 165.78, tp 175.5)
  -> queued GIS buy (conf 82, stop 39.5, tp 42.5)
  -> queued UNP buy (conf None, stop 290.37, tp 310.5)
  -> queued SLB buy (conf 92, stop 52.5, tp 57.5)
  -> queued SOLV buy (conf 88, stop 88.5, tp 95.0)
  -> queued SMCI buy (conf None, stop 30.92, tp 42.31)
Dashboard watchlist synced (6 symbols) for news/headlines.
Ending portfolio value: $99,093.91
Trade journal: all: 19 trades, 21% win rate, avg -2.19% | breakout: 1 trades, 0% win rate, avg -8.61% | other: 13 trades, 23% win rate, avg -1.93% | technical: 5 trades, 20% win rate, avg -1.58%
Self-learning: breakout: 1 trades, 0% win rate, avg -8.61% (LOSING) | other: 13 trades, 23% win rate, avg -1.93% (LOSING) | technical: 5 trades, 20% win rate, avg -1.58% (LOSING)
Performance: Total return +0.23% | Max drawdown 0.94% | Daily Sharpe 1.80 | 19 closed trades | Win rate 21% | Avg winner +1.83% | Avg loser -3.26% | Open positions: 3 | Equity $99,093.91
Engine P&L: legacy/unknown: realized $-1,705.68 (19 closed, 21% wins), unrealized $-15.82 (3 open) | Books: legacy: realized $-1,705.68, unrealized $-15.82
Reports: daily realized $+0.00; worst symbols none | weekly realized $-1,697.22; worst symbols HPE:-1286.89; COHR:-471.20; SNDK:-159.07; ANET:-45.31; NOW:-30.35
Shadow report: 3420 shadow candidate(s), 301 rejection group(s)
Timings: account: 0.0s | risk: 0.4s | decide: 6.4s | watchlist: 0.1s | perf: 0.1s

=== Run at 2026-08-25T01:04:26.139321 ===
Build fingerprint: 4f68550affe5
Current time: 2026-08-24 09:04 PM EDT | Market open (per Alpaca): False | Session: CLOSED
Account value: $99,093.91
Cash: $79,453.81 | Holdings (3): {'GEHC': '0.6136 sh (+1.21%)', 'MS': '43.8344 sh (-2.74%)', 'MSI': '21.1281 sh (+2.51%)'}
Sector exposure (cached): Technology 10.3%, Financials 9.5%, Health Care 0.0%
Fill reconciliation: {'filled': 0, 'partial': 0, 'rejected': 1}
Open orders (1): MS sell 43.8344
Risk state: peak $99,703.60 | drawdown 0.61% | today +0.03% | halted: False
Market regime: BEARISH (position-size multiplier: 0% incl. circuit breaker 100%)
News: fetched 158, 0 new after dedup, 0 ticker(s) matched.
Quant pre-screen: 28/41 candidates passed.
Technical fallback (Gemini throttled/unavailable) proposed 8 trade(s) meeting the conviction bar.
Technical fallback cap omitted 8 weaker idea(s) this run.
Gemini calls used today (all models combined): 460
Market closed (overnight): queued 12 trade idea(s) for next-morning verification -- nothing submitted yet.
  -> queued NDAQ buy (conf 100, stop 94.82, tp 101.78)
  -> queued NWS buy (conf 100, stop 32.26, tp 35.35)
  -> queued IT buy (conf 92, stop 172.89, tp 230.0)
  -> queued GDDY buy (conf 89, stop 89.09, tp 101.8)
  -> queued GILD buy (conf 89, stop 145.16, tp 155.0)
  -> queued MSFT buy (conf 88, stop 475.0, tp 510.0)
  -> queued TGT buy (conf None, stop 146.41, tp 170.72)
  -> queued GIS buy (conf 82, stop 39.5, tp 42.5)
  -> queued UNP buy (conf None, stop 290.37, tp 310.5)
  -> queued SLB buy (conf None, stop 51.6, tp 54.49)
  -> queued SOLV buy (conf None, stop 82.415, tp 91.495)
  -> queued SMCI buy (conf None, stop 30.92, tp 42.31)
Run budget reserve reached -- skipping dashboard watchlist sync.
Run budget reserve reached -- skipping performance snapshot.
Trade journal: all: 19 trades, 21% win rate, avg -2.19% | breakout: 1 trades, 0% win rate, avg -8.61% | other: 13 trades, 23% win rate, avg -1.93% | technical: 5 trades, 20% win rate, avg -1.58%
Self-learning: breakout: 1 trades, 0% win rate, avg -8.61% (LOSING) | other: 13 trades, 23% win rate, avg -1.93% (LOSING) | technical: 5 trades, 20% win rate, avg -1.58% (LOSING)
Performance: Total return +0.23% | Max drawdown 0.94% | Daily Sharpe 1.80 | 19 closed trades | Win rate 21% | Avg winner +1.83% | Avg loser -3.26% | Open positions: 3 | Equity $99,093.91
Engine P&L: legacy/unknown: realized $-1,705.68 (19 closed, 21% wins), unrealized $-15.82 (3 open) | Books: legacy: realized $-1,705.68, unrealized $-15.82
Reports: daily realized $+0.00; worst symbols none | weekly realized $-1,697.22; worst symbols HPE:-1286.89; COHR:-471.20; SNDK:-159.07; ANET:-45.31; NOW:-30.35
Shadow report: 3420 shadow candidate(s), 301 rejection group(s)
Timings: account: 0.0s | risk: 1.0s | decide: 23.5s | watchlist: 0.0s | perf: 0.0s

=== Run at 2026-08-25T01:06:27.743468 ===
Build fingerprint: 4f68550affe5
Current time: 2026-08-24 09:06 PM EDT | Market open (per Alpaca): False | Session: CLOSED
Account value: $99,093.91
Cash: $79,453.81 | Holdings (3): {'GEHC': '0.6136 sh (+1.21%)', 'MS': '43.8344 sh (-2.74%)', 'MSI': '21.1281 sh (+2.51%)'}
Sector exposure (cached): Technology 10.3%, Financials 9.5%, Health Care 0.0%
Fill reconciliation: {'filled': 0, 'partial': 0, 'rejected': 1}
Open orders (1): MS sell 43.8344
Risk state: peak $99,703.60 | drawdown 0.61% | today +0.03% | halted: False
Market regime: BEARISH (position-size multiplier: 0% incl. circuit breaker 100%)
News: fetched 157, 1 new after dedup, 0 ticker(s) matched.
Quant pre-screen: 34/53 candidates passed.
Gemini proposed 3 trade(s) meeting the conviction bar.
Gemini calls used today (all models combined): 461
Market closed (overnight): queued 12 trade idea(s) for next-morning verification -- nothing submitted yet.
  -> queued NDAQ buy (conf 100, stop 94.82, tp 101.78)
  -> queued NWS buy (conf 100, stop 32.26, tp 35.35)
  -> queued IT buy (conf 92, stop 172.89, tp 230.0)
  -> queued GDDY buy (conf 89, stop 89.09, tp 101.8)
  -> queued GILD buy (conf 89, stop 145.16, tp 155.0)
  -> queued MSFT buy (conf 88, stop 475.0, tp 510.0)
  -> queued TGT buy (conf 95, stop 165.0, tp 175.5)
  -> queued GIS buy (conf 82, stop 39.5, tp 42.5)
  -> queued UNP buy (conf None, stop 290.37, tp 310.5)
  -> queued SLB buy (conf 92, stop 52.5, tp 57.5)
  -> queued SOLV buy (conf 88, stop 88.5, tp 95.0)
  -> queued SMCI buy (conf None, stop 30.92, tp 42.31)
Dashboard watchlist synced (6 symbols) for news/headlines.
Ending portfolio value: $99,093.91
Trade journal: all: 19 trades, 21% win rate, avg -2.19% | breakout: 1 trades, 0% win rate, avg -8.61% | other: 13 trades, 23% win rate, avg -1.93% | technical: 5 trades, 20% win rate, avg -1.58%
Self-learning: breakout: 1 trades, 0% win rate, avg -8.61% (LOSING) | other: 13 trades, 23% win rate, avg -1.93% (LOSING) | technical: 5 trades, 20% win rate, avg -1.58% (LOSING)
Performance: Total return +0.23% | Max drawdown 0.94% | Daily Sharpe 1.80 | 19 closed trades | Win rate 21% | Avg winner +1.83% | Avg loser -3.26% | Open positions: 3 | Equity $99,093.91
Engine P&L: legacy/unknown: realized $-1,705.68 (19 closed, 21% wins), unrealized $-15.82 (3 open) | Books: legacy: realized $-1,705.68, unrealized $-15.82
Reports: daily realized $+0.00; worst symbols none | weekly realized $-1,697.22; worst symbols HPE:-1286.89; COHR:-471.20; SNDK:-159.07; ANET:-45.31; NOW:-30.35
Shadow report: 3420 shadow candidate(s), 301 rejection group(s)
Timings: account: 0.0s | risk: 0.7s | decide: 7.8s | watchlist: 0.1s | perf: 0.1s

=== Run at 2026-08-25T01:08:25.853778 ===
Build fingerprint: 4f68550affe5
Current time: 2026-08-24 09:08 PM EDT | Market open (per Alpaca): False | Session: CLOSED
Account value: $99,093.91
Cash: $79,453.81 | Holdings (3): {'GEHC': '0.6136 sh (+1.21%)', 'MS': '43.8344 sh (-2.74%)', 'MSI': '21.1281 sh (+2.51%)'}
Sector exposure (cached): Technology 10.3%, Financials 9.5%, Health Care 0.0%
Fill reconciliation: {'filled': 0, 'partial': 0, 'rejected': 1}
Open orders (1): MS sell 43.8344
Risk state: peak $99,703.60 | drawdown 0.61% | today +0.03% | halted: False
Market regime: BEARISH (position-size multiplier: 0% incl. circuit breaker 100%)
News: fetched 158, 0 new after dedup, 0 ticker(s) matched.
Quant pre-screen: 40/65 candidates passed.
Gemini proposed 3 trade(s) meeting the conviction bar.
Gemini calls used today (all models combined): 462
Market closed (overnight): queued 12 trade idea(s) for next-morning verification -- nothing submitted yet.
  -> queued NDAQ buy (conf 100, stop 94.82, tp 101.78)
  -> queued NWS buy (conf 100, stop 32.26, tp 35.35)
  -> queued UNP buy (conf 96, stop 290.37, tp 325.0)
  -> queued TGT buy (conf 95, stop 160.0, tp 180.0)
  -> queued IT buy (conf 92, stop 172.89, tp 230.0)
  -> queued SLB buy (conf 92, stop 52.5, tp 57.5)
  -> queued GDDY buy (conf 89, stop 89.09, tp 101.8)
  -> queued GILD buy (conf 89, stop 145.16, tp 155.0)
  -> queued MSFT buy (conf 88, stop 475.0, tp 510.0)
  -> queued SOLV buy (conf 88, stop 88.5, tp 95.0)
  -> queued TRGP buy (conf 85, stop 265.44, tp 315.0)
  -> queued GIS buy (conf 82, stop 39.5, tp 42.5)
Dashboard watchlist synced (6 symbols) for news/headlines.
Ending portfolio value: $99,093.91
Trade journal: all: 19 trades, 21% win rate, avg -2.19% | breakout: 1 trades, 0% win rate, avg -8.61% | other: 13 trades, 23% win rate, avg -1.93% | technical: 5 trades, 20% win rate, avg -1.58%
Self-learning: breakout: 1 trades, 0% win rate, avg -8.61% (LOSING) | other: 13 trades, 23% win rate, avg -1.93% (LOSING) | technical: 5 trades, 20% win rate, avg -1.58% (LOSING)
Performance: Total return +0.23% | Max drawdown 0.94% | Daily Sharpe 1.80 | 19 closed trades | Win rate 21% | Avg winner +1.83% | Avg loser -3.26% | Open positions: 3 | Equity $99,093.91
Engine P&L: legacy/unknown: realized $-1,705.68 (19 closed, 21% wins), unrealized $-15.82 (3 open) | Books: legacy: realized $-1,705.68, unrealized $-15.82
Reports: daily realized $+0.00; worst symbols none | weekly realized $-1,697.22; worst symbols HPE:-1286.89; COHR:-471.20; SNDK:-159.07; ANET:-45.31; NOW:-30.35
Shadow report: 3420 shadow candidate(s), 301 rejection group(s)
Timings: account: 0.0s | risk: 1.0s | decide: 14.4s | watchlist: 0.1s | perf: 0.1s

=== Run at 2026-08-25T01:10:27.307461 ===
Build fingerprint: 4f68550affe5
Current time: 2026-08-24 09:10 PM EDT | Market open (per Alpaca): False | Session: CLOSED
Account value: $99,093.91
Cash: $79,453.81 | Holdings (3): {'GEHC': '0.6136 sh (+1.21%)', 'MS': '43.8344 sh (-2.74%)', 'MSI': '21.1281 sh (+2.51%)'}
Sector exposure (cached): Technology 10.3%, Financials 9.5%, Health Care 0.0%
Fill reconciliation: {'filled': 0, 'partial': 0, 'rejected': 1}
Open orders (1): MS sell 43.8344
Risk state: peak $99,703.60 | drawdown 0.61% | today +0.03% | halted: False
Market regime: BEARISH (position-size multiplier: 0% incl. circuit breaker 100%)
News: fetched 157, 0 new after dedup, 0 ticker(s) matched.
Quant pre-screen: 40/65 candidates passed.
Gemini proposed 3 trade(s) meeting the conviction bar.
Gemini calls used today (all models combined): 463
Market closed (overnight): queued 12 trade idea(s) for next-morning verification -- nothing submitted yet.
  -> queued NDAQ buy (conf 100, stop 94.82, tp 101.78)
  -> queued NWS buy (conf 100, stop 32.26, tp 35.35)
  -> queued UNP buy (conf 92, stop 290.37, tp 315.51)
  -> queued TGT buy (conf 88, stop 146.41, tp 170.72)
  -> queued IT buy (conf 92, stop 172.89, tp 230.0)
  -> queued SLB buy (conf 85, stop 51.6, tp 58.81)
  -> queued GDDY buy (conf 89, stop 89.09, tp 101.8)
  -> queued GILD buy (conf 89, stop 145.16, tp 155.0)
  -> queued MSFT buy (conf 88, stop 475.0, tp 510.0)
  -> queued SOLV buy (conf 88, stop 88.5, tp 95.0)
  -> queued TRGP buy (conf 85, stop 265.44, tp 315.0)
  -> queued GIS buy (conf 82, stop 39.5, tp 42.5)
Dashboard watchlist synced (6 symbols) for news/headlines.
Ending portfolio value: $99,093.91
Trade journal: all: 19 trades, 21% win rate, avg -2.19% | breakout: 1 trades, 0% win rate, avg -8.61% | other: 13 trades, 23% win rate, avg -1.93% | technical: 5 trades, 20% win rate, avg -1.58%
Self-learning: breakout: 1 trades, 0% win rate, avg -8.61% (LOSING) | other: 13 trades, 23% win rate, avg -1.93% (LOSING) | technical: 5 trades, 20% win rate, avg -1.58% (LOSING)
Performance: Total return +0.23% | Max drawdown 0.94% | Daily Sharpe 1.80 | 19 closed trades | Win rate 21% | Avg winner +1.83% | Avg loser -3.26% | Open positions: 3 | Equity $99,093.91
Engine P&L: legacy/unknown: realized $-1,705.68 (19 closed, 21% wins), unrealized $-15.82 (3 open) | Books: legacy: realized $-1,705.68, unrealized $-15.82
Reports: daily realized $+0.00; worst symbols none | weekly realized $-1,697.22; worst symbols HPE:-1286.89; COHR:-471.20; SNDK:-159.07; ANET:-45.31; NOW:-30.35
Shadow report: 3420 shadow candidate(s), 301 rejection group(s)
Timings: account: 0.0s | risk: 0.4s | decide: 3.5s | watchlist: 0.0s | perf: 0.1s

=== Run at 2026-08-25T01:12:28.518101 ===
Build fingerprint: 4f68550affe5
Current time: 2026-08-24 09:12 PM EDT | Market open (per Alpaca): False | Session: CLOSED
Account value: $99,093.91
Cash: $79,453.81 | Holdings (3): {'GEHC': '0.6136 sh (+1.21%)', 'MS': '43.8344 sh (-2.74%)', 'MSI': '21.1281 sh (+2.51%)'}
Sector exposure (cached): Technology 10.3%, Financials 9.5%, Health Care 0.0%
Fill reconciliation: {'filled': 0, 'partial': 0, 'rejected': 1}
Open orders (1): MS sell 43.8344
Risk state: peak $99,703.60 | drawdown 0.61% | today +0.03% | halted: False
Market regime: BEARISH (position-size multiplier: 0% incl. circuit breaker 100%)
News: fetched 158, 1 new after dedup, 0 ticker(s) matched.
Quant pre-screen: 40/65 candidates passed.
Gemini proposed 3 trade(s) meeting the conviction bar.
Gemini calls used today (all models combined): 464
Market closed (overnight): queued 12 trade idea(s) for next-morning verification -- nothing submitted yet.
  -> queued NDAQ buy (conf 100, stop 94.82, tp 101.78)
  -> queued NWS buy (conf 100, stop 32.26, tp 35.35)
  -> queued UNP buy (conf 96, stop 302.0, tp 325.0)
  -> queued TGT buy (conf 99, stop 164.5, tp 178.0)
  -> queued IT buy (conf 92, stop 172.89, tp 230.0)
  -> queued SLB buy (conf 94, stop 51.5, tp 58.0)
  -> queued GDDY buy (conf 89, stop 89.09, tp 101.8)
  -> queued GILD buy (conf 89, stop 145.16, tp 155.0)
  -> queued MSFT buy (conf 88, stop 475.0, tp 510.0)
  -> queued SOLV buy (conf 88, stop 88.5, tp 95.0)
  -> queued TRGP buy (conf 85, stop 265.44, tp 315.0)
  -> queued GIS buy (conf 82, stop 39.5, tp 42.5)
Dashboard watchlist synced (6 symbols) for news/headlines.
Ending portfolio value: $99,093.91
Trade journal: all: 19 trades, 21% win rate, avg -2.19% | breakout: 1 trades, 0% win rate, avg -8.61% | other: 13 trades, 23% win rate, avg -1.93% | technical: 5 trades, 20% win rate, avg -1.58%
Self-learning: breakout: 1 trades, 0% win rate, avg -8.61% (LOSING) | other: 13 trades, 23% win rate, avg -1.93% (LOSING) | technical: 5 trades, 20% win rate, avg -1.58% (LOSING)
Performance: Total return +0.23% | Max drawdown 0.94% | Daily Sharpe 1.80 | 19 closed trades | Win rate 21% | Avg winner +1.83% | Avg loser -3.26% | Open positions: 3 | Equity $99,093.91
Engine P&L: legacy/unknown: realized $-1,705.68 (19 closed, 21% wins), unrealized $-15.82 (3 open) | Books: legacy: realized $-1,705.68, unrealized $-15.82
Reports: daily realized $+0.00; worst symbols none | weekly realized $-1,697.22; worst symbols HPE:-1286.89; COHR:-471.20; SNDK:-159.07; ANET:-45.31; NOW:-30.35
Shadow report: 3420 shadow candidate(s), 301 rejection group(s)
Timings: account: 0.0s | risk: 1.1s | decide: 10.2s | watchlist: 0.1s | perf: 0.2s

=== Run at 2026-08-25T01:14:29.804586 ===
Build fingerprint: 4f68550affe5
Current time: 2026-08-24 09:14 PM EDT | Market open (per Alpaca): False | Session: CLOSED
Account value: $99,093.91
Cash: $79,453.81 | Holdings (3): {'GEHC': '0.6136 sh (+1.21%)', 'MS': '43.8344 sh (-2.74%)', 'MSI': '21.1281 sh (+2.51%)'}
Sector exposure (cached): Technology 10.3%, Financials 9.5%, Health Care 0.0%
Fill reconciliation: {'filled': 0, 'partial': 0, 'rejected': 1}
Open orders (1): MS sell 43.8344
Risk state: peak $99,703.60 | drawdown 0.61% | today +0.03% | halted: False
Market regime: BEARISH (position-size multiplier: 0% incl. circuit breaker 100%)
News: fetched 157, 0 new after dedup, 0 ticker(s) matched.
Quant pre-screen: 40/65 candidates passed.
Gemini proposed 3 trade(s) meeting the conviction bar.
Gemini calls used today (all models combined): 465
Market closed (overnight): queued 12 trade idea(s) for next-morning verification -- nothing submitted yet.
  -> queued NDAQ buy (conf 100, stop 94.82, tp 101.78)
  -> queued NWS buy (conf 100, stop 32.26, tp 35.35)
  -> queued TGT buy (conf 99, stop 164.5, tp 178.0)
  -> queued UNP buy (conf 96, stop 290.37, tp 315.51)
  -> queued SLB buy (conf 94, stop 51.6, tp 58.81)
  -> queued TYL buy (conf 94, stop 311.25, tp 359.77)
  -> queued IT buy (conf 92, stop 172.89, tp 230.0)
  -> queued GDDY buy (conf 89, stop 89.09, tp 101.8)
  -> queued GILD buy (conf 89, stop 145.16, tp 155.0)
  -> queued MSFT buy (conf 88, stop 475.0, tp 510.0)
  -> queued SOLV buy (conf 88, stop 88.5, tp 95.0)
  -> queued TRGP buy (conf 85, stop 265.44, tp 315.0)
Dashboard watchlist synced (6 symbols) for news/headlines.
Ending portfolio value: $99,093.91
Trade journal: all: 19 trades, 21% win rate, avg -2.19% | breakout: 1 trades, 0% win rate, avg -8.61% | other: 13 trades, 23% win rate, avg -1.93% | technical: 5 trades, 20% win rate, avg -1.58%
Self-learning: breakout: 1 trades, 0% win rate, avg -8.61% (LOSING) | other: 13 trades, 23% win rate, avg -1.93% (LOSING) | technical: 5 trades, 20% win rate, avg -1.58% (LOSING)
Performance: Total return +0.23% | Max drawdown 0.94% | Daily Sharpe 1.80 | 19 closed trades | Win rate 21% | Avg winner +1.83% | Avg loser -3.26% | Open positions: 3 | Equity $99,093.91
Engine P&L: legacy/unknown: realized $-1,705.68 (19 closed, 21% wins), unrealized $-15.82 (3 open) | Books: legacy: realized $-1,705.68, unrealized $-15.82
Reports: daily realized $+0.00; worst symbols none | weekly realized $-1,697.22; worst symbols HPE:-1286.89; COHR:-471.20; SNDK:-159.07; ANET:-45.31; NOW:-30.35
Shadow report: 3420 shadow candidate(s), 301 rejection group(s)
Timings: account: 0.0s | risk: 1.0s | decide: 7.8s | watchlist: 0.1s | perf: 0.1s

=== Run at 2026-08-25T01:16:29.337106 ===
Build fingerprint: 4f68550affe5
Current time: 2026-08-24 09:16 PM EDT | Market open (per Alpaca): False | Session: CLOSED
Account value: $99,093.91
Cash: $79,453.81 | Holdings (3): {'GEHC': '0.6136 sh (+1.21%)', 'MS': '43.8344 sh (-2.74%)', 'MSI': '21.1281 sh (+2.51%)'}
Sector exposure (cached): Technology 10.3%, Financials 9.5%, Health Care 0.0%
Fill reconciliation: {'filled': 0, 'partial': 0, 'rejected': 1}
Open orders (1): MS sell 43.8344
Risk state: peak $99,703.60 | drawdown 0.61% | today +0.03% | halted: False
Market regime: BEARISH (position-size multiplier: 0% incl. circuit breaker 100%)
News: fetched 158, 1 new after dedup, 0 ticker(s) matched.
Quant pre-screen: 40/65 candidates passed.
Technical fallback (Gemini throttled/unavailable) proposed 8 trade(s) meeting the conviction bar.
Technical fallback cap omitted 14 weaker idea(s) this run.
Gemini calls used today (all models combined): 465
Market closed (overnight): queued 12 trade idea(s) for next-morning verification -- nothing submitted yet.
  -> queued NDAQ buy (conf 100, stop 94.82, tp 101.78)
  -> queued NWS buy (conf 100, stop 32.26, tp 35.35)
  -> queued IT buy (conf 92, stop 172.89, tp 230.0)
  -> queued GDDY buy (conf 89, stop 89.09, tp 101.8)
  -> queued GILD buy (conf 89, stop 145.16, tp 155.0)
  -> queued MSFT buy (conf 88, stop 475.0, tp 510.0)
  -> queued TGT buy (conf None, stop 146.41, tp 170.72)
  -> queued TRGP buy (conf 85, stop 265.44, tp 315.0)
  -> queued UNP buy (conf None, stop 290.37, tp 310.5)
  -> queued SLB buy (conf None, stop 51.6, tp 54.49)
  -> queued TYL buy (conf None, stop 311.245, tp 359.77)
  -> queued SOLV buy (conf None, stop 82.415, tp 91.495)
Run budget reserve reached -- skipping dashboard watchlist sync.
Run budget reserve reached -- skipping performance snapshot.
Trade journal: all: 19 trades, 21% win rate, avg -2.19% | breakout: 1 trades, 0% win rate, avg -8.61% | other: 13 trades, 23% win rate, avg -1.93% | technical: 5 trades, 20% win rate, avg -1.58%
Self-learning: breakout: 1 trades, 0% win rate, avg -8.61% (LOSING) | other: 13 trades, 23% win rate, avg -1.93% (LOSING) | technical: 5 trades, 20% win rate, avg -1.58% (LOSING)
Performance: Total return +0.23% | Max drawdown 0.94% | Daily Sharpe 1.80 | 19 closed trades | Win rate 21% | Avg winner +1.83% | Avg loser -3.26% | Open positions: 3 | Equity $99,093.91
Engine P&L: legacy/unknown: realized $-1,705.68 (19 closed, 21% wins), unrealized $-15.82 (3 open) | Books: legacy: realized $-1,705.68, unrealized $-15.82
Reports: daily realized $+0.00; worst symbols none | weekly realized $-1,697.22; worst symbols HPE:-1286.89; COHR:-471.20; SNDK:-159.07; ANET:-45.31; NOW:-30.35
Shadow report: 3420 shadow candidate(s), 301 rejection group(s)
Timings: account: 0.0s | risk: 1.5s | decide: 23.0s | watchlist: 0.0s | perf: 0.0s

=== Run at 2026-08-25T01:18:27.396618 ===
Build fingerprint: 4f68550affe5
Current time: 2026-08-24 09:18 PM EDT | Market open (per Alpaca): False | Session: CLOSED
Account value: $99,093.91
Cash: $79,453.81 | Holdings (3): {'GEHC': '0.6136 sh (+1.21%)', 'MS': '43.8344 sh (-2.74%)', 'MSI': '21.1281 sh (+2.51%)'}
Sector exposure (cached): Technology 10.3%, Financials 9.5%, Health Care 0.0%
Fill reconciliation: {'filled': 0, 'partial': 0, 'rejected': 1}
Open orders (1): MS sell 43.8344
Risk state: peak $99,703.60 | drawdown 0.61% | today +0.03% | halted: False
Market regime: BEARISH (position-size multiplier: 0% incl. circuit breaker 100%)
News: fetched 158, 1 new after dedup, 0 ticker(s) matched.
Quant pre-screen: 40/65 candidates passed.
Gemini proposed 3 trade(s) meeting the conviction bar.
Gemini calls used today (all models combined): 466
Market closed (overnight): queued 12 trade idea(s) for next-morning verification -- nothing submitted yet.
  -> queued NDAQ buy (conf 100, stop 94.82, tp 101.78)
  -> queued NWS buy (conf 100, stop 32.26, tp 35.35)
  -> queued IT buy (conf 92, stop 172.89, tp 230.0)
  -> queued GDDY buy (conf 89, stop 89.09, tp 101.8)
  -> queued GILD buy (conf 89, stop 145.16, tp 155.0)
  -> queued MSFT buy (conf 88, stop 475.0, tp 510.0)
  -> queued TGT buy (conf 95, stop 164.5, tp 178.0)
  -> queued TRGP buy (conf 85, stop 265.44, tp 315.0)
  -> queued UNP buy (conf 92, stop 302.0, tp 322.0)
  -> queued SLB buy (conf 88, stop 52.5, tp 57.5)
  -> queued TYL buy (conf None, stop 311.245, tp 359.77)
  -> queued SOLV buy (conf None, stop 82.415, tp 91.495)
Dashboard watchlist synced (6 symbols) for news/headlines.
Ending portfolio value: $99,093.91
Trade journal: all: 19 trades, 21% win rate, avg -2.19% | breakout: 1 trades, 0% win rate, avg -8.61% | other: 13 trades, 23% win rate, avg -1.93% | technical: 5 trades, 20% win rate, avg -1.58%
Self-learning: breakout: 1 trades, 0% win rate, avg -8.61% (LOSING) | other: 13 trades, 23% win rate, avg -1.93% (LOSING) | technical: 5 trades, 20% win rate, avg -1.58% (LOSING)
Performance: Total return +0.23% | Max drawdown 0.94% | Daily Sharpe 1.80 | 19 closed trades | Win rate 21% | Avg winner +1.83% | Avg loser -3.26% | Open positions: 3 | Equity $99,093.91
Engine P&L: legacy/unknown: realized $-1,705.68 (19 closed, 21% wins), unrealized $-15.82 (3 open) | Books: legacy: realized $-1,705.68, unrealized $-15.82
Reports: daily realized $+0.00; worst symbols none | weekly realized $-1,697.22; worst symbols HPE:-1286.89; COHR:-471.20; SNDK:-159.07; ANET:-45.31; NOW:-30.35
Shadow report: 3420 shadow candidate(s), 301 rejection group(s)
Timings: account: 0.0s | risk: 0.3s | decide: 3.7s | watchlist: 0.0s | perf: 0.1s

=== Run at 2026-08-25T01:20:30.687491 ===
Build fingerprint: 4f68550affe5
Current time: 2026-08-24 09:20 PM EDT | Market open (per Alpaca): False | Session: CLOSED
Account value: $99,093.91
Cash: $79,453.81 | Holdings (3): {'GEHC': '0.6136 sh (+1.21%)', 'MS': '43.8344 sh (-2.74%)', 'MSI': '21.1281 sh (+2.51%)'}
Sector exposure (cached): Technology 10.3%, Financials 9.5%, Health Care 0.0%
Fill reconciliation: {'filled': 0, 'partial': 0, 'rejected': 1}
Open orders (1): MS sell 43.8344
Risk state: peak $99,703.60 | drawdown 0.61% | today +0.03% | halted: False
Market regime: BEARISH (position-size multiplier: 0% incl. circuit breaker 100%)
News: fetched 157, 2 new after dedup, 0 ticker(s) matched.
Quant pre-screen: 40/65 candidates passed.
Gemini proposed 3 trade(s) meeting the conviction bar.
Gemini calls used today (all models combined): 467
Market closed (overnight): queued 12 trade idea(s) for next-morning verification -- nothing submitted yet.
  -> queued NDAQ buy (conf 100, stop 94.82, tp 101.78)
  -> queued NWS buy (conf 100, stop 32.26, tp 35.35)
  -> queued IT buy (conf 92, stop 172.89, tp 230.0)
  -> queued GDDY buy (conf 89, stop 89.09, tp 101.8)
  -> queued GILD buy (conf 89, stop 145.16, tp 155.0)
  -> queued MSFT buy (conf 88, stop 475.0, tp 510.0)
  -> queued TGT buy (conf 95, stop 160.0, tp 180.0)
  -> queued TRGP buy (conf 85, stop 265.44, tp 315.0)
  -> queued UNP buy (conf 96, stop 290.37, tp 325.0)
  -> queued SLB buy (conf 92, stop 51.6, tp 58.0)
  -> queued TYL buy (conf None, stop 311.245, tp 359.77)
  -> queued SOLV buy (conf None, stop 82.415, tp 91.495)
Dashboard watchlist synced (6 symbols) for news/headlines.
Ending portfolio value: $99,093.91
Trade journal: all: 19 trades, 21% win rate, avg -2.19% | breakout: 1 trades, 0% win rate, avg -8.61% | other: 13 trades, 23% win rate, avg -1.93% | technical: 5 trades, 20% win rate, avg -1.58%
Self-learning: breakout: 1 trades, 0% win rate, avg -8.61% (LOSING) | other: 13 trades, 23% win rate, avg -1.93% (LOSING) | technical: 5 trades, 20% win rate, avg -1.58% (LOSING)
Performance: Total return +0.23% | Max drawdown 0.94% | Daily Sharpe 1.80 | 19 closed trades | Win rate 21% | Avg winner +1.83% | Avg loser -3.26% | Open positions: 3 | Equity $99,093.91
Engine P&L: legacy/unknown: realized $-1,705.68 (19 closed, 21% wins), unrealized $-15.82 (3 open) | Books: legacy: realized $-1,705.68, unrealized $-15.82
Reports: daily realized $+0.00; worst symbols none | weekly realized $-1,697.22; worst symbols HPE:-1286.89; COHR:-471.20; SNDK:-159.07; ANET:-45.31; NOW:-30.35
Shadow report: 3420 shadow candidate(s), 301 rejection group(s)
Timings: account: 0.0s | risk: 0.4s | decide: 3.9s | watchlist: 0.0s | perf: 0.1s

=== Run at 2026-08-25T01:22:25.558935 ===
Build fingerprint: 4f68550affe5
Current time: 2026-08-24 09:22 PM EDT | Market open (per Alpaca): False | Session: CLOSED
Account value: $99,093.91
Cash: $79,453.81 | Holdings (3): {'GEHC': '0.6136 sh (+1.21%)', 'MS': '43.8344 sh (-2.74%)', 'MSI': '21.1281 sh (+2.51%)'}
Sector exposure (cached): Technology 10.3%, Financials 9.5%, Health Care 0.0%
Fill reconciliation: {'filled': 0, 'partial': 0, 'rejected': 1}
Open orders (1): MS sell 43.8344
Risk state: peak $99,703.60 | drawdown 0.61% | today +0.03% | halted: False
Market regime: BEARISH (position-size multiplier: 0% incl. circuit breaker 100%)
News: fetched 157, 0 new after dedup, 0 ticker(s) matched.
Quant pre-screen: 40/65 candidates passed.
Gemini proposed 3 trade(s) meeting the conviction bar.
Gemini calls used today (all models combined): 468
Market closed (overnight): queued 12 trade idea(s) for next-morning verification -- nothing submitted yet.
  -> queued NDAQ buy (conf 100, stop 94.82, tp 101.78)
  -> queued NWS buy (conf 100, stop 32.26, tp 35.35)
  -> queued IT buy (conf 92, stop 172.89, tp 230.0)
  -> queued GDDY buy (conf 89, stop 89.09, tp 101.8)
  -> queued GILD buy (conf 89, stop 145.16, tp 155.0)
  -> queued MSFT buy (conf 88, stop 475.0, tp 510.0)
  -> queued TGT buy (conf 95, stop 165.78, tp 178.0)
  -> queued TRGP buy (conf 85, stop 265.44, tp 315.0)
  -> queued UNP buy (conf 96, stop 290.37, tp 325.0)
  -> queued SLB buy (conf 92, stop 51.6, tp 58.0)
  -> queued TYL buy (conf None, stop 311.245, tp 359.77)
  -> queued SOLV buy (conf None, stop 82.415, tp 91.495)
Dashboard watchlist synced (6 symbols) for news/headlines.
Ending portfolio value: $99,093.91
Trade journal: all: 19 trades, 21% win rate, avg -2.19% | breakout: 1 trades, 0% win rate, avg -8.61% | other: 13 trades, 23% win rate, avg -1.93% | technical: 5 trades, 20% win rate, avg -1.58%
Self-learning: breakout: 1 trades, 0% win rate, avg -8.61% (LOSING) | other: 13 trades, 23% win rate, avg -1.93% (LOSING) | technical: 5 trades, 20% win rate, avg -1.58% (LOSING)
Performance: Total return +0.23% | Max drawdown 0.94% | Daily Sharpe 1.80 | 19 closed trades | Win rate 21% | Avg winner +1.83% | Avg loser -3.26% | Open positions: 3 | Equity $99,093.91
Engine P&L: legacy/unknown: realized $-1,705.68 (19 closed, 21% wins), unrealized $-15.82 (3 open) | Books: legacy: realized $-1,705.68, unrealized $-15.82
Reports: daily realized $+0.00; worst symbols none | weekly realized $-1,697.22; worst symbols HPE:-1286.89; COHR:-471.20; SNDK:-159.07; ANET:-45.31; NOW:-30.35
Shadow report: 3420 shadow candidate(s), 301 rejection group(s)
Timings: account: 0.0s | risk: 0.7s | decide: 5.4s | watchlist: 0.1s | perf: 0.1s

=== Run at 2026-08-25T01:24:28.762323 ===
Build fingerprint: 4f68550affe5
Current time: 2026-08-24 09:24 PM EDT | Market open (per Alpaca): False | Session: CLOSED
Account value: $99,093.91
Cash: $79,453.81 | Holdings (3): {'GEHC': '0.6136 sh (+1.21%)', 'MS': '43.8344 sh (-2.74%)', 'MSI': '21.1281 sh (+2.51%)'}
Sector exposure (cached): Technology 10.3%, Financials 9.5%, Health Care 0.0%
Fill reconciliation: {'filled': 0, 'partial': 0, 'rejected': 1}
Open orders (1): MS sell 43.8344
Risk state: peak $99,703.60 | drawdown 0.61% | today +0.03% | halted: False
Market regime: BEARISH (position-size multiplier: 0% incl. circuit breaker 100%)
News: fetched 120, 1 new after dedup, 0 ticker(s) matched.
Quant pre-screen: 40/65 candidates passed.
Technical fallback (Gemini throttled/unavailable) proposed 8 trade(s) meeting the conviction bar.
Technical fallback cap omitted 14 weaker idea(s) this run.
Gemini calls used today (all models combined): 468
Market closed (overnight): queued 12 trade idea(s) for next-morning verification -- nothing submitted yet.
  -> queued NDAQ buy (conf 100, stop 94.82, tp 101.78)
  -> queued NWS buy (conf 100, stop 32.26, tp 35.35)
  -> queued IT buy (conf 92, stop 172.89, tp 230.0)
  -> queued GDDY buy (conf 89, stop 89.09, tp 101.8)
  -> queued GILD buy (conf 89, stop 145.16, tp 155.0)
  -> queued MSFT buy (conf 88, stop 475.0, tp 510.0)
  -> queued TGT buy (conf None, stop 146.41, tp 170.72)
  -> queued TRGP buy (conf 85, stop 265.44, tp 315.0)
  -> queued UNP buy (conf None, stop 290.37, tp 310.5)
  -> queued SLB buy (conf None, stop 51.6, tp 54.49)
  -> queued TYL buy (conf None, stop 311.245, tp 359.77)
  -> queued SOLV buy (conf None, stop 82.415, tp 91.495)
Run budget reserve reached -- skipping dashboard watchlist sync.
Run budget reserve reached -- skipping performance snapshot.
Trade journal: all: 19 trades, 21% win rate, avg -2.19% | breakout: 1 trades, 0% win rate, avg -8.61% | other: 13 trades, 23% win rate, avg -1.93% | technical: 5 trades, 20% win rate, avg -1.58%
Self-learning: breakout: 1 trades, 0% win rate, avg -8.61% (LOSING) | other: 13 trades, 23% win rate, avg -1.93% (LOSING) | technical: 5 trades, 20% win rate, avg -1.58% (LOSING)
Performance: Total return +0.23% | Max drawdown 0.94% | Daily Sharpe 1.80 | 19 closed trades | Win rate 21% | Avg winner +1.83% | Avg loser -3.26% | Open positions: 3 | Equity $99,093.91
Engine P&L: legacy/unknown: realized $-1,705.68 (19 closed, 21% wins), unrealized $-15.82 (3 open) | Books: legacy: realized $-1,705.68, unrealized $-15.82
Reports: daily realized $+0.00; worst symbols none | weekly realized $-1,697.22; worst symbols HPE:-1286.89; COHR:-471.20; SNDK:-159.07; ANET:-45.31; NOW:-30.35
Shadow report: 3420 shadow candidate(s), 301 rejection group(s)
Timings: account: 0.0s | risk: 0.3s | decide: 24.4s | watchlist: 0.0s | perf: 0.1s

=== Run at 2026-08-25T01:26:24.193882 ===
Build fingerprint: 4f68550affe5
Current time: 2026-08-24 09:26 PM EDT | Market open (per Alpaca): False | Session: CLOSED
Account value: $99,093.91
Cash: $79,453.81 | Holdings (3): {'GEHC': '0.6136 sh (+1.21%)', 'MS': '43.8344 sh (-2.74%)', 'MSI': '21.1281 sh (+2.51%)'}
Sector exposure (cached): Technology 10.3%, Financials 9.5%, Health Care 0.0%
Fill reconciliation: {'filled': 0, 'partial': 0, 'rejected': 1}
Open orders (1): MS sell 43.8344
Risk state: peak $99,703.60 | drawdown 0.61% | today +0.03% | halted: False
Market regime: BEARISH (position-size multiplier: 0% incl. circuit breaker 100%)
News: fetched 157, 0 new after dedup, 0 ticker(s) matched.
Quant pre-screen: 40/65 candidates passed.
Gemini proposed 3 trade(s) meeting the conviction bar.
Gemini calls used today (all models combined): 469
Market closed (overnight): queued 12 trade idea(s) for next-morning verification -- nothing submitted yet.
  -> queued NDAQ buy (conf 100, stop 94.82, tp 101.78)
  -> queued NWS buy (conf 100, stop 32.26, tp 35.35)
  -> queued IT buy (conf 92, stop 172.89, tp 230.0)
  -> queued GDDY buy (conf 89, stop 89.09, tp 101.8)
  -> queued GILD buy (conf 89, stop 145.16, tp 155.0)
  -> queued MSFT buy (conf 88, stop 475.0, tp 510.0)
  -> queued TGT buy (conf None, stop 146.41, tp 170.72)
  -> queued TRGP buy (conf 85, stop 265.44, tp 315.0)
  -> queued UNP buy (conf 96, stop 290.37, tp 315.51)
  -> queued SLB buy (conf 94, stop 51.6, tp 58.81)
  -> queued TYL buy (conf 94, stop 311.25, tp 359.77)
  -> queued SOLV buy (conf None, stop 82.415, tp 91.495)
Dashboard watchlist synced (6 symbols) for news/headlines.
Ending portfolio value: $99,093.91
Trade journal: all: 19 trades, 21% win rate, avg -2.19% | breakout: 1 trades, 0% win rate, avg -8.61% | other: 13 trades, 23% win rate, avg -1.93% | technical: 5 trades, 20% win rate, avg -1.58%
Self-learning: breakout: 1 trades, 0% win rate, avg -8.61% (LOSING) | other: 13 trades, 23% win rate, avg -1.93% (LOSING) | technical: 5 trades, 20% win rate, avg -1.58% (LOSING)
Performance: Total return +0.23% | Max drawdown 0.94% | Daily Sharpe 1.80 | 19 closed trades | Win rate 21% | Avg winner +1.83% | Avg loser -3.26% | Open positions: 3 | Equity $99,093.91
Engine P&L: legacy/unknown: realized $-1,705.68 (19 closed, 21% wins), unrealized $-15.82 (3 open) | Books: legacy: realized $-1,705.68, unrealized $-15.82
Reports: daily realized $+0.00; worst symbols none | weekly realized $-1,697.22; worst symbols HPE:-1286.89; COHR:-471.20; SNDK:-159.07; ANET:-45.31; NOW:-30.35
Shadow report: 3420 shadow candidate(s), 301 rejection group(s)
Timings: account: 0.0s | risk: 0.2s | decide: 3.0s | watchlist: 0.0s | perf: 0.1s

=== Run at 2026-08-25T01:28:24.661063 ===
Build fingerprint: 4f68550affe5
Current time: 2026-08-24 09:28 PM EDT | Market open (per Alpaca): False | Session: CLOSED
Account value: $99,093.91
Cash: $79,453.81 | Holdings (3): {'GEHC': '0.6136 sh (+1.21%)', 'MS': '43.8344 sh (-2.74%)', 'MSI': '21.1281 sh (+2.51%)'}
Sector exposure (cached): Technology 10.3%, Financials 9.5%, Health Care 0.0%
Fill reconciliation: {'filled': 0, 'partial': 0, 'rejected': 1}
Open orders (1): MS sell 43.8344
Risk state: peak $99,703.60 | drawdown 0.61% | today +0.03% | halted: False
Market regime: BEARISH (position-size multiplier: 0% incl. circuit breaker 100%)
News: fetched 157, 0 new after dedup, 0 ticker(s) matched.
Quant pre-screen: 40/65 candidates passed.
Gemini proposed 3 trade(s) meeting the conviction bar.
Gemini calls used today (all models combined): 470
Market closed (overnight): queued 12 trade idea(s) for next-morning verification -- nothing submitted yet.
  -> queued NDAQ buy (conf 100, stop 94.82, tp 101.78)
  -> queued NWS buy (conf 100, stop 32.26, tp 35.35)
  -> queued IT buy (conf 92, stop 172.89, tp 230.0)
  -> queued GDDY buy (conf 89, stop 89.09, tp 101.8)
  -> queued GILD buy (conf 89, stop 145.16, tp 155.0)
  -> queued MSFT buy (conf 88, stop 475.0, tp 510.0)
  -> queued TGT buy (conf 95, stop 162.5, tp 178.0)
  -> queued TRGP buy (conf 85, stop 265.44, tp 315.0)
  -> queued UNP buy (conf 92, stop 298.0, tp 325.0)
  -> queued SLB buy (conf 88, stop 51.5, tp 57.5)
  -> queued TYL buy (conf 94, stop 311.25, tp 359.77)
  -> queued SOLV buy (conf None, stop 82.415, tp 91.495)
Dashboard watchlist synced (6 symbols) for news/headlines.
Ending portfolio value: $99,093.91
Trade journal: all: 19 trades, 21% win rate, avg -2.19% | breakout: 1 trades, 0% win rate, avg -8.61% | other: 13 trades, 23% win rate, avg -1.93% | technical: 5 trades, 20% win rate, avg -1.58%
Self-learning: breakout: 1 trades, 0% win rate, avg -8.61% (LOSING) | other: 13 trades, 23% win rate, avg -1.93% (LOSING) | technical: 5 trades, 20% win rate, avg -1.58% (LOSING)
Performance: Total return +0.23% | Max drawdown 0.94% | Daily Sharpe 1.80 | 19 closed trades | Win rate 21% | Avg winner +1.83% | Avg loser -3.26% | Open positions: 3 | Equity $99,093.91
Engine P&L: legacy/unknown: realized $-1,705.68 (19 closed, 21% wins), unrealized $-15.82 (3 open) | Books: legacy: realized $-1,705.68, unrealized $-15.82
Reports: daily realized $+0.00; worst symbols none | weekly realized $-1,697.22; worst symbols HPE:-1286.89; COHR:-471.20; SNDK:-159.07; ANET:-45.31; NOW:-30.35
Shadow report: 3420 shadow candidate(s), 301 rejection group(s)
Timings: account: 0.0s | risk: 0.2s | decide: 3.7s | watchlist: 0.0s | perf: 0.1s

=== Run at 2026-08-25T01:30:30.695152 ===
Build fingerprint: 4f68550affe5
Current time: 2026-08-24 09:30 PM EDT | Market open (per Alpaca): False | Session: CLOSED
Account value: $99,093.91
Cash: $79,453.81 | Holdings (3): {'GEHC': '0.6136 sh (+1.21%)', 'MS': '43.8344 sh (-2.74%)', 'MSI': '21.1281 sh (+2.51%)'}
Sector exposure (cached): Technology 10.3%, Financials 9.5%, Health Care 0.0%
Fill reconciliation: {'filled': 0, 'partial': 0, 'rejected': 1}
Open orders (1): MS sell 43.8344
Risk state: peak $99,703.60 | drawdown 0.61% | today +0.03% | halted: False
Market regime: BEARISH (position-size multiplier: 0% incl. circuit breaker 100%)
News: fetched 157, 1 new after dedup, 0 ticker(s) matched.
Quant pre-screen: 40/65 candidates passed.
Technical fallback (Gemini throttled/unavailable) proposed 8 trade(s) meeting the conviction bar.
Technical fallback cap omitted 14 weaker idea(s) this run.
Gemini calls used today (all models combined): 470
Market closed (overnight): queued 12 trade idea(s) for next-morning verification -- nothing submitted yet.
  -> queued NDAQ buy (conf 100, stop 94.82, tp 101.78)
  -> queued NWS buy (conf 100, stop 32.26, tp 35.35)
  -> queued IT buy (conf 92, stop 172.89, tp 230.0)
  -> queued GDDY buy (conf 89, stop 89.09, tp 101.8)
  -> queued GILD buy (conf 89, stop 145.16, tp 155.0)
  -> queued MSFT buy (conf 88, stop 475.0, tp 510.0)
  -> queued TGT buy (conf None, stop 146.41, tp 170.72)
  -> queued TRGP buy (conf 85, stop 265.44, tp 315.0)
  -> queued UNP buy (conf None, stop 290.37, tp 310.5)
  -> queued SLB buy (conf None, stop 51.6, tp 54.49)
  -> queued TYL buy (conf None, stop 311.245, tp 359.77)
  -> queued SOLV buy (conf None, stop 82.415, tp 91.495)
Dashboard watchlist synced (10 symbols) for news/headlines.
Ending portfolio value: $99,093.91
Trade journal: all: 19 trades, 21% win rate, avg -2.19% | breakout: 1 trades, 0% win rate, avg -8.61% | other: 13 trades, 23% win rate, avg -1.93% | technical: 5 trades, 20% win rate, avg -1.58%
Self-learning: breakout: 1 trades, 0% win rate, avg -8.61% (LOSING) | other: 13 trades, 23% win rate, avg -1.93% (LOSING) | technical: 5 trades, 20% win rate, avg -1.58% (LOSING)
Performance: Total return +0.23% | Max drawdown 0.94% | Daily Sharpe 1.80 | 19 closed trades | Win rate 21% | Avg winner +1.83% | Avg loser -3.26% | Open positions: 3 | Equity $99,093.91
Engine P&L: legacy/unknown: realized $-1,705.68 (19 closed, 21% wins), unrealized $-15.82 (3 open) | Books: legacy: realized $-1,705.68, unrealized $-15.82
Reports: daily realized $+0.00; worst symbols none | weekly realized $-1,697.22; worst symbols HPE:-1286.89; COHR:-471.20; SNDK:-159.07; ANET:-45.31; NOW:-30.35
Shadow report: 3420 shadow candidate(s), 301 rejection group(s)
Timings: account: 0.0s | risk: 0.5s | decide: 22.2s | watchlist: 0.0s | perf: 0.1s

=== Run at 2026-08-25T01:32:24.821996 ===
Build fingerprint: 4f68550affe5
Current time: 2026-08-24 09:32 PM EDT | Market open (per Alpaca): False | Session: CLOSED
Account value: $99,093.91
Cash: $79,453.81 | Holdings (3): {'GEHC': '0.6136 sh (+1.21%)', 'MS': '43.8344 sh (-2.74%)', 'MSI': '21.1281 sh (+2.51%)'}
Sector exposure (cached): Technology 10.3%, Financials 9.5%, Health Care 0.0%
Fill reconciliation: {'filled': 0, 'partial': 0, 'rejected': 1}
Open orders (1): MS sell 43.8344
Risk state: peak $99,703.60 | drawdown 0.61% | today +0.03% | halted: False
Market regime: BEARISH (position-size multiplier: 0% incl. circuit breaker 100%)
News: fetched 157, 1 new after dedup, 0 ticker(s) matched.
Quant pre-screen: 40/65 candidates passed.
Gemini proposed 3 trade(s) meeting the conviction bar.
Gemini calls used today (all models combined): 471
Market closed (overnight): queued 12 trade idea(s) for next-morning verification -- nothing submitted yet.
  -> queued NDAQ buy (conf 100, stop 94.82, tp 101.78)
  -> queued NWS buy (conf 100, stop 32.26, tp 35.35)
  -> queued IT buy (conf 92, stop 172.89, tp 230.0)
  -> queued GDDY buy (conf 89, stop 89.09, tp 101.8)
  -> queued GILD buy (conf 89, stop 145.16, tp 155.0)
  -> queued MSFT buy (conf 88, stop 475.0, tp 510.0)
  -> queued TGT buy (conf 95, stop 165.78, tp 175.5)
  -> queued TRGP buy (conf 85, stop 265.44, tp 315.0)
  -> queued UNP buy (conf 92, stop 306.24, tp 315.5)
  -> queued SLB buy (conf 88, stop 53.28, tp 56.5)
  -> queued TYL buy (conf None, stop 311.245, tp 359.77)
  -> queued SOLV buy (conf None, stop 82.415, tp 91.495)
Dashboard watchlist synced (6 symbols) for news/headlines.
Ending portfolio value: $99,093.91
Trade journal: all: 19 trades, 21% win rate, avg -2.19% | breakout: 1 trades, 0% win rate, avg -8.61% | other: 13 trades, 23% win rate, avg -1.93% | technical: 5 trades, 20% win rate, avg -1.58%
Self-learning: breakout: 1 trades, 0% win rate, avg -8.61% (LOSING) | other: 13 trades, 23% win rate, avg -1.93% (LOSING) | technical: 5 trades, 20% win rate, avg -1.58% (LOSING)
Performance: Total return +0.23% | Max drawdown 0.94% | Daily Sharpe 1.80 | 19 closed trades | Win rate 21% | Avg winner +1.83% | Avg loser -3.26% | Open positions: 3 | Equity $99,093.91
Engine P&L: legacy/unknown: realized $-1,705.68 (19 closed, 21% wins), unrealized $-15.82 (3 open) | Books: legacy: realized $-1,705.68, unrealized $-15.82
Reports: daily realized $+0.00; worst symbols none | weekly realized $-1,697.22; worst symbols HPE:-1286.89; COHR:-471.20; SNDK:-159.07; ANET:-45.31; NOW:-30.35
Shadow report: 3420 shadow candidate(s), 301 rejection group(s)
Timings: account: 0.0s | risk: 0.5s | decide: 3.5s | watchlist: 0.0s | perf: 0.1s

=== Run at 2026-08-25T01:34:25.025742 ===
Build fingerprint: 4f68550affe5
Current time: 2026-08-24 09:34 PM EDT | Market open (per Alpaca): False | Session: CLOSED
Account value: $99,093.91
Cash: $79,453.81 | Holdings (3): {'GEHC': '0.6136 sh (+1.21%)', 'MS': '43.8344 sh (-2.74%)', 'MSI': '21.1281 sh (+2.51%)'}
Sector exposure (cached): Technology 10.3%, Financials 9.5%, Health Care 0.0%
Fill reconciliation: {'filled': 0, 'partial': 0, 'rejected': 1}
Open orders (1): MS sell 43.8344
Risk state: peak $99,703.60 | drawdown 0.61% | today +0.03% | halted: False
Market regime: BEARISH (position-size multiplier: 0% incl. circuit breaker 100%)
News: fetched 158, 3 new after dedup, 0 ticker(s) matched.
Quant pre-screen: 40/65 candidates passed.
Gemini proposed 3 trade(s) meeting the conviction bar.
Gemini calls used today (all models combined): 472
Market closed (overnight): queued 12 trade idea(s) for next-morning verification -- nothing submitted yet.
  -> queued NDAQ buy (conf 100, stop 94.82, tp 101.78)
  -> queued NWS buy (conf 100, stop 32.26, tp 35.35)
  -> queued IT buy (conf 92, stop 172.89, tp 230.0)
  -> queued GDDY buy (conf 89, stop 89.09, tp 101.8)
  -> queued GILD buy (conf 89, stop 145.16, tp 155.0)
  -> queued MSFT buy (conf 88, stop 475.0, tp 510.0)
  -> queued TGT buy (conf 99, stop 160.5, tp 178.0)
  -> queued TRGP buy (conf 85, stop 265.44, tp 315.0)
  -> queued UNP buy (conf 96, stop 298.0, tp 325.0)
  -> queued SLB buy (conf 94, stop 51.5, tp 58.0)
  -> queued TYL buy (conf None, stop 311.245, tp 359.77)
  -> queued SOLV buy (conf None, stop 82.415, tp 91.495)
Dashboard watchlist synced (6 symbols) for news/headlines.
Ending portfolio value: $99,093.91
Trade journal: all: 19 trades, 21% win rate, avg -2.19% | breakout: 1 trades, 0% win rate, avg -8.61% | other: 13 trades, 23% win rate, avg -1.93% | technical: 5 trades, 20% win rate, avg -1.58%
Self-learning: breakout: 1 trades, 0% win rate, avg -8.61% (LOSING) | other: 13 trades, 23% win rate, avg -1.93% (LOSING) | technical: 5 trades, 20% win rate, avg -1.58% (LOSING)
Performance: Total return +0.23% | Max drawdown 0.94% | Daily Sharpe 1.80 | 19 closed trades | Win rate 21% | Avg winner +1.83% | Avg loser -3.26% | Open positions: 3 | Equity $99,093.91
Engine P&L: legacy/unknown: realized $-1,705.68 (19 closed, 21% wins), unrealized $-15.82 (3 open) | Books: legacy: realized $-1,705.68, unrealized $-15.82
Reports: daily realized $+0.00; worst symbols none | weekly realized $-1,697.22; worst symbols HPE:-1286.89; COHR:-471.20; SNDK:-159.07; ANET:-45.31; NOW:-30.35
Shadow report: 3420 shadow candidate(s), 301 rejection group(s)
Timings: account: 0.0s | risk: 0.2s | decide: 3.4s | watchlist: 0.0s | perf: 0.1s

=== Run at 2026-08-25T01:36:29.679883 ===
Build fingerprint: 4f68550affe5
Current time: 2026-08-24 09:36 PM EDT | Market open (per Alpaca): False | Session: CLOSED
Account value: $99,093.91
Cash: $79,453.81 | Holdings (3): {'GEHC': '0.6136 sh (+1.21%)', 'MS': '43.8344 sh (-2.74%)', 'MSI': '21.1281 sh (+2.51%)'}
Sector exposure (cached): Technology 10.3%, Financials 9.5%, Health Care 0.0%
Fill reconciliation: {'filled': 0, 'partial': 0, 'rejected': 1}
Open orders (1): MS sell 43.8344
Risk state: peak $99,703.60 | drawdown 0.61% | today +0.03% | halted: False
Market regime: BEARISH (position-size multiplier: 0% incl. circuit breaker 100%)
News: fetched 157, 1 new after dedup, 0 ticker(s) matched.
Quant pre-screen: 40/65 candidates passed.
Gemini proposed 3 trade(s) meeting the conviction bar.
Gemini calls used today (all models combined): 473
Market closed (overnight): queued 12 trade idea(s) for next-morning verification -- nothing submitted yet.
  -> queued NDAQ buy (conf 100, stop 94.82, tp 101.78)
  -> queued NWS buy (conf 100, stop 32.26, tp 35.35)
  -> queued IT buy (conf 92, stop 172.89, tp 230.0)
  -> queued GDDY buy (conf 89, stop 89.09, tp 101.8)
  -> queued GILD buy (conf 89, stop 145.16, tp 155.0)
  -> queued MSFT buy (conf 88, stop 475.0, tp 510.0)
  -> queued TGT buy (conf 95, stop 164.5, tp 178.0)
  -> queued TRGP buy (conf 85, stop 265.44, tp 315.0)
  -> queued UNP buy (conf 92, stop 302.0, tp 325.0)
  -> queued SLB buy (conf 94, stop 51.5, tp 58.0)
  -> queued TYL buy (conf 88, stop 342.0, tp 385.0)
  -> queued SOLV buy (conf None, stop 82.415, tp 91.495)
Dashboard watchlist synced (6 symbols) for news/headlines.
Ending portfolio value: $99,093.91
Trade journal: all: 19 trades, 21% win rate, avg -2.19% | breakout: 1 trades, 0% win rate, avg -8.61% | other: 13 trades, 23% win rate, avg -1.93% | technical: 5 trades, 20% win rate, avg -1.58%
Self-learning: breakout: 1 trades, 0% win rate, avg -8.61% (LOSING) | other: 13 trades, 23% win rate, avg -1.93% (LOSING) | technical: 5 trades, 20% win rate, avg -1.58% (LOSING)
Performance: Total return +0.23% | Max drawdown 0.94% | Daily Sharpe 1.80 | 19 closed trades | Win rate 21% | Avg winner +1.83% | Avg loser -3.26% | Open positions: 3 | Equity $99,093.91
Engine P&L: legacy/unknown: realized $-1,705.68 (19 closed, 21% wins), unrealized $-15.82 (3 open) | Books: legacy: realized $-1,705.68, unrealized $-15.82
Reports: daily realized $+0.00; worst symbols none | weekly realized $-1,697.22; worst symbols HPE:-1286.89; COHR:-471.20; SNDK:-159.07; ANET:-45.31; NOW:-30.35
Shadow report: 3420 shadow candidate(s), 301 rejection group(s)
Timings: account: 0.0s | risk: 1.3s | decide: 8.1s | watchlist: 0.1s | perf: 0.2s

=== Run at 2026-08-25T01:38:24.361333 ===
Build fingerprint: 4f68550affe5
Current time: 2026-08-24 09:38 PM EDT | Market open (per Alpaca): False | Session: CLOSED
Account value: $99,093.91
Cash: $79,453.81 | Holdings (3): {'GEHC': '0.6136 sh (+1.21%)', 'MS': '43.8344 sh (-2.74%)', 'MSI': '21.1281 sh (+2.51%)'}
Sector exposure (cached): Technology 10.3%, Financials 9.5%, Health Care 0.0%
Fill reconciliation: {'filled': 0, 'partial': 0, 'rejected': 1}
Open orders (1): MS sell 43.8344
Risk state: peak $99,703.60 | drawdown 0.61% | today +0.03% | halted: False
Market regime: BEARISH (position-size multiplier: 0% incl. circuit breaker 100%)
News: fetched 157, 1 new after dedup, 1 ticker(s) matched.
Quant pre-screen: 13/17 candidates passed.
Gemini proposed 3 trade(s) meeting the conviction bar.
Gemini calls used today (all models combined): 474
Market closed (overnight): queued 12 trade idea(s) for next-morning verification -- nothing submitted yet.
  -> queued NDAQ buy (conf 100, stop 94.82, tp 101.78)
  -> queued NWS buy (conf 100, stop 32.26, tp 35.35)
  -> queued TGT buy (conf 95, stop 165.0, tp 175.0)
  -> queued SLB buy (conf 94, stop 51.5, tp 58.0)
  -> queued IT buy (conf 92, stop 172.89, tp 230.0)
  -> queued UNP buy (conf 92, stop 302.0, tp 325.0)
  -> queued GDDY buy (conf 89, stop 89.09, tp 101.8)
  -> queued GILD buy (conf 89, stop 145.16, tp 155.0)
  -> queued MSFT buy (conf 88, stop 475.0, tp 510.0)
  -> queued TYL buy (conf 88, stop 342.0, tp 385.0)
  -> queued TRGP buy (conf 85, stop 285.0, tp 315.0)
  -> queued TSCO buy (conf 82, stop 34.0, tp 38.0)
Dashboard watchlist synced (7 symbols) for news/headlines.
Ending portfolio value: $99,093.91
Trade journal: all: 19 trades, 21% win rate, avg -2.19% | breakout: 1 trades, 0% win rate, avg -8.61% | other: 13 trades, 23% win rate, avg -1.93% | technical: 5 trades, 20% win rate, avg -1.58%
Self-learning: breakout: 1 trades, 0% win rate, avg -8.61% (LOSING) | other: 13 trades, 23% win rate, avg -1.93% (LOSING) | technical: 5 trades, 20% win rate, avg -1.58% (LOSING)
Performance: Total return +0.23% | Max drawdown 0.94% | Daily Sharpe 1.80 | 19 closed trades | Win rate 21% | Avg winner +1.83% | Avg loser -3.26% | Open positions: 3 | Equity $99,093.91
Engine P&L: legacy/unknown: realized $-1,705.68 (19 closed, 21% wins), unrealized $-15.82 (3 open) | Books: legacy: realized $-1,705.68, unrealized $-15.82
Reports: daily realized $+0.00; worst symbols none | weekly realized $-1,697.22; worst symbols HPE:-1286.89; COHR:-471.20; SNDK:-159.07; ANET:-45.31; NOW:-30.35
Shadow report: 3420 shadow candidate(s), 301 rejection group(s)
Timings: account: 0.0s | risk: 0.7s | decide: 7.8s | watchlist: 0.1s | perf: 0.3s

=== Run at 2026-08-25T01:40:32.650179 ===
Build fingerprint: 4f68550affe5
Current time: 2026-08-24 09:40 PM EDT | Market open (per Alpaca): False | Session: CLOSED
Account value: $99,093.91
Cash: $79,453.81 | Holdings (3): {'GEHC': '0.6136 sh (+1.21%)', 'MS': '43.8344 sh (-2.74%)', 'MSI': '21.1281 sh (+2.51%)'}
Sector exposure (cached): Technology 10.3%, Financials 9.5%, Health Care 0.0%
Fill reconciliation: {'filled': 0, 'partial': 0, 'rejected': 1}
Open orders (1): MS sell 43.8344
Risk state: peak $99,703.60 | drawdown 0.61% | today +0.03% | halted: False
Market regime: BEARISH (position-size multiplier: 0% incl. circuit breaker 100%)
News: fetched 158, 2 new after dedup, 0 ticker(s) matched.
Quant pre-screen: 40/65 candidates passed.
Gemini proposed 3 trade(s) meeting the conviction bar.
Gemini calls used today (all models combined): 475
Market closed (overnight): queued 12 trade idea(s) for next-morning verification -- nothing submitted yet.
  -> queued NDAQ buy (conf 100, stop 94.82, tp 101.78)
  -> queued NWS buy (conf 100, stop 32.26, tp 35.35)
  -> queued TGT buy (conf 95, stop 146.41, tp 170.72)
  -> queued SLB buy (conf 94, stop 51.5, tp 58.0)
  -> queued IT buy (conf 92, stop 172.89, tp 230.0)
  -> queued UNP buy (conf 96, stop 290.37, tp 315.51)
  -> queued GDDY buy (conf 89, stop 89.09, tp 101.8)
  -> queued GILD buy (conf 89, stop 145.16, tp 155.0)
  -> queued MSFT buy (conf 88, stop 475.0, tp 510.0)
  -> queued TYL buy (conf 92, stop 311.25, tp 359.77)
  -> queued TRGP buy (conf 85, stop 285.0, tp 315.0)
  -> queued TSCO buy (conf 82, stop 34.0, tp 38.0)
Dashboard watchlist synced (6 symbols) for news/headlines.
Ending portfolio value: $99,093.91
Trade journal: all: 19 trades, 21% win rate, avg -2.19% | breakout: 1 trades, 0% win rate, avg -8.61% | other: 13 trades, 23% win rate, avg -1.93% | technical: 5 trades, 20% win rate, avg -1.58%
Self-learning: breakout: 1 trades, 0% win rate, avg -8.61% (LOSING) | other: 13 trades, 23% win rate, avg -1.93% (LOSING) | technical: 5 trades, 20% win rate, avg -1.58% (LOSING)
Performance: Total return +0.23% | Max drawdown 0.94% | Daily Sharpe 1.80 | 19 closed trades | Win rate 21% | Avg winner +1.83% | Avg loser -3.26% | Open positions: 3 | Equity $99,093.91
Engine P&L: legacy/unknown: realized $-1,705.68 (19 closed, 21% wins), unrealized $-15.82 (3 open) | Books: legacy: realized $-1,705.68, unrealized $-15.82
Reports: daily realized $+0.00; worst symbols none | weekly realized $-1,697.22; worst symbols HPE:-1286.89; COHR:-471.20; SNDK:-159.07; ANET:-45.31; NOW:-30.35
Shadow report: 3420 shadow candidate(s), 301 rejection group(s)
Timings: account: 0.0s | risk: 0.4s | decide: 5.1s | watchlist: 0.0s | perf: 0.1s

