timestamp,total_value,cash,num_holdings,market_regime,size_multiplier,candidates_considered,candidates_passed_prescreen,trades_proposed,trades_executed,trades_skipped,trades_failed,risk_exits,consolidation_exits
2026-07-31T07:30:43.712061,99832.48,3.81,30,NEUTRAL,0.6,5,2,1,1,0,0,0,0
2026-07-31T07:31:57.982980,99836.73,3.81,30,NEUTRAL,0.6,5,2,1,1,0,0,0,0
2026-07-31T07:32:35.566100,99835.8,3.81,30,NEUTRAL,0.6,5,2,0,0,0,0,0,0
2026-07-31T07:34:36.327994,99828.06,3.78,30,NEUTRAL,0.6,5,2,1,1,0,0,0,0
2026-07-31T07:36:38.499372,99839.34,3.78,30,NEUTRAL,0.6,5,2,0,0,0,0,0,0
2026-07-31T07:38:32.751052,99847.51,3.78,30,NEUTRAL,0.6,5,2,0,0,0,0,0,0
2026-07-31T07:40:42.196668,99962.98,3.78,30,NEUTRAL,0.6,5,2,0,0,0,0,0,0
2026-07-31T07:42:33.172868,99962.98,3.78,30,NEUTRAL,0.6,5,2,0,0,0,0,0,0
2026-07-31T07:44:36.283394,99962.98,3.78,30,NEUTRAL,0.6,5,2,1,1,0,0,0,0
2026-07-31T07:46:37.995273,99962.98,3.78,30,NEUTRAL,0.6,5,2,0,0,0,0,0,0
2026-07-31T07:48:29.600474,99962.98,3.78,30,NEUTRAL,0.6,5,2,0,0,0,0,0,0
2026-07-31T07:50:37.532620,99962.98,3.78,30,NEUTRAL,0.6,5,2,0,0,0,0,0,0
2026-07-31T07:52:41.264777,99962.98,3.78,30,NEUTRAL,0.6,5,2,0,0,0,0,0,0
2026-07-31T07:54:39.606007,99962.98,3.78,30,NEUTRAL,0.6,5,2,0,0,0,0,0,0
2026-07-31T07:56:32.433907,99962.98,3.78,30,NEUTRAL,0.6,5,2,0,0,0,0,0,0
2026-07-31T07:58:39.683066,99962.98,3.78,30,NEUTRAL,0.6,5,2,0,0,0,0,0,0
2026-07-31T08:00:37.445612,99899.8,3.78,30,NEUTRAL,0.6,5,2,0,0,0,0,0,0
2026-07-31T08:02:30.196067,99921.69,3.78,30,NEUTRAL,0.6,5,2,0,0,0,0,0,0
2026-07-31T08:04:32.235735,99815.46,3.78,30,NEUTRAL,0.6,5,2,0,0,0,0,0,0
2026-07-31T08:06:24.057823,99851.39,3.78,30,NEUTRAL,0.6,5,2,0,0,0,0,0,0
2026-07-31T08:08:27.844348,99841.08,3.78,30,NEUTRAL,0.6,5,2,0,0,0,0,0,0
2026-07-31T08:10:36.247369,99878.97,3.78,30,NEUTRAL,0.6,5,2,0,0,0,0,0,0
2026-07-31T08:12:35.387992,99876.26,3.78,30,NEUTRAL,0.6,5,2,0,0,0,0,0,0
2026-07-31T08:14:44.138288,99878.53,3.78,30,NEUTRAL,0.6,5,2,1,1,0,0,0,0
2026-07-31T08:16:37.897254,99891.22,3.78,30,NEUTRAL,0.6,5,2,0,0,0,0,0,0
2026-07-31T08:18:29.466412,99888.29,3.78,30,NEUTRAL,0.6,5,2,0,0,0,0,0,0
2026-07-31T08:20:29.456199,99881.65,3.78,30,NEUTRAL,0.6,5,2,0,0,0,0,0,0
2026-07-31T08:22:31.794851,99832.81,3.78,30,NEUTRAL,0.6,5,2,0,0,0,0,0,0
2026-07-31T08:24:24.265345,99799.44,3.78,30,NEUTRAL,0.6,5,2,0,0,0,0,0,0
2026-07-31T08:26:32.655673,99828.37,3.78,30,NEUTRAL,0.6,5,2,0,0,0,0,0,0
2026-07-31T08:28:33.979003,99837.24,3.78,30,NEUTRAL,0.6,5,2,0,0,0,0,0,0
2026-07-31T08:30:40.008682,99814.64,3.78,30,NEUTRAL,0.6,5,2,0,0,0,0,0,0
2026-07-31T08:32:27.389793,99847.38,3.78,30,NEUTRAL,0.6,5,2,0,0,0,0,0,0
2026-07-31T08:34:30.683723,99801.06,3.78,30,NEUTRAL,0.6,5,2,0,0,0,0,0,0
2026-07-31T08:35:12.782983,99826.27,3.78,30,NEUTRAL,0.6,5,2,0,0,0,0,0,0
2026-07-31T08:36:31.125421,99834.12,3.78,30,NEUTRAL,0.6,5,2,0,0,0,0,0,0
2026-07-31T08:38:41.511039,99844.83,3.78,30,NEUTRAL,0.6,5,2,0,0,0,0,0,0
2026-07-31T08:40:42.710476,99835.4,3.78,30,NEUTRAL,0.6,5,2,0,0,0,0,0,0
2026-07-31T08:42:31.032105,99863.04,3.78,30,NEUTRAL,0.6,5,2,0,0,0,0,0,0
2026-07-31T08:44:32.416298,99894.8,3.78,30,NEUTRAL,0.6,5,2,0,0,0,0,0,0
2026-07-31T08:46:38.262209,99911.49,3.78,30,NEUTRAL,0.6,5,2,0,0,0,0,0,0
2026-07-31T08:48:32.742465,99884.02,3.78,30,NEUTRAL,0.6,5,2,0,0,0,0,0,0
2026-07-31T08:50:38.892512,99905.98,3.78,30,NEUTRAL,0.6,5,2,0,0,0,0,0,0
2026-07-31T08:52:28.984894,99875.14,3.78,30,NEUTRAL,0.6,5,2,0,0,0,0,0,0
2026-07-31T08:54:32.740427,99857.35,3.78,30,NEUTRAL,0.6,5,2,0,0,0,0,0,0
2026-07-31T08:56:28.580874,99862.87,3.78,30,NEUTRAL,0.6,5,2,0,0,0,0,0,0
2026-07-31T08:58:32.829003,99891.71,3.78,30,NEUTRAL,0.6,5,2,0,0,0,0,0,0
2026-07-31T09:00:48.462148,99855.89,3.78,30,NEUTRAL,0.6,5,2,0,0,0,0,0,0
2026-07-31T09:02:32.223117,99848.99,3.78,30,NEUTRAL,0.6,5,2,0,0,0,0,0,0
2026-07-31T09:04:41.387047,99855.09,3.78,30,NEUTRAL,0.6,5,2,0,0,0,0,0,0
2026-07-31T09:06:28.068242,99830.93,3.78,30,NEUTRAL,0.6,5,2,0,0,0,0,0,0
2026-07-31T09:08:28.166299,99862.76,3.78,30,NEUTRAL,0.6,5,2,0,0,0,0,0,0
2026-07-31T09:10:29.615309,99871.98,3.78,30,NEUTRAL,0.6,5,2,0,0,0,0,0,0
2026-07-31T09:12:24.781133,99881.45,3.78,30,NEUTRAL,0.6,5,2,0,0,0,0,0,0
2026-07-31T09:14:27.659267,99895.81,3.78,30,NEUTRAL,0.6,5,2,0,0,0,0,0,0
2026-07-31T09:16:34.285482,99874.52,3.78,30,NEUTRAL,0.6,5,2,0,0,0,0,0,0
2026-07-31T09:18:31.087180,99872.67,3.78,30,NEUTRAL,0.6,5,2,0,0,0,0,0,0
2026-07-31T09:20:33.439560,99847.3,3.78,30,NEUTRAL,0.6,5,2,0,0,0,0,0,0
2026-07-31T09:22:36.502934,99846.1,3.78,30,NEUTRAL,0.6,5,2,0,0,0,0,0,0
2026-07-31T09:24:37.212543,99847.71,3.78,30,NEUTRAL,0.6,5,2,0,0,0,0,0,0
2026-07-31T09:26:25.593606,99871.56,3.78,30,NEUTRAL,0.6,5,2,0,0,0,0,0,0
2026-07-31T09:28:38.127229,99859.67,3.78,30,NEUTRAL,0.6,5,2,0,0,0,0,0,0
2026-07-31T09:30:45.305523,99840.13,3.78,30,NEUTRAL,0.6,5,2,0,0,0,0,0,0
2026-07-31T09:32:31.788993,99832.94,3.78,30,NEUTRAL,0.6,5,2,0,0,0,0,0,0
2026-07-31T09:34:24.475511,99814.19,3.78,30,NEUTRAL,0.6,5,2,0,0,0,0,0,0
2026-07-31T09:36:30.192783,99809.65,3.78,30,NEUTRAL,0.6,5,2,0,0,0,0,0,0
2026-07-31T09:38:30.058221,99821.17,3.78,30,NEUTRAL,0.6,5,2,0,0,0,0,0,0
2026-07-31T09:40:34.221813,99834.98,3.78,30,NEUTRAL,0.6,5,2,0,0,0,0,0,0
2026-07-31T09:42:30.261172,99847.67,3.78,30,NEUTRAL,0.6,5,2,0,0,0,0,0,0
2026-07-31T09:44:27.089319,99881.58,3.78,30,NEUTRAL,0.6,5,2,0,0,0,0,0,0
2026-07-31T09:46:30.533513,99885.49,3.78,30,NEUTRAL,0.6,5,2,0,0,0,0,0,0
2026-07-31T09:48:32.862501,99876.33,3.78,30,NEUTRAL,0.6,5,2,0,0,0,0,0,0
2026-07-31T09:50:29.877488,99859.8,3.78,30,NEUTRAL,0.6,5,2,0,0,0,0,0,0
2026-07-31T09:52:36.685695,99829.13,3.78,30,NEUTRAL,0.6,6,2,0,0,0,0,0,0
2026-07-31T09:54:30.127630,99859.54,3.78,30,NEUTRAL,0.6,5,2,0,0,0,0,0,0
2026-07-31T09:56:26.473370,99860.79,3.78,30,NEUTRAL,0.6,5,2,0,0,0,0,0,0
2026-07-31T09:58:24.299837,99834.97,3.78,30,NEUTRAL,0.6,5,2,0,0,0,0,0,0
2026-07-31T10:00:43.749229,99844.27,3.78,30,NEUTRAL,0.6,5,2,0,0,0,0,0,0
2026-07-31T10:02:24.625532,99850.27,3.78,30,NEUTRAL,0.6,5,2,0,0,0,0,0,0
2026-07-31T10:04:35.055339,99857.0,3.78,30,NEUTRAL,0.6,5,2,0,0,0,0,0,0
2026-07-31T10:06:37.933629,99880.5,3.78,30,NEUTRAL,0.6,5,2,0,0,0,0,0,0
2026-07-31T10:08:34.616903,99884.85,3.78,30,NEUTRAL,0.6,5,2,0,0,0,0,0,0
2026-07-31T10:10:36.554376,99892.66,3.78,30,NEUTRAL,0.6,5,2,0,0,0,0,0,0
2026-07-31T10:12:24.121688,99866.95,3.78,30,NEUTRAL,0.6,5,2,0,0,0,0,0,0
2026-07-31T10:14:24.307593,99865.87,3.78,30,NEUTRAL,0.6,5,2,0,0,0,0,0,0
2026-07-31T10:16:30.416330,99857.35,3.78,30,NEUTRAL,0.6,5,2,0,0,0,0,0,0
2026-07-31T10:18:30.601548,99856.02,3.78,30,NEUTRAL,0.6,5,2,0,0,0,0,0,0
2026-07-31T10:20:29.275517,99943.42,3.78,30,NEUTRAL,0.6,5,2,0,0,0,0,0,0
2026-07-31T10:22:36.283404,99947.18,3.78,30,NEUTRAL,0.6,5,2,0,0,0,0,0,0
2026-07-31T10:24:24.429419,99909.74,3.78,30,NEUTRAL,0.6,5,2,0,0,0,0,0,0
2026-07-31T10:26:26.211978,99897.02,3.78,30,NEUTRAL,0.6,5,2,0,0,0,0,0,0
2026-07-31T10:28:33.314948,99911.18,3.78,30,NEUTRAL,0.6,5,2,0,0,0,0,0,0
2026-07-31T10:30:45.258797,99802.68,3.78,30,NEUTRAL,0.6,5,2,0,0,0,0,0,0
2026-07-31T10:32:36.090058,99779.28,3.78,30,NEUTRAL,0.6,5,2,0,0,0,0,0,0
2026-07-31T10:34:25.494039,99613.93,3.78,30,NEUTRAL,0.6,5,2,0,0,0,0,0,0
2026-07-31T10:36:35.411247,99575.86,3.78,30,NEUTRAL,0.6,5,2,0,0,0,0,0,0
2026-07-31T10:38:41.286854,99576.35,3.78,30,NEUTRAL,0.6,5,2,0,0,0,0,0,0
2026-07-31T10:40:54.214024,99696.34,3.78,30,NEUTRAL,0.6,5,2,0,0,0,0,0,0
2026-07-31T10:42:24.819294,99681.0,3.78,30,NEUTRAL,0.6,5,2,0,0,0,0,0,0
2026-07-31T10:44:36.514319,99671.78,3.78,30,NEUTRAL,0.6,5,2,0,0,0,0,0,0
2026-07-31T10:46:25.223379,99679.33,3.78,30,NEUTRAL,0.6,5,2,0,0,0,0,0,0
2026-07-31T10:48:30.164866,99674.67,3.78,30,NEUTRAL,0.6,5,2,0,0,0,0,0,0
2026-07-31T10:50:34.357648,99535.87,3.78,30,NEUTRAL,0.6,5,2,0,0,0,0,0,0
2026-07-31T10:52:37.148892,99567.44,3.78,30,NEUTRAL,0.6,5,2,0,0,0,0,0,0
2026-07-31T10:54:24.396433,99572.26,3.78,30,NEUTRAL,0.6,5,2,0,0,0,0,0,0
2026-07-31T10:56:35.311548,99574.67,3.78,30,NEUTRAL,0.6,5,2,0,0,0,0,0,0
2026-07-31T10:58:27.886081,99666.74,3.78,30,NEUTRAL,0.6,5,2,0,0,0,0,0,0
2026-07-31T11:00:37.138963,99575.94,3.78,30,NEUTRAL,0.6,5,2,0,0,0,0,0,0
2026-07-31T11:02:40.409755,99567.08,3.78,30,NEUTRAL,0.6,5,2,0,0,0,0,0,0
2026-07-31T11:04:36.536634,99597.16,3.78,30,NEUTRAL,0.6,5,2,0,0,0,0,0,0
2026-07-31T11:06:33.589578,99573.83,3.78,30,NEUTRAL,0.6,5,2,0,0,0,0,0,0
2026-07-31T11:08:35.832769,99662.43,3.78,30,NEUTRAL,0.6,5,2,0,0,0,0,0,0
2026-07-31T11:10:42.014242,99624.94,3.78,30,NEUTRAL,0.6,5,2,0,0,0,0,0,0
2026-07-31T11:12:26.699006,99592.73,3.78,30,NEUTRAL,0.6,5,2,0,0,0,0,0,0
2026-07-31T11:14:39.118690,99589.21,3.78,30,NEUTRAL,0.6,5,2,0,0,0,0,0,0
2026-07-31T11:16:38.505533,99570.47,3.78,30,NEUTRAL,0.6,5,2,0,0,0,0,0,0
2026-07-31T11:18:30.635336,99586.59,3.78,30,NEUTRAL,0.6,5,2,0,0,0,0,0,0
2026-07-31T11:20:30.804048,99606.67,3.78,30,NEUTRAL,0.6,5,2,0,0,0,0,0,0
2026-07-31T11:21:37.909447,99617.11,3.78,30,NEUTRAL,0.6,5,2,0,0,0,0,0,0
2026-07-31T11:22:30.744310,99632.86,3.78,30,NEUTRAL,0.6,5,2,0,0,0,0,0,0
2026-07-31T11:24:35.166298,99615.1,3.78,30,NEUTRAL,0.6,5,2,0,0,0,0,0,0
2026-07-31T11:26:23.439465,99637.65,3.78,30,NEUTRAL,0.6,5,2,0,0,0,0,0,0
2026-07-31T11:28:26.398528,99613.5,3.78,30,NEUTRAL,0.6,5,2,0,0,0,0,0,0
2026-07-31T11:30:41.961178,99586.68,3.78,30,NEUTRAL,0.6,5,2,0,0,0,0,0,0
2026-07-31T11:32:31.576534,99585.27,3.78,30,NEUTRAL,0.6,5,2,0,0,0,0,0,0
2026-07-31T11:34:40.445911,99581.36,3.78,30,NEUTRAL,0.6,5,2,0,0,0,0,0,0
2026-07-31T11:36:32.792848,99615.33,3.78,30,NEUTRAL,0.6,5,2,0,0,0,0,0,0
2026-07-31T11:38:32.334420,99612.81,3.78,30,NEUTRAL,0.6,5,2,0,0,0,0,0,0
2026-07-31T11:40:37.942695,99656.26,3.78,30,NEUTRAL,0.6,5,2,0,0,0,0,0,0
2026-07-31T11:42:40.683933,99648.97,3.78,30,NEUTRAL,0.6,5,2,0,0,0,0,0,0
2026-07-31T11:44:24.952792,99627.72,3.78,30,NEUTRAL,0.6,5,2,0,0,0,0,0,0
2026-07-31T11:46:27.066269,99642.19,3.78,30,NEUTRAL,0.6,5,2,0,0,0,0,0,0
2026-07-31T11:48:24.241787,99645.11,3.78,30,NEUTRAL,0.6,5,2,0,0,0,0,0,0
2026-07-31T11:50:42.249140,99613.75,3.78,30,NEUTRAL,0.6,5,2,0,0,0,0,0,0
2026-07-31T11:52:31.543361,99619.28,3.78,30,NEUTRAL,0.6,5,2,0,0,0,0,0,0
2026-07-31T11:54:31.299931,99640.44,3.78,30,NEUTRAL,0.6,5,2,0,0,0,0,0,0
2026-07-31T11:56:33.853582,99613.54,3.78,30,NEUTRAL,0.6,5,2,0,0,0,0,0,0
2026-07-31T11:58:31.219101,99620.74,3.78,30,NEUTRAL,0.6,5,2,0,0,0,0,0,0
2026-07-31T12:00:37.352175,99605.22,3.78,30,NEUTRAL,0.6,5,2,0,0,0,0,0,0
2026-07-31T12:02:42.368342,99626.38,3.78,30,NEUTRAL,0.6,5,2,0,0,0,0,0,0
2026-07-31T12:04:37.185231,99615.7,3.78,30,NEUTRAL,0.6,5,2,0,0,0,0,0,0
2026-07-31T12:06:32.851683,99612.01,3.78,30,NEUTRAL,0.6,5,2,0,0,0,0,0,0
2026-07-31T12:08:25.913629,99601.22,3.78,30,NEUTRAL,0.6,5,2,0,0,0,0,0,0
2026-07-31T12:10:33.852401,99593.92,3.78,30,NEUTRAL,0.6,5,2,0,0,0,0,0,0
2026-07-31T12:12:36.861383,99615.68,3.78,30,NEUTRAL,0.6,5,2,0,0,0,0,0,0
2026-07-31T12:14:40.612244,99621.95,3.78,30,NEUTRAL,0.6,5,2,0,0,0,0,0,0
2026-07-31T12:16:35.055140,99638.0,3.78,30,NEUTRAL,0.6,5,2,0,0,0,0,0,0
2026-07-31T12:18:35.603996,99695.75,3.78,30,NEUTRAL,0.6,5,2,0,0,0,0,0,0
2026-07-31T12:20:44.954582,99637.62,3.78,30,NEUTRAL,0.6,5,2,0,0,0,0,0,0
2026-07-31T12:22:38.694942,99614.68,3.78,30,NEUTRAL,0.6,5,2,0,0,0,0,0,0
2026-07-31T12:24:30.783207,99637.7,3.78,30,NEUTRAL,0.6,5,2,0,0,0,0,0,0
2026-07-31T12:26:30.549531,99570.72,3.78,30,NEUTRAL,0.6,5,2,0,0,0,0,0,0
2026-07-31T12:28:26.940060,99533.85,3.78,30,NEUTRAL,0.6,5,2,0,0,0,0,0,0
2026-07-31T12:30:30.808249,99523.94,3.78,30,NEUTRAL,0.6,5,2,0,0,0,0,0,0
2026-07-31T12:32:38.982600,99515.81,3.78,30,NEUTRAL,0.6,5,2,0,0,0,0,0,0
2026-07-31T12:34:31.965298,99499.63,3.78,30,NEUTRAL,0.6,5,2,0,0,0,0,0,0
2026-07-31T12:36:31.743905,99493.42,3.78,30,NEUTRAL,0.6,5,2,0,0,0,0,0,0
2026-07-31T12:38:29.012423,99474.19,3.78,30,NEUTRAL,0.6,5,2,0,0,0,0,0,0
2026-07-31T12:40:34.497348,99475.39,3.78,30,NEUTRAL,0.6,5,2,0,0,0,0,0,0
2026-07-31T12:42:33.614284,99447.56,3.78,30,NEUTRAL,0.6,5,2,0,0,0,0,0,0
2026-07-31T12:46:22.214917,99512.29,3.78,30,NEUTRAL,0.6,5,2,0,0,0,0,0,0
2026-07-31T12:48:13.781123,99531.96,3.78,30,NEUTRAL,0.6,5,2,0,0,0,0,0,0
2026-07-31T12:50:34.599583,99502.92,3.78,30,NEUTRAL,0.6,5,2,0,0,0,0,0,0
2026-07-31T12:52:34.106281,99567.68,3.78,30,NEUTRAL,0.6,5,2,0,0,0,0,0,0
2026-07-31T12:54:27.332888,99570.46,3.78,30,NEUTRAL,0.6,5,2,0,0,0,0,0,0
2026-07-31T12:56:40.514920,99602.61,3.78,30,NEUTRAL,0.6,5,2,0,0,0,0,0,0
2026-07-31T12:58:30.254284,99609.64,3.78,30,NEUTRAL,0.6,5,2,0,0,0,0,0,0
2026-07-31T13:00:39.984172,99618.45,3.78,30,NEUTRAL,0.6,5,2,0,0,0,0,0,0
2026-07-31T13:02:27.979707,99634.1,3.78,30,NEUTRAL,0.6,5,2,0,0,0,0,0,0
2026-07-31T13:04:29.751677,99648.04,3.78,30,NEUTRAL,0.6,5,2,0,0,0,0,0,0
2026-07-31T13:06:32.570764,99642.22,3.78,30,NEUTRAL,0.6,5,2,0,0,0,0,0,0
2026-07-31T13:08:33.558162,99626.18,3.78,30,NEUTRAL,0.6,5,2,0,0,0,0,0,0
2026-07-31T13:10:39.210561,99622.9,3.78,30,NEUTRAL,0.6,5,2,0,0,0,0,0,0
2026-07-31T13:12:31.834713,99616.24,3.78,30,NEUTRAL,0.6,5,2,0,0,0,0,0,0
2026-07-31T13:14:43.240230,99627.19,3.78,30,NEUTRAL,0.6,5,2,0,0,0,0,0,0
2026-07-31T13:16:31.601260,99653.91,3.78,30,NEUTRAL,0.6,5,2,0,0,0,0,0,0
2026-07-31T13:18:25.319073,99616.62,3.78,30,NEUTRAL,0.6,6,3,0,0,0,0,0,0
2026-07-31T13:20:33.129816,99589.12,3.78,30,NEUTRAL,0.6,5,2,0,0,0,0,0,0
2026-07-31T13:22:37.658706,99656.27,3.78,30,NEUTRAL,0.6,5,2,0,0,0,0,0,0
2026-07-31T13:24:28.161266,99686.74,3.78,30,NEUTRAL,0.6,5,2,0,0,0,0,0,0
2026-07-31T13:26:25.604336,99609.36,3.78,30,NEUTRAL,0.6,5,2,0,0,0,0,0,0
2026-07-31T13:28:29.962223,99433.39,3.78,30,NEUTRAL,0.6,5,2,0,0,0,0,0,0
2026-07-31T13:31:00.376011,99152.4,14421.3,25,NEUTRAL,0.6,7,3,2,2,0,0,0,2
2026-07-31T13:32:31.689456,99007.4,47420.45,22,NEUTRAL,0.6,11,5,0,0,0,0,0,2
2026-07-31T13:34:42.683807,98903.81,65342.1,17,BULLISH,1.0,14,6,3,3,0,0,0,0
2026-07-31T13:36:39.442423,98835.48,50592.27,17,BULLISH,1.0,12,4,0,0,0,0,0,0
2026-07-31T13:38:42.381970,98790.62,50592.27,17,BULLISH,1.0,12,4,0,0,0,0,0,0
2026-07-31T13:40:38.148680,98859.83,50592.27,17,NEUTRAL,0.6,12,4,0,0,0,0,0,0
2026-07-31T13:42:02.697082,98872.0,50592.27,17,NEUTRAL,0.6,12,4,0,0,0,0,0,0
2026-07-31T13:42:27.872592,98846.29,50592.27,17,NEUTRAL,0.6,12,4,0,0,0,0,0,0
2026-07-31T13:44:27.176228,98952.63,50592.27,17,NEUTRAL,0.6,12,4,0,0,0,0,0,0
2026-07-31T13:46:35.543183,98941.12,50592.27,17,NEUTRAL,0.6,12,4,0,0,0,0,0,0
2026-07-31T13:48:30.938042,98962.52,50592.27,17,NEUTRAL,0.6,12,4,0,0,0,0,0,0
2026-07-31T13:50:35.507548,98917.05,50592.27,17,NEUTRAL,0.6,12,4,0,0,0,0,0,0
2026-07-31T13:52:34.633118,98902.05,50592.27,17,NEUTRAL,0.6,12,4,0,0,0,0,0,0
2026-07-31T13:54:28.661242,98958.41,50592.27,17,NEUTRAL,0.6,12,3,0,0,0,0,0,0
2026-07-31T13:56:33.337124,98889.15,50592.27,17,NEUTRAL,0.6,12,4,0,0,0,0,0,0
2026-07-31T13:58:41.352194,98919.93,50592.27,17,NEUTRAL,0.6,12,4,0,0,0,0,0,0
2026-07-31T14:00:46.108248,98854.95,50592.27,17,NEUTRAL,0.6,12,4,0,0,0,0,0,0
2026-07-31T14:02:38.995594,98807.97,50592.27,17,NEUTRAL,0.6,12,4,0,0,0,0,0,0
2026-07-31T14:04:34.943418,98841.33,50592.27,17,NEUTRAL,0.6,12,4,0,0,0,0,0,0
2026-07-31T14:06:55.831975,98838.83,50592.88,15,NEUTRAL,0.6,12,4,5,4,1,0,0,0
2026-07-31T14:08:28.399751,98776.63,49007.63,15,NEUTRAL,0.6,14,3,0,0,0,0,0,0
2026-07-31T14:10:46.706928,98782.39,49007.63,15,NEUTRAL,0.6,14,3,0,0,0,0,0,0
2026-07-31T14:12:34.184430,98762.01,49007.63,15,NEUTRAL,0.6,14,3,0,0,0,0,0,0
2026-07-31T14:14:32.741804,98730.93,49007.63,15,NEUTRAL,0.6,14,3,0,0,0,0,0,0
2026-07-31T14:16:33.819096,98723.72,49007.63,15,NEUTRAL,0.6,14,3,0,0,0,0,0,0
2026-07-31T14:18:26.013315,98732.11,49007.63,15,NEUTRAL,0.6,14,3,0,0,0,0,0,0
2026-07-31T14:20:32.909314,98669.69,49007.63,15,NEUTRAL,0.6,14,3,0,0,0,0,0,0
2026-07-31T14:22:29.777611,98722.17,49007.63,15,NEUTRAL,0.6,14,3,0,0,0,0,0,0
2026-07-31T14:24:27.807266,98769.33,49007.63,15,NEUTRAL,0.6,14,3,0,0,0,0,0,0
2026-07-31T14:26:34.822091,98791.15,49007.63,15,NEUTRAL,0.6,14,3,0,0,0,0,0,0
2026-07-31T14:28:32.723864,98800.12,49007.63,15,NEUTRAL,0.6,14,3,0,0,0,0,0,0
2026-07-31T14:30:43.748553,98786.65,49007.63,15,NEUTRAL,0.6,14,3,0,0,0,0,0,0
2026-07-31T14:32:46.385523,98850.35,49007.63,15,NEUTRAL,0.6,14,3,0,0,0,0,0,0
2026-07-31T14:34:31.328875,98841.61,49007.63,15,NEUTRAL,0.6,14,4,0,0,0,0,0,0
2026-07-31T14:36:31.193975,98829.83,49007.63,15,NEUTRAL,0.6,14,4,0,0,0,0,0,0
2026-07-31T14:38:31.419449,98825.13,49007.63,15,NEUTRAL,0.6,14,4,0,0,0,0,0,0
2026-07-31T14:40:31.717454,98875.25,49007.63,15,NEUTRAL,0.6,14,4,0,0,0,0,0,0
2026-07-31T14:42:30.269732,98875.72,49007.63,15,NEUTRAL,0.6,14,4,0,0,0,0,0,0
2026-07-31T14:44:30.173543,98874.97,49007.63,15,NEUTRAL,0.6,14,5,0,0,0,0,0,0
2026-07-31T14:46:41.062518,98949.2,49007.63,15,NEUTRAL,0.6,14,5,0,0,0,0,0,0
2026-07-31T14:48:28.629838,98896.1,49007.63,15,NEUTRAL,0.6,14,5,0,0,0,0,0,0
2026-07-31T14:50:41.509137,98871.8,49007.63,15,NEUTRAL,0.6,14,5,0,0,0,0,0,0
2026-07-31T14:52:32.493167,98905.08,49007.63,15,NEUTRAL,0.6,14,5,0,0,0,0,0,0
2026-07-31T14:54:42.607260,98922.85,49007.63,15,NEUTRAL,0.6,14,5,0,0,0,0,0,0
2026-07-31T14:56:58.431988,98920.91,46004.84,12,NEUTRAL,0.6,14,5,5,4,1,0,0,0
2026-07-31T14:58:34.591767,98924.79,46004.84,12,NEUTRAL,0.6,16,6,0,0,0,0,0,0
2026-07-31T15:00:45.094548,98914.27,46004.84,12,NEUTRAL,0.6,16,6,0,0,0,0,0,0
2026-07-31T15:02:44.256724,98908.35,46004.84,12,NEUTRAL,0.6,16,6,0,0,0,0,0,0
2026-07-31T15:04:33.208640,98904.75,46004.84,12,NEUTRAL,0.6,16,6,0,0,0,0,0,0
2026-07-31T15:06:53.761483,98906.21,46004.84,12,NEUTRAL,0.6,16,6,0,0,0,0,0,0
2026-07-31T15:08:35.462613,98903.47,46004.84,12,NEUTRAL,0.6,16,7,0,0,0,0,0,0
2026-07-31T15:10:43.491364,98923.19,46004.84,12,NEUTRAL,0.6,16,7,0,0,0,0,0,0
2026-07-31T15:12:43.137426,98945.76,46004.84,12,NEUTRAL,0.6,16,7,0,0,0,0,0,0
2026-07-31T15:14:52.712355,98964.52,46005.16,9,NEUTRAL,0.6,16,7,5,4,1,0,0,0
2026-07-31T15:16:30.252276,98944.2,41004.24,10,NEUTRAL,0.6,16,6,0,0,0,0,0,0
2026-07-31T15:18:36.434802,98908.72,41004.24,10,NEUTRAL,0.6,16,6,0,0,0,0,0,0
2026-07-31T15:20:36.566145,98910.45,41004.24,10,NEUTRAL,0.6,16,6,0,0,0,0,0,0
2026-07-31T15:22:42.734752,98921.34,41004.24,10,NEUTRAL,0.6,16,6,0,0,0,0,0,0
2026-07-31T15:24:29.135308,98927.43,41004.24,10,NEUTRAL,0.6,16,6,0,0,0,0,0,0
2026-07-31T15:26:32.147952,98941.22,41004.24,10,NEUTRAL,0.6,16,5,0,0,0,0,0,0
2026-07-31T15:28:30.881229,98925.24,41004.24,10,NEUTRAL,0.6,16,4,0,0,0,0,0,0
2026-07-31T15:30:43.637114,98856.5,41004.24,10,NEUTRAL,0.6,16,5,0,0,0,0,0,0
2026-07-31T15:32:32.102609,98881.27,41004.24,10,NEUTRAL,0.6,16,5,0,0,0,0,0,0
2026-07-31T15:34:32.866717,98882.59,41004.24,10,NEUTRAL,0.6,16,5,0,0,0,0,0,0
2026-07-31T15:36:29.833789,98922.44,41004.24,10,NEUTRAL,0.6,16,7,0,0,0,0,0,0
2026-07-31T15:38:26.013330,98962.57,41004.24,10,NEUTRAL,0.6,16,7,0,0,0,0,0,0
2026-07-31T15:40:38.587184,98960.93,41004.24,10,NEUTRAL,0.6,16,6,0,0,0,0,0,0
2026-07-31T15:42:37.197142,98966.21,41004.24,10,NEUTRAL,0.6,16,6,0,0,0,0,0,0
2026-07-31T15:44:27.963305,99007.35,41004.24,10,NEUTRAL,0.6,16,6,0,0,0,0,0,0
2026-07-31T15:46:38.381447,99032.44,41004.24,10,NEUTRAL,0.6,16,6,0,0,0,0,0,0
2026-07-31T15:48:35.064199,99018.15,41004.24,10,NEUTRAL,0.6,16,5,0,0,0,0,0,0
2026-07-31T15:50:31.814681,99021.79,41004.24,10,NEUTRAL,0.6,16,6,0,0,0,0,0,0
2026-07-31T15:52:29.034985,99020.34,41004.24,10,NEUTRAL,0.6,16,6,0,0,0,0,0,0
2026-07-31T15:54:26.545547,99042.69,41004.24,10,NEUTRAL,0.6,16,6,0,0,0,0,0,0
2026-07-31T15:55:06.892691,99041.85,41004.24,10,NEUTRAL,0.6,16,6,0,0,0,0,0,0
2026-07-31T15:56:26.499515,99040.37,41004.24,10,NEUTRAL,0.6,16,6,0,0,0,0,0,0
2026-07-31T15:58:28.021795,99093.35,41004.24,10,NEUTRAL,0.6,16,6,0,0,0,0,0,0
2026-07-31T16:00:41.501746,99123.54,41004.24,10,NEUTRAL,0.6,16,6,0,0,0,0,0,0
2026-07-31T16:02:39.508611,99105.85,41004.24,10,NEUTRAL,0.6,16,6,0,0,0,0,0,0
2026-07-31T16:04:29.251041,99102.88,41004.24,10,NEUTRAL,0.6,16,6,0,0,0,0,0,0
2026-07-31T16:06:32.643911,99106.0,41004.24,10,NEUTRAL,0.6,16,6,0,0,0,0,0,0
2026-07-31T16:08:45.638565,99108.49,41004.24,10,NEUTRAL,0.6,16,6,3,2,1,0,0,0
2026-07-31T16:10:47.153962,99126.63,41188.42,10,NEUTRAL,0.6,16,6,0,0,0,0,0,0
2026-07-31T16:12:41.124394,99159.7,41188.42,10,NEUTRAL,0.6,16,6,0,0,0,0,0,0
2026-07-31T16:14:34.692478,99166.13,41188.42,10,NEUTRAL,0.6,16,6,0,0,0,0,0,0
2026-07-31T16:16:34.520805,99143.89,41188.42,10,NEUTRAL,0.6,16,6,0,0,0,0,0,0
2026-07-31T16:18:26.171423,99116.75,41188.42,10,NEUTRAL,0.6,16,5,0,0,0,0,0,0
2026-07-31T16:20:37.101470,99128.19,41188.42,10,NEUTRAL,0.6,16,5,0,0,0,0,0,0
2026-07-31T16:22:38.510969,99173.4,41188.42,10,NEUTRAL,0.6,16,5,2,0,2,0,0,0
2026-07-31T16:24:39.501796,99174.27,41188.42,10,NEUTRAL,0.6,16,5,2,1,1,0,0,0
2026-07-31T16:26:27.011776,99160.81,40425.61,10,NEUTRAL,0.6,16,5,0,0,0,0,0,0
2026-07-31T16:28:35.527007,99139.07,40425.61,10,NEUTRAL,0.6,16,5,0,0,0,0,0,0
2026-07-31T16:30:34.746547,99130.7,40425.61,10,NEUTRAL,0.6,16,5,0,0,0,0,0,0
2026-07-31T16:32:27.126033,99155.61,40425.61,10,NEUTRAL,0.6,16,5,0,0,0,0,0,0
2026-07-31T16:34:42.292598,99176.27,40425.61,10,NEUTRAL,0.6,16,5,0,0,0,0,0,0
2026-07-31T16:36:33.392637,99185.43,40425.61,10,NEUTRAL,0.6,16,5,0,0,0,0,0,0
2026-07-31T16:38:35.284104,99199.12,40425.61,10,NEUTRAL,0.6,16,5,0,0,0,0,0,0
2026-07-31T16:40:37.250134,99206.8,40425.61,10,NEUTRAL,0.6,16,5,0,0,0,0,0,0
2026-07-31T16:42:36.782603,99228.63,40425.61,10,NEUTRAL,0.6,16,5,0,0,0,0,0,0
2026-07-31T16:44:42.105084,99247.98,40425.61,10,NEUTRAL,0.6,16,5,0,0,0,0,0,0
2026-07-31T16:46:39.526236,99251.66,40425.61,10,NEUTRAL,0.6,16,5,0,0,0,0,0,0
2026-07-31T16:48:29.706409,99225.9,40425.61,10,NEUTRAL,0.6,16,5,0,0,0,0,0,0
2026-07-31T16:50:39.908078,99221.44,40425.61,10,NEUTRAL,0.6,16,5,0,0,0,0,0,0
2026-07-31T16:52:28.098124,99211.07,40425.61,10,NEUTRAL,0.6,16,5,0,0,0,0,0,0
2026-07-31T16:54:42.220457,99218.26,40425.61,10,NEUTRAL,0.6,16,5,0,0,0,0,0,0
2026-07-31T16:56:32.641877,99220.84,40425.61,10,NEUTRAL,0.6,16,5,0,0,0,0,0,0
2026-07-31T16:58:34.171555,99219.19,40425.61,10,NEUTRAL,0.6,16,5,0,0,0,0,0,0
2026-07-31T17:00:37.336181,99254.18,40425.61,10,NEUTRAL,0.6,16,5,0,0,0,0,0,0
2026-07-31T17:02:51.468586,99254.94,39537.88,10,NEUTRAL,0.6,16,5,2,1,1,0,0,0
2026-07-31T17:04:45.375451,99241.26,39537.88,10,NEUTRAL,0.6,16,5,0,0,0,0,0,0
2026-07-31T17:06:33.399684,99245.62,39537.88,10,NEUTRAL,0.6,16,5,0,0,0,0,0,0
2026-07-31T17:08:33.352566,99246.34,39537.88,10,NEUTRAL,0.6,16,5,0,0,0,0,0,0
2026-07-31T17:10:39.183722,99278.43,39537.88,10,NEUTRAL,0.6,16,5,0,0,0,0,0,0
2026-07-31T17:12:32.605612,99297.08,39537.88,10,NEUTRAL,0.6,16,5,0,0,0,0,0,0
2026-07-31T17:14:36.310659,99298.71,39537.88,10,NEUTRAL,0.6,16,5,0,0,0,0,0,0
2026-07-31T17:16:36.501350,99310.36,39537.88,10,NEUTRAL,0.6,16,5,0,0,0,0,0,0
2026-07-31T17:18:45.913789,99308.25,39537.88,10,NEUTRAL,0.6,16,6,2,1,1,0,0,0
2026-07-31T17:20:29.474374,99306.76,40738.22,10,NEUTRAL,0.6,16,6,0,0,0,0,0,0
2026-07-31T17:21:06.955373,99305.57,40738.22,10,NEUTRAL,0.6,16,5,0,0,0,0,0,0
2026-07-31T17:22:33.354226,99303.78,40738.22,10,NEUTRAL,0.6,16,5,0,0,0,0,0,0
2026-07-31T17:24:39.123706,99316.73,40738.22,10,BULLISH,1.0,16,5,0,0,0,0,0,0
2026-07-31T17:26:41.456639,99335.12,40738.22,10,BULLISH,1.0,16,5,0,0,0,0,0,0
2026-07-31T17:28:35.052406,99348.49,40738.22,10,BULLISH,1.0,16,5,0,0,0,0,0,0
2026-07-31T17:30:43.714895,99367.01,40738.22,10,BULLISH,1.0,16,5,0,0,0,0,0,0
2026-07-31T17:32:36.703420,99358.54,40738.22,10,BULLISH,1.0,16,5,0,0,0,0,0,0
2026-07-31T17:34:35.673146,99356.06,40738.22,10,BULLISH,1.0,16,5,0,0,0,0,0,0
2026-07-31T17:36:42.964977,99338.44,40738.22,10,BULLISH,1.0,16,5,0,0,0,0,0,0
2026-07-31T17:38:38.225325,99309.37,40738.22,10,BULLISH,1.0,16,5,0,0,0,0,0,0
2026-07-31T17:42:05.224563,99340.29,40738.22,10,BULLISH,1.0,16,5,0,0,0,0,0,0
2026-07-31T17:42:39.094257,99325.08,40738.22,10,BULLISH,1.0,16,5,0,0,0,0,0,0
2026-07-31T17:44:39.082600,99323.52,40738.22,10,BULLISH,1.0,16,5,0,0,0,0,0,0
2026-07-31T17:46:38.550015,99338.12,40738.22,10,BULLISH,1.0,16,5,0,0,0,0,0,0
2026-07-31T17:48:36.777407,99346.72,40738.22,10,BULLISH,1.0,16,5,0,0,0,0,0,0
2026-07-31T17:50:37.949396,99325.12,40738.22,10,NEUTRAL,0.6,16,5,0,0,0,0,0,0
2026-07-31T17:52:49.839610,99302.4,40738.22,10,NEUTRAL,0.6,16,5,0,0,0,0,0,0
2026-07-31T17:54:41.585311,99319.0,40738.22,10,NEUTRAL,0.6,16,5,0,0,0,0,0,0
2026-07-31T17:56:39.327282,99314.66,40738.22,10,BULLISH,1.0,16,5,0,0,0,0,0,0
2026-07-31T17:58:35.691747,99327.54,40738.22,10,BULLISH,1.0,16,5,0,0,0,0,0,0
2026-07-31T18:00:48.492127,99317.7,40738.22,10,NEUTRAL,0.6,16,5,0,0,0,0,0,0
2026-07-31T18:02:27.303328,99340.64,40738.22,10,BULLISH,1.0,16,5,0,0,0,0,0,0
2026-07-31T18:04:25.986052,99343.28,40738.22,10,BULLISH,1.0,16,5,0,0,0,0,0,0
2026-07-31T18:06:47.871402,99350.14,40738.22,10,BULLISH,1.0,16,5,0,0,0,0,0,0
2026-07-31T18:08:35.560276,99364.31,40738.22,10,BULLISH,1.0,16,5,0,0,0,0,0,0
2026-07-31T18:10:35.858579,99391.29,40738.22,10,BULLISH,1.0,16,5,0,0,0,0,0,0
2026-07-31T18:12:26.866289,99429.61,40738.22,10,BULLISH,1.0,16,6,0,0,0,0,0,0
2026-07-31T18:14:39.557706,99401.44,40738.22,10,BULLISH,1.0,16,6,0,0,0,0,0,0
2026-07-31T18:16:41.630110,99391.9,40738.22,10,BULLISH,1.0,16,6,0,0,0,0,0,0
2026-07-31T18:18:27.272310,99383.49,40738.22,10,BULLISH,1.0,16,6,0,0,0,0,0,0
2026-07-31T18:20:34.613218,99394.35,40738.22,10,BULLISH,1.0,16,6,0,0,0,0,0,0
2026-07-31T18:22:31.982683,99388.19,40738.22,10,BULLISH,1.0,16,6,0,0,0,0,0,0
2026-07-31T18:24:42.337636,99412.22,40738.22,10,BULLISH,1.0,16,6,3,3,0,0,0,0
2026-07-31T18:26:26.121822,99416.2,31232.94,10,BULLISH,1.0,16,6,0,0,0,0,0,0
2026-07-31T18:28:38.013780,99417.08,31232.94,10,BULLISH,1.0,16,6,0,0,0,0,0,0
2026-07-31T18:35:48.091335,99383.78,31232.94,10,BULLISH,1.0,16,6,0,0,0,0,0,0
2026-07-31T18:37:11.370706,99387.21,31232.94,10,BULLISH,1.0,16,6,0,0,0,0,0,0
2026-07-31T18:38:33.462392,99354.54,31232.94,10,BULLISH,1.0,16,6,0,0,0,0,0,0
2026-07-31T18:40:44.878944,99339.77,31232.94,10,BULLISH,1.0,16,6,0,0,0,0,0,0
2026-07-31T18:42:30.071114,99326.75,31232.94,10,BULLISH,1.0,16,6,0,0,0,0,0,0
2026-07-31T18:44:54.488832,99336.92,31232.94,10,BULLISH,1.0,16,6,0,0,0,0,0,0
2026-07-31T18:46:29.868411,99337.17,31232.94,10,BULLISH,1.0,16,7,0,0,0,0,0,0
2026-07-31T18:48:26.974230,99322.21,31232.94,10,BULLISH,1.0,16,6,0,0,0,0,0,0
2026-07-31T18:50:33.376412,99324.43,31232.94,10,BULLISH,1.0,16,6,0,0,0,0,0,0
2026-07-31T18:52:33.417683,99312.84,31232.94,10,BULLISH,1.0,16,6,0,0,0,0,0,0
2026-07-31T18:54:38.399158,99314.62,31232.94,10,BULLISH,1.0,16,7,0,0,0,0,0,0
2026-07-31T18:56:35.556499,99307.1,31232.94,10,BULLISH,1.0,16,7,0,0,0,0,0,0
2026-07-31T18:58:36.524490,99303.24,31232.94,10,BULLISH,1.0,16,7,0,0,0,0,0,0
2026-07-31T19:00:38.084016,99337.31,31232.94,10,BULLISH,1.0,16,7,0,0,0,0,0,0
2026-07-31T19:02:35.484788,99314.63,31232.94,10,BULLISH,1.0,16,7,0,0,0,0,0,0
2026-07-31T19:04:34.569034,99283.67,31232.94,10,BULLISH,1.0,16,7,0,0,0,0,0,0
2026-07-31T19:06:48.646775,99351.26,31232.94,10,BULLISH,1.0,16,7,1,1,0,0,0,0
2026-07-31T19:08:39.453223,99338.07,30455.31,10,BULLISH,1.0,16,7,0,0,0,0,0,0
2026-07-31T19:09:24.835853,99351.97,30455.31,10,BULLISH,1.0,16,7,0,0,0,0,0,0
2026-07-31T19:11:01.949094,99362.83,30455.31,10,BULLISH,1.0,16,7,2,2,0,0,0,0
2026-07-31T19:12:40.986405,99368.53,26663.19,10,BULLISH,1.0,16,7,0,0,0,0,0,0
2026-07-31T19:14:49.013212,99382.21,25681.95,10,BULLISH,1.0,16,7,2,2,0,0,0,0
2026-07-31T19:16:37.581089,99383.75,22224.47,10,BULLISH,1.0,16,7,0,0,0,0,0,0
2026-07-31T19:18:32.336329,99438.75,22224.47,10,BULLISH,1.0,16,7,0,0,0,0,0,0
2026-07-31T19:20:41.750769,99436.66,22224.47,10,BULLISH,1.0,16,7,0,0,0,0,0,0
2026-07-31T19:22:27.560469,99477.72,22224.47,10,BULLISH,1.0,16,7,0,0,0,0,0,0
2026-07-31T19:24:33.758151,99492.14,22224.47,10,BULLISH,1.0,16,7,0,0,0,0,0,0
2026-07-31T19:26:29.256725,99492.18,22224.47,10,BULLISH,1.0,16,7,0,0,0,0,0,0
2026-07-31T19:33:40.914611,99419.14,22224.47,10,BULLISH,1.0,16,7,0,0,0,0,0,0
2026-07-31T19:34:17.314183,99405.42,22224.47,10,BULLISH,1.0,16,7,0,0,0,0,0,0
2026-07-31T19:34:47.895476,99384.41,22224.47,10,BULLISH,1.0,16,7,0,0,0,0,0,0
2026-07-31T19:36:43.904747,99419.59,22224.47,10,BULLISH,1.0,16,7,0,0,0,0,0,0
2026-07-31T19:38:27.787900,99451.51,22224.47,10,BULLISH,1.0,16,7,0,0,0,0,0,0
2026-07-31T19:40:33.446543,99517.09,22224.47,10,BULLISH,1.0,16,7,0,0,0,0,0,0
2026-07-31T19:42:37.046385,99490.32,22224.47,10,BULLISH,1.0,16,7,0,0,0,0,0,0
2026-07-31T19:44:40.717424,99489.04,22224.47,10,BULLISH,1.0,16,7,0,0,0,0,0,0
2026-07-31T19:46:43.384351,99503.72,22224.47,10,BULLISH,1.0,16,7,0,0,0,0,0,0
2026-07-31T19:48:37.105242,99494.28,22224.47,10,BULLISH,1.0,16,7,0,0,0,0,0,0
2026-07-31T19:50:41.660459,99487.09,22224.47,10,BULLISH,1.0,16,7,2,0,2,0,0,0
2026-07-31T19:52:32.995262,99466.66,22224.47,10,BULLISH,1.0,16,7,0,0,0,0,0,0
2026-07-31T19:54:31.346088,99435.95,22224.47,10,BULLISH,1.0,16,7,0,0,0,0,0,0
2026-07-31T19:56:39.059670,99378.65,22224.47,10,BULLISH,1.0,16,7,0,0,0,0,0,0
2026-07-31T19:58:42.101184,99467.59,22224.47,10,BULLISH,1.0,16,7,0,0,0,0,0,0
2026-07-31T20:00:37.402960,99376.41,22224.47,10,BULLISH,1.0,16,8,0,0,0,0,0,0
2026-07-31T20:02:42.590819,99361.92,22224.47,10,BULLISH,1.0,16,8,0,0,0,0,0,0
2026-07-31T20:04:35.408372,99383.87,22224.47,10,BULLISH,1.0,16,8,0,0,0,0,0,0
2026-07-31T20:06:32.684792,99381.11,22224.47,10,BULLISH,1.0,16,8,0,0,0,0,0,0
2026-07-31T20:08:34.804904,99368.91,22224.47,10,BULLISH,1.0,16,8,0,0,0,0,0,0
2026-07-31T20:10:31.122792,99367.46,22224.47,10,BULLISH,1.0,16,8,0,0,0,0,0,0
2026-07-31T20:12:26.215932,99362.38,22224.47,10,BULLISH,1.0,16,8,0,0,0,0,0,0
2026-07-31T20:14:31.299842,99299.24,22224.47,10,BULLISH,1.0,16,8,0,0,0,0,0,0
2026-07-31T20:16:32.723824,99398.22,22224.47,10,BULLISH,1.0,16,8,0,0,0,0,0,0
2026-07-31T20:18:38.122845,99398.68,22224.47,10,BULLISH,1.0,16,8,0,0,0,0,0,0
2026-07-31T20:20:35.206496,99397.98,22224.47,10,BULLISH,1.0,16,8,0,0,0,0,0,0
2026-07-31T20:22:30.838377,99395.81,22224.47,10,BULLISH,1.0,16,8,0,0,0,0,0,0
2026-07-31T20:24:29.506689,99370.12,22224.47,10,BULLISH,1.0,16,8,0,0,0,0,0,0
2026-07-31T20:26:26.404103,99370.55,22224.47,10,BULLISH,1.0,16,8,0,0,0,0,0,0
2026-07-31T20:28:41.448974,99376.74,22224.47,10,BULLISH,1.0,16,8,0,0,0,0,0,0
2026-07-31T20:31:52.559563,99365.74,22224.47,10,BULLISH,1.0,16,8,0,0,0,0,0,0
2026-07-31T20:32:46.409765,99368.48,22224.47,10,BULLISH,1.0,16,8,0,0,0,0,0,0
2026-07-31T20:34:39.234569,99373.38,22224.47,10,BULLISH,1.0,16,8,0,0,0,0,0,0
2026-07-31T20:36:35.866188,99397.95,22224.47,10,BULLISH,1.0,16,8,0,0,0,0,0,0
2026-07-31T20:38:35.279957,99397.02,22224.47,10,BULLISH,1.0,16,8,0,0,0,0,0,0
2026-07-31T20:40:28.400569,99397.02,22224.47,10,BULLISH,1.0,16,8,0,0,0,0,0,0
2026-07-31T20:42:35.156500,99397.3,22224.47,10,BULLISH,1.0,16,8,0,0,0,0,0,0
2026-07-31T20:44:46.078593,99397.3,22224.47,10,BULLISH,1.0,16,8,3,1,2,0,0,0
2026-07-31T20:46:50.605627,99390.85,22224.47,10,BULLISH,1.0,16,8,0,0,0,0,0,0
2026-07-31T20:48:32.756418,99392.59,22224.47,10,BULLISH,1.0,16,8,0,0,0,0,0,0
2026-07-31T20:50:39.150024,99392.87,22224.47,10,BULLISH,1.0,16,8,0,0,0,0,0,0
2026-07-31T20:52:26.770867,99392.96,22224.47,10,BULLISH,1.0,16,8,0,0,0,0,0,0
2026-07-31T20:54:26.560104,99408.78,22224.47,10,BULLISH,1.0,16,8,3,2,1,0,0,0
2026-07-31T20:55:00.267026,99408.17,22224.47,10,BULLISH,1.0,16,8,0,0,0,0,0,0
2026-07-31T20:56:31.966486,99408.4,22224.47,10,BULLISH,1.0,16,8,0,0,0,0,0,0
2026-07-31T20:58:26.885552,99426.74,22224.47,10,BULLISH,1.0,16,8,0,0,0,0,0,0
2026-07-31T21:00:40.480761,99472.42,22224.47,10,BULLISH,1.0,16,8,0,0,0,0,0,0
2026-07-31T21:02:25.748936,99472.83,22224.47,10,BULLISH,1.0,16,8,0,0,0,0,0,0
2026-07-31T21:04:27.598468,99479.09,22224.47,10,BULLISH,1.0,16,8,0,0,0,0,0,0
2026-07-31T21:06:27.620774,99479.08,22224.47,10,BULLISH,1.0,16,8,0,0,0,0,0,0
2026-07-31T21:08:31.294244,99443.52,22224.47,10,BULLISH,1.0,16,8,0,0,0,0,0,0
2026-07-31T21:10:28.904967,99443.1,22224.47,10,BULLISH,1.0,16,8,0,0,0,0,0,0
2026-07-31T21:12:29.331083,99439.2,22224.47,10,BULLISH,1.0,16,8,0,0,0,0,0,0
2026-07-31T21:14:25.952202,99449.63,22224.47,10,BULLISH,1.0,16,8,0,0,0,0,0,0
2026-07-31T21:16:27.653820,99454.08,22224.47,10,BULLISH,1.0,16,8,0,0,0,0,0,0
2026-07-31T21:18:29.397565,99454.09,22224.47,10,BULLISH,1.0,16,8,0,0,0,0,0,0
2026-07-31T21:20:29.457280,99454.0,22224.47,10,BULLISH,1.0,16,8,0,0,0,0,0,0
2026-07-31T21:22:34.363448,99451.12,22224.47,10,BULLISH,1.0,16,8,0,0,0,0,0,0
2026-07-31T21:24:36.129507,99464.55,22224.47,10,BULLISH,1.0,16,8,0,0,0,0,0,0
2026-07-31T21:26:35.174856,99464.64,22224.47,10,BULLISH,1.0,16,8,0,0,0,0,0,0
2026-07-31T21:28:39.006492,99448.3,22224.47,10,BULLISH,1.0,16,8,0,0,0,0,0,0
2026-07-31T21:30:40.689634,99448.63,22224.47,10,BULLISH,1.0,16,8,0,0,0,0,0,0
2026-07-31T21:32:25.003072,99444.83,22224.47,10,BULLISH,1.0,16,8,0,0,0,0,0,0
2026-07-31T21:34:39.725411,99444.51,22224.47,10,BULLISH,1.0,16,8,0,0,0,0,0,0
2026-07-31T21:36:34.351196,99426.05,22224.47,10,BULLISH,1.0,16,8,0,0,0,0,0,0
2026-07-31T21:38:26.772992,99426.29,22224.47,10,BULLISH,1.0,16,8,0,0,0,0,0,0
2026-07-31T21:40:36.988911,99456.32,22224.47,10,BULLISH,1.0,16,8,0,0,0,0,0,0
2026-07-31T21:42:39.952317,99440.95,22224.47,10,BULLISH,1.0,16,8,0,0,0,0,0,0
2026-07-31T21:44:24.489655,99441.14,22224.47,10,BULLISH,1.0,16,8,0,0,0,0,0,0
2026-07-31T21:46:33.694778,99440.26,22224.47,10,BULLISH,1.0,16,8,0,0,0,0,0,0
2026-07-31T21:48:26.073886,99436.66,22224.47,10,BULLISH,1.0,16,8,0,0,0,0,0,0
2026-07-31T21:50:28.624914,99426.18,22224.47,10,BULLISH,1.0,16,8,0,0,0,0,0,0
2026-07-31T21:52:42.008620,99554.3,22224.47,10,BULLISH,1.0,16,8,0,0,0,0,0,0
2026-07-31T21:54:33.211419,99552.99,22224.47,10,BULLISH,1.0,16,8,0,0,0,0,0,0
2026-07-31T21:56:32.686245,99556.54,22224.47,10,BULLISH,1.0,16,8,0,0,0,0,0,0
2026-07-31T21:57:37.432100,99566.05,22224.47,10,BULLISH,1.0,16,8,0,0,0,0,0,0
2026-07-31T21:58:32.949862,99565.81,22224.47,10,BULLISH,1.0,16,8,0,0,0,0,0,0
2026-07-31T22:00:44.754694,99565.3,22224.47,10,BULLISH,1.0,16,8,0,0,0,0,0,0
2026-07-31T22:02:28.713810,99565.81,22224.47,10,BULLISH,1.0,16,8,0,0,0,0,0,0
2026-07-31T22:04:30.507316,99565.86,22224.47,10,BULLISH,1.0,16,8,0,0,0,0,0,0
2026-07-31T22:06:30.085601,99553.97,22224.47,10,BULLISH,1.0,16,8,0,0,0,0,0,0
2026-07-31T22:08:25.380927,99556.23,22224.47,10,BULLISH,1.0,16,8,0,0,0,0,0,0
2026-07-31T22:10:51.761036,99520.91,22224.47,10,BULLISH,1.0,16,8,3,3,0,0,0,0
2026-07-31T22:12:35.447603,99523.14,22224.47,10,BULLISH,1.0,16,8,0,0,0,0,0,0
2026-07-31T22:14:34.778593,99522.91,22224.47,10,BULLISH,1.0,16,8,0,0,0,0,0,0
2026-07-31T22:16:40.488483,99521.65,22224.47,10,BULLISH,1.0,16,8,0,0,0,0,0,0
2026-07-31T22:18:32.641116,99521.46,22224.47,10,BULLISH,1.0,16,8,0,0,0,0,0,0
2026-07-31T22:20:33.511737,99520.05,22224.47,10,BULLISH,1.0,16,8,0,0,0,0,0,0
2026-07-31T22:22:30.292790,99516.1,22224.47,10,BULLISH,1.0,16,8,0,0,0,0,0,0
2026-07-31T22:24:33.039296,99515.72,22224.47,10,BULLISH,1.0,16,8,0,0,0,0,0,0
2026-07-31T22:26:32.886102,99512.54,22224.47,10,BULLISH,1.0,16,8,0,0,0,0,0,0
2026-07-31T22:28:32.311988,99536.99,22224.47,10,BULLISH,1.0,16,8,0,0,0,0,0,0
2026-07-31T22:30:34.244027,99342.26,22224.47,10,BULLISH,1.0,16,8,0,0,0,0,0,0
2026-07-31T22:32:32.796088,99403.65,22224.47,10,BULLISH,1.0,16,8,0,0,0,0,0,0
2026-07-31T22:34:38.390893,99409.41,22224.47,10,BULLISH,1.0,16,8,0,0,0,0,0,0
2026-07-31T22:36:24.140375,99413.57,22224.47,10,BULLISH,1.0,16,8,0,0,0,0,0,0
2026-07-31T22:38:31.539937,99413.08,22224.47,10,BULLISH,1.0,16,8,0,0,0,0,0,0
2026-07-31T22:40:43.570815,99389.1,22224.47,10,BULLISH,1.0,16,8,0,0,0,0,0,0
2026-07-31T22:42:34.155757,99370.76,22224.47,10,BULLISH,1.0,16,8,0,0,0,0,0,0
2026-07-31T22:44:33.315661,99384.44,22224.47,10,BULLISH,1.0,16,8,0,0,0,0,0,0
2026-07-31T22:46:31.496882,99402.48,22224.47,10,BULLISH,1.0,16,8,0,0,0,0,0,0
2026-07-31T22:48:30.303286,99414.55,22224.47,10,BULLISH,1.0,16,8,0,0,0,0,0,0
2026-07-31T22:50:29.756139,99414.64,22224.47,10,BULLISH,1.0,16,8,0,0,0,0,0,0
2026-07-31T22:52:27.989600,99415.12,22224.47,10,BULLISH,1.0,16,8,0,0,0,0,0,0
2026-07-31T22:54:28.141378,99415.36,22224.47,10,BULLISH,1.0,16,8,0,0,0,0,0,0
2026-07-31T22:56:32.508246,99410.31,22224.47,10,BULLISH,1.0,16,8,0,0,0,0,0,0
2026-07-31T22:57:30.028140,99417.6,22224.47,10,BULLISH,1.0,16,8,0,0,0,0,0,0
2026-07-31T22:58:29.720242,99417.71,22224.47,10,BULLISH,1.0,16,8,0,0,0,0,0,0
2026-07-31T23:00:37.593708,99342.5,22224.47,10,BULLISH,1.0,16,8,0,0,0,0,0,0
2026-07-31T23:02:31.759040,99428.57,22224.47,10,BULLISH,1.0,16,8,0,0,0,0,0,0
2026-07-31T23:04:31.375859,99432.92,22224.47,10,BULLISH,1.0,16,8,0,0,0,0,0,0
2026-07-31T23:06:36.674574,99432.54,22224.47,10,BULLISH,1.0,16,8,0,0,0,0,0,0
2026-07-31T23:08:23.296402,99451.77,22224.47,10,BULLISH,1.0,16,8,0,0,0,0,0,0
2026-07-31T23:10:39.931577,99452.42,22224.47,10,BULLISH,1.0,16,8,0,0,0,0,0,0
2026-07-31T23:12:39.261872,99432.47,22224.47,10,BULLISH,1.0,16,8,0,0,0,0,0,0
2026-07-31T23:18:33.375526,99394.51,22224.47,10,BULLISH,1.0,16,8,0,0,0,0,0,0
2026-07-31T23:22:27.041362,99416.82,22224.47,10,BULLISH,1.0,16,8,0,0,0,0,0,0
2026-07-31T23:24:32.353193,99437.24,22224.47,10,BULLISH,1.0,16,8,0,0,0,0,0,0
2026-07-31T23:26:35.763494,99437.28,22224.47,10,BULLISH,1.0,16,8,0,0,0,0,0,0
2026-07-31T23:28:24.078971,99434.4,22224.47,10,BULLISH,1.0,16,8,0,0,0,0,0,0
2026-07-31T23:30:50.785933,99433.98,22224.47,10,BULLISH,1.0,16,8,0,0,0,0,0,0
2026-07-31T23:32:30.565549,99434.07,22224.47,10,BULLISH,1.0,16,8,0,0,0,0,0,0
2026-07-31T23:34:23.900461,99433.93,22224.47,10,BULLISH,1.0,16,8,0,0,0,0,0,0
2026-07-31T23:36:23.628581,99426.97,22224.47,10,BULLISH,1.0,16,8,0,0,0,0,0,0
2026-07-31T23:38:24.996446,99425.1,22224.47,10,BULLISH,1.0,16,8,0,0,0,0,0,0
2026-07-31T23:40:28.116880,99425.1,22224.47,10,BULLISH,1.0,16,8,0,0,0,0,0,0
2026-07-31T23:42:24.136252,99432.88,22224.47,10,BULLISH,1.0,16,8,0,0,0,0,0,0
2026-07-31T23:44:33.020952,99432.97,22224.47,10,BULLISH,1.0,16,8,0,0,0,0,0,0
2026-07-31T23:46:28.353015,99432.74,22224.47,10,BULLISH,1.0,16,8,0,0,0,0,0,0
2026-07-31T23:48:45.132925,99436.85,22224.47,10,BULLISH,1.0,16,8,0,0,0,0,0,0
2026-07-31T23:51:06.869104,99426.31,22224.47,10,BULLISH,1.0,16,8,1,0,1,0,0,0
2026-07-31T23:52:26.436259,99426.12,22224.47,10,BULLISH,1.0,16,8,0,0,0,0,0,0
2026-07-31T23:54:29.161767,99419.04,22224.47,10,BULLISH,1.0,16,8,0,0,0,0,0,0
2026-07-31T23:56:33.071291,99427.44,22224.47,10,BULLISH,1.0,16,8,0,0,0,0,0,0
2026-07-31T23:58:26.494426,99428.04,22224.47,10,BULLISH,1.0,16,8,0,0,0,0,0,0
2026-07-31T23:58:51.821283,99426.39,22224.47,10,BULLISH,1.0,16,8,0,0,0,0,0,0
2026-08-01T00:00:46.248558,99428.36,22224.47,10,BULLISH,1.0,16,8,0,0,0,0,0,0
2026-08-01T00:02:33.600338,99428.36,22224.47,10,BULLISH,1.0,16,8,0,0,0,0,0,0
2026-08-01T00:04:26.731207,99428.36,22224.47,10,BULLISH,1.0,16,8,0,0,0,0,0,0
2026-08-01T00:06:32.594991,99428.36,22224.47,10,BULLISH,1.0,16,8,0,0,0,0,0,0
2026-08-01T00:08:32.408485,99428.36,22224.47,10,BULLISH,1.0,16,8,0,0,0,0,0,0
2026-08-01T00:10:44.644349,99428.36,22224.47,10,BULLISH,1.0,16,8,1,0,1,0,0,0
2026-08-01T00:12:29.989504,99428.36,22224.47,10,BULLISH,1.0,16,8,0,0,0,0,0,0
2026-08-01T00:14:28.664312,99428.36,22224.47,10,BULLISH,1.0,16,8,0,0,0,0,0,0
2026-08-01T00:16:34.287944,99428.36,22224.47,10,BULLISH,1.0,16,8,0,0,0,0,0,0
2026-08-01T00:18:27.284309,99428.36,22224.47,10,BULLISH,1.0,16,8,0,0,0,0,0,0
2026-08-01T00:20:28.914780,99428.36,22224.47,10,BULLISH,1.0,16,8,0,0,0,0,0,0
2026-08-01T00:22:34.352119,99428.36,22224.47,10,BULLISH,1.0,16,8,0,0,0,0,0,0
2026-08-01T00:24:38.424727,99428.36,22224.47,10,BULLISH,1.0,16,8,0,0,0,0,0,0
2026-08-01T00:26:35.979998,99428.36,22224.47,10,BULLISH,1.0,16,8,0,0,0,0,0,0
2026-08-01T00:28:32.236459,99428.36,22224.47,10,BULLISH,1.0,16,8,0,0,0,0,0,0
2026-08-01T00:30:40.922150,99428.36,22224.47,10,BULLISH,1.0,16,8,0,0,0,0,0,0
2026-08-01T00:32:25.745069,99428.36,22224.47,10,BULLISH,1.0,16,8,0,0,0,0,0,0
2026-08-01T00:34:26.940101,99428.36,22224.47,10,BULLISH,1.0,16,8,0,0,0,0,0,0
2026-08-01T00:36:32.578211,99428.36,22224.47,10,BULLISH,1.0,16,8,0,0,0,0,0,0
2026-08-01T00:38:29.134016,99428.36,22224.47,10,BULLISH,1.0,16,8,0,0,0,0,0,0
2026-08-01T00:40:27.419627,99428.36,22224.47,10,BULLISH,1.0,16,8,0,0,0,0,0,0
2026-08-01T00:42:33.543818,99428.36,22224.47,10,BULLISH,1.0,16,8,0,0,0,0,0,0
2026-08-01T00:44:30.795932,99428.36,22224.47,10,BULLISH,1.0,16,8,0,0,0,0,0,0
2026-08-01T00:46:31.560334,99428.36,22224.47,10,BULLISH,1.0,16,8,0,0,0,0,0,0
2026-08-01T00:48:32.499494,99428.36,22224.47,10,BULLISH,1.0,16,8,0,0,0,0,0,0
2026-08-01T00:50:35.309686,99428.36,22224.47,10,BULLISH,1.0,16,8,0,0,0,0,0,0
2026-08-01T00:52:34.259699,99428.36,22224.47,10,BULLISH,1.0,16,8,0,0,0,0,0,0
2026-08-01T00:54:30.658550,99428.36,22224.47,10,BULLISH,1.0,16,8,0,0,0,0,0,0
2026-08-01T00:56:35.076738,99428.36,22224.47,10,BULLISH,1.0,16,8,0,0,0,0,0,0
2026-08-01T00:58:26.483720,99428.36,22224.47,10,BULLISH,1.0,16,8,0,0,0,0,0,0
2026-08-01T01:00:41.814342,99428.36,22224.47,10,BULLISH,1.0,16,8,0,0,0,0,0,0
2026-08-01T01:02:32.606386,99428.36,22224.47,10,BULLISH,1.0,16,8,0,0,0,0,0,0
2026-08-01T01:04:36.815907,99428.36,22224.47,10,BULLISH,1.0,16,8,0,0,0,0,0,0
2026-08-01T01:06:34.841738,99428.36,22224.47,10,BULLISH,1.0,16,8,0,0,0,0,0,0
2026-08-01T01:08:33.629613,99428.36,22224.47,10,BULLISH,1.0,16,8,0,0,0,0,0,0
2026-08-01T01:10:40.035935,99428.36,22224.47,10,BULLISH,1.0,16,8,0,0,0,0,0,0
2026-08-01T01:12:27.055812,99428.36,22224.47,10,BULLISH,1.0,16,8,0,0,0,0,0,0
2026-08-01T01:14:29.283352,99428.36,22224.47,10,BULLISH,1.0,16,8,0,0,0,0,0,0
2026-08-01T01:16:33.637098,99428.36,22224.47,10,BULLISH,1.0,16,8,0,0,0,0,0,0
2026-08-01T01:18:31.004119,99428.36,22224.47,10,BULLISH,1.0,16,8,0,0,0,0,0,0
2026-08-01T01:20:35.142106,99428.36,22224.47,10,BULLISH,1.0,16,8,0,0,0,0,0,0
2026-08-01T01:22:29.809418,99428.36,22224.47,10,BULLISH,1.0,16,8,0,0,0,0,0,0
2026-08-01T01:24:47.303117,99428.36,22224.47,10,BULLISH,1.0,16,8,0,0,0,0,0,0
2026-08-01T01:26:27.464083,99428.36,22224.47,10,BULLISH,1.0,16,8,0,0,0,0,0,0
2026-08-01T01:28:39.543755,99428.36,22224.47,10,BULLISH,1.0,16,8,0,0,0,0,0,0
2026-08-01T01:30:32.419535,99428.36,22224.47,10,BULLISH,1.0,16,8,0,0,0,0,0,0
2026-08-01T01:32:31.050977,99428.36,22224.47,10,BULLISH,1.0,16,8,0,0,0,0,0,0
2026-08-01T01:34:24.772662,99428.36,22224.47,10,BULLISH,1.0,16,8,0,0,0,0,0,0
2026-08-01T01:36:35.079180,99428.36,22224.47,10,BULLISH,1.0,16,8,0,0,0,0,0,0
2026-08-01T01:38:38.956841,99428.36,22224.47,10,BULLISH,1.0,16,8,0,0,0,0,0,0
2026-08-01T01:40:39.838540,99428.36,22224.47,10,BULLISH,1.0,16,8,0,0,0,0,0,0
2026-08-01T01:42:33.543804,99428.36,22224.47,10,BULLISH,1.0,16,8,0,0,0,0,0,0
2026-08-01T01:44:35.267600,99428.36,22224.47,10,BULLISH,1.0,16,8,0,0,0,0,0,0
2026-08-01T01:46:25.729502,99428.36,22224.47,10,BULLISH,1.0,16,8,0,0,0,0,0,0
2026-08-01T01:48:46.162619,99428.36,22224.47,10,BULLISH,1.0,16,8,0,0,0,0,0,0
2026-08-01T01:50:28.596781,99428.36,22224.47,10,BULLISH,1.0,16,8,0,0,0,0,0,0
2026-08-01T01:52:38.991293,99428.36,22224.47,10,BULLISH,1.0,16,8,0,0,0,0,0,0
2026-08-01T01:54:29.933773,99428.36,22224.47,10,BULLISH,1.0,16,8,0,0,0,0,0,0
2026-08-01T01:56:29.759399,99428.36,22224.47,10,BULLISH,1.0,16,8,0,0,0,0,0,0
2026-08-01T01:58:31.803565,99428.36,22224.47,10,BULLISH,1.0,16,8,0,0,0,0,0,0
2026-08-01T02:00:41.283968,99428.36,22224.47,10,BULLISH,1.0,16,8,0,0,0,0,0,0
2026-08-01T02:02:32.703110,99434.25,22224.47,10,BULLISH,1.0,16,8,0,0,0,0,0,0
2026-08-01T02:04:34.511798,99368.43,22224.47,10,BULLISH,1.0,16,8,1,0,1,0,0,0
2026-08-01T02:06:29.600201,99368.43,22224.47,10,BULLISH,1.0,16,8,0,0,0,0,0,0
2026-08-01T02:08:33.556036,99368.43,22224.47,10,BULLISH,1.0,16,8,0,0,0,0,0,0
2026-08-01T02:10:34.298814,99368.43,22224.47,10,BULLISH,1.0,16,8,0,0,0,0,0,0
2026-08-01T02:12:28.150533,99368.43,22224.47,10,BULLISH,1.0,16,8,0,0,0,0,0,0
2026-08-01T02:14:31.502882,99368.43,22224.47,10,BULLISH,1.0,16,8,0,0,0,0,0,0
2026-08-01T02:16:27.113545,99368.43,22224.47,10,BULLISH,1.0,16,8,0,0,0,0,0,0
2026-08-01T02:18:32.836418,99368.43,22224.47,10,BULLISH,1.0,16,8,0,0,0,0,0,0
2026-08-01T02:20:36.974542,99368.43,22224.47,10,BULLISH,1.0,16,8,0,0,0,0,0,0
2026-08-01T02:22:32.888129,99368.43,22224.47,10,BULLISH,1.0,16,8,0,0,0,0,0,0
2026-08-01T02:24:37.878981,99368.43,22224.47,10,BULLISH,1.0,16,8,0,0,0,0,0,0
2026-08-01T02:26:33.284082,99368.43,22224.47,10,BULLISH,1.0,16,8,0,0,0,0,0,0
2026-08-01T02:28:36.257284,99368.43,22224.47,10,BULLISH,1.0,16,8,0,0,0,0,0,0
2026-08-01T02:30:40.630348,99368.43,22224.47,10,BULLISH,1.0,16,8,0,0,0,0,0,0
2026-08-01T02:32:30.896026,99368.43,22224.47,10,BULLISH,1.0,16,8,0,0,0,0,0,0
2026-08-01T02:34:31.680940,99368.43,22224.47,10,BULLISH,1.0,16,8,0,0,0,0,0,0
2026-08-01T02:36:30.041473,99368.43,22224.47,10,BULLISH,1.0,16,8,0,0,0,0,0,0
2026-08-01T02:38:43.249050,99368.43,22224.47,10,BULLISH,1.0,16,8,0,0,0,0,0,0
2026-08-01T02:40:41.557557,99368.43,22224.47,10,BULLISH,1.0,16,8,0,0,0,0,0,0
2026-08-01T02:42:32.006029,99368.43,22224.47,10,BULLISH,1.0,16,8,0,0,0,0,0,0
2026-08-01T02:44:42.476360,99368.43,22224.47,10,BULLISH,1.0,16,8,1,0,1,0,0,0
2026-08-01T02:45:30.475418,99368.43,22224.47,10,BULLISH,1.0,16,8,0,0,0,0,0,0
2026-08-01T02:46:33.261685,99368.43,22224.47,10,BULLISH,1.0,16,8,0,0,0,0,0,0
2026-08-01T02:48:38.384243,99368.43,22224.47,10,BULLISH,1.0,16,8,0,0,0,0,0,0
2026-08-01T02:50:33.454541,99368.43,22224.47,10,BULLISH,1.0,16,8,0,0,0,0,0,0
2026-08-01T02:52:31.870090,99368.43,22224.47,10,BULLISH,1.0,16,8,0,0,0,0,0,0
2026-08-01T02:54:27.799963,99368.43,22224.47,10,BULLISH,1.0,16,8,0,0,0,0,0,0
2026-08-01T02:56:24.965423,99368.43,22224.47,10,BULLISH,1.0,16,8,0,0,0,0,0,0
2026-08-01T02:58:24.175316,99368.43,22224.47,10,BULLISH,1.0,16,8,0,0,0,0,0,0
2026-08-01T03:00:42.206082,99368.43,22224.47,10,BULLISH,1.0,16,8,0,0,0,0,0,0
2026-08-01T03:02:28.196519,99368.43,22224.47,10,BULLISH,1.0,16,8,0,0,0,0,0,0
2026-08-01T03:04:31.444424,99368.43,22224.47,10,BULLISH,1.0,16,8,0,0,0,0,0,0
2026-08-01T03:06:30.814501,99368.43,22224.47,10,BULLISH,1.0,16,8,0,0,0,0,0,0
2026-08-01T03:08:32.121818,99368.43,22224.47,10,BULLISH,1.0,16,8,0,0,0,0,0,0
2026-08-01T03:10:36.405147,99368.43,22224.47,10,BULLISH,1.0,16,8,0,0,0,0,0,0
2026-08-01T03:12:30.625861,99368.43,22224.47,10,BULLISH,1.0,16,8,0,0,0,0,0,0
2026-08-01T03:14:32.595751,99368.43,22224.47,10,BULLISH,1.0,16,8,0,0,0,0,0,0
2026-08-01T03:16:31.758661,99368.43,22224.47,10,BULLISH,1.0,16,8,0,0,0,0,0,0
2026-08-01T03:18:29.879596,99368.43,22224.47,10,BULLISH,1.0,16,8,0,0,0,0,0,0
2026-08-01T03:20:34.038934,99368.43,22224.47,10,BULLISH,1.0,16,8,0,0,0,0,0,0
2026-08-01T03:22:24.250790,99368.43,22224.47,10,BULLISH,1.0,16,8,0,0,0,0,0,0
2026-08-01T03:24:31.400227,99368.43,22224.47,10,BULLISH,1.0,16,8,0,0,0,0,0,0
2026-08-01T03:26:33.090981,99368.43,22224.47,10,BULLISH,1.0,16,8,0,0,0,0,0,0
2026-08-01T03:28:29.745836,99368.43,22224.47,10,BULLISH,1.0,16,8,0,0,0,0,0,0
2026-08-01T03:30:45.365346,99368.43,22224.47,10,BULLISH,1.0,16,8,0,0,0,0,0,0
2026-08-01T03:32:28.684726,99368.43,22224.47,10,BULLISH,1.0,16,8,0,0,0,0,0,0
2026-08-01T03:34:31.638241,99368.43,22224.47,10,BULLISH,1.0,16,8,0,0,0,0,0,0
2026-08-01T03:36:32.374519,99368.43,22224.47,10,BULLISH,1.0,16,8,0,0,0,0,0,0
2026-08-01T03:38:32.261627,99368.43,22224.47,10,BULLISH,1.0,16,8,0,0,0,0,0,0
2026-08-01T03:40:43.462906,99368.43,22224.47,10,BULLISH,1.0,16,8,0,0,0,0,0,0
2026-08-01T03:42:30.075537,99368.43,22224.47,10,BULLISH,1.0,16,8,0,0,0,0,0,0
2026-08-01T03:44:31.305257,99368.43,22224.47,10,BULLISH,1.0,16,8,0,0,0,0,0,0
2026-08-01T03:46:31.580087,99368.43,22224.47,10,BULLISH,1.0,16,8,0,0,0,0,0,0
2026-08-01T03:48:24.415153,99368.43,22224.47,10,BULLISH,1.0,16,8,0,0,0,0,0,0
2026-08-01T03:50:26.892771,99368.43,22224.47,10,BULLISH,1.0,16,8,0,0,0,0,0,0
2026-08-01T03:52:29.031546,99368.43,22224.47,10,BULLISH,1.0,16,8,0,0,0,0,0,0
2026-08-01T03:54:32.094417,99368.43,22224.47,10,BULLISH,1.0,16,8,0,0,0,0,0,0
2026-08-01T03:56:34.924410,99368.43,22224.47,10,BULLISH,1.0,16,8,0,0,0,0,0,0
2026-08-01T03:58:31.125378,99368.43,22224.47,10,BULLISH,1.0,16,8,0,0,0,0,0,0
2026-08-01T04:00:39.448452,99368.43,22224.47,10,BULLISH,1.0,16,8,0,0,0,0,0,0
2026-08-01T04:02:38.336676,99368.43,22224.47,10,BULLISH,1.0,16,8,0,0,0,0,0,0
2026-08-01T04:04:24.998643,99368.43,22224.47,10,BULLISH,1.0,16,8,0,0,0,0,0,0
2026-08-01T04:06:30.049199,99368.43,22224.47,10,BULLISH,1.0,16,8,0,0,0,0,0,0
2026-08-01T04:08:35.387817,99368.43,22224.47,10,BULLISH,1.0,16,8,0,0,0,0,0,0
2026-08-01T04:10:36.608070,99368.43,22224.47,10,BULLISH,1.0,16,8,0,0,0,0,0,0
2026-08-01T04:12:36.963937,99368.43,22224.47,10,BULLISH,1.0,16,8,0,0,0,0,0,0
2026-08-01T04:14:41.334507,99368.43,22224.47,10,BULLISH,1.0,16,8,0,0,0,0,0,0
2026-08-01T04:16:27.552982,99368.43,22224.47,10,BULLISH,1.0,16,8,0,0,0,0,0,0
2026-08-01T04:18:29.310149,99368.43,22224.47,10,BULLISH,1.0,16,8,0,0,0,0,0,0
2026-08-01T04:20:29.810331,99368.43,22224.47,10,BULLISH,1.0,16,8,0,0,0,0,0,0
2026-08-01T04:22:29.103657,99368.43,22224.47,10,BULLISH,1.0,16,8,0,0,0,0,0,0
2026-08-01T04:24:32.430704,99368.43,22224.47,10,BULLISH,1.0,16,8,0,0,0,0,0,0
2026-08-01T04:26:24.735761,99368.43,22224.47,10,BULLISH,1.0,16,8,0,0,0,0,0,0
2026-08-01T04:28:31.491510,99368.43,22224.47,10,BULLISH,1.0,16,8,0,0,0,0,0,0
2026-08-01T04:30:47.575779,99368.43,22224.47,10,BULLISH,1.0,16,8,1,0,1,0,0,0
2026-08-01T04:32:32.931890,99368.43,22224.47,10,BULLISH,1.0,16,8,0,0,0,0,0,0
2026-08-01T04:34:36.543887,99368.43,22224.47,10,BULLISH,1.0,16,8,0,0,0,0,0,0
2026-08-01T04:36:37.316761,99368.43,22224.47,10,BULLISH,1.0,16,8,0,0,0,0,0,0
2026-08-01T04:38:30.159518,99368.43,22224.47,10,BULLISH,1.0,16,8,0,0,0,0,0,0
2026-08-01T04:40:33.376940,99368.43,22224.47,10,BULLISH,1.0,16,8,0,0,0,0,0,0
2026-08-01T04:42:29.818050,99368.43,22224.47,10,BULLISH,1.0,16,8,0,0,0,0,0,0
2026-08-01T04:44:32.706647,99368.43,22224.47,10,BULLISH,1.0,16,8,0,0,0,0,0,0
2026-08-01T04:46:34.766948,99368.43,22224.47,10,BULLISH,1.0,16,8,0,0,0,0,0,0
2026-08-01T04:48:34.410778,99368.43,22224.47,10,BULLISH,1.0,16,8,0,0,0,0,0,0
2026-08-01T04:50:34.104151,99368.43,22224.47,10,BULLISH,1.0,16,8,0,0,0,0,0,0
2026-08-01T04:52:34.371506,99368.43,22224.47,10,BULLISH,1.0,16,8,0,0,0,0,0,0
2026-08-01T04:54:37.331656,99368.43,22224.47,10,BULLISH,1.0,16,8,0,0,0,0,0,0
2026-08-01T04:56:29.699986,99368.43,22224.47,10,BULLISH,1.0,16,8,0,0,0,0,0,0
2026-08-01T04:58:34.138657,99368.43,22224.47,10,BULLISH,1.0,16,8,0,0,0,0,0,0
2026-08-01T05:00:49.774134,99368.43,22224.47,10,BULLISH,1.0,16,8,0,0,0,0,0,0
2026-08-01T05:02:29.511999,99368.43,22224.47,10,BULLISH,1.0,16,8,0,0,0,0,0,0
2026-08-01T05:04:25.122339,99368.43,22224.47,10,BULLISH,1.0,16,8,0,0,0,0,0,0
2026-08-01T05:06:32.062639,99368.43,22224.47,10,BULLISH,1.0,16,8,0,0,0,0,0,0
2026-08-01T05:08:24.046405,99368.43,22224.47,10,BULLISH,1.0,16,8,0,0,0,0,0,0
2026-08-01T05:10:37.451783,99368.43,22224.47,10,BULLISH,1.0,16,8,0,0,0,0,0,0
2026-08-01T05:12:33.816589,99368.43,22224.47,10,BULLISH,1.0,16,8,0,0,0,0,0,0
2026-08-01T05:14:32.211759,99368.43,22224.47,10,BULLISH,1.0,16,8,0,0,0,0,0,0
2026-08-01T05:16:31.685517,99368.43,22224.47,10,BULLISH,1.0,16,8,0,0,0,0,0,0
2026-08-01T05:18:24.270361,99368.43,22224.47,10,BULLISH,1.0,16,8,0,0,0,0,0,0
2026-08-01T05:20:28.611294,99368.43,22224.47,10,BULLISH,1.0,16,8,0,0,0,0,0,0
2026-08-01T05:22:25.732551,99368.43,22224.47,10,BULLISH,1.0,16,8,0,0,0,0,0,0
2026-08-01T05:24:36.899738,99368.43,22224.47,10,BULLISH,1.0,16,8,0,0,0,0,0,0
2026-08-01T05:26:35.708075,99368.43,22224.47,10,BULLISH,1.0,16,8,0,0,0,0,0,0
2026-08-01T05:28:26.964438,99368.43,22224.47,10,BULLISH,1.0,16,8,0,0,0,0,0,0
2026-08-01T05:31:23.845499,99368.43,22224.47,10,BULLISH,1.0,16,8,0,0,0,0,0,0
2026-08-01T05:32:27.408411,99368.43,22224.47,10,BULLISH,1.0,16,8,0,0,0,0,0,0
2026-08-01T05:34:33.315166,99368.43,22224.47,10,BULLISH,1.0,16,8,0,0,0,0,0,0
2026-08-01T05:36:34.575115,99368.43,22224.47,10,BULLISH,1.0,16,8,0,0,0,0,0,0
2026-08-01T05:38:30.777791,99368.43,22224.47,10,BULLISH,1.0,16,8,0,0,0,0,0,0
2026-08-01T05:40:35.429919,99368.43,22224.47,10,BULLISH,1.0,16,8,0,0,0,0,0,0
2026-08-01T05:42:39.536220,99368.43,22224.47,10,BULLISH,1.0,16,8,0,0,0,0,0,0
2026-08-01T05:44:32.221971,99368.43,22224.47,10,BULLISH,1.0,16,8,0,0,0,0,0,0
2026-08-01T05:46:32.817459,99368.43,22224.47,10,BULLISH,1.0,16,8,0,0,0,0,0,0
2026-08-01T05:47:00.560828,99368.43,22224.47,10,BULLISH,1.0,16,8,0,0,0,0,0,0
2026-08-01T05:48:31.944316,99368.43,22224.47,10,BULLISH,1.0,16,8,0,0,0,0,0,0
2026-08-01T05:50:33.606768,99368.43,22224.47,10,BULLISH,1.0,16,8,0,0,0,0,0,0
2026-08-01T05:52:33.435266,99368.43,22224.47,10,BULLISH,1.0,16,8,0,0,0,0,0,0
2026-08-01T05:54:41.216576,99368.43,22224.47,10,BULLISH,1.0,16,8,1,0,1,0,0,0
2026-08-01T05:56:30.678540,99368.43,22224.47,10,BULLISH,1.0,16,8,0,0,0,0,0,0
2026-08-01T05:58:28.909448,99368.43,22224.47,10,BULLISH,1.0,16,8,0,0,0,0,0,0
2026-08-01T06:00:37.256836,99368.43,22224.47,10,BULLISH,1.0,16,8,0,0,0,0,0,0
2026-08-01T06:02:27.050889,99368.43,22224.47,10,BULLISH,1.0,16,8,0,0,0,0,0,0
2026-08-01T06:04:25.511343,99368.43,22224.47,10,BULLISH,1.0,16,8,0,0,0,0,0,0
2026-08-01T06:06:30.953065,99368.43,22224.47,10,BULLISH,1.0,16,8,0,0,0,0,0,0
2026-08-01T06:08:34.816113,99368.43,22224.47,10,BULLISH,1.0,16,8,0,0,0,0,0,0
2026-08-01T06:10:31.749440,99368.43,22224.47,10,BULLISH,1.0,16,8,0,0,0,0,0,0
2026-08-01T06:12:36.057107,99368.43,22224.47,10,BULLISH,1.0,16,8,0,0,0,0,0,0
2026-08-01T06:14:30.102516,99368.43,22224.47,10,BULLISH,1.0,16,8,0,0,0,0,0,0
2026-08-01T06:16:27.539428,99368.43,22224.47,10,BULLISH,1.0,16,8,0,0,0,0,0,0
2026-08-01T06:18:28.776249,99368.43,22224.47,10,BULLISH,1.0,16,8,0,0,0,0,0,0
2026-08-01T06:20:28.930315,99368.43,22224.47,10,BULLISH,1.0,16,8,0,0,0,0,0,0
2026-08-01T06:22:34.352533,99368.43,22224.47,10,BULLISH,1.0,16,8,0,0,0,0,0,0
2026-08-01T06:24:31.881082,99368.43,22224.47,10,BULLISH,1.0,16,8,0,0,0,0,0,0
2026-08-01T06:26:23.880193,99368.43,22224.47,10,BULLISH,1.0,16,8,0,0,0,0,0,0
2026-08-01T06:28:36.549183,99368.43,22224.47,10,BULLISH,1.0,16,8,0,0,0,0,0,0
2026-08-01T06:30:36.378248,99368.43,22224.47,10,BULLISH,1.0,16,8,0,0,0,0,0,0
2026-08-01T06:32:29.951343,99368.43,22224.47,10,BULLISH,1.0,16,8,0,0,0,0,0,0
2026-08-01T06:34:31.987213,99368.43,22224.47,10,BULLISH,1.0,16,8,0,0,0,0,0,0
2026-08-01T06:36:26.175084,99368.43,22224.47,10,BULLISH,1.0,16,8,0,0,0,0,0,0
2026-08-01T06:38:25.725328,99368.43,22224.47,10,BULLISH,1.0,16,8,0,0,0,0,0,0
2026-08-01T06:40:36.579426,99368.43,22224.47,10,BULLISH,1.0,16,8,0,0,0,0,0,0
2026-08-01T06:42:37.277552,99368.43,22224.47,10,BULLISH,1.0,16,8,0,0,0,0,0,0
2026-08-01T06:44:26.217182,99368.43,22224.47,10,BULLISH,1.0,16,8,0,0,0,0,0,0
2026-08-01T06:46:25.636752,99368.43,22224.47,10,BULLISH,1.0,16,8,0,0,0,0,0,0
2026-08-01T06:48:24.843394,99368.43,22224.47,10,BULLISH,1.0,16,8,0,0,0,0,0,0
2026-08-01T06:50:38.104098,99368.43,22224.47,10,BULLISH,1.0,16,8,0,0,0,0,0,0
2026-08-01T06:52:28.752448,99368.43,22224.47,10,BULLISH,1.0,16,8,0,0,0,0,0,0
2026-08-01T06:54:34.035432,99368.43,22224.47,10,BULLISH,1.0,16,8,0,0,0,0,0,0
2026-08-01T06:56:26.919353,99368.43,22224.47,10,BULLISH,1.0,16,8,0,0,0,0,0,0
2026-08-01T06:58:38.055561,99368.43,22224.47,10,BULLISH,1.0,16,8,0,0,0,0,0,0
2026-08-01T07:00:47.480212,99368.43,22224.47,10,BULLISH,1.0,16,8,1,0,1,0,0,0
2026-08-01T07:02:31.812214,99368.43,22224.47,10,BULLISH,1.0,16,8,0,0,0,0,0,0
2026-08-01T07:04:29.778608,99368.43,22224.47,10,BULLISH,1.0,16,8,0,0,0,0,0,0
2026-08-01T07:12:18.373896,99368.43,22224.47,10,BULLISH,1.0,16,8,1,0,1,0,0,0
2026-08-01T07:12:55.721169,99368.43,22224.47,10,BULLISH,1.0,16,8,1,0,1,0,0,0
2026-08-01T07:14:41.939671,99368.43,22224.47,10,BULLISH,1.0,16,8,2,1,1,0,0,0
2026-08-01T07:16:29.418762,99368.43,22224.47,10,BULLISH,1.0,16,8,0,0,0,0,0,0
2026-08-01T07:18:32.239165,99368.43,22224.47,10,BULLISH,1.0,16,8,0,0,0,0,0,0
2026-08-01T07:20:51.048350,99368.43,22224.47,10,BULLISH,1.0,16,8,1,0,1,0,0,0
2026-08-01T07:22:32.331899,99368.43,22224.47,10,BULLISH,1.0,16,8,0,0,0,0,0,0
2026-08-01T07:24:30.880629,99368.43,22224.47,10,BULLISH,1.0,16,8,0,0,0,0,0,0
2026-08-01T07:26:34.810052,99368.43,22224.47,10,BULLISH,1.0,16,8,1,0,1,0,0,0
2026-08-01T07:28:34.041761,99368.43,22224.47,10,BULLISH,1.0,16,8,0,0,0,0,0,0
2026-08-01T07:30:28.801618,99368.43,22224.47,10,BULLISH,1.0,16,8,0,0,0,0,0,0
2026-08-01T07:32:34.123542,99368.33,22224.37,10,BULLISH,1.0,16,8,1,0,1,0,0,0
2026-08-01T07:34:25.002703,99368.33,22224.37,10,BULLISH,1.0,16,8,0,0,0,0,0,0
2026-08-01T07:36:27.034168,99368.33,22224.37,10,BULLISH,1.0,16,8,0,0,0,0,0,0
2026-08-01T07:38:29.980159,99368.33,22224.37,10,BULLISH,1.0,16,8,0,0,0,0,0,0
2026-08-01T07:40:42.396119,99368.33,22224.37,10,BULLISH,1.0,16,8,1,0,1,0,0,0
2026-08-01T07:42:34.171377,99368.33,22224.37,10,BULLISH,1.0,16,8,0,0,0,0,0,0
2026-08-01T07:44:24.292945,99368.33,22224.37,10,BULLISH,1.0,16,8,0,0,0,0,0,0
2026-08-01T07:46:43.221243,99368.33,22224.37,10,BULLISH,1.0,16,8,1,0,1,0,0,0
2026-08-01T07:48:34.699130,99368.33,22224.37,10,BULLISH,1.0,16,8,0,0,0,0,0,0
2026-08-01T07:50:31.345105,99368.33,22224.37,10,BULLISH,1.0,16,8,0,0,0,0,0,0
2026-08-01T07:52:36.532352,99368.33,22224.37,10,BULLISH,1.0,16,8,2,0,2,0,0,0
2026-08-01T07:54:32.435195,99368.33,22224.37,10,BULLISH,1.0,16,8,0,0,0,0,0,0
2026-08-01T07:56:31.842006,99368.33,22224.37,10,BULLISH,1.0,16,8,0,0,0,0,0,0
2026-08-01T07:58:34.514644,99368.33,22224.37,10,BULLISH,1.0,16,8,1,0,1,0,0,0
2026-08-01T08:00:35.133904,99368.33,22224.37,10,BULLISH,1.0,16,8,0,0,0,0,0,0
2026-08-01T08:02:31.481470,99368.33,22224.37,10,BULLISH,1.0,16,8,0,0,0,0,0,0
2026-08-01T08:04:50.745143,99368.33,22224.37,10,BULLISH,1.0,16,8,1,0,1,0,0,0
2026-08-01T08:05:29.363885,99368.33,22224.37,10,BULLISH,1.0,16,8,1,0,1,0,0,0
2026-08-01T08:06:39.002776,99368.33,22224.37,10,BULLISH,1.0,16,8,1,0,1,0,0,0
2026-08-01T08:08:36.681955,99368.33,22224.37,10,BULLISH,1.0,16,8,0,0,0,0,0,0
2026-08-01T08:10:35.725979,99368.33,22224.37,10,BULLISH,1.0,16,8,0,0,0,0,0,0
2026-08-01T08:12:42.712211,99368.33,22224.37,10,BULLISH,1.0,16,8,2,1,1,0,0,0
2026-08-01T08:14:29.640537,99368.33,22224.37,10,BULLISH,1.0,16,8,0,0,0,0,0,0
2026-08-01T08:16:29.863503,99368.33,22224.37,10,BULLISH,1.0,16,8,0,0,0,0,0,0
2026-08-01T08:18:41.295210,99368.33,22224.37,10,BULLISH,1.0,16,8,1,0,1,0,0,0
2026-08-01T08:20:29.645134,99368.33,22224.37,10,BULLISH,1.0,16,8,0,0,0,0,0,0
2026-08-01T08:22:32.259916,99368.33,22224.37,10,BULLISH,1.0,16,8,0,0,0,0,0,0
2026-08-01T08:24:39.027484,99368.33,22224.37,10,BULLISH,1.0,16,8,0,0,0,0,0,0
2026-08-01T08:26:29.330024,99368.33,22224.37,10,BULLISH,1.0,16,8,0,0,0,0,0,0
2026-08-01T08:28:34.714921,99368.33,22224.37,10,BULLISH,1.0,16,8,0,0,0,0,0,0
2026-08-01T08:30:46.457489,99368.33,22224.37,10,BULLISH,1.0,16,8,1,0,1,0,0,0
2026-08-01T08:32:28.993807,99368.33,22224.37,10,BULLISH,1.0,16,8,0,0,0,0,0,0
2026-08-01T08:34:28.285017,99368.33,22224.37,10,BULLISH,1.0,16,8,0,0,0,0,0,0
2026-08-01T08:36:41.933590,99368.33,22224.37,10,BULLISH,1.0,16,8,1,0,1,0,0,0
2026-08-01T08:38:31.861942,99368.33,22224.37,10,BULLISH,1.0,16,8,0,0,0,0,0,0
2026-08-01T08:40:36.090010,99368.33,22224.37,10,BULLISH,1.0,16,8,0,0,0,0,0,0
2026-08-01T08:42:37.610188,99368.33,22224.37,10,BULLISH,1.0,16,8,1,0,1,0,0,0
2026-08-01T08:44:29.826090,99368.33,22224.37,10,BULLISH,1.0,16,8,0,0,0,0,0,0
2026-08-01T08:46:33.461274,99368.33,22224.37,10,BULLISH,1.0,16,8,0,0,0,0,0,0
2026-08-01T08:48:31.730868,99368.33,22224.37,10,BULLISH,1.0,16,8,1,0,1,0,0,0
2026-08-01T08:50:33.290961,99368.33,22224.37,10,BULLISH,1.0,16,8,0,0,0,0,0,0
2026-08-01T08:52:40.695908,99368.33,22224.37,10,BULLISH,1.0,16,8,0,0,0,0,0,0
2026-08-01T08:54:26.364538,99368.33,22224.37,10,BULLISH,1.0,16,8,0,0,0,0,0,0
2026-08-01T08:56:41.080478,99368.33,22224.37,10,BULLISH,1.0,16,8,1,0,1,0,0,0
2026-08-01T08:58:25.041186,99368.33,22224.37,10,BULLISH,1.0,16,8,0,0,0,0,0,0
2026-08-01T09:00:38.222711,99368.33,22224.37,10,BULLISH,1.0,16,8,0,0,0,0,0,0
2026-08-01T09:02:34.132270,99368.33,22224.37,10,BULLISH,1.0,16,8,0,0,0,0,0,0
2026-08-01T09:04:29.639215,99368.33,22224.37,10,BULLISH,1.0,16,8,0,0,0,0,0,0
2026-08-01T09:06:40.683511,99368.33,22224.37,10,BULLISH,1.0,16,8,1,0,1,0,0,0
2026-08-01T09:08:26.223290,99368.33,22224.37,10,BULLISH,1.0,16,8,0,0,0,0,0,0
2026-08-01T09:10:26.556316,99368.33,22224.37,10,BULLISH,1.0,16,8,0,0,0,0,0,0
2026-08-01T09:12:33.136626,99368.33,22224.37,10,BULLISH,1.0,16,8,0,0,0,0,0,0
2026-08-01T09:14:30.609659,99368.33,22224.37,10,BULLISH,1.0,16,8,0,0,0,0,0,0
2026-08-01T09:16:41.266735,99368.33,22224.37,10,BULLISH,1.0,16,8,1,0,1,0,0,0
2026-08-01T09:18:30.507440,99368.33,22224.37,10,BULLISH,1.0,16,8,0,0,0,0,0,0
2026-08-01T09:20:30.015860,99368.33,22224.37,10,BULLISH,1.0,16,8,0,0,0,0,0,0
2026-08-01T09:22:26.384110,99368.33,22224.37,10,BULLISH,1.0,16,8,0,0,0,0,0,0
2026-08-01T09:24:30.049574,99368.33,22224.37,10,BULLISH,1.0,16,8,0,0,0,0,0,0
2026-08-01T09:26:32.022025,99368.33,22224.37,10,BULLISH,1.0,16,8,1,0,1,0,0,0
2026-08-01T09:28:30.926069,99368.33,22224.37,10,BULLISH,1.0,16,8,0,0,0,0,0,0
2026-08-01T09:30:33.306523,99368.33,22224.37,10,BULLISH,1.0,16,8,0,0,0,0,0,0
2026-08-01T09:32:30.027853,99368.33,22224.37,10,BULLISH,1.0,16,8,0,0,0,0,0,0
2026-08-01T09:34:24.360996,99368.33,22224.37,10,BULLISH,1.0,16,8,0,0,0,0,0,0
2026-08-01T09:36:31.918134,99368.33,22224.37,10,BULLISH,1.0,16,8,0,0,0,0,0,0
2026-08-01T09:38:28.839382,99368.33,22224.37,10,BULLISH,1.0,16,8,0,0,0,0,0,0
2026-08-01T09:40:28.629315,99368.33,22224.37,10,BULLISH,1.0,16,8,0,0,0,0,0,0
2026-08-01T09:42:30.444839,99368.33,22224.37,10,BULLISH,1.0,16,8,0,0,0,0,0,0
2026-08-01T09:44:32.275423,99368.33,22224.37,10,BULLISH,1.0,16,8,0,0,0,0,0,0
2026-08-01T09:46:32.573453,99368.33,22224.37,10,BULLISH,1.0,16,8,0,0,0,0,0,0
2026-08-01T09:48:27.868052,99368.33,22224.37,10,BULLISH,1.0,16,8,0,0,0,0,0,0
2026-08-01T09:50:34.186557,99368.33,22224.37,10,BULLISH,1.0,16,8,0,0,0,0,0,0
2026-08-01T09:52:44.779826,99368.33,22224.37,10,BULLISH,1.0,16,8,0,0,0,0,0,0
2026-08-01T09:54:29.666390,99368.33,22224.37,10,BULLISH,1.0,16,8,0,0,0,0,0,0
2026-08-01T09:56:37.867565,99368.33,22224.37,10,BULLISH,1.0,16,8,0,0,0,0,0,0
2026-08-01T09:58:32.427774,99368.33,22224.37,10,BULLISH,1.0,16,8,0,0,0,0,0,0
2026-08-01T10:00:39.784304,99368.33,22224.37,10,BULLISH,1.0,16,8,0,0,0,0,0,0
2026-08-01T10:02:27.586315,99368.33,22224.37,10,BULLISH,1.0,16,8,0,0,0,0,0,0
2026-08-01T10:04:30.953131,99368.33,22224.37,10,BULLISH,1.0,16,8,0,0,0,0,0,0
2026-08-01T10:06:36.444018,99368.33,22224.37,10,BULLISH,1.0,16,8,1,0,1,0,0,0
2026-08-01T10:08:42.830882,99368.33,22224.37,10,BULLISH,1.0,16,8,0,0,0,0,0,0
2026-08-01T10:10:35.252987,99368.33,22224.37,10,BULLISH,1.0,16,8,0,0,0,0,0,0
2026-08-01T10:12:35.007945,99368.33,22224.37,10,BULLISH,1.0,16,8,0,0,0,0,0,0
2026-08-01T10:14:24.581231,99368.33,22224.37,10,BULLISH,1.0,16,8,0,0,0,0,0,0
2026-08-01T10:16:49.507993,99368.33,22224.37,10,BULLISH,1.0,16,8,1,0,1,0,0,0
2026-08-01T10:18:24.282911,99368.33,22224.37,10,BULLISH,1.0,16,8,0,0,0,0,0,0
2026-08-01T10:20:33.423060,99368.33,22224.37,10,BULLISH,1.0,16,8,0,0,0,0,0,0
2026-08-01T10:22:27.060558,99368.33,22224.37,10,BULLISH,1.0,16,8,0,0,0,0,0,0
2026-08-01T10:24:31.409291,99368.33,22224.37,10,BULLISH,1.0,16,8,0,0,0,0,0,0
2026-08-01T10:26:40.042620,99368.33,22224.37,10,BULLISH,1.0,16,8,1,0,1,0,0,0
2026-08-01T10:27:23.872539,99368.33,22224.37,10,BULLISH,1.0,16,8,0,0,0,0,0,0
2026-08-01T10:28:25.655820,99368.33,22224.37,10,BULLISH,1.0,16,8,0,0,0,0,0,0
2026-08-01T10:30:37.648551,99368.33,22224.37,10,BULLISH,1.0,16,8,0,0,0,0,0,0
2026-08-01T10:32:30.491159,99368.33,22224.37,10,BULLISH,1.0,16,8,0,0,0,0,0,0
2026-08-01T10:34:24.119873,99368.33,22224.37,10,BULLISH,1.0,16,8,0,0,0,0,0,0
2026-08-01T10:36:28.072214,99368.33,22224.37,10,BULLISH,1.0,16,8,0,0,0,0,0,0
2026-08-01T10:38:36.129441,99368.33,22224.37,10,BULLISH,1.0,16,8,0,0,0,0,0,0
2026-08-01T10:40:26.526178,99368.33,22224.37,10,BULLISH,1.0,16,8,0,0,0,0,0,0
2026-08-01T10:42:37.245497,99368.33,22224.37,10,BULLISH,1.0,16,8,0,0,0,0,0,0
2026-08-01T10:44:29.283107,99368.33,22224.37,10,BULLISH,1.0,16,8,0,0,0,0,0,0
2026-08-01T10:46:43.371778,99368.33,22224.37,10,BULLISH,1.0,16,8,0,0,0,0,0,0
2026-08-01T10:48:28.839554,99368.33,22224.37,10,BULLISH,1.0,16,8,0,0,0,0,0,0
2026-08-01T10:50:41.936406,99368.33,22224.37,10,BULLISH,1.0,16,8,0,0,0,0,0,0
2026-08-01T10:52:32.659453,99368.33,22224.37,10,BULLISH,1.0,16,8,0,0,0,0,0,0
2026-08-01T10:54:29.350334,99368.33,22224.37,10,BULLISH,1.0,16,8,0,0,0,0,0,0
2026-08-01T10:56:30.490370,99368.33,22224.37,10,BULLISH,1.0,16,8,0,0,0,0,0,0
2026-08-01T10:58:34.415363,99368.33,22224.37,10,BULLISH,1.0,16,8,1,0,1,0,0,0
2026-08-01T11:00:42.993450,99368.33,22224.37,10,BULLISH,1.0,16,8,0,0,0,0,0,0
2026-08-01T11:04:37.047259,99368.33,22224.37,10,BULLISH,1.0,16,8,0,0,0,0,0,0
2026-08-01T11:06:28.636568,99368.33,22224.37,10,BULLISH,1.0,16,8,0,0,0,0,0,0
2026-08-01T11:08:30.564785,99368.33,22224.37,10,BULLISH,1.0,16,8,0,0,0,0,0,0
2026-08-01T11:10:28.564480,99368.33,22224.37,10,BULLISH,1.0,16,8,0,0,0,0,0,0
2026-08-01T11:12:30.312618,99368.33,22224.37,10,BULLISH,1.0,16,8,0,0,0,0,0,0
2026-08-01T11:14:29.667026,99368.33,22224.37,10,BULLISH,1.0,16,8,0,0,0,0,0,0
2026-08-01T11:16:29.589305,99368.33,22224.37,10,BULLISH,1.0,16,8,0,0,0,0,0,0
2026-08-01T11:18:31.293955,99368.33,22224.37,10,BULLISH,1.0,16,8,0,0,0,0,0,0
2026-08-01T11:22:27.318304,99368.33,22224.37,10,BULLISH,1.0,16,8,0,0,0,0,0,0
2026-08-01T11:24:26.726606,99368.33,22224.37,10,BULLISH,1.0,16,8,0,0,0,0,0,0
2026-08-01T11:26:34.688313,99368.33,22224.37,10,BULLISH,1.0,16,8,0,0,0,0,0,0
2026-08-01T11:28:28.826243,99368.33,22224.37,10,BULLISH,1.0,16,8,0,0,0,0,0,0
2026-08-01T11:30:38.259300,99368.33,22224.37,10,BULLISH,1.0,16,8,0,0,0,0,0,0
2026-08-01T11:32:35.399171,99368.33,22224.37,10,BULLISH,1.0,16,8,0,0,0,0,0,0
2026-08-01T11:34:37.055834,99368.33,22224.37,10,BULLISH,1.0,16,8,0,0,0,0,0,0
2026-08-01T11:38:25.233455,99368.33,22224.37,10,BULLISH,1.0,16,8,0,0,0,0,0,0
2026-08-01T11:40:33.022221,99368.33,22224.37,10,BULLISH,1.0,16,8,0,0,0,0,0,0
2026-08-01T11:42:30.886748,99368.33,22224.37,10,BULLISH,1.0,16,8,0,0,0,0,0,0
2026-08-01T11:44:26.079901,99368.33,22224.37,10,BULLISH,1.0,16,8,0,0,0,0,0,0
2026-08-01T11:46:40.395506,99368.33,22224.37,10,BULLISH,1.0,16,8,0,0,0,0,0,0
2026-08-01T11:48:32.604552,99368.33,22224.37,10,BULLISH,1.0,16,8,0,0,0,0,0,0
2026-08-01T11:50:27.891147,99368.33,22224.37,10,BULLISH,1.0,16,8,0,0,0,0,0,0
2026-08-01T11:52:28.171069,99368.33,22224.37,10,BULLISH,1.0,16,8,0,0,0,0,0,0
2026-08-01T11:54:36.647270,99368.33,22224.37,10,BULLISH,1.0,16,8,0,0,0,0,0,0
2026-08-01T11:57:05.457903,99368.33,22224.37,10,BULLISH,1.0,16,8,0,0,0,0,0,0
2026-08-01T11:57:37.348027,99368.33,22224.37,10,BULLISH,1.0,16,8,0,0,0,0,0,0
2026-08-01T11:58:26.865504,99368.33,22224.37,10,BULLISH,1.0,16,8,0,0,0,0,0,0
2026-08-01T12:00:39.616806,99368.33,22224.37,10,BULLISH,1.0,16,8,0,0,0,0,0,0
2026-08-01T12:02:26.184857,99368.33,22224.37,10,BULLISH,1.0,16,8,0,0,0,0,0,0
2026-08-01T12:04:28.520056,99368.33,22224.37,10,BULLISH,1.0,16,8,0,0,0,0,0,0
2026-08-01T12:06:39.471343,99368.33,22224.37,10,BULLISH,1.0,16,8,0,0,0,0,0,0
2026-08-01T12:08:30.368109,99368.33,22224.37,10,BULLISH,1.0,16,8,0,0,0,0,0,0
2026-08-01T12:10:27.609315,99368.33,22224.37,10,BULLISH,1.0,16,8,0,0,0,0,0,0
2026-08-01T12:12:36.748653,99368.33,22224.37,10,BULLISH,1.0,16,8,0,0,0,0,0,0
2026-08-01T12:14:26.113762,99368.33,22224.37,10,BULLISH,1.0,16,8,0,0,0,0,0,0
2026-08-01T12:16:30.156156,99368.33,22224.37,10,BULLISH,1.0,16,8,0,0,0,0,0,0
2026-08-01T12:18:23.838066,99368.33,22224.37,10,BULLISH,1.0,16,8,0,0,0,0,0,0
2026-08-01T12:20:36.585184,99368.33,22224.37,10,BULLISH,1.0,16,8,0,0,0,0,0,0
2026-08-01T12:22:30.776639,99368.33,22224.37,10,BULLISH,1.0,16,8,0,0,0,0,0,0
2026-08-01T12:24:31.304204,99368.33,22224.37,10,BULLISH,1.0,16,8,0,0,0,0,0,0
2026-08-01T12:26:31.084304,99368.33,22224.37,10,BULLISH,1.0,16,8,0,0,0,0,0,0
2026-08-01T12:28:33.071685,99368.33,22224.37,10,BULLISH,1.0,16,8,0,0,0,0,0,0
2026-08-01T12:30:41.233618,99368.33,22224.37,10,BULLISH,1.0,16,8,0,0,0,0,0,0
2026-08-01T12:32:29.842678,99368.33,22224.37,10,BULLISH,1.0,16,8,0,0,0,0,0,0
2026-08-01T12:34:34.268895,99368.33,22224.37,10,BULLISH,1.0,16,8,1,0,1,0,0,0
2026-08-01T12:36:32.387782,99368.33,22224.37,10,BULLISH,1.0,16,8,0,0,0,0,0,0
2026-08-01T12:38:24.672056,99368.33,22224.37,10,BULLISH,1.0,16,8,0,0,0,0,0,0
2026-08-01T12:40:32.755605,99368.33,22224.37,10,BULLISH,1.0,16,8,0,0,0,0,0,0
2026-08-01T12:42:25.678884,99368.33,22224.37,10,BULLISH,1.0,16,8,0,0,0,0,0,0
2026-08-01T12:44:24.913883,99368.33,22224.37,10,BULLISH,1.0,16,8,0,0,0,0,0,0
2026-08-01T12:46:29.410615,99368.33,22224.37,10,BULLISH,1.0,16,8,0,0,0,0,0,0
2026-08-01T12:48:24.826045,99368.33,22224.37,10,BULLISH,1.0,16,8,0,0,0,0,0,0
2026-08-01T12:50:32.166134,99368.33,22224.37,10,BULLISH,1.0,16,8,0,0,0,0,0,0
2026-08-01T12:52:26.731154,99368.33,22224.37,10,BULLISH,1.0,16,8,0,0,0,0,0,0
2026-08-01T12:54:31.005536,99368.33,22224.37,10,BULLISH,1.0,16,8,0,0,0,0,0,0
2026-08-01T12:56:38.235421,99368.33,22224.37,10,BULLISH,1.0,16,8,1,0,1,0,0,0
2026-08-01T12:58:27.637024,99368.33,22224.37,10,BULLISH,1.0,16,8,0,0,0,0,0,0
2026-08-01T13:00:42.030895,99368.33,22224.37,10,BULLISH,1.0,16,8,0,0,0,0,0,0
2026-08-01T13:02:42.199281,99368.33,22224.37,10,BULLISH,1.0,16,8,0,0,0,0,0,0
2026-08-01T13:03:27.607706,99368.33,22224.37,10,BULLISH,1.0,16,8,0,0,0,0,0,0
2026-08-01T13:04:33.497904,99368.33,22224.37,10,BULLISH,1.0,16,8,0,0,0,0,0,0
2026-08-01T13:06:23.923350,99368.33,22224.37,10,BULLISH,1.0,16,8,0,0,0,0,0,0
2026-08-01T13:08:35.323711,99368.33,22224.37,10,BULLISH,1.0,16,8,0,0,0,0,0,0
2026-08-01T13:10:31.957145,99368.33,22224.37,10,BULLISH,1.0,16,8,0,0,0,0,0,0
2026-08-01T13:12:28.925239,99368.33,22224.37,10,BULLISH,1.0,16,8,0,0,0,0,0,0
2026-08-01T13:14:26.671768,99368.33,22224.37,10,BULLISH,1.0,16,8,0,0,0,0,0,0
2026-08-01T13:16:24.940704,99368.33,22224.37,10,BULLISH,1.0,16,8,0,0,0,0,0,0
2026-08-01T13:18:28.791204,99368.33,22224.37,10,BULLISH,1.0,16,8,0,0,0,0,0,0
2026-08-01T13:20:33.518079,99368.33,22224.37,10,BULLISH,1.0,16,8,0,0,0,0,0,0
2026-08-01T13:22:25.772785,99368.33,22224.37,10,BULLISH,1.0,16,8,0,0,0,0,0,0
2026-08-01T13:24:32.639435,99368.33,22224.37,10,BULLISH,1.0,16,8,0,0,0,0,0,0
2026-08-01T13:26:31.583095,99368.33,22224.37,10,BULLISH,1.0,16,8,0,0,0,0,0,0
2026-08-01T13:28:31.000482,99368.33,22224.37,10,BULLISH,1.0,16,8,0,0,0,0,0,0
2026-08-01T13:30:29.960209,99368.33,22224.37,10,BULLISH,1.0,16,8,0,0,0,0,0,0
2026-08-01T13:32:39.156423,99368.33,22224.37,10,BULLISH,1.0,16,8,1,0,1,0,0,0
2026-08-01T13:34:30.334611,99368.33,22224.37,10,BULLISH,1.0,16,8,0,0,0,0,0,0
2026-08-01T13:36:34.217366,99368.33,22224.37,10,BULLISH,1.0,16,8,0,0,0,0,0,0
2026-08-01T13:38:29.166812,99368.33,22224.37,10,BULLISH,1.0,16,8,0,0,0,0,0,0
2026-08-01T13:40:33.675616,99368.33,22224.37,10,BULLISH,1.0,16,8,0,0,0,0,0,0
2026-08-01T13:42:29.423476,99368.33,22224.37,10,BULLISH,1.0,16,8,0,0,0,0,0,0
2026-08-01T13:44:26.220850,99368.33,22224.37,10,BULLISH,1.0,16,8,0,0,0,0,0,0
2026-08-01T13:46:30.395992,99368.33,22224.37,10,BULLISH,1.0,16,8,0,0,0,0,0,0
2026-08-01T13:48:30.714999,99368.33,22224.37,10,BULLISH,1.0,16,8,0,0,0,0,0,0
2026-08-01T13:50:31.705402,99368.33,22224.37,10,BULLISH,1.0,16,8,0,0,0,0,0,0
2026-08-01T13:52:44.677289,99368.33,22224.37,10,BULLISH,1.0,16,8,1,0,1,0,0,0
2026-08-01T13:54:28.026818,99368.33,22224.37,10,BULLISH,1.0,16,8,0,0,0,0,0,0
2026-08-01T13:56:26.927395,99368.33,22224.37,10,BULLISH,1.0,16,8,0,0,0,0,0,0
2026-08-01T13:58:28.135951,99368.33,22224.37,10,BULLISH,1.0,16,8,0,0,0,0,0,0
2026-08-01T14:00:44.427983,99368.33,22224.37,10,BULLISH,1.0,16,8,0,0,0,0,0,0
2026-08-01T14:02:32.232466,99368.33,22224.37,10,BULLISH,1.0,16,8,0,0,0,0,0,0
2026-08-01T14:04:40.881234,99368.33,22224.37,10,BULLISH,1.0,16,8,0,0,0,0,0,0
2026-08-01T14:06:27.051062,99368.33,22224.37,10,BULLISH,1.0,16,8,0,0,0,0,0,0
2026-08-01T14:08:31.978706,99368.33,22224.37,10,BULLISH,1.0,16,8,0,0,0,0,0,0
2026-08-01T14:10:37.125086,99368.33,22224.37,10,BULLISH,1.0,16,8,0,0,0,0,0,0
2026-08-01T14:12:30.329194,99368.33,22224.37,10,BULLISH,1.0,16,8,0,0,0,0,0,0
2026-08-01T14:14:24.720780,99368.33,22224.37,10,BULLISH,1.0,16,8,0,0,0,0,0,0
2026-08-01T14:16:32.295399,99368.33,22224.37,10,BULLISH,1.0,16,8,0,0,0,0,0,0
2026-08-01T14:18:26.278250,99368.33,22224.37,10,BULLISH,1.0,16,8,0,0,0,0,0,0
2026-08-01T14:20:33.336928,99368.33,22224.37,10,BULLISH,1.0,16,8,0,0,0,0,0,0
2026-08-01T14:22:35.487618,99368.33,22224.37,10,BULLISH,1.0,16,8,0,0,0,0,0,0
2026-08-01T14:24:36.827302,99368.33,22224.37,10,BULLISH,1.0,16,8,0,0,0,0,0,0
2026-08-01T14:26:34.981593,99368.33,22224.37,10,BULLISH,1.0,16,8,0,0,0,0,0,0
2026-08-01T14:28:29.117851,99368.33,22224.37,10,BULLISH,1.0,16,8,0,0,0,0,0,0
2026-08-01T14:30:36.798110,99368.33,22224.37,10,BULLISH,1.0,16,8,0,0,0,0,0,0
2026-08-01T14:32:33.217113,99368.33,22224.37,10,BULLISH,1.0,16,8,0,0,0,0,0,0
2026-08-01T14:34:37.214093,99368.33,22224.37,10,BULLISH,1.0,16,8,0,0,0,0,0,0
2026-08-01T14:36:30.394165,99368.33,22224.37,10,BULLISH,1.0,16,8,0,0,0,0,0,0
2026-08-01T14:38:27.151186,99368.33,22224.37,10,BULLISH,1.0,16,8,0,0,0,0,0,0
2026-08-01T14:40:34.715105,99368.33,22224.37,10,BULLISH,1.0,16,8,0,0,0,0,0,0
2026-08-01T14:42:39.879480,99368.33,22224.37,10,BULLISH,1.0,16,8,0,0,0,0,0,0
2026-08-01T14:44:24.584149,99368.33,22224.37,10,BULLISH,1.0,16,8,0,0,0,0,0,0
2026-08-01T14:46:26.169091,99368.33,22224.37,10,BULLISH,1.0,16,8,0,0,0,0,0,0
2026-08-01T14:48:32.681284,99368.33,22224.37,10,BULLISH,1.0,16,8,0,0,0,0,0,0
2026-08-01T14:50:29.575197,99368.33,22224.37,10,BULLISH,1.0,16,8,0,0,0,0,0,0
2026-08-01T14:52:45.182350,99368.33,22224.37,10,BULLISH,1.0,16,8,1,0,1,0,0,0
2026-08-01T14:53:14.192106,99368.33,22224.37,10,BULLISH,1.0,16,8,0,0,0,0,0,0
2026-08-01T14:54:23.469005,99368.33,22224.37,10,BULLISH,1.0,16,8,0,0,0,0,0,0
2026-08-01T14:56:43.171277,99368.33,22224.37,10,BULLISH,1.0,16,8,1,0,1,0,0,0
2026-08-01T14:58:32.901120,99368.33,22224.37,10,BULLISH,1.0,16,8,0,0,0,0,0,0
2026-08-01T15:00:51.945191,99368.33,22224.37,10,BULLISH,1.0,16,8,0,0,0,0,0,0
2026-08-01T15:02:27.053649,99368.33,22224.37,10,BULLISH,1.0,16,8,0,0,0,0,0,0
2026-08-01T15:04:26.755401,99368.33,22224.37,10,BULLISH,1.0,16,8,0,0,0,0,0,0
2026-08-01T15:06:29.898965,99368.33,22224.37,10,BULLISH,1.0,16,8,0,0,0,0,0,0
2026-08-01T15:08:29.692230,99368.33,22224.37,10,BULLISH,1.0,16,8,0,0,0,0,0,0
2026-08-01T15:10:28.465894,99368.33,22224.37,10,BULLISH,1.0,16,8,0,0,0,0,0,0
2026-08-01T15:12:33.269526,99368.33,22224.37,10,BULLISH,1.0,16,8,0,0,0,0,0,0
2026-08-01T15:14:32.007892,99368.33,22224.37,10,BULLISH,1.0,16,8,0,0,0,0,0,0
2026-08-01T15:16:28.165791,99368.33,22224.37,10,BULLISH,1.0,16,8,0,0,0,0,0,0
2026-08-01T15:18:31.254800,99368.33,22224.37,10,BULLISH,1.0,16,8,0,0,0,0,0,0
2026-08-01T15:20:30.803077,99368.33,22224.37,10,BULLISH,1.0,16,8,0,0,0,0,0,0
2026-08-01T15:22:25.279543,99368.33,22224.37,10,BULLISH,1.0,16,8,0,0,0,0,0,0
2026-08-01T15:24:37.654129,99368.33,22224.37,10,BULLISH,1.0,16,8,0,0,0,0,0,0
2026-08-01T15:26:24.819393,99368.33,22224.37,10,BULLISH,1.0,16,8,0,0,0,0,0,0
2026-08-01T15:28:34.396347,99368.33,22224.37,10,BULLISH,1.0,16,8,0,0,0,0,0,0
2026-08-01T15:31:19.099482,99368.33,22224.37,10,BULLISH,1.0,16,8,0,0,0,0,0,0
2026-08-01T15:32:33.765110,99368.33,22224.37,10,BULLISH,1.0,16,8,0,0,0,0,0,0
2026-08-01T15:34:26.718991,99368.33,22224.37,10,BULLISH,1.0,16,8,0,0,0,0,0,0
2026-08-01T15:36:28.600204,99368.33,22224.37,10,BULLISH,1.0,16,8,0,0,0,0,0,0
2026-08-01T15:38:25.730472,99368.33,22224.37,10,BULLISH,1.0,16,8,0,0,0,0,0,0
2026-08-01T15:40:29.411309,99368.33,22224.37,10,BULLISH,1.0,16,8,0,0,0,0,0,0
2026-08-01T15:42:30.059493,99368.33,22224.37,10,BULLISH,1.0,16,8,0,0,0,0,0,0
2026-08-01T15:44:24.655042,99368.33,22224.37,10,BULLISH,1.0,16,8,0,0,0,0,0,0
2026-08-01T15:46:26.568786,99368.33,22224.37,10,BULLISH,1.0,16,8,0,0,0,0,0,0
2026-08-01T15:48:31.776157,99368.33,22224.37,10,BULLISH,1.0,16,8,0,0,0,0,0,0
2026-08-01T15:50:37.479236,99368.33,22224.37,10,BULLISH,1.0,16,8,0,0,0,0,0,0
2026-08-01T15:52:29.933227,99368.33,22224.37,10,BULLISH,1.0,16,8,0,0,0,0,0,0
2026-08-01T15:53:29.796317,99368.33,22224.37,10,BULLISH,1.0,16,8,0,0,0,0,0,0
2026-08-01T15:54:31.845687,99368.33,22224.37,10,BULLISH,1.0,16,8,0,0,0,0,0,0
2026-08-01T15:56:30.040293,99368.33,22224.37,10,BULLISH,1.0,16,8,0,0,0,0,0,0
2026-08-01T15:58:26.349179,99368.33,22224.37,10,BULLISH,1.0,16,8,0,0,0,0,0,0
2026-08-01T16:00:35.521633,99368.33,22224.37,10,BULLISH,1.0,16,8,0,0,0,0,0,0
2026-08-01T16:02:27.417542,99368.33,22224.37,10,BULLISH,1.0,16,8,0,0,0,0,0,0
2026-08-01T16:04:24.070079,99368.33,22224.37,10,BULLISH,1.0,16,8,0,0,0,0,0,0
2026-08-01T16:06:39.155727,99368.33,22224.37,10,BULLISH,1.0,16,8,1,0,1,0,0,0
2026-08-01T16:08:23.949493,99368.33,22224.37,10,BULLISH,1.0,16,8,0,0,0,0,0,0
2026-08-01T16:10:28.345655,99368.33,22224.37,10,BULLISH,1.0,16,8,0,0,0,0,0,0
2026-08-01T16:12:24.939636,99368.33,22224.37,10,BULLISH,1.0,16,8,0,0,0,0,0,0
2026-08-01T16:14:29.700119,99368.33,22224.37,10,BULLISH,1.0,16,8,0,0,0,0,0,0
2026-08-01T16:16:40.299094,99368.33,22224.37,10,BULLISH,1.0,16,8,0,0,0,0,0,0
2026-08-01T16:18:25.428990,99368.33,22224.37,10,BULLISH,1.0,16,8,0,0,0,0,0,0
2026-08-01T16:20:35.180829,99368.33,22224.37,10,BULLISH,1.0,16,8,0,0,0,0,0,0
2026-08-01T16:22:24.880078,99368.33,22224.37,10,BULLISH,1.0,16,8,0,0,0,0,0,0
2026-08-01T16:24:30.545717,99368.33,22224.37,10,BULLISH,1.0,16,8,0,0,0,0,0,0
2026-08-01T16:26:30.092491,99368.33,22224.37,10,BULLISH,1.0,16,8,0,0,0,0,0,0
2026-08-01T16:28:31.973257,99368.33,22224.37,10,BULLISH,1.0,16,8,0,0,0,0,0,0
2026-08-01T16:30:42.017494,99368.33,22224.37,10,BULLISH,1.0,16,8,0,0,0,0,0,0
2026-08-01T16:32:29.803376,99368.33,22224.37,10,BULLISH,1.0,16,8,0,0,0,0,0,0
2026-08-01T16:34:31.634405,99368.33,22224.37,10,BULLISH,1.0,16,8,0,0,0,0,0,0
2026-08-01T16:36:35.081217,99368.33,22224.37,10,BULLISH,1.0,16,8,1,0,1,0,0,0
2026-08-01T16:38:30.205641,99368.33,22224.37,10,BULLISH,1.0,16,8,0,0,0,0,0,0
2026-08-01T16:40:35.472453,99368.33,22224.37,10,BULLISH,1.0,16,8,0,0,0,0,0,0
2026-08-01T16:42:30.823562,99368.33,22224.37,10,BULLISH,1.0,16,8,0,0,0,0,0,0
2026-08-01T16:44:29.564597,99368.33,22224.37,10,BULLISH,1.0,16,8,0,0,0,0,0,0
2026-08-01T16:46:31.935975,99368.33,22224.37,10,BULLISH,1.0,16,8,0,0,0,0,0,0
2026-08-01T16:48:27.242306,99368.33,22224.37,10,BULLISH,1.0,16,8,0,0,0,0,0,0
2026-08-01T16:49:56.447994,99368.33,22224.37,10,BULLISH,1.0,16,8,0,0,0,0,0,0
2026-08-01T16:50:32.518548,99368.33,22224.37,10,BULLISH,1.0,16,8,0,0,0,0,0,0
2026-08-01T16:52:26.101833,99368.33,22224.37,10,BULLISH,1.0,16,8,0,0,0,0,0,0
2026-08-01T16:54:31.838604,99368.33,22224.37,10,BULLISH,1.0,16,8,0,0,0,0,0,0
2026-08-01T16:56:35.637106,99368.33,22224.37,10,BULLISH,1.0,16,8,0,0,0,0,0,0
2026-08-01T16:58:32.418385,99368.33,22224.37,10,BULLISH,1.0,16,8,0,0,0,0,0,0
2026-08-01T17:00:40.849701,99368.33,22224.37,10,BULLISH,1.0,16,8,0,0,0,0,0,0
2026-08-01T17:02:37.463848,99368.33,22224.37,10,BULLISH,1.0,16,8,0,0,0,0,0,0
2026-08-01T17:04:31.612132,99368.33,22224.37,10,BULLISH,1.0,16,8,0,0,0,0,0,0
2026-08-01T17:06:31.414210,99368.33,22224.37,10,BULLISH,1.0,16,8,0,0,0,0,0,0
2026-08-01T17:08:29.499291,99368.33,22224.37,10,BULLISH,1.0,16,8,0,0,0,0,0,0
2026-08-01T17:10:36.437358,99368.33,22224.37,10,BULLISH,1.0,16,8,0,0,0,0,0,0
2026-08-01T17:12:33.360276,99368.33,22224.37,10,BULLISH,1.0,16,8,0,0,0,0,0,0
2026-08-01T17:14:38.823131,99368.33,22224.37,10,BULLISH,1.0,16,8,0,0,0,0,0,0
2026-08-01T17:16:28.633765,99368.33,22224.37,10,BULLISH,1.0,16,8,0,0,0,0,0,0
2026-08-01T17:18:30.915906,99368.33,22224.37,10,BULLISH,1.0,16,8,0,0,0,0,0,0
2026-08-01T17:20:29.763550,99368.33,22224.37,10,BULLISH,1.0,16,8,0,0,0,0,0,0
2026-08-01T17:22:25.862040,99368.33,22224.37,10,BULLISH,1.0,16,8,0,0,0,0,0,0
2026-08-01T17:24:24.724202,99368.33,22224.37,10,BULLISH,1.0,16,8,0,0,0,0,0,0
2026-08-01T17:26:30.875739,99368.33,22224.37,10,BULLISH,1.0,16,8,0,0,0,0,0,0
2026-08-01T17:28:36.669921,99368.33,22224.37,10,BULLISH,1.0,16,8,0,0,0,0,0,0
2026-08-01T17:30:32.643403,99368.33,22224.37,10,BULLISH,1.0,16,8,0,0,0,0,0,0
2026-08-01T17:32:30.415065,99368.33,22224.37,10,BULLISH,1.0,16,8,0,0,0,0,0,0
2026-08-01T17:34:42.589328,99368.33,22224.37,10,BULLISH,1.0,16,8,1,0,1,0,0,0
2026-08-01T17:36:26.876737,99368.33,22224.37,10,BULLISH,1.0,16,8,0,0,0,0,0,0
2026-08-01T17:38:28.078734,99368.33,22224.37,10,BULLISH,1.0,16,8,0,0,0,0,0,0
2026-08-01T17:40:31.440660,99368.33,22224.37,10,BULLISH,1.0,16,8,0,0,0,0,0,0
2026-08-01T17:42:33.040109,99368.33,22224.37,10,BULLISH,1.0,16,8,0,0,0,0,0,0
2026-08-01T17:44:31.226554,99368.33,22224.37,10,BULLISH,1.0,16,8,0,0,0,0,0,0
2026-08-01T17:46:26.646649,99368.33,22224.37,10,BULLISH,1.0,16,8,0,0,0,0,0,0
2026-08-01T17:48:34.600569,99368.33,22224.37,10,BULLISH,1.0,16,8,0,0,0,0,0,0
2026-08-01T17:50:30.303025,99368.33,22224.37,10,BULLISH,1.0,16,8,0,0,0,0,0,0
2026-08-01T17:52:29.884064,99368.33,22224.37,10,BULLISH,1.0,16,8,0,0,0,0,0,0
2026-08-01T17:53:33.683647,99368.33,22224.37,10,BULLISH,1.0,16,8,0,0,0,0,0,0
2026-08-01T17:54:26.468746,99368.33,22224.37,10,BULLISH,1.0,16,8,0,0,0,0,0,0
2026-08-01T17:56:29.840934,99368.33,22224.37,10,BULLISH,1.0,16,8,0,0,0,0,0,0
2026-08-01T17:58:31.418814,99368.33,22224.37,10,BULLISH,1.0,16,8,0,0,0,0,0,0
2026-08-01T18:00:35.676351,99368.33,22224.37,10,BULLISH,1.0,16,8,0,0,0,0,0,0
2026-08-01T18:02:39.106827,99368.33,22224.37,10,BULLISH,1.0,16,8,0,0,0,0,0,0
2026-08-01T18:04:23.212499,99368.33,22224.37,10,BULLISH,1.0,16,8,0,0,0,0,0,0
2026-08-01T18:06:36.868717,99368.33,22224.37,10,BULLISH,1.0,16,8,0,0,0,0,0,0
2026-08-01T18:08:32.651396,99368.33,22224.37,10,BULLISH,1.0,16,8,0,0,0,0,0,0
2026-08-01T18:10:28.010331,99368.33,22224.37,10,BULLISH,1.0,16,8,0,0,0,0,0,0
2026-08-01T18:12:30.523675,99368.33,22224.37,10,BULLISH,1.0,16,8,0,0,0,0,0,0
2026-08-01T18:14:30.648931,99368.33,22224.37,10,BULLISH,1.0,16,8,0,0,0,0,0,0
2026-08-01T18:16:32.773119,99368.33,22224.37,10,BULLISH,1.0,16,8,0,0,0,0,0,0
2026-08-01T18:18:22.725066,99368.33,22224.37,10,BULLISH,1.0,16,8,0,0,0,0,0,0
2026-08-01T18:20:32.846162,99368.33,22224.37,10,BULLISH,1.0,16,8,0,0,0,0,0,0
2026-08-01T18:22:25.992612,99368.33,22224.37,10,BULLISH,1.0,16,8,0,0,0,0,0,0
2026-08-01T18:24:34.057575,99368.33,22224.37,10,BULLISH,1.0,16,8,0,0,0,0,0,0
2026-08-01T18:26:23.050377,99368.33,22224.37,10,BULLISH,1.0,16,8,0,0,0,0,0,0
2026-08-01T18:28:32.266644,99368.33,22224.37,10,BULLISH,1.0,16,8,0,0,0,0,0,0
2026-08-01T18:30:31.323312,99368.33,22224.37,10,BULLISH,1.0,16,8,0,0,0,0,0,0
2026-08-01T18:32:32.378431,99368.33,22224.37,10,BULLISH,1.0,16,8,0,0,0,0,0,0
2026-08-01T18:34:37.030898,99368.33,22224.37,10,BULLISH,1.0,16,8,0,0,0,0,0,0
2026-08-01T18:36:25.265655,99368.33,22224.37,10,BULLISH,1.0,16,8,0,0,0,0,0,0
2026-08-01T18:38:23.688342,99368.33,22224.37,10,BULLISH,1.0,16,8,0,0,0,0,0,0
2026-08-01T18:40:34.905138,99368.33,22224.37,10,BULLISH,1.0,16,8,0,0,0,0,0,0
2026-08-01T18:42:41.240742,99368.33,22224.37,10,BULLISH,1.0,16,8,0,0,0,0,0,0
2026-08-01T18:44:27.771750,99368.33,22224.37,10,BULLISH,1.0,16,8,0,0,0,0,0,0
2026-08-01T18:46:30.484935,99368.33,22224.37,10,BULLISH,1.0,16,8,0,0,0,0,0,0
2026-08-01T18:48:33.709015,99368.33,22224.37,10,BULLISH,1.0,16,8,1,0,1,0,0,0
2026-08-01T18:50:36.367853,99368.33,22224.37,10,BULLISH,1.0,16,8,0,0,0,0,0,0
2026-08-01T18:52:25.257656,99368.33,22224.37,10,BULLISH,1.0,16,8,0,0,0,0,0,0
2026-08-01T18:54:35.692733,99368.33,22224.37,10,BULLISH,1.0,16,8,0,0,0,0,0,0
2026-08-01T18:55:36.190682,99368.33,22224.37,10,BULLISH,1.0,16,8,1,0,1,0,0,0
2026-08-01T18:56:24.068348,99368.33,22224.37,10,BULLISH,1.0,16,8,0,0,0,0,0,0
2026-08-01T18:58:27.717870,99368.33,22224.37,10,BULLISH,1.0,16,8,0,0,0,0,0,0
2026-08-01T19:00:33.097521,99368.33,22224.37,10,BULLISH,1.0,16,8,0,0,0,0,0,0
2026-08-01T19:02:34.569044,99368.33,22224.37,10,BULLISH,1.0,16,8,0,0,0,0,0,0
2026-08-01T19:04:31.312422,99368.33,22224.37,10,BULLISH,1.0,16,8,0,0,0,0,0,0
2026-08-01T19:06:28.084142,99368.33,22224.37,10,BULLISH,1.0,16,8,0,0,0,0,0,0
2026-08-01T19:08:30.364761,99368.33,22224.37,10,BULLISH,1.0,16,8,0,0,0,0,0,0
2026-08-01T19:10:35.395316,99368.33,22224.37,10,BULLISH,1.0,16,8,0,0,0,0,0,0
2026-08-01T19:12:29.776087,99368.33,22224.37,10,BULLISH,1.0,16,8,0,0,0,0,0,0
2026-08-01T19:14:31.608837,99368.33,22224.37,10,BULLISH,1.0,16,8,0,0,0,0,0,0
2026-08-01T19:16:30.492212,99368.33,22224.37,10,BULLISH,1.0,16,8,0,0,0,0,0,0
2026-08-01T19:18:27.863766,99368.33,22224.37,10,BULLISH,1.0,16,8,0,0,0,0,0,0
2026-08-01T19:20:40.544741,99368.33,22224.37,10,BULLISH,1.0,16,8,0,0,0,0,0,0
2026-08-01T19:22:30.716883,99368.33,22224.37,10,BULLISH,1.0,16,8,0,0,0,0,0,0
2026-08-01T19:24:24.847189,99368.33,22224.37,10,BULLISH,1.0,16,8,0,0,0,0,0,0
2026-08-01T19:26:29.026890,99368.33,22224.37,10,BULLISH,1.0,16,8,0,0,0,0,0,0
2026-08-01T19:28:30.531644,99368.33,22224.37,10,BULLISH,1.0,16,8,0,0,0,0,0,0
2026-08-01T19:30:41.477091,99368.33,22224.37,10,BULLISH,1.0,16,8,0,0,0,0,0,0
2026-08-01T19:32:32.984240,99368.33,22224.37,10,BULLISH,1.0,16,8,0,0,0,0,0,0
2026-08-01T19:34:27.767335,99368.33,22224.37,10,BULLISH,1.0,16,8,0,0,0,0,0,0
2026-08-01T19:36:33.424985,99368.33,22224.37,10,BULLISH,1.0,16,8,0,0,0,0,0,0
2026-08-01T19:38:31.248340,99368.33,22224.37,10,BULLISH,1.0,16,8,0,0,0,0,0,0
2026-08-01T19:40:30.399807,99368.33,22224.37,10,BULLISH,1.0,16,8,0,0,0,0,0,0
2026-08-01T19:42:29.909705,99368.33,22224.37,10,BULLISH,1.0,16,8,0,0,0,0,0,0
2026-08-01T19:44:36.774850,99368.33,22224.37,10,BULLISH,1.0,16,8,0,0,0,0,0,0
2026-08-01T19:46:33.210147,99368.33,22224.37,10,BULLISH,1.0,16,8,0,0,0,0,0,0
2026-08-01T19:48:38.460125,99368.33,22224.37,10,BULLISH,1.0,16,8,0,0,0,0,0,0
2026-08-01T19:50:32.865913,99368.33,22224.37,10,BULLISH,1.0,16,8,0,0,0,0,0,0
2026-08-01T19:52:25.260840,99368.33,22224.37,10,BULLISH,1.0,16,8,0,0,0,0,0,0
2026-08-01T19:54:24.398582,99368.33,22224.37,10,BULLISH,1.0,16,8,0,0,0,0,0,0
2026-08-01T19:56:27.192451,99368.33,22224.37,10,BULLISH,1.0,16,8,0,0,0,0,0,0
2026-08-01T19:58:33.416094,99368.33,22224.37,10,BULLISH,1.0,16,8,0,0,0,0,0,0
2026-08-01T20:00:45.787770,99368.33,22224.37,10,BULLISH,1.0,16,8,0,0,0,0,0,0
2026-08-01T20:02:33.469515,99368.33,22224.37,10,BULLISH,1.0,16,8,0,0,0,0,0,0
2026-08-01T20:04:40.280040,99368.33,22224.37,10,BULLISH,1.0,16,8,0,0,0,0,0,0
2026-08-01T20:06:06.227461,99368.33,22224.37,10,BULLISH,1.0,16,8,0,0,0,0,0,0
2026-08-01T20:06:33.229443,99368.33,22224.37,10,BULLISH,1.0,16,8,0,0,0,0,0,0
2026-08-01T20:08:25.431430,99368.33,22224.37,10,BULLISH,1.0,16,8,0,0,0,0,0,0
2026-08-01T20:10:28.594298,99368.33,22224.37,10,BULLISH,1.0,16,8,0,0,0,0,0,0
2026-08-01T20:12:30.874568,99368.33,22224.37,10,BULLISH,1.0,16,8,0,0,0,0,0,0
2026-08-01T20:14:30.969330,99368.33,22224.37,10,BULLISH,1.0,16,8,0,0,0,0,0,0
2026-08-01T20:16:31.392779,99368.33,22224.37,10,BULLISH,1.0,16,8,0,0,0,0,0,0
2026-08-01T20:18:32.487388,99368.33,22224.37,10,BULLISH,1.0,16,8,0,0,0,0,0,0
2026-08-01T20:20:43.235447,99368.33,22224.37,10,BULLISH,1.0,16,8,0,0,0,0,0,0
2026-08-01T20:22:32.706476,99368.33,22224.37,10,BULLISH,1.0,16,8,0,0,0,0,0,0
2026-08-01T20:24:27.494740,99368.33,22224.37,10,BULLISH,1.0,16,8,0,0,0,0,0,0
2026-08-01T20:26:37.535139,99368.33,22224.37,10,BULLISH,1.0,16,8,0,0,0,0,0,0
2026-08-01T20:28:31.262747,99368.33,22224.37,10,BULLISH,1.0,16,8,0,0,0,0,0,0
2026-08-01T20:30:41.477405,99368.33,22224.37,10,BULLISH,1.0,16,8,0,0,0,0,0,0
2026-08-01T20:32:26.326007,99368.33,22224.37,10,BULLISH,1.0,16,8,0,0,0,0,0,0
2026-08-01T20:34:27.329720,99368.33,22224.37,10,BULLISH,1.0,16,8,0,0,0,0,0,0
2026-08-01T20:36:31.931064,99368.33,22224.37,10,BULLISH,1.0,16,8,0,0,0,0,0,0
2026-08-01T20:38:32.135155,99368.33,22224.37,10,BULLISH,1.0,16,8,0,0,0,0,0,0
2026-08-01T20:40:30.431816,99368.33,22224.37,10,BULLISH,1.0,16,8,0,0,0,0,0,0
2026-08-01T20:42:33.785380,99368.33,22224.37,10,BULLISH,1.0,16,8,0,0,0,0,0,0
2026-08-01T20:44:30.607801,99368.33,22224.37,10,BULLISH,1.0,16,8,0,0,0,0,0,0
2026-08-01T20:46:32.231741,99368.33,22224.37,10,BULLISH,1.0,16,8,0,0,0,0,0,0
2026-08-01T20:48:29.210712,99368.33,22224.37,10,BULLISH,1.0,16,8,0,0,0,0,0,0
2026-08-01T20:50:34.861785,99368.33,22224.37,10,BULLISH,1.0,16,8,0,0,0,0,0,0
2026-08-01T20:52:26.951457,99368.33,22224.37,10,BULLISH,1.0,16,8,0,0,0,0,0,0
2026-08-01T20:54:27.222645,99368.33,22224.37,10,BULLISH,1.0,16,8,0,0,0,0,0,0
2026-08-01T20:56:28.461338,99368.33,22224.37,10,BULLISH,1.0,16,8,0,0,0,0,0,0
2026-08-01T20:58:27.350475,99368.33,22224.37,10,BULLISH,1.0,16,8,0,0,0,0,0,0
2026-08-01T21:00:35.826826,99368.33,22224.37,10,BULLISH,1.0,16,8,0,0,0,0,0,0
2026-08-01T21:02:30.091629,99368.33,22224.37,10,BULLISH,1.0,16,8,0,0,0,0,0,0
2026-08-01T21:04:38.894026,99368.33,22224.37,10,BULLISH,1.0,16,8,1,0,1,0,0,0
2026-08-01T21:06:31.292633,99368.33,22224.37,10,BULLISH,1.0,16,8,0,0,0,0,0,0
2026-08-01T21:08:25.463076,99368.33,22224.37,10,BULLISH,1.0,16,8,0,0,0,0,0,0
2026-08-01T21:10:29.114658,99368.33,22224.37,10,BULLISH,1.0,16,8,0,0,0,0,0,0
2026-08-01T21:12:30.138912,99368.33,22224.37,10,BULLISH,1.0,16,8,0,0,0,0,0,0
2026-08-01T21:14:27.186618,99368.33,22224.37,10,BULLISH,1.0,16,8,0,0,0,0,0,0
2026-08-01T21:16:31.450892,99368.33,22224.37,10,BULLISH,1.0,16,8,0,0,0,0,0,0
2026-08-01T21:18:30.261840,99368.33,22224.37,10,BULLISH,1.0,16,8,0,0,0,0,0,0
2026-08-01T21:20:35.845314,99368.33,22224.37,10,BULLISH,1.0,16,8,0,0,0,0,0,0
2026-08-01T21:22:33.192606,99368.33,22224.37,10,BULLISH,1.0,16,8,0,0,0,0,0,0
2026-08-01T21:24:28.242481,99368.33,22224.37,10,BULLISH,1.0,16,8,0,0,0,0,0,0
2026-08-01T21:26:36.218369,99368.33,22224.37,10,BULLISH,1.0,16,8,0,0,0,0,0,0
2026-08-01T21:28:33.239961,99368.33,22224.37,10,BULLISH,1.0,16,8,0,0,0,0,0,0
2026-08-01T21:30:47.270676,99368.33,22224.37,10,BULLISH,1.0,16,8,1,0,1,0,0,0
2026-08-01T21:32:30.909381,99368.33,22224.37,10,BULLISH,1.0,16,8,0,0,0,0,0,0
2026-08-01T21:34:23.921427,99368.33,22224.37,10,BULLISH,1.0,16,8,0,0,0,0,0,0
2026-08-01T21:36:24.195738,99368.33,22224.37,10,BULLISH,1.0,16,8,0,0,0,0,0,0
2026-08-01T21:38:28.424083,99368.33,22224.37,10,BULLISH,1.0,16,8,0,0,0,0,0,0
2026-08-01T21:40:35.285000,99368.33,22224.37,10,BULLISH,1.0,16,8,0,0,0,0,0,0
2026-08-01T21:42:30.124010,99368.33,22224.37,10,BULLISH,1.0,16,8,0,0,0,0,0,0
2026-08-01T21:44:30.158483,99368.33,22224.37,10,BULLISH,1.0,16,8,0,0,0,0,0,0
2026-08-01T21:44:55.181310,99368.33,22224.37,10,BULLISH,1.0,16,8,0,0,0,0,0,0
2026-08-01T21:46:24.856884,99368.33,22224.37,10,BULLISH,1.0,16,8,0,0,0,0,0,0
2026-08-01T21:48:27.724687,99368.33,22224.37,10,BULLISH,1.0,16,8,0,0,0,0,0,0
2026-08-01T21:50:36.145282,99368.33,22224.37,10,BULLISH,1.0,16,8,0,0,0,0,0,0
2026-08-01T21:52:30.221140,99368.33,22224.37,10,BULLISH,1.0,16,8,0,0,0,0,0,0
2026-08-01T21:54:31.310061,99368.33,22224.37,10,BULLISH,1.0,16,8,0,0,0,0,0,0
2026-08-01T21:56:33.668482,99368.33,22224.37,10,BULLISH,1.0,16,8,0,0,0,0,0,0
2026-08-01T21:58:26.899564,99368.33,22224.37,10,BULLISH,1.0,16,8,0,0,0,0,0,0
2026-08-01T22:00:36.923178,99368.33,22224.37,10,BULLISH,1.0,16,8,0,0,0,0,0,0
2026-08-01T22:02:30.214021,99368.33,22224.37,10,BULLISH,1.0,16,8,0,0,0,0,0,0
2026-08-01T22:04:27.192063,99368.33,22224.37,10,BULLISH,1.0,16,8,0,0,0,0,0,0
2026-08-01T22:06:32.458240,99368.33,22224.37,10,BULLISH,1.0,16,8,0,0,0,0,0,0
2026-08-01T22:08:35.418147,99368.33,22224.37,10,BULLISH,1.0,16,8,0,0,0,0,0,0
2026-08-01T22:10:27.940456,99368.33,22224.37,10,BULLISH,1.0,16,8,0,0,0,0,0,0
2026-08-01T22:12:28.046560,99368.33,22224.37,10,BULLISH,1.0,16,8,0,0,0,0,0,0
2026-08-01T22:14:25.872953,99368.33,22224.37,10,BULLISH,1.0,16,8,0,0,0,0,0,0
2026-08-01T22:16:33.061341,99368.33,22224.37,10,BULLISH,1.0,16,8,0,0,0,0,0,0
2026-08-01T22:18:27.798722,99368.33,22224.37,10,BULLISH,1.0,16,8,0,0,0,0,0,0
2026-08-01T22:20:31.745231,99368.33,22224.37,10,BULLISH,1.0,16,8,0,0,0,0,0,0
2026-08-01T22:22:31.523522,99368.33,22224.37,10,BULLISH,1.0,16,8,0,0,0,0,0,0
2026-08-01T22:24:25.400978,99368.33,22224.37,10,BULLISH,1.0,16,8,0,0,0,0,0,0
2026-08-01T22:26:30.927301,99368.33,22224.37,10,BULLISH,1.0,16,8,0,0,0,0,0,0
2026-08-01T22:28:32.739129,99368.33,22224.37,10,BULLISH,1.0,16,8,0,0,0,0,0,0
2026-08-01T22:30:47.124525,99368.33,22224.37,10,BULLISH,1.0,16,8,0,0,0,0,0,0
2026-08-01T22:32:26.235310,99368.33,22224.37,10,BULLISH,1.0,16,8,0,0,0,0,0,0
2026-08-01T22:34:25.541053,99368.33,22224.37,10,BULLISH,1.0,16,8,0,0,0,0,0,0
2026-08-01T22:36:33.143769,99368.33,22224.37,10,BULLISH,1.0,16,8,0,0,0,0,0,0
2026-08-01T22:38:33.525005,99368.33,22224.37,10,BULLISH,1.0,16,8,0,0,0,0,0,0
2026-08-01T22:40:38.881822,99368.33,22224.37,10,BULLISH,1.0,16,8,0,0,0,0,0,0
2026-08-01T22:42:30.386256,99368.33,22224.37,10,BULLISH,1.0,16,8,0,0,0,0,0,0
2026-08-01T22:44:32.776272,99368.33,22224.37,10,BULLISH,1.0,16,8,0,0,0,0,0,0
2026-08-01T22:44:59.941041,99368.33,22224.37,10,BULLISH,1.0,16,8,0,0,0,0,0,0
2026-08-01T22:46:26.198245,99368.33,22224.37,10,BULLISH,1.0,16,8,0,0,0,0,0,0
2026-08-01T22:48:33.747959,99368.33,22224.37,10,BULLISH,1.0,16,8,0,0,0,0,0,0
2026-08-01T22:50:33.197529,99368.33,22224.37,10,BULLISH,1.0,16,8,0,0,0,0,0,0
2026-08-01T22:52:32.697541,99368.33,22224.37,10,BULLISH,1.0,16,8,0,0,0,0,0,0
2026-08-01T22:54:29.235831,99368.33,22224.37,10,BULLISH,1.0,16,8,0,0,0,0,0,0
2026-08-01T22:56:37.535282,99368.33,22224.37,10,BULLISH,1.0,16,8,0,0,0,0,0,0
2026-08-01T22:58:24.735571,99368.33,22224.37,10,BULLISH,1.0,16,8,0,0,0,0,0,0
2026-08-01T23:00:33.330221,99368.33,22224.37,10,BULLISH,1.0,16,8,0,0,0,0,0,0
2026-08-01T23:02:33.629328,99368.33,22224.37,10,BULLISH,1.0,16,8,0,0,0,0,0,0
2026-08-01T23:04:30.285193,99368.33,22224.37,10,BULLISH,1.0,16,8,0,0,0,0,0,0
2026-08-01T23:06:38.433052,99368.33,22224.37,10,BULLISH,1.0,16,8,0,0,0,0,0,0
2026-08-01T23:08:32.767713,99368.33,22224.37,10,BULLISH,1.0,16,8,0,0,0,0,0,0
2026-08-01T23:10:43.476027,99368.33,22224.37,10,BULLISH,1.0,16,8,0,0,0,0,0,0
2026-08-01T23:12:32.435610,99368.33,22224.37,10,BULLISH,1.0,16,8,0,0,0,0,0,0
2026-08-01T23:14:36.969526,99368.33,22224.37,10,BULLISH,1.0,16,8,0,0,0,0,0,0
2026-08-01T23:16:24.474105,99368.33,22224.37,10,BULLISH,1.0,16,8,0,0,0,0,0,0
2026-08-01T23:18:30.589933,99368.33,22224.37,10,BULLISH,1.0,16,8,0,0,0,0,0,0
2026-08-01T23:20:45.402247,99368.33,22224.37,10,BULLISH,1.0,16,8,1,0,1,0,0,0
2026-08-01T23:22:32.706346,99368.33,22224.37,10,BULLISH,1.0,16,8,0,0,0,0,0,0
2026-08-01T23:24:32.263273,99368.33,22224.37,10,BULLISH,1.0,16,8,0,0,0,0,0,0
2026-08-01T23:26:32.807227,99368.33,22224.37,10,BULLISH,1.0,16,8,0,0,0,0,0,0
2026-08-01T23:28:27.075790,99368.33,22224.37,10,BULLISH,1.0,16,8,0,0,0,0,0,0
2026-08-01T23:30:41.060741,99368.33,22224.37,10,BULLISH,1.0,16,8,0,0,0,0,0,0
2026-08-01T23:32:35.155829,99368.33,22224.37,10,BULLISH,1.0,16,8,0,0,0,0,0,0
2026-08-01T23:34:33.077437,99368.33,22224.37,10,BULLISH,1.0,16,8,0,0,0,0,0,0
2026-08-01T23:36:26.472853,99368.33,22224.37,10,BULLISH,1.0,16,8,0,0,0,0,0,0
2026-08-01T23:38:26.112848,99368.33,22224.37,10,BULLISH,1.0,16,8,0,0,0,0,0,0
2026-08-01T23:40:30.257626,99368.33,22224.37,10,BULLISH,1.0,16,8,0,0,0,0,0,0
2026-08-01T23:42:35.682860,99368.33,22224.37,10,BULLISH,1.0,16,8,0,0,0,0,0,0
2026-08-01T23:44:33.109712,99368.33,22224.37,10,BULLISH,1.0,16,8,0,0,0,0,0,0
2026-08-01T23:46:24.422939,99368.33,22224.37,10,BULLISH,1.0,16,8,0,0,0,0,0,0
2026-08-01T23:48:29.101249,99368.33,22224.37,10,BULLISH,1.0,16,8,0,0,0,0,0,0
2026-08-01T23:49:05.349897,99368.33,22224.37,10,BULLISH,1.0,16,8,0,0,0,0,0,0
2026-08-01T23:50:32.765211,99368.33,22224.37,10,BULLISH,1.0,16,8,0,0,0,0,0,0
2026-08-01T23:52:28.733189,99368.33,22224.37,10,BULLISH,1.0,16,8,0,0,0,0,0,0
2026-08-01T23:54:32.931606,99368.33,22224.37,10,BULLISH,1.0,16,8,0,0,0,0,0,0
2026-08-01T23:56:31.642338,99368.33,22224.37,10,BULLISH,1.0,16,8,0,0,0,0,0,0
2026-08-01T23:58:32.010408,99368.33,22224.37,10,BULLISH,1.0,16,8,0,0,0,0,0,0
2026-08-02T00:00:43.699174,99368.33,22224.37,10,BULLISH,1.0,16,8,0,0,0,0,0,0
2026-08-02T00:02:42.280602,99368.33,22224.37,10,BULLISH,1.0,16,8,1,0,1,0,0,0
2026-08-02T00:04:27.892808,99368.33,22224.37,10,BULLISH,1.0,16,8,0,0,0,0,0,0
2026-08-02T00:06:34.135467,99368.33,22224.37,10,BULLISH,1.0,16,8,1,0,1,0,0,0
2026-08-02T00:08:31.861746,99368.33,22224.37,10,BULLISH,1.0,16,8,0,0,0,0,0,0
2026-08-02T00:10:35.165395,99368.33,22224.37,10,BULLISH,1.0,16,8,0,0,0,0,0,0
2026-08-02T00:12:33.221713,99368.33,22224.37,10,BULLISH,1.0,16,8,0,0,0,0,0,0
2026-08-02T00:14:37.363281,99368.33,22224.37,10,BULLISH,1.0,16,8,0,0,0,0,0,0
2026-08-02T00:16:27.334205,99368.33,22224.37,10,BULLISH,1.0,16,8,0,0,0,0,0,0
2026-08-02T00:18:45.315711,99368.33,22224.37,10,BULLISH,1.0,16,8,0,0,0,0,0,0
2026-08-02T00:20:29.507271,99368.33,22224.37,10,BULLISH,1.0,16,8,0,0,0,0,0,0
2026-08-02T00:22:32.981114,99368.33,22224.37,10,BULLISH,1.0,16,8,0,0,0,0,0,0
2026-08-02T00:24:35.540636,99368.33,22224.37,10,BULLISH,1.0,16,8,0,0,0,0,0,0
2026-08-02T00:26:34.406233,99368.33,22224.37,10,BULLISH,1.0,16,8,0,0,0,0,0,0
2026-08-02T00:28:25.856144,99368.33,22224.37,10,BULLISH,1.0,16,8,0,0,0,0,0,0
2026-08-02T00:30:29.839395,99368.33,22224.37,10,BULLISH,1.0,16,8,0,0,0,0,0,0
2026-08-02T00:32:25.372493,99368.33,22224.37,10,BULLISH,1.0,16,8,0,0,0,0,0,0
2026-08-02T00:34:37.652378,99368.33,22224.37,10,BULLISH,1.0,16,8,0,0,0,0,0,0
2026-08-02T00:36:39.716163,99368.33,22224.37,10,BULLISH,1.0,16,8,1,0,1,0,0,0
2026-08-02T00:38:31.065507,99368.33,22224.37,10,BULLISH,1.0,16,8,0,0,0,0,0,0
2026-08-02T00:40:36.434628,99368.33,22224.37,10,BULLISH,1.0,16,8,0,0,0,0,0,0
2026-08-02T00:42:34.848454,99368.33,22224.37,10,BULLISH,1.0,16,8,0,0,0,0,0,0
2026-08-02T00:44:31.179516,99368.33,22224.37,10,BULLISH,1.0,16,8,0,0,0,0,0,0
2026-08-02T00:46:27.959645,99368.33,22224.37,10,BULLISH,1.0,16,8,0,0,0,0,0,0
2026-08-02T00:48:31.303697,99368.33,22224.37,10,BULLISH,1.0,16,8,0,0,0,0,0,0
2026-08-02T00:50:30.548912,99368.33,22224.37,10,BULLISH,1.0,16,8,0,0,0,0,0,0
2026-08-02T00:52:23.675978,99368.33,22224.37,10,BULLISH,1.0,16,8,0,0,0,0,0,0
2026-08-02T00:54:31.870490,99368.33,22224.37,10,BULLISH,1.0,16,8,0,0,0,0,0,0
2026-08-02T00:56:34.384329,99368.33,22224.37,10,BULLISH,1.0,16,8,0,0,0,0,0,0
2026-08-02T00:58:38.432914,99368.33,22224.37,10,BULLISH,1.0,16,8,0,0,0,0,0,0
2026-08-02T01:00:33.670222,99368.33,22224.37,10,BULLISH,1.0,16,8,0,0,0,0,0,0
2026-08-02T01:02:32.099503,99368.33,22224.37,10,BULLISH,1.0,16,8,0,0,0,0,0,0
2026-08-02T01:04:32.455030,99368.33,22224.37,10,BULLISH,1.0,16,8,0,0,0,0,0,0
2026-08-02T01:06:29.515175,99368.33,22224.37,10,BULLISH,1.0,16,8,0,0,0,0,0,0
2026-08-02T01:08:32.018946,99368.33,22224.37,10,BULLISH,1.0,16,8,0,0,0,0,0,0
2026-08-02T01:10:42.164647,99368.33,22224.37,10,BULLISH,1.0,16,8,0,0,0,0,0,0
2026-08-02T01:12:25.300453,99368.33,22224.37,10,BULLISH,1.0,16,8,0,0,0,0,0,0
2026-08-02T01:14:25.725682,99368.33,22224.37,10,BULLISH,1.0,16,8,0,0,0,0,0,0
2026-08-02T01:16:30.221400,99368.33,22224.37,10,BULLISH,1.0,16,8,0,0,0,0,0,0
2026-08-02T01:18:29.799818,99368.33,22224.37,10,BULLISH,1.0,16,8,0,0,0,0,0,0
2026-08-02T01:20:29.821903,99368.33,22224.37,10,BULLISH,1.0,16,8,0,0,0,0,0,0
2026-08-02T01:22:31.499994,99368.33,22224.37,10,BULLISH,1.0,16,8,0,0,0,0,0,0
2026-08-02T01:24:32.737354,99368.33,22224.37,10,BULLISH,1.0,16,8,0,0,0,0,0,0
2026-08-02T01:26:26.976617,99368.33,22224.37,10,BULLISH,1.0,16,8,0,0,0,0,0,0
2026-08-02T01:28:42.823479,99368.33,22224.37,10,BULLISH,1.0,16,8,1,0,1,0,0,0
2026-08-02T01:30:40.050884,99368.33,22224.37,10,BULLISH,1.0,16,8,0,0,0,0,0,0
2026-08-02T01:32:32.871741,99368.33,22224.37,10,BULLISH,1.0,16,8,0,0,0,0,0,0
2026-08-02T01:34:26.374299,99368.33,22224.37,10,BULLISH,1.0,16,8,0,0,0,0,0,0
2026-08-02T01:36:24.656977,99368.33,22224.37,10,BULLISH,1.0,16,8,0,0,0,0,0,0
2026-08-02T01:38:33.346836,99368.33,22224.37,10,BULLISH,1.0,16,8,0,0,0,0,0,0
2026-08-02T01:40:31.324107,99368.33,22224.37,10,BULLISH,1.0,16,8,0,0,0,0,0,0
2026-08-02T01:42:30.319125,99368.33,22224.37,10,BULLISH,1.0,16,8,0,0,0,0,0,0
2026-08-02T01:44:25.996917,99368.33,22224.37,10,BULLISH,1.0,16,8,0,0,0,0,0,0
2026-08-02T01:46:34.281916,99368.33,22224.37,10,BULLISH,1.0,16,8,0,0,0,0,0,0
2026-08-02T01:48:30.602398,99368.33,22224.37,10,BULLISH,1.0,16,8,0,0,0,0,0,0
2026-08-02T01:50:35.547712,99368.33,22224.37,10,BULLISH,1.0,16,8,0,0,0,0,0,0
2026-08-02T01:52:31.331106,99368.33,22224.37,10,BULLISH,1.0,16,8,0,0,0,0,0,0
2026-08-02T01:53:06.812772,99368.33,22224.37,10,BULLISH,1.0,16,8,0,0,0,0,0,0
2026-08-02T01:54:24.974670,99368.33,22224.37,10,BULLISH,1.0,16,8,0,0,0,0,0,0
2026-08-02T01:56:29.092976,99368.33,22224.37,10,BULLISH,1.0,16,8,0,0,0,0,0,0
2026-08-02T01:58:35.293495,99368.33,22224.37,10,BULLISH,1.0,16,8,0,0,0,0,0,0
2026-08-02T02:00:34.748415,99368.33,22224.37,10,BULLISH,1.0,16,8,0,0,0,0,0,0
2026-08-02T02:02:28.494640,99368.33,22224.37,10,BULLISH,1.0,16,8,0,0,0,0,0,0
2026-08-02T02:04:31.709376,99368.33,22224.37,10,BULLISH,1.0,16,8,0,0,0,0,0,0
2026-08-02T02:06:33.296802,99368.33,22224.37,10,BULLISH,1.0,16,8,0,0,0,0,0,0
2026-08-02T02:08:30.215922,99368.33,22224.37,10,BULLISH,1.0,16,8,0,0,0,0,0,0
2026-08-02T02:10:38.968318,99368.33,22224.37,10,BULLISH,1.0,16,8,0,0,0,0,0,0
2026-08-02T02:12:34.096431,99368.33,22224.37,10,BULLISH,1.0,16,8,0,0,0,0,0,0
2026-08-02T02:14:31.586134,99368.33,22224.37,10,BULLISH,1.0,16,8,0,0,0,0,0,0
2026-08-02T02:16:25.341746,99368.33,22224.37,10,BULLISH,1.0,16,8,0,0,0,0,0,0
2026-08-02T02:18:25.523816,99368.33,22224.37,10,BULLISH,1.0,16,8,0,0,0,0,0,0
2026-08-02T02:20:36.109266,99368.33,22224.37,10,BULLISH,1.0,16,8,0,0,0,0,0,0
2026-08-02T02:22:28.718982,99368.33,22224.37,10,BULLISH,1.0,16,8,0,0,0,0,0,0
2026-08-02T02:24:31.288130,99368.33,22224.37,10,BULLISH,1.0,16,8,0,0,0,0,0,0
2026-08-02T02:26:33.992911,99368.33,22224.37,10,BULLISH,1.0,16,8,0,0,0,0,0,0
2026-08-02T02:28:32.067483,99368.33,22224.37,10,BULLISH,1.0,16,8,0,0,0,0,0,0
2026-08-02T02:30:34.361700,99368.33,22224.37,10,BULLISH,1.0,16,8,0,0,0,0,0,0
2026-08-02T02:32:29.196990,99368.33,22224.37,10,BULLISH,1.0,16,8,0,0,0,0,0,0
2026-08-02T02:34:32.760704,99368.33,22224.37,10,BULLISH,1.0,16,8,0,0,0,0,0,0
2026-08-02T02:36:31.126092,99368.33,22224.37,10,BULLISH,1.0,16,8,0,0,0,0,0,0
2026-08-02T02:38:31.286334,99368.33,22224.37,10,BULLISH,1.0,16,8,0,0,0,0,0,0
2026-08-02T02:40:29.421414,99368.33,22224.37,10,BULLISH,1.0,16,8,0,0,0,0,0,0
2026-08-02T02:42:32.433475,99368.33,22224.37,10,BULLISH,1.0,16,8,0,0,0,0,0,0
2026-08-02T02:44:25.475631,99368.33,22224.37,10,BULLISH,1.0,16,8,0,0,0,0,0,0
2026-08-02T02:46:36.379069,99368.33,22224.37,10,BULLISH,1.0,16,8,0,0,0,0,0,0
2026-08-02T02:48:31.467264,99368.33,22224.37,10,BULLISH,1.0,16,8,0,0,0,0,0,0
2026-08-02T02:50:28.308420,99368.33,22224.37,10,BULLISH,1.0,16,8,0,0,0,0,0,0
2026-08-02T02:52:25.916927,99368.33,22224.37,10,BULLISH,1.0,16,8,0,0,0,0,0,0
2026-08-02T02:54:39.449276,99368.33,22224.37,10,BULLISH,1.0,16,8,0,0,0,0,0,0
2026-08-02T02:56:25.087233,99368.33,22224.37,10,BULLISH,1.0,16,8,0,0,0,0,0,0
2026-08-02T02:58:27.839619,99368.33,22224.37,10,BULLISH,1.0,16,8,0,0,0,0,0,0
2026-08-02T03:00:38.931764,99368.33,22224.37,10,BULLISH,1.0,16,8,0,0,0,0,0,0
2026-08-02T03:02:36.919469,99368.33,22224.37,10,BULLISH,1.0,16,8,0,0,0,0,0,0
2026-08-02T03:04:27.360254,99368.33,22224.37,10,BULLISH,1.0,16,8,0,0,0,0,0,0
2026-08-02T03:06:38.421192,99368.33,22224.37,10,BULLISH,1.0,16,8,1,0,1,0,0,0
2026-08-02T03:08:25.949889,99368.33,22224.37,10,BULLISH,1.0,16,8,0,0,0,0,0,0
2026-08-02T03:10:38.761351,99368.33,22224.37,10,BULLISH,1.0,16,8,0,0,0,0,0,0
2026-08-02T03:12:32.230070,99368.33,22224.37,10,BULLISH,1.0,16,8,0,0,0,0,0,0
2026-08-02T03:14:28.883379,99368.33,22224.37,10,BULLISH,1.0,16,8,0,0,0,0,0,0
2026-08-02T03:16:34.112002,99368.33,22224.37,10,BULLISH,1.0,16,8,0,0,0,0,0,0
2026-08-02T03:18:32.573520,99368.33,22224.37,10,BULLISH,1.0,16,8,0,0,0,0,0,0
2026-08-02T03:20:28.847228,99368.33,22224.37,10,BULLISH,1.0,16,8,0,0,0,0,0,0
2026-08-02T03:22:26.303508,99368.33,22224.37,10,BULLISH,1.0,16,8,0,0,0,0,0,0
2026-08-02T03:24:29.734809,99368.33,22224.37,10,BULLISH,1.0,16,8,0,0,0,0,0,0
2026-08-02T03:26:36.179990,99368.33,22224.37,10,BULLISH,1.0,16,8,0,0,0,0,0,0
2026-08-02T03:28:30.573812,99368.33,22224.37,10,BULLISH,1.0,16,8,0,0,0,0,0,0
2026-08-02T03:30:30.171010,99368.33,22224.37,10,BULLISH,1.0,16,8,0,0,0,0,0,0
2026-08-02T03:32:35.238947,99368.33,22224.37,10,BULLISH,1.0,16,8,0,0,0,0,0,0
2026-08-02T03:34:34.062852,99368.33,22224.37,10,BULLISH,1.0,16,8,0,0,0,0,0,0
2026-08-02T03:36:28.357264,99368.33,22224.37,10,BULLISH,1.0,16,8,0,0,0,0,0,0
2026-08-02T03:38:24.995817,99368.33,22224.37,10,BULLISH,1.0,16,8,0,0,0,0,0,0
2026-08-02T03:40:29.182430,99368.33,22224.37,10,BULLISH,1.0,16,8,0,0,0,0,0,0
2026-08-02T03:42:27.350439,99368.33,22224.37,10,BULLISH,1.0,16,8,0,0,0,0,0,0
2026-08-02T03:44:33.372397,99368.33,22224.37,10,BULLISH,1.0,16,8,0,0,0,0,0,0
2026-08-02T03:46:26.797666,99368.33,22224.37,10,BULLISH,1.0,16,8,0,0,0,0,0,0
2026-08-02T03:48:33.997642,99368.33,22224.37,10,BULLISH,1.0,16,8,0,0,0,0,0,0
2026-08-02T03:50:29.676508,99368.33,22224.37,10,BULLISH,1.0,16,8,0,0,0,0,0,0
2026-08-02T03:52:31.401191,99368.33,22224.37,10,BULLISH,1.0,16,8,0,0,0,0,0,0
2026-08-02T03:54:33.616359,99368.33,22224.37,10,BULLISH,1.0,16,8,0,0,0,0,0,0
2026-08-02T03:56:27.465021,99368.33,22224.37,10,BULLISH,1.0,16,8,0,0,0,0,0,0
2026-08-02T03:58:33.059169,99368.33,22224.37,10,BULLISH,1.0,16,8,0,0,0,0,0,0
2026-08-02T04:00:39.757981,99368.33,22224.37,10,BULLISH,1.0,16,8,0,0,0,0,0,0
2026-08-02T04:02:27.335838,99368.33,22224.37,10,BULLISH,1.0,16,8,0,0,0,0,0,0
2026-08-02T04:04:32.331461,99368.33,22224.37,10,BULLISH,1.0,16,8,0,0,0,0,0,0
2026-08-02T04:06:24.180870,99368.33,22224.37,10,BULLISH,1.0,16,8,0,0,0,0,0,0
2026-08-02T04:08:28.999789,99368.33,22224.37,10,BULLISH,1.0,16,8,0,0,0,0,0,0
2026-08-02T04:10:37.348750,99368.33,22224.37,10,BULLISH,1.0,16,8,0,0,0,0,0,0
2026-08-02T04:12:33.053037,99368.33,22224.37,10,BULLISH,1.0,16,8,0,0,0,0,0,0
2026-08-02T04:14:30.579812,99368.33,22224.37,10,BULLISH,1.0,16,8,0,0,0,0,0,0
2026-08-02T04:16:54.505334,99368.33,22224.37,10,BULLISH,1.0,16,8,1,0,1,0,0,0
2026-08-02T04:18:29.614622,99368.33,22224.37,10,BULLISH,1.0,16,8,0,0,0,0,0,0
2026-08-02T04:20:44.016358,99368.33,22224.37,10,BULLISH,1.0,16,8,1,0,1,0,0,0
2026-08-02T04:22:37.473120,99368.33,22224.37,10,BULLISH,1.0,16,8,0,0,0,0,0,0
2026-08-02T04:24:29.547032,99368.33,22224.37,10,BULLISH,1.0,16,8,0,0,0,0,0,0
2026-08-02T04:26:32.329390,99368.33,22224.37,10,BULLISH,1.0,16,8,0,0,0,0,0,0
2026-08-02T04:28:36.261770,99368.33,22224.37,10,BULLISH,1.0,16,8,0,0,0,0,0,0
2026-08-02T04:30:37.983625,99368.33,22224.37,10,BULLISH,1.0,16,8,0,0,0,0,0,0
2026-08-02T04:32:29.856225,99368.33,22224.37,10,BULLISH,1.0,16,8,0,0,0,0,0,0
2026-08-02T04:34:33.944236,99368.33,22224.37,10,BULLISH,1.0,16,8,0,0,0,0,0,0
2026-08-02T04:36:28.373496,99368.33,22224.37,10,BULLISH,1.0,17,9,0,0,0,0,0,0
2026-08-02T04:38:32.897237,99368.33,22224.37,10,BULLISH,1.0,16,8,0,0,0,0,0,0
2026-08-02T04:40:36.534019,99368.33,22224.37,10,BULLISH,1.0,16,8,0,0,0,0,0,0
2026-08-02T04:42:24.579653,99368.33,22224.37,10,BULLISH,1.0,16,8,0,0,0,0,0,0
2026-08-02T04:44:33.221673,99368.33,22224.37,10,BULLISH,1.0,16,8,0,0,0,0,0,0
2026-08-02T04:46:36.175337,99368.33,22224.37,10,BULLISH,1.0,17,8,0,0,0,0,0,0
2026-08-02T04:48:32.996787,99368.33,22224.37,10,BULLISH,1.0,16,8,0,0,0,0,0,0
2026-08-02T04:50:35.583419,99368.33,22224.37,10,BULLISH,1.0,16,8,0,0,0,0,0,0
2026-08-02T04:52:26.195060,99368.33,22224.37,10,BULLISH,1.0,16,8,0,0,0,0,0,0
2026-08-02T04:54:45.369955,99368.33,22224.37,10,BULLISH,1.0,16,8,1,0,1,0,0,0
2026-08-02T04:56:33.898900,99368.33,22224.37,10,BULLISH,1.0,16,8,0,0,0,0,0,0
2026-08-02T04:58:32.949812,99368.33,22224.37,10,BULLISH,1.0,16,8,0,0,0,0,0,0
2026-08-02T05:00:43.101542,99368.33,22224.37,10,BULLISH,1.0,16,8,0,0,0,0,0,0
2026-08-02T05:02:24.120899,99368.33,22224.37,10,BULLISH,1.0,16,8,0,0,0,0,0,0
2026-08-02T05:04:29.372381,99368.33,22224.37,10,BULLISH,1.0,16,8,0,0,0,0,0,0
2026-08-02T05:06:28.878850,99368.33,22224.37,10,BULLISH,1.0,16,8,0,0,0,0,0,0
2026-08-02T05:08:35.888459,99368.33,22224.37,10,BULLISH,1.0,16,8,0,0,0,0,0,0
2026-08-02T05:11:04.555516,99368.33,22224.37,10,BULLISH,1.0,16,8,0,0,0,0,0,0
2026-08-02T05:12:26.072608,99368.33,22224.37,10,BULLISH,1.0,16,8,0,0,0,0,0,0
2026-08-02T05:14:34.946858,99368.33,22224.37,10,BULLISH,1.0,16,8,0,0,0,0,0,0
2026-08-02T05:16:27.006500,99368.33,22224.37,10,BULLISH,1.0,16,8,0,0,0,0,0,0
2026-08-02T05:18:26.925410,99368.33,22224.37,10,BULLISH,1.0,16,8,0,0,0,0,0,0
2026-08-02T05:18:57.237473,99368.33,22224.37,10,BULLISH,1.0,16,8,0,0,0,0,0,0
2026-08-02T05:20:43.944588,99368.33,22224.37,10,BULLISH,1.0,16,8,1,0,1,0,0,0
2026-08-02T05:22:27.768294,99368.33,22224.37,10,BULLISH,1.0,16,8,0,0,0,0,0,0
2026-08-02T05:24:24.309704,99368.33,22224.37,10,BULLISH,1.0,16,8,0,0,0,0,0,0
2026-08-02T05:26:32.111210,99368.33,22224.37,10,BULLISH,1.0,16,8,0,0,0,0,0,0
2026-08-02T05:28:37.736000,99368.33,22224.37,10,BULLISH,1.0,16,8,0,0,0,0,0,0
2026-08-02T05:30:38.667786,99368.33,22224.37,10,BULLISH,1.0,16,8,0,0,0,0,0,0
2026-08-02T05:32:30.084589,99368.33,22224.37,10,BULLISH,1.0,16,8,0,0,0,0,0,0
2026-08-02T05:34:33.076618,99368.33,22224.37,10,BULLISH,1.0,16,8,0,0,0,0,0,0
2026-08-02T05:36:23.998744,99368.33,22224.37,10,BULLISH,1.0,16,8,0,0,0,0,0,0
2026-08-02T05:38:28.052356,99368.33,22224.37,10,BULLISH,1.0,16,8,0,0,0,0,0,0
2026-08-02T05:40:36.700235,99368.33,22224.37,10,BULLISH,1.0,16,8,0,0,0,0,0,0
2026-08-02T05:42:34.011488,99368.33,22224.37,10,BULLISH,1.0,16,8,0,0,0,0,0,0
2026-08-02T05:44:32.288894,99368.33,22224.37,10,BULLISH,1.0,16,8,0,0,0,0,0,0
2026-08-02T05:46:32.717750,99368.33,22224.37,10,BULLISH,1.0,16,8,0,0,0,0,0,0
2026-08-02T05:48:29.122054,99368.33,22224.37,10,BULLISH,1.0,16,8,0,0,0,0,0,0
2026-08-02T05:50:26.364658,99368.33,22224.37,10,BULLISH,1.0,16,8,0,0,0,0,0,0
2026-08-02T05:52:27.840089,99368.33,22224.37,10,BULLISH,1.0,16,8,0,0,0,0,0,0
2026-08-02T05:54:30.954784,99368.33,22224.37,10,BULLISH,1.0,16,8,0,0,0,0,0,0
2026-08-02T05:56:24.382733,99368.33,22224.37,10,BULLISH,1.0,16,8,0,0,0,0,0,0
2026-08-02T05:58:31.698188,99368.33,22224.37,10,BULLISH,1.0,16,8,0,0,0,0,0,0
2026-08-02T06:00:43.460382,99368.33,22224.37,10,BULLISH,1.0,16,8,0,0,0,0,0,0
2026-08-02T06:02:34.618760,99368.33,22224.37,10,BULLISH,1.0,16,8,0,0,0,0,0,0
2026-08-02T06:04:36.275056,99368.33,22224.37,10,BULLISH,1.0,16,8,0,0,0,0,0,0
2026-08-02T06:06:24.762625,99368.33,22224.37,10,BULLISH,1.0,16,8,0,0,0,0,0,0
2026-08-02T06:08:28.090323,99368.33,22224.37,10,BULLISH,1.0,16,8,0,0,0,0,0,0
2026-08-02T06:10:33.407792,99368.33,22224.37,10,BULLISH,1.0,16,8,0,0,0,0,0,0
2026-08-02T06:12:28.501687,99368.33,22224.37,10,BULLISH,1.0,16,8,0,0,0,0,0,0
2026-08-02T06:14:26.840230,99368.33,22224.37,10,BULLISH,1.0,16,8,0,0,0,0,0,0
2026-08-02T06:16:24.540826,99368.33,22224.37,10,BULLISH,1.0,16,8,0,0,0,0,0,0
2026-08-02T06:18:30.760694,99368.33,22224.37,10,BULLISH,1.0,16,8,0,0,0,0,0,0
2026-08-02T06:20:27.737299,99368.33,22224.37,10,BULLISH,1.0,16,8,0,0,0,0,0,0
2026-08-02T06:22:24.196610,99368.33,22224.37,10,BULLISH,1.0,16,8,0,0,0,0,0,0
2026-08-02T06:24:33.377119,99368.33,22224.37,10,BULLISH,1.0,18,10,0,0,0,0,0,0
2026-08-02T06:26:32.798733,99368.33,22224.37,10,BULLISH,1.0,16,8,0,0,0,0,0,0
2026-08-02T06:28:28.964760,99368.33,22224.37,10,BULLISH,1.0,16,8,0,0,0,0,0,0
2026-08-02T06:30:32.592139,99368.33,22224.37,10,BULLISH,1.0,16,8,0,0,0,0,0,0
2026-08-02T06:32:29.650387,99368.33,22224.37,10,BULLISH,1.0,16,8,0,0,0,0,0,0
2026-08-02T06:34:33.615467,99368.33,22224.37,10,BULLISH,1.0,16,8,0,0,0,0,0,0
2026-08-02T06:36:29.815516,99368.33,22224.37,10,BULLISH,1.0,16,8,0,0,0,0,0,0
2026-08-02T06:38:31.200465,99368.33,22224.37,10,BULLISH,1.0,16,8,0,0,0,0,0,0
2026-08-02T06:40:39.231068,99368.33,22224.37,10,BULLISH,1.0,16,8,0,0,0,0,0,0
2026-08-02T06:42:38.138891,99368.33,22224.37,10,BULLISH,1.0,16,8,0,0,0,0,0,0
2026-08-02T06:44:32.024455,99368.33,22224.37,10,BULLISH,1.0,16,8,0,0,0,0,0,0
2026-08-02T06:46:38.775351,99368.33,22224.37,10,BULLISH,1.0,16,8,0,0,0,0,0,0
2026-08-02T06:48:26.880732,99368.33,22224.37,10,BULLISH,1.0,16,8,0,0,0,0,0,0
2026-08-02T06:50:28.456776,99368.33,22224.37,10,BULLISH,1.0,16,8,0,0,0,0,0,0
2026-08-02T06:52:46.936364,99368.33,22224.37,10,BULLISH,1.0,16,8,1,0,1,0,0,0
2026-08-02T06:54:41.134581,99368.33,22224.37,10,BULLISH,1.0,16,8,1,0,1,0,0,0
2026-08-02T06:56:28.477269,99368.33,22224.37,10,BULLISH,1.0,16,8,0,0,0,0,0,0
2026-08-02T06:58:28.568490,99368.33,22224.37,10,BULLISH,1.0,16,8,0,0,0,0,0,0
2026-08-02T07:00:59.118133,99368.33,22224.37,10,BULLISH,1.0,16,8,1,0,1,0,0,0
2026-08-02T07:02:26.243376,99368.33,22224.37,10,BULLISH,1.0,16,8,0,0,0,0,0,0
2026-08-02T07:04:30.756836,99368.33,22224.37,10,BULLISH,1.0,16,8,0,0,0,0,0,0
2026-08-02T07:06:39.769699,99368.33,22224.37,10,BULLISH,1.0,16,8,1,0,1,0,0,0
2026-08-02T07:08:30.449735,99368.33,22224.37,10,BULLISH,1.0,16,8,0,0,0,0,0,0
2026-08-02T07:10:27.930337,99368.33,22224.37,10,BULLISH,1.0,16,8,0,0,0,0,0,0
2026-08-02T07:12:40.146102,99368.33,22224.37,10,BULLISH,1.0,16,8,1,0,1,0,0,0
2026-08-02T07:14:26.733492,99368.33,22224.37,10,BULLISH,1.0,16,8,0,0,0,0,0,0
2026-08-02T07:16:27.324801,99368.33,22224.37,10,BULLISH,1.0,16,8,0,0,0,0,0,0
2026-08-02T07:18:58.752336,99368.33,22224.37,10,BULLISH,1.0,16,8,1,0,1,0,0,0
2026-08-02T07:20:36.308449,99368.33,22224.37,10,BULLISH,1.0,16,8,0,0,0,0,0,0
2026-08-02T07:22:37.041254,99368.33,22224.37,10,BULLISH,1.0,16,8,0,0,0,0,0,0
2026-08-02T07:24:48.041228,99368.33,22224.37,10,BULLISH,1.0,16,8,2,1,1,0,0,0
2026-08-02T07:26:21.221427,99368.33,22224.37,10,BULLISH,1.0,16,8,0,0,0,0,0,0
2026-08-02T07:28:32.655335,99368.33,22224.37,10,BULLISH,1.0,16,8,0,0,0,0,0,0
2026-08-02T07:30:58.665364,99368.33,22224.37,10,BULLISH,1.0,16,8,1,0,1,0,0,0
2026-08-02T07:32:25.859429,99368.33,22224.37,10,BULLISH,1.0,16,8,0,0,0,0,0,0
2026-08-02T07:34:34.714718,99368.33,22224.37,10,BULLISH,1.0,16,8,0,0,0,0,0,0
2026-08-02T07:36:41.122182,99368.33,22224.37,10,BULLISH,1.0,16,8,1,0,1,0,0,0
2026-08-02T07:38:30.889344,99368.33,22224.37,10,BULLISH,1.0,16,8,0,0,0,0,0,0
2026-08-02T07:40:38.288108,99368.33,22224.37,10,BULLISH,1.0,16,8,0,0,0,0,0,0
2026-08-02T07:44:44.540451,99368.33,22224.37,10,BULLISH,1.0,16,8,1,0,1,0,0,0
2026-08-02T07:46:35.197596,99368.33,22224.37,10,BULLISH,1.0,16,8,0,0,0,0,0,0
2026-08-02T07:48:26.689000,99368.33,22224.37,10,BULLISH,1.0,16,8,0,0,0,0,0,0
2026-08-02T07:50:43.402134,99368.33,22224.37,10,BULLISH,1.0,16,8,1,0,1,0,0,0
2026-08-02T07:52:23.400043,99368.33,22224.37,10,BULLISH,1.0,16,8,0,0,0,0,0,0
2026-08-02T07:54:32.236224,99368.33,22224.37,10,BULLISH,1.0,16,8,0,0,0,0,0,0
2026-08-02T07:56:41.190948,99368.33,22224.37,10,BULLISH,1.0,16,8,1,0,1,0,0,0
2026-08-02T07:58:24.104492,99368.33,22224.37,10,BULLISH,1.0,16,8,0,0,0,0,0,0
2026-08-02T08:00:34.892695,99368.33,22224.37,10,BULLISH,1.0,16,8,0,0,0,0,0,0
2026-08-02T08:02:40.257181,99368.33,22224.37,10,BULLISH,1.0,16,8,1,0,1,0,0,0
2026-08-02T08:04:32.025704,99368.33,22224.37,10,BULLISH,1.0,16,8,0,0,0,0,0,0
2026-08-02T08:06:24.829831,99368.33,22224.37,10,BULLISH,1.0,16,8,0,0,0,0,0,0
2026-08-02T08:06:48.807122,99368.33,22224.37,10,BULLISH,1.0,16,8,0,0,0,0,0,0
2026-08-02T08:08:53.919233,99368.33,22224.37,10,BULLISH,1.0,16,8,1,0,1,0,0,0
2026-08-02T08:10:35.053937,99368.33,22224.37,10,BULLISH,1.0,16,8,0,0,0,0,0,0
2026-08-02T08:12:31.588999,99368.33,22224.37,10,BULLISH,1.0,16,8,0,0,0,0,0,0
2026-08-02T08:14:42.042083,99368.33,22224.37,10,BULLISH,1.0,16,8,1,0,1,0,0,0
2026-08-02T08:16:33.204803,99368.33,22224.37,10,BULLISH,1.0,16,8,0,0,0,0,0,0
2026-08-02T08:18:23.491592,99368.33,22224.37,10,BULLISH,1.0,16,8,0,0,0,0,0,0
2026-08-02T08:20:41.050920,99368.33,22224.37,10,BULLISH,1.0,16,8,2,1,1,0,0,0
2026-08-02T08:22:23.784473,99368.33,22224.37,10,BULLISH,1.0,16,8,0,0,0,0,0,0
2026-08-02T08:24:27.756895,99368.33,22224.37,10,BULLISH,1.0,16,8,0,0,0,0,0,0
2026-08-02T08:26:50.637494,99368.33,22224.37,10,BULLISH,1.0,16,8,1,0,1,0,0,0
2026-08-02T08:28:32.045246,99368.33,22224.37,10,BULLISH,1.0,16,8,0,0,0,0,0,0
2026-08-02T08:30:46.277112,99368.33,22224.37,10,BULLISH,1.0,16,8,0,0,0,0,0,0
2026-08-02T08:33:25.573393,99368.33,22224.37,10,BULLISH,1.0,16,8,1,0,1,0,0,0
2026-08-02T08:34:25.564007,99368.33,22224.37,10,BULLISH,1.0,16,8,0,0,0,0,0,0
2026-08-02T08:36:29.877242,99368.33,22224.37,10,BULLISH,1.0,16,8,0,0,0,0,0,0
2026-08-02T08:38:44.493157,99368.33,22224.37,10,BULLISH,1.0,16,8,1,0,1,0,0,0
2026-08-02T08:40:34.412108,99368.33,22224.37,10,BULLISH,1.0,16,8,0,0,0,0,0,0
2026-08-02T08:42:28.886433,99368.33,22224.37,10,BULLISH,1.0,16,8,0,0,0,0,0,0
2026-08-02T08:44:38.480495,99368.33,22224.37,10,BULLISH,1.0,16,8,1,0,1,0,0,0
2026-08-02T08:46:27.749507,99368.33,22224.37,10,BULLISH,1.0,16,8,0,0,0,0,0,0
2026-08-02T08:48:31.773096,99368.33,22224.37,10,BULLISH,1.0,16,8,0,0,0,0,0,0
2026-08-02T08:50:42.019937,99368.33,22224.37,10,BULLISH,1.0,16,8,1,0,1,0,0,0
2026-08-02T08:52:29.040210,99368.33,22224.37,10,BULLISH,1.0,16,8,0,0,0,0,0,0
2026-08-02T08:54:23.920015,99368.33,22224.37,10,BULLISH,1.0,16,8,0,0,0,0,0,0
2026-08-02T08:56:44.089414,99368.33,22224.37,10,BULLISH,1.0,16,8,1,0,1,0,0,0
2026-08-02T08:58:29.651044,99368.33,22224.37,10,BULLISH,1.0,16,8,0,0,0,0,0,0
2026-08-02T09:00:40.481517,99368.33,22224.37,10,BULLISH,1.0,16,8,0,0,0,0,0,0
2026-08-02T09:02:54.044262,99368.33,22224.37,10,BULLISH,1.0,16,8,1,0,1,0,0,0
2026-08-02T09:04:22.834604,99368.33,22224.37,10,BULLISH,1.0,16,8,0,0,0,0,0,0
2026-08-02T09:06:28.970737,99368.33,22224.37,10,BULLISH,1.0,16,8,0,0,0,0,0,0
2026-08-02T09:08:36.856730,99368.33,22224.37,10,BULLISH,1.0,16,8,1,0,1,0,0,0
2026-08-02T09:10:38.404385,99368.33,22224.37,10,BULLISH,1.0,16,8,0,0,0,0,0,0
2026-08-02T09:12:30.200355,99368.33,22224.37,10,BULLISH,1.0,16,8,0,0,0,0,0,0
2026-08-02T09:14:44.098847,99368.33,22224.37,10,BULLISH,1.0,16,8,1,0,1,0,0,0
2026-08-02T09:16:24.057333,99368.33,22224.37,10,BULLISH,1.0,16,8,0,0,0,0,0,0
2026-08-02T09:18:36.676273,99368.33,22224.37,10,BULLISH,1.0,16,8,0,0,0,0,0,0
2026-08-02T09:20:44.119905,99368.33,22224.37,10,BULLISH,1.0,16,8,1,0,1,0,0,0
2026-08-02T09:22:28.232232,99368.33,22224.37,10,BULLISH,1.0,16,8,0,0,0,0,0,0
2026-08-02T09:24:29.352684,99368.33,22224.37,10,BULLISH,1.0,16,8,0,0,0,0,0,0
2026-08-02T09:26:37.387250,99368.33,22224.37,10,BULLISH,1.0,16,8,1,0,1,0,0,0
2026-08-02T09:28:29.889930,99368.33,22224.37,10,BULLISH,1.0,16,8,0,0,0,0,0,0
2026-08-02T09:30:30.174665,99368.33,22224.37,10,BULLISH,1.0,16,8,0,0,0,0,0,0
2026-08-02T09:32:30.903374,99368.33,22224.37,10,BULLISH,1.0,16,8,0,0,0,0,0,0
2026-08-02T09:34:27.195503,99368.33,22224.37,10,BULLISH,1.0,16,8,0,0,0,0,0,0
2026-08-02T09:36:31.712275,99368.33,22224.37,10,BULLISH,1.0,16,8,0,0,0,0,0,0
2026-08-02T09:38:33.464197,99368.33,22224.37,10,BULLISH,1.0,16,8,0,0,0,0,0,0
2026-08-02T09:40:48.352040,99368.33,22224.37,10,BULLISH,1.0,16,8,0,0,0,0,0,0
2026-08-02T09:42:24.788517,99368.33,22224.37,10,BULLISH,1.0,16,8,0,0,0,0,0,0
2026-08-02T09:44:43.940536,99368.33,22224.37,10,BULLISH,1.0,16,8,1,0,1,0,0,0
2026-08-02T09:46:29.690951,99368.33,22224.37,10,BULLISH,1.0,16,8,0,0,0,0,0,0
2026-08-02T09:48:30.145224,99368.33,22224.37,10,BULLISH,1.0,16,8,0,0,0,0,0,0
2026-08-02T09:50:36.031310,99368.33,22224.37,10,BULLISH,1.0,16,8,0,0,0,0,0,0
2026-08-02T09:52:29.727368,99368.33,22224.37,10,BULLISH,1.0,16,8,0,0,0,0,0,0
2026-08-02T09:54:38.147245,99368.33,22224.37,10,BULLISH,1.0,17,9,1,0,1,0,0,0
2026-08-02T09:56:31.540212,99368.33,22224.37,10,BULLISH,1.0,16,8,0,0,0,0,0,0
2026-08-02T09:58:25.403173,99368.33,22224.37,10,BULLISH,1.0,16,8,0,0,0,0,0,0
2026-08-02T10:00:30.895463,99368.33,22224.37,10,BULLISH,1.0,16,8,0,0,0,0,0,0
2026-08-02T10:02:25.115863,99368.33,22224.37,10,BULLISH,1.0,16,8,0,0,0,0,0,0
2026-08-02T10:04:33.592927,99368.33,22224.37,10,BULLISH,1.0,16,8,0,0,0,0,0,0
2026-08-02T10:06:24.268459,99368.33,22224.37,10,BULLISH,1.0,16,8,0,0,0,0,0,0
2026-08-02T10:08:32.267178,99368.33,22224.37,10,BULLISH,1.0,16,8,0,0,0,0,0,0
2026-08-02T10:10:37.582613,99368.33,22224.37,10,BULLISH,1.0,16,8,0,0,0,0,0,0
2026-08-02T10:12:28.318304,99368.33,22224.37,10,BULLISH,1.0,16,8,0,0,0,0,0,0
2026-08-02T10:14:35.239875,99368.33,22224.37,10,BULLISH,1.0,16,8,0,0,0,0,0,0
2026-08-02T10:16:28.124264,99368.33,22224.37,10,BULLISH,1.0,16,8,0,0,0,0,0,0
2026-08-02T10:18:33.578994,99368.33,22224.37,10,BULLISH,1.0,16,8,0,0,0,0,0,0
2026-08-02T10:20:30.000124,99368.33,22224.37,10,BULLISH,1.0,16,8,0,0,0,0,0,0
2026-08-02T10:22:30.396642,99368.33,22224.37,10,BULLISH,1.0,16,8,0,0,0,0,0,0
2026-08-02T10:24:25.973050,99368.33,22224.37,10,BULLISH,1.0,16,8,0,0,0,0,0,0
2026-08-02T10:26:12.396461,99368.33,22224.37,10,BULLISH,1.0,16,8,0,0,0,0,0,0
2026-08-02T10:26:41.696420,99368.33,22224.37,10,BULLISH,1.0,16,8,0,0,0,0,0,0
2026-08-02T10:28:31.011948,99368.33,22224.37,10,BULLISH,1.0,16,8,0,0,0,0,0,0
2026-08-02T10:30:36.430756,99368.33,22224.37,10,BULLISH,1.0,16,8,0,0,0,0,0,0
2026-08-02T10:32:26.388848,99368.33,22224.37,10,BULLISH,1.0,16,8,0,0,0,0,0,0
2026-08-02T10:34:34.965669,99368.33,22224.37,10,BULLISH,1.0,16,8,0,0,0,0,0,0
2026-08-02T10:36:24.707043,99368.33,22224.37,10,BULLISH,1.0,16,8,0,0,0,0,0,0
2026-08-02T10:38:32.260581,99368.33,22224.37,10,BULLISH,1.0,16,8,0,0,0,0,0,0
2026-08-02T10:40:29.845572,99368.33,22224.37,10,BULLISH,1.0,16,8,0,0,0,0,0,0
2026-08-02T10:42:30.429171,99368.33,22224.37,10,BULLISH,1.0,16,8,0,0,0,0,0,0
2026-08-02T10:44:27.080983,99368.33,22224.37,10,BULLISH,1.0,16,8,0,0,0,0,0,0
2026-08-02T10:46:30.495767,99368.33,22224.37,10,BULLISH,1.0,16,8,0,0,0,0,0,0
2026-08-02T10:48:29.363416,99368.33,22224.37,10,BULLISH,1.0,16,8,0,0,0,0,0,0
2026-08-02T10:50:27.386587,99368.33,22224.37,10,BULLISH,1.0,16,8,0,0,0,0,0,0
2026-08-02T10:52:31.310895,99368.33,22224.37,10,BULLISH,1.0,16,8,0,0,0,0,0,0
2026-08-02T10:54:31.993097,99368.33,22224.37,10,BULLISH,1.0,16,8,0,0,0,0,0,0
2026-08-02T10:56:31.845698,99368.33,22224.37,10,BULLISH,1.0,16,8,0,0,0,0,0,0
2026-08-02T10:58:28.504402,99368.33,22224.37,10,BULLISH,1.0,16,8,0,0,0,0,0,0
2026-08-02T11:00:38.772568,99368.33,22224.37,10,BULLISH,1.0,16,8,0,0,0,0,0,0
2026-08-02T11:02:23.169276,99368.33,22224.37,10,BULLISH,1.0,16,8,0,0,0,0,0,0
2026-08-02T11:04:23.767906,99368.33,22224.37,10,BULLISH,1.0,16,8,0,0,0,0,0,0
2026-08-02T11:06:24.982234,99368.33,22224.37,10,BULLISH,1.0,16,8,0,0,0,0,0,0
2026-08-02T11:08:30.073893,99368.33,22224.37,10,BULLISH,1.0,16,8,0,0,0,0,0,0
2026-08-02T11:10:34.828908,99368.33,22224.37,10,BULLISH,1.0,16,8,0,0,0,0,0,0
2026-08-02T11:12:30.428276,99368.33,22224.37,10,BULLISH,1.0,16,8,0,0,0,0,0,0
2026-08-02T11:14:31.107919,99368.33,22224.37,10,BULLISH,1.0,16,8,0,0,0,0,0,0
2026-08-02T11:16:23.033601,99368.33,22224.37,10,BULLISH,1.0,16,8,0,0,0,0,0,0
2026-08-02T11:18:26.525236,99368.33,22224.37,10,BULLISH,1.0,16,8,0,0,0,0,0,0
2026-08-02T11:20:34.286647,99368.33,22224.37,10,BULLISH,1.0,16,8,0,0,0,0,0,0
2026-08-02T11:22:24.749693,99368.33,22224.37,10,BULLISH,1.0,16,8,0,0,0,0,0,0
2026-08-02T11:24:23.216759,99368.33,22224.37,10,BULLISH,1.0,16,8,0,0,0,0,0,0
2026-08-02T11:26:26.379338,99368.33,22224.37,10,BULLISH,1.0,16,8,0,0,0,0,0,0
2026-08-02T11:28:30.222813,99368.33,22224.37,10,BULLISH,1.0,16,8,0,0,0,0,0,0
2026-08-02T11:30:30.600429,99368.33,22224.37,10,BULLISH,1.0,16,8,0,0,0,0,0,0
2026-08-02T11:32:24.585914,99368.33,22224.37,10,BULLISH,1.0,16,8,0,0,0,0,0,0
2026-08-02T11:34:25.308770,99368.33,22224.37,10,BULLISH,1.0,16,8,0,0,0,0,0,0
2026-08-02T11:36:29.482114,99368.33,22224.37,10,BULLISH,1.0,16,8,0,0,0,0,0,0
2026-08-02T11:38:27.132740,99368.33,22224.37,10,BULLISH,1.0,16,8,0,0,0,0,0,0
2026-08-02T11:40:32.858199,99368.33,22224.37,10,BULLISH,1.0,16,8,0,0,0,0,0,0
2026-08-02T11:42:31.593629,99368.33,22224.37,10,BULLISH,1.0,16,8,0,0,0,0,0,0
2026-08-02T11:44:27.238745,99368.33,22224.37,10,BULLISH,1.0,16,8,0,0,0,0,0,0
2026-08-02T11:46:28.402845,99368.33,22224.37,10,BULLISH,1.0,16,8,0,0,0,0,0,0
2026-08-02T11:48:27.599965,99368.33,22224.37,10,BULLISH,1.0,16,8,0,0,0,0,0,0
2026-08-02T11:50:35.911098,99368.33,22224.37,10,BULLISH,1.0,16,8,0,0,0,0,0,0
2026-08-02T11:52:31.086055,99368.33,22224.37,10,BULLISH,1.0,16,8,0,0,0,0,0,0
2026-08-02T11:54:24.574956,99368.33,22224.37,10,BULLISH,1.0,16,8,0,0,0,0,0,0
2026-08-02T11:54:53.477117,99368.33,22224.37,10,BULLISH,1.0,16,8,0,0,0,0,0,0
2026-08-02T11:56:31.975380,99368.33,22224.37,10,BULLISH,1.0,16,8,0,0,0,0,0,0
2026-08-02T11:58:31.186392,99368.33,22224.37,10,BULLISH,1.0,16,8,0,0,0,0,0,0
2026-08-02T12:00:39.076735,99368.33,22224.37,10,BULLISH,1.0,16,8,0,0,0,0,0,0
2026-08-02T12:02:31.243126,99368.33,22224.37,10,BULLISH,1.0,16,8,0,0,0,0,0,0
2026-08-02T12:05:52.456344,99368.33,22224.37,10,BULLISH,1.0,16,8,1,0,1,0,0,0
2026-08-02T12:06:24.748214,99368.33,22224.37,10,BULLISH,1.0,16,8,0,0,0,0,0,0
2026-08-02T12:08:32.111923,99368.33,22224.37,10,BULLISH,1.0,16,8,0,0,0,0,0,0
2026-08-02T12:10:34.525685,99368.33,22224.37,10,BULLISH,1.0,16,8,0,0,0,0,0,0
2026-08-02T12:16:25.839538,99368.33,22224.37,10,BULLISH,1.0,16,8,1,0,1,0,0,0
2026-08-02T12:16:49.475921,99368.33,22224.37,10,BULLISH,1.0,16,8,0,0,0,0,0,0
2026-08-02T12:18:35.473543,99368.33,22224.37,10,BULLISH,1.0,16,8,0,0,0,0,0,0
2026-08-02T12:20:31.358450,99368.33,22224.37,10,BULLISH,1.0,16,8,0,0,0,0,0,0
2026-08-02T12:22:30.554645,99368.33,22224.37,10,BULLISH,1.0,16,8,0,0,0,0,0,0
2026-08-02T12:24:26.865670,99368.33,22224.37,10,BULLISH,1.0,16,8,0,0,0,0,0,0
2026-08-02T12:26:30.869850,99368.33,22224.37,10,BULLISH,1.0,16,8,0,0,0,0,0,0
2026-08-02T12:28:31.209083,99368.33,22224.37,10,BULLISH,1.0,16,8,0,0,0,0,0,0
2026-08-02T12:30:38.584787,99368.33,22224.37,10,BULLISH,1.0,16,8,0,0,0,0,0,0
2026-08-02T12:32:30.757008,99368.33,22224.37,10,BULLISH,1.0,16,8,0,0,0,0,0,0
2026-08-02T12:34:31.295359,99368.33,22224.37,10,BULLISH,1.0,16,8,0,0,0,0,0,0
2026-08-02T12:36:24.297989,99368.33,22224.37,10,BULLISH,1.0,16,8,0,0,0,0,0,0
2026-08-02T12:38:29.190442,99368.33,22224.37,10,BULLISH,1.0,16,8,0,0,0,0,0,0
2026-08-02T12:40:33.768641,99368.33,22224.37,10,BULLISH,1.0,16,8,0,0,0,0,0,0
2026-08-02T12:42:25.193515,99368.33,22224.37,10,BULLISH,1.0,16,8,0,0,0,0,0,0
2026-08-02T12:44:30.679203,99368.33,22224.37,10,BULLISH,1.0,16,8,0,0,0,0,0,0
2026-08-02T12:46:28.819066,99368.33,22224.37,10,BULLISH,1.0,16,8,0,0,0,0,0,0
2026-08-02T12:48:41.810315,99368.33,22224.37,10,BULLISH,1.0,16,8,1,0,1,0,0,0
2026-08-02T12:50:28.245107,99368.33,22224.37,10,BULLISH,1.0,16,8,0,0,0,0,0,0
2026-08-02T12:52:31.800360,99368.33,22224.37,10,BULLISH,1.0,16,8,0,0,0,0,0,0
2026-08-02T12:54:23.885738,99368.33,22224.37,10,BULLISH,1.0,16,8,0,0,0,0,0,0
2026-08-02T12:56:33.805370,99368.33,22224.37,10,BULLISH,1.0,16,8,0,0,0,0,0,0
2026-08-02T12:58:30.022638,99368.33,22224.37,10,BULLISH,1.0,16,8,0,0,0,0,0,0
2026-08-02T12:59:53.717692,99368.33,22224.37,10,BULLISH,1.0,16,8,0,0,0,0,0,0
2026-08-02T13:00:39.141330,99368.33,22224.37,10,BULLISH,1.0,16,8,0,0,0,0,0,0
2026-08-02T13:02:25.271987,99368.33,22224.37,10,BULLISH,1.0,16,8,0,0,0,0,0,0
2026-08-02T13:04:29.704342,99368.33,22224.37,10,BULLISH,1.0,16,8,0,0,0,0,0,0
2026-08-02T13:06:34.539183,99368.33,22224.37,10,BULLISH,1.0,16,8,0,0,0,0,0,0
2026-08-02T13:08:29.822561,99368.33,22224.37,10,BULLISH,1.0,16,8,0,0,0,0,0,0
2026-08-02T13:10:44.115544,99368.33,22224.37,10,BULLISH,1.0,16,8,1,0,1,0,0,0
2026-08-02T13:12:32.442101,99368.33,22224.37,10,BULLISH,1.0,16,8,0,0,0,0,0,0
2026-08-02T13:14:26.262374,99368.33,22224.37,10,BULLISH,1.0,16,8,0,0,0,0,0,0
2026-08-02T13:16:29.722959,99368.33,22224.37,10,BULLISH,1.0,16,8,0,0,0,0,0,0
2026-08-02T13:18:30.038603,99368.33,22224.37,10,BULLISH,1.0,17,9,0,0,0,0,0,0
2026-08-02T13:20:43.397572,99368.33,22224.37,10,BULLISH,1.0,16,8,1,0,1,0,0,0
2026-08-02T13:22:30.618823,99368.33,22224.37,10,BULLISH,1.0,16,8,0,0,0,0,0,0
2026-08-02T13:24:25.212878,99368.33,22224.37,10,BULLISH,1.0,16,8,0,0,0,0,0,0
2026-08-02T13:26:28.527434,99368.33,22224.37,10,BULLISH,1.0,16,8,0,0,0,0,0,0
2026-08-02T13:28:28.068387,99368.33,22224.37,10,BULLISH,1.0,16,8,0,0,0,0,0,0
2026-08-02T13:30:28.965317,99368.33,22224.37,10,BULLISH,1.0,16,8,0,0,0,0,0,0
2026-08-02T13:32:30.703661,99368.33,22224.37,10,BULLISH,1.0,16,8,0,0,0,0,0,0
2026-08-02T13:34:31.188237,99368.33,22224.37,10,BULLISH,1.0,16,8,0,0,0,0,0,0
2026-08-02T13:36:29.704610,99368.33,22224.37,10,BULLISH,1.0,17,8,0,0,0,0,0,0
2026-08-02T13:38:40.324294,99368.33,22224.37,10,BULLISH,1.0,16,8,0,0,0,0,0,0
2026-08-02T13:40:32.391675,99368.33,22224.37,10,BULLISH,1.0,16,8,0,0,0,0,0,0
2026-08-02T13:42:38.797908,99368.33,22224.37,10,BULLISH,1.0,16,8,0,0,0,0,0,0
2026-08-02T13:44:34.457581,99368.33,22224.37,10,BULLISH,1.0,16,8,0,0,0,0,0,0
2026-08-02T13:46:31.703887,99368.33,22224.37,10,BULLISH,1.0,16,8,0,0,0,0,0,0
2026-08-02T13:48:32.777765,99368.33,22224.37,10,BULLISH,1.0,16,8,0,0,0,0,0,0
2026-08-02T13:50:36.821323,99368.33,22224.37,10,BULLISH,1.0,16,8,0,0,0,0,0,0
2026-08-02T13:52:24.466408,99368.33,22224.37,10,BULLISH,1.0,16,8,0,0,0,0,0,0
2026-08-02T13:54:27.881151,99368.33,22224.37,10,BULLISH,1.0,16,8,0,0,0,0,0,0
2026-08-02T13:56:51.357625,99368.33,22224.37,10,BULLISH,1.0,16,8,0,0,0,0,0,0
2026-08-02T13:58:34.196193,99368.33,22224.37,10,BULLISH,1.0,16,8,0,0,0,0,0,0
2026-08-02T14:00:35.674272,99368.33,22224.37,10,BULLISH,1.0,16,8,0,0,0,0,0,0
2026-08-02T14:02:29.159176,99368.33,22224.37,10,BULLISH,1.0,16,8,0,0,0,0,0,0
2026-08-02T14:04:26.149120,99368.33,22224.37,10,BULLISH,1.0,16,8,0,0,0,0,0,0
2026-08-02T14:06:27.568461,99368.33,22224.37,10,BULLISH,1.0,16,8,0,0,0,0,0,0
2026-08-02T14:08:31.562725,99368.33,22224.37,10,BULLISH,1.0,16,8,0,0,0,0,0,0
2026-08-02T14:10:31.616208,99368.33,22224.37,10,BULLISH,1.0,16,8,0,0,0,0,0,0
2026-08-02T14:12:42.549622,99368.33,22224.37,10,BULLISH,1.0,16,8,0,0,0,0,0,0
2026-08-02T14:14:26.206975,99368.33,22224.37,10,BULLISH,1.0,16,8,0,0,0,0,0,0
2026-08-02T14:16:31.805098,99368.33,22224.37,10,BULLISH,1.0,16,8,0,0,0,0,0,0
2026-08-02T14:18:41.146206,99368.33,22224.37,10,BULLISH,1.0,16,8,0,0,0,0,0,0
2026-08-02T14:20:35.288332,99368.33,22224.37,10,BULLISH,1.0,16,8,0,0,0,0,0,0
2026-08-02T14:22:35.588067,99368.33,22224.37,10,BULLISH,1.0,16,8,0,0,0,0,0,0
2026-08-02T14:24:24.967027,99368.33,22224.37,10,BULLISH,1.0,16,8,0,0,0,0,0,0
2026-08-02T14:26:31.831786,99368.33,22224.37,10,BULLISH,1.0,16,8,0,0,0,0,0,0
2026-08-02T14:28:26.777396,99368.33,22224.37,10,BULLISH,1.0,16,8,0,0,0,0,0,0
2026-08-02T14:30:36.254427,99368.33,22224.37,10,BULLISH,1.0,16,8,0,0,0,0,0,0
2026-08-02T14:32:32.566652,99368.33,22224.37,10,BULLISH,1.0,16,8,0,0,0,0,0,0
2026-08-02T14:34:29.945010,99368.33,22224.37,10,BULLISH,1.0,16,8,0,0,0,0,0,0
2026-08-02T14:36:34.891147,99368.33,22224.37,10,BULLISH,1.0,16,8,0,0,0,0,0,0
2026-08-02T14:37:54.550016,99368.33,22224.37,10,BULLISH,1.0,16,8,0,0,0,0,0,0
2026-08-02T14:38:26.083262,99368.33,22224.37,10,BULLISH,1.0,16,8,0,0,0,0,0,0
2026-08-02T14:40:34.708676,99368.33,22224.37,10,BULLISH,1.0,16,8,0,0,0,0,0,0
2026-08-02T14:42:26.750254,99368.33,22224.37,10,BULLISH,1.0,16,8,0,0,0,0,0,0
2026-08-02T14:44:32.541324,99368.33,22224.37,10,BULLISH,1.0,16,8,0,0,0,0,0,0
2026-08-02T14:46:32.590969,99368.33,22224.37,10,BULLISH,1.0,16,8,0,0,0,0,0,0
2026-08-02T14:48:45.718875,99368.33,22224.37,10,BULLISH,1.0,16,8,0,0,0,0,0,0
2026-08-02T14:50:34.823445,99368.33,22224.37,10,BULLISH,1.0,16,8,0,0,0,0,0,0
2026-08-02T14:52:28.464250,99368.33,22224.37,10,BULLISH,1.0,16,8,0,0,0,0,0,0
2026-08-02T14:54:26.302886,99368.33,22224.37,10,BULLISH,1.0,16,8,0,0,0,0,0,0
2026-08-02T14:56:25.741570,99368.33,22224.37,10,BULLISH,1.0,16,8,0,0,0,0,0,0
2026-08-02T14:58:30.104570,99368.33,22224.37,10,BULLISH,1.0,16,8,0,0,0,0,0,0
2026-08-02T15:00:38.759468,99368.33,22224.37,10,BULLISH,1.0,16,8,0,0,0,0,0,0
2026-08-02T15:02:27.400620,99368.33,22224.37,10,BULLISH,1.0,16,8,0,0,0,0,0,0
2026-08-02T15:04:43.804133,99368.33,22224.37,10,BULLISH,1.0,16,8,1,0,1,0,0,0
2026-08-02T15:06:29.223358,99368.33,22224.37,10,BULLISH,1.0,16,8,0,0,0,0,0,0
2026-08-02T15:08:25.214606,99368.33,22224.37,10,BULLISH,1.0,16,8,0,0,0,0,0,0
2026-08-02T15:10:29.764649,99368.33,22224.37,10,BULLISH,1.0,16,8,0,0,0,0,0,0
2026-08-02T15:12:25.608978,99368.33,22224.37,10,BULLISH,1.0,16,8,0,0,0,0,0,0
2026-08-02T15:14:26.983414,99368.33,22224.37,10,BULLISH,1.0,16,8,0,0,0,0,0,0
2026-08-02T15:16:23.873021,99368.33,22224.37,10,BULLISH,1.0,16,8,0,0,0,0,0,0
2026-08-02T15:18:29.905519,99368.33,22224.37,10,BULLISH,1.0,16,8,0,0,0,0,0,0
2026-08-02T15:20:28.320599,99368.33,22224.37,10,BULLISH,1.0,16,8,0,0,0,0,0,0
2026-08-02T15:22:25.290852,99368.33,22224.37,10,BULLISH,1.0,16,8,0,0,0,0,0,0
2026-08-02T15:24:39.033248,99368.33,22224.37,10,BULLISH,1.0,16,8,0,0,0,0,0,0
2026-08-02T15:26:23.367023,99368.33,22224.37,10,BULLISH,1.0,16,8,0,0,0,0,0,0
2026-08-02T15:28:27.008945,99368.33,22224.37,10,BULLISH,1.0,16,8,0,0,0,0,0,0
2026-08-02T15:30:43.776457,99368.33,22224.37,10,BULLISH,1.0,16,8,0,0,0,0,0,0
2026-08-02T15:32:30.844797,99368.33,22224.37,10,BULLISH,1.0,16,8,0,0,0,0,0,0
2026-08-02T15:34:27.011191,99368.33,22224.37,10,BULLISH,1.0,16,8,0,0,0,0,0,0
2026-08-02T15:36:32.458156,99368.33,22224.37,10,BULLISH,1.0,16,8,0,0,0,0,0,0
2026-08-02T15:38:30.020759,99368.33,22224.37,10,BULLISH,1.0,16,8,0,0,0,0,0,0
2026-08-02T15:40:27.452710,99368.33,22224.37,10,BULLISH,1.0,16,8,0,0,0,0,0,0
2026-08-02T15:42:34.101091,99368.33,22224.37,10,BULLISH,1.0,16,8,0,0,0,0,0,0
2026-08-02T15:44:25.569853,99368.33,22224.37,10,BULLISH,1.0,16,8,0,0,0,0,0,0
2026-08-02T15:46:34.025030,99368.33,22224.37,10,BULLISH,1.0,16,8,0,0,0,0,0,0
2026-08-02T15:48:30.012874,99368.33,22224.37,10,BULLISH,1.0,16,8,0,0,0,0,0,0
2026-08-02T15:50:31.444633,99368.33,22224.37,10,BULLISH,1.0,16,8,0,0,0,0,0,0
2026-08-02T15:52:26.176997,99368.33,22224.37,10,BULLISH,1.0,16,8,0,0,0,0,0,0
2026-08-02T15:54:01.329462,99368.33,22224.37,10,BULLISH,1.0,16,8,0,0,0,0,0,0
2026-08-02T15:54:23.833518,99368.33,22224.37,10,BULLISH,1.0,16,8,0,0,0,0,0,0
2026-08-02T15:56:39.067853,99368.33,22224.37,10,BULLISH,1.0,16,8,0,0,0,0,0,0
2026-08-02T15:58:27.897341,99368.33,22224.37,10,BULLISH,1.0,16,8,0,0,0,0,0,0
2026-08-02T16:00:36.615753,99368.33,22224.37,10,BULLISH,1.0,16,8,0,0,0,0,0,0
2026-08-02T16:02:33.207877,99368.33,22224.37,10,BULLISH,1.0,16,8,0,0,0,0,0,0
2026-08-02T16:04:29.642872,99368.33,22224.37,10,BULLISH,1.0,16,8,0,0,0,0,0,0
2026-08-02T16:06:27.001631,99368.33,22224.37,10,BULLISH,1.0,16,8,0,0,0,0,0,0
2026-08-02T16:08:24.794005,99368.33,22224.37,10,BULLISH,1.0,16,8,0,0,0,0,0,0
2026-08-02T16:10:28.457879,99368.33,22224.37,10,BULLISH,1.0,16,8,0,0,0,0,0,0
2026-08-02T16:12:33.335896,99368.33,22224.37,10,BULLISH,1.0,16,8,0,0,0,0,0,0
2026-08-02T16:14:27.937595,99368.33,22224.37,10,BULLISH,1.0,16,8,0,0,0,0,0,0
2026-08-02T16:16:31.146816,99368.33,22224.37,10,BULLISH,1.0,16,8,0,0,0,0,0,0
2026-08-02T16:18:35.081291,99368.33,22224.37,10,BULLISH,1.0,16,8,0,0,0,0,0,0
2026-08-02T16:20:35.305835,99368.33,22224.37,10,BULLISH,1.0,16,8,0,0,0,0,0,0
2026-08-02T16:22:31.722502,99368.33,22224.37,10,BULLISH,1.0,16,8,0,0,0,0,0,0
2026-08-02T16:24:24.871100,99368.33,22224.37,10,BULLISH,1.0,16,8,0,0,0,0,0,0
2026-08-02T16:26:36.504193,99368.33,22224.37,10,BULLISH,1.0,16,8,0,0,0,0,0,0
2026-08-02T16:28:28.882926,99368.33,22224.37,10,BULLISH,1.0,16,8,0,0,0,0,0,0
2026-08-02T16:30:48.131826,99368.33,22224.37,10,BULLISH,1.0,16,8,0,0,0,0,0,0
2026-08-02T16:32:33.747102,99368.33,22224.37,10,BULLISH,1.0,16,8,0,0,0,0,0,0
2026-08-02T16:34:27.380922,99368.33,22224.37,10,BULLISH,1.0,16,8,0,0,0,0,0,0
2026-08-02T16:36:30.586686,99368.33,22224.37,10,BULLISH,1.0,16,8,0,0,0,0,0,0
2026-08-02T16:38:32.747330,99368.33,22224.37,10,BULLISH,1.0,16,8,0,0,0,0,0,0
2026-08-02T16:40:39.258909,99368.33,22224.37,10,BULLISH,1.0,16,8,0,0,0,0,0,0
2026-08-02T16:42:30.762254,99368.33,22224.37,10,BULLISH,1.0,16,8,0,0,0,0,0,0
2026-08-02T16:44:30.554215,99368.33,22224.37,10,BULLISH,1.0,16,8,0,0,0,0,0,0
2026-08-02T16:46:24.198553,99368.33,22224.37,10,BULLISH,1.0,16,8,0,0,0,0,0,0
2026-08-02T16:48:36.225733,99368.33,22224.37,10,BULLISH,1.0,16,8,0,0,0,0,0,0
2026-08-02T16:49:02.636704,99368.33,22224.37,10,BULLISH,1.0,16,8,0,0,0,0,0,0
2026-08-02T16:50:50.960581,99368.33,22224.37,10,BULLISH,1.0,16,8,1,0,1,0,0,0
2026-08-02T16:52:29.746356,99368.33,22224.37,10,BULLISH,1.0,16,8,0,0,0,0,0,0
2026-08-02T16:54:32.434373,99368.33,22224.37,10,BULLISH,1.0,16,8,0,0,0,0,0,0
2026-08-02T16:56:38.179741,99368.33,22224.37,10,BULLISH,1.0,16,8,0,0,0,0,0,0
2026-08-02T16:58:27.437865,99368.33,22224.37,10,BULLISH,1.0,16,8,0,0,0,0,0,0
2026-08-02T17:00:32.219710,99368.33,22224.37,10,BULLISH,1.0,16,8,0,0,0,0,0,0
2026-08-02T17:02:24.382056,99368.33,22224.37,10,BULLISH,1.0,16,8,0,0,0,0,0,0
2026-08-02T17:04:23.535467,99368.33,22224.37,10,BULLISH,1.0,16,8,0,0,0,0,0,0
2026-08-02T17:06:31.027442,99368.33,22224.37,10,BULLISH,1.0,16,8,0,0,0,0,0,0
2026-08-02T17:08:31.267816,99368.33,22224.37,10,BULLISH,1.0,16,8,0,0,0,0,0,0
2026-08-02T17:10:33.809708,99368.33,22224.37,10,BULLISH,1.0,16,8,0,0,0,0,0,0
2026-08-02T17:17:29.848473,99368.33,22224.37,10,BULLISH,1.0,16,8,0,0,0,0,0,0
2026-08-02T17:18:25.064278,99368.33,22224.37,10,BULLISH,1.0,16,8,0,0,0,0,0,0
2026-08-02T17:20:36.122090,99368.33,22224.37,10,BULLISH,1.0,16,8,0,0,0,0,0,0
2026-08-02T17:22:30.065066,99368.33,22224.37,10,BULLISH,1.0,16,8,0,0,0,0,0,0
2026-08-02T17:24:24.652609,99368.33,22224.37,10,BULLISH,1.0,16,8,0,0,0,0,0,0
2026-08-02T17:26:23.579125,99368.33,22224.37,10,BULLISH,1.0,16,8,0,0,0,0,0,0
2026-08-02T17:28:26.644481,99368.33,22224.37,10,BULLISH,1.0,16,8,0,0,0,0,0,0
2026-08-02T17:30:50.522451,99368.33,22224.37,10,BULLISH,1.0,16,8,0,0,0,0,0,0
2026-08-02T17:32:26.237659,99368.33,22224.37,10,BULLISH,1.0,16,8,0,0,0,0,0,0
2026-08-02T17:34:25.063860,99368.33,22224.37,10,BULLISH,1.0,16,8,0,0,0,0,0,0
2026-08-02T17:36:25.430567,99368.33,22224.37,10,BULLISH,1.0,16,8,0,0,0,0,0,0
2026-08-02T17:38:31.106960,99368.33,22224.37,10,BULLISH,1.0,16,8,0,0,0,0,0,0
2026-08-02T17:40:29.854597,99368.33,22224.37,10,BULLISH,1.0,16,8,0,0,0,0,0,0
2026-08-02T17:42:38.506784,99368.33,22224.37,10,BULLISH,1.0,16,8,0,0,0,0,0,0
2026-08-02T17:44:23.767976,99368.33,22224.37,10,BULLISH,1.0,16,8,0,0,0,0,0,0
2026-08-02T17:46:32.072745,99368.33,22224.37,10,BULLISH,1.0,16,8,0,0,0,0,0,0
2026-08-02T17:48:30.962407,99368.33,22224.37,10,BULLISH,1.0,16,8,0,0,0,0,0,0
2026-08-02T17:50:28.123209,99368.33,22224.37,10,BULLISH,1.0,16,8,0,0,0,0,0,0
2026-08-02T17:52:30.022990,99368.33,22224.37,10,BULLISH,1.0,16,8,0,0,0,0,0,0
2026-08-02T17:54:17.696607,99368.33,22224.37,10,BULLISH,1.0,16,8,0,0,0,0,0,0
2026-08-02T17:54:44.502311,99368.33,22224.37,10,BULLISH,1.0,16,8,0,0,0,0,0,0
2026-08-02T17:56:33.358743,99368.33,22224.37,10,BULLISH,1.0,16,8,0,0,0,0,0,0
2026-08-02T17:58:32.076645,99368.33,22224.37,10,BULLISH,1.0,16,8,0,0,0,0,0,0
2026-08-02T18:00:39.288549,99368.33,22224.37,10,BULLISH,1.0,16,8,0,0,0,0,0,0
2026-08-02T18:02:24.706263,99368.33,22224.37,10,BULLISH,1.0,16,8,0,0,0,0,0,0
2026-08-02T18:04:31.782998,99368.33,22224.37,10,BULLISH,1.0,16,8,0,0,0,0,0,0
2026-08-02T18:06:28.320160,99368.33,22224.37,10,BULLISH,1.0,16,8,0,0,0,0,0,0
2026-08-02T18:08:44.559693,99368.33,22224.37,10,BULLISH,1.0,16,8,0,0,0,0,0,0
2026-08-02T18:10:28.548693,99368.33,22224.37,10,BULLISH,1.0,16,8,0,0,0,0,0,0
2026-08-02T18:12:29.115456,99368.33,22224.37,10,BULLISH,1.0,16,8,0,0,0,0,0,0
2026-08-02T18:14:28.174115,99368.33,22224.37,10,BULLISH,1.0,16,8,0,0,0,0,0,0
2026-08-02T18:16:24.387965,99368.33,22224.37,10,BULLISH,1.0,16,8,0,0,0,0,0,0
2026-08-02T18:18:23.967000,99368.33,22224.37,10,BULLISH,1.0,16,8,0,0,0,0,0,0
2026-08-02T18:20:30.131889,99368.33,22224.37,10,BULLISH,1.0,16,8,0,0,0,0,0,0
2026-08-02T18:22:40.499733,99368.33,22224.37,10,BULLISH,1.0,16,8,0,0,0,0,0,0
2026-08-02T18:24:27.046139,99368.33,22224.37,10,BULLISH,1.0,16,8,0,0,0,0,0,0
2026-08-02T18:26:26.337021,99368.33,22224.37,10,BULLISH,1.0,16,8,0,0,0,0,0,0
2026-08-02T18:28:29.334392,99368.33,22224.37,10,BULLISH,1.0,16,8,0,0,0,0,0,0
2026-08-02T18:30:38.790442,99368.33,22224.37,10,BULLISH,1.0,16,8,0,0,0,0,0,0
2026-08-02T18:32:25.808988,99368.33,22224.37,10,BULLISH,1.0,16,8,0,0,0,0,0,0
2026-08-02T18:34:27.942322,99368.33,22224.37,10,BULLISH,1.0,16,8,0,0,0,0,0,0
2026-08-02T18:36:33.406812,99368.33,22224.37,10,BULLISH,1.0,16,8,0,0,0,0,0,0
2026-08-02T18:38:30.029091,99368.33,22224.37,10,BULLISH,1.0,16,8,0,0,0,0,0,0
2026-08-02T18:40:33.680365,99368.33,22224.37,10,BULLISH,1.0,16,8,0,0,0,0,0,0
2026-08-02T18:42:33.018712,99368.33,22224.37,10,BULLISH,1.0,16,8,0,0,0,0,0,0
2026-08-02T18:44:23.746375,99368.33,22224.37,10,BULLISH,1.0,16,8,0,0,0,0,0,0
2026-08-02T18:46:33.767143,99368.33,22224.37,10,BULLISH,1.0,16,8,0,0,0,0,0,0
2026-08-02T18:48:26.845666,99368.33,22224.37,10,BULLISH,1.0,16,8,0,0,0,0,0,0
2026-08-02T18:50:33.379829,99368.33,22224.37,10,BULLISH,1.0,16,8,0,0,0,0,0,0
2026-08-02T18:52:23.250029,99368.33,22224.37,10,BULLISH,1.0,16,8,0,0,0,0,0,0
2026-08-02T18:54:33.877172,99368.33,22224.37,10,BULLISH,1.0,16,8,0,0,0,0,0,0
2026-08-02T18:55:53.887090,99368.33,22224.37,10,BULLISH,1.0,16,8,0,0,0,0,0,0
2026-08-02T18:56:32.392327,99368.33,22224.37,10,BULLISH,1.0,16,8,0,0,0,0,0,0
2026-08-02T18:58:28.427380,99368.33,22224.37,10,BULLISH,1.0,16,8,0,0,0,0,0,0
2026-08-02T19:00:37.172227,99368.33,22224.37,10,BULLISH,1.0,16,8,0,0,0,0,0,0
2026-08-02T19:02:39.041402,99368.33,22224.37,10,BULLISH,1.0,16,8,0,0,0,0,0,0
2026-08-02T19:04:27.824285,99368.33,22224.37,10,BULLISH,1.0,16,8,0,0,0,0,0,0
2026-08-02T19:06:33.230244,99368.33,22224.37,10,BULLISH,1.0,16,8,0,0,0,0,0,0
2026-08-02T19:08:29.798984,99368.33,22224.37,10,BULLISH,1.0,16,8,0,0,0,0,0,0
2026-08-02T19:10:34.770703,99368.33,22224.37,10,BULLISH,1.0,16,8,0,0,0,0,0,0
2026-08-02T19:12:31.230022,99368.33,22224.37,10,BULLISH,1.0,16,8,0,0,0,0,0,0
2026-08-02T19:14:43.067926,99368.33,22224.37,10,BULLISH,1.0,16,8,0,0,0,0,0,0
2026-08-02T19:16:27.402331,99368.33,22224.37,10,BULLISH,1.0,16,8,0,0,0,0,0,0
2026-08-02T19:18:41.443242,99368.33,22224.37,10,BULLISH,1.0,16,8,1,0,1,0,0,0
2026-08-02T19:20:29.826341,99368.33,22224.37,10,BULLISH,1.0,16,8,0,0,0,0,0,0
2026-08-02T19:22:37.117413,99368.33,22224.37,10,BULLISH,1.0,16,8,0,0,0,0,0,0
2026-08-02T19:24:30.134473,99368.33,22224.37,10,BULLISH,1.0,16,8,0,0,0,0,0,0
2026-08-02T19:26:26.111007,99368.33,22224.37,10,BULLISH,1.0,16,8,0,0,0,0,0,0
2026-08-02T19:28:29.597570,99368.33,22224.37,10,BULLISH,1.0,16,8,0,0,0,0,0,0
2026-08-02T19:30:35.640150,99368.33,22224.37,10,BULLISH,1.0,16,8,0,0,0,0,0,0
2026-08-02T19:32:23.429668,99368.33,22224.37,10,BULLISH,1.0,16,8,0,0,0,0,0,0
2026-08-02T19:34:26.453386,99368.33,22224.37,10,BULLISH,1.0,16,8,0,0,0,0,0,0
2026-08-02T19:36:28.368520,99368.33,22224.37,10,BULLISH,1.0,16,8,0,0,0,0,0,0
2026-08-02T19:38:24.109248,99368.33,22224.37,10,BULLISH,1.0,16,8,0,0,0,0,0,0
2026-08-02T19:40:27.313420,99368.33,22224.37,10,BULLISH,1.0,16,8,0,0,0,0,0,0
2026-08-02T19:42:23.606233,99368.33,22224.37,10,BULLISH,1.0,16,8,0,0,0,0,0,0
2026-08-02T19:44:31.869528,99368.33,22224.37,10,BULLISH,1.0,16,8,0,0,0,0,0,0
2026-08-02T19:46:31.954670,99368.33,22224.37,10,BULLISH,1.0,16,8,0,0,0,0,0,0
2026-08-02T19:48:25.206200,99368.33,22224.37,10,BULLISH,1.0,16,8,0,0,0,0,0,0
2026-08-02T19:50:37.338477,99368.33,22224.37,10,BULLISH,1.0,16,8,0,0,0,0,0,0
2026-08-02T19:52:23.937942,99368.33,22224.37,10,BULLISH,1.0,16,8,0,0,0,0,0,0
2026-08-02T19:54:25.097645,99368.33,22224.37,10,BULLISH,1.0,16,8,0,0,0,0,0,0
2026-08-02T19:56:24.949264,99368.33,22224.37,10,BULLISH,1.0,16,8,0,0,0,0,0,0
2026-08-02T19:58:28.699846,99368.33,22224.37,10,BULLISH,1.0,16,8,0,0,0,0,0,0
2026-08-02T20:00:32.313958,99368.33,22224.37,10,BULLISH,1.0,16,8,0,0,0,0,0,0
2026-08-02T20:02:37.190060,99368.33,22224.37,10,BULLISH,1.0,16,8,0,0,0,0,0,0
2026-08-02T20:04:30.950831,99368.33,22224.37,10,BULLISH,1.0,16,8,0,0,0,0,0,0
2026-08-02T20:06:23.243772,99368.33,22224.37,10,BULLISH,1.0,16,8,0,0,0,0,0,0
2026-08-02T20:06:54.463284,99368.33,22224.37,10,BULLISH,1.0,16,8,0,0,0,0,0,0
2026-08-02T20:08:25.310216,99368.33,22224.37,10,BULLISH,1.0,16,8,0,0,0,0,0,0
2026-08-02T20:10:30.990433,99368.33,22224.37,10,BULLISH,1.0,16,8,0,0,0,0,0,0
2026-08-02T20:12:52.559362,99368.33,22224.37,10,BULLISH,1.0,16,8,1,0,1,0,0,0
2026-08-02T20:14:30.752330,99368.33,22224.37,10,BULLISH,1.0,16,8,0,0,0,0,0,0
2026-08-02T20:16:38.760172,99368.33,22224.37,10,BULLISH,1.0,16,8,0,0,0,0,0,0
2026-08-02T20:18:24.423265,99368.33,22224.37,10,BULLISH,1.0,16,8,0,0,0,0,0,0
2026-08-02T20:20:33.992501,99368.33,22224.37,10,BULLISH,1.0,16,8,0,0,0,0,0,0
2026-08-02T20:22:34.233509,99368.33,22224.37,10,BULLISH,1.0,16,8,0,0,0,0,0,0
2026-08-02T20:24:32.179003,99368.33,22224.37,10,BULLISH,1.0,16,8,0,0,0,0,0,0
2026-08-02T20:26:30.481149,99368.33,22224.37,10,BULLISH,1.0,16,8,0,0,0,0,0,0
2026-08-02T20:28:29.223199,99368.33,22224.37,10,BULLISH,1.0,16,8,0,0,0,0,0,0
2026-08-02T20:30:38.725876,99368.33,22224.37,10,BULLISH,1.0,16,8,0,0,0,0,0,0
2026-08-02T20:32:24.716972,99368.33,22224.37,10,BULLISH,1.0,16,8,0,0,0,0,0,0
2026-08-02T20:34:29.194470,99368.33,22224.37,10,BULLISH,1.0,16,8,0,0,0,0,0,0
2026-08-02T20:36:42.574678,99368.33,22224.37,10,BULLISH,1.0,16,8,0,0,0,0,0,0
2026-08-02T20:38:30.242060,99368.33,22224.37,10,BULLISH,1.0,16,8,0,0,0,0,0,0
2026-08-02T20:40:32.424328,99368.33,22224.37,10,BULLISH,1.0,16,8,0,0,0,0,0,0
2026-08-02T20:42:30.032463,99368.33,22224.37,10,BULLISH,1.0,16,8,0,0,0,0,0,0
2026-08-02T20:44:34.457845,99368.33,22224.37,10,BULLISH,1.0,16,8,0,0,0,0,0,0
2026-08-02T20:46:25.525946,99368.33,22224.37,10,BULLISH,1.0,16,8,0,0,0,0,0,0
2026-08-02T20:48:26.078495,99368.33,22224.37,10,BULLISH,1.0,16,8,0,0,0,0,0,0
2026-08-02T20:50:29.925913,99368.33,22224.37,10,BULLISH,1.0,16,8,0,0,0,0,0,0
2026-08-02T20:52:29.429766,99368.33,22224.37,10,BULLISH,1.0,16,8,0,0,0,0,0,0
2026-08-02T20:54:32.864669,99368.33,22224.37,10,BULLISH,1.0,16,8,0,0,0,0,0,0
2026-08-02T20:56:30.412463,99368.33,22224.37,10,BULLISH,1.0,16,8,0,0,0,0,0,0
2026-08-02T20:58:25.873018,99368.33,22224.37,10,BULLISH,1.0,16,8,0,0,0,0,0,0
2026-08-02T21:00:40.579958,99368.33,22224.37,10,BULLISH,1.0,16,8,0,0,0,0,0,0
2026-08-02T21:02:34.479910,99368.33,22224.37,10,BULLISH,1.0,16,8,0,0,0,0,0,0
2026-08-02T21:04:29.981870,99368.33,22224.37,10,BULLISH,1.0,16,8,0,0,0,0,0,0
2026-08-02T21:06:39.516243,99368.33,22224.37,10,BULLISH,1.0,16,8,0,0,0,0,0,0
2026-08-02T21:08:23.286259,99368.33,22224.37,10,BULLISH,1.0,16,8,0,0,0,0,0,0
2026-08-02T21:10:34.366299,99368.33,22224.37,10,BULLISH,1.0,16,8,0,0,0,0,0,0
2026-08-02T21:12:29.562437,99368.33,22224.37,10,BULLISH,1.0,16,8,0,0,0,0,0,0
2026-08-02T21:14:27.725397,99368.33,22224.37,10,BULLISH,1.0,16,8,0,0,0,0,0,0
2026-08-02T21:16:30.993110,99368.33,22224.37,10,BULLISH,1.0,16,8,0,0,0,0,0,0
2026-08-02T21:18:29.854929,99368.33,22224.37,10,BULLISH,1.0,16,8,0,0,0,0,0,0
2026-08-02T21:20:35.746401,99368.33,22224.37,10,BULLISH,1.0,16,8,0,0,0,0,0,0
2026-08-02T21:22:32.061828,99368.33,22224.37,10,BULLISH,1.0,16,8,0,0,0,0,0,0
2026-08-02T21:24:23.508303,99368.33,22224.37,10,BULLISH,1.0,16,8,0,0,0,0,0,0
2026-08-02T21:26:30.966163,99368.33,22224.37,10,BULLISH,1.0,16,8,0,0,0,0,0,0
2026-08-02T21:28:38.974992,99368.33,22224.37,10,BULLISH,1.0,16,8,0,0,0,0,0,0
2026-08-02T21:30:34.997623,99368.33,22224.37,10,BULLISH,1.0,16,8,0,0,0,0,0,0
2026-08-02T21:32:35.059665,99368.33,22224.37,10,BULLISH,1.0,16,8,0,0,0,0,0,0
2026-08-02T21:34:31.251754,99368.33,22224.37,10,BULLISH,1.0,16,8,0,0,0,0,0,0
2026-08-02T21:36:37.323323,99368.33,22224.37,10,BULLISH,1.0,16,8,0,0,0,0,0,0
2026-08-02T21:38:32.138475,99368.33,22224.37,10,BULLISH,1.0,16,8,0,0,0,0,0,0
2026-08-02T21:40:30.594496,99368.33,22224.37,10,BULLISH,1.0,16,8,0,0,0,0,0,0
2026-08-02T21:42:27.202269,99368.33,22224.37,10,BULLISH,1.0,16,8,0,0,0,0,0,0
2026-08-02T21:44:30.503910,99368.33,22224.37,10,BULLISH,1.0,16,8,0,0,0,0,0,0
2026-08-02T21:45:12.662851,99368.33,22224.37,10,BULLISH,1.0,16,8,0,0,0,0,0,0
2026-08-02T21:46:23.553669,99368.33,22224.37,10,BULLISH,1.0,16,8,0,0,0,0,0,0
2026-08-02T21:48:31.691600,99368.33,22224.37,10,BULLISH,1.0,16,8,0,0,0,0,0,0
2026-08-02T21:50:25.461481,99368.33,22224.37,10,BULLISH,1.0,16,8,0,0,0,0,0,0
2026-08-02T21:52:31.318467,99368.33,22224.37,10,BULLISH,1.0,16,8,0,0,0,0,0,0
2026-08-02T21:54:36.201031,99368.33,22224.37,10,BULLISH,1.0,16,8,0,0,0,0,0,0
2026-08-02T21:56:30.739226,99368.33,22224.37,10,BULLISH,1.0,16,8,0,0,0,0,0,0
2026-08-02T21:58:28.438037,99368.33,22224.37,10,BULLISH,1.0,16,8,0,0,0,0,0,0
2026-08-02T22:00:36.916095,99368.33,22224.37,10,BULLISH,1.0,16,8,0,0,0,0,0,0
2026-08-02T22:02:30.677255,99368.33,22224.37,10,BULLISH,1.0,16,8,0,0,0,0,0,0
2026-08-02T22:04:32.412182,99368.33,22224.37,10,BULLISH,1.0,16,8,0,0,0,0,0,0
2026-08-02T22:06:26.398691,99368.33,22224.37,10,BULLISH,1.0,16,8,0,0,0,0,0,0
2026-08-02T22:08:29.446765,99368.33,22224.37,10,BULLISH,1.0,16,8,0,0,0,0,0,0
2026-08-02T22:10:41.528348,99368.33,22224.37,10,BULLISH,1.0,16,8,0,0,0,0,0,0
2026-08-02T22:12:31.035188,99368.33,22224.37,10,BULLISH,1.0,16,8,0,0,0,0,0,0
2026-08-02T22:14:36.148291,99368.33,22224.37,10,BULLISH,1.0,16,8,0,0,0,0,0,0
2026-08-02T22:16:25.246994,99368.33,22224.37,10,BULLISH,1.0,16,8,0,0,0,0,0,0
2026-08-02T22:18:25.133557,99368.33,22224.37,10,BULLISH,1.0,16,8,0,0,0,0,0,0
2026-08-02T22:20:37.795069,99368.33,22224.37,10,BULLISH,1.0,16,8,0,0,0,0,0,0
2026-08-02T22:22:22.375697,99368.33,22224.37,10,BULLISH,1.0,16,8,0,0,0,0,0,0
2026-08-02T22:24:31.151928,99368.33,22224.37,10,BULLISH,1.0,16,8,0,0,0,0,0,0
2026-08-02T22:26:26.297313,99368.33,22224.37,10,BULLISH,1.0,16,8,0,0,0,0,0,0
2026-08-02T22:28:24.601257,99368.33,22224.37,10,BULLISH,1.0,16,8,0,0,0,0,0,0
2026-08-02T22:30:49.295322,99368.33,22224.37,10,BULLISH,1.0,16,8,1,0,1,0,0,0
2026-08-02T22:32:25.539554,99368.33,22224.37,10,BULLISH,1.0,16,8,0,0,0,0,0,0
2026-08-02T22:34:29.316587,99368.33,22224.37,10,BULLISH,1.0,16,8,0,0,0,0,0,0
2026-08-02T22:36:31.490866,99368.33,22224.37,10,BULLISH,1.0,16,8,0,0,0,0,0,0
2026-08-02T22:38:31.128021,99368.33,22224.37,10,BULLISH,1.0,16,8,0,0,0,0,0,0
2026-08-02T22:40:35.418311,99368.33,22224.37,10,BULLISH,1.0,16,8,0,0,0,0,0,0
2026-08-02T22:42:26.121146,99368.33,22224.37,10,BULLISH,1.0,16,8,0,0,0,0,0,0
2026-08-02T22:44:30.131560,99368.33,22224.37,10,BULLISH,1.0,16,8,0,0,0,0,0,0
2026-08-02T22:45:54.558211,99368.33,22224.37,10,BULLISH,1.0,16,8,0,0,0,0,0,0
2026-08-02T22:46:29.382957,99368.33,22224.37,10,BULLISH,1.0,16,8,0,0,0,0,0,0
2026-08-02T22:48:29.763772,99368.33,22224.37,10,BULLISH,1.0,16,8,0,0,0,0,0,0
2026-08-02T22:50:26.186103,99368.33,22224.37,10,BULLISH,1.0,16,8,0,0,0,0,0,0
2026-08-02T22:52:26.458404,99368.33,22224.37,10,BULLISH,1.0,16,8,0,0,0,0,0,0
2026-08-02T22:54:28.460139,99368.33,22224.37,10,BULLISH,1.0,16,8,0,0,0,0,0,0
2026-08-02T22:56:26.375815,99368.33,22224.37,10,BULLISH,1.0,16,8,0,0,0,0,0,0
2026-08-02T22:58:32.050851,99368.33,22224.37,10,BULLISH,1.0,16,8,0,0,0,0,0,0
2026-08-02T23:00:36.830224,99368.33,22224.37,10,BULLISH,1.0,16,8,0,0,0,0,0,0
2026-08-02T23:02:30.290758,99368.33,22224.37,10,BULLISH,1.0,16,8,0,0,0,0,0,0
2026-08-02T23:04:25.206170,99368.33,22224.37,10,BULLISH,1.0,16,8,0,0,0,0,0,0
2026-08-02T23:06:26.552045,99368.33,22224.37,10,BULLISH,1.0,16,8,0,0,0,0,0,0
2026-08-02T23:08:31.458707,99368.33,22224.37,10,BULLISH,1.0,16,8,0,0,0,0,0,0
2026-08-02T23:10:35.618029,99368.33,22224.37,10,BULLISH,1.0,16,8,0,0,0,0,0,0
2026-08-02T23:12:35.583804,99368.33,22224.37,10,BULLISH,1.0,16,8,0,0,0,0,0,0
2026-08-02T23:14:25.575482,99368.33,22224.37,10,BULLISH,1.0,16,8,0,0,0,0,0,0
2026-08-02T23:16:28.973017,99368.33,22224.37,10,BULLISH,1.0,16,8,0,0,0,0,0,0
2026-08-02T23:18:32.202328,99368.33,22224.37,10,BULLISH,1.0,16,8,0,0,0,0,0,0
2026-08-02T23:20:33.339819,99368.33,22224.37,10,BULLISH,1.0,16,8,0,0,0,0,0,0
2026-08-02T23:22:24.216709,99368.33,22224.37,10,BULLISH,1.0,16,8,0,0,0,0,0,0
2026-08-02T23:24:32.819959,99368.33,22224.37,10,BULLISH,1.0,16,8,0,0,0,0,0,0
2026-08-02T23:26:33.881164,99368.33,22224.37,10,BULLISH,1.0,16,8,0,0,0,0,0,0
2026-08-02T23:28:23.419051,99368.33,22224.37,10,BULLISH,1.0,16,8,0,0,0,0,0,0
2026-08-02T23:30:31.217987,99368.33,22224.37,10,BULLISH,1.0,16,8,0,0,0,0,0,0
2026-08-02T23:32:35.915845,99368.33,22224.37,10,BULLISH,1.0,16,8,0,0,0,0,0,0
2026-08-02T23:34:24.334675,99368.33,22224.37,10,BULLISH,1.0,16,8,0,0,0,0,0,0
2026-08-02T23:36:30.286307,99368.33,22224.37,10,BULLISH,1.0,16,8,0,0,0,0,0,0
2026-08-02T23:38:33.615771,99368.33,22224.37,10,BULLISH,1.0,16,8,0,0,0,0,0,0
2026-08-02T23:40:32.110119,99368.33,22224.37,10,BULLISH,1.0,16,8,0,0,0,0,0,0
2026-08-02T23:42:27.051607,99368.33,22224.37,10,BULLISH,1.0,16,8,0,0,0,0,0,0
2026-08-02T23:44:24.934369,99368.33,22224.37,10,BULLISH,1.0,16,8,0,0,0,0,0,0
2026-08-02T23:46:34.974451,99368.33,22224.37,10,BULLISH,1.0,16,8,0,0,0,0,0,0
2026-08-02T23:48:27.242496,99368.33,22224.37,10,BULLISH,1.0,16,8,0,0,0,0,0,0
2026-08-02T23:50:26.093819,99368.33,22224.37,10,BULLISH,1.0,16,8,0,0,0,0,0,0
2026-08-02T23:50:59.810554,99368.33,22224.37,10,BULLISH,1.0,16,8,0,0,0,0,0,0
2026-08-02T23:52:32.080571,99368.33,22224.37,10,BULLISH,1.0,16,8,0,0,0,0,0,0
2026-08-02T23:54:25.744751,99368.33,22224.37,10,BULLISH,1.0,16,8,0,0,0,0,0,0
2026-08-02T23:56:24.163292,99368.33,22224.37,10,BULLISH,1.0,16,8,0,0,0,0,0,0
2026-08-02T23:58:26.604805,99368.33,22224.37,10,BULLISH,1.0,16,8,0,0,0,0,0,0
2026-08-03T00:00:40.475514,99243.12,22224.37,10,BULLISH,1.0,16,8,0,0,0,0,0,0
2026-08-03T00:02:31.227026,99245.08,22224.37,10,BULLISH,1.0,16,8,0,0,0,0,0,0
2026-08-03T00:04:26.333616,99259.19,22224.37,10,BULLISH,1.0,16,8,0,0,0,0,0,0
2026-08-03T00:06:32.908344,99263.11,22224.37,10,BULLISH,1.0,16,8,0,0,0,0,0,0
2026-08-03T00:08:30.271335,99263.11,22224.37,10,BULLISH,1.0,16,8,0,0,0,0,0,0
2026-08-03T00:10:28.325931,99263.11,22224.37,10,BULLISH,1.0,16,8,0,0,0,0,0,0
2026-08-03T00:12:25.943104,99262.83,22224.37,10,BULLISH,1.0,16,8,0,0,0,0,0,0
2026-08-03T00:14:32.456711,99262.69,22224.37,10,BULLISH,1.0,16,8,0,0,0,0,0,0
2026-08-03T00:16:36.161558,99266.24,22224.37,10,BULLISH,1.0,16,8,0,0,0,0,0,0
2026-08-03T00:18:31.112971,99265.12,22224.37,10,BULLISH,1.0,16,8,0,0,0,0,0,0
2026-08-03T00:20:32.664549,99264.98,22224.37,10,BULLISH,1.0,16,8,0,0,0,0,0,0
2026-08-03T00:22:29.391453,99265.21,22224.37,10,BULLISH,1.0,16,8,0,0,0,0,0,0
2026-08-03T00:24:31.780747,99265.91,22224.37,10,BULLISH,1.0,16,8,0,0,0,0,0,0
2026-08-03T00:26:27.516569,99266.15,22224.37,10,BULLISH,1.0,16,8,0,0,0,0,0,0
2026-08-03T00:28:29.960462,99267.13,22224.37,10,BULLISH,1.0,16,8,0,0,0,0,0,0
2026-08-03T00:30:37.268045,99288.77,22224.37,10,BULLISH,1.0,16,8,0,0,0,0,0,0
2026-08-03T00:32:24.690070,99269.25,22224.37,10,BULLISH,1.0,16,8,0,0,0,0,0,0
2026-08-03T00:34:31.976762,99271.35,22224.37,10,BULLISH,1.0,16,8,0,0,0,0,0,0
2026-08-03T00:36:24.193622,99277.75,22224.37,10,BULLISH,1.0,16,8,0,0,0,0,0,0
2026-08-03T00:38:31.328267,99272.29,22224.37,10,BULLISH,1.0,16,8,0,0,0,0,0,0
2026-08-03T00:40:33.261426,99274.02,22224.37,10,BULLISH,1.0,16,8,0,0,0,0,0,0
2026-08-03T00:42:23.739240,99274.02,22224.37,10,BULLISH,1.0,16,8,0,0,0,0,0,0
2026-08-03T00:44:42.647537,99268.79,22224.37,10,BULLISH,1.0,16,8,0,0,0,0,0,0
2026-08-03T00:46:24.131828,99270.42,22224.37,10,BULLISH,1.0,16,8,0,0,0,0,0,0
2026-08-03T00:48:26.610182,99270.65,22224.37,10,BULLISH,1.0,16,8,0,0,0,0,0,0
2026-08-03T00:50:34.001561,99270.65,22224.37,10,BULLISH,1.0,16,8,0,0,0,0,0,0
2026-08-03T00:52:27.112620,99270.19,22224.37,10,BULLISH,1.0,16,8,0,0,0,0,0,0
2026-08-03T00:54:30.397310,99270.19,22224.37,10,BULLISH,1.0,16,8,0,0,0,0,0,0
2026-08-03T00:56:35.194926,99271.54,22224.37,10,BULLISH,1.0,16,8,0,0,0,0,0,0
2026-08-03T00:58:38.680933,99271.54,22224.37,10,BULLISH,1.0,16,8,0,0,0,0,0,0
2026-08-03T01:00:44.404271,99269.25,22224.37,10,BULLISH,1.0,16,8,0,0,0,0,0,0
2026-08-03T01:02:41.642978,99269.3,22224.37,10,BULLISH,1.0,16,8,1,0,1,0,0,0
2026-08-03T01:04:33.659425,99269.3,22224.37,10,BULLISH,1.0,16,8,0,0,0,0,0,0
2026-08-03T01:06:35.738455,99270.33,22224.37,10,BULLISH,1.0,16,8,0,0,0,0,0,0
2026-08-03T01:08:39.731904,99271.59,22224.37,10,BULLISH,1.0,16,8,0,0,0,0,0,0
2026-08-03T01:10:36.120345,99271.59,22224.37,10,BULLISH,1.0,16,8,0,0,0,0,0,0
2026-08-03T01:12:37.957101,99272.19,22224.37,10,BULLISH,1.0,16,8,0,0,0,0,0,0
2026-08-03T01:14:30.704600,99271.49,22224.37,10,BULLISH,1.0,16,8,0,0,0,0,0,0
2026-08-03T01:16:26.286522,99270.65,22224.37,10,BULLISH,1.0,16,8,0,0,0,0,0,0
2026-08-03T01:18:26.967719,99271.59,22224.37,10,BULLISH,1.0,16,8,0,0,0,0,0,0
2026-08-03T01:20:34.694371,99269.25,22224.37,10,BULLISH,1.0,16,8,0,0,0,0,0,0
2026-08-03T01:22:25.633056,99269.25,22224.37,10,BULLISH,1.0,16,8,0,0,0,0,0,0
2026-08-03T01:24:32.048145,99243.64,22224.37,10,BULLISH,1.0,16,8,0,0,0,0,0,0
2026-08-03T01:26:34.337738,99243.64,22224.37,10,BULLISH,1.0,16,8,0,0,0,0,0,0
2026-08-03T01:28:22.716050,99243.31,22224.37,10,BULLISH,1.0,16,8,0,0,0,0,0,0
2026-08-03T01:30:36.560295,99243.22,22224.37,10,BULLISH,1.0,16,8,0,0,0,0,0,0
2026-08-03T01:32:29.334981,99243.26,22224.37,10,BULLISH,1.0,16,8,0,0,0,0,0,0
2026-08-03T01:34:33.057808,99234.29,22224.37,10,BULLISH,1.0,16,8,0,0,0,0,0,0
2026-08-03T01:36:30.073037,99234.29,22224.37,10,BULLISH,1.0,16,8,0,0,0,0,0,0
2026-08-03T01:38:37.531839,99234.47,22224.37,10,BULLISH,1.0,16,8,0,0,0,0,0,0
2026-08-03T01:40:30.658517,99234.19,22224.37,10,BULLISH,1.0,16,8,0,0,0,0,0,0
2026-08-03T01:42:37.849813,99234.75,22224.37,10,BULLISH,1.0,16,8,0,0,0,0,0,0
2026-08-03T01:44:29.458460,99234.75,22224.37,10,BULLISH,1.0,16,8,0,0,0,0,0,0
2026-08-03T01:46:31.045844,99236.25,22224.37,10,BULLISH,1.0,16,8,0,0,0,0,0,0
2026-08-03T01:48:29.826170,99236.39,22224.37,10,BULLISH,1.0,16,8,0,0,0,0,0,0
2026-08-03T01:50:27.522157,99236.62,22224.37,10,BULLISH,1.0,16,8,0,0,0,0,0,0
2026-08-03T01:52:25.631842,99237.42,22224.37,10,BULLISH,1.0,16,8,0,0,0,0,0,0
2026-08-03T01:54:31.397156,99236.62,22224.37,10,BULLISH,1.0,16,8,0,0,0,0,0,0
2026-08-03T01:55:15.786935,99236.62,22224.37,10,BULLISH,1.0,16,8,0,0,0,0,0,0
2026-08-03T01:56:25.865059,99236.15,22224.37,10,BULLISH,1.0,16,8,0,0,0,0,0,0
2026-08-03T01:58:26.300047,99236.15,22224.37,10,BULLISH,1.0,16,8,0,0,0,0,0,0
2026-08-03T02:00:58.514822,99183.03,22224.37,10,BULLISH,1.0,16,8,0,0,0,0,0,0
2026-08-03T02:02:28.910048,99105.17,22224.37,10,BULLISH,1.0,16,8,0,0,0,0,0,0
2026-08-03T02:04:23.501645,99105.17,22224.37,10,BULLISH,1.0,16,8,0,0,0,0,0,0
2026-08-03T02:06:32.406854,99106.95,22224.37,10,BULLISH,1.0,16,8,0,0,0,0,0,0
2026-08-03T02:08:39.269342,99107.18,22224.37,10,BULLISH,1.0,16,8,1,0,1,0,0,0
2026-08-03T02:10:29.188542,99106.71,22224.37,10,BULLISH,1.0,16,8,0,0,0,0,0,0
2026-08-03T02:12:26.976800,99107.23,22224.37,10,BULLISH,1.0,16,8,0,0,0,0,0,0
2026-08-03T02:14:25.337616,99107.23,22224.37,10,BULLISH,1.0,16,8,0,0,0,0,0,0
2026-08-03T02:16:31.864075,99108.07,22224.37,10,BULLISH,1.0,16,8,0,0,0,0,0,0
2026-08-03T02:18:29.807415,99109.24,22224.37,10,BULLISH,1.0,16,8,0,0,0,0,0,0
2026-08-03T02:20:40.441181,99187.65,22224.37,10,BULLISH,1.0,16,8,0,0,0,0,0,0
2026-08-03T02:22:29.784745,99187.42,22224.37,10,BULLISH,1.0,16,8,0,0,0,0,0,0
2026-08-03T02:24:32.322353,99187.42,22224.37,10,BULLISH,1.0,16,8,0,0,0,0,0,0
2026-08-03T02:26:32.935414,99187.42,22224.37,10,BULLISH,1.0,16,8,0,0,0,0,0,0
2026-08-03T02:28:42.819898,99187.89,22224.37,10,BULLISH,1.0,16,8,0,0,0,0,0,0
2026-08-03T02:30:40.063899,99186.95,22224.37,10,BULLISH,1.0,16,8,0,0,0,0,0,0
2026-08-03T02:32:24.972316,99209.85,22224.37,10,BULLISH,1.0,16,8,0,0,0,0,0,0
2026-08-03T02:34:24.298216,99210.79,22224.37,10,BULLISH,1.0,16,8,0,0,0,0,0,0
2026-08-03T02:36:38.666527,99211.86,22224.37,10,BULLISH,1.0,16,8,0,0,0,0,0,0
2026-08-03T02:38:29.271366,99211.21,22224.37,10,BULLISH,1.0,16,8,0,0,0,0,0,0
2026-08-03T02:40:34.006140,99211.02,22224.37,10,BULLISH,1.0,16,8,0,0,0,0,0,0
2026-08-03T02:42:27.627419,99209.25,22224.37,10,BULLISH,1.0,16,8,0,0,0,0,0,0
2026-08-03T02:44:26.731876,99209.67,22224.37,10,BULLISH,1.0,16,8,0,0,0,0,0,0
2026-08-03T02:46:33.567811,99209.67,22224.37,10,BULLISH,1.0,16,8,0,0,0,0,0,0
2026-08-03T02:48:31.703954,99210.74,22224.37,10,BULLISH,1.0,16,8,0,0,0,0,0,0
2026-08-03T02:50:36.221791,99210.09,22224.37,10,BULLISH,1.0,16,8,0,0,0,0,0,0
2026-08-03T02:52:25.324422,99210.09,22224.37,10,BULLISH,1.0,16,8,0,0,0,0,0,0
2026-08-03T02:54:26.233915,99210.09,22224.37,10,BULLISH,1.0,16,8,0,0,0,0,0,0
2026-08-03T02:56:33.555457,99211.02,22224.37,10,BULLISH,1.0,16,8,0,0,0,0,0,0
2026-08-03T02:58:24.411497,99211.02,22224.37,10,BULLISH,1.0,16,8,0,0,0,0,0,0
2026-08-03T03:00:39.192742,99220.49,22224.37,10,BULLISH,1.0,16,8,0,0,0,0,0,0
2026-08-03T03:02:30.315380,99221.76,22224.37,10,BULLISH,1.0,16,8,0,0,0,0,0,0
2026-08-03T03:04:26.031968,99221.57,22224.37,10,BULLISH,1.0,16,8,0,0,0,0,0,0
2026-08-03T03:06:33.462883,99221.05,22224.37,10,BULLISH,1.0,16,8,0,0,0,0,0,0
2026-08-03T03:08:32.132336,99221.05,22224.37,10,BULLISH,1.0,16,8,0,0,0,0,0,0
2026-08-03T03:10:33.487472,99220.87,22224.37,10,BULLISH,1.0,16,8,0,0,0,0,0,0
2026-08-03T03:12:31.476376,99220.87,22224.37,10,BULLISH,1.0,16,8,0,0,0,0,0,0
2026-08-03T03:14:24.809926,99220.87,22224.37,10,BULLISH,1.0,16,8,0,0,0,0,0,0
2026-08-03T03:16:27.681475,99220.87,22224.37,10,BULLISH,1.0,16,8,0,0,0,0,0,0
2026-08-03T03:18:30.865835,99219.56,22224.37,10,BULLISH,1.0,16,8,0,0,0,0,0,0
2026-08-03T03:20:30.189576,99219.56,22224.37,10,BULLISH,1.0,16,8,0,0,0,0,0,0
2026-08-03T03:22:32.080720,99220.03,22224.37,10,BULLISH,1.0,16,8,0,0,0,0,0,0
2026-08-03T03:24:26.514705,99225.26,22224.37,10,BULLISH,1.0,16,8,0,0,0,0,0,0
2026-08-03T03:26:25.469802,99224.87,22224.37,10,BULLISH,1.0,16,8,0,0,0,0,0,0
2026-08-03T03:28:33.348372,99224.87,22224.37,10,BULLISH,1.0,16,8,0,0,0,0,0,0
2026-08-03T03:30:32.951031,99224.87,22224.37,10,BULLISH,1.0,16,8,0,0,0,0,0,0
2026-08-03T03:32:51.031573,99221.88,22224.37,10,BULLISH,1.0,16,8,0,0,0,0,0,0
2026-08-03T03:34:32.502507,99221.88,22224.37,10,BULLISH,1.0,16,8,0,0,0,0,0,0
2026-08-03T03:36:31.146790,99221.88,22224.37,10,BULLISH,1.0,16,8,0,0,0,0,0,0
2026-08-03T03:38:31.378281,99223.51,22224.37,10,BULLISH,1.0,16,8,0,0,0,0,0,0
2026-08-03T03:40:33.933038,99224.21,22224.37,10,BULLISH,1.0,16,8,0,0,0,0,0,0
2026-08-03T03:42:23.503075,99223.7,22224.37,10,BULLISH,1.0,16,8,0,0,0,0,0,0
2026-08-03T03:44:31.311459,99244.35,22224.37,10,BULLISH,1.0,16,8,0,0,0,0,0,0
2026-08-03T03:46:30.141212,99244.45,22224.37,10,BULLISH,1.0,16,8,0,0,0,0,0,0
2026-08-03T03:48:39.275004,99244.4,22224.37,10,BULLISH,1.0,16,8,0,0,0,0,0,0
2026-08-03T03:50:32.293135,99244.4,22224.37,10,BULLISH,1.0,16,8,0,0,0,0,0,0
2026-08-03T03:52:29.309436,99244.59,22224.37,10,BULLISH,1.0,16,8,0,0,0,0,0,0
2026-08-03T03:54:30.650870,99244.63,22224.37,10,BULLISH,1.0,16,8,0,0,0,0,0,0
2026-08-03T03:56:26.779825,99244.21,22224.37,10,BULLISH,1.0,16,8,0,0,0,0,0,0
2026-08-03T03:58:26.339878,99244.21,22224.37,10,BULLISH,1.0,16,8,0,0,0,0,0,0
2026-08-03T04:00:33.321904,99219.22,22224.37,10,BULLISH,1.0,16,8,0,0,0,0,0,0
2026-08-03T04:02:24.447873,99218.8,22224.37,10,BULLISH,1.0,16,8,0,0,0,0,0,0
2026-08-03T04:04:33.810083,99218.19,22224.37,10,BULLISH,1.0,16,8,0,0,0,0,0,0
2026-08-03T04:06:28.128313,99217.21,22224.37,10,BULLISH,1.0,16,8,0,0,0,0,0,0
2026-08-03T04:08:32.407858,99199.97,22224.37,10,BULLISH,1.0,16,8,0,0,0,0,0,0
2026-08-03T04:10:30.985809,99199.97,22224.37,10,BULLISH,1.0,16,8,0,0,0,0,0,0
2026-08-03T04:12:40.434364,99199.69,22224.37,10,BULLISH,1.0,16,8,0,0,0,0,0,0
2026-08-03T04:14:30.279234,99199.69,22224.37,10,BULLISH,1.0,16,8,0,0,0,0,0,0
2026-08-03T04:16:24.480806,99199.08,22224.37,10,BULLISH,1.0,16,8,0,0,0,0,0,0
2026-08-03T04:18:29.293044,99199.08,22224.37,10,BULLISH,1.0,16,8,0,0,0,0,0,0
2026-08-03T04:20:44.234556,99199.08,22224.37,10,BULLISH,1.0,16,8,0,0,0,0,0,0
2026-08-03T04:22:29.823059,99199.45,22224.37,10,BULLISH,1.0,16,8,0,0,0,0,0,0
2026-08-03T04:24:30.150702,99199.45,22224.37,10,BULLISH,1.0,16,8,0,0,0,0,0,0
2026-08-03T04:26:24.232324,99199.5,22224.37,10,BULLISH,1.0,16,8,0,0,0,0,0,0
2026-08-03T04:28:25.981055,99199.5,22224.37,10,BULLISH,1.0,16,8,0,0,0,0,0,0
2026-08-03T04:30:36.138183,99199.55,22224.37,10,BULLISH,1.0,16,8,0,0,0,0,0,0
2026-08-03T04:32:40.434082,99199.92,22224.37,10,BULLISH,1.0,16,8,0,0,0,0,0,0
2026-08-03T04:34:29.931724,99199.92,22224.37,10,BULLISH,1.0,16,8,0,0,0,0,0,0
2026-08-03T04:36:23.429780,99199.92,22224.37,10,BULLISH,1.0,16,8,0,0,0,0,0,0
2026-08-03T04:38:34.767213,99200.53,22224.37,10,BULLISH,1.0,16,8,0,0,0,0,0,0
2026-08-03T04:40:29.188982,99200.85,22224.37,10,BULLISH,1.0,16,8,0,0,0,0,0,0
2026-08-03T04:42:26.247837,99200.11,22224.37,10,BULLISH,1.0,16,8,0,0,0,0,0,0
2026-08-03T04:44:25.160478,99199.73,22224.37,10,BULLISH,1.0,16,8,0,0,0,0,0,0
2026-08-03T04:46:23.672466,99199.73,22224.37,10,BULLISH,1.0,16,8,0,0,0,0,0,0
2026-08-03T04:48:38.139436,99192.78,22224.37,10,BULLISH,1.0,16,8,0,0,0,0,0,0
2026-08-03T04:50:36.592624,99192.78,22224.37,10,BULLISH,1.0,16,8,0,0,0,0,0,0
2026-08-03T04:52:27.109305,99192.78,22224.37,10,BULLISH,1.0,16,8,0,0,0,0,0,0
2026-08-03T04:54:45.852049,99192.5,22224.37,10,BULLISH,1.0,16,8,0,0,0,0,0,0
2026-08-03T04:56:31.586219,99192.13,22224.37,10,BULLISH,1.0,16,8,0,0,0,0,0,0
2026-08-03T04:58:23.295784,99191.24,22224.37,10,BULLISH,1.0,16,8,0,0,0,0,0,0
2026-08-03T05:00:39.685181,99191.24,22224.37,10,BULLISH,1.0,16,8,0,0,0,0,0,0
2026-08-03T05:02:35.617042,99191.9,22224.37,10,BULLISH,1.0,16,8,0,0,0,0,0,0
2026-08-03T05:04:24.148000,99191.9,22224.37,10,BULLISH,1.0,16,8,0,0,0,0,0,0
2026-08-03T05:06:28.310132,99190.73,22224.37,10,BULLISH,1.0,16,8,0,0,0,0,0,0
2026-08-03T05:08:31.947874,99189.7,22224.37,10,BULLISH,1.0,16,8,0,0,0,0,0,0
2026-08-03T05:10:33.354775,99189.61,22224.37,10,BULLISH,1.0,16,8,0,0,0,0,0,0
2026-08-03T05:12:39.527673,99189.14,22224.37,10,BULLISH,1.0,16,8,0,0,0,0,0,0
2026-08-03T05:14:28.049747,99189.14,22224.37,10,BULLISH,1.0,16,8,0,0,0,0,0,0
2026-08-03T05:16:24.621849,99189.28,22224.37,10,BULLISH,1.0,16,8,0,0,0,0,0,0
2026-08-03T05:18:29.292458,99189.28,22224.37,10,BULLISH,1.0,16,8,0,0,0,0,0,0
2026-08-03T05:20:46.354280,99189.28,22224.37,10,BULLISH,1.0,16,8,0,0,0,0,0,0
2026-08-03T05:22:35.711900,99189.05,22224.37,10,BULLISH,1.0,16,8,0,0,0,0,0,0
2026-08-03T05:24:23.910319,99189.33,22224.37,10,BULLISH,1.0,16,8,0,0,0,0,0,0
2026-08-03T05:26:26.854075,99189.33,22224.37,10,BULLISH,1.0,16,8,0,0,0,0,0,0
2026-08-03T05:28:29.185511,99189.42,22224.37,10,BULLISH,1.0,16,8,0,0,0,0,0,0
2026-08-03T05:30:38.322664,99189.42,22224.37,10,BULLISH,1.0,16,8,0,0,0,0,0,0
2026-08-03T05:32:30.083030,99189.42,22224.37,10,BULLISH,1.0,16,8,0,0,0,0,0,0
2026-08-03T05:33:30.014105,99189.42,22224.37,10,BULLISH,1.0,16,8,0,0,0,0,0,0
2026-08-03T05:34:33.911316,99189.42,22224.37,10,BULLISH,1.0,16,8,0,0,0,0,0,0
2026-08-03T05:36:24.561768,99194.48,22224.37,10,BULLISH,1.0,16,8,0,0,0,0,0,0
2026-08-03T05:38:31.867313,99192.99,22224.37,10,BULLISH,1.0,16,8,0,0,0,0,0,0
2026-08-03T05:40:36.319501,99204.05,22224.37,10,BULLISH,1.0,16,8,0,0,0,0,0,0
2026-08-03T05:42:36.608128,99203.3,22224.37,10,BULLISH,1.0,16,8,0,0,0,0,0,0
2026-08-03T05:44:40.947697,99203.3,22224.37,10,BULLISH,1.0,16,8,0,0,0,0,0,0
2026-08-03T05:46:29.422537,99203.3,22224.37,10,BULLISH,1.0,16,8,0,0,0,0,0,0
2026-08-03T05:48:32.550181,99201.48,22224.37,10,BULLISH,1.0,16,8,0,0,0,0,0,0
2026-08-03T05:50:34.235919,99201.48,22224.37,10,BULLISH,1.0,16,8,0,0,0,0,0,0
2026-08-03T05:52:26.017345,99200.52,22224.37,10,BULLISH,1.0,16,8,0,0,0,0,0,0
2026-08-03T05:54:28.566374,99201.59,22224.37,10,BULLISH,1.0,16,8,0,0,0,0,0,0
2026-08-03T05:56:32.374567,99201.59,22224.37,10,BULLISH,1.0,16,8,0,0,0,0,0,0
2026-08-03T05:58:29.483048,99201.59,22224.37,10,BULLISH,1.0,16,8,0,0,0,0,0,0
2026-08-03T06:00:32.410216,99201.64,22224.37,10,BULLISH,1.0,16,8,0,0,0,0,0,0
2026-08-03T06:02:35.575929,99196.35,22224.37,10,BULLISH,1.0,16,8,0,0,0,0,0,0
2026-08-03T06:04:31.001769,99196.82,22224.37,10,BULLISH,1.0,16,8,0,0,0,0,0,0
2026-08-03T06:06:27.757520,99196.82,22224.37,10,BULLISH,1.0,16,8,0,0,0,0,0,0
2026-08-03T06:08:25.712860,99196.63,22224.37,10,BULLISH,1.0,16,8,0,0,0,0,0,0
2026-08-03T06:10:34.013489,99196.68,22224.37,10,BULLISH,1.0,16,8,0,0,0,0,0,0
2026-08-03T06:12:25.986577,99196.3,22224.37,10,BULLISH,1.0,16,8,0,0,0,0,0,0
2026-08-03T06:14:32.565040,99196.3,22224.37,10,BULLISH,1.0,16,8,0,0,0,0,0,0
2026-08-03T06:16:35.469470,99196.16,22224.37,10,BULLISH,1.0,16,8,0,0,0,0,0,0
2026-08-03T06:18:31.238818,99196.16,22224.37,10,BULLISH,1.0,16,8,0,0,0,0,0,0
2026-08-03T06:20:30.408326,99194.76,22224.37,10,BULLISH,1.0,16,8,0,0,0,0,0,0
2026-08-03T06:22:31.742875,99194.9,22224.37,10,BULLISH,1.0,16,8,0,0,0,0,0,0
2026-08-03T06:24:33.307304,99191.06,22224.37,10,BULLISH,1.0,16,8,0,0,0,0,0,0
2026-08-03T06:26:30.479767,99191.06,22224.37,10,BULLISH,1.0,16,8,0,0,0,0,0,0
2026-08-03T06:28:27.646074,99190.68,22224.37,10,BULLISH,1.0,16,8,0,0,0,0,0,0
2026-08-03T06:30:37.742058,99190.68,22224.37,10,BULLISH,1.0,16,8,0,0,0,0,0,0
2026-08-03T06:32:39.880454,99191.29,22224.37,10,BULLISH,1.0,16,8,0,0,0,0,0,0
2026-08-03T06:34:37.037559,99191.29,22224.37,10,BULLISH,1.0,16,8,0,0,0,0,0,0
2026-08-03T06:36:29.706709,99191.29,22224.37,10,BULLISH,1.0,16,8,0,0,0,0,0,0
2026-08-03T06:38:38.716871,99191.29,22224.37,10,BULLISH,1.0,16,8,0,0,0,0,0,0
2026-08-03T06:40:40.182468,99192.89,22224.37,10,BULLISH,1.0,16,8,0,0,0,0,0,0
2026-08-03T06:42:31.174057,99192.89,22224.37,10,BULLISH,1.0,16,8,0,0,0,0,0,0
2026-08-03T06:44:29.355199,99192.89,22224.37,10,BULLISH,1.0,16,8,0,0,0,0,0,0
2026-08-03T06:46:26.764478,99192.89,22224.37,10,BULLISH,1.0,16,8,0,0,0,0,0,0
2026-08-03T06:48:30.212435,99192.89,22224.37,10,BULLISH,1.0,16,8,0,0,0,0,0,0
2026-08-03T06:50:33.317675,99192.89,22224.37,10,BULLISH,1.0,16,8,0,0,0,0,0,0
2026-08-03T06:52:28.790144,99192.89,22224.37,10,BULLISH,1.0,16,8,0,0,0,0,0,0
2026-08-03T06:54:24.709765,99193.17,22224.37,10,BULLISH,1.0,16,8,0,0,0,0,0,0
2026-08-03T06:56:38.209412,99193.45,22224.37,10,BULLISH,1.0,16,8,0,0,0,0,0,0
2026-08-03T06:58:37.615510,99193.45,22224.37,10,BULLISH,1.0,16,8,0,0,0,0,0,0
2026-08-03T07:00:40.174824,99192.48,22224.37,10,BULLISH,1.0,16,8,0,0,0,0,0,0
2026-08-03T07:02:32.366949,99192.16,22224.37,10,BULLISH,1.0,16,8,0,0,0,0,0,0
2026-08-03T07:04:25.615191,99192.44,22224.37,10,BULLISH,1.0,16,8,0,0,0,0,0,0
2026-08-03T07:06:36.641531,99192.44,22224.37,10,BULLISH,1.0,16,8,0,0,0,0,0,0
2026-08-03T07:08:39.314550,99192.62,22224.37,10,BULLISH,1.0,16,8,0,0,0,0,0,0
2026-08-03T07:10:34.231593,99192.62,22224.37,10,BULLISH,1.0,16,8,0,0,0,0,0,0
2026-08-03T07:12:36.386354,99193.84,22224.37,10,BULLISH,1.0,16,8,0,0,0,0,0,0
2026-08-03T07:14:35.938169,99195.38,22224.37,10,BULLISH,1.0,16,8,0,0,0,0,0,0
2026-08-03T07:16:29.863517,99195.38,22224.37,10,BULLISH,1.0,16,8,0,0,0,0,0,0
2026-08-03T07:18:31.505241,99194.63,22224.37,10,BULLISH,1.0,16,8,0,0,0,0,0,0
2026-08-03T07:20:31.825188,99194.49,22224.37,10,BULLISH,1.0,16,8,0,0,0,0,0,0
2026-08-03T07:22:36.487996,99194.49,22224.37,10,BULLISH,1.0,16,8,0,0,0,0,0,0
2026-08-03T07:24:32.534340,99194.49,22224.37,10,BULLISH,1.0,16,8,0,0,0,0,0,0
2026-08-03T07:26:26.408752,99194.49,22224.37,10,BULLISH,1.0,16,8,0,0,0,0,0,0
2026-08-03T07:28:25.286361,99195.71,22224.37,10,BULLISH,1.0,16,8,0,0,0,0,0,0
2026-08-03T07:30:48.356243,99195.71,22224.37,10,BULLISH,1.0,16,8,0,0,0,0,0,0
2026-08-03T07:33:03.075486,99195.33,22224.37,10,BULLISH,1.0,18,10,0,0,0,0,0,0
2026-08-03T07:34:45.827066,99194.82,22224.37,10,BULLISH,1.0,16,8,0,0,0,0,0,0
2026-08-03T07:36:30.801240,99194.82,22224.37,10,BULLISH,1.0,16,8,0,0,0,0,0,0
2026-08-03T07:38:46.180173,99194.07,22224.37,10,BULLISH,1.0,16,8,0,0,0,0,0,0
2026-08-03T07:40:35.007192,99194.12,22224.37,10,BULLISH,1.0,16,8,0,0,0,0,0,0
2026-08-03T07:42:30.528070,99194.12,22224.37,10,BULLISH,1.0,16,8,0,0,0,0,0,0
2026-08-03T07:44:31.419961,99194.35,22224.37,10,BULLISH,1.0,16,8,0,0,0,0,0,0
2026-08-03T07:46:25.095380,99194.54,22224.37,10,BULLISH,1.0,16,8,0,0,0,0,0,0
2026-08-03T07:48:26.853728,99195.15,22224.37,10,BULLISH,1.0,16,8,0,0,0,0,0,0
2026-08-03T07:50:47.103756,99207.65,22224.37,10,BULLISH,1.0,16,8,0,0,0,0,0,0
2026-08-03T07:52:42.499440,99207.65,22224.37,10,BULLISH,1.0,16,8,0,0,0,0,0,0
2026-08-03T07:54:50.667671,99216.0,22224.37,10,BULLISH,1.0,16,8,0,0,0,0,0,0
2026-08-03T07:56:33.584311,99215.58,22224.37,10,BULLISH,1.0,16,8,0,0,0,0,0,0
2026-08-03T07:58:32.921180,99215.72,22224.37,10,BULLISH,1.0,16,8,0,0,0,0,0,0
2026-08-03T08:00:35.757306,99170.33,22224.37,10,BULLISH,1.0,16,8,0,0,0,0,0,0
2026-08-03T08:02:38.284122,99194.53,22224.37,10,BULLISH,1.0,16,8,0,0,0,0,0,0
2026-08-03T08:04:31.361165,99176.37,22224.37,10,BULLISH,1.0,16,8,0,0,0,0,0,0
2026-08-03T08:07:03.601060,99190.74,22224.37,10,BULLISH,1.0,16,8,0,0,0,0,0,0
2026-08-03T08:08:33.855399,99203.3,22224.37,10,BULLISH,1.0,16,8,0,0,0,0,0,0
2026-08-03T08:11:03.703108,99219.98,22224.37,10,BULLISH,1.0,16,8,0,0,0,0,0,0
2026-08-03T08:12:31.335693,99219.42,22224.37,10,BULLISH,1.0,16,8,0,0,0,0,0,0
2026-08-03T08:14:52.909127,99225.52,22224.37,10,BULLISH,1.0,16,8,0,0,0,0,0,0
2026-08-03T08:16:35.421115,99224.65,22224.37,10,BULLISH,1.0,16,8,0,0,0,0,0,0
2026-08-03T08:19:07.408484,99226.89,22224.37,10,BULLISH,1.0,16,8,0,0,0,0,0,0
2026-08-03T08:20:36.614195,99226.94,22224.37,10,BULLISH,1.0,16,8,0,0,0,0,0,0
2026-08-03T08:22:56.147698,99227.12,22224.37,10,BULLISH,1.0,16,8,0,0,0,0,0,0
2026-08-03T08:24:32.160114,99270.39,22224.37,10,BULLISH,1.0,16,8,0,0,0,0,0,0
2026-08-03T08:26:31.900421,99278.4,22224.37,10,BULLISH,1.0,16,8,0,0,0,0,0,0
2026-08-03T08:28:57.271239,99278.31,22224.37,10,BULLISH,1.0,16,8,0,0,0,0,0,0
2026-08-03T08:31:05.592125,99278.17,22224.37,10,BULLISH,1.0,16,8,0,0,0,0,0,0
2026-08-03T08:32:54.997054,99278.17,22224.37,10,BULLISH,1.0,16,8,0,0,0,0,0,0
2026-08-03T08:34:28.222832,99277.7,22224.37,10,BULLISH,1.0,16,8,0,0,0,0,0,0
2026-08-03T08:36:52.251979,99286.04,22224.37,10,BULLISH,1.0,16,8,0,0,0,0,0,0
2026-08-03T08:38:32.852022,99285.95,22224.37,10,BULLISH,1.0,16,8,0,0,0,0,0,0
2026-08-03T08:40:30.367000,99285.34,22224.37,10,BULLISH,1.0,16,8,0,0,0,0,0,0
2026-08-03T08:42:31.552568,99286.28,22224.37,10,BULLISH,1.0,16,8,0,0,0,0,0,0
2026-08-03T08:44:34.730735,99285.62,22224.37,10,BULLISH,1.0,16,8,0,0,0,0,0,0
2026-08-03T08:46:37.728486,99285.76,22224.37,10,BULLISH,1.0,16,8,0,0,0,0,0,0
2026-08-03T08:48:58.737652,99308.61,22224.37,10,BULLISH,1.0,16,8,0,0,0,0,0,0
2026-08-03T08:50:55.708710,99308.42,22224.37,10,BULLISH,1.0,16,8,0,0,0,0,0,0
2026-08-03T08:53:03.045864,99307.91,22224.37,10,BULLISH,1.0,16,8,0,0,0,0,0,0
2026-08-03T08:55:12.376845,99307.91,22224.37,10,BULLISH,1.0,16,8,0,0,0,0,0,0
2026-08-03T08:56:56.213625,99307.86,22224.37,10,BULLISH,1.0,16,8,0,0,0,0,0,0
2026-08-03T08:59:03.041922,99308.47,22224.37,10,BULLISH,1.0,16,8,0,0,0,0,0,0
2026-08-03T09:00:36.873442,99301.48,22224.37,10,BULLISH,1.0,16,8,0,0,0,0,0,0
2026-08-03T09:03:22.522949,99301.99,22224.37,10,BULLISH,1.0,16,8,0,0,0,0,0,0
2026-08-03T09:04:30.405190,99301.99,22224.37,10,BULLISH,1.0,16,8,0,0,0,0,0,0
2026-08-03T09:06:29.961390,99310.43,22224.37,10,BULLISH,1.0,16,8,0,0,0,0,0,0
2026-08-03T09:08:58.898260,99317.45,22224.37,10,BULLISH,1.0,16,8,0,0,0,0,0,0
2026-08-03T09:11:06.977679,99317.5,22224.37,10,BULLISH,1.0,16,8,0,0,0,0,0,0
2026-08-03T09:12:39.449770,99317.5,22224.37,10,BULLISH,1.0,16,8,0,0,0,0,0,0
2026-08-03T09:15:29.149305,99327.99,22224.37,10,BULLISH,1.0,16,8,0,0,0,0,0,0
2026-08-03T09:16:34.154891,99327.62,22224.37,10,BULLISH,1.0,16,8,0,0,0,0,0,0
2026-08-03T09:18:52.149557,99329.72,22224.37,10,BULLISH,1.0,16,8,0,0,0,0,0,0
2026-08-03T09:20:43.516693,99330.84,22224.37,10,BULLISH,1.0,16,8,0,0,0,0,0,0
2026-08-03T09:22:35.793398,99330.47,22224.37,10,BULLISH,1.0,16,8,0,0,0,0,0,0
2026-08-03T09:23:08.868207,99329.95,22224.37,10,BULLISH,1.0,16,8,0,0,0,0,0,0
2026-08-03T09:24:35.938275,99327.76,22224.37,10,BULLISH,1.0,16,8,0,0,0,0,0,0
2026-08-03T09:26:33.211263,99329.21,22224.37,10,BULLISH,1.0,16,8,0,0,0,0,0,0
2026-08-03T09:29:01.248899,99334.07,22224.37,10,BULLISH,1.0,16,8,0,0,0,0,0,0
2026-08-03T09:30:39.104242,99332.44,22224.37,10,BULLISH,1.0,16,8,0,0,0,0,0,0
2026-08-03T09:32:24.308983,99331.92,22224.37,10,BULLISH,1.0,16,8,0,0,0,0,0,0
2026-08-03T09:34:25.595053,99332.67,22224.37,10,BULLISH,1.0,16,8,0,0,0,0,0,0
2026-08-03T09:36:25.695293,99332.2,22224.37,10,BULLISH,1.0,16,8,0,0,0,0,0,0
2026-08-03T09:38:33.134487,99310.69,22224.37,10,BULLISH,1.0,16,8,0,0,0,0,0,0
2026-08-03T09:40:39.516402,99316.49,22224.37,10,BULLISH,1.0,16,8,0,0,0,0,0,0
2026-08-03T09:42:28.070783,99316.91,22224.37,10,BULLISH,1.0,16,8,0,0,0,0,0,0
2026-08-03T09:44:38.670712,99316.21,22224.37,10,BULLISH,1.0,16,8,0,0,0,0,0,0
2026-08-03T09:46:28.966930,99310.97,22224.37,10,BULLISH,1.0,16,8,0,0,0,0,0,0
2026-08-03T09:48:32.289625,99311.3,22224.37,10,BULLISH,1.0,16,8,0,0,0,0,0,0
2026-08-03T09:50:30.142846,99309.25,22224.37,10,BULLISH,1.0,16,8,0,0,0,0,0,0
2026-08-03T09:52:36.891181,99309.87,22224.37,10,BULLISH,1.0,16,8,0,0,0,0,0,0
2026-08-03T09:54:26.703658,99307.57,22224.37,10,BULLISH,1.0,16,8,0,0,0,0,0,0
2026-08-03T09:56:23.587433,99307.29,22224.37,10,BULLISH,1.0,16,8,0,0,0,0,0,0
2026-08-03T09:58:32.127806,99308.04,22224.37,10,BULLISH,1.0,16,8,0,0,0,0,0,0
2026-08-03T10:00:41.678616,99304.43,22224.37,10,BULLISH,1.0,16,8,0,0,0,0,0,0
2026-08-03T10:02:37.985735,99305.08,22224.37,10,BULLISH,1.0,16,8,0,0,0,0,0,0
2026-08-03T10:04:24.481091,99304.95,22224.37,10,BULLISH,1.0,16,8,0,0,0,0,0,0
2026-08-03T10:06:31.867305,99303.72,22224.37,10,BULLISH,1.0,16,8,0,0,0,0,0,0
2026-08-03T10:08:33.983089,99305.37,22224.37,10,BULLISH,1.0,16,8,0,0,0,0,0,0
2026-08-03T10:10:32.115042,99305.13,22224.37,10,BULLISH,1.0,16,8,0,0,0,0,0,0
2026-08-03T10:12:32.394900,99315.07,22224.37,10,BULLISH,1.0,16,8,0,0,0,0,0,0
2026-08-03T10:14:34.855701,99314.6,22224.37,10,BULLISH,1.0,16,8,0,0,0,0,0,0
2026-08-03T10:16:25.283445,99315.91,22224.37,10,BULLISH,1.0,16,8,0,0,0,0,0,0
2026-08-03T10:18:28.893022,99318.71,22224.37,10,BULLISH,1.0,16,8,0,0,0,0,0,0
2026-08-03T10:20:28.055140,99319.55,22224.37,10,BULLISH,1.0,16,8,0,0,0,0,0,0
2026-08-03T10:22:23.669270,99318.67,22224.37,10,BULLISH,1.0,16,8,0,0,0,0,0,0
2026-08-03T10:24:24.255446,99322.76,22224.37,10,BULLISH,1.0,16,8,0,0,0,0,0,0
2026-08-03T10:26:32.102639,99322.24,22224.37,10,BULLISH,1.0,16,8,0,0,0,0,0,0
2026-08-03T10:28:27.413292,99335.79,22224.37,10,BULLISH,1.0,16,8,0,0,0,0,0,0
2026-08-03T10:30:42.672940,99337.57,22224.37,10,BULLISH,1.0,16,8,0,0,0,0,0,0
2026-08-03T10:32:33.806658,99337.61,22224.37,10,BULLISH,1.0,16,8,0,0,0,0,0,0
2026-08-03T10:34:23.894656,99337.38,22224.37,10,BULLISH,1.0,16,8,0,0,0,0,0,0
2026-08-03T10:36:23.674771,99335.77,22224.37,10,BULLISH,1.0,16,8,0,0,0,0,0,0
2026-08-03T10:38:29.269856,99366.68,22224.37,10,BULLISH,1.0,16,8,0,0,0,0,0,0
2026-08-03T10:40:29.751868,99366.68,22224.37,10,BULLISH,1.0,16,8,0,0,0,0,0,0
2026-08-03T10:42:24.168924,99366.72,22224.37,10,BULLISH,1.0,16,8,0,0,0,0,0,0
2026-08-03T10:44:36.375397,99377.86,22224.37,10,BULLISH,1.0,16,8,0,0,0,0,0,0
2026-08-03T10:46:39.938929,99378.05,22224.37,10,BULLISH,1.0,16,8,0,0,0,0,0,0
2026-08-03T10:48:31.673189,99377.53,22224.37,10,BULLISH,1.0,16,8,0,0,0,0,0,0
2026-08-03T10:50:33.596241,99377.07,22224.37,10,BULLISH,1.0,16,8,0,0,0,0,0,0
2026-08-03T10:52:31.311483,99377.07,22224.37,10,BULLISH,1.0,16,8,0,0,0,0,0,0
2026-08-03T10:54:26.899411,99382.22,22224.37,10,BULLISH,1.0,16,8,0,0,0,0,0,0
2026-08-03T10:56:45.331315,99382.58,22224.37,10,BULLISH,1.0,16,8,0,0,0,0,0,0
2026-08-03T10:58:26.632345,99382.69,22224.37,10,BULLISH,1.0,16,8,0,0,0,0,0,0
2026-08-03T11:00:33.904764,99651.69,22224.37,10,BULLISH,1.0,16,8,0,0,0,0,0,0
2026-08-03T11:02:32.378126,99689.91,22224.37,10,BULLISH,1.0,16,8,0,0,0,0,0,0
2026-08-03T11:04:31.720105,99751.93,22224.37,10,BULLISH,1.0,16,8,0,0,0,0,0,0
2026-08-03T11:06:29.519408,99753.79,22224.37,10,BULLISH,1.0,16,8,0,0,0,0,0,0
2026-08-03T11:08:39.694704,99755.43,22224.37,10,BULLISH,1.0,16,8,0,0,0,0,0,0
2026-08-03T11:10:27.607367,99787.41,22224.37,10,BULLISH,1.0,16,8,0,0,0,0,0,0
2026-08-03T11:12:32.731298,99786.9,22224.37,10,BULLISH,1.0,16,8,0,0,0,0,0,0
2026-08-03T11:14:27.890242,99765.15,22224.37,10,BULLISH,1.0,16,8,0,0,0,0,0,0
2026-08-03T11:16:30.575317,99932.01,22224.37,10,BULLISH,1.0,16,8,0,0,0,0,0,0
2026-08-03T11:18:39.124681,99928.97,22224.37,10,BULLISH,1.0,16,8,0,0,0,0,0,0
2026-08-03T11:20:32.238096,99927.05,22224.37,10,BULLISH,1.0,16,8,0,0,0,0,0,0
2026-08-03T11:22:32.188045,99930.99,22224.37,10,BULLISH,1.0,16,8,0,0,0,0,0,0
2026-08-03T11:24:31.445299,99930.45,22224.37,10,BULLISH,1.0,16,8,0,0,0,0,0,0
2026-08-03T11:26:35.939795,99935.36,22224.37,10,BULLISH,1.0,16,8,0,0,0,0,0,0
2026-08-03T11:28:25.372329,99955.45,22224.37,10,BULLISH,1.0,16,8,0,0,0,0,0,0
2026-08-03T11:30:32.468604,99953.64,22224.37,10,BULLISH,1.0,16,8,0,0,0,0,0,0
2026-08-03T11:32:27.930678,99971.51,22224.37,10,BULLISH,1.0,16,8,0,0,0,0,0,0
2026-08-03T11:34:40.472701,99979.24,22224.37,10,BULLISH,1.0,16,8,0,0,0,0,0,0
2026-08-03T11:36:39.859230,99910.14,22224.37,10,BULLISH,1.0,16,8,0,0,0,0,0,0
2026-08-03T11:38:29.589592,99911.07,22224.37,10,BULLISH,1.0,16,8,0,0,0,0,0,0
2026-08-03T11:40:41.613938,99926.41,22224.37,10,BULLISH,1.0,16,8,0,0,0,0,0,0
2026-08-03T11:42:25.191074,99920.03,22224.37,10,BULLISH,1.0,16,8,0,0,0,0,0,0
2026-08-03T11:44:38.294543,99925.35,22224.37,10,BULLISH,1.0,16,8,0,0,0,0,0,0
2026-08-03T11:46:32.728876,99962.89,22224.37,10,BULLISH,1.0,16,8,0,0,0,0,0,0
2026-08-03T11:48:30.077343,99972.3,22224.37,10,BULLISH,1.0,16,8,0,0,0,0,0,0
2026-08-03T11:50:29.011897,99967.72,22224.37,10,BULLISH,1.0,16,8,0,0,0,0,0,0
2026-08-03T11:52:34.325128,99964.01,22224.37,10,BULLISH,1.0,16,8,0,0,0,0,0,0
2026-08-03T11:54:26.543893,99959.53,22224.37,10,BULLISH,1.0,16,8,0,0,0,0,0,0
2026-08-03T11:56:25.156151,99951.07,22224.37,10,BULLISH,1.0,16,8,0,0,0,0,0,0
2026-08-03T11:58:33.794541,99949.18,22224.37,10,BULLISH,1.0,16,8,0,0,0,0,0,0
2026-08-03T12:00:46.396664,99938.3,22224.37,10,BULLISH,1.0,16,8,0,0,0,0,0,0
2026-08-03T12:02:28.043955,99950.52,22224.37,10,BULLISH,1.0,16,8,0,0,0,0,0,0
2026-08-03T12:04:32.338469,99968.38,22224.37,10,BULLISH,1.0,16,8,0,0,0,0,0,0
2026-08-03T12:06:25.631409,99956.78,22224.37,10,BULLISH,1.0,16,8,0,0,0,0,0,0
2026-08-03T12:08:26.860436,99951.24,22224.37,10,BULLISH,1.0,16,8,0,0,0,0,0,0
2026-08-03T12:10:29.302638,99971.31,22224.37,10,BULLISH,1.0,16,8,0,0,0,0,0,0
2026-08-03T12:12:23.430997,99999.49,22224.37,10,BULLISH,1.0,16,8,0,0,0,0,0,0
2026-08-03T12:14:32.655273,100024.25,22224.37,10,BULLISH,1.0,16,8,0,0,0,0,0,0
2026-08-03T12:16:24.780260,99920.33,22224.37,10,BULLISH,1.0,16,8,0,0,0,0,0,0
2026-08-03T12:18:34.872166,99912.55,22224.37,10,BULLISH,1.0,16,8,0,0,0,0,0,0
2026-08-03T12:20:44.616393,99907.53,22224.37,10,BULLISH,1.0,16,8,0,0,0,0,0,0
2026-08-03T12:22:30.316663,99907.39,22224.37,10,BULLISH,1.0,16,8,0,0,0,0,0,0
2026-08-03T12:24:26.083073,99907.99,22224.37,10,BULLISH,1.0,16,8,0,0,0,0,0,0
2026-08-03T12:26:25.837569,99896.8,22224.37,10,BULLISH,1.0,16,8,0,0,0,0,0,0
2026-08-03T12:28:26.229883,99896.57,22224.37,10,BULLISH,1.0,16,8,0,0,0,0,0,0
2026-08-03T12:30:40.875652,99896.21,22224.37,10,BULLISH,1.0,16,8,0,0,0,0,0,0
2026-08-03T12:32:26.879256,99899.46,22224.37,10,BULLISH,1.0,16,8,0,0,0,0,0,0
2026-08-03T12:34:23.721072,99906.16,22224.37,10,BULLISH,1.0,16,8,0,0,0,0,0,0
2026-08-03T12:36:32.448736,99905.29,22224.37,10,BULLISH,1.0,16,8,0,0,0,0,0,0
2026-08-03T12:38:29.303814,99897.44,22224.37,10,BULLISH,1.0,16,8,0,0,0,0,0,0
2026-08-03T12:40:27.717077,99917.26,22224.37,10,BULLISH,1.0,16,8,0,0,0,0,0,0
2026-08-03T12:42:32.697478,99937.89,22224.37,10,BULLISH,1.0,16,8,0,0,0,0,0,0
2026-08-03T12:44:30.725182,99925.33,22224.37,10,BULLISH,1.0,16,8,0,0,0,0,0,0
2026-08-03T12:46:31.072711,99925.89,22224.37,10,BULLISH,1.0,16,8,0,0,0,0,0,0
2026-08-03T12:48:33.038834,99924.85,22224.37,10,BULLISH,1.0,16,8,0,0,0,0,0,0
2026-08-03T12:50:21.658115,99924.02,22224.37,10,BULLISH,1.0,16,8,0,0,0,0,0,0
2026-08-03T12:50:55.186053,99930.17,22224.37,10,BULLISH,1.0,16,8,0,0,0,0,0,0
2026-08-03T12:52:29.052184,99963.07,22224.37,10,BULLISH,1.0,16,8,0,0,0,0,0,0
2026-08-03T12:54:35.784742,99960.48,22224.37,10,BULLISH,1.0,16,8,0,0,0,0,0,0
2026-08-03T12:56:38.491787,99977.68,22224.37,10,BULLISH,1.0,16,8,0,0,0,0,0,0
2026-08-03T12:58:24.140660,99971.15,22224.37,10,BULLISH,1.0,16,8,0,0,0,0,0,0
2026-08-03T13:00:38.043549,100012.7,22224.37,10,BULLISH,1.0,16,8,0,0,0,0,0,0
2026-08-03T13:02:26.575964,100010.69,22224.37,10,BULLISH,1.0,16,8,0,0,0,0,0,0
2026-08-03T13:04:39.566414,99999.93,22224.37,10,BULLISH,1.0,16,8,0,0,0,0,0,0
2026-08-03T13:06:30.985765,99998.26,22224.37,10,BULLISH,1.0,16,8,0,0,0,0,0,0
2026-08-03T13:08:28.062667,100004.2,22224.37,10,BULLISH,1.0,16,8,0,0,0,0,0,0
2026-08-03T13:10:31.862749,100003.98,22224.37,10,BULLISH,1.0,16,8,0,0,0,0,0,0
2026-08-03T13:12:31.390324,100041.68,22224.37,10,BULLISH,1.0,16,8,0,0,0,0,0,0
2026-08-03T13:14:29.880628,100060.51,22224.37,10,BULLISH,1.0,16,8,0,0,0,0,0,0
2026-08-03T13:16:24.477557,100061.81,22224.37,10,BULLISH,1.0,16,8,0,0,0,0,0,0
2026-08-03T13:18:29.713663,100053.85,22224.37,10,BULLISH,1.0,16,8,0,0,0,0,0,0
2026-08-03T13:20:28.839186,100052.55,22224.37,10,BULLISH,1.0,16,8,0,0,0,0,0,0
2026-08-03T13:22:27.230320,100053.3,22224.37,10,BULLISH,1.0,16,8,0,0,0,0,0,0
2026-08-03T13:24:37.739055,100017.71,22224.37,10,BULLISH,1.0,16,8,0,0,0,0,0,0
2026-08-03T13:26:26.766430,100114.73,22224.37,10,BULLISH,1.0,16,8,0,0,0,0,0,0
2026-08-03T13:28:25.224934,100112.21,22224.37,10,BULLISH,1.0,16,8,0,0,0,0,0,0
2026-08-03T13:30:48.556838,100105.01,20849.42,9,BULLISH,1.0,16,8,1,0,1,0,0,0
2026-08-03T13:32:30.861723,100185.53,11704.49,11,BULLISH,1.0,15,5,0,0,0,0,0,0
2026-08-03T13:34:31.308738,100389.38,3432.76,11,BULLISH,1.0,15,5,0,0,0,0,0,0
2026-08-03T13:36:27.210863,100166.18,-1395.5,11,BULLISH,1.0,15,5,0,0,0,0,0,0
2026-08-03T13:38:36.456781,100124.37,-1395.5,11,BULLISH,1.0,15,4,0,0,0,0,0,0
2026-08-03T13:40:44.370412,100150.33,-1395.5,11,BULLISH,1.0,15,4,0,0,0,0,0,0
2026-08-03T13:42:37.608985,100219.66,-1395.5,11,BULLISH,1.0,15,4,0,0,0,0,0,0
2026-08-03T13:44:31.998009,100101.42,-1395.5,11,BULLISH,1.0,15,4,0,0,0,0,0,0
2026-08-03T13:46:26.188119,100159.16,-1395.5,11,BULLISH,1.0,15,4,0,0,0,0,0,0
2026-08-03T13:48:37.050997,100180.37,-1395.5,11,BULLISH,1.0,15,4,2,2,0,0,0,0
2026-08-03T13:50:30.986986,100216.46,6225.3,11,BULLISH,1.0,15,4,0,0,0,0,0,0
2026-08-03T13:52:33.222994,100315.87,6225.3,11,BULLISH,1.0,15,4,0,0,0,0,0,0
2026-08-03T13:54:30.995314,100344.82,6225.3,11,BULLISH,1.0,15,4,0,0,0,0,0,0
2026-08-03T13:56:27.744066,100179.94,6225.3,11,BULLISH,1.0,15,4,0,0,0,0,0,0
2026-08-03T13:58:26.424531,100133.2,6225.3,11,BULLISH,1.0,15,4,0,0,0,0,0,0
2026-08-03T14:00:51.117981,100188.16,6225.3,11,BULLISH,1.0,15,4,0,0,0,0,0,0
2026-08-03T14:02:27.853398,100335.76,6225.3,11,BULLISH,1.0,15,4,0,0,0,0,0,0
2026-08-03T14:04:44.615566,100393.26,6225.3,11,BULLISH,1.0,15,4,0,0,0,0,0,0
2026-08-03T14:06:45.341177,100227.38,6225.3,11,BULLISH,1.0,15,4,3,2,1,0,0,0
2026-08-03T14:08:31.339700,100296.65,9184.56,10,BULLISH,1.0,16,5,0,0,0,0,0,0
2026-08-03T14:10:39.610455,100246.84,9184.56,10,BULLISH,1.0,16,5,0,0,0,0,0,0
2026-08-03T14:12:33.118412,100165.06,9184.56,10,BULLISH,1.0,16,5,0,0,0,0,0,0
2026-08-03T14:14:31.570769,100239.79,9184.56,10,BULLISH,1.0,16,4,0,0,0,0,0,0
2026-08-03T14:16:41.624246,100267.73,9184.56,10,BULLISH,1.0,16,5,0,0,0,0,0,0
2026-08-03T14:18:29.718832,100291.8,9184.56,10,BULLISH,1.0,16,5,0,0,0,0,0,0
2026-08-03T14:20:36.682633,100272.78,9184.56,10,BULLISH,1.0,16,5,0,0,0,0,0,0
2026-08-03T14:22:32.753748,100190.01,9184.56,10,BULLISH,1.0,16,5,0,0,0,0,0,0
2026-08-03T14:24:37.160165,100202.71,9184.73,9,BULLISH,1.0,16,5,2,2,0,0,0,0
2026-08-03T14:26:35.995387,100157.17,6177.43,9,BULLISH,1.0,16,5,0,0,0,0,0,0
2026-08-03T14:28:32.060831,100188.07,6177.43,9,BULLISH,1.0,16,5,0,0,0,0,0,0
2026-08-03T14:30:38.639270,100176.71,6177.43,9,BULLISH,1.0,16,4,0,0,0,0,0,0
2026-08-03T14:32:38.192820,100081.39,6177.43,9,BULLISH,1.0,16,4,0,0,0,0,0,0
2026-08-03T14:34:31.043855,100018.97,6177.43,9,BULLISH,1.0,16,4,0,0,0,0,0,0
2026-08-03T14:36:41.128866,99997.0,6177.43,9,BULLISH,1.0,16,4,0,0,0,0,0,0
2026-08-03T14:38:26.267444,99953.61,6177.43,9,BULLISH,1.0,16,4,0,0,0,0,0,0
2026-08-03T14:40:34.346199,99930.87,6177.43,9,BULLISH,1.0,16,4,0,0,0,0,0,0
2026-08-03T14:42:43.615853,99956.17,6177.43,9,BULLISH,1.0,16,4,2,1,1,0,0,0
2026-08-03T14:44:32.827324,99914.99,11170.81,9,BULLISH,1.0,16,4,0,0,0,0,0,0
2026-08-03T14:46:34.186339,99867.5,11170.81,9,BULLISH,1.0,16,4,0,0,0,0,0,0
2026-08-03T14:48:37.862804,99847.39,11170.81,9,BULLISH,1.0,16,4,0,0,0,0,0,0
2026-08-03T14:50:39.534222,99798.5,11170.81,9,BULLISH,1.0,16,4,0,0,0,0,0,0
2026-08-03T14:52:31.976176,99710.87,11170.81,9,BULLISH,1.0,16,5,0,0,0,0,0,0
2026-08-03T14:54:31.926074,99654.2,11170.81,9,BULLISH,1.0,16,5,0,0,0,0,0,0
2026-08-03T14:56:35.567148,99717.67,11170.81,9,BULLISH,1.0,16,5,0,0,0,0,0,0
2026-08-03T14:58:32.905777,99649.24,11170.81,9,BULLISH,1.0,16,5,0,0,0,0,0,0
2026-08-03T15:00:59.085019,99727.11,11170.81,9,BULLISH,1.0,16,5,1,0,1,0,0,0
2026-08-03T15:02:39.654455,99706.55,11170.81,9,BULLISH,1.0,16,5,0,0,0,0,0,0
2026-08-03T15:07:16.258563,99663.57,11170.81,9,BULLISH,1.0,16,5,0,0,0,0,0,0
2026-08-03T15:08:32.313452,99674.2,11170.81,9,BULLISH,1.0,16,5,0,0,0,0,0,0
2026-08-03T15:10:35.898213,99698.15,11170.81,9,BULLISH,1.0,16,5,0,0,0,0,0,0
2026-08-03T15:12:32.283864,99714.19,11170.81,9,BULLISH,1.0,16,5,0,0,0,0,0,0
2026-08-03T15:14:27.411856,99665.84,11170.81,9,BULLISH,1.0,16,6,0,0,0,0,0,0
2026-08-03T15:16:40.056313,99712.46,11170.81,9,BULLISH,1.0,16,6,0,0,0,0,0,0
2026-08-03T15:18:35.837536,99740.19,11170.91,8,BULLISH,1.0,16,6,1,1,0,0,0,0
2026-08-03T15:20:37.611797,99738.25,11170.91,8,BULLISH,1.0,17,7,0,0,0,0,0,0
2026-08-03T15:22:36.494686,99738.93,11170.91,8,BULLISH,1.0,17,7,0,0,0,0,0,0
2026-08-03T15:24:41.157158,99711.16,11170.91,8,BULLISH,1.0,17,7,0,0,0,0,0,0
2026-08-03T15:26:33.166614,99711.95,11170.91,8,BULLISH,1.0,17,7,0,0,0,0,0,0
2026-08-03T15:28:47.391697,99738.02,11170.91,8,BULLISH,1.0,17,7,0,0,0,0,0,0
2026-08-03T15:30:42.908347,99721.59,11170.91,8,BULLISH,1.0,17,7,0,0,0,0,0,0
2026-08-03T15:32:40.516583,99675.61,11170.91,8,BULLISH,1.0,17,7,0,0,0,0,0,0
2026-08-03T15:34:34.302786,99646.96,11170.91,8,BULLISH,1.0,17,7,0,0,0,0,0,0
2026-08-03T15:36:46.193396,99599.53,11170.91,8,BULLISH,1.0,17,7,0,0,0,0,0,0
2026-08-03T15:38:36.796884,99688.39,11170.91,8,BULLISH,1.0,17,7,0,0,0,0,0,0
2026-08-03T15:39:05.689723,99693.53,11170.91,8,BULLISH,1.0,17,7,0,0,0,0,0,0
2026-08-03T15:40:32.347978,99663.51,11170.91,8,BULLISH,1.0,17,7,0,0,0,0,0,0
2026-08-03T15:42:29.653741,99639.24,11170.91,8,BULLISH,1.0,17,7,0,0,0,0,0,0
2026-08-03T15:44:34.772214,99599.97,11170.91,8,BULLISH,1.0,17,7,0,0,0,0,0,0
2026-08-03T15:47:12.130082,99622.32,11170.91,8,BULLISH,1.0,17,7,0,0,0,0,0,0
2026-08-03T15:48:46.007512,99624.12,11170.91,8,BULLISH,1.0,17,7,0,0,0,0,0,0
2026-08-03T15:50:39.595006,99616.58,11170.91,8,BULLISH,1.0,17,7,0,0,0,0,0,0
2026-08-03T15:52:41.340426,99582.2,11170.91,8,BULLISH,1.0,17,7,0,0,0,0,0,0
2026-08-03T15:54:43.632067,99516.65,11170.91,8,BULLISH,1.0,17,7,2,1,1,0,0,0
2026-08-03T15:56:39.381237,99511.51,8674.4,8,BULLISH,1.0,17,7,0,0,0,0,0,0
2026-08-03T15:58:27.404508,99512.8,8674.4,8,BULLISH,1.0,17,7,0,0,0,0,0,0
2026-08-03T16:00:42.977967,99465.42,8674.4,8,BULLISH,1.0,17,8,0,0,0,0,0,0
2026-08-03T16:02:31.576840,99424.84,8674.4,8,BULLISH,1.0,17,8,0,0,0,0,0,0
2026-08-03T16:04:38.808389,99382.15,8674.4,8,BULLISH,1.0,17,8,0,0,0,0,0,0
2026-08-03T16:06:39.367832,99360.32,8674.4,8,BULLISH,1.0,17,8,0,0,0,0,0,0
2026-08-03T16:08:36.833253,99358.28,8674.4,8,BULLISH,1.0,17,8,0,0,0,0,0,0
2026-08-03T16:10:41.384143,99367.36,8674.4,8,BULLISH,1.0,17,8,0,0,0,0,0,0
2026-08-03T16:12:46.182715,99379.83,8674.4,8,BULLISH,1.0,17,8,2,2,0,0,0,0
2026-08-03T16:14:27.187870,99381.9,16582.88,9,BULLISH,1.0,16,7,0,0,0,0,0,0
2026-08-03T16:16:35.738324,99339.31,16582.88,9,BULLISH,1.0,16,7,0,0,0,0,0,0
2026-08-03T16:18:32.503536,99294.65,16582.88,9,BULLISH,1.0,16,7,0,0,0,0,0,0
2026-08-03T16:20:43.414954,99312.74,16582.88,9,BULLISH,1.0,16,7,0,0,0,0,0,0
2026-08-03T16:22:32.641311,99325.47,16582.88,9,BULLISH,1.0,16,7,0,0,0,0,0,0
2026-08-03T16:24:25.187049,99333.98,16582.88,9,BULLISH,1.0,16,7,0,0,0,0,0,0
2026-08-03T16:26:30.571087,99339.63,16582.88,9,BULLISH,1.0,16,7,0,0,0,0,0,0
2026-08-03T16:28:40.717302,99366.8,16582.88,9,BULLISH,1.0,16,7,0,0,0,0,0,0
2026-08-03T16:30:48.194552,99375.57,16582.88,9,BULLISH,1.0,16,7,2,2,0,0,0,0
2026-08-03T16:32:39.047878,99366.85,7081.23,11,BULLISH,1.0,14,5,0,0,0,0,0,0
2026-08-03T16:34:30.580809,99354.07,7081.23,11,BULLISH,1.0,14,5,0,0,0,0,0,0
2026-08-03T16:36:31.253468,99338.68,7081.23,11,BULLISH,1.0,14,5,0,0,0,0,0,0
2026-08-03T16:38:37.679967,99366.9,7081.23,11,BULLISH,1.0,14,5,0,0,0,0,0,0
2026-08-03T16:40:38.721217,99357.08,7081.23,11,BULLISH,1.0,14,5,0,0,0,0,0,0
2026-08-03T16:42:43.463969,99354.03,7081.23,11,BULLISH,1.0,14,5,0,0,0,0,0,0
2026-08-03T16:44:28.932417,99342.65,7081.23,11,BULLISH,1.0,14,5,0,0,0,0,0,0
2026-08-03T16:46:37.165750,99345.98,7081.23,11,BULLISH,1.0,14,5,0,0,0,0,0,0
2026-08-03T16:48:50.342887,99349.51,7043.14,10,BULLISH,1.0,14,5,2,2,0,0,0,0
2026-08-03T16:50:45.754714,99340.39,7043.14,10,BULLISH,1.0,15,6,0,0,0,0,0,0
2026-08-03T16:52:41.307809,99313.94,7043.14,10,BULLISH,1.0,15,6,0,0,0,0,0,0
2026-08-03T16:54:31.563375,99295.89,7043.14,10,BULLISH,1.0,15,6,0,0,0,0,0,0
2026-08-03T16:56:34.689906,99295.23,7043.14,10,BULLISH,1.0,15,6,0,0,0,0,0,0
2026-08-03T16:58:31.064330,99276.22,7043.14,10,BULLISH,1.0,15,6,0,0,0,0,0,0
2026-08-03T17:00:47.461325,99252.31,7043.14,10,BULLISH,1.0,15,6,0,0,0,0,0,0
2026-08-03T17:02:41.971978,99250.96,7043.14,10,BULLISH,1.0,15,6,0,0,0,0,0,0
2026-08-03T17:04:40.962543,99260.27,7043.14,10,BULLISH,1.0,15,6,0,0,0,0,0,0
2026-08-03T17:06:44.492983,99253.05,7043.14,10,BULLISH,1.0,15,6,2,2,0,0,0,0
2026-08-03T17:08:35.126935,99252.65,15252.62,9,BULLISH,1.0,16,7,0,0,0,0,0,0
2026-08-03T17:10:50.025660,99265.16,15252.62,9,BULLISH,1.0,16,7,0,0,0,0,0,0
2026-08-03T17:12:30.864764,99321.59,15252.62,9,BULLISH,1.0,16,7,0,0,0,0,0,0
2026-08-03T17:14:32.525518,99345.02,15252.62,9,BULLISH,1.0,16,7,0,0,0,0,0,0
2026-08-03T17:16:36.166993,99350.41,15252.62,9,BULLISH,1.0,16,7,0,0,0,0,0,0
2026-08-03T17:18:32.506830,99373.43,15252.62,9,BULLISH,1.0,16,7,0,0,0,0,0,0
2026-08-03T17:20:38.124476,99383.92,15252.62,9,BULLISH,1.0,17,7,0,0,0,0,0,0
2026-08-03T17:22:35.601412,99385.22,15252.62,9,BULLISH,1.0,16,7,0,0,0,0,0,0
2026-08-03T17:24:47.987812,99343.6,15252.62,9,BULLISH,1.0,16,7,2,2,0,0,0,0
2026-08-03T17:26:41.212318,99325.29,21698.13,8,BULLISH,1.0,16,7,0,0,0,0,0,0
2026-08-03T17:28:35.157077,99364.25,21698.13,8,BULLISH,1.0,16,7,0,0,0,0,0,0
2026-08-03T17:30:37.046576,99364.03,21698.13,8,BULLISH,1.0,16,8,0,0,0,0,0,0
2026-08-03T17:32:33.988254,99380.43,21698.13,8,BULLISH,1.0,16,8,0,0,0,0,0,0
2026-08-03T17:34:43.005241,99405.08,21698.13,8,BULLISH,1.0,16,8,0,0,0,0,0,0
2026-08-03T17:36:34.235649,99436.29,21698.13,8,BULLISH,1.0,16,7,0,0,0,0,0,0
2026-08-03T17:45:16.818213,99448.87,21698.27,7,BULLISH,1.0,16,7,2,2,0,0,0,0
2026-08-03T17:46:38.701197,99474.94,21665.77,8,BULLISH,1.0,16,7,0,0,0,0,0,0
2026-08-03T17:48:37.654670,99435.96,21665.77,8,BULLISH,1.0,16,7,0,0,0,0,0,0
2026-08-03T17:50:42.253016,99431.6,21665.77,8,BULLISH,1.0,16,8,1,0,1,0,0,0
2026-08-03T17:52:32.842410,99450.96,21665.77,8,BULLISH,1.0,16,8,1,0,1,0,0,0
2026-08-03T17:54:31.389247,99428.56,21665.77,8,BULLISH,1.0,16,8,1,0,1,0,0,0
2026-08-03T17:56:40.183547,99413.64,21665.77,8,BULLISH,1.0,16,8,1,0,1,0,0,0
2026-08-03T17:58:32.729678,99388.2,21665.77,8,BULLISH,1.0,16,8,1,0,1,0,0,0
2026-08-03T18:00:47.557452,99378.08,21665.77,8,BULLISH,1.0,16,8,1,0,1,0,0,0
2026-08-03T18:02:49.487420,99364.23,21665.77,8,BULLISH,1.0,16,8,2,2,0,0,0,0
2026-08-03T18:04:44.486153,99385.95,25634.24,9,BULLISH,1.0,15,7,1,0,1,0,0,0
2026-08-03T18:06:48.264997,99414.63,25634.24,9,BULLISH,1.0,15,8,1,0,1,0,0,0
2026-08-03T18:08:32.563679,99418.26,25634.24,9,BULLISH,1.0,15,8,1,0,1,0,0,0
2026-08-03T18:10:41.485409,99424.09,25634.24,9,BULLISH,1.0,15,8,1,0,1,0,0,0
2026-08-03T18:12:33.898438,99425.75,25634.24,9,BULLISH,1.0,15,8,1,0,1,0,0,0
2026-08-03T18:14:30.031440,99435.94,25634.24,9,BULLISH,1.0,15,8,1,0,1,0,0,0
2026-08-03T18:16:32.206833,99419.05,25634.24,9,BULLISH,1.0,15,8,1,0,1,0,0,0
2026-08-03T18:18:31.658344,99423.32,25634.24,9,BULLISH,1.0,15,8,2,0,2,0,0,0
2026-08-03T18:20:56.836121,99460.3,20635.89,9,BULLISH,1.0,15,8,2,2,0,0,0,0
2026-08-03T18:22:42.975319,99518.79,20635.89,9,BULLISH,1.0,15,8,1,0,1,0,0,0
2026-08-03T18:24:45.219106,99535.26,20635.89,9,BULLISH,1.0,15,8,1,0,1,0,0,0
2026-08-03T18:26:45.197419,99521.54,20635.89,9,BULLISH,1.0,15,8,1,0,1,0,0,0
2026-08-03T18:28:35.385618,99507.55,20635.89,9,BULLISH,1.0,15,8,1,0,1,0,0,0
2026-08-03T18:30:39.824753,99536.89,20635.89,9,BULLISH,1.0,15,8,2,0,2,0,0,0
2026-08-03T18:32:46.469150,99535.36,20635.89,9,BULLISH,1.0,15,8,1,0,1,0,0,0
2026-08-03T18:34:44.368301,99504.98,20635.89,9,BULLISH,1.0,15,9,1,0,1,0,0,0
2026-08-03T18:36:46.457878,99524.77,20635.89,9,BULLISH,1.0,15,9,2,0,2,0,0,0
2026-08-03T18:38:50.295479,99548.38,20640.35,8,BULLISH,1.0,15,9,3,3,0,0,0,0
2026-08-03T18:40:48.385667,99532.62,20624.77,8,BULLISH,1.0,16,10,1,0,1,0,0,0
2026-08-03T18:42:39.583141,99542.7,20624.77,8,BULLISH,1.0,16,9,1,0,1,0,0,0
2026-08-03T18:44:35.113330,99512.02,20624.77,8,BULLISH,1.0,16,9,1,0,1,0,0,0
2026-08-03T18:46:39.489635,99513.84,20624.77,8,BULLISH,1.0,16,9,1,0,1,0,0,0
2026-08-03T18:48:36.190304,99500.42,20624.77,8,BULLISH,1.0,16,9,1,0,1,0,0,0
2026-08-03T18:50:39.102185,99522.53,20624.77,8,BULLISH,1.0,16,10,1,0,1,0,0,0
2026-08-03T18:52:31.843211,99512.62,20624.77,8,BULLISH,1.0,16,10,1,0,1,0,0,0
2026-08-03T18:54:37.388103,99541.14,20624.77,8,BULLISH,1.0,16,10,1,0,1,0,0,0
2026-08-03T18:56:38.667402,99530.6,20624.77,8,BULLISH,1.0,16,10,1,1,0,0,0,0
2026-08-03T18:58:43.900644,99512.42,14624.3,9,BULLISH,1.0,15,9,1,0,1,0,0,0
2026-08-03T19:00:49.554031,99484.43,14624.3,9,BULLISH,1.0,15,9,1,0,1,0,0,0
2026-08-03T19:02:39.611895,99498.16,14624.3,9,BULLISH,1.0,15,9,2,0,2,0,0,0
2026-08-03T19:04:42.610681,99536.05,14624.3,9,BULLISH,1.0,15,9,2,0,2,0,0,0
2026-08-03T19:06:37.626527,99516.02,14624.3,9,BULLISH,1.0,15,9,2,0,2,0,0,0
2026-08-03T19:08:39.194467,99527.32,14624.3,9,BULLISH,1.0,15,9,2,0,2,0,0,0
2026-08-03T19:10:37.921906,99587.4,14624.3,9,BULLISH,1.0,15,9,2,0,2,0,0,0
2026-08-03T19:12:38.010333,99583.76,14624.3,9,BULLISH,1.0,15,8,2,0,2,0,0,0
2026-08-03T19:14:34.982929,99604.76,14624.3,9,BULLISH,1.0,15,8,1,1,0,0,0,0
2026-08-03T19:16:46.968020,99645.87,10123.38,10,BULLISH,1.0,14,7,2,0,2,0,0,0
2026-08-03T19:18:33.873179,99642.04,10123.38,10,BULLISH,1.0,14,7,2,0,2,0,0,0
2026-08-03T19:19:54.137764,99620.39,10123.38,10,BULLISH,1.0,14,7,2,0,2,0,0,0
2026-08-03T19:20:50.430194,99632.4,10123.38,10,BULLISH,1.0,14,7,2,0,2,0,0,0
2026-08-03T19:22:28.046282,99605.48,10123.38,10,BULLISH,1.0,14,7,2,0,2,0,0,0
2026-08-03T19:24:38.560634,99652.01,10123.38,10,BULLISH,1.0,14,7,2,0,2,0,0,0
2026-08-03T19:26:33.676288,99683.89,10123.38,10,BULLISH,1.0,14,7,2,0,2,0,0,0
2026-08-03T19:28:26.591474,99668.38,10123.38,10,BULLISH,1.0,14,7,2,0,2,0,0,0
2026-08-03T19:30:55.624634,99656.11,10123.38,10,BULLISH,1.0,14,7,2,0,2,0,0,0
2026-08-03T19:32:38.115146,99657.18,10123.38,10,BULLISH,1.0,14,7,3,0,3,0,0,0
2026-08-03T19:34:42.248747,99608.27,10123.38,10,BULLISH,1.0,15,8,4,0,4,0,0,0
2026-08-03T19:36:31.979371,99634.19,10123.38,10,BULLISH,1.0,14,7,3,0,3,0,0,0
2026-08-03T19:38:27.467840,99609.21,10123.38,10,BULLISH,1.0,14,7,3,0,3,0,0,0
2026-08-03T19:40:39.378393,99601.6,10123.38,10,BULLISH,1.0,14,7,4,0,4,0,0,0
2026-08-03T19:42:51.817305,99615.32,10123.38,10,BULLISH,1.0,14,7,4,0,4,0,0,0
2026-08-03T19:46:35.748749,99575.14,10123.38,10,BULLISH,1.0,14,7,4,0,4,0,0,0
2026-08-03T19:48:38.909405,99552.16,10123.38,10,BULLISH,1.0,14,7,4,0,4,0,0,0
2026-08-03T19:50:36.185831,99548.03,10123.38,10,BULLISH,1.0,15,7,4,0,4,0,0,0
2026-08-03T19:52:34.726677,99559.42,10123.38,10,BULLISH,1.0,14,8,4,0,4,0,0,0
2026-08-03T19:54:33.021962,99548.02,10123.38,10,BULLISH,1.0,14,8,4,0,4,0,0,0
2026-08-03T19:56:38.742697,99552.85,10123.38,10,BULLISH,1.0,14,8,5,0,5,0,0,0
2026-08-03T19:58:40.822939,99512.57,10123.38,10,BULLISH,1.0,14,8,6,0,6,0,0,0
2026-08-03T20:00:37.851953,99523.42,10123.38,10,BULLISH,1.0,14,8,8,0,8,0,0,0
2026-08-03T20:02:31.372385,99515.31,10123.38,10,BULLISH,1.0,14,8,8,0,8,0,0,0
2026-08-03T20:04:25.047986,99511.27,10123.38,10,BULLISH,1.0,14,8,8,0,8,0,0,0
2026-08-03T20:06:28.101399,99504.99,10123.38,10,BULLISH,1.0,14,8,8,0,8,0,0,0
2026-08-03T20:08:41.601694,99492.95,10123.38,10,BULLISH,1.0,14,8,8,0,8,0,0,0
2026-08-03T20:10:31.328164,99514.59,10123.38,10,BULLISH,1.0,14,8,8,0,8,0,0,0
2026-08-03T20:12:29.371856,99512.62,10123.38,10,BULLISH,1.0,14,8,8,0,8,0,0,0
2026-08-03T20:14:26.763469,99471.94,10123.38,10,BULLISH,1.0,14,8,8,0,8,0,0,0
2026-08-03T20:16:34.519951,99498.62,10123.38,10,BULLISH,1.0,14,8,8,0,8,0,0,0
